parameter_name,2010,185.3
irradiance,2010,181.2
irradiance,2010,177.1
irradiance,2010,173
irradiance,2010,168.8
irradiance,2010,164.7
irradiance,2010,160.6
irradiance,2010,156.5
irradiance,2010,152.4
irradiance,2010,189.4
irradiance,2010,185.3
irradiance,2010,181.2
irradiance,2010,177.1
irradiance,2010,173
irradiance,2010,168.8
irradiance,2010,164.7
irradiance,2010,160.6
irradiance,2010,156.5
irradiance,2010,152.4
irradiance,2010,148.3
irradiance,2010,185.3
irradiance,2010,181.2
irradiance,2010,177.1
irradiance,2010,173
irradiance,2010,168.8
irradiance,2010,164.7
irradiance,2010,160.6
irradiance,2010,156.5
irradiance,2010,152.4
irradiance,2010,148.3
irradiance,2010,185.3
irradiance,2010,181.2
irradiance,2010,177.1
irradiance,2010,173
irradiance,2010,168.8
irradiance,2010,164.7
irradiance,2010,160.6
irradiance,2010,156.5
irradiance,2010,152.4
irradiance,2010,148.3
irradiance,2010,144.2
irradiance,2010,185.3
irradiance,2010,181.2
irradiance,2010,177.1
irradiance,2010,173
irradiance,2010,168.8
irradiance,2010,164.7
irradiance,2010,160.6
irradiance,2010,156.5
irradiance,2010,152.4
irradiance,2010,148.3
irradiance,2010,144.2
irradiance,2010,181.2
irradiance,2010,177.1
irradiance,2010,173
irradiance,2010,168.8
irradiance,2010,164.7
irradiance,2010,160.6
irradiance,2010,156.5
irradiance,2010,152.4
irradiance,2010,148.3
irradiance,2010,144.2
irradiance,2010,181.2
irradiance,2010,177.1
irradiance,2010,173
irradiance,2010,168.8
irradiance,2010,164.7
irradiance,2010,160.6
irradiance,2010,156.5
irradiance,2010,152.4
irradiance,2010,148.3
irradiance,2010,144.2
irradiance,2010,140
irradiance,2010,177.1
irradiance,2010,173
irradiance,2010,168.8
irradiance,2010,164.7
irradiance,2010,160.6
irradiance,2010,156.5
irradiance,2010,152.4
irradiance,2010,148.3
irradiance,2010,144.2
irradiance,2010,140
irradiance,2010,177.1
irradiance,2010,173
irradiance,2010,168.8
irradiance,2010,164.7
irradiance,2010,160.6
irradiance,2010,156.5
irradiance,2010,152.4
irradiance,2010,148.3
irradiance,2010,144.2
irradiance,2010,140
irradiance,2010,135.9
irradiance,2010,173
irradiance,2010,168.8
irradiance,2010,164.7
irradiance,2010,160.6
irradiance,2010,156.5
irradiance,2010,152.4
irradiance,2010,148.3
irradiance,2010,144.2
irradiance,2010,140
irradiance,2010,135.9
irradiance,2010,173
irradiance,2010,168.8
irradiance,2010,164.7
irradiance,2010,160.6
irradiance,2010,156.5
irradiance,2010,152.4
irradiance,2010,148.3
irradiance,2010,144.2
irradiance,2010,140
irradiance,2010,135.9
irradiance,2010,131.8
irradiance,2010,168.8
irradiance,2010,164.7
irradiance,2010,160.6
irradiance,2010,156.5
irradiance,2010,152.4
irradiance,2010,148.3
irradiance,2010,144.2
irradiance,2010,140
irradiance,2010,135.9
irradiance,2010,131.8
irradiance,2010,168.8
irradiance,2010,164.7
irradiance,2010,160.6
irradiance,2010,156.5
irradiance,2010,152.4
irradiance,2010,148.3
irradiance,2010,144.2
irradiance,2010,140
irradiance,2010,135.9
irradiance,2010,131.8
irradiance,2010,164.7
irradiance,2010,160.6
irradiance,2010,156.5
irradiance,2010,152.4
irradiance,2010,148.3
irradiance,2010,144.2
irradiance,2010,140
irradiance,2010,135.9
irradiance,2010,131.8
irradiance,2010,127.7
irradiance,2010,164.7
irradiance,2010,160.6
irradiance,2010,156.5
irradiance,2010,152.4
irradiance,2010,148.3
irradiance,2010,144.2
irradiance,2010,140
irradiance,2010,135.9
irradiance,2010,131.8
irradiance,2010,127.7
irradiance,2010,164.7
irradiance,2010,160.6
irradiance,2010,156.5
irradiance,2010,152.4
irradiance,2010,148.3
irradiance,2010,144.2
irradiance,2010,140
irradiance,2010,135.9
irradiance,2010,131.8
irradiance,2010,160.6
irradiance,2010,156.5
irradiance,2010,152.4
irradiance,2010,148.3
irradiance,2010,144.2
irradiance,2010,140
irradiance,2010,135.9
irradiance,2010,131.8
irradiance,2010,156.5
irradiance,2010,152.4
irradiance,2010,148.3
irradiance,2010,144.2
irradiance,2010,140
irradiance,2010,135.9
irradiance,2011,123.6
irradiance,2011,119.5
irradiance,2011,115.4
irradiance,2011,111.2
irradiance,2011,107.1
irradiance,2011,127.7
irradiance,2011,123.6
irradiance,2011,119.5
irradiance,2011,115.4
irradiance,2011,111.2
irradiance,2011,107.1
irradiance,2011,103
irradiance,2011,131.8
irradiance,2011,127.7
irradiance,2011,123.6
irradiance,2011,119.5
irradiance,2011,115.4
irradiance,2011,111.2
irradiance,2011,107.1
irradiance,2011,103
irradiance,2011,98.9
irradiance,2011,135.9
irradiance,2011,131.8
irradiance,2011,127.7
irradiance,2011,123.6
irradiance,2011,119.5
irradiance,2011,115.4
irradiance,2011,111.2
irradiance,2011,107.1
irradiance,2011,103
irradiance,2011,98.9
irradiance,2011,135.9
irradiance,2011,131.8
irradiance,2011,127.7
irradiance,2011,123.6
irradiance,2011,119.5
irradiance,2011,115.4
irradiance,2011,111.2
irradiance,2011,107.1
irradiance,2011,103
irradiance,2011,98.9
irradiance,2011,140
irradiance,2011,135.9
irradiance,2011,131.8
irradiance,2011,127.7
irradiance,2011,123.6
irradiance,2011,119.5
irradiance,2011,115.4
irradiance,2011,111.2
irradiance,2011,107.1
irradiance,2011,103
irradiance,2011,98.9
irradiance,2011,140
irradiance,2011,135.9
irradiance,2011,131.8
irradiance,2011,127.7
irradiance,2011,123.6
irradiance,2011,119.5
irradiance,2011,115.4
irradiance,2011,111.2
irradiance,2011,107.1
irradiance,2011,103
irradiance,2011,98.9
irradiance,2011,144.2
irradiance,2011,140
irradiance,2011,135.9
irradiance,2011,131.8
irradiance,2011,127.7
irradiance,2011,123.6
irradiance,2011,119.5
irradiance,2011,115.4
irradiance,2011,111.2
irradiance,2011,107.1
irradiance,2011,103
irradiance,2011,148.3
irradiance,2011,144.2
irradiance,2011,140
irradiance,2011,135.9
irradiance,2011,131.8
irradiance,2011,127.7
irradiance,2011,123.6
irradiance,2011,119.5
irradiance,2011,115.4
irradiance,2011,111.2
irradiance,2011,107.1
irradiance,2011,103
irradiance,2011,148.3
irradiance,2011,144.2
irradiance,2011,140
irradiance,2011,135.9
irradiance,2011,131.8
irradiance,2011,127.7
irradiance,2011,123.6
irradiance,2011,119.5
irradiance,2011,115.4
irradiance,2011,111.2
irradiance,2011,107.1
irradiance,2011,152.4
irradiance,2011,148.3
irradiance,2011,144.2
irradiance,2011,140
irradiance,2011,135.9
irradiance,2011,131.8
irradiance,2011,127.7
irradiance,2011,123.6
irradiance,2011,119.5
irradiance,2011,115.4
irradiance,2011,111.2
irradiance,2011,156.5
irradiance,2011,152.4
irradiance,2011,148.3
irradiance,2011,144.2
irradiance,2011,140
irradiance,2011,135.9
irradiance,2011,131.8
irradiance,2011,127.7
irradiance,2011,123.6
irradiance,2011,119.5
irradiance,2011,115.4
irradiance,2011,111.2
irradiance,2011,156.5
irradiance,2011,152.4
irradiance,2011,148.3
irradiance,2011,144.2
irradiance,2011,140
irradiance,2011,135.9
irradiance,2011,131.8
irradiance,2011,127.7
irradiance,2011,123.6
irradiance,2011,119.5
irradiance,2011,115.4
irradiance,2011,160.6
irradiance,2011,156.5
irradiance,2011,152.4
irradiance,2011,148.3
irradiance,2011,144.2
irradiance,2011,140
irradiance,2011,135.9
irradiance,2011,131.8
irradiance,2011,127.7
irradiance,2011,123.6
irradiance,2011,119.5
irradiance,2011,164.7
irradiance,2011,160.6
irradiance,2011,156.5
irradiance,2011,152.4
irradiance,2011,148.3
irradiance,2011,144.2
irradiance,2011,140
irradiance,2011,135.9
irradiance,2011,131.8
irradiance,2011,127.7
irradiance,2011,123.6
irradiance,2011,119.5
irradiance,2011,168.8
irradiance,2011,164.7
irradiance,2011,160.6
irradiance,2011,156.5
irradiance,2011,152.4
irradiance,2011,148.3
irradiance,2011,144.2
irradiance,2011,140
irradiance,2011,135.9
irradiance,2011,131.8
irradiance,2011,127.7
irradiance,2011,123.6
irradiance,2011,173
irradiance,2011,168.8
irradiance,2011,164.7
irradiance,2011,160.6
irradiance,2011,156.5
irradiance,2011,152.4
irradiance,2011,148.3
irradiance,2011,144.2
irradiance,2011,140
irradiance,2011,135.9
irradiance,2011,131.8
irradiance,2011,127.7
irradiance,2011,177.1
irradiance,2011,173
irradiance,2011,168.8
irradiance,2011,164.7
irradiance,2011,160.6
irradiance,2011,156.5
irradiance,2011,152.4
irradiance,2011,148.3
irradiance,2011,144.2
irradiance,2011,140
irradiance,2011,135.9
irradiance,2011,131.8
irradiance,2011,127.7
irradiance,2011,185.3
irradiance,2011,181.2
irradiance,2011,177.1
irradiance,2011,173
irradiance,2011,168.8
irradiance,2011,164.7
irradiance,2011,160.6
irradiance,2011,156.5
irradiance,2011,152.4
irradiance,2011,148.3
irradiance,2011,144.2
irradiance,2011,140
irradiance,2011,135.9
irradiance,2011,131.8
irradiance,2011,189.4
irradiance,2011,185.3
irradiance,2011,181.2
irradiance,2011,177.1
irradiance,2011,173
irradiance,2011,168.8
irradiance,2011,164.7
irradiance,2011,160.6
irradiance,2011,156.5
irradiance,2011,152.4
irradiance,2011,148.3
irradiance,2011,144.2
irradiance,2011,140
irradiance,2011,135.9
irradiance,2011,131.8
irradiance,2011,193.5
irradiance,2011,189.4
irradiance,2011,185.3
irradiance,2011,181.2
irradiance,2011,177.1
irradiance,2011,173
irradiance,2011,168.8
irradiance,2011,164.7
irradiance,2011,160.6
irradiance,2011,156.5
irradiance,2011,152.4
irradiance,2011,148.3
irradiance,2011,144.2
irradiance,2011,140
irradiance,2011,135.9
irradiance,2011,197.6
irradiance,2011,193.5
irradiance,2011,189.4
irradiance,2011,185.3
irradiance,2011,181.2
irradiance,2011,177.1
irradiance,2011,173
irradiance,2011,168.8
irradiance,2011,164.7
irradiance,2011,160.6
irradiance,2011,156.5
irradiance,2011,152.4
irradiance,2011,148.3
irradiance,2011,144.2
irradiance,2011,140
irradiance,2011,201.8
irradiance,2011,197.6
irradiance,2011,193.5
irradiance,2011,189.4
irradiance,2011,185.3
irradiance,2011,181.2
irradiance,2011,177.1
irradiance,2011,173
irradiance,2011,168.8
irradiance,2011,164.7
irradiance,2011,160.6
irradiance,2011,156.5
irradiance,2011,152.4
irradiance,2011,148.3
irradiance,2011,144.2
irradiance,2011,205.9
irradiance,2011,201.8
irradiance,2011,197.6
irradiance,2011,193.5
irradiance,2011,189.4
irradiance,2011,185.3
irradiance,2011,181.2
irradiance,2011,177.1
irradiance,2011,173
irradiance,2011,168.8
irradiance,2011,164.7
irradiance,2011,160.6
irradiance,2011,156.5
irradiance,2011,152.4
irradiance,2011,214.1
irradiance,2011,210
irradiance,2011,205.9
irradiance,2011,201.8
irradiance,2011,197.6
irradiance,2011,193.5
irradiance,2011,189.4
irradiance,2011,185.3
irradiance,2011,181.2
irradiance,2011,177.1
irradiance,2011,173
irradiance,2011,168.8
irradiance,2011,164.7
irradiance,2011,160.6
irradiance,2011,156.5
irradiance,2011,218.2
irradiance,2011,214.1
irradiance,2011,210
irradiance,2011,205.9
irradiance,2011,201.8
irradiance,2011,197.6
irradiance,2011,193.5
irradiance,2011,189.4
irradiance,2011,185.3
irradiance,2011,181.2
irradiance,2011,177.1
irradiance,2011,173
irradiance,2011,168.8
irradiance,2011,164.7
irradiance,2011,160.6
irradiance,2011,222.3
irradiance,2011,218.2
irradiance,2011,214.1
irradiance,2011,210
irradiance,2011,205.9
irradiance,2011,201.8
irradiance,2011,197.6
irradiance,2011,193.5
irradiance,2011,189.4
irradiance,2011,185.3
irradiance,2011,181.2
irradiance,2011,177.1
irradiance,2011,173
irradiance,2011,168.8
irradiance,2011,164.7
irradiance,2011,226.4
irradiance,2011,222.3
irradiance,2011,218.2
irradiance,2011,214.1
irradiance,2011,210
irradiance,2011,205.9
irradiance,2011,201.8
irradiance,2011,197.6
irradiance,2011,193.5
irradiance,2011,189.4
irradiance,2011,185.3
irradiance,2011,181.2
irradiance,2011,177.1
irradiance,2011,173
irradiance,2011,168.8
irradiance,2011,230.6
irradiance,2011,226.4
irradiance,2011,222.3
irradiance,2011,218.2
irradiance,2011,214.1
irradiance,2011,210
irradiance,2011,205.9
irradiance,2011,201.8
irradiance,2011,197.6
irradiance,2011,193.5
irradiance,2011,189.4
irradiance,2011,185.3
irradiance,2011,181.2
irradiance,2011,177.1
irradiance,2011,230.6
irradiance,2011,226.4
irradiance,2011,222.3
irradiance,2011,218.2
irradiance,2011,214.1
irradiance,2011,210
irradiance,2011,205.9
irradiance,2011,201.8
irradiance,2011,197.6
irradiance,2011,193.5
irradiance,2011,189.4
irradiance,2011,185.3
irradiance,2011,181.2
irradiance,2011,230.6
irradiance,2011,226.4
irradiance,2011,222.3
irradiance,2011,218.2
irradiance,2011,214.1
irradiance,2011,210
irradiance,2011,205.9
irradiance,2011,201.8
irradiance,2011,197.6
irradiance,2011,193.5
irradiance,2011,189.4
irradiance,2011,185.3
irradiance,2011,230.6
irradiance,2011,226.4
irradiance,2011,222.3
irradiance,2011,218.2
irradiance,2011,214.1
irradiance,2011,210
irradiance,2011,205.9
irradiance,2011,201.8
irradiance,2011,197.6
irradiance,2011,193.5
irradiance,2011,189.4
irradiance,2011,226.4
irradiance,2011,222.3
irradiance,2011,218.2
irradiance,2011,214.1
irradiance,2011,210
irradiance,2011,205.9
irradiance,2011,201.8
irradiance,2011,197.6
irradiance,2011,193.5
irradiance,2011,189.4
irradiance,2011,226.4
irradiance,2011,222.3
irradiance,2011,218.2
irradiance,2011,214.1
irradiance,2011,210
irradiance,2011,205.9
irradiance,2011,201.8
irradiance,2011,197.6
irradiance,2011,193.5
irradiance,2011,189.4
irradiance,2011,185.3
irradiance,2011,222.3
irradiance,2011,218.2
irradiance,2011,214.1
irradiance,2011,210
irradiance,2011,205.9
irradiance,2011,201.8
irradiance,2011,197.6
irradiance,2011,193.5
irradiance,2011,189.4
irradiance,2011,185.3
irradiance,2011,222.3
irradiance,2011,218.2
irradiance,2011,214.1
irradiance,2011,210
irradiance,2011,205.9
irradiance,2011,201.8
irradiance,2011,197.6
irradiance,2011,193.5
irradiance,2011,189.4
irradiance,2011,185.3
irradiance,2011,222.3
irradiance,2011,218.2
irradiance,2011,214.1
irradiance,2011,210
irradiance,2011,205.9
irradiance,2011,201.8
irradiance,2011,197.6
irradiance,2011,193.5
irradiance,2011,189.4
irradiance,2011,185.3
irradiance,2011,181.2
irradiance,2011,218.2
irradiance,2011,214.1
irradiance,2011,210
irradiance,2011,205.9
irradiance,2011,201.8
irradiance,2011,197.6
irradiance,2011,193.5
irradiance,2011,189.4
irradiance,2011,185.3
irradiance,2011,181.2
irradiance,2011,218.2
irradiance,2011,214.1
irradiance,2011,210
irradiance,2011,205.9
irradiance,2011,201.8
irradiance,2011,197.6
irradiance,2011,193.5
irradiance,2011,189.4
irradiance,2011,185.3
irradiance,2011,181.2
irradiance,2011,177.1
irradiance,2011,214.1
irradiance,2011,210
irradiance,2011,205.9
irradiance,2011,201.8
irradiance,2011,197.6
irradiance,2011,193.5
irradiance,2011,189.4
irradiance,2011,185.3
irradiance,2011,181.2
irradiance,2011,177.1
irradiance,2011,214.1
irradiance,2011,210
irradiance,2011,205.9
irradiance,2011,201.8
irradiance,2011,197.6
irradiance,2011,193.5
irradiance,2011,189.4
irradiance,2011,185.3
irradiance,2011,181.2
irradiance,2011,177.1
irradiance,2011,173
irradiance,2011,210
irradiance,2011,205.9
irradiance,2011,201.8
irradiance,2011,197.6
irradiance,2011,193.5
irradiance,2011,189.4
irradiance,2011,185.3
irradiance,2011,181.2
irradiance,2011,177.1
irradiance,2011,173
irradiance,2011,210
irradiance,2011,205.9
irradiance,2011,201.8
irradiance,2011,197.6
irradiance,2011,193.5
irradiance,2011,189.4
irradiance,2011,185.3
irradiance,2011,181.2
irradiance,2011,177.1
irradiance,2011,173
irradiance,2011,210
irradiance,2011,205.9
irradiance,2011,201.8
irradiance,2011,197.6
irradiance,2011,193.5
irradiance,2011,189.4
irradiance,2011,185.3
irradiance,2011,181.2
irradiance,2011,177.1
irradiance,2011,173
irradiance,2011,168.8
irradiance,2011,214.1
irradiance,2011,210
irradiance,2011,205.9
irradiance,2011,201.8
irradiance,2011,197.6
irradiance,2011,193.5
irradiance,2011,189.4
irradiance,2011,185.3
irradiance,2011,181.2
irradiance,2011,177.1
irradiance,2011,173
irradiance,2011,214.1
irradiance,2011,210
irradiance,2011,205.9
irradiance,2011,201.8
irradiance,2011,197.6
irradiance,2011,193.5
irradiance,2011,189.4
irradiance,2011,185.3
irradiance,2011,181.2
irradiance,2011,177.1
irradiance,2011,173
irradiance,2011,218.2
irradiance,2011,214.1
irradiance,2011,210
irradiance,2011,205.9
irradiance,2011,201.8
irradiance,2011,197.6
irradiance,2011,193.5
irradiance,2011,189.4
irradiance,2011,185.3
irradiance,2011,181.2
irradiance,2011,177.1
irradiance,2011,218.2
irradiance,2011,214.1
irradiance,2011,210
irradiance,2011,205.9
irradiance,2011,201.8
irradiance,2011,197.6
irradiance,2011,193.5
irradiance,2011,189.4
irradiance,2011,185.3
irradiance,2011,181.2
irradiance,2011,177.1
irradiance,2011,222.3
irradiance,2011,218.2
irradiance,2011,214.1
irradiance,2011,210
irradiance,2011,205.9
irradiance,2011,201.8
irradiance,2011,197.6
irradiance,2011,193.5
irradiance,2011,189.4
irradiance,2011,185.3
irradiance,2011,181.2
irradiance,2011,226.4
irradiance,2011,222.3
irradiance,2011,218.2
irradiance,2011,214.1
irradiance,2011,210
irradiance,2011,205.9
irradiance,2011,201.8
irradiance,2011,197.6
irradiance,2011,193.5
irradiance,2011,189.4
irradiance,2011,185.3
irradiance,2011,181.2
irradiance,2011,226.4
irradiance,2011,222.3
irradiance,2011,218.2
irradiance,2011,214.1
irradiance,2011,210
irradiance,2011,205.9
irradiance,2011,201.8
irradiance,2011,197.6
irradiance,2011,193.5
irradiance,2011,189.4
irradiance,2011,185.3
irradiance,2011,230.6
irradiance,2011,226.4
irradiance,2011,222.3
irradiance,2011,218.2
irradiance,2011,214.1
irradiance,2011,210
irradiance,2011,205.9
irradiance,2011,201.8
irradiance,2011,197.6
irradiance,2011,193.5
irradiance,2011,189.4
irradiance,2011,234.7
irradiance,2011,230.6
irradiance,2011,226.4
irradiance,2011,222.3
irradiance,2011,218.2
irradiance,2011,214.1
irradiance,2011,210
irradiance,2011,205.9
irradiance,2011,201.8
irradiance,2011,197.6
irradiance,2011,193.5
irradiance,2011,189.4
irradiance,2011,234.7
irradiance,2011,230.6
irradiance,2011,226.4
irradiance,2011,222.3
irradiance,2011,218.2
irradiance,2011,214.1
irradiance,2011,210
irradiance,2011,205.9
irradiance,2011,201.8
irradiance,2011,197.6
irradiance,2011,193.5
irradiance,2011,238.8
irradiance,2011,234.7
irradiance,2011,230.6
irradiance,2011,226.4
irradiance,2011,222.3
irradiance,2011,218.2
irradiance,2011,214.1
irradiance,2011,210
irradiance,2011,205.9
irradiance,2011,201.8
irradiance,2011,197.6
irradiance,2011,238.8
irradiance,2011,234.7
irradiance,2011,230.6
irradiance,2011,226.4
irradiance,2011,222.3
irradiance,2011,218.2
irradiance,2011,214.1
irradiance,2011,210
irradiance,2011,205.9
irradiance,2011,201.8
irradiance,2011,197.6
irradiance,2011,238.8
irradiance,2011,234.7
irradiance,2011,230.6
irradiance,2011,226.4
irradiance,2011,222.3
irradiance,2011,218.2
irradiance,2011,214.1
irradiance,2011,210
irradiance,2011,205.9
irradiance,2011,201.8
irradiance,2011,238.8
irradiance,2011,234.7
irradiance,2011,230.6
irradiance,2011,226.4
irradiance,2011,222.3
irradiance,2011,218.2
irradiance,2011,214.1
irradiance,2011,210
irradiance,2011,205.9
irradiance,2011,234.7
irradiance,2011,230.6
irradiance,2011,226.4
irradiance,2011,222.3
irradiance,2011,218.2
irradiance,2011,214.1
irradiance,2011,210
irradiance,2011,205.9
irradiance,2011,230.6
irradiance,2011,226.4
irradiance,2011,222.3
irradiance,2011,218.2
irradiance,2011,214.1
irradiance,2011,210
irradiance,2011,222.3
irradiance,2011,218.2
irradiance,2012,164.7
irradiance,2012,160.6
irradiance,2012,156.5
irradiance,2012,152.4
irradiance,2012,148.3
irradiance,2012,144.2
irradiance,2012,164.7
irradiance,2012,160.6
irradiance,2012,156.5
irradiance,2012,152.4
irradiance,2012,148.3
irradiance,2012,144.2
irradiance,2012,140
irradiance,2012,168.8
irradiance,2012,164.7
irradiance,2012,160.6
irradiance,2012,156.5
irradiance,2012,152.4
irradiance,2012,148.3
irradiance,2012,144.2
irradiance,2012,140
irradiance,2012,168.8
irradiance,2012,164.7
irradiance,2012,160.6
irradiance,2012,156.5
irradiance,2012,152.4
irradiance,2012,148.3
irradiance,2012,144.2
irradiance,2012,140
irradiance,2012,135.9
irradiance,2012,173
irradiance,2012,168.8
irradiance,2012,164.7
irradiance,2012,160.6
irradiance,2012,156.5
irradiance,2012,152.4
irradiance,2012,148.3
irradiance,2012,144.2
irradiance,2012,140
irradiance,2012,135.9
irradiance,2012,173
irradiance,2012,168.8
irradiance,2012,164.7
irradiance,2012,160.6
irradiance,2012,156.5
irradiance,2012,152.4
irradiance,2012,148.3
irradiance,2012,144.2
irradiance,2012,140
irradiance,2012,135.9
irradiance,2012,173
irradiance,2012,168.8
irradiance,2012,164.7
irradiance,2012,160.6
irradiance,2012,156.5
irradiance,2012,152.4
irradiance,2012,148.3
irradiance,2012,144.2
irradiance,2012,140
irradiance,2012,135.9
irradiance,2012,173
irradiance,2012,168.8
irradiance,2012,164.7
irradiance,2012,160.6
irradiance,2012,156.5
irradiance,2012,152.4
irradiance,2012,148.3
irradiance,2012,144.2
irradiance,2012,140
irradiance,2012,135.9
irradiance,2012,173
irradiance,2012,168.8
irradiance,2012,164.7
irradiance,2012,160.6
irradiance,2012,156.5
irradiance,2012,152.4
irradiance,2012,148.3
irradiance,2012,144.2
irradiance,2012,140
irradiance,2012,135.9
irradiance,2012,173
irradiance,2012,168.8
irradiance,2012,164.7
irradiance,2012,160.6
irradiance,2012,156.5
irradiance,2012,152.4
irradiance,2012,148.3
irradiance,2012,144.2
irradiance,2012,140
irradiance,2012,135.9
irradiance,2012,173
irradiance,2012,168.8
irradiance,2012,164.7
irradiance,2012,160.6
irradiance,2012,156.5
irradiance,2012,152.4
irradiance,2012,148.3
irradiance,2012,144.2
irradiance,2012,140
irradiance,2012,135.9
irradiance,2012,173
irradiance,2012,168.8
irradiance,2012,164.7
irradiance,2012,160.6
irradiance,2012,156.5
irradiance,2012,152.4
irradiance,2012,148.3
irradiance,2012,144.2
irradiance,2012,140
irradiance,2012,135.9
irradiance,2012,173
irradiance,2012,168.8
irradiance,2012,164.7
irradiance,2012,160.6
irradiance,2012,156.5
irradiance,2012,152.4
irradiance,2012,148.3
irradiance,2012,144.2
irradiance,2012,140
irradiance,2012,173
irradiance,2012,168.8
irradiance,2012,164.7
irradiance,2012,160.6
irradiance,2012,156.5
irradiance,2012,152.4
irradiance,2012,148.3
irradiance,2012,144.2
irradiance,2012,140
irradiance,2012,173
irradiance,2012,168.8
irradiance,2012,164.7
irradiance,2012,160.6
irradiance,2012,156.5
irradiance,2012,152.4
irradiance,2012,148.3
irradiance,2012,144.2
irradiance,2012,140
irradiance,2012,173
irradiance,2012,168.8
irradiance,2012,164.7
irradiance,2012,160.6
irradiance,2012,156.5
irradiance,2012,152.4
irradiance,2012,148.3
irradiance,2012,144.2
irradiance,2012,140
irradiance,2012,173
irradiance,2012,168.8
irradiance,2012,164.7
irradiance,2012,160.6
irradiance,2012,156.5
irradiance,2012,152.4
irradiance,2012,148.3
irradiance,2012,144.2
irradiance,2012,140
irradiance,2012,177.1
irradiance,2012,173
irradiance,2012,168.8
irradiance,2012,164.7
irradiance,2012,160.6
irradiance,2012,156.5
irradiance,2012,152.4
irradiance,2012,148.3
irradiance,2012,144.2
irradiance,2012,140
irradiance,2012,177.1
irradiance,2012,173
irradiance,2012,168.8
irradiance,2012,164.7
irradiance,2012,160.6
irradiance,2012,156.5
irradiance,2012,152.4
irradiance,2012,148.3
irradiance,2012,144.2
irradiance,2012,140
irradiance,2012,177.1
irradiance,2012,173
irradiance,2012,168.8
irradiance,2012,164.7
irradiance,2012,160.6
irradiance,2012,156.5
irradiance,2012,152.4
irradiance,2012,148.3
irradiance,2012,144.2
irradiance,2012,140
irradiance,2012,177.1
irradiance,2012,173
irradiance,2012,168.8
irradiance,2012,164.7
irradiance,2012,160.6
irradiance,2012,156.5
irradiance,2012,152.4
irradiance,2012,148.3
irradiance,2012,144.2
irradiance,2012,140
irradiance,2012,177.1
irradiance,2012,173
irradiance,2012,168.8
irradiance,2012,164.7
irradiance,2012,160.6
irradiance,2012,156.5
irradiance,2012,152.4
irradiance,2012,148.3
irradiance,2012,144.2
irradiance,2012,177.1
irradiance,2012,173
irradiance,2012,168.8
irradiance,2012,164.7
irradiance,2012,160.6
irradiance,2012,156.5
irradiance,2012,152.4
irradiance,2012,148.3
irradiance,2012,144.2
irradiance,2012,181.2
irradiance,2012,177.1
irradiance,2012,173
irradiance,2012,168.8
irradiance,2012,164.7
irradiance,2012,160.6
irradiance,2012,156.5
irradiance,2012,152.4
irradiance,2012,148.3
irradiance,2012,144.2
irradiance,2012,181.2
irradiance,2012,177.1
irradiance,2012,173
irradiance,2012,168.8
irradiance,2012,164.7
irradiance,2012,160.6
irradiance,2012,156.5
irradiance,2012,152.4
irradiance,2012,148.3
irradiance,2012,144.2
irradiance,2012,181.2
irradiance,2012,177.1
irradiance,2012,173
irradiance,2012,168.8
irradiance,2012,164.7
irradiance,2012,160.6
irradiance,2012,156.5
irradiance,2012,152.4
irradiance,2012,148.3
irradiance,2012,144.2
irradiance,2012,181.2
irradiance,2012,177.1
irradiance,2012,173
irradiance,2012,168.8
irradiance,2012,164.7
irradiance,2012,160.6
irradiance,2012,156.5
irradiance,2012,152.4
irradiance,2012,148.3
irradiance,2012,144.2
irradiance,2012,181.2
irradiance,2012,177.1
irradiance,2012,173
irradiance,2012,168.8
irradiance,2012,164.7
irradiance,2012,160.6
irradiance,2012,156.5
irradiance,2012,152.4
irradiance,2012,148.3
irradiance,2012,181.2
irradiance,2012,177.1
irradiance,2012,173
irradiance,2012,168.8
irradiance,2012,164.7
irradiance,2012,160.6
irradiance,2012,156.5
irradiance,2012,152.4
irradiance,2012,148.3
irradiance,2012,185.3
irradiance,2012,181.2
irradiance,2012,177.1
irradiance,2012,173
irradiance,2012,168.8
irradiance,2012,164.7
irradiance,2012,160.6
irradiance,2012,156.5
irradiance,2012,152.4
irradiance,2012,148.3
irradiance,2012,185.3
irradiance,2012,181.2
irradiance,2012,177.1
irradiance,2012,173
irradiance,2012,168.8
irradiance,2012,164.7
irradiance,2012,160.6
irradiance,2012,156.5
irradiance,2012,152.4
irradiance,2012,148.3
irradiance,2012,181.2
irradiance,2012,177.1
irradiance,2012,173
irradiance,2012,168.8
irradiance,2012,164.7
irradiance,2012,160.6
irradiance,2012,156.5
irradiance,2012,152.4
irradiance,2012,148.3
irradiance,2012,181.2
irradiance,2012,177.1
irradiance,2012,173
irradiance,2012,168.8
irradiance,2012,164.7
irradiance,2012,160.6
irradiance,2012,156.5
irradiance,2012,152.4
irradiance,2012,148.3
irradiance,2012,181.2
irradiance,2012,177.1
irradiance,2012,173
irradiance,2012,168.8
irradiance,2012,164.7
irradiance,2012,160.6
irradiance,2012,156.5
irradiance,2012,152.4
irradiance,2012,148.3
irradiance,2012,181.2
irradiance,2012,177.1
irradiance,2012,173
irradiance,2012,168.8
irradiance,2012,164.7
irradiance,2012,160.6
irradiance,2012,156.5
irradiance,2012,152.4
irradiance,2012,148.3
irradiance,2012,144.2
irradiance,2012,181.2
irradiance,2012,177.1
irradiance,2012,173
irradiance,2012,168.8
irradiance,2012,164.7
irradiance,2012,160.6
irradiance,2012,156.5
irradiance,2012,152.4
irradiance,2012,148.3
irradiance,2012,144.2
irradiance,2012,181.2
irradiance,2012,177.1
irradiance,2012,173
irradiance,2012,168.8
irradiance,2012,164.7
irradiance,2012,160.6
irradiance,2012,156.5
irradiance,2012,152.4
irradiance,2012,148.3
irradiance,2012,144.2
irradiance,2012,181.2
irradiance,2012,177.1
irradiance,2012,173
irradiance,2012,168.8
irradiance,2012,164.7
irradiance,2012,160.6
irradiance,2012,156.5
irradiance,2012,152.4
irradiance,2012,148.3
irradiance,2012,144.2
irradiance,2012,177.1
irradiance,2012,173
irradiance,2012,168.8
irradiance,2012,164.7
irradiance,2012,160.6
irradiance,2012,156.5
irradiance,2012,152.4
irradiance,2012,148.3
irradiance,2012,144.2
irradiance,2012,177.1
irradiance,2012,173
irradiance,2012,168.8
irradiance,2012,164.7
irradiance,2012,160.6
irradiance,2012,156.5
irradiance,2012,152.4
irradiance,2012,148.3
irradiance,2012,144.2
irradiance,2012,177.1
irradiance,2012,173
irradiance,2012,168.8
irradiance,2012,164.7
irradiance,2012,160.6
irradiance,2012,156.5
irradiance,2012,152.4
irradiance,2012,148.3
irradiance,2012,144.2
irradiance,2012,177.1
irradiance,2012,173
irradiance,2012,168.8
irradiance,2012,164.7
irradiance,2012,160.6
irradiance,2012,156.5
irradiance,2012,152.4
irradiance,2012,148.3
irradiance,2012,144.2
irradiance,2012,140
irradiance,2012,177.1
irradiance,2012,173
irradiance,2012,168.8
irradiance,2012,164.7
irradiance,2012,160.6
irradiance,2012,156.5
irradiance,2012,152.4
irradiance,2012,148.3
irradiance,2012,144.2
irradiance,2012,140
irradiance,2012,177.1
irradiance,2012,173
irradiance,2012,168.8
irradiance,2012,164.7
irradiance,2012,160.6
irradiance,2012,156.5
irradiance,2012,152.4
irradiance,2012,148.3
irradiance,2012,144.2
irradiance,2012,140
irradiance,2012,173
irradiance,2012,168.8
irradiance,2012,164.7
irradiance,2012,160.6
irradiance,2012,156.5
irradiance,2012,152.4
irradiance,2012,148.3
irradiance,2012,144.2
irradiance,2012,140
irradiance,2012,173
irradiance,2012,168.8
irradiance,2012,164.7
irradiance,2012,160.6
irradiance,2012,156.5
irradiance,2012,152.4
irradiance,2012,148.3
irradiance,2012,144.2
irradiance,2012,140
irradiance,2012,135.9
irradiance,2012,173
irradiance,2012,168.8
irradiance,2012,164.7
irradiance,2012,160.6
irradiance,2012,156.5
irradiance,2012,152.4
irradiance,2012,148.3
irradiance,2012,144.2
irradiance,2012,140
irradiance,2012,135.9
irradiance,2012,173
irradiance,2012,168.8
irradiance,2012,164.7
irradiance,2012,160.6
irradiance,2012,156.5
irradiance,2012,152.4
irradiance,2012,148.3
irradiance,2012,144.2
irradiance,2012,140
irradiance,2012,135.9
irradiance,2012,173
irradiance,2012,168.8
irradiance,2012,164.7
irradiance,2012,160.6
irradiance,2012,156.5
irradiance,2012,152.4
irradiance,2012,148.3
irradiance,2012,144.2
irradiance,2012,140
irradiance,2012,135.9
irradiance,2012,168.8
irradiance,2012,164.7
irradiance,2012,160.6
irradiance,2012,156.5
irradiance,2012,152.4
irradiance,2012,148.3
irradiance,2012,144.2
irradiance,2012,140
irradiance,2012,135.9
irradiance,2012,168.8
irradiance,2012,164.7
irradiance,2012,160.6
irradiance,2012,156.5
irradiance,2012,152.4
irradiance,2012,148.3
irradiance,2012,144.2
irradiance,2012,140
irradiance,2012,135.9
irradiance,2012,131.8
irradiance,2012,168.8
irradiance,2012,164.7
irradiance,2012,160.6
irradiance,2012,156.5
irradiance,2012,152.4
irradiance,2012,148.3
irradiance,2012,144.2
irradiance,2012,140
irradiance,2012,135.9
irradiance,2012,131.8
irradiance,2012,168.8
irradiance,2012,164.7
irradiance,2012,160.6
irradiance,2012,156.5
irradiance,2012,152.4
irradiance,2012,148.3
irradiance,2012,144.2
irradiance,2012,140
irradiance,2012,135.9
irradiance,2012,131.8
irradiance,2012,164.7
irradiance,2012,160.6
irradiance,2012,156.5
irradiance,2012,152.4
irradiance,2012,148.3
irradiance,2012,144.2
irradiance,2012,140
irradiance,2012,135.9
irradiance,2012,131.8
irradiance,2012,164.7
irradiance,2012,160.6
irradiance,2012,156.5
irradiance,2012,152.4
irradiance,2012,148.3
irradiance,2012,144.2
irradiance,2012,140
irradiance,2012,135.9
irradiance,2012,131.8
irradiance,2012,127.7
irradiance,2012,164.7
irradiance,2012,160.6
irradiance,2012,156.5
irradiance,2012,152.4
irradiance,2012,148.3
irradiance,2012,144.2
irradiance,2012,140
irradiance,2012,135.9
irradiance,2012,131.8
irradiance,2012,127.7
irradiance,2012,164.7
irradiance,2012,160.6
irradiance,2012,156.5
irradiance,2012,152.4
irradiance,2012,148.3
irradiance,2012,144.2
irradiance,2012,140
irradiance,2012,135.9
irradiance,2012,131.8
irradiance,2012,127.7
irradiance,2012,160.6
irradiance,2012,156.5
irradiance,2012,152.4
irradiance,2012,148.3
irradiance,2012,144.2
irradiance,2012,140
irradiance,2012,135.9
irradiance,2012,131.8
irradiance,2012,127.7
irradiance,2012,160.6
irradiance,2012,156.5
irradiance,2012,152.4
irradiance,2012,148.3
irradiance,2012,144.2
irradiance,2012,140
irradiance,2012,135.9
irradiance,2012,131.8
irradiance,2012,156.5
irradiance,2012,152.4
irradiance,2012,148.3
irradiance,2012,144.2
irradiance,2012,140
irradiance,2012,135.9
irradiance,2012,131.8
irradiance,2012,152.4
irradiance,2012,148.3
irradiance,2012,144.2
irradiance,2012,140
irradiance,2013,-12.18
irradiance,2013,-16.29
irradiance,2013,-20.41
irradiance,2013,-24.52
irradiance,2013,-12.18
irradiance,2013,-16.29
irradiance,2013,-20.41
irradiance,2013,-24.52
irradiance,2013,-28.64
irradiance,2013,-12.18
irradiance,2013,-16.29
irradiance,2013,-20.41
irradiance,2013,-24.52
irradiance,2013,-28.64
irradiance,2013,-12.18
irradiance,2013,-16.29
irradiance,2013,-20.41
irradiance,2013,-24.52
irradiance,2013,-28.64
irradiance,2013,-12.18
irradiance,2013,-16.29
irradiance,2013,-20.41
irradiance,2013,-24.52
irradiance,2013,-28.64
irradiance,2013,-12.18
irradiance,2013,-16.29
irradiance,2013,-20.41
irradiance,2013,-24.52
irradiance,2013,-28.64
irradiance,2013,181.2
irradiance,2013,177.1
irradiance,2013,173
irradiance,2013,168.8
irradiance,2013,-12.18
irradiance,2013,-16.29
irradiance,2013,-20.41
irradiance,2013,-24.52
irradiance,2013,-28.64
irradiance,2013,185.3
irradiance,2013,181.2
irradiance,2013,177.1
irradiance,2013,173
irradiance,2013,168.8
irradiance,2013,164.7
irradiance,2013,160.6
irradiance,2013,-12.18
irradiance,2013,-16.29
irradiance,2013,-20.41
irradiance,2013,-24.52
irradiance,2013,-28.64
irradiance,2013,189.4
irradiance,2013,185.3
irradiance,2013,181.2
irradiance,2013,177.1
irradiance,2013,173
irradiance,2013,168.8
irradiance,2013,164.7
irradiance,2013,160.6
irradiance,2013,156.5
irradiance,2013,-12.18
irradiance,2013,-16.29
irradiance,2013,-20.41
irradiance,2013,-24.52
irradiance,2013,-28.64
irradiance,2013,189.4
irradiance,2013,185.3
irradiance,2013,181.2
irradiance,2013,177.1
irradiance,2013,173
irradiance,2013,168.8
irradiance,2013,164.7
irradiance,2013,160.6
irradiance,2013,156.5
irradiance,2013,-12.18
irradiance,2013,-16.29
irradiance,2013,-20.41
irradiance,2013,-24.52
irradiance,2013,-28.64
irradiance,2013,189.4
irradiance,2013,185.3
irradiance,2013,181.2
irradiance,2013,177.1
irradiance,2013,173
irradiance,2013,168.8
irradiance,2013,164.7
irradiance,2013,160.6
irradiance,2013,156.5
irradiance,2013,-12.18
irradiance,2013,-16.29
irradiance,2013,-20.41
irradiance,2013,-24.52
irradiance,2013,-28.64
irradiance,2013,193.5
irradiance,2013,189.4
irradiance,2013,185.3
irradiance,2013,181.2
irradiance,2013,177.1
irradiance,2013,173
irradiance,2013,168.8
irradiance,2013,164.7
irradiance,2013,160.6
irradiance,2013,156.5
irradiance,2013,-12.18
irradiance,2013,-16.29
irradiance,2013,-20.41
irradiance,2013,-24.52
irradiance,2013,-28.64
irradiance,2013,193.5
irradiance,2013,189.4
irradiance,2013,185.3
irradiance,2013,181.2
irradiance,2013,177.1
irradiance,2013,173
irradiance,2013,168.8
irradiance,2013,164.7
irradiance,2013,160.6
irradiance,2013,156.5
irradiance,2013,-12.18
irradiance,2013,-16.29
irradiance,2013,-20.41
irradiance,2013,-24.52
irradiance,2013,-28.64
irradiance,2013,193.5
irradiance,2013,189.4
irradiance,2013,185.3
irradiance,2013,181.2
irradiance,2013,177.1
irradiance,2013,173
irradiance,2013,168.8
irradiance,2013,164.7
irradiance,2013,160.6
irradiance,2013,156.5
irradiance,2013,-12.18
irradiance,2013,-16.29
irradiance,2013,-20.41
irradiance,2013,-24.52
irradiance,2013,-28.64
irradiance,2013,197.6
irradiance,2013,193.5
irradiance,2013,189.4
irradiance,2013,185.3
irradiance,2013,181.2
irradiance,2013,177.1
irradiance,2013,173
irradiance,2013,168.8
irradiance,2013,164.7
irradiance,2013,160.6
irradiance,2013,-12.18
irradiance,2013,-16.29
irradiance,2013,-20.41
irradiance,2013,-24.52
irradiance,2013,-28.64
irradiance,2013,197.6
irradiance,2013,193.5
irradiance,2013,189.4
irradiance,2013,185.3
irradiance,2013,181.2
irradiance,2013,177.1
irradiance,2013,173
irradiance,2013,168.8
irradiance,2013,164.7
irradiance,2013,160.6
irradiance,2013,-12.18
irradiance,2013,-16.29
irradiance,2013,-20.41
irradiance,2013,-24.52
irradiance,2013,-28.64
irradiance,2013,197.6
irradiance,2013,193.5
irradiance,2013,189.4
irradiance,2013,185.3
irradiance,2013,181.2
irradiance,2013,177.1
irradiance,2013,173
irradiance,2013,168.8
irradiance,2013,164.7
irradiance,2013,160.6
irradiance,2013,-12.18
irradiance,2013,-16.29
irradiance,2013,-20.41
irradiance,2013,-24.52
irradiance,2013,-28.64
irradiance,2013,197.6
irradiance,2013,193.5
irradiance,2013,189.4
irradiance,2013,185.3
irradiance,2013,181.2
irradiance,2013,177.1
irradiance,2013,173
irradiance,2013,168.8
irradiance,2013,164.7
irradiance,2013,160.6
irradiance,2013,-12.18
irradiance,2013,-16.29
irradiance,2013,-20.41
irradiance,2013,-24.52
irradiance,2013,-28.64
irradiance,2013,201.8
irradiance,2013,197.6
irradiance,2013,193.5
irradiance,2013,189.4
irradiance,2013,185.3
irradiance,2013,181.2
irradiance,2013,177.1
irradiance,2013,173
irradiance,2013,168.8
irradiance,2013,164.7
irradiance,2013,-12.18
irradiance,2013,-16.29
irradiance,2013,-20.41
irradiance,2013,-24.52
irradiance,2013,-28.64
irradiance,2013,201.8
irradiance,2013,197.6
irradiance,2013,193.5
irradiance,2013,189.4
irradiance,2013,185.3
irradiance,2013,181.2
irradiance,2013,177.1
irradiance,2013,173
irradiance,2013,168.8
irradiance,2013,164.7
irradiance,2013,-12.18
irradiance,2013,-16.29
irradiance,2013,-20.41
irradiance,2013,-24.52
irradiance,2013,-28.64
irradiance,2013,201.8
irradiance,2013,197.6
irradiance,2013,193.5
irradiance,2013,189.4
irradiance,2013,185.3
irradiance,2013,181.2
irradiance,2013,177.1
irradiance,2013,173
irradiance,2013,168.8
irradiance,2013,164.7
irradiance,2013,-12.18
irradiance,2013,-16.29
irradiance,2013,-20.41
irradiance,2013,-24.52
irradiance,2013,-28.64
irradiance,2013,205.9
irradiance,2013,201.8
irradiance,2013,197.6
irradiance,2013,193.5
irradiance,2013,189.4
irradiance,2013,185.3
irradiance,2013,181.2
irradiance,2013,177.1
irradiance,2013,173
irradiance,2013,168.8
irradiance,2013,-12.18
irradiance,2013,-16.29
irradiance,2013,-20.41
irradiance,2013,-24.52
irradiance,2013,-28.64
irradiance,2013,205.9
irradiance,2013,201.8
irradiance,2013,197.6
irradiance,2013,193.5
irradiance,2013,189.4
irradiance,2013,185.3
irradiance,2013,181.2
irradiance,2013,177.1
irradiance,2013,173
irradiance,2013,168.8
irradiance,2013,-12.18
irradiance,2013,-16.29
irradiance,2013,-20.41
irradiance,2013,-24.52
irradiance,2013,-28.64
irradiance,2013,205.9
irradiance,2013,201.8
irradiance,2013,197.6
irradiance,2013,193.5
irradiance,2013,189.4
irradiance,2013,185.3
irradiance,2013,181.2
irradiance,2013,177.1
irradiance,2013,173
irradiance,2013,168.8
irradiance,2013,-12.18
irradiance,2013,-16.29
irradiance,2013,-20.41
irradiance,2013,-24.52
irradiance,2013,-28.64
irradiance,2013,210
irradiance,2013,205.9
irradiance,2013,201.8
irradiance,2013,197.6
irradiance,2013,193.5
irradiance,2013,189.4
irradiance,2013,185.3
irradiance,2013,181.2
irradiance,2013,177.1
irradiance,2013,173
irradiance,2013,168.8
irradiance,2013,-12.18
irradiance,2013,-16.29
irradiance,2013,-20.41
irradiance,2013,-24.52
irradiance,2013,-28.64
irradiance,2013,210
irradiance,2013,205.9
irradiance,2013,201.8
irradiance,2013,197.6
irradiance,2013,193.5
irradiance,2013,189.4
irradiance,2013,185.3
irradiance,2013,181.2
irradiance,2013,177.1
irradiance,2013,173
irradiance,2013,-12.18
irradiance,2013,-16.29
irradiance,2013,-20.41
irradiance,2013,-24.52
irradiance,2013,-28.64
irradiance,2013,214.1
irradiance,2013,210
irradiance,2013,205.9
irradiance,2013,201.8
irradiance,2013,197.6
irradiance,2013,193.5
irradiance,2013,189.4
irradiance,2013,185.3
irradiance,2013,181.2
irradiance,2013,177.1
irradiance,2013,173
irradiance,2013,-12.18
irradiance,2013,-16.29
irradiance,2013,-20.41
irradiance,2013,-24.52
irradiance,2013,-28.64
irradiance,2013,214.1
irradiance,2013,210
irradiance,2013,205.9
irradiance,2013,201.8
irradiance,2013,197.6
irradiance,2013,193.5
irradiance,2013,189.4
irradiance,2013,185.3
irradiance,2013,181.2
irradiance,2013,177.1
irradiance,2013,-12.18
irradiance,2013,-16.29
irradiance,2013,-20.41
irradiance,2013,-24.52
irradiance,2013,-28.64
irradiance,2013,218.2
irradiance,2013,214.1
irradiance,2013,210
irradiance,2013,205.9
irradiance,2013,201.8
irradiance,2013,197.6
irradiance,2013,193.5
irradiance,2013,189.4
irradiance,2013,185.3
irradiance,2013,181.2
irradiance,2013,177.1
irradiance,2013,-12.18
irradiance,2013,-16.29
irradiance,2013,-20.41
irradiance,2013,-24.52
irradiance,2013,-28.64
irradiance,2013,218.2
irradiance,2013,214.1
irradiance,2013,210
irradiance,2013,205.9
irradiance,2013,201.8
irradiance,2013,197.6
irradiance,2013,193.5
irradiance,2013,189.4
irradiance,2013,185.3
irradiance,2013,181.2
irradiance,2013,-12.18
irradiance,2013,-16.29
irradiance,2013,-20.41
irradiance,2013,-24.52
irradiance,2013,-28.64
irradiance,2013,222.3
irradiance,2013,218.2
irradiance,2013,214.1
irradiance,2013,210
irradiance,2013,205.9
irradiance,2013,201.8
irradiance,2013,197.6
irradiance,2013,193.5
irradiance,2013,189.4
irradiance,2013,185.3
irradiance,2013,181.2
irradiance,2013,-12.18
irradiance,2013,-16.29
irradiance,2013,-20.41
irradiance,2013,-24.52
irradiance,2013,-28.64
irradiance,2013,222.3
irradiance,2013,218.2
irradiance,2013,214.1
irradiance,2013,210
irradiance,2013,205.9
irradiance,2013,201.8
irradiance,2013,197.6
irradiance,2013,193.5
irradiance,2013,189.4
irradiance,2013,185.3
irradiance,2013,181.2
irradiance,2013,-12.18
irradiance,2013,-16.29
irradiance,2013,-20.41
irradiance,2013,-24.52
irradiance,2013,-28.64
irradiance,2013,222.3
irradiance,2013,218.2
irradiance,2013,214.1
irradiance,2013,210
irradiance,2013,205.9
irradiance,2013,201.8
irradiance,2013,197.6
irradiance,2013,193.5
irradiance,2013,189.4
irradiance,2013,185.3
irradiance,2013,-12.18
irradiance,2013,-16.29
irradiance,2013,-20.41
irradiance,2013,-24.52
irradiance,2013,-28.64
irradiance,2013,226.4
irradiance,2013,222.3
irradiance,2013,218.2
irradiance,2013,214.1
irradiance,2013,210
irradiance,2013,205.9
irradiance,2013,201.8
irradiance,2013,197.6
irradiance,2013,193.5
irradiance,2013,189.4
irradiance,2013,185.3
irradiance,2013,-12.18
irradiance,2013,-16.29
irradiance,2013,-20.41
irradiance,2013,-24.52
irradiance,2013,-28.64
irradiance,2013,226.4
irradiance,2013,222.3
irradiance,2013,218.2
irradiance,2013,214.1
irradiance,2013,210
irradiance,2013,205.9
irradiance,2013,201.8
irradiance,2013,197.6
irradiance,2013,193.5
irradiance,2013,189.4
irradiance,2013,-12.18
irradiance,2013,-16.29
irradiance,2013,-20.41
irradiance,2013,-24.52
irradiance,2013,-28.64
irradiance,2013,230.6
irradiance,2013,226.4
irradiance,2013,222.3
irradiance,2013,218.2
irradiance,2013,214.1
irradiance,2013,210
irradiance,2013,205.9
irradiance,2013,201.8
irradiance,2013,197.6
irradiance,2013,193.5
irradiance,2013,189.4
irradiance,2013,-12.18
irradiance,2013,-16.29
irradiance,2013,-20.41
irradiance,2013,-24.52
irradiance,2013,-28.64
irradiance,2013,230.6
irradiance,2013,226.4
irradiance,2013,222.3
irradiance,2013,218.2
irradiance,2013,214.1
irradiance,2013,210
irradiance,2013,205.9
irradiance,2013,201.8
irradiance,2013,197.6
irradiance,2013,193.5
irradiance,2013,189.4
irradiance,2013,-12.18
irradiance,2013,-16.29
irradiance,2013,-20.41
irradiance,2013,-24.52
irradiance,2013,-28.64
irradiance,2013,230.6
irradiance,2013,226.4
irradiance,2013,222.3
irradiance,2013,218.2
irradiance,2013,214.1
irradiance,2013,210
irradiance,2013,205.9
irradiance,2013,201.8
irradiance,2013,197.6
irradiance,2013,193.5
irradiance,2013,189.4
irradiance,2013,185.3
irradiance,2013,-12.18
irradiance,2013,-16.29
irradiance,2013,-20.41
irradiance,2013,-24.52
irradiance,2013,-28.64
irradiance,2013,230.6
irradiance,2013,226.4
irradiance,2013,222.3
irradiance,2013,218.2
irradiance,2013,214.1
irradiance,2013,210
irradiance,2013,205.9
irradiance,2013,201.8
irradiance,2013,197.6
irradiance,2013,193.5
irradiance,2013,189.4
irradiance,2013,185.3
irradiance,2013,181.2
irradiance,2013,-12.18
irradiance,2013,-16.29
irradiance,2013,-20.41
irradiance,2013,-24.52
irradiance,2013,-28.64
irradiance,2013,226.4
irradiance,2013,222.3
irradiance,2013,218.2
irradiance,2013,214.1
irradiance,2013,210
irradiance,2013,205.9
irradiance,2013,201.8
irradiance,2013,197.6
irradiance,2013,193.5
irradiance,2013,189.4
irradiance,2013,185.3
irradiance,2013,181.2
irradiance,2013,177.1
irradiance,2013,-12.18
irradiance,2013,-16.29
irradiance,2013,-20.41
irradiance,2013,-24.52
irradiance,2013,-28.64
irradiance,2013,222.3
irradiance,2013,218.2
irradiance,2013,214.1
irradiance,2013,210
irradiance,2013,205.9
irradiance,2013,201.8
irradiance,2013,197.6
irradiance,2013,193.5
irradiance,2013,189.4
irradiance,2013,185.3
irradiance,2013,181.2
irradiance,2013,177.1
irradiance,2013,173
irradiance,2013,-12.18
irradiance,2013,-16.29
irradiance,2013,-20.41
irradiance,2013,-24.52
irradiance,2013,-28.64
irradiance,2013,218.2
irradiance,2013,214.1
irradiance,2013,210
irradiance,2013,205.9
irradiance,2013,201.8
irradiance,2013,197.6
irradiance,2013,193.5
irradiance,2013,189.4
irradiance,2013,185.3
irradiance,2013,181.2
irradiance,2013,177.1
irradiance,2013,173
irradiance,2013,168.8
irradiance,2013,-12.18
irradiance,2013,-16.29
irradiance,2013,-20.41
irradiance,2013,-24.52
irradiance,2013,-28.64
irradiance,2013,214.1
irradiance,2013,210
irradiance,2013,205.9
irradiance,2013,201.8
irradiance,2013,197.6
irradiance,2013,193.5
irradiance,2013,189.4
irradiance,2013,185.3
irradiance,2013,181.2
irradiance,2013,177.1
irradiance,2013,173
irradiance,2013,168.8
irradiance,2013,164.7
irradiance,2013,-12.18
irradiance,2013,-16.29
irradiance,2013,-20.41
irradiance,2013,-24.52
irradiance,2013,-28.64
irradiance,2013,210
irradiance,2013,205.9
irradiance,2013,201.8
irradiance,2013,197.6
irradiance,2013,193.5
irradiance,2013,189.4
irradiance,2013,185.3
irradiance,2013,181.2
irradiance,2013,177.1
irradiance,2013,173
irradiance,2013,168.8
irradiance,2013,164.7
irradiance,2013,-12.18
irradiance,2013,-16.29
irradiance,2013,-20.41
irradiance,2013,-24.52
irradiance,2013,-28.64
irradiance,2013,210
irradiance,2013,205.9
irradiance,2013,201.8
irradiance,2013,197.6
irradiance,2013,193.5
irradiance,2013,189.4
irradiance,2013,185.3
irradiance,2013,181.2
irradiance,2013,177.1
irradiance,2013,173
irradiance,2013,168.8
irradiance,2013,164.7
irradiance,2013,160.6
irradiance,2013,-12.18
irradiance,2013,-16.29
irradiance,2013,-20.41
irradiance,2013,-24.52
irradiance,2013,-28.64
irradiance,2013,205.9
irradiance,2013,201.8
irradiance,2013,197.6
irradiance,2013,193.5
irradiance,2013,189.4
irradiance,2013,185.3
irradiance,2013,181.2
irradiance,2013,177.1
irradiance,2013,173
irradiance,2013,168.8
irradiance,2013,164.7
irradiance,2013,160.6
irradiance,2013,156.5
irradiance,2013,-12.18
irradiance,2013,-16.29
irradiance,2013,-20.41
irradiance,2013,-24.52
irradiance,2013,-28.64
irradiance,2013,201.8
irradiance,2013,197.6
irradiance,2013,193.5
irradiance,2013,189.4
irradiance,2013,185.3
irradiance,2013,181.2
irradiance,2013,177.1
irradiance,2013,173
irradiance,2013,168.8
irradiance,2013,164.7
irradiance,2013,160.6
irradiance,2013,156.5
irradiance,2013,152.4
irradiance,2013,-12.18
irradiance,2013,-16.29
irradiance,2013,-20.41
irradiance,2013,-24.52
irradiance,2013,-28.64
irradiance,2013,197.6
irradiance,2013,193.5
irradiance,2013,189.4
irradiance,2013,185.3
irradiance,2013,181.2
irradiance,2013,177.1
irradiance,2013,173
irradiance,2013,168.8
irradiance,2013,164.7
irradiance,2013,160.6
irradiance,2013,156.5
irradiance,2013,152.4
irradiance,2013,148.3
irradiance,2013,-12.18
irradiance,2013,-16.29
irradiance,2013,-20.41
irradiance,2013,-24.52
irradiance,2013,-28.64
irradiance,2013,193.5
irradiance,2013,189.4
irradiance,2013,185.3
irradiance,2013,181.2
irradiance,2013,177.1
irradiance,2013,173
irradiance,2013,168.8
irradiance,2013,164.7
irradiance,2013,160.6
irradiance,2013,156.5
irradiance,2013,152.4
irradiance,2013,148.3
irradiance,2013,144.2
irradiance,2013,-12.18
irradiance,2013,-16.29
irradiance,2013,-20.41
irradiance,2013,-24.52
irradiance,2013,-28.64
irradiance,2013,189.4
irradiance,2013,185.3
irradiance,2013,181.2
irradiance,2013,177.1
irradiance,2013,173
irradiance,2013,168.8
irradiance,2013,164.7
irradiance,2013,160.6
irradiance,2013,156.5
irradiance,2013,152.4
irradiance,2013,148.3
irradiance,2013,144.2
irradiance,2013,-12.18
irradiance,2013,-16.29
irradiance,2013,-20.41
irradiance,2013,-24.52
irradiance,2013,-28.64
irradiance,2013,185.3
irradiance,2013,181.2
irradiance,2013,177.1
irradiance,2013,173
irradiance,2013,168.8
irradiance,2013,164.7
irradiance,2013,160.6
irradiance,2013,156.5
irradiance,2013,152.4
irradiance,2013,148.3
irradiance,2013,144.2
irradiance,2013,-12.18
irradiance,2013,-16.29
irradiance,2013,-20.41
irradiance,2013,-24.52
irradiance,2013,-28.64
irradiance,2013,181.2
irradiance,2013,177.1
irradiance,2013,173
irradiance,2013,168.8
irradiance,2013,164.7
irradiance,2013,160.6
irradiance,2013,156.5
irradiance,2013,152.4
irradiance,2013,148.3
irradiance,2013,-12.18
irradiance,2013,-16.29
irradiance,2013,-20.41
irradiance,2013,-24.52
irradiance,2013,-28.64
irradiance,2013,181.2
irradiance,2013,177.1
irradiance,2013,173
irradiance,2013,168.8
irradiance,2013,164.7
irradiance,2013,160.6
irradiance,2013,156.5
irradiance,2013,152.4
irradiance,2013,148.3
irradiance,2013,-12.18
irradiance,2013,-16.29
irradiance,2013,-20.41
irradiance,2013,-24.52
irradiance,2013,-28.64
irradiance,2013,181.2
irradiance,2013,177.1
irradiance,2013,173
irradiance,2013,168.8
irradiance,2013,164.7
irradiance,2013,160.6
irradiance,2013,156.5
irradiance,2013,152.4
irradiance,2013,148.3
irradiance,2013,-12.18
irradiance,2013,-16.29
irradiance,2013,-20.41
irradiance,2013,-24.52
irradiance,2013,-28.64
irradiance,2013,181.2
irradiance,2013,177.1
irradiance,2013,173
irradiance,2013,168.8
irradiance,2013,164.7
irradiance,2013,160.6
irradiance,2013,156.5
irradiance,2013,152.4
irradiance,2013,148.3
irradiance,2013,-12.18
irradiance,2013,-16.29
irradiance,2013,-20.41
irradiance,2013,-24.52
irradiance,2013,-28.64
irradiance,2013,185.3
irradiance,2013,181.2
irradiance,2013,177.1
irradiance,2013,173
irradiance,2013,168.8
irradiance,2013,164.7
irradiance,2013,160.6
irradiance,2013,156.5
irradiance,2013,152.4
irradiance,2013,148.3
irradiance,2013,-12.18
irradiance,2013,-16.29
irradiance,2013,-20.41
irradiance,2013,-24.52
irradiance,2013,-28.64
irradiance,2013,185.3
irradiance,2013,181.2
irradiance,2013,177.1
irradiance,2013,173
irradiance,2013,168.8
irradiance,2013,164.7
irradiance,2013,160.6
irradiance,2013,156.5
irradiance,2013,152.4
irradiance,2013,148.3
irradiance,2013,-12.18
irradiance,2013,-16.29
irradiance,2013,-20.41
irradiance,2013,-24.52
irradiance,2013,-28.64
irradiance,2013,185.3
irradiance,2013,181.2
irradiance,2013,177.1
irradiance,2013,173
irradiance,2013,168.8
irradiance,2013,164.7
irradiance,2013,160.6
irradiance,2013,156.5
irradiance,2013,152.4
irradiance,2013,148.3
irradiance,2013,-12.18
irradiance,2013,-16.29
irradiance,2013,-20.41
irradiance,2013,-24.52
irradiance,2013,-28.64
irradiance,2013,185.3
irradiance,2013,181.2
irradiance,2013,177.1
irradiance,2013,173
irradiance,2013,168.8
irradiance,2013,164.7
irradiance,2013,160.6
irradiance,2013,156.5
irradiance,2013,152.4
irradiance,2013,148.3
irradiance,2013,-12.18
irradiance,2013,-16.29
irradiance,2013,-20.41
irradiance,2013,-24.52
irradiance,2013,-28.64
irradiance,2013,185.3
irradiance,2013,181.2
irradiance,2013,177.1
irradiance,2013,173
irradiance,2013,168.8
irradiance,2013,164.7
irradiance,2013,160.6
irradiance,2013,156.5
irradiance,2013,152.4
irradiance,2013,-12.18
irradiance,2013,-16.29
irradiance,2013,-20.41
irradiance,2013,-24.52
irradiance,2013,-28.64
irradiance,2013,185.3
irradiance,2013,181.2
irradiance,2013,177.1
irradiance,2013,173
irradiance,2013,168.8
irradiance,2013,164.7
irradiance,2013,160.6
irradiance,2013,156.5
irradiance,2013,152.4
irradiance,2013,-12.18
irradiance,2013,-16.29
irradiance,2013,-20.41
irradiance,2013,-24.52
irradiance,2013,-28.64
irradiance,2013,185.3
irradiance,2013,181.2
irradiance,2013,177.1
irradiance,2013,173
irradiance,2013,168.8
irradiance,2013,164.7
irradiance,2013,160.6
irradiance,2013,156.5
irradiance,2013,152.4
irradiance,2013,-12.18
irradiance,2013,-16.29
irradiance,2013,-20.41
irradiance,2013,-24.52
irradiance,2013,-28.64
irradiance,2013,189.4
irradiance,2013,185.3
irradiance,2013,181.2
irradiance,2013,177.1
irradiance,2013,173
irradiance,2013,168.8
irradiance,2013,164.7
irradiance,2013,160.6
irradiance,2013,156.5
irradiance,2013,152.4
irradiance,2013,-12.18
irradiance,2013,-16.29
irradiance,2013,-20.41
irradiance,2013,-24.52
irradiance,2013,-28.64
irradiance,2013,189.4
irradiance,2013,185.3
irradiance,2013,181.2
irradiance,2013,177.1
irradiance,2013,173
irradiance,2013,168.8
irradiance,2013,164.7
irradiance,2013,160.6
irradiance,2013,156.5
irradiance,2013,152.4
irradiance,2013,-12.18
irradiance,2013,-16.29
irradiance,2013,-20.41
irradiance,2013,-24.52
irradiance,2013,-28.64
irradiance,2013,189.4
irradiance,2013,185.3
irradiance,2013,181.2
irradiance,2013,177.1
irradiance,2013,173
irradiance,2013,168.8
irradiance,2013,164.7
irradiance,2013,160.6
irradiance,2013,156.5
irradiance,2013,152.4
irradiance,2013,-12.18
irradiance,2013,-16.29
irradiance,2013,-20.41
irradiance,2013,-24.52
irradiance,2013,-28.64
irradiance,2013,189.4
irradiance,2013,185.3
irradiance,2013,181.2
irradiance,2013,177.1
irradiance,2013,173
irradiance,2013,168.8
irradiance,2013,164.7
irradiance,2013,160.6
irradiance,2013,156.5
irradiance,2013,152.4
irradiance,2013,-12.18
irradiance,2013,-16.29
irradiance,2013,-20.41
irradiance,2013,-24.52
irradiance,2013,-28.64
irradiance,2013,189.4
irradiance,2013,185.3
irradiance,2013,181.2
irradiance,2013,177.1
irradiance,2013,173
irradiance,2013,168.8
irradiance,2013,164.7
irradiance,2013,160.6
irradiance,2013,156.5
irradiance,2013,152.4
irradiance,2013,-12.18
irradiance,2013,-16.29
irradiance,2013,-20.41
irradiance,2013,-24.52
irradiance,2013,-28.64
irradiance,2013,189.4
irradiance,2013,185.3
irradiance,2013,181.2
irradiance,2013,177.1
irradiance,2013,173
irradiance,2013,168.8
irradiance,2013,164.7
irradiance,2013,160.6
irradiance,2013,156.5
irradiance,2013,152.4
irradiance,2013,-12.18
irradiance,2013,-16.29
irradiance,2013,-20.41
irradiance,2013,-24.52
irradiance,2013,-28.64
irradiance,2013,189.4
irradiance,2013,185.3
irradiance,2013,181.2
irradiance,2013,177.1
irradiance,2013,173
irradiance,2013,168.8
irradiance,2013,164.7
irradiance,2013,160.6
irradiance,2013,156.5
irradiance,2013,152.4
irradiance,2013,-12.18
irradiance,2013,-16.29
irradiance,2013,-20.41
irradiance,2013,-24.52
irradiance,2013,-28.64
irradiance,2013,189.4
irradiance,2013,185.3
irradiance,2013,181.2
irradiance,2013,177.1
irradiance,2013,173
irradiance,2013,168.8
irradiance,2013,164.7
irradiance,2013,160.6
irradiance,2013,156.5
irradiance,2013,-12.18
irradiance,2013,-16.29
irradiance,2013,-20.41
irradiance,2013,-24.52
irradiance,2013,-28.64
irradiance,2013,189.4
irradiance,2013,185.3
irradiance,2013,181.2
irradiance,2013,177.1
irradiance,2013,173
irradiance,2013,168.8
irradiance,2013,164.7
irradiance,2013,160.6
irradiance,2013,156.5
irradiance,2013,-12.18
irradiance,2013,-16.29
irradiance,2013,-20.41
irradiance,2013,-24.52
irradiance,2013,-28.64
irradiance,2013,189.4
irradiance,2013,185.3
irradiance,2013,181.2
irradiance,2013,177.1
irradiance,2013,173
irradiance,2013,168.8
irradiance,2013,164.7
irradiance,2013,160.6
irradiance,2013,156.5
irradiance,2013,-12.18
irradiance,2013,-16.29
irradiance,2013,-20.41
irradiance,2013,-24.52
irradiance,2013,-28.64
irradiance,2013,193.5
irradiance,2013,189.4
irradiance,2013,185.3
irradiance,2013,181.2
irradiance,2013,177.1
irradiance,2013,173
irradiance,2013,168.8
irradiance,2013,164.7
irradiance,2013,160.6
irradiance,2013,156.5
irradiance,2013,-12.18
irradiance,2013,-16.29
irradiance,2013,-20.41
irradiance,2013,-24.52
irradiance,2013,-28.64
irradiance,2013,193.5
irradiance,2013,189.4
irradiance,2013,185.3
irradiance,2013,181.2
irradiance,2013,177.1
irradiance,2013,173
irradiance,2013,168.8
irradiance,2013,164.7
irradiance,2013,160.6
irradiance,2013,156.5
irradiance,2013,-12.18
irradiance,2013,-16.29
irradiance,2013,-20.41
irradiance,2013,-24.52
irradiance,2013,-28.64
irradiance,2013,193.5
irradiance,2013,189.4
irradiance,2013,185.3
irradiance,2013,181.2
irradiance,2013,177.1
irradiance,2013,173
irradiance,2013,168.8
irradiance,2013,164.7
irradiance,2013,160.6
irradiance,2013,156.5
irradiance,2013,-12.18
irradiance,2013,-16.29
irradiance,2013,-20.41
irradiance,2013,-24.52
irradiance,2013,-28.64
irradiance,2013,193.5
irradiance,2013,189.4
irradiance,2013,185.3
irradiance,2013,181.2
irradiance,2013,177.1
irradiance,2013,173
irradiance,2013,168.8
irradiance,2013,164.7
irradiance,2013,160.6
irradiance,2013,156.5
irradiance,2013,152.4
irradiance,2013,-12.18
irradiance,2013,-16.29
irradiance,2013,-20.41
irradiance,2013,-24.52
irradiance,2013,-28.64
irradiance,2013,193.5
irradiance,2013,189.4
irradiance,2013,185.3
irradiance,2013,181.2
irradiance,2013,177.1
irradiance,2013,173
irradiance,2013,168.8
irradiance,2013,164.7
irradiance,2013,160.6
irradiance,2013,156.5
irradiance,2013,152.4
irradiance,2013,148.3
irradiance,2013,-12.18
irradiance,2013,-16.29
irradiance,2013,-20.41
irradiance,2013,-24.52
irradiance,2013,-28.64
irradiance,2013,193.5
irradiance,2013,189.4
irradiance,2013,185.3
irradiance,2013,181.2
irradiance,2013,177.1
irradiance,2013,173
irradiance,2013,168.8
irradiance,2013,164.7
irradiance,2013,160.6
irradiance,2013,156.5
irradiance,2013,152.4
irradiance,2013,148.3
irradiance,2013,144.2
irradiance,2013,-12.18
irradiance,2013,-16.29
irradiance,2013,-20.41
irradiance,2013,-24.52
irradiance,2013,-28.64
irradiance,2013,189.4
irradiance,2013,185.3
irradiance,2013,181.2
irradiance,2013,177.1
irradiance,2013,173
irradiance,2013,168.8
irradiance,2013,164.7
irradiance,2013,160.6
irradiance,2013,156.5
irradiance,2013,152.4
irradiance,2013,148.3
irradiance,2013,144.2
irradiance,2013,140
irradiance,2013,-12.18
irradiance,2013,-16.29
irradiance,2013,-20.41
irradiance,2013,-24.52
irradiance,2013,-28.64
irradiance,2013,185.3
irradiance,2013,181.2
irradiance,2013,177.1
irradiance,2013,173
irradiance,2013,168.8
irradiance,2013,164.7
irradiance,2013,160.6
irradiance,2013,156.5
irradiance,2013,152.4
irradiance,2013,148.3
irradiance,2013,144.2
irradiance,2013,140
irradiance,2013,135.9
irradiance,2013,-12.18
irradiance,2013,-16.29
irradiance,2013,-20.41
irradiance,2013,-24.52
irradiance,2013,-28.64
irradiance,2013,181.2
irradiance,2013,177.1
irradiance,2013,173
irradiance,2013,168.8
irradiance,2013,164.7
irradiance,2013,160.6
irradiance,2013,156.5
irradiance,2013,152.4
irradiance,2013,148.3
irradiance,2013,144.2
irradiance,2013,140
irradiance,2013,135.9
irradiance,2013,131.8
irradiance,2013,-12.18
irradiance,2013,-16.29
irradiance,2013,-20.41
irradiance,2013,-24.52
irradiance,2013,-28.64
irradiance,2013,177.1
irradiance,2013,173
irradiance,2013,168.8
irradiance,2013,164.7
irradiance,2013,160.6
irradiance,2013,156.5
irradiance,2013,152.4
irradiance,2013,148.3
irradiance,2013,144.2
irradiance,2013,140
irradiance,2013,135.9
irradiance,2013,131.8
irradiance,2013,127.7
irradiance,2013,-12.18
irradiance,2013,-16.29
irradiance,2013,-20.41
irradiance,2013,-24.52
irradiance,2013,-28.64
irradiance,2013,173
irradiance,2013,168.8
irradiance,2013,164.7
irradiance,2013,160.6
irradiance,2013,156.5
irradiance,2013,152.4
irradiance,2013,148.3
irradiance,2013,144.2
irradiance,2013,140
irradiance,2013,135.9
irradiance,2013,131.8
irradiance,2013,127.7
irradiance,2013,123.6
irradiance,2013,-12.18
irradiance,2013,-16.29
irradiance,2013,-20.41
irradiance,2013,-24.52
irradiance,2013,-28.64
irradiance,2013,168.8
irradiance,2013,164.7
irradiance,2013,160.6
irradiance,2013,156.5
irradiance,2013,152.4
irradiance,2013,148.3
irradiance,2013,144.2
irradiance,2013,140
irradiance,2013,135.9
irradiance,2013,131.8
irradiance,2013,127.7
irradiance,2013,123.6
irradiance,2013,119.5
irradiance,2013,-12.18
irradiance,2013,-16.29
irradiance,2013,-20.41
irradiance,2013,-24.52
irradiance,2013,-28.64
irradiance,2013,164.7
irradiance,2013,160.6
irradiance,2013,156.5
irradiance,2013,152.4
irradiance,2013,148.3
irradiance,2013,144.2
irradiance,2013,140
irradiance,2013,135.9
irradiance,2013,131.8
irradiance,2013,127.7
irradiance,2013,123.6
irradiance,2013,119.5
irradiance,2013,115.4
irradiance,2013,111.2
irradiance,2013,-12.18
irradiance,2013,-16.29
irradiance,2013,-20.41
irradiance,2013,-24.52
irradiance,2013,-28.64
irradiance,2013,160.6
irradiance,2013,156.5
irradiance,2013,152.4
irradiance,2013,148.3
irradiance,2013,144.2
irradiance,2013,140
irradiance,2013,135.9
irradiance,2013,131.8
irradiance,2013,127.7
irradiance,2013,123.6
irradiance,2013,119.5
irradiance,2013,115.4
irradiance,2013,111.2
irradiance,2013,-12.18
irradiance,2013,-16.29
irradiance,2013,-20.41
irradiance,2013,-24.52
irradiance,2013,-28.64
irradiance,2013,156.5
irradiance,2013,152.4
irradiance,2013,148.3
irradiance,2013,144.2
irradiance,2013,140
irradiance,2013,135.9
irradiance,2013,131.8
irradiance,2013,127.7
irradiance,2013,123.6
irradiance,2013,119.5
irradiance,2013,115.4
irradiance,2013,111.2
irradiance,2013,107.1
irradiance,2013,-12.18
irradiance,2013,-16.29
irradiance,2013,-20.41
irradiance,2013,-24.52
irradiance,2013,-28.64
irradiance,2013,152.4
irradiance,2013,148.3
irradiance,2013,144.2
irradiance,2013,140
irradiance,2013,135.9
irradiance,2013,131.8
irradiance,2013,127.7
irradiance,2013,123.6
irradiance,2013,119.5
irradiance,2013,115.4
irradiance,2013,111.2
irradiance,2013,107.1
irradiance,2013,103
irradiance,2013,-12.18
irradiance,2013,-16.29
irradiance,2013,-20.41
irradiance,2013,-24.52
irradiance,2013,-28.64
irradiance,2013,152.4
irradiance,2013,148.3
irradiance,2013,144.2
irradiance,2013,140
irradiance,2013,135.9
irradiance,2013,131.8
irradiance,2013,127.7
irradiance,2013,123.6
irradiance,2013,119.5
irradiance,2013,115.4
irradiance,2013,111.2
irradiance,2013,107.1
irradiance,2013,103
irradiance,2013,-12.18
irradiance,2013,-16.29
irradiance,2013,-20.41
irradiance,2013,-24.52
irradiance,2013,-28.64
irradiance,2013,156.5
irradiance,2013,152.4
irradiance,2013,148.3
irradiance,2013,144.2
irradiance,2013,140
irradiance,2013,135.9
irradiance,2013,131.8
irradiance,2013,127.7
irradiance,2013,123.6
irradiance,2013,119.5
irradiance,2013,115.4
irradiance,2013,111.2
irradiance,2013,107.1
irradiance,2013,103
irradiance,2013,-12.18
irradiance,2013,-16.29
irradiance,2013,-20.41
irradiance,2013,-24.52
irradiance,2013,-28.64
irradiance,2013,164.7
irradiance,2013,160.6
irradiance,2013,156.5
irradiance,2013,152.4
irradiance,2013,148.3
irradiance,2013,144.2
irradiance,2013,140
irradiance,2013,135.9
irradiance,2013,131.8
irradiance,2013,127.7
irradiance,2013,123.6
irradiance,2013,119.5
irradiance,2013,115.4
irradiance,2013,111.2
irradiance,2013,107.1
irradiance,2013,-12.18
irradiance,2013,-16.29
irradiance,2013,-20.41
irradiance,2013,-24.52
irradiance,2013,-28.64
irradiance,2013,168.8
irradiance,2013,164.7
irradiance,2013,160.6
irradiance,2013,156.5
irradiance,2013,152.4
irradiance,2013,148.3
irradiance,2013,144.2
irradiance,2013,140
irradiance,2013,135.9
irradiance,2013,131.8
irradiance,2013,127.7
irradiance,2013,123.6
irradiance,2013,119.5
irradiance,2013,115.4
irradiance,2013,111.2
irradiance,2013,107.1
irradiance,2013,-12.18
irradiance,2013,-16.29
irradiance,2013,-20.41
irradiance,2013,-24.52
irradiance,2013,-28.64
irradiance,2013,173
irradiance,2013,168.8
irradiance,2013,164.7
irradiance,2013,160.6
irradiance,2013,156.5
irradiance,2013,152.4
irradiance,2013,148.3
irradiance,2013,144.2
irradiance,2013,140
irradiance,2013,135.9
irradiance,2013,131.8
irradiance,2013,127.7
irradiance,2013,123.6
irradiance,2013,119.5
irradiance,2013,115.4
irradiance,2013,111.2
irradiance,2013,-12.18
irradiance,2013,-16.29
irradiance,2013,-20.41
irradiance,2013,-24.52
irradiance,2013,-28.64
irradiance,2013,181.2
irradiance,2013,177.1
irradiance,2013,173
irradiance,2013,168.8
irradiance,2013,164.7
irradiance,2013,160.6
irradiance,2013,156.5
irradiance,2013,152.4
irradiance,2013,148.3
irradiance,2013,144.2
irradiance,2013,140
irradiance,2013,135.9
irradiance,2013,131.8
irradiance,2013,127.7
irradiance,2013,123.6
irradiance,2013,119.5
irradiance,2013,-12.18
irradiance,2013,-16.29
irradiance,2013,-20.41
irradiance,2013,-24.52
irradiance,2013,-28.64
irradiance,2013,185.3
irradiance,2013,181.2
irradiance,2013,177.1
irradiance,2013,173
irradiance,2013,168.8
irradiance,2013,164.7
irradiance,2013,160.6
irradiance,2013,156.5
irradiance,2013,152.4
irradiance,2013,148.3
irradiance,2013,144.2
irradiance,2013,140
irradiance,2013,135.9
irradiance,2013,131.8
irradiance,2013,127.7
irradiance,2013,123.6
irradiance,2013,-12.18
irradiance,2013,-16.29
irradiance,2013,-20.41
irradiance,2013,-24.52
irradiance,2013,-28.64
irradiance,2013,193.5
irradiance,2013,189.4
irradiance,2013,185.3
irradiance,2013,181.2
irradiance,2013,177.1
irradiance,2013,173
irradiance,2013,168.8
irradiance,2013,164.7
irradiance,2013,160.6
irradiance,2013,156.5
irradiance,2013,152.4
irradiance,2013,148.3
irradiance,2013,144.2
irradiance,2013,140
irradiance,2013,135.9
irradiance,2013,131.8
irradiance,2013,127.7
irradiance,2013,-12.18
irradiance,2013,-16.29
irradiance,2013,-20.41
irradiance,2013,-24.52
irradiance,2013,-28.64
irradiance,2013,197.6
irradiance,2013,193.5
irradiance,2013,189.4
irradiance,2013,185.3
irradiance,2013,181.2
irradiance,2013,177.1
irradiance,2013,173
irradiance,2013,168.8
irradiance,2013,164.7
irradiance,2013,160.6
irradiance,2013,156.5
irradiance,2013,152.4
irradiance,2013,148.3
irradiance,2013,144.2
irradiance,2013,140
irradiance,2013,135.9
irradiance,2013,-12.18
irradiance,2013,-16.29
irradiance,2013,-20.41
irradiance,2013,-24.52
irradiance,2013,-28.64
irradiance,2013,201.8
irradiance,2013,197.6
irradiance,2013,193.5
irradiance,2013,189.4
irradiance,2013,185.3
irradiance,2013,181.2
irradiance,2013,177.1
irradiance,2013,173
irradiance,2013,168.8
irradiance,2013,164.7
irradiance,2013,160.6
irradiance,2013,156.5
irradiance,2013,152.4
irradiance,2013,148.3
irradiance,2013,144.2
irradiance,2013,140
irradiance,2013,-12.18
irradiance,2013,-16.29
irradiance,2013,-20.41
irradiance,2013,-24.52
irradiance,2013,-28.64
irradiance,2013,205.9
irradiance,2013,201.8
irradiance,2013,197.6
irradiance,2013,193.5
irradiance,2013,189.4
irradiance,2013,185.3
irradiance,2013,181.2
irradiance,2013,177.1
irradiance,2013,173
irradiance,2013,168.8
irradiance,2013,164.7
irradiance,2013,160.6
irradiance,2013,156.5
irradiance,2013,152.4
irradiance,2013,148.3
irradiance,2013,144.2
irradiance,2013,-12.18
irradiance,2013,-16.29
irradiance,2013,-20.41
irradiance,2013,-24.52
irradiance,2013,-28.64
irradiance,2013,210
irradiance,2013,205.9
irradiance,2013,201.8
irradiance,2013,197.6
irradiance,2013,193.5
irradiance,2013,189.4
irradiance,2013,185.3
irradiance,2013,181.2
irradiance,2013,177.1
irradiance,2013,173
irradiance,2013,168.8
irradiance,2013,164.7
irradiance,2013,160.6
irradiance,2013,156.5
irradiance,2013,152.4
irradiance,2013,-12.18
irradiance,2013,-16.29
irradiance,2013,-20.41
irradiance,2013,-24.52
irradiance,2013,-28.64
irradiance,2013,-32.75
irradiance,2013,-36.87
irradiance,2013,-40.98
irradiance,2013,-45.09
irradiance,2013,-49.21
irradiance,2013,-53.32
irradiance,2013,-57.44
irradiance,2013,-61.55
irradiance,2013,-65.66
irradiance,2013,-69.78
irradiance,2013,-73.89
irradiance,2013,-78.01
irradiance,2013,-82.12
irradiance,2013,-86.24
irradiance,2013,-90.35
irradiance,2013,-94.46
irradiance,2013,-98.58
irradiance,2013,-102.7
irradiance,2013,-106.8
irradiance,2013,-110.9
irradiance,2013,-115
irradiance,2013,-119.1
irradiance,2013,-123.3
irradiance,2013,214.1
irradiance,2013,210
irradiance,2013,205.9
irradiance,2013,201.8
irradiance,2013,197.6
irradiance,2013,193.5
irradiance,2013,189.4
irradiance,2013,185.3
irradiance,2013,181.2
irradiance,2013,177.1
irradiance,2013,173
irradiance,2013,168.8
irradiance,2013,164.7
irradiance,2013,160.6
irradiance,2013,156.5
irradiance,2013,-12.18
irradiance,2013,-16.29
irradiance,2013,-20.41
irradiance,2013,-24.52
irradiance,2013,-28.64
irradiance,2013,-32.75
irradiance,2013,-36.87
irradiance,2013,-40.98
irradiance,2013,-45.09
irradiance,2013,-49.21
irradiance,2013,-53.32
irradiance,2013,-57.44
irradiance,2013,-61.55
irradiance,2013,-65.66
irradiance,2013,-69.78
irradiance,2013,-73.89
irradiance,2013,-78.01
irradiance,2013,-82.12
irradiance,2013,-86.24
irradiance,2013,-90.35
irradiance,2013,-94.46
irradiance,2013,-98.58
irradiance,2013,-102.7
irradiance,2013,-106.8
irradiance,2013,-110.9
irradiance,2013,-115
irradiance,2013,-119.1
irradiance,2013,214.1
irradiance,2013,210
irradiance,2013,205.9
irradiance,2013,201.8
irradiance,2013,197.6
irradiance,2013,193.5
irradiance,2013,189.4
irradiance,2013,185.3
irradiance,2013,181.2
irradiance,2013,177.1
irradiance,2013,173
irradiance,2013,168.8
irradiance,2013,164.7
irradiance,2013,-12.18
irradiance,2013,-16.29
irradiance,2013,-20.41
irradiance,2013,-24.52
irradiance,2013,-28.64
irradiance,2013,-32.75
irradiance,2013,-36.87
irradiance,2013,-40.98
irradiance,2013,-45.09
irradiance,2013,-49.21
irradiance,2013,-53.32
irradiance,2013,-57.44
irradiance,2013,-61.55
irradiance,2013,-65.66
irradiance,2013,-69.78
irradiance,2013,-73.89
irradiance,2013,-78.01
irradiance,2013,-82.12
irradiance,2013,-86.24
irradiance,2013,-90.35
irradiance,2013,-94.46
irradiance,2013,-98.58
irradiance,2013,-102.7
irradiance,2013,-106.8
irradiance,2013,-110.9
irradiance,2013,-115
irradiance,2013,-119.1
irradiance,2013,218.2
irradiance,2013,214.1
irradiance,2013,210
irradiance,2013,205.9
irradiance,2013,201.8
irradiance,2013,197.6
irradiance,2013,193.5
irradiance,2013,189.4
irradiance,2013,185.3
irradiance,2013,181.2
irradiance,2013,177.1
irradiance,2013,173
irradiance,2013,168.8
irradiance,2013,-12.18
irradiance,2013,-16.29
irradiance,2013,-20.41
irradiance,2013,-24.52
irradiance,2013,-28.64
irradiance,2013,-32.75
irradiance,2013,-36.87
irradiance,2013,-40.98
irradiance,2013,-45.09
irradiance,2013,-49.21
irradiance,2013,-53.32
irradiance,2013,-57.44
irradiance,2013,-61.55
irradiance,2013,-65.66
irradiance,2013,-69.78
irradiance,2013,-73.89
irradiance,2013,-78.01
irradiance,2013,-82.12
irradiance,2013,-86.24
irradiance,2013,-90.35
irradiance,2013,-94.46
irradiance,2013,-98.58
irradiance,2013,-102.7
irradiance,2013,-106.8
irradiance,2013,-110.9
irradiance,2013,-115
irradiance,2013,218.2
irradiance,2013,214.1
irradiance,2013,210
irradiance,2013,205.9
irradiance,2013,201.8
irradiance,2013,197.6
irradiance,2013,193.5
irradiance,2013,189.4
irradiance,2013,185.3
irradiance,2013,181.2
irradiance,2013,177.1
irradiance,2013,173
irradiance,2013,-12.18
irradiance,2013,-16.29
irradiance,2013,-20.41
irradiance,2013,-24.52
irradiance,2013,-28.64
irradiance,2013,-32.75
irradiance,2013,-36.87
irradiance,2013,-40.98
irradiance,2013,-45.09
irradiance,2013,-49.21
irradiance,2013,-53.32
irradiance,2013,-57.44
irradiance,2013,-61.55
irradiance,2013,-65.66
irradiance,2013,-69.78
irradiance,2013,-73.89
irradiance,2013,-78.01
irradiance,2013,-82.12
irradiance,2013,-86.24
irradiance,2013,-90.35
irradiance,2013,-94.46
irradiance,2013,-98.58
irradiance,2013,-102.7
irradiance,2013,-106.8
irradiance,2013,-110.9
irradiance,2013,218.2
irradiance,2013,214.1
irradiance,2013,210
irradiance,2013,205.9
irradiance,2013,201.8
irradiance,2013,197.6
irradiance,2013,193.5
irradiance,2013,189.4
irradiance,2013,185.3
irradiance,2013,181.2
irradiance,2013,-12.18
irradiance,2013,-16.29
irradiance,2013,-20.41
irradiance,2013,-24.52
irradiance,2013,-28.64
irradiance,2013,218.2
irradiance,2013,214.1
irradiance,2013,210
irradiance,2013,205.9
irradiance,2013,201.8
irradiance,2013,197.6
irradiance,2013,193.5
irradiance,2013,189.4
irradiance,2013,185.3
irradiance,2013,-12.18
irradiance,2013,-16.29
irradiance,2013,-20.41
irradiance,2013,-24.52
irradiance,2013,-28.64
irradiance,2013,222.3
irradiance,2013,218.2
irradiance,2013,214.1
irradiance,2013,210
irradiance,2013,205.9
irradiance,2013,201.8
irradiance,2013,197.6
irradiance,2013,193.5
irradiance,2013,189.4
irradiance,2013,185.3
irradiance,2013,-12.18
irradiance,2013,-16.29
irradiance,2013,-20.41
irradiance,2013,-24.52
irradiance,2013,-28.64
irradiance,2013,222.3
irradiance,2013,218.2
irradiance,2013,214.1
irradiance,2013,210
irradiance,2013,205.9
irradiance,2013,201.8
irradiance,2013,197.6
irradiance,2013,193.5
irradiance,2013,189.4
irradiance,2013,185.3
irradiance,2013,-12.18
irradiance,2013,-16.29
irradiance,2013,-20.41
irradiance,2013,-24.52
irradiance,2013,-28.64
irradiance,2013,222.3
irradiance,2013,218.2
irradiance,2013,214.1
irradiance,2013,210
irradiance,2013,205.9
irradiance,2013,201.8
irradiance,2013,197.6
irradiance,2013,193.5
irradiance,2013,189.4
irradiance,2013,185.3
irradiance,2013,-12.18
irradiance,2013,-16.29
irradiance,2013,-20.41
irradiance,2013,-24.52
irradiance,2013,-28.64
irradiance,2013,226.4
irradiance,2013,222.3
irradiance,2013,218.2
irradiance,2013,214.1
irradiance,2013,210
irradiance,2013,205.9
irradiance,2013,201.8
irradiance,2013,197.6
irradiance,2013,193.5
irradiance,2013,189.4
irradiance,2013,-12.18
irradiance,2013,-16.29
irradiance,2013,-20.41
irradiance,2013,-24.52
irradiance,2013,-28.64
irradiance,2013,226.4
irradiance,2013,222.3
irradiance,2013,218.2
irradiance,2013,214.1
irradiance,2013,210
irradiance,2013,205.9
irradiance,2013,201.8
irradiance,2013,197.6
irradiance,2013,193.5
irradiance,2013,189.4
irradiance,2013,-12.18
irradiance,2013,-16.29
irradiance,2013,-20.41
irradiance,2013,-24.52
irradiance,2013,-28.64
irradiance,2013,226.4
irradiance,2013,222.3
irradiance,2013,218.2
irradiance,2013,214.1
irradiance,2013,210
irradiance,2013,205.9
irradiance,2013,201.8
irradiance,2013,197.6
irradiance,2013,193.5
irradiance,2013,189.4
irradiance,2013,-12.18
irradiance,2013,-16.29
irradiance,2013,-20.41
irradiance,2013,-24.52
irradiance,2013,-28.64
irradiance,2013,226.4
irradiance,2013,222.3
irradiance,2013,218.2
irradiance,2013,214.1
irradiance,2013,210
irradiance,2013,205.9
irradiance,2013,201.8
irradiance,2013,197.6
irradiance,2013,193.5
irradiance,2013,189.4
irradiance,2013,-12.18
irradiance,2013,-16.29
irradiance,2013,-20.41
irradiance,2013,-24.52
irradiance,2013,-28.64
irradiance,2013,230.6
irradiance,2013,226.4
irradiance,2013,222.3
irradiance,2013,218.2
irradiance,2013,214.1
irradiance,2013,210
irradiance,2013,205.9
irradiance,2013,201.8
irradiance,2013,197.6
irradiance,2013,193.5
irradiance,2013,-12.18
irradiance,2013,-16.29
irradiance,2013,-20.41
irradiance,2013,-24.52
irradiance,2013,-28.64
irradiance,2013,230.6
irradiance,2013,226.4
irradiance,2013,222.3
irradiance,2013,218.2
irradiance,2013,214.1
irradiance,2013,210
irradiance,2013,205.9
irradiance,2013,201.8
irradiance,2013,197.6
irradiance,2013,193.5
irradiance,2013,-12.18
irradiance,2013,-16.29
irradiance,2013,-20.41
irradiance,2013,-24.52
irradiance,2013,-28.64
irradiance,2013,230.6
irradiance,2013,226.4
irradiance,2013,222.3
irradiance,2013,218.2
irradiance,2013,214.1
irradiance,2013,210
irradiance,2013,205.9
irradiance,2013,201.8
irradiance,2013,197.6
irradiance,2013,193.5
irradiance,2013,-12.18
irradiance,2013,-16.29
irradiance,2013,-20.41
irradiance,2013,-24.52
irradiance,2013,-28.64
irradiance,2013,230.6
irradiance,2013,226.4
irradiance,2013,222.3
irradiance,2013,218.2
irradiance,2013,214.1
irradiance,2013,210
irradiance,2013,205.9
irradiance,2013,201.8
irradiance,2013,197.6
irradiance,2013,193.5
irradiance,2013,-12.18
irradiance,2013,-16.29
irradiance,2013,-20.41
irradiance,2013,-24.52
irradiance,2013,-28.64
irradiance,2013,230.6
irradiance,2013,226.4
irradiance,2013,222.3
irradiance,2013,218.2
irradiance,2013,214.1
irradiance,2013,210
irradiance,2013,205.9
irradiance,2013,201.8
irradiance,2013,197.6
irradiance,2013,193.5
irradiance,2013,-12.18
irradiance,2013,-16.29
irradiance,2013,-20.41
irradiance,2013,-24.52
irradiance,2013,-28.64
irradiance,2013,230.6
irradiance,2013,226.4
irradiance,2013,222.3
irradiance,2013,218.2
irradiance,2013,214.1
irradiance,2013,210
irradiance,2013,205.9
irradiance,2013,201.8
irradiance,2013,197.6
irradiance,2013,-12.18
irradiance,2013,-16.29
irradiance,2013,-20.41
irradiance,2013,-24.52
irradiance,2013,-28.64
irradiance,2013,234.7
irradiance,2013,230.6
irradiance,2013,226.4
irradiance,2013,222.3
irradiance,2013,218.2
irradiance,2013,214.1
irradiance,2013,210
irradiance,2013,205.9
irradiance,2013,201.8
irradiance,2013,197.6
irradiance,2013,-12.18
irradiance,2013,-16.29
irradiance,2013,-20.41
irradiance,2013,-24.52
irradiance,2013,-28.64
irradiance,2013,234.7
irradiance,2013,230.6
irradiance,2013,226.4
irradiance,2013,222.3
irradiance,2013,218.2
irradiance,2013,214.1
irradiance,2013,210
irradiance,2013,205.9
irradiance,2013,201.8
irradiance,2013,197.6
irradiance,2013,-12.18
irradiance,2013,-16.29
irradiance,2013,-20.41
irradiance,2013,-24.52
irradiance,2013,-28.64
irradiance,2013,234.7
irradiance,2013,230.6
irradiance,2013,226.4
irradiance,2013,222.3
irradiance,2013,218.2
irradiance,2013,214.1
irradiance,2013,210
irradiance,2013,205.9
irradiance,2013,201.8
irradiance,2013,197.6
irradiance,2013,-12.18
irradiance,2013,-16.29
irradiance,2013,-20.41
irradiance,2013,-24.52
irradiance,2013,-28.64
irradiance,2013,234.7
irradiance,2013,230.6
irradiance,2013,226.4
irradiance,2013,222.3
irradiance,2013,218.2
irradiance,2013,214.1
irradiance,2013,210
irradiance,2013,205.9
irradiance,2013,201.8
irradiance,2013,197.6
irradiance,2013,-12.18
irradiance,2013,-16.29
irradiance,2013,-20.41
irradiance,2013,-24.52
irradiance,2013,-28.64
irradiance,2013,234.7
irradiance,2013,230.6
irradiance,2013,226.4
irradiance,2013,222.3
irradiance,2013,218.2
irradiance,2013,214.1
irradiance,2013,210
irradiance,2013,205.9
irradiance,2013,201.8
irradiance,2013,197.6
irradiance,2013,-12.18
irradiance,2013,-16.29
irradiance,2013,-20.41
irradiance,2013,-24.52
irradiance,2013,-28.64
irradiance,2013,234.7
irradiance,2013,230.6
irradiance,2013,226.4
irradiance,2013,222.3
irradiance,2013,218.2
irradiance,2013,214.1
irradiance,2013,210
irradiance,2013,205.9
irradiance,2013,201.8
irradiance,2013,-12.18
irradiance,2013,-16.29
irradiance,2013,-20.41
irradiance,2013,-24.52
irradiance,2013,-28.64
irradiance,2013,238.8
irradiance,2013,234.7
irradiance,2013,230.6
irradiance,2013,226.4
irradiance,2013,222.3
irradiance,2013,218.2
irradiance,2013,214.1
irradiance,2013,210
irradiance,2013,205.9
irradiance,2013,201.8
irradiance,2013,-12.18
irradiance,2013,-16.29
irradiance,2013,-20.41
irradiance,2013,-24.52
irradiance,2013,-28.64
irradiance,2013,238.8
irradiance,2013,234.7
irradiance,2013,230.6
irradiance,2013,226.4
irradiance,2013,222.3
irradiance,2013,218.2
irradiance,2013,214.1
irradiance,2013,210
irradiance,2013,205.9
irradiance,2013,201.8
irradiance,2013,-12.18
irradiance,2013,-16.29
irradiance,2013,-20.41
irradiance,2013,-24.52
irradiance,2013,-28.64
irradiance,2013,238.8
irradiance,2013,234.7
irradiance,2013,230.6
irradiance,2013,226.4
irradiance,2013,222.3
irradiance,2013,218.2
irradiance,2013,214.1
irradiance,2013,210
irradiance,2013,205.9
irradiance,2013,201.8
irradiance,2013,-12.18
irradiance,2013,-16.29
irradiance,2013,-20.41
irradiance,2013,-24.52
irradiance,2013,-28.64
irradiance,2013,238.8
irradiance,2013,234.7
irradiance,2013,230.6
irradiance,2013,226.4
irradiance,2013,222.3
irradiance,2013,218.2
irradiance,2013,214.1
irradiance,2013,210
irradiance,2013,205.9
irradiance,2013,201.8
irradiance,2013,-12.18
irradiance,2013,-16.29
irradiance,2013,-20.41
irradiance,2013,-24.52
irradiance,2013,238.8
irradiance,2013,234.7
irradiance,2013,230.6
irradiance,2013,226.4
irradiance,2013,222.3
irradiance,2013,218.2
irradiance,2013,214.1
irradiance,2013,210
irradiance,2013,205.9
irradiance,2013,201.8
irradiance,2013,-12.18
irradiance,2013,-16.29
irradiance,2013,-20.41
irradiance,2013,238.8
irradiance,2013,234.7
irradiance,2013,230.6
irradiance,2013,226.4
irradiance,2013,222.3
irradiance,2013,218.2
irradiance,2013,214.1
irradiance,2013,210
irradiance,2013,205.9
irradiance,2013,201.8
irradiance,2013,-12.18
irradiance,2013,234.7
irradiance,2013,230.6
irradiance,2013,226.4
irradiance,2013,222.3
irradiance,2013,218.2
irradiance,2013,214.1
irradiance,2013,210
irradiance,2013,205.9
irradiance,2013,201.8
irradiance,2013,234.7
irradiance,2013,230.6
irradiance,2013,226.4
irradiance,2013,222.3
irradiance,2013,218.2
irradiance,2013,214.1
irradiance,2013,210
irradiance,2013,205.9
irradiance,2013,201.8
irradiance,2013,234.7
irradiance,2013,230.6
irradiance,2013,226.4
irradiance,2013,222.3
irradiance,2013,218.2
irradiance,2013,214.1
irradiance,2013,210
irradiance,2013,205.9
irradiance,2013,201.8
irradiance,2013,234.7
irradiance,2013,230.6
irradiance,2013,226.4
irradiance,2013,222.3
irradiance,2013,218.2
irradiance,2013,214.1
irradiance,2013,210
irradiance,2013,205.9
irradiance,2013,201.8
irradiance,2013,197.6
irradiance,2013,234.7
irradiance,2013,230.6
irradiance,2013,226.4
irradiance,2013,222.3
irradiance,2013,218.2
irradiance,2013,214.1
irradiance,2013,210
irradiance,2013,205.9
irradiance,2013,201.8
irradiance,2013,197.6
irradiance,2013,234.7
irradiance,2013,230.6
irradiance,2013,226.4
irradiance,2013,222.3
irradiance,2013,218.2
irradiance,2013,214.1
irradiance,2013,210
irradiance,2013,205.9
irradiance,2013,201.8
irradiance,2013,197.6
irradiance,2013,234.7
irradiance,2013,230.6
irradiance,2013,226.4
irradiance,2013,222.3
irradiance,2013,218.2
irradiance,2013,214.1
irradiance,2013,210
irradiance,2013,205.9
irradiance,2013,201.8
irradiance,2013,197.6
irradiance,2014,234.7
irradiance,2014,230.6
irradiance,2014,226.4
irradiance,2014,222.3
irradiance,2014,218.2
irradiance,2014,214.1
irradiance,2014,210
irradiance,2014,205.9
irradiance,2014,201.8
irradiance,2014,197.6
irradiance,2014,234.7
irradiance,2014,230.6
irradiance,2014,226.4
irradiance,2014,222.3
irradiance,2014,218.2
irradiance,2014,214.1
irradiance,2014,210
irradiance,2014,205.9
irradiance,2014,201.8
irradiance,2014,197.6
irradiance,2014,193.5
irradiance,2014,234.7
irradiance,2014,230.6
irradiance,2014,226.4
irradiance,2014,222.3
irradiance,2014,218.2
irradiance,2014,214.1
irradiance,2014,210
irradiance,2014,205.9
irradiance,2014,201.8
irradiance,2014,197.6
irradiance,2014,193.5
irradiance,2014,189.4
irradiance,2014,185.3
irradiance,2014,230.6
irradiance,2014,226.4
irradiance,2014,222.3
irradiance,2014,218.2
irradiance,2014,214.1
irradiance,2014,210
irradiance,2014,205.9
irradiance,2014,201.8
irradiance,2014,197.6
irradiance,2014,193.5
irradiance,2014,189.4
irradiance,2014,185.3
irradiance,2014,181.2
irradiance,2014,230.6
irradiance,2014,226.4
irradiance,2014,222.3
irradiance,2014,218.2
irradiance,2014,214.1
irradiance,2014,210
irradiance,2014,205.9
irradiance,2014,201.8
irradiance,2014,197.6
irradiance,2014,193.5
irradiance,2014,189.4
irradiance,2014,185.3
irradiance,2014,181.2
irradiance,2014,177.1
irradiance,2014,226.4
irradiance,2014,222.3
irradiance,2014,218.2
irradiance,2014,214.1
irradiance,2014,210
irradiance,2014,205.9
irradiance,2014,201.8
irradiance,2014,197.6
irradiance,2014,193.5
irradiance,2014,189.4
irradiance,2014,185.3
irradiance,2014,181.2
irradiance,2014,177.1
irradiance,2014,173
irradiance,2014,222.3
irradiance,2014,218.2
irradiance,2014,214.1
irradiance,2014,210
irradiance,2014,205.9
irradiance,2014,201.8
irradiance,2014,197.6
irradiance,2014,193.5
irradiance,2014,189.4
irradiance,2014,185.3
irradiance,2014,181.2
irradiance,2014,177.1
irradiance,2014,173
irradiance,2014,168.8
irradiance,2014,218.2
irradiance,2014,214.1
irradiance,2014,210
irradiance,2014,205.9
irradiance,2014,201.8
irradiance,2014,197.6
irradiance,2014,193.5
irradiance,2014,189.4
irradiance,2014,185.3
irradiance,2014,181.2
irradiance,2014,177.1
irradiance,2014,173
irradiance,2014,168.8
irradiance,2014,164.7
irradiance,2014,214.1
irradiance,2014,210
irradiance,2014,205.9
irradiance,2014,201.8
irradiance,2014,197.6
irradiance,2014,193.5
irradiance,2014,189.4
irradiance,2014,185.3
irradiance,2014,181.2
irradiance,2014,177.1
irradiance,2014,173
irradiance,2014,168.8
irradiance,2014,164.7
irradiance,2014,160.6
irradiance,2014,210
irradiance,2014,205.9
irradiance,2014,201.8
irradiance,2014,197.6
irradiance,2014,193.5
irradiance,2014,189.4
irradiance,2014,185.3
irradiance,2014,181.2
irradiance,2014,177.1
irradiance,2014,173
irradiance,2014,168.8
irradiance,2014,164.7
irradiance,2014,160.6
irradiance,2014,156.5
irradiance,2014,205.9
irradiance,2014,201.8
irradiance,2014,197.6
irradiance,2014,193.5
irradiance,2014,189.4
irradiance,2014,185.3
irradiance,2014,181.2
irradiance,2014,177.1
irradiance,2014,173
irradiance,2014,168.8
irradiance,2014,164.7
irradiance,2014,160.6
irradiance,2014,156.5
irradiance,2014,152.4
irradiance,2014,201.8
irradiance,2014,197.6
irradiance,2014,193.5
irradiance,2014,189.4
irradiance,2014,185.3
irradiance,2014,181.2
irradiance,2014,177.1
irradiance,2014,173
irradiance,2014,168.8
irradiance,2014,164.7
irradiance,2014,160.6
irradiance,2014,156.5
irradiance,2014,152.4
irradiance,2014,148.3
irradiance,2014,197.6
irradiance,2014,193.5
irradiance,2014,189.4
irradiance,2014,185.3
irradiance,2014,181.2
irradiance,2014,177.1
irradiance,2014,173
irradiance,2014,168.8
irradiance,2014,164.7
irradiance,2014,160.6
irradiance,2014,156.5
irradiance,2014,152.4
irradiance,2014,148.3
irradiance,2014,144.2
irradiance,2014,193.5
irradiance,2014,189.4
irradiance,2014,185.3
irradiance,2014,181.2
irradiance,2014,177.1
irradiance,2014,173
irradiance,2014,168.8
irradiance,2014,164.7
irradiance,2014,160.6
irradiance,2014,156.5
irradiance,2014,152.4
irradiance,2014,148.3
irradiance,2014,144.2
irradiance,2014,140
irradiance,2014,189.4
irradiance,2014,185.3
irradiance,2014,181.2
irradiance,2014,177.1
irradiance,2014,173
irradiance,2014,168.8
irradiance,2014,164.7
irradiance,2014,160.6
irradiance,2014,156.5
irradiance,2014,152.4
irradiance,2014,148.3
irradiance,2014,144.2
irradiance,2014,140
irradiance,2014,185.3
irradiance,2014,181.2
irradiance,2014,177.1
irradiance,2014,173
irradiance,2014,168.8
irradiance,2014,164.7
irradiance,2014,160.6
irradiance,2014,156.5
irradiance,2014,152.4
irradiance,2014,148.3
irradiance,2014,144.2
irradiance,2014,140
irradiance,2014,181.2
irradiance,2014,177.1
irradiance,2014,173
irradiance,2014,168.8
irradiance,2014,164.7
irradiance,2014,160.6
irradiance,2014,156.5
irradiance,2014,152.4
irradiance,2014,148.3
irradiance,2014,144.2
irradiance,2014,140
irradiance,2014,181.2
irradiance,2014,177.1
irradiance,2014,173
irradiance,2014,168.8
irradiance,2014,164.7
irradiance,2014,160.6
irradiance,2014,156.5
irradiance,2014,152.4
irradiance,2014,148.3
irradiance,2014,144.2
irradiance,2014,181.2
irradiance,2014,177.1
irradiance,2014,173
irradiance,2014,168.8
irradiance,2014,164.7
irradiance,2014,160.6
irradiance,2014,156.5
irradiance,2014,152.4
irradiance,2014,148.3
irradiance,2014,144.2
irradiance,2014,181.2
irradiance,2014,177.1
irradiance,2014,173
irradiance,2014,168.8
irradiance,2014,164.7
irradiance,2014,160.6
irradiance,2014,156.5
irradiance,2014,152.4
irradiance,2014,148.3
irradiance,2014,144.2
irradiance,2014,185.3
irradiance,2014,181.2
irradiance,2014,177.1
irradiance,2014,173
irradiance,2014,168.8
irradiance,2014,164.7
irradiance,2014,160.6
irradiance,2014,156.5
irradiance,2014,152.4
irradiance,2014,148.3
irradiance,2014,185.3
irradiance,2014,181.2
irradiance,2014,177.1
irradiance,2014,173
irradiance,2014,168.8
irradiance,2014,164.7
irradiance,2014,160.6
irradiance,2014,156.5
irradiance,2014,152.4
irradiance,2014,148.3
irradiance,2014,185.3
irradiance,2014,181.2
irradiance,2014,177.1
irradiance,2014,173
irradiance,2014,168.8
irradiance,2014,164.7
irradiance,2014,160.6
irradiance,2014,156.5
irradiance,2014,152.4
irradiance,2014,189.4
irradiance,2014,185.3
irradiance,2014,181.2
irradiance,2014,177.1
irradiance,2014,173
irradiance,2014,168.8
irradiance,2014,164.7
irradiance,2014,160.6
irradiance,2014,156.5
irradiance,2014,152.4
irradiance,2014,189.4
irradiance,2014,185.3
irradiance,2014,181.2
irradiance,2014,177.1
irradiance,2014,173
irradiance,2014,168.8
irradiance,2014,164.7
irradiance,2014,160.6
irradiance,2014,156.5
irradiance,2014,152.4
irradiance,2014,193.5
irradiance,2014,189.4
irradiance,2014,185.3
irradiance,2014,181.2
irradiance,2014,177.1
irradiance,2014,173
irradiance,2014,168.8
irradiance,2014,164.7
irradiance,2014,160.6
irradiance,2014,156.5
irradiance,2014,193.5
irradiance,2014,189.4
irradiance,2014,185.3
irradiance,2014,181.2
irradiance,2014,177.1
irradiance,2014,173
irradiance,2014,168.8
irradiance,2014,164.7
irradiance,2014,160.6
irradiance,2014,156.5
irradiance,2014,197.6
irradiance,2014,193.5
irradiance,2014,189.4
irradiance,2014,185.3
irradiance,2014,181.2
irradiance,2014,177.1
irradiance,2014,173
irradiance,2014,168.8
irradiance,2014,164.7
irradiance,2014,160.6
irradiance,2014,156.5
irradiance,2014,197.6
irradiance,2014,193.5
irradiance,2014,189.4
irradiance,2014,185.3
irradiance,2014,181.2
irradiance,2014,177.1
irradiance,2014,173
irradiance,2014,168.8
irradiance,2014,164.7
irradiance,2014,160.6
irradiance,2014,201.8
irradiance,2014,197.6
irradiance,2014,193.5
irradiance,2014,189.4
irradiance,2014,185.3
irradiance,2014,181.2
irradiance,2014,177.1
irradiance,2014,173
irradiance,2014,168.8
irradiance,2014,164.7
irradiance,2014,160.6
irradiance,2014,205.9
irradiance,2014,201.8
irradiance,2014,197.6
irradiance,2014,193.5
irradiance,2014,189.4
irradiance,2014,185.3
irradiance,2014,181.2
irradiance,2014,177.1
irradiance,2014,173
irradiance,2014,168.8
irradiance,2014,164.7
irradiance,2014,160.6
irradiance,2014,205.9
irradiance,2014,201.8
irradiance,2014,197.6
irradiance,2014,193.5
irradiance,2014,189.4
irradiance,2014,185.3
irradiance,2014,181.2
irradiance,2014,177.1
irradiance,2014,173
irradiance,2014,168.8
irradiance,2014,164.7
irradiance,2014,210
irradiance,2014,205.9
irradiance,2014,201.8
irradiance,2014,197.6
irradiance,2014,193.5
irradiance,2014,189.4
irradiance,2014,185.3
irradiance,2014,181.2
irradiance,2014,177.1
irradiance,2014,173
irradiance,2014,168.8
irradiance,2014,210
irradiance,2014,205.9
irradiance,2014,201.8
irradiance,2014,197.6
irradiance,2014,193.5
irradiance,2014,189.4
irradiance,2014,185.3
irradiance,2014,181.2
irradiance,2014,177.1
irradiance,2014,173
irradiance,2014,168.8
irradiance,2014,214.1
irradiance,2014,210
irradiance,2014,205.9
irradiance,2014,201.8
irradiance,2014,197.6
irradiance,2014,193.5
irradiance,2014,189.4
irradiance,2014,185.3
irradiance,2014,181.2
irradiance,2014,177.1
irradiance,2014,173
irradiance,2014,218.2
irradiance,2014,214.1
irradiance,2014,210
irradiance,2014,205.9
irradiance,2014,201.8
irradiance,2014,197.6
irradiance,2014,193.5
irradiance,2014,189.4
irradiance,2014,185.3
irradiance,2014,181.2
irradiance,2014,177.1
irradiance,2014,173
irradiance,2014,218.2
irradiance,2014,214.1
irradiance,2014,210
irradiance,2014,205.9
irradiance,2014,201.8
irradiance,2014,197.6
irradiance,2014,193.5
irradiance,2014,189.4
irradiance,2014,185.3
irradiance,2014,181.2
irradiance,2014,177.1
irradiance,2014,222.3
irradiance,2014,218.2
irradiance,2014,214.1
irradiance,2014,210
irradiance,2014,205.9
irradiance,2014,201.8
irradiance,2014,197.6
irradiance,2014,193.5
irradiance,2014,189.4
irradiance,2014,185.3
irradiance,2014,181.2
irradiance,2014,222.3
irradiance,2014,218.2
irradiance,2014,214.1
irradiance,2014,210
irradiance,2014,205.9
irradiance,2014,201.8
irradiance,2014,197.6
irradiance,2014,193.5
irradiance,2014,189.4
irradiance,2014,185.3
irradiance,2014,181.2
irradiance,2014,226.4
irradiance,2014,222.3
irradiance,2014,218.2
irradiance,2014,214.1
irradiance,2014,210
irradiance,2014,205.9
irradiance,2014,201.8
irradiance,2014,197.6
irradiance,2014,193.5
irradiance,2014,189.4
irradiance,2014,185.3
irradiance,2014,226.4
irradiance,2014,222.3
irradiance,2014,218.2
irradiance,2014,214.1
irradiance,2014,210
irradiance,2014,205.9
irradiance,2014,201.8
irradiance,2014,197.6
irradiance,2014,193.5
irradiance,2014,189.4
irradiance,2014,185.3
irradiance,2014,226.4
irradiance,2014,222.3
irradiance,2014,218.2
irradiance,2014,214.1
irradiance,2014,210
irradiance,2014,205.9
irradiance,2014,201.8
irradiance,2014,197.6
irradiance,2014,193.5
irradiance,2014,189.4
irradiance,2014,185.3
irradiance,2014,226.4
irradiance,2014,222.3
irradiance,2014,218.2
irradiance,2014,214.1
irradiance,2014,210
irradiance,2014,205.9
irradiance,2014,201.8
irradiance,2014,197.6
irradiance,2014,193.5
irradiance,2014,189.4
irradiance,2014,185.3
irradiance,2014,222.3
irradiance,2014,218.2
irradiance,2014,214.1
irradiance,2014,210
irradiance,2014,205.9
irradiance,2014,201.8
irradiance,2014,197.6
irradiance,2014,193.5
irradiance,2014,189.4
irradiance,2014,185.3
irradiance,2014,181.2
irradiance,2014,222.3
irradiance,2014,218.2
irradiance,2014,214.1
irradiance,2014,210
irradiance,2014,205.9
irradiance,2014,201.8
irradiance,2014,197.6
irradiance,2014,193.5
irradiance,2014,189.4
irradiance,2014,185.3
irradiance,2014,181.2
irradiance,2014,177.1
irradiance,2014,218.2
irradiance,2014,214.1
irradiance,2014,210
irradiance,2014,205.9
irradiance,2014,201.8
irradiance,2014,197.6
irradiance,2014,193.5
irradiance,2014,189.4
irradiance,2014,185.3
irradiance,2014,181.2
irradiance,2014,177.1
irradiance,2014,173
irradiance,2014,214.1
irradiance,2014,210
irradiance,2014,205.9
irradiance,2014,201.8
irradiance,2014,197.6
irradiance,2014,193.5
irradiance,2014,189.4
irradiance,2014,185.3
irradiance,2014,181.2
irradiance,2014,177.1
irradiance,2014,173
irradiance,2014,214.1
irradiance,2014,210
irradiance,2014,205.9
irradiance,2014,201.8
irradiance,2014,197.6
irradiance,2014,193.5
irradiance,2014,189.4
irradiance,2014,185.3
irradiance,2014,181.2
irradiance,2014,177.1
irradiance,2014,173
irradiance,2014,168.8
irradiance,2014,210
irradiance,2014,205.9
irradiance,2014,201.8
irradiance,2014,197.6
irradiance,2014,193.5
irradiance,2014,189.4
irradiance,2014,185.3
irradiance,2014,181.2
irradiance,2014,177.1
irradiance,2014,173
irradiance,2014,168.8
irradiance,2014,164.7
irradiance,2014,205.9
irradiance,2014,201.8
irradiance,2014,197.6
irradiance,2014,193.5
irradiance,2014,189.4
irradiance,2014,185.3
irradiance,2014,181.2
irradiance,2014,177.1
irradiance,2014,173
irradiance,2014,168.8
irradiance,2014,164.7
irradiance,2014,201.8
irradiance,2014,197.6
irradiance,2014,193.5
irradiance,2014,189.4
irradiance,2014,185.3
irradiance,2014,181.2
irradiance,2014,177.1
irradiance,2014,173
irradiance,2014,168.8
irradiance,2014,164.7
irradiance,2014,160.6
irradiance,2014,201.8
irradiance,2014,197.6
irradiance,2014,193.5
irradiance,2014,189.4
irradiance,2014,185.3
irradiance,2014,181.2
irradiance,2014,177.1
irradiance,2014,173
irradiance,2014,168.8
irradiance,2014,164.7
irradiance,2014,160.6
irradiance,2014,156.5
irradiance,2014,197.6
irradiance,2014,193.5
irradiance,2014,189.4
irradiance,2014,185.3
irradiance,2014,181.2
irradiance,2014,177.1
irradiance,2014,173
irradiance,2014,168.8
irradiance,2014,164.7
irradiance,2014,160.6
irradiance,2014,156.5
irradiance,2014,152.4
irradiance,2014,193.5
irradiance,2014,189.4
irradiance,2014,185.3
irradiance,2014,181.2
irradiance,2014,177.1
irradiance,2014,173
irradiance,2014,168.8
irradiance,2014,164.7
irradiance,2014,160.6
irradiance,2014,156.5
irradiance,2014,152.4
irradiance,2014,193.5
irradiance,2014,189.4
irradiance,2014,185.3
irradiance,2014,181.2
irradiance,2014,177.1
irradiance,2014,173
irradiance,2014,168.8
irradiance,2014,164.7
irradiance,2014,160.6
irradiance,2014,156.5
irradiance,2014,152.4
irradiance,2014,189.4
irradiance,2014,185.3
irradiance,2014,181.2
irradiance,2014,177.1
irradiance,2014,173
irradiance,2014,168.8
irradiance,2014,164.7
irradiance,2014,160.6
irradiance,2014,156.5
irradiance,2014,152.4
irradiance,2014,189.4
irradiance,2014,185.3
irradiance,2014,181.2
irradiance,2014,177.1
irradiance,2014,173
irradiance,2014,168.8
irradiance,2014,164.7
irradiance,2014,160.6
irradiance,2014,156.5
irradiance,2014,152.4
irradiance,2014,189.4
irradiance,2014,185.3
irradiance,2014,181.2
irradiance,2014,177.1
irradiance,2014,173
irradiance,2014,168.8
irradiance,2014,164.7
irradiance,2014,160.6
irradiance,2014,156.5
irradiance,2014,152.4
irradiance,2014,189.4
irradiance,2014,185.3
irradiance,2014,181.2
irradiance,2014,177.1
irradiance,2014,173
irradiance,2014,168.8
irradiance,2014,164.7
irradiance,2014,160.6
irradiance,2014,156.5
irradiance,2014,152.4
irradiance,2014,189.4
irradiance,2014,185.3
irradiance,2014,181.2
irradiance,2014,177.1
irradiance,2014,173
irradiance,2014,168.8
irradiance,2014,164.7
irradiance,2014,160.6
irradiance,2014,156.5
irradiance,2014,152.4
irradiance,2014,189.4
irradiance,2014,185.3
irradiance,2014,181.2
irradiance,2014,177.1
irradiance,2014,173
irradiance,2014,168.8
irradiance,2014,164.7
irradiance,2014,160.6
irradiance,2014,156.5
irradiance,2014,152.4
irradiance,2014,189.4
irradiance,2014,185.3
irradiance,2014,181.2
irradiance,2014,177.1
irradiance,2014,173
irradiance,2014,168.8
irradiance,2014,164.7
irradiance,2014,160.6
irradiance,2014,156.5
irradiance,2014,152.4
irradiance,2014,189.4
irradiance,2014,185.3
irradiance,2014,181.2
irradiance,2014,177.1
irradiance,2014,173
irradiance,2014,168.8
irradiance,2014,164.7
irradiance,2014,160.6
irradiance,2014,156.5
irradiance,2014,189.4
irradiance,2014,185.3
irradiance,2014,181.2
irradiance,2014,177.1
irradiance,2014,173
irradiance,2014,168.8
irradiance,2014,164.7
irradiance,2014,160.6
irradiance,2014,156.5
irradiance,2014,189.4
irradiance,2014,185.3
irradiance,2014,181.2
irradiance,2014,177.1
irradiance,2014,173
irradiance,2014,168.8
irradiance,2014,164.7
irradiance,2014,160.6
irradiance,2014,156.5
irradiance,2014,189.4
irradiance,2014,185.3
irradiance,2014,181.2
irradiance,2014,177.1
irradiance,2014,173
irradiance,2014,168.8
irradiance,2014,164.7
irradiance,2014,160.6
irradiance,2014,156.5
irradiance,2014,189.4
irradiance,2014,185.3
irradiance,2014,181.2
irradiance,2014,177.1
irradiance,2014,173
irradiance,2014,168.8
irradiance,2014,164.7
irradiance,2014,160.6
irradiance,2014,156.5
irradiance,2014,193.5
irradiance,2014,189.4
irradiance,2014,185.3
irradiance,2014,181.2
irradiance,2014,177.1
irradiance,2014,173
irradiance,2014,168.8
irradiance,2014,164.7
irradiance,2014,160.6
irradiance,2014,156.5
irradiance,2014,189.4
irradiance,2014,185.3
irradiance,2014,181.2
irradiance,2014,177.1
irradiance,2014,173
irradiance,2014,168.8
irradiance,2014,164.7
irradiance,2014,160.6
irradiance,2014,156.5
irradiance,2014,152.4
irradiance,2014,189.4
irradiance,2014,185.3
irradiance,2014,181.2
irradiance,2014,177.1
irradiance,2014,173
irradiance,2014,168.8
irradiance,2014,164.7
irradiance,2014,160.6
irradiance,2014,156.5
irradiance,2014,152.4
irradiance,2014,189.4
irradiance,2014,185.3
irradiance,2014,181.2
irradiance,2014,177.1
irradiance,2014,173
irradiance,2014,168.8
irradiance,2014,164.7
irradiance,2014,160.6
irradiance,2014,156.5
irradiance,2014,152.4
irradiance,2014,189.4
irradiance,2014,185.3
irradiance,2014,181.2
irradiance,2014,177.1
irradiance,2014,173
irradiance,2014,168.8
irradiance,2014,164.7
irradiance,2014,160.6
irradiance,2014,156.5
irradiance,2014,152.4
irradiance,2014,148.3
irradiance,2014,185.3
irradiance,2014,181.2
irradiance,2014,177.1
irradiance,2014,173
irradiance,2014,168.8
irradiance,2014,164.7
irradiance,2014,160.6
irradiance,2014,156.5
irradiance,2014,152.4
irradiance,2014,148.3
irradiance,2014,185.3
irradiance,2014,181.2
irradiance,2014,177.1
irradiance,2014,173
irradiance,2014,168.8
irradiance,2014,164.7
irradiance,2014,160.6
irradiance,2014,156.5
irradiance,2014,152.4
irradiance,2014,148.3
irradiance,2014,185.3
irradiance,2014,181.2
irradiance,2014,177.1
irradiance,2014,173
irradiance,2014,168.8
irradiance,2014,164.7
irradiance,2014,160.6
irradiance,2014,156.5
irradiance,2014,152.4
irradiance,2014,148.3
irradiance,2014,181.2
irradiance,2014,177.1
irradiance,2014,173
irradiance,2014,168.8
irradiance,2014,164.7
irradiance,2014,160.6
irradiance,2014,156.5
irradiance,2014,152.4
irradiance,2014,148.3
irradiance,2014,144.2
irradiance,2014,181.2
irradiance,2014,177.1
irradiance,2014,173
irradiance,2014,168.8
irradiance,2014,164.7
irradiance,2014,160.6
irradiance,2014,156.5
irradiance,2014,152.4
irradiance,2014,148.3
irradiance,2014,144.2
irradiance,2014,181.2
irradiance,2014,177.1
irradiance,2014,173
irradiance,2014,168.8
irradiance,2014,164.7
irradiance,2014,160.6
irradiance,2014,156.5
irradiance,2014,152.4
irradiance,2014,148.3
irradiance,2014,144.2
irradiance,2014,177.1
irradiance,2014,173
irradiance,2014,168.8
irradiance,2014,164.7
irradiance,2014,160.6
irradiance,2014,156.5
irradiance,2014,152.4
irradiance,2014,148.3
irradiance,2014,144.2
irradiance,2014,140
irradiance,2014,177.1
irradiance,2014,173
irradiance,2014,168.8
irradiance,2014,164.7
irradiance,2014,160.6
irradiance,2014,156.5
irradiance,2014,152.4
irradiance,2014,148.3
irradiance,2014,144.2
irradiance,2014,140
irradiance,2014,177.1
irradiance,2014,173
irradiance,2014,168.8
irradiance,2014,164.7
irradiance,2014,160.6
irradiance,2014,156.5
irradiance,2014,152.4
irradiance,2014,148.3
irradiance,2014,144.2
irradiance,2014,140
irradiance,2014,173
irradiance,2014,168.8
irradiance,2014,164.7
irradiance,2014,160.6
irradiance,2014,156.5
irradiance,2014,152.4
irradiance,2014,148.3
irradiance,2014,144.2
irradiance,2014,140
irradiance,2014,173
irradiance,2014,168.8
irradiance,2014,164.7
irradiance,2014,160.6
irradiance,2014,156.5
irradiance,2014,152.4
irradiance,2014,148.3
irradiance,2014,144.2
irradiance,2014,140
irradiance,2014,173
irradiance,2014,168.8
irradiance,2014,164.7
irradiance,2014,160.6
irradiance,2014,156.5
irradiance,2014,152.4
irradiance,2014,148.3
irradiance,2014,144.2
irradiance,2014,140
irradiance,2014,173
irradiance,2014,168.8
irradiance,2014,164.7
irradiance,2014,160.6
irradiance,2014,156.5
irradiance,2014,152.4
irradiance,2014,148.3
irradiance,2014,144.2
irradiance,2014,140
irradiance,2014,135.9
irradiance,2014,173
irradiance,2014,168.8
irradiance,2014,164.7
irradiance,2014,160.6
irradiance,2014,156.5
irradiance,2014,152.4
irradiance,2014,148.3
irradiance,2014,144.2
irradiance,2014,140
irradiance,2014,135.9
irradiance,2014,173
irradiance,2014,168.8
irradiance,2014,164.7
irradiance,2014,160.6
irradiance,2014,156.5
irradiance,2014,152.4
irradiance,2014,148.3
irradiance,2014,144.2
irradiance,2014,140
irradiance,2014,135.9
irradiance,2014,173
irradiance,2014,168.8
irradiance,2014,164.7
irradiance,2014,160.6
irradiance,2014,156.5
irradiance,2014,152.4
irradiance,2014,148.3
irradiance,2014,144.2
irradiance,2014,140
irradiance,2014,135.9
irradiance,2014,168.8
irradiance,2014,164.7
irradiance,2014,160.6
irradiance,2014,156.5
irradiance,2014,152.4
irradiance,2014,148.3
irradiance,2014,144.2
irradiance,2014,140
irradiance,2014,135.9
irradiance,2014,168.8
irradiance,2014,164.7
irradiance,2014,160.6
irradiance,2014,156.5
irradiance,2014,152.4
irradiance,2014,148.3
irradiance,2014,144.2
irradiance,2014,140
irradiance,2014,135.9
irradiance,2014,168.8
irradiance,2014,164.7
irradiance,2014,160.6
irradiance,2014,156.5
irradiance,2014,152.4
irradiance,2014,148.3
irradiance,2014,144.2
irradiance,2014,140
irradiance,2014,135.9
irradiance,2014,131.8
irradiance,2014,168.8
irradiance,2014,164.7
irradiance,2014,160.6
irradiance,2014,156.5
irradiance,2014,152.4
irradiance,2014,148.3
irradiance,2014,144.2
irradiance,2014,140
irradiance,2014,135.9
irradiance,2014,131.8
irradiance,2014,168.8
irradiance,2014,164.7
irradiance,2014,160.6
irradiance,2014,156.5
irradiance,2014,152.4
irradiance,2014,148.3
irradiance,2014,144.2
irradiance,2014,140
irradiance,2014,135.9
irradiance,2014,131.8
irradiance,2014,168.8
irradiance,2014,164.7
irradiance,2014,160.6
irradiance,2014,156.5
irradiance,2014,152.4
irradiance,2014,148.3
irradiance,2014,144.2
irradiance,2014,140
irradiance,2014,135.9
irradiance,2014,131.8
irradiance,2014,168.8
irradiance,2014,164.7
irradiance,2014,160.6
irradiance,2014,156.5
irradiance,2014,152.4
irradiance,2014,148.3
irradiance,2014,144.2
irradiance,2014,140
irradiance,2014,135.9
irradiance,2014,131.8
irradiance,2014,168.8
irradiance,2014,164.7
irradiance,2014,160.6
irradiance,2014,156.5
irradiance,2014,152.4
irradiance,2014,148.3
irradiance,2014,144.2
irradiance,2014,140
irradiance,2014,135.9
irradiance,2014,131.8
irradiance,2014,168.8
irradiance,2014,164.7
irradiance,2014,160.6
irradiance,2014,156.5
irradiance,2014,152.4
irradiance,2014,148.3
irradiance,2014,144.2
irradiance,2014,140
irradiance,2014,135.9
irradiance,2014,173
irradiance,2014,168.8
irradiance,2014,164.7
irradiance,2014,160.6
irradiance,2014,156.5
irradiance,2014,152.4
irradiance,2014,148.3
irradiance,2014,144.2
irradiance,2014,140
irradiance,2014,135.9
irradiance,2014,173
irradiance,2014,168.8
irradiance,2014,164.7
irradiance,2014,160.6
irradiance,2014,156.5
irradiance,2014,152.4
irradiance,2014,148.3
irradiance,2014,144.2
irradiance,2014,140
irradiance,2014,135.9
irradiance,2014,173
irradiance,2014,168.8
irradiance,2014,164.7
irradiance,2014,160.6
irradiance,2014,156.5
irradiance,2014,152.4
irradiance,2014,148.3
irradiance,2014,144.2
irradiance,2014,140
irradiance,2014,135.9
irradiance,2014,173
irradiance,2014,168.8
irradiance,2014,164.7
irradiance,2014,160.6
irradiance,2014,156.5
irradiance,2014,152.4
irradiance,2014,148.3
irradiance,2014,144.2
irradiance,2014,140
irradiance,2014,135.9
irradiance,2014,173
irradiance,2014,168.8
irradiance,2014,164.7
irradiance,2014,160.6
irradiance,2014,156.5
irradiance,2014,152.4
irradiance,2014,148.3
irradiance,2014,144.2
irradiance,2014,140
irradiance,2014,177.1
irradiance,2014,173
irradiance,2014,168.8
irradiance,2014,164.7
irradiance,2014,160.6
irradiance,2014,156.5
irradiance,2014,152.4
irradiance,2014,148.3
irradiance,2014,144.2
irradiance,2014,140
irradiance,2014,177.1
irradiance,2014,173
irradiance,2014,168.8
irradiance,2014,164.7
irradiance,2014,160.6
irradiance,2014,156.5
irradiance,2014,152.4
irradiance,2014,148.3
irradiance,2014,144.2
irradiance,2014,140
irradiance,2014,177.1
irradiance,2014,173
irradiance,2014,168.8
irradiance,2014,164.7
irradiance,2014,160.6
irradiance,2014,156.5
irradiance,2014,152.4
irradiance,2014,148.3
irradiance,2014,144.2
irradiance,2014,140
irradiance,2014,181.2
irradiance,2014,177.1
irradiance,2014,173
irradiance,2014,168.8
irradiance,2014,164.7
irradiance,2014,160.6
irradiance,2014,156.5
irradiance,2014,152.4
irradiance,2014,148.3
irradiance,2014,144.2
irradiance,2014,185.3
irradiance,2014,181.2
irradiance,2014,177.1
irradiance,2014,173
irradiance,2014,168.8
irradiance,2014,164.7
irradiance,2014,160.6
irradiance,2014,156.5
irradiance,2014,152.4
irradiance,2014,148.3
irradiance,2014,144.2
irradiance,2014,189.4
irradiance,2014,185.3
irradiance,2014,181.2
irradiance,2014,177.1
irradiance,2014,173
irradiance,2014,168.8
irradiance,2014,164.7
irradiance,2014,160.6
irradiance,2014,156.5
irradiance,2014,152.4
irradiance,2014,148.3
irradiance,2014,144.2
irradiance,2014,193.5
irradiance,2014,189.4
irradiance,2014,185.3
irradiance,2014,181.2
irradiance,2014,177.1
irradiance,2014,173
irradiance,2014,168.8
irradiance,2014,164.7
irradiance,2014,160.6
irradiance,2014,156.5
irradiance,2014,152.4
irradiance,2014,148.3
irradiance,2014,197.6
irradiance,2014,193.5
irradiance,2014,189.4
irradiance,2014,185.3
irradiance,2014,181.2
irradiance,2014,177.1
irradiance,2014,173
irradiance,2014,168.8
irradiance,2014,164.7
irradiance,2014,160.6
irradiance,2014,156.5
irradiance,2014,152.4
irradiance,2014,148.3
irradiance,2014,197.6
irradiance,2014,193.5
irradiance,2014,189.4
irradiance,2014,185.3
irradiance,2014,181.2
irradiance,2014,177.1
irradiance,2014,173
irradiance,2014,168.8
irradiance,2014,164.7
irradiance,2014,160.6
irradiance,2014,156.5
irradiance,2014,152.4
irradiance,2014,201.8
irradiance,2014,197.6
irradiance,2014,193.5
irradiance,2014,189.4
irradiance,2014,185.3
irradiance,2014,181.2
irradiance,2014,177.1
irradiance,2014,173
irradiance,2014,168.8
irradiance,2014,164.7
irradiance,2014,160.6
irradiance,2014,156.5
irradiance,2014,205.9
irradiance,2014,201.8
irradiance,2014,197.6
irradiance,2014,193.5
irradiance,2014,189.4
irradiance,2014,185.3
irradiance,2014,181.2
irradiance,2014,177.1
irradiance,2014,173
irradiance,2014,168.8
irradiance,2014,164.7
irradiance,2014,160.6
irradiance,2014,210
irradiance,2014,205.9
irradiance,2014,201.8
irradiance,2014,197.6
irradiance,2014,193.5
irradiance,2014,189.4
irradiance,2014,185.3
irradiance,2014,181.2
irradiance,2014,177.1
irradiance,2014,173
irradiance,2014,168.8
irradiance,2014,164.7
irradiance,2014,160.6
irradiance,2014,214.1
irradiance,2014,210
irradiance,2014,205.9
irradiance,2014,201.8
irradiance,2014,197.6
irradiance,2014,193.5
irradiance,2014,189.4
irradiance,2014,185.3
irradiance,2014,181.2
irradiance,2014,177.1
irradiance,2014,173
irradiance,2014,168.8
irradiance,2014,164.7
irradiance,2014,218.2
irradiance,2014,214.1
irradiance,2014,210
irradiance,2014,205.9
irradiance,2014,201.8
irradiance,2014,197.6
irradiance,2014,193.5
irradiance,2014,189.4
irradiance,2014,185.3
irradiance,2014,181.2
irradiance,2014,177.1
irradiance,2014,173
irradiance,2014,168.8
irradiance,2014,222.3
irradiance,2014,218.2
irradiance,2014,214.1
irradiance,2014,210
irradiance,2014,205.9
irradiance,2014,201.8
irradiance,2014,197.6
irradiance,2014,193.5
irradiance,2014,189.4
irradiance,2014,185.3
irradiance,2014,181.2
irradiance,2014,177.1
irradiance,2014,173
irradiance,2014,222.3
irradiance,2014,218.2
irradiance,2014,214.1
irradiance,2014,210
irradiance,2014,205.9
irradiance,2014,201.8
irradiance,2014,197.6
irradiance,2014,193.5
irradiance,2014,189.4
irradiance,2014,185.3
irradiance,2014,181.2
irradiance,2014,177.1
irradiance,2014,226.4
irradiance,2014,222.3
irradiance,2014,218.2
irradiance,2014,214.1
irradiance,2014,210
irradiance,2014,205.9
irradiance,2014,201.8
irradiance,2014,197.6
irradiance,2014,193.5
irradiance,2014,189.4
irradiance,2014,185.3
irradiance,2014,181.2
irradiance,2014,226.4
irradiance,2014,222.3
irradiance,2014,218.2
irradiance,2014,214.1
irradiance,2014,210
irradiance,2014,205.9
irradiance,2014,201.8
irradiance,2014,197.6
irradiance,2014,193.5
irradiance,2014,189.4
irradiance,2014,185.3
irradiance,2014,226.4
irradiance,2014,222.3
irradiance,2014,218.2
irradiance,2014,214.1
irradiance,2014,210
irradiance,2014,205.9
irradiance,2014,201.8
irradiance,2014,197.6
irradiance,2014,193.5
irradiance,2014,189.4
irradiance,2014,185.3
irradiance,2014,226.4
irradiance,2014,222.3
irradiance,2014,218.2
irradiance,2014,214.1
irradiance,2014,210
irradiance,2014,205.9
irradiance,2014,201.8
irradiance,2014,197.6
irradiance,2014,193.5
irradiance,2014,189.4
irradiance,2014,230.6
irradiance,2014,226.4
irradiance,2014,222.3
irradiance,2014,218.2
irradiance,2014,214.1
irradiance,2014,210
irradiance,2014,205.9
irradiance,2014,201.8
irradiance,2014,197.6
irradiance,2014,193.5
irradiance,2014,230.6
irradiance,2014,226.4
irradiance,2014,222.3
irradiance,2014,218.2
irradiance,2014,214.1
irradiance,2014,210
irradiance,2014,205.9
irradiance,2014,201.8
irradiance,2014,197.6
irradiance,2014,193.5
irradiance,2014,230.6
irradiance,2014,226.4
irradiance,2014,222.3
irradiance,2014,218.2
irradiance,2014,214.1
irradiance,2014,210
irradiance,2014,205.9
irradiance,2014,201.8
irradiance,2014,197.6
irradiance,2014,193.5
irradiance,2014,230.6
irradiance,2014,226.4
irradiance,2014,222.3
irradiance,2014,218.2
irradiance,2014,214.1
irradiance,2014,210
irradiance,2014,205.9
irradiance,2014,201.8
irradiance,2014,197.6
irradiance,2014,234.7
irradiance,2014,230.6
irradiance,2014,226.4
irradiance,2014,222.3
irradiance,2014,218.2
irradiance,2014,214.1
irradiance,2014,210
irradiance,2014,205.9
irradiance,2014,201.8
irradiance,2014,197.6
irradiance,2014,234.7
irradiance,2014,230.6
irradiance,2014,226.4
irradiance,2014,222.3
irradiance,2014,218.2
irradiance,2014,214.1
irradiance,2014,210
irradiance,2014,205.9
irradiance,2014,201.8
irradiance,2014,197.6
irradiance,2014,234.7
irradiance,2014,230.6
irradiance,2014,226.4
irradiance,2014,222.3
irradiance,2014,218.2
irradiance,2014,214.1
irradiance,2014,210
irradiance,2014,205.9
irradiance,2014,201.8
irradiance,2014,197.6
irradiance,2014,234.7
irradiance,2014,230.6
irradiance,2014,226.4
irradiance,2014,222.3
irradiance,2014,218.2
irradiance,2014,214.1
irradiance,2014,210
irradiance,2014,205.9
irradiance,2014,201.8
irradiance,2014,238.8
irradiance,2014,234.7
irradiance,2014,230.6
irradiance,2014,226.4
irradiance,2014,222.3
irradiance,2014,218.2
irradiance,2014,214.1
irradiance,2014,210
irradiance,2014,205.9
irradiance,2014,201.8
irradiance,2014,238.8
irradiance,2014,234.7
irradiance,2014,230.6
irradiance,2014,226.4
irradiance,2014,222.3
irradiance,2014,218.2
irradiance,2014,214.1
irradiance,2014,210
irradiance,2014,205.9
irradiance,2014,201.8
irradiance,2014,242.9
irradiance,2014,238.8
irradiance,2014,234.7
irradiance,2014,230.6
irradiance,2014,226.4
irradiance,2014,222.3
irradiance,2014,218.2
irradiance,2014,214.1
irradiance,2014,210
irradiance,2014,205.9
irradiance,2014,201.8
irradiance,2014,247
irradiance,2014,242.9
irradiance,2014,238.8
irradiance,2014,234.7
irradiance,2014,230.6
irradiance,2014,226.4
irradiance,2014,222.3
irradiance,2014,218.2
irradiance,2014,214.1
irradiance,2014,210
irradiance,2014,205.9
irradiance,2014,247
irradiance,2014,242.9
irradiance,2014,238.8
irradiance,2014,234.7
irradiance,2014,230.6
irradiance,2014,226.4
irradiance,2014,222.3
irradiance,2014,218.2
irradiance,2014,214.1
irradiance,2014,210
irradiance,2014,205.9
irradiance,2014,251.1
irradiance,2014,247
irradiance,2014,242.9
irradiance,2014,238.8
irradiance,2014,234.7
irradiance,2014,230.6
irradiance,2014,226.4
irradiance,2014,222.3
irradiance,2014,218.2
irradiance,2014,214.1
irradiance,2014,210
irradiance,2014,205.9
irradiance,2014,255.2
irradiance,2014,251.1
irradiance,2014,247
irradiance,2014,242.9
irradiance,2014,238.8
irradiance,2014,234.7
irradiance,2014,230.6
irradiance,2014,226.4
irradiance,2014,222.3
irradiance,2014,218.2
irradiance,2014,214.1
irradiance,2014,210
irradiance,2014,255.2
irradiance,2014,251.1
irradiance,2014,247
irradiance,2014,242.9
irradiance,2014,238.8
irradiance,2014,234.7
irradiance,2014,230.6
irradiance,2014,226.4
irradiance,2014,222.3
irradiance,2014,218.2
irradiance,2014,214.1
irradiance,2014,259.4
irradiance,2014,255.2
irradiance,2014,251.1
irradiance,2014,247
irradiance,2014,242.9
irradiance,2014,238.8
irradiance,2014,234.7
irradiance,2014,230.6
irradiance,2014,226.4
irradiance,2014,222.3
irradiance,2014,218.2
irradiance,2014,214.1
irradiance,2014,263.5
irradiance,2014,259.4
irradiance,2014,255.2
irradiance,2014,251.1
irradiance,2014,247
irradiance,2014,242.9
irradiance,2014,238.8
irradiance,2014,234.7
irradiance,2014,230.6
irradiance,2014,226.4
irradiance,2014,222.3
irradiance,2014,218.2
irradiance,2014,263.5
irradiance,2014,259.4
irradiance,2014,255.2
irradiance,2014,251.1
irradiance,2014,247
irradiance,2014,242.9
irradiance,2014,238.8
irradiance,2014,234.7
irradiance,2014,230.6
irradiance,2014,226.4
irradiance,2014,222.3
irradiance,2014,267.6
irradiance,2014,263.5
irradiance,2014,259.4
irradiance,2014,255.2
irradiance,2014,251.1
irradiance,2014,247
irradiance,2014,242.9
irradiance,2014,238.8
irradiance,2014,234.7
irradiance,2014,230.6
irradiance,2014,226.4
irradiance,2014,222.3
irradiance,2014,271.7
irradiance,2014,267.6
irradiance,2014,263.5
irradiance,2014,259.4
irradiance,2014,255.2
irradiance,2014,251.1
irradiance,2014,247
irradiance,2014,242.9
irradiance,2014,238.8
irradiance,2014,234.7
irradiance,2014,230.6
irradiance,2014,226.4
irradiance,2014,271.7
irradiance,2014,267.6
irradiance,2014,263.5
irradiance,2014,259.4
irradiance,2014,255.2
irradiance,2014,251.1
irradiance,2014,247
irradiance,2014,242.9
irradiance,2014,238.8
irradiance,2014,234.7
irradiance,2014,230.6
irradiance,2014,271.7
irradiance,2014,267.6
irradiance,2014,263.5
irradiance,2014,259.4
irradiance,2014,255.2
irradiance,2014,251.1
irradiance,2014,247
irradiance,2014,242.9
irradiance,2014,238.8
irradiance,2014,234.7
irradiance,2014,271.7
irradiance,2014,267.6
irradiance,2014,263.5
irradiance,2014,259.4
irradiance,2014,255.2
irradiance,2014,251.1
irradiance,2014,247
irradiance,2014,242.9
irradiance,2014,238.8
irradiance,2014,234.7
irradiance,2014,271.7
irradiance,2014,267.6
irradiance,2014,263.5
irradiance,2014,259.4
irradiance,2014,255.2
irradiance,2014,251.1
irradiance,2014,247
irradiance,2014,242.9
irradiance,2014,238.8
irradiance,2014,234.7
irradiance,2014,230.6
irradiance,2014,267.6
irradiance,2014,263.5
irradiance,2014,259.4
irradiance,2014,255.2
irradiance,2014,251.1
irradiance,2014,247
irradiance,2014,242.9
irradiance,2014,238.8
irradiance,2014,234.7
irradiance,2014,230.6
irradiance,2014,267.6
irradiance,2014,263.5
irradiance,2014,259.4
irradiance,2014,255.2
irradiance,2014,251.1
irradiance,2014,247
irradiance,2014,242.9
irradiance,2014,238.8
irradiance,2014,234.7
irradiance,2014,230.6
irradiance,2014,226.4
irradiance,2014,263.5
irradiance,2014,259.4
irradiance,2014,255.2
irradiance,2014,251.1
irradiance,2014,247
irradiance,2014,242.9
irradiance,2014,238.8
irradiance,2014,234.7
irradiance,2014,230.6
irradiance,2014,226.4
irradiance,2014,222.3
irradiance,2014,263.5
irradiance,2014,259.4
irradiance,2014,255.2
irradiance,2014,251.1
irradiance,2014,247
irradiance,2014,242.9
irradiance,2014,238.8
irradiance,2014,234.7
irradiance,2014,230.6
irradiance,2014,226.4
irradiance,2014,222.3
irradiance,2014,259.4
irradiance,2014,255.2
irradiance,2014,251.1
irradiance,2014,247
irradiance,2014,242.9
irradiance,2014,238.8
irradiance,2014,234.7
irradiance,2014,230.6
irradiance,2014,226.4
irradiance,2014,222.3
irradiance,2014,218.2
irradiance,2014,255.2
irradiance,2014,251.1
irradiance,2014,247
irradiance,2014,242.9
irradiance,2014,238.8
irradiance,2014,234.7
irradiance,2014,230.6
irradiance,2014,226.4
irradiance,2014,222.3
irradiance,2014,218.2
irradiance,2014,255.2
irradiance,2014,251.1
irradiance,2014,247
irradiance,2014,242.9
irradiance,2014,238.8
irradiance,2014,234.7
irradiance,2014,230.6
irradiance,2014,226.4
irradiance,2014,222.3
irradiance,2014,218.2
irradiance,2014,214.1
irradiance,2014,251.1
irradiance,2014,247
irradiance,2014,242.9
irradiance,2014,238.8
irradiance,2014,234.7
irradiance,2014,230.6
irradiance,2014,226.4
irradiance,2014,222.3
irradiance,2014,218.2
irradiance,2014,214.1
irradiance,2015,251.1
irradiance,2015,247
irradiance,2015,242.9
irradiance,2015,238.8
irradiance,2015,234.7
irradiance,2015,230.6
irradiance,2015,226.4
irradiance,2015,222.3
irradiance,2015,218.2
irradiance,2015,214.1
irradiance,2015,210
irradiance,2015,247
irradiance,2015,242.9
irradiance,2015,238.8
irradiance,2015,234.7
irradiance,2015,230.6
irradiance,2015,226.4
irradiance,2015,222.3
irradiance,2015,218.2
irradiance,2015,214.1
irradiance,2015,210
irradiance,2015,205.9
irradiance,2015,247
irradiance,2015,242.9
irradiance,2015,238.8
irradiance,2015,234.7
irradiance,2015,230.6
irradiance,2015,226.4
irradiance,2015,222.3
irradiance,2015,218.2
irradiance,2015,214.1
irradiance,2015,210
irradiance,2015,205.9
irradiance,2015,242.9
irradiance,2015,238.8
irradiance,2015,234.7
irradiance,2015,230.6
irradiance,2015,226.4
irradiance,2015,222.3
irradiance,2015,218.2
irradiance,2015,214.1
irradiance,2015,210
irradiance,2015,205.9
irradiance,2015,201.8
irradiance,2015,242.9
irradiance,2015,238.8
irradiance,2015,234.7
irradiance,2015,230.6
irradiance,2015,226.4
irradiance,2015,222.3
irradiance,2015,218.2
irradiance,2015,214.1
irradiance,2015,210
irradiance,2015,205.9
irradiance,2015,201.8
irradiance,2015,197.6
irradiance,2015,238.8
irradiance,2015,234.7
irradiance,2015,230.6
irradiance,2015,226.4
irradiance,2015,222.3
irradiance,2015,218.2
irradiance,2015,214.1
irradiance,2015,210
irradiance,2015,205.9
irradiance,2015,201.8
irradiance,2015,197.6
irradiance,2015,193.5
irradiance,2015,234.7
irradiance,2015,230.6
irradiance,2015,226.4
irradiance,2015,222.3
irradiance,2015,218.2
irradiance,2015,214.1
irradiance,2015,210
irradiance,2015,205.9
irradiance,2015,201.8
irradiance,2015,197.6
irradiance,2015,193.5
irradiance,2015,234.7
irradiance,2015,230.6
irradiance,2015,226.4
irradiance,2015,222.3
irradiance,2015,218.2
irradiance,2015,214.1
irradiance,2015,210
irradiance,2015,205.9
irradiance,2015,201.8
irradiance,2015,197.6
irradiance,2015,193.5
irradiance,2015,189.4
irradiance,2015,230.6
irradiance,2015,226.4
irradiance,2015,222.3
irradiance,2015,218.2
irradiance,2015,214.1
irradiance,2015,210
irradiance,2015,205.9
irradiance,2015,201.8
irradiance,2015,197.6
irradiance,2015,193.5
irradiance,2015,189.4
irradiance,2015,185.3
irradiance,2015,226.4
irradiance,2015,222.3
irradiance,2015,218.2
irradiance,2015,214.1
irradiance,2015,210
irradiance,2015,205.9
irradiance,2015,201.8
irradiance,2015,197.6
irradiance,2015,193.5
irradiance,2015,189.4
irradiance,2015,185.3
irradiance,2015,226.4
irradiance,2015,222.3
irradiance,2015,218.2
irradiance,2015,214.1
irradiance,2015,210
irradiance,2015,205.9
irradiance,2015,201.8
irradiance,2015,197.6
irradiance,2015,193.5
irradiance,2015,189.4
irradiance,2015,185.3
irradiance,2015,181.2
irradiance,2015,222.3
irradiance,2015,218.2
irradiance,2015,214.1
irradiance,2015,210
irradiance,2015,205.9
irradiance,2015,201.8
irradiance,2015,197.6
irradiance,2015,193.5
irradiance,2015,189.4
irradiance,2015,185.3
irradiance,2015,181.2
irradiance,2015,177.1
irradiance,2015,218.2
irradiance,2015,214.1
irradiance,2015,210
irradiance,2015,205.9
irradiance,2015,201.8
irradiance,2015,197.6
irradiance,2015,193.5
irradiance,2015,189.4
irradiance,2015,185.3
irradiance,2015,181.2
irradiance,2015,177.1
irradiance,2015,173
irradiance,2015,214.1
irradiance,2015,210
irradiance,2015,205.9
irradiance,2015,201.8
irradiance,2015,197.6
irradiance,2015,193.5
irradiance,2015,189.4
irradiance,2015,185.3
irradiance,2015,181.2
irradiance,2015,177.1
irradiance,2015,173
irradiance,2015,214.1
irradiance,2015,210
irradiance,2015,205.9
irradiance,2015,201.8
irradiance,2015,197.6
irradiance,2015,193.5
irradiance,2015,189.4
irradiance,2015,185.3
irradiance,2015,181.2
irradiance,2015,177.1
irradiance,2015,173
irradiance,2015,168.8
irradiance,2015,210
irradiance,2015,205.9
irradiance,2015,201.8
irradiance,2015,197.6
irradiance,2015,193.5
irradiance,2015,189.4
irradiance,2015,185.3
irradiance,2015,181.2
irradiance,2015,177.1
irradiance,2015,173
irradiance,2015,168.8
irradiance,2015,210
irradiance,2015,205.9
irradiance,2015,201.8
irradiance,2015,197.6
irradiance,2015,193.5
irradiance,2015,189.4
irradiance,2015,185.3
irradiance,2015,181.2
irradiance,2015,177.1
irradiance,2015,173
irradiance,2015,168.8
irradiance,2015,210
irradiance,2015,205.9
irradiance,2015,201.8
irradiance,2015,197.6
irradiance,2015,193.5
irradiance,2015,189.4
irradiance,2015,185.3
irradiance,2015,181.2
irradiance,2015,177.1
irradiance,2015,173
irradiance,2015,214.1
irradiance,2015,210
irradiance,2015,205.9
irradiance,2015,201.8
irradiance,2015,197.6
irradiance,2015,193.5
irradiance,2015,189.4
irradiance,2015,185.3
irradiance,2015,181.2
irradiance,2015,177.1
irradiance,2015,173
irradiance,2015,214.1
irradiance,2015,210
irradiance,2015,205.9
irradiance,2015,201.8
irradiance,2015,197.6
irradiance,2015,193.5
irradiance,2015,189.4
irradiance,2015,185.3
irradiance,2015,181.2
irradiance,2015,177.1
irradiance,2015,218.2
irradiance,2015,214.1
irradiance,2015,210
irradiance,2015,205.9
irradiance,2015,201.8
irradiance,2015,197.6
irradiance,2015,193.5
irradiance,2015,189.4
irradiance,2015,185.3
irradiance,2015,181.2
irradiance,2015,177.1
irradiance,2015,218.2
irradiance,2015,214.1
irradiance,2015,210
irradiance,2015,205.9
irradiance,2015,201.8
irradiance,2015,197.6
irradiance,2015,193.5
irradiance,2015,189.4
irradiance,2015,185.3
irradiance,2015,181.2
irradiance,2015,222.3
irradiance,2015,218.2
irradiance,2015,214.1
irradiance,2015,210
irradiance,2015,205.9
irradiance,2015,201.8
irradiance,2015,197.6
irradiance,2015,193.5
irradiance,2015,189.4
irradiance,2015,185.3
irradiance,2015,181.2
irradiance,2015,222.3
irradiance,2015,218.2
irradiance,2015,214.1
irradiance,2015,210
irradiance,2015,205.9
irradiance,2015,201.8
irradiance,2015,197.6
irradiance,2015,193.5
irradiance,2015,189.4
irradiance,2015,185.3
irradiance,2015,181.2
irradiance,2015,226.4
irradiance,2015,222.3
irradiance,2015,218.2
irradiance,2015,214.1
irradiance,2015,210
irradiance,2015,205.9
irradiance,2015,201.8
irradiance,2015,197.6
irradiance,2015,193.5
irradiance,2015,189.4
irradiance,2015,185.3
irradiance,2015,226.4
irradiance,2015,222.3
irradiance,2015,218.2
irradiance,2015,214.1
irradiance,2015,210
irradiance,2015,205.9
irradiance,2015,201.8
irradiance,2015,197.6
irradiance,2015,193.5
irradiance,2015,189.4
irradiance,2015,185.3
irradiance,2015,230.6
irradiance,2015,226.4
irradiance,2015,222.3
irradiance,2015,218.2
irradiance,2015,214.1
irradiance,2015,210
irradiance,2015,205.9
irradiance,2015,201.8
irradiance,2015,197.6
irradiance,2015,193.5
irradiance,2015,189.4
irradiance,2015,230.6
irradiance,2015,226.4
irradiance,2015,222.3
irradiance,2015,218.2
irradiance,2015,214.1
irradiance,2015,210
irradiance,2015,205.9
irradiance,2015,201.8
irradiance,2015,197.6
irradiance,2015,193.5
irradiance,2015,189.4
irradiance,2015,230.6
irradiance,2015,226.4
irradiance,2015,222.3
irradiance,2015,218.2
irradiance,2015,214.1
irradiance,2015,210
irradiance,2015,205.9
irradiance,2015,201.8
irradiance,2015,197.6
irradiance,2015,193.5
irradiance,2015,230.6
irradiance,2015,226.4
irradiance,2015,222.3
irradiance,2015,218.2
irradiance,2015,214.1
irradiance,2015,210
irradiance,2015,205.9
irradiance,2015,201.8
irradiance,2015,197.6
irradiance,2015,193.5
irradiance,2015,230.6
irradiance,2015,226.4
irradiance,2015,222.3
irradiance,2015,218.2
irradiance,2015,214.1
irradiance,2015,210
irradiance,2015,205.9
irradiance,2015,201.8
irradiance,2015,197.6
irradiance,2015,230.6
irradiance,2015,226.4
irradiance,2015,222.3
irradiance,2015,218.2
irradiance,2015,214.1
irradiance,2015,210
irradiance,2015,205.9
irradiance,2015,201.8
irradiance,2015,197.6
irradiance,2015,230.6
irradiance,2015,226.4
irradiance,2015,222.3
irradiance,2015,218.2
irradiance,2015,214.1
irradiance,2015,210
irradiance,2015,205.9
irradiance,2015,201.8
irradiance,2015,197.6
irradiance,2015,230.6
irradiance,2015,226.4
irradiance,2015,222.3
irradiance,2015,218.2
irradiance,2015,214.1
irradiance,2015,210
irradiance,2015,205.9
irradiance,2015,201.8
irradiance,2015,197.6
irradiance,2015,234.7
irradiance,2015,230.6
irradiance,2015,226.4
irradiance,2015,222.3
irradiance,2015,218.2
irradiance,2015,214.1
irradiance,2015,210
irradiance,2015,205.9
irradiance,2015,201.8
irradiance,2015,197.6
irradiance,2015,234.7
irradiance,2015,230.6
irradiance,2015,226.4
irradiance,2015,222.3
irradiance,2015,218.2
irradiance,2015,214.1
irradiance,2015,210
irradiance,2015,205.9
irradiance,2015,201.8
irradiance,2015,197.6
irradiance,2015,234.7
irradiance,2015,230.6
irradiance,2015,226.4
irradiance,2015,222.3
irradiance,2015,218.2
irradiance,2015,214.1
irradiance,2015,210
irradiance,2015,205.9
irradiance,2015,201.8
irradiance,2015,197.6
irradiance,2015,234.7
irradiance,2015,230.6
irradiance,2015,226.4
irradiance,2015,222.3
irradiance,2015,218.2
irradiance,2015,214.1
irradiance,2015,210
irradiance,2015,205.9
irradiance,2015,201.8
irradiance,2015,197.6
irradiance,2015,234.7
irradiance,2015,230.6
irradiance,2015,226.4
irradiance,2015,222.3
irradiance,2015,218.2
irradiance,2015,214.1
irradiance,2015,210
irradiance,2015,205.9
irradiance,2015,201.8
irradiance,2015,197.6
irradiance,2015,234.7
irradiance,2015,230.6
irradiance,2015,226.4
irradiance,2015,222.3
irradiance,2015,218.2
irradiance,2015,214.1
irradiance,2015,210
irradiance,2015,205.9
irradiance,2015,201.8
irradiance,2015,197.6
irradiance,2015,234.7
irradiance,2015,230.6
irradiance,2015,226.4
irradiance,2015,222.3
irradiance,2015,218.2
irradiance,2015,214.1
irradiance,2015,210
irradiance,2015,205.9
irradiance,2015,201.8
irradiance,2015,197.6
irradiance,2015,234.7
irradiance,2015,230.6
irradiance,2015,226.4
irradiance,2015,222.3
irradiance,2015,218.2
irradiance,2015,214.1
irradiance,2015,210
irradiance,2015,205.9
irradiance,2015,201.8
irradiance,2015,197.6
irradiance,2015,234.7
irradiance,2015,230.6
irradiance,2015,226.4
irradiance,2015,222.3
irradiance,2015,218.2
irradiance,2015,214.1
irradiance,2015,210
irradiance,2015,205.9
irradiance,2015,201.8
irradiance,2015,238.8
irradiance,2015,234.7
irradiance,2015,230.6
irradiance,2015,226.4
irradiance,2015,222.3
irradiance,2015,218.2
irradiance,2015,214.1
irradiance,2015,210
irradiance,2015,205.9
irradiance,2015,201.8
irradiance,2015,238.8
irradiance,2015,234.7
irradiance,2015,230.6
irradiance,2015,226.4
irradiance,2015,222.3
irradiance,2015,218.2
irradiance,2015,214.1
irradiance,2015,210
irradiance,2015,205.9
irradiance,2015,201.8
irradiance,2015,238.8
irradiance,2015,234.7
irradiance,2015,230.6
irradiance,2015,226.4
irradiance,2015,222.3
irradiance,2015,218.2
irradiance,2015,214.1
irradiance,2015,210
irradiance,2015,205.9
irradiance,2015,201.8
irradiance,2015,238.8
irradiance,2015,234.7
irradiance,2015,230.6
irradiance,2015,226.4
irradiance,2015,222.3
irradiance,2015,218.2
irradiance,2015,214.1
irradiance,2015,210
irradiance,2015,205.9
irradiance,2015,201.8
irradiance,2015,238.8
irradiance,2015,234.7
irradiance,2015,230.6
irradiance,2015,226.4
irradiance,2015,222.3
irradiance,2015,218.2
irradiance,2015,214.1
irradiance,2015,210
irradiance,2015,205.9
irradiance,2015,238.8
irradiance,2015,234.7
irradiance,2015,230.6
irradiance,2015,226.4
irradiance,2015,222.3
irradiance,2015,218.2
irradiance,2015,214.1
irradiance,2015,210
irradiance,2015,205.9
irradiance,2015,242.9
irradiance,2015,238.8
irradiance,2015,234.7
irradiance,2015,230.6
irradiance,2015,226.4
irradiance,2015,222.3
irradiance,2015,218.2
irradiance,2015,214.1
irradiance,2015,210
irradiance,2015,205.9
irradiance,2015,242.9
irradiance,2015,238.8
irradiance,2015,234.7
irradiance,2015,230.6
irradiance,2015,226.4
irradiance,2015,222.3
irradiance,2015,218.2
irradiance,2015,214.1
irradiance,2015,210
irradiance,2015,205.9
irradiance,2015,242.9
irradiance,2015,238.8
irradiance,2015,234.7
irradiance,2015,230.6
irradiance,2015,226.4
irradiance,2015,222.3
irradiance,2015,218.2
irradiance,2015,214.1
irradiance,2015,210
irradiance,2015,205.9
irradiance,2015,242.9
irradiance,2015,238.8
irradiance,2015,234.7
irradiance,2015,230.6
irradiance,2015,226.4
irradiance,2015,222.3
irradiance,2015,218.2
irradiance,2015,214.1
irradiance,2015,210
irradiance,2015,242.9
irradiance,2015,238.8
irradiance,2015,234.7
irradiance,2015,230.6
irradiance,2015,226.4
irradiance,2015,222.3
irradiance,2015,218.2
irradiance,2015,214.1
irradiance,2015,210
irradiance,2015,247
irradiance,2015,242.9
irradiance,2015,238.8
irradiance,2015,234.7
irradiance,2015,230.6
irradiance,2015,226.4
irradiance,2015,222.3
irradiance,2015,218.2
irradiance,2015,214.1
irradiance,2015,210
irradiance,2015,242.9
irradiance,2015,238.8
irradiance,2015,234.7
irradiance,2015,230.6
irradiance,2015,226.4
irradiance,2015,222.3
irradiance,2015,218.2
irradiance,2015,214.1
irradiance,2015,210
irradiance,2015,205.9
irradiance,2015,242.9
irradiance,2015,238.8
irradiance,2015,234.7
irradiance,2015,230.6
irradiance,2015,226.4
irradiance,2015,222.3
irradiance,2015,218.2
irradiance,2015,214.1
irradiance,2015,210
irradiance,2015,205.9
irradiance,2015,201.8
irradiance,2015,242.9
irradiance,2015,238.8
irradiance,2015,234.7
irradiance,2015,230.6
irradiance,2015,226.4
irradiance,2015,222.3
irradiance,2015,218.2
irradiance,2015,214.1
irradiance,2015,210
irradiance,2015,205.9
irradiance,2015,201.8
irradiance,2015,238.8
irradiance,2015,234.7
irradiance,2015,230.6
irradiance,2015,226.4
irradiance,2015,222.3
irradiance,2015,218.2
irradiance,2015,214.1
irradiance,2015,210
irradiance,2015,205.9
irradiance,2015,201.8
irradiance,2015,197.6
irradiance,2015,238.8
irradiance,2015,234.7
irradiance,2015,230.6
irradiance,2015,226.4
irradiance,2015,222.3
irradiance,2015,218.2
irradiance,2015,214.1
irradiance,2015,210
irradiance,2015,205.9
irradiance,2015,201.8
irradiance,2015,197.6
irradiance,2015,234.7
irradiance,2015,230.6
irradiance,2015,226.4
irradiance,2015,222.3
irradiance,2015,218.2
irradiance,2015,214.1
irradiance,2015,210
irradiance,2015,205.9
irradiance,2015,201.8
irradiance,2015,197.6
irradiance,2015,193.5
irradiance,2015,230.6
irradiance,2015,226.4
irradiance,2015,222.3
irradiance,2015,218.2
irradiance,2015,214.1
irradiance,2015,210
irradiance,2015,205.9
irradiance,2015,201.8
irradiance,2015,197.6
irradiance,2015,193.5
irradiance,2015,189.4
irradiance,2015,230.6
irradiance,2015,226.4
irradiance,2015,222.3
irradiance,2015,218.2
irradiance,2015,214.1
irradiance,2015,210
irradiance,2015,205.9
irradiance,2015,201.8
irradiance,2015,197.6
irradiance,2015,193.5
irradiance,2015,189.4
irradiance,2015,226.4
irradiance,2015,222.3
irradiance,2015,218.2
irradiance,2015,214.1
irradiance,2015,210
irradiance,2015,205.9
irradiance,2015,201.8
irradiance,2015,197.6
irradiance,2015,193.5
irradiance,2015,189.4
irradiance,2015,185.3
irradiance,2015,226.4
irradiance,2015,222.3
irradiance,2015,218.2
irradiance,2015,214.1
irradiance,2015,210
irradiance,2015,205.9
irradiance,2015,201.8
irradiance,2015,197.6
irradiance,2015,193.5
irradiance,2015,189.4
irradiance,2015,185.3
irradiance,2015,222.3
irradiance,2015,218.2
irradiance,2015,214.1
irradiance,2015,210
irradiance,2015,205.9
irradiance,2015,201.8
irradiance,2015,197.6
irradiance,2015,193.5
irradiance,2015,189.4
irradiance,2015,185.3
irradiance,2015,181.2
irradiance,2015,218.2
irradiance,2015,214.1
irradiance,2015,210
irradiance,2015,205.9
irradiance,2015,201.8
irradiance,2015,197.6
irradiance,2015,193.5
irradiance,2015,189.4
irradiance,2015,185.3
irradiance,2015,181.2
irradiance,2015,177.1
irradiance,2015,218.2
irradiance,2015,214.1
irradiance,2015,210
irradiance,2015,205.9
irradiance,2015,201.8
irradiance,2015,197.6
irradiance,2015,193.5
irradiance,2015,189.4
irradiance,2015,185.3
irradiance,2015,181.2
irradiance,2015,177.1
irradiance,2015,214.1
irradiance,2015,210
irradiance,2015,205.9
irradiance,2015,201.8
irradiance,2015,197.6
irradiance,2015,193.5
irradiance,2015,189.4
irradiance,2015,185.3
irradiance,2015,181.2
irradiance,2015,177.1
irradiance,2015,218.2
irradiance,2015,214.1
irradiance,2015,210
irradiance,2015,205.9
irradiance,2015,201.8
irradiance,2015,197.6
irradiance,2015,193.5
irradiance,2015,189.4
irradiance,2015,185.3
irradiance,2015,181.2
irradiance,2015,177.1
irradiance,2015,218.2
irradiance,2015,214.1
irradiance,2015,210
irradiance,2015,205.9
irradiance,2015,201.8
irradiance,2015,197.6
irradiance,2015,193.5
irradiance,2015,189.4
irradiance,2015,185.3
irradiance,2015,181.2
irradiance,2015,218.2
irradiance,2015,214.1
irradiance,2015,210
irradiance,2015,205.9
irradiance,2015,201.8
irradiance,2015,197.6
irradiance,2015,193.5
irradiance,2015,189.4
irradiance,2015,185.3
irradiance,2015,181.2
irradiance,2015,222.3
irradiance,2015,218.2
irradiance,2015,214.1
irradiance,2015,210
irradiance,2015,205.9
irradiance,2015,201.8
irradiance,2015,197.6
irradiance,2015,193.5
irradiance,2015,189.4
irradiance,2015,185.3
irradiance,2015,222.3
irradiance,2015,218.2
irradiance,2015,214.1
irradiance,2015,210
irradiance,2015,205.9
irradiance,2015,201.8
irradiance,2015,197.6
irradiance,2015,193.5
irradiance,2015,189.4
irradiance,2015,185.3
irradiance,2015,226.4
irradiance,2015,222.3
irradiance,2015,218.2
irradiance,2015,214.1
irradiance,2015,210
irradiance,2015,205.9
irradiance,2015,201.8
irradiance,2015,197.6
irradiance,2015,193.5
irradiance,2015,189.4
irradiance,2015,226.4
irradiance,2015,222.3
irradiance,2015,218.2
irradiance,2015,214.1
irradiance,2015,210
irradiance,2015,205.9
irradiance,2015,201.8
irradiance,2015,197.6
irradiance,2015,193.5
irradiance,2015,189.4
irradiance,2015,230.6
irradiance,2015,226.4
irradiance,2015,222.3
irradiance,2015,218.2
irradiance,2015,214.1
irradiance,2015,210
irradiance,2015,205.9
irradiance,2015,201.8
irradiance,2015,197.6
irradiance,2015,193.5
irradiance,2015,189.4
irradiance,2015,230.6
irradiance,2015,226.4
irradiance,2015,222.3
irradiance,2015,218.2
irradiance,2015,214.1
irradiance,2015,210
irradiance,2015,205.9
irradiance,2015,201.8
irradiance,2015,197.6
irradiance,2015,193.5
irradiance,2015,234.7
irradiance,2015,230.6
irradiance,2015,226.4
irradiance,2015,222.3
irradiance,2015,218.2
irradiance,2015,214.1
irradiance,2015,210
irradiance,2015,205.9
irradiance,2015,201.8
irradiance,2015,197.6
irradiance,2015,193.5
irradiance,2015,234.7
irradiance,2015,230.6
irradiance,2015,226.4
irradiance,2015,222.3
irradiance,2015,218.2
irradiance,2015,214.1
irradiance,2015,210
irradiance,2015,205.9
irradiance,2015,201.8
irradiance,2015,197.6
irradiance,2015,238.8
irradiance,2015,234.7
irradiance,2015,230.6
irradiance,2015,226.4
irradiance,2015,222.3
irradiance,2015,218.2
irradiance,2015,214.1
irradiance,2015,210
irradiance,2015,205.9
irradiance,2015,201.8
irradiance,2015,197.6
irradiance,2015,193.5
irradiance,2015,189.4
irradiance,2015,238.8
irradiance,2015,234.7
irradiance,2015,230.6
irradiance,2015,226.4
irradiance,2015,222.3
irradiance,2015,218.2
irradiance,2015,214.1
irradiance,2015,210
irradiance,2015,205.9
irradiance,2015,201.8
irradiance,2015,197.6
irradiance,2015,193.5
irradiance,2015,189.4
irradiance,2015,185.3
irradiance,2015,234.7
irradiance,2015,230.6
irradiance,2015,226.4
irradiance,2015,222.3
irradiance,2015,218.2
irradiance,2015,214.1
irradiance,2015,210
irradiance,2015,205.9
irradiance,2015,201.8
irradiance,2015,197.6
irradiance,2015,193.5
irradiance,2015,189.4
irradiance,2015,185.3
irradiance,2015,181.2
irradiance,2015,234.7
irradiance,2015,230.6
irradiance,2015,226.4
irradiance,2015,222.3
irradiance,2015,218.2
irradiance,2015,214.1
irradiance,2015,210
irradiance,2015,205.9
irradiance,2015,201.8
irradiance,2015,197.6
irradiance,2015,193.5
irradiance,2015,189.4
irradiance,2015,185.3
irradiance,2015,181.2
irradiance,2015,177.1
irradiance,2015,173
irradiance,2015,230.6
irradiance,2015,226.4
irradiance,2015,222.3
irradiance,2015,218.2
irradiance,2015,214.1
irradiance,2015,210
irradiance,2015,205.9
irradiance,2015,201.8
irradiance,2015,197.6
irradiance,2015,193.5
irradiance,2015,189.4
irradiance,2015,185.3
irradiance,2015,181.2
irradiance,2015,177.1
irradiance,2015,173
irradiance,2015,168.8
irradiance,2015,226.4
irradiance,2015,222.3
irradiance,2015,218.2
irradiance,2015,214.1
irradiance,2015,210
irradiance,2015,205.9
irradiance,2015,201.8
irradiance,2015,197.6
irradiance,2015,193.5
irradiance,2015,189.4
irradiance,2015,185.3
irradiance,2015,181.2
irradiance,2015,177.1
irradiance,2015,173
irradiance,2015,168.8
irradiance,2015,164.7
irradiance,2015,160.6
irradiance,2015,218.2
irradiance,2015,214.1
irradiance,2015,210
irradiance,2015,205.9
irradiance,2015,201.8
irradiance,2015,197.6
irradiance,2015,193.5
irradiance,2015,189.4
irradiance,2015,185.3
irradiance,2015,181.2
irradiance,2015,177.1
irradiance,2015,173
irradiance,2015,168.8
irradiance,2015,164.7
irradiance,2015,160.6
irradiance,2015,156.5
irradiance,2015,214.1
irradiance,2015,210
irradiance,2015,205.9
irradiance,2015,201.8
irradiance,2015,197.6
irradiance,2015,193.5
irradiance,2015,189.4
irradiance,2015,185.3
irradiance,2015,181.2
irradiance,2015,177.1
irradiance,2015,173
irradiance,2015,168.8
irradiance,2015,164.7
irradiance,2015,160.6
irradiance,2015,156.5
irradiance,2015,152.4
irradiance,2015,210
irradiance,2015,205.9
irradiance,2015,201.8
irradiance,2015,197.6
irradiance,2015,193.5
irradiance,2015,189.4
irradiance,2015,185.3
irradiance,2015,181.2
irradiance,2015,177.1
irradiance,2015,173
irradiance,2015,168.8
irradiance,2015,164.7
irradiance,2015,160.6
irradiance,2015,156.5
irradiance,2015,152.4
irradiance,2015,148.3
irradiance,2015,144.2
irradiance,2015,201.8
irradiance,2015,197.6
irradiance,2015,193.5
irradiance,2015,189.4
irradiance,2015,185.3
irradiance,2015,181.2
irradiance,2015,177.1
irradiance,2015,173
irradiance,2015,168.8
irradiance,2015,164.7
irradiance,2015,160.6
irradiance,2015,156.5
irradiance,2015,152.4
irradiance,2015,148.3
irradiance,2015,144.2
irradiance,2015,140
irradiance,2015,197.6
irradiance,2015,193.5
irradiance,2015,189.4
irradiance,2015,185.3
irradiance,2015,181.2
irradiance,2015,177.1
irradiance,2015,173
irradiance,2015,168.8
irradiance,2015,164.7
irradiance,2015,160.6
irradiance,2015,156.5
irradiance,2015,152.4
irradiance,2015,148.3
irradiance,2015,144.2
irradiance,2015,140
irradiance,2015,135.9
irradiance,2015,193.5
irradiance,2015,189.4
irradiance,2015,185.3
irradiance,2015,181.2
irradiance,2015,177.1
irradiance,2015,173
irradiance,2015,168.8
irradiance,2015,164.7
irradiance,2015,160.6
irradiance,2015,156.5
irradiance,2015,152.4
irradiance,2015,148.3
irradiance,2015,144.2
irradiance,2015,140
irradiance,2015,135.9
irradiance,2015,131.8
irradiance,2015,185.3
irradiance,2015,181.2
irradiance,2015,177.1
irradiance,2015,173
irradiance,2015,168.8
irradiance,2015,164.7
irradiance,2015,160.6
irradiance,2015,156.5
irradiance,2015,152.4
irradiance,2015,148.3
irradiance,2015,144.2
irradiance,2015,140
irradiance,2015,135.9
irradiance,2015,131.8
irradiance,2015,127.7
irradiance,2015,181.2
irradiance,2015,177.1
irradiance,2015,173
irradiance,2015,168.8
irradiance,2015,164.7
irradiance,2015,160.6
irradiance,2015,156.5
irradiance,2015,152.4
irradiance,2015,148.3
irradiance,2015,144.2
irradiance,2015,140
irradiance,2015,135.9
irradiance,2015,131.8
irradiance,2015,127.7
irradiance,2015,173
irradiance,2015,168.8
irradiance,2015,164.7
irradiance,2015,160.6
irradiance,2015,156.5
irradiance,2015,152.4
irradiance,2015,148.3
irradiance,2015,144.2
irradiance,2015,140
irradiance,2015,135.9
irradiance,2015,131.8
irradiance,2015,127.7
irradiance,2015,173
irradiance,2015,168.8
irradiance,2015,164.7
irradiance,2015,160.6
irradiance,2015,156.5
irradiance,2015,152.4
irradiance,2015,148.3
irradiance,2015,144.2
irradiance,2015,140
irradiance,2015,135.9
irradiance,2015,131.8
irradiance,2015,127.7
irradiance,2015,177.1
irradiance,2015,173
irradiance,2015,168.8
irradiance,2015,164.7
irradiance,2015,160.6
irradiance,2015,156.5
irradiance,2015,152.4
irradiance,2015,148.3
irradiance,2015,144.2
irradiance,2015,140
irradiance,2015,135.9
irradiance,2015,131.8
irradiance,2015,177.1
irradiance,2015,173
irradiance,2015,168.8
irradiance,2015,164.7
irradiance,2015,160.6
irradiance,2015,156.5
irradiance,2015,152.4
irradiance,2015,148.3
irradiance,2015,144.2
irradiance,2015,140
irradiance,2015,135.9
irradiance,2015,131.8
irradiance,2015,181.2
irradiance,2015,177.1
irradiance,2015,173
irradiance,2015,168.8
irradiance,2015,164.7
irradiance,2015,160.6
irradiance,2015,156.5
irradiance,2015,152.4
irradiance,2015,148.3
irradiance,2015,144.2
irradiance,2015,140
irradiance,2015,135.9
irradiance,2015,185.3
irradiance,2015,181.2
irradiance,2015,177.1
irradiance,2015,173
irradiance,2015,168.8
irradiance,2015,164.7
irradiance,2015,160.6
irradiance,2015,156.5
irradiance,2015,152.4
irradiance,2015,148.3
irradiance,2015,144.2
irradiance,2015,140
irradiance,2015,185.3
irradiance,2015,181.2
irradiance,2015,177.1
irradiance,2015,173
irradiance,2015,168.8
irradiance,2015,164.7
irradiance,2015,160.6
irradiance,2015,156.5
irradiance,2015,152.4
irradiance,2015,148.3
irradiance,2015,144.2
irradiance,2015,189.4
irradiance,2015,185.3
irradiance,2015,181.2
irradiance,2015,177.1
irradiance,2015,173
irradiance,2015,168.8
irradiance,2015,164.7
irradiance,2015,160.6
irradiance,2015,156.5
irradiance,2015,152.4
irradiance,2015,148.3
irradiance,2015,144.2
irradiance,2015,193.5
irradiance,2015,189.4
irradiance,2015,185.3
irradiance,2015,181.2
irradiance,2015,177.1
irradiance,2015,173
irradiance,2015,168.8
irradiance,2015,164.7
irradiance,2015,160.6
irradiance,2015,156.5
irradiance,2015,152.4
irradiance,2015,148.3
irradiance,2015,197.6
irradiance,2015,193.5
irradiance,2015,189.4
irradiance,2015,185.3
irradiance,2015,181.2
irradiance,2015,177.1
irradiance,2015,173
irradiance,2015,168.8
irradiance,2015,164.7
irradiance,2015,160.6
irradiance,2015,156.5
irradiance,2015,152.4
irradiance,2015,197.6
irradiance,2015,193.5
irradiance,2015,189.4
irradiance,2015,185.3
irradiance,2015,181.2
irradiance,2015,177.1
irradiance,2015,173
irradiance,2015,168.8
irradiance,2015,164.7
irradiance,2015,160.6
irradiance,2015,156.5
irradiance,2015,201.8
irradiance,2015,197.6
irradiance,2015,193.5
irradiance,2015,189.4
irradiance,2015,185.3
irradiance,2015,181.2
irradiance,2015,177.1
irradiance,2015,173
irradiance,2015,168.8
irradiance,2015,164.7
irradiance,2015,160.6
irradiance,2015,156.5
irradiance,2015,201.8
irradiance,2015,197.6
irradiance,2015,193.5
irradiance,2015,189.4
irradiance,2015,185.3
irradiance,2015,181.2
irradiance,2015,177.1
irradiance,2015,173
irradiance,2015,168.8
irradiance,2015,164.7
irradiance,2015,160.6
irradiance,2015,205.9
irradiance,2015,201.8
irradiance,2015,197.6
irradiance,2015,193.5
irradiance,2015,189.4
irradiance,2015,185.3
irradiance,2015,181.2
irradiance,2015,177.1
irradiance,2015,173
irradiance,2015,168.8
irradiance,2015,164.7
irradiance,2015,205.9
irradiance,2015,201.8
irradiance,2015,197.6
irradiance,2015,193.5
irradiance,2015,189.4
irradiance,2015,185.3
irradiance,2015,181.2
irradiance,2015,177.1
irradiance,2015,173
irradiance,2015,168.8
irradiance,2015,205.9
irradiance,2015,201.8
irradiance,2015,197.6
irradiance,2015,193.5
irradiance,2015,189.4
irradiance,2015,185.3
irradiance,2015,181.2
irradiance,2015,177.1
irradiance,2015,173
irradiance,2015,168.8
irradiance,2015,210
irradiance,2015,205.9
irradiance,2015,201.8
irradiance,2015,197.6
irradiance,2015,193.5
irradiance,2015,189.4
irradiance,2015,185.3
irradiance,2015,181.2
irradiance,2015,177.1
irradiance,2015,173
irradiance,2015,168.8
irradiance,2015,210
irradiance,2015,205.9
irradiance,2015,201.8
irradiance,2015,197.6
irradiance,2015,193.5
irradiance,2015,189.4
irradiance,2015,185.3
irradiance,2015,181.2
irradiance,2015,177.1
irradiance,2015,173
irradiance,2015,210
irradiance,2015,205.9
irradiance,2015,201.8
irradiance,2015,197.6
irradiance,2015,193.5
irradiance,2015,189.4
irradiance,2015,185.3
irradiance,2015,181.2
irradiance,2015,177.1
irradiance,2015,173
irradiance,2015,214.1
irradiance,2015,210
irradiance,2015,205.9
irradiance,2015,201.8
irradiance,2015,197.6
irradiance,2015,193.5
irradiance,2015,189.4
irradiance,2015,185.3
irradiance,2015,181.2
irradiance,2015,177.1
irradiance,2015,214.1
irradiance,2015,210
irradiance,2015,205.9
irradiance,2015,201.8
irradiance,2015,197.6
irradiance,2015,193.5
irradiance,2015,189.4
irradiance,2015,185.3
irradiance,2015,181.2
irradiance,2015,177.1
irradiance,2015,214.1
irradiance,2015,210
irradiance,2015,205.9
irradiance,2015,201.8
irradiance,2015,197.6
irradiance,2015,193.5
irradiance,2015,189.4
irradiance,2015,185.3
irradiance,2015,181.2
irradiance,2015,177.1
irradiance,2015,218.2
irradiance,2015,214.1
irradiance,2015,210
irradiance,2015,205.9
irradiance,2015,201.8
irradiance,2015,197.6
irradiance,2015,193.5
irradiance,2015,189.4
irradiance,2015,185.3
irradiance,2015,181.2
irradiance,2015,218.2
irradiance,2015,214.1
irradiance,2015,210
irradiance,2015,205.9
irradiance,2015,201.8
irradiance,2015,197.6
irradiance,2015,193.5
irradiance,2015,189.4
irradiance,2015,185.3
irradiance,2015,181.2
irradiance,2015,222.3
irradiance,2015,218.2
irradiance,2015,214.1
irradiance,2015,210
irradiance,2015,205.9
irradiance,2015,201.8
irradiance,2015,197.6
irradiance,2015,193.5
irradiance,2015,189.4
irradiance,2015,185.3
irradiance,2015,181.2
irradiance,2015,222.3
irradiance,2015,218.2
irradiance,2015,214.1
irradiance,2015,210
irradiance,2015,205.9
irradiance,2015,201.8
irradiance,2015,197.6
irradiance,2015,193.5
irradiance,2015,189.4
irradiance,2015,185.3
irradiance,2015,222.3
irradiance,2015,218.2
irradiance,2015,214.1
irradiance,2015,210
irradiance,2015,205.9
irradiance,2015,201.8
irradiance,2015,197.6
irradiance,2015,193.5
irradiance,2015,189.4
irradiance,2015,185.3
irradiance,2015,226.4
irradiance,2015,222.3
irradiance,2015,218.2
irradiance,2015,214.1
irradiance,2015,210
irradiance,2015,205.9
irradiance,2015,201.8
irradiance,2015,197.6
irradiance,2015,193.5
irradiance,2015,189.4
irradiance,2015,185.3
irradiance,2015,226.4
irradiance,2015,222.3
irradiance,2015,218.2
irradiance,2015,214.1
irradiance,2015,210
irradiance,2015,205.9
irradiance,2015,201.8
irradiance,2015,197.6
irradiance,2015,193.5
irradiance,2015,189.4
irradiance,2015,226.4
irradiance,2015,222.3
irradiance,2015,218.2
irradiance,2015,214.1
irradiance,2015,210
irradiance,2015,205.9
irradiance,2015,201.8
irradiance,2015,197.6
irradiance,2015,193.5
irradiance,2015,189.4
irradiance,2015,230.6
irradiance,2015,226.4
irradiance,2015,222.3
irradiance,2015,218.2
irradiance,2015,214.1
irradiance,2015,210
irradiance,2015,205.9
irradiance,2015,201.8
irradiance,2015,197.6
irradiance,2015,193.5
irradiance,2015,189.4
irradiance,2015,230.6
irradiance,2015,226.4
irradiance,2015,222.3
irradiance,2015,218.2
irradiance,2015,214.1
irradiance,2015,210
irradiance,2015,205.9
irradiance,2015,201.8
irradiance,2015,197.6
irradiance,2015,193.5
irradiance,2015,230.6
irradiance,2015,226.4
irradiance,2015,222.3
irradiance,2015,218.2
irradiance,2015,214.1
irradiance,2015,210
irradiance,2015,205.9
irradiance,2015,201.8
irradiance,2015,197.6
irradiance,2015,193.5
irradiance,2015,234.7
irradiance,2015,230.6
irradiance,2015,226.4
irradiance,2015,222.3
irradiance,2015,218.2
irradiance,2015,214.1
irradiance,2015,210
irradiance,2015,205.9
irradiance,2015,201.8
irradiance,2015,197.6
irradiance,2015,193.5
irradiance,2015,234.7
irradiance,2015,230.6
irradiance,2015,226.4
irradiance,2015,222.3
irradiance,2015,218.2
irradiance,2015,214.1
irradiance,2015,210
irradiance,2015,205.9
irradiance,2015,201.8
irradiance,2015,197.6
irradiance,2015,234.7
irradiance,2015,230.6
irradiance,2015,226.4
irradiance,2015,222.3
irradiance,2015,218.2
irradiance,2015,214.1
irradiance,2015,210
irradiance,2015,205.9
irradiance,2015,201.8
irradiance,2015,197.6
irradiance,2015,238.8
irradiance,2015,234.7
irradiance,2015,230.6
irradiance,2015,226.4
irradiance,2015,222.3
irradiance,2015,218.2
irradiance,2015,214.1
irradiance,2015,210
irradiance,2015,205.9
irradiance,2015,201.8
irradiance,2015,197.6
irradiance,2015,238.8
irradiance,2015,234.7
irradiance,2015,230.6
irradiance,2015,226.4
irradiance,2015,222.3
irradiance,2015,218.2
irradiance,2015,214.1
irradiance,2015,210
irradiance,2015,205.9
irradiance,2015,201.8
irradiance,2015,242.9
irradiance,2015,238.8
irradiance,2015,234.7
irradiance,2015,230.6
irradiance,2015,226.4
irradiance,2015,222.3
irradiance,2015,218.2
irradiance,2015,214.1
irradiance,2015,210
irradiance,2015,205.9
irradiance,2015,201.8
irradiance,2015,247
irradiance,2015,242.9
irradiance,2015,238.8
irradiance,2015,234.7
irradiance,2015,230.6
irradiance,2015,226.4
irradiance,2015,222.3
irradiance,2015,218.2
irradiance,2015,214.1
irradiance,2015,210
irradiance,2015,205.9
irradiance,2015,251.1
irradiance,2015,247
irradiance,2015,242.9
irradiance,2015,238.8
irradiance,2015,234.7
irradiance,2015,230.6
irradiance,2015,226.4
irradiance,2015,222.3
irradiance,2015,218.2
irradiance,2015,214.1
irradiance,2015,210
irradiance,2015,205.9
irradiance,2015,255.2
irradiance,2015,251.1
irradiance,2015,247
irradiance,2015,242.9
irradiance,2015,238.8
irradiance,2015,234.7
irradiance,2015,230.6
irradiance,2015,226.4
irradiance,2015,222.3
irradiance,2015,218.2
irradiance,2015,214.1
irradiance,2015,210
irradiance,2015,205.9
irradiance,2015,259.4
irradiance,2015,255.2
irradiance,2015,251.1
irradiance,2015,247
irradiance,2015,242.9
irradiance,2015,238.8
irradiance,2015,234.7
irradiance,2015,230.6
irradiance,2015,226.4
irradiance,2015,222.3
irradiance,2015,218.2
irradiance,2015,214.1
irradiance,2015,210
irradiance,2015,263.5
irradiance,2015,259.4
irradiance,2015,255.2
irradiance,2015,251.1
irradiance,2015,247
irradiance,2015,242.9
irradiance,2015,238.8
irradiance,2015,234.7
irradiance,2015,230.6
irradiance,2015,226.4
irradiance,2015,222.3
irradiance,2015,218.2
irradiance,2015,214.1
irradiance,2015,267.6
irradiance,2015,263.5
irradiance,2015,259.4
irradiance,2015,255.2
irradiance,2015,251.1
irradiance,2015,247
irradiance,2015,242.9
irradiance,2015,238.8
irradiance,2015,234.7
irradiance,2015,230.6
irradiance,2015,226.4
irradiance,2015,222.3
irradiance,2015,218.2
irradiance,2015,271.7
irradiance,2015,267.6
irradiance,2015,263.5
irradiance,2015,259.4
irradiance,2015,255.2
irradiance,2015,251.1
irradiance,2015,247
irradiance,2015,242.9
irradiance,2015,238.8
irradiance,2015,234.7
irradiance,2015,230.6
irradiance,2015,226.4
irradiance,2015,222.3
irradiance,2015,275.8
irradiance,2015,271.7
irradiance,2015,267.6
irradiance,2015,263.5
irradiance,2015,259.4
irradiance,2015,255.2
irradiance,2015,251.1
irradiance,2015,247
irradiance,2015,242.9
irradiance,2015,238.8
irradiance,2015,234.7
irradiance,2015,230.6
irradiance,2015,226.4
irradiance,2015,275.8
irradiance,2015,271.7
irradiance,2015,267.6
irradiance,2015,263.5
irradiance,2015,259.4
irradiance,2015,255.2
irradiance,2015,251.1
irradiance,2015,247
irradiance,2015,242.9
irradiance,2015,238.8
irradiance,2015,234.7
irradiance,2015,230.6
irradiance,2015,279.9
irradiance,2015,275.8
irradiance,2015,271.7
irradiance,2015,267.6
irradiance,2015,263.5
irradiance,2015,259.4
irradiance,2015,255.2
irradiance,2015,251.1
irradiance,2015,247
irradiance,2015,242.9
irradiance,2015,238.8
irradiance,2015,234.7
irradiance,2015,284
irradiance,2015,279.9
irradiance,2015,275.8
irradiance,2015,271.7
irradiance,2015,267.6
irradiance,2015,263.5
irradiance,2015,259.4
irradiance,2015,255.2
irradiance,2015,251.1
irradiance,2015,247
irradiance,2015,242.9
irradiance,2015,238.8
irradiance,2015,234.7
irradiance,2015,288.2
irradiance,2015,284
irradiance,2015,279.9
irradiance,2015,275.8
irradiance,2015,271.7
irradiance,2015,267.6
irradiance,2015,263.5
irradiance,2015,259.4
irradiance,2015,255.2
irradiance,2015,251.1
irradiance,2015,247
irradiance,2015,242.9
irradiance,2015,238.8
irradiance,2015,288.2
irradiance,2015,284
irradiance,2015,279.9
irradiance,2015,275.8
irradiance,2015,271.7
irradiance,2015,267.6
irradiance,2015,263.5
irradiance,2015,259.4
irradiance,2015,255.2
irradiance,2015,251.1
irradiance,2015,247
irradiance,2015,242.9
irradiance,2015,288.2
irradiance,2015,284
irradiance,2015,279.9
irradiance,2015,275.8
irradiance,2015,271.7
irradiance,2015,267.6
irradiance,2015,263.5
irradiance,2015,259.4
irradiance,2015,255.2
irradiance,2015,251.1
irradiance,2015,247
irradiance,2015,288.2
irradiance,2015,284
irradiance,2015,279.9
irradiance,2015,275.8
irradiance,2015,271.7
irradiance,2015,267.6
irradiance,2015,263.5
irradiance,2015,259.4
irradiance,2015,255.2
irradiance,2015,251.1
irradiance,2015,288.2
irradiance,2015,284
irradiance,2015,279.9
irradiance,2015,275.8
irradiance,2015,271.7
irradiance,2015,267.6
irradiance,2015,263.5
irradiance,2015,259.4
irradiance,2015,255.2
irradiance,2015,251.1
irradiance,2015,288.2
irradiance,2015,284
irradiance,2015,279.9
irradiance,2015,275.8
irradiance,2015,271.7
irradiance,2015,267.6
irradiance,2015,263.5
irradiance,2015,259.4
irradiance,2015,255.2
irradiance,2015,288.2
irradiance,2015,284
irradiance,2015,279.9
irradiance,2015,275.8
irradiance,2015,271.7
irradiance,2015,267.6
irradiance,2015,263.5
irradiance,2015,259.4
irradiance,2015,255.2
irradiance,2015,946.4
irradiance,2015,942.3
irradiance,2015,938.2
irradiance,2015,934.1
irradiance,2015,292.3
irradiance,2015,288.2
irradiance,2015,284
irradiance,2015,279.9
irradiance,2015,275.8
irradiance,2015,271.7
irradiance,2015,267.6
irradiance,2015,263.5
irradiance,2015,259.4
irradiance,2015,255.2
irradiance,2015,946.4
irradiance,2015,942.3
irradiance,2015,938.2
irradiance,2015,934.1
irradiance,2015,292.3
irradiance,2015,288.2
irradiance,2015,284
irradiance,2015,279.9
irradiance,2015,275.8
irradiance,2015,271.7
irradiance,2015,267.6
irradiance,2015,263.5
irradiance,2015,259.4
irradiance,2015,255.2
irradiance,2015,946.4
irradiance,2015,942.3
irradiance,2015,938.2
irradiance,2015,934.1
irradiance,2015,292.3
irradiance,2015,288.2
irradiance,2015,284
irradiance,2015,279.9
irradiance,2015,275.8
irradiance,2015,271.7
irradiance,2015,267.6
irradiance,2015,263.5
irradiance,2015,259.4
irradiance,2015,255.2
irradiance,2015,946.4
irradiance,2015,942.3
irradiance,2015,938.2
irradiance,2015,934.1
irradiance,2015,292.3
irradiance,2015,288.2
irradiance,2015,284
irradiance,2015,279.9
irradiance,2015,275.8
irradiance,2015,271.7
irradiance,2015,267.6
irradiance,2015,263.5
irradiance,2015,259.4
irradiance,2015,255.2
irradiance,2016,946.4
irradiance,2016,942.3
irradiance,2016,938.2
irradiance,2016,934.1
irradiance,2016,292.3
irradiance,2016,288.2
irradiance,2016,284
irradiance,2016,279.9
irradiance,2016,275.8
irradiance,2016,271.7
irradiance,2016,267.6
irradiance,2016,263.5
irradiance,2016,259.4
irradiance,2016,255.2
irradiance,2016,946.4
irradiance,2016,942.3
irradiance,2016,938.2
irradiance,2016,934.1
irradiance,2016,292.3
irradiance,2016,288.2
irradiance,2016,284
irradiance,2016,279.9
irradiance,2016,275.8
irradiance,2016,271.7
irradiance,2016,267.6
irradiance,2016,263.5
irradiance,2016,259.4
irradiance,2016,255.2
irradiance,2016,946.4
irradiance,2016,942.3
irradiance,2016,938.2
irradiance,2016,934.1
irradiance,2016,292.3
irradiance,2016,288.2
irradiance,2016,284
irradiance,2016,279.9
irradiance,2016,275.8
irradiance,2016,271.7
irradiance,2016,267.6
irradiance,2016,263.5
irradiance,2016,259.4
irradiance,2016,255.2
irradiance,2016,946.4
irradiance,2016,942.3
irradiance,2016,938.2
irradiance,2016,934.1
irradiance,2016,292.3
irradiance,2016,288.2
irradiance,2016,284
irradiance,2016,279.9
irradiance,2016,275.8
irradiance,2016,271.7
irradiance,2016,267.6
irradiance,2016,263.5
irradiance,2016,259.4
irradiance,2016,255.2
irradiance,2016,251.1
irradiance,2016,946.4
irradiance,2016,942.3
irradiance,2016,938.2
irradiance,2016,934.1
irradiance,2016,292.3
irradiance,2016,288.2
irradiance,2016,284
irradiance,2016,279.9
irradiance,2016,275.8
irradiance,2016,271.7
irradiance,2016,267.6
irradiance,2016,263.5
irradiance,2016,259.4
irradiance,2016,255.2
irradiance,2016,251.1
irradiance,2016,247
irradiance,2016,946.4
irradiance,2016,942.3
irradiance,2016,938.2
irradiance,2016,934.1
irradiance,2016,292.3
irradiance,2016,288.2
irradiance,2016,284
irradiance,2016,279.9
irradiance,2016,275.8
irradiance,2016,271.7
irradiance,2016,267.6
irradiance,2016,263.5
irradiance,2016,259.4
irradiance,2016,255.2
irradiance,2016,251.1
irradiance,2016,247
irradiance,2016,242.9
irradiance,2016,946.4
irradiance,2016,942.3
irradiance,2016,938.2
irradiance,2016,934.1
irradiance,2016,292.3
irradiance,2016,288.2
irradiance,2016,284
irradiance,2016,279.9
irradiance,2016,275.8
irradiance,2016,271.7
irradiance,2016,267.6
irradiance,2016,263.5
irradiance,2016,259.4
irradiance,2016,255.2
irradiance,2016,251.1
irradiance,2016,247
irradiance,2016,242.9
irradiance,2016,238.8
irradiance,2016,946.4
irradiance,2016,942.3
irradiance,2016,938.2
irradiance,2016,934.1
irradiance,2016,288.2
irradiance,2016,284
irradiance,2016,279.9
irradiance,2016,275.8
irradiance,2016,271.7
irradiance,2016,267.6
irradiance,2016,263.5
irradiance,2016,259.4
irradiance,2016,255.2
irradiance,2016,251.1
irradiance,2016,247
irradiance,2016,242.9
irradiance,2016,238.8
irradiance,2016,234.7
irradiance,2016,946.4
irradiance,2016,942.3
irradiance,2016,938.2
irradiance,2016,934.1
irradiance,2016,284
irradiance,2016,279.9
irradiance,2016,275.8
irradiance,2016,271.7
irradiance,2016,267.6
irradiance,2016,263.5
irradiance,2016,259.4
irradiance,2016,255.2
irradiance,2016,251.1
irradiance,2016,247
irradiance,2016,242.9
irradiance,2016,238.8
irradiance,2016,234.7
irradiance,2016,230.6
irradiance,2016,946.4
irradiance,2016,942.3
irradiance,2016,938.2
irradiance,2016,934.1
irradiance,2016,279.9
irradiance,2016,275.8
irradiance,2016,271.7
irradiance,2016,267.6
irradiance,2016,263.5
irradiance,2016,259.4
irradiance,2016,255.2
irradiance,2016,251.1
irradiance,2016,247
irradiance,2016,242.9
irradiance,2016,238.8
irradiance,2016,234.7
irradiance,2016,230.6
irradiance,2016,226.4
irradiance,2016,222.3
irradiance,2016,946.4
irradiance,2016,942.3
irradiance,2016,938.2
irradiance,2016,934.1
irradiance,2016,271.7
irradiance,2016,267.6
irradiance,2016,263.5
irradiance,2016,259.4
irradiance,2016,255.2
irradiance,2016,251.1
irradiance,2016,247
irradiance,2016,242.9
irradiance,2016,238.8
irradiance,2016,234.7
irradiance,2016,230.6
irradiance,2016,226.4
irradiance,2016,222.3
irradiance,2016,218.2
irradiance,2016,946.4
irradiance,2016,942.3
irradiance,2016,938.2
irradiance,2016,934.1
irradiance,2016,267.6
irradiance,2016,263.5
irradiance,2016,259.4
irradiance,2016,255.2
irradiance,2016,251.1
irradiance,2016,247
irradiance,2016,242.9
irradiance,2016,238.8
irradiance,2016,234.7
irradiance,2016,230.6
irradiance,2016,226.4
irradiance,2016,222.3
irradiance,2016,218.2
irradiance,2016,214.1
irradiance,2016,946.4
irradiance,2016,942.3
irradiance,2016,938.2
irradiance,2016,934.1
irradiance,2016,263.5
irradiance,2016,259.4
irradiance,2016,255.2
irradiance,2016,251.1
irradiance,2016,247
irradiance,2016,242.9
irradiance,2016,238.8
irradiance,2016,234.7
irradiance,2016,230.6
irradiance,2016,226.4
irradiance,2016,222.3
irradiance,2016,218.2
irradiance,2016,214.1
irradiance,2016,210
irradiance,2016,946.4
irradiance,2016,942.3
irradiance,2016,938.2
irradiance,2016,934.1
irradiance,2016,259.4
irradiance,2016,255.2
irradiance,2016,251.1
irradiance,2016,247
irradiance,2016,242.9
irradiance,2016,238.8
irradiance,2016,234.7
irradiance,2016,230.6
irradiance,2016,226.4
irradiance,2016,222.3
irradiance,2016,218.2
irradiance,2016,214.1
irradiance,2016,210
irradiance,2016,205.9
irradiance,2016,946.4
irradiance,2016,942.3
irradiance,2016,938.2
irradiance,2016,934.1
irradiance,2016,255.2
irradiance,2016,251.1
irradiance,2016,247
irradiance,2016,242.9
irradiance,2016,238.8
irradiance,2016,234.7
irradiance,2016,230.6
irradiance,2016,226.4
irradiance,2016,222.3
irradiance,2016,218.2
irradiance,2016,214.1
irradiance,2016,210
irradiance,2016,205.9
irradiance,2016,201.8
irradiance,2016,946.4
irradiance,2016,942.3
irradiance,2016,938.2
irradiance,2016,934.1
irradiance,2016,251.1
irradiance,2016,247
irradiance,2016,242.9
irradiance,2016,238.8
irradiance,2016,234.7
irradiance,2016,230.6
irradiance,2016,226.4
irradiance,2016,222.3
irradiance,2016,218.2
irradiance,2016,214.1
irradiance,2016,210
irradiance,2016,205.9
irradiance,2016,201.8
irradiance,2016,946.4
irradiance,2016,942.3
irradiance,2016,938.2
irradiance,2016,934.1
irradiance,2016,247
irradiance,2016,242.9
irradiance,2016,238.8
irradiance,2016,234.7
irradiance,2016,230.6
irradiance,2016,226.4
irradiance,2016,222.3
irradiance,2016,218.2
irradiance,2016,214.1
irradiance,2016,210
irradiance,2016,205.9
irradiance,2016,201.8
irradiance,2016,946.4
irradiance,2016,942.3
irradiance,2016,938.2
irradiance,2016,934.1
irradiance,2016,242.9
irradiance,2016,238.8
irradiance,2016,234.7
irradiance,2016,230.6
irradiance,2016,226.4
irradiance,2016,222.3
irradiance,2016,218.2
irradiance,2016,214.1
irradiance,2016,210
irradiance,2016,205.9
irradiance,2016,201.8
irradiance,2016,946.4
irradiance,2016,942.3
irradiance,2016,938.2
irradiance,2016,934.1
irradiance,2016,238.8
irradiance,2016,234.7
irradiance,2016,230.6
irradiance,2016,226.4
irradiance,2016,222.3
irradiance,2016,218.2
irradiance,2016,214.1
irradiance,2016,210
irradiance,2016,205.9
irradiance,2016,201.8
irradiance,2016,946.4
irradiance,2016,942.3
irradiance,2016,938.2
irradiance,2016,934.1
irradiance,2016,234.7
irradiance,2016,230.6
irradiance,2016,226.4
irradiance,2016,222.3
irradiance,2016,218.2
irradiance,2016,214.1
irradiance,2016,210
irradiance,2016,205.9
irradiance,2016,201.8
irradiance,2016,946.4
irradiance,2016,942.3
irradiance,2016,938.2
irradiance,2016,934.1
irradiance,2016,234.7
irradiance,2016,230.6
irradiance,2016,226.4
irradiance,2016,222.3
irradiance,2016,218.2
irradiance,2016,214.1
irradiance,2016,210
irradiance,2016,205.9
irradiance,2016,201.8
irradiance,2016,946.4
irradiance,2016,942.3
irradiance,2016,938.2
irradiance,2016,934.1
irradiance,2016,234.7
irradiance,2016,230.6
irradiance,2016,226.4
irradiance,2016,222.3
irradiance,2016,218.2
irradiance,2016,214.1
irradiance,2016,210
irradiance,2016,205.9
irradiance,2016,201.8
irradiance,2016,946.4
irradiance,2016,942.3
irradiance,2016,938.2
irradiance,2016,934.1
irradiance,2016,234.7
irradiance,2016,230.6
irradiance,2016,226.4
irradiance,2016,222.3
irradiance,2016,218.2
irradiance,2016,214.1
irradiance,2016,210
irradiance,2016,205.9
irradiance,2016,201.8
irradiance,2016,946.4
irradiance,2016,942.3
irradiance,2016,938.2
irradiance,2016,934.1
irradiance,2016,234.7
irradiance,2016,230.6
irradiance,2016,226.4
irradiance,2016,222.3
irradiance,2016,218.2
irradiance,2016,214.1
irradiance,2016,210
irradiance,2016,205.9
irradiance,2016,201.8
irradiance,2016,1930
irradiance,2016,1926
irradiance,2016,1921
irradiance,2016,1917
irradiance,2016,946.4
irradiance,2016,942.3
irradiance,2016,938.2
irradiance,2016,934.1
irradiance,2016,234.7
irradiance,2016,230.6
irradiance,2016,226.4
irradiance,2016,222.3
irradiance,2016,218.2
irradiance,2016,214.1
irradiance,2016,210
irradiance,2016,205.9
irradiance,2016,201.8
irradiance,2016,1930
irradiance,2016,1926
irradiance,2016,1921
irradiance,2016,1917
irradiance,2016,946.4
irradiance,2016,942.3
irradiance,2016,938.2
irradiance,2016,934.1
irradiance,2016,234.7
irradiance,2016,230.6
irradiance,2016,226.4
irradiance,2016,222.3
irradiance,2016,218.2
irradiance,2016,214.1
irradiance,2016,210
irradiance,2016,205.9
irradiance,2016,201.8
irradiance,2016,197.6
irradiance,2016,1930
irradiance,2016,1926
irradiance,2016,1921
irradiance,2016,1917
irradiance,2016,946.4
irradiance,2016,942.3
irradiance,2016,938.2
irradiance,2016,934.1
irradiance,2016,234.7
irradiance,2016,230.6
irradiance,2016,226.4
irradiance,2016,222.3
irradiance,2016,218.2
irradiance,2016,214.1
irradiance,2016,210
irradiance,2016,205.9
irradiance,2016,201.8
irradiance,2016,197.6
irradiance,2016,1930
irradiance,2016,1926
irradiance,2016,1921
irradiance,2016,1917
irradiance,2016,946.4
irradiance,2016,942.3
irradiance,2016,938.2
irradiance,2016,934.1
irradiance,2016,234.7
irradiance,2016,230.6
irradiance,2016,226.4
irradiance,2016,222.3
irradiance,2016,218.2
irradiance,2016,214.1
irradiance,2016,210
irradiance,2016,205.9
irradiance,2016,201.8
irradiance,2016,197.6
irradiance,2016,1930
irradiance,2016,1926
irradiance,2016,1921
irradiance,2016,1917
irradiance,2016,946.4
irradiance,2016,942.3
irradiance,2016,938.2
irradiance,2016,934.1
irradiance,2016,234.7
irradiance,2016,230.6
irradiance,2016,226.4
irradiance,2016,222.3
irradiance,2016,218.2
irradiance,2016,214.1
irradiance,2016,210
irradiance,2016,205.9
irradiance,2016,201.8
irradiance,2016,197.6
irradiance,2016,1930
irradiance,2016,1926
irradiance,2016,1921
irradiance,2016,1917
irradiance,2016,946.4
irradiance,2016,942.3
irradiance,2016,938.2
irradiance,2016,934.1
irradiance,2016,234.7
irradiance,2016,230.6
irradiance,2016,226.4
irradiance,2016,222.3
irradiance,2016,218.2
irradiance,2016,214.1
irradiance,2016,210
irradiance,2016,205.9
irradiance,2016,201.8
irradiance,2016,197.6
irradiance,2016,1930
irradiance,2016,1926
irradiance,2016,1921
irradiance,2016,1917
irradiance,2016,946.4
irradiance,2016,942.3
irradiance,2016,938.2
irradiance,2016,934.1
irradiance,2016,234.7
irradiance,2016,230.6
irradiance,2016,226.4
irradiance,2016,222.3
irradiance,2016,218.2
irradiance,2016,214.1
irradiance,2016,210
irradiance,2016,205.9
irradiance,2016,201.8
irradiance,2016,197.6
irradiance,2016,1930
irradiance,2016,1926
irradiance,2016,1921
irradiance,2016,1917
irradiance,2016,946.4
irradiance,2016,942.3
irradiance,2016,938.2
irradiance,2016,934.1
irradiance,2016,234.7
irradiance,2016,230.6
irradiance,2016,226.4
irradiance,2016,222.3
irradiance,2016,218.2
irradiance,2016,214.1
irradiance,2016,210
irradiance,2016,205.9
irradiance,2016,201.8
irradiance,2016,197.6
irradiance,2016,1930
irradiance,2016,1926
irradiance,2016,1921
irradiance,2016,1917
irradiance,2016,946.4
irradiance,2016,942.3
irradiance,2016,938.2
irradiance,2016,934.1
irradiance,2016,234.7
irradiance,2016,230.6
irradiance,2016,226.4
irradiance,2016,222.3
irradiance,2016,218.2
irradiance,2016,214.1
irradiance,2016,210
irradiance,2016,205.9
irradiance,2016,201.8
irradiance,2016,1930
irradiance,2016,1926
irradiance,2016,1921
irradiance,2016,1917
irradiance,2016,946.4
irradiance,2016,942.3
irradiance,2016,938.2
irradiance,2016,934.1
irradiance,2016,238.8
irradiance,2016,234.7
irradiance,2016,230.6
irradiance,2016,226.4
irradiance,2016,222.3
irradiance,2016,218.2
irradiance,2016,214.1
irradiance,2016,210
irradiance,2016,205.9
irradiance,2016,201.8
irradiance,2016,1930
irradiance,2016,1926
irradiance,2016,1921
irradiance,2016,1917
irradiance,2016,946.4
irradiance,2016,942.3
irradiance,2016,938.2
irradiance,2016,934.1
irradiance,2016,238.8
irradiance,2016,234.7
irradiance,2016,230.6
irradiance,2016,226.4
irradiance,2016,222.3
irradiance,2016,218.2
irradiance,2016,214.1
irradiance,2016,210
irradiance,2016,205.9
irradiance,2016,201.8
irradiance,2016,1930
irradiance,2016,1926
irradiance,2016,1921
irradiance,2016,1917
irradiance,2016,946.4
irradiance,2016,942.3
irradiance,2016,938.2
irradiance,2016,934.1
irradiance,2016,238.8
irradiance,2016,234.7
irradiance,2016,230.6
irradiance,2016,226.4
irradiance,2016,222.3
irradiance,2016,218.2
irradiance,2016,214.1
irradiance,2016,210
irradiance,2016,205.9
irradiance,2016,201.8
irradiance,2016,1930
irradiance,2016,1926
irradiance,2016,1921
irradiance,2016,1917
irradiance,2016,946.4
irradiance,2016,942.3
irradiance,2016,938.2
irradiance,2016,934.1
irradiance,2016,238.8
irradiance,2016,234.7
irradiance,2016,230.6
irradiance,2016,226.4
irradiance,2016,222.3
irradiance,2016,218.2
irradiance,2016,214.1
irradiance,2016,210
irradiance,2016,205.9
irradiance,2016,201.8
irradiance,2016,1930
irradiance,2016,1926
irradiance,2016,1921
irradiance,2016,1917
irradiance,2016,946.4
irradiance,2016,942.3
irradiance,2016,938.2
irradiance,2016,934.1
irradiance,2016,238.8
irradiance,2016,234.7
irradiance,2016,230.6
irradiance,2016,226.4
irradiance,2016,222.3
irradiance,2016,218.2
irradiance,2016,214.1
irradiance,2016,210
irradiance,2016,205.9
irradiance,2016,1930
irradiance,2016,1926
irradiance,2016,1921
irradiance,2016,1917
irradiance,2016,946.4
irradiance,2016,942.3
irradiance,2016,938.2
irradiance,2016,934.1
irradiance,2016,251.1
irradiance,2016,247
irradiance,2016,242.9
irradiance,2016,238.8
irradiance,2016,234.7
irradiance,2016,230.6
irradiance,2016,226.4
irradiance,2016,222.3
irradiance,2016,218.2
irradiance,2016,214.1
irradiance,2016,210
irradiance,2016,205.9
irradiance,2016,1930
irradiance,2016,1926
irradiance,2016,1921
irradiance,2016,1917
irradiance,2016,946.4
irradiance,2016,942.3
irradiance,2016,938.2
irradiance,2016,934.1
irradiance,2016,308.7
irradiance,2016,304.6
irradiance,2016,300.5
irradiance,2016,296.4
irradiance,2016,292.3
irradiance,2016,288.2
irradiance,2016,284
irradiance,2016,279.9
irradiance,2016,275.8
irradiance,2016,271.7
irradiance,2016,267.6
irradiance,2016,263.5
irradiance,2016,259.4
irradiance,2016,255.2
irradiance,2016,251.1
irradiance,2016,247
irradiance,2016,242.9
irradiance,2016,238.8
irradiance,2016,234.7
irradiance,2016,230.6
irradiance,2016,226.4
irradiance,2016,222.3
irradiance,2016,218.2
irradiance,2016,214.1
irradiance,2016,210
irradiance,2016,205.9
irradiance,2016,1930
irradiance,2016,1926
irradiance,2016,1921
irradiance,2016,1917
irradiance,2016,946.4
irradiance,2016,942.3
irradiance,2016,938.2
irradiance,2016,934.1
irradiance,2016,366.3
irradiance,2016,362.2
irradiance,2016,358.1
irradiance,2016,354
irradiance,2016,349.9
irradiance,2016,345.8
irradiance,2016,341.6
irradiance,2016,337.5
irradiance,2016,333.4
irradiance,2016,329.3
irradiance,2016,325.2
irradiance,2016,321.1
irradiance,2016,317
irradiance,2016,312.8
irradiance,2016,308.7
irradiance,2016,304.6
irradiance,2016,300.5
irradiance,2016,296.4
irradiance,2016,292.3
irradiance,2016,288.2
irradiance,2016,284
irradiance,2016,279.9
irradiance,2016,275.8
irradiance,2016,271.7
irradiance,2016,267.6
irradiance,2016,263.5
irradiance,2016,259.4
irradiance,2016,255.2
irradiance,2016,251.1
irradiance,2016,247
irradiance,2016,242.9
irradiance,2016,238.8
irradiance,2016,234.7
irradiance,2016,230.6
irradiance,2016,226.4
irradiance,2016,222.3
irradiance,2016,218.2
irradiance,2016,214.1
irradiance,2016,210
irradiance,2016,205.9
irradiance,2016,1930
irradiance,2016,1926
irradiance,2016,1921
irradiance,2016,1917
irradiance,2016,946.4
irradiance,2016,942.3
irradiance,2016,938.2
irradiance,2016,934.1
irradiance,2016,423.9
irradiance,2016,419.8
irradiance,2016,415.7
irradiance,2016,411.6
irradiance,2016,407.5
irradiance,2016,403.4
irradiance,2016,399.2
irradiance,2016,395.1
irradiance,2016,391
irradiance,2016,386.9
irradiance,2016,382.8
irradiance,2016,378.7
irradiance,2016,374.6
irradiance,2016,370.4
irradiance,2016,366.3
irradiance,2016,362.2
irradiance,2016,358.1
irradiance,2016,354
irradiance,2016,349.9
irradiance,2016,345.8
irradiance,2016,341.6
irradiance,2016,337.5
irradiance,2016,333.4
irradiance,2016,329.3
irradiance,2016,325.2
irradiance,2016,321.1
irradiance,2016,317
irradiance,2016,312.8
irradiance,2016,308.7
irradiance,2016,304.6
irradiance,2016,300.5
irradiance,2016,296.4
irradiance,2016,292.3
irradiance,2016,288.2
irradiance,2016,284
irradiance,2016,279.9
irradiance,2016,275.8
irradiance,2016,271.7
irradiance,2016,267.6
irradiance,2016,263.5
irradiance,2016,259.4
irradiance,2016,255.2
irradiance,2016,251.1
irradiance,2016,247
irradiance,2016,242.9
irradiance,2016,238.8
irradiance,2016,234.7
irradiance,2016,230.6
irradiance,2016,226.4
irradiance,2016,222.3
irradiance,2016,218.2
irradiance,2016,214.1
irradiance,2016,210
irradiance,2016,205.9
irradiance,2016,1930
irradiance,2016,1926
irradiance,2016,1921
irradiance,2016,1917
irradiance,2016,946.4
irradiance,2016,942.3
irradiance,2016,938.2
irradiance,2016,934.1
irradiance,2016,481.5
irradiance,2016,477.4
irradiance,2016,473.3
irradiance,2016,469.2
irradiance,2016,465.1
irradiance,2016,461
irradiance,2016,456.8
irradiance,2016,452.7
irradiance,2016,448.6
irradiance,2016,444.5
irradiance,2016,440.4
irradiance,2016,436.3
irradiance,2016,432.2
irradiance,2016,428
irradiance,2016,423.9
irradiance,2016,419.8
irradiance,2016,415.7
irradiance,2016,411.6
irradiance,2016,407.5
irradiance,2016,403.4
irradiance,2016,399.2
irradiance,2016,395.1
irradiance,2016,391
irradiance,2016,386.9
irradiance,2016,382.8
irradiance,2016,378.7
irradiance,2016,374.6
irradiance,2016,370.4
irradiance,2016,366.3
irradiance,2016,362.2
irradiance,2016,358.1
irradiance,2016,354
irradiance,2016,349.9
irradiance,2016,345.8
irradiance,2016,341.6
irradiance,2016,337.5
irradiance,2016,333.4
irradiance,2016,329.3
irradiance,2016,325.2
irradiance,2016,321.1
irradiance,2016,317
irradiance,2016,312.8
irradiance,2016,308.7
irradiance,2016,304.6
irradiance,2016,300.5
irradiance,2016,296.4
irradiance,2016,292.3
irradiance,2016,288.2
irradiance,2016,284
irradiance,2016,279.9
irradiance,2016,275.8
irradiance,2016,271.7
irradiance,2016,267.6
irradiance,2016,263.5
irradiance,2016,259.4
irradiance,2016,255.2
irradiance,2016,251.1
irradiance,2016,247
irradiance,2016,242.9
irradiance,2016,238.8
irradiance,2016,234.7
irradiance,2016,230.6
irradiance,2016,226.4
irradiance,2016,222.3
irradiance,2016,218.2
irradiance,2016,214.1
irradiance,2016,210
irradiance,2016,205.9
irradiance,2016,1930
irradiance,2016,1926
irradiance,2016,1921
irradiance,2016,1917
irradiance,2016,946.4
irradiance,2016,942.3
irradiance,2016,938.2
irradiance,2016,934.1
irradiance,2016,539.1
irradiance,2016,535
irradiance,2016,530.9
irradiance,2016,526.8
irradiance,2016,522.7
irradiance,2016,518.6
irradiance,2016,514.4
irradiance,2016,510.3
irradiance,2016,506.2
irradiance,2016,502.1
irradiance,2016,498
irradiance,2016,493.9
irradiance,2016,489.8
irradiance,2016,485.6
irradiance,2016,481.5
irradiance,2016,477.4
irradiance,2016,473.3
irradiance,2016,469.2
irradiance,2016,465.1
irradiance,2016,461
irradiance,2016,456.8
irradiance,2016,452.7
irradiance,2016,448.6
irradiance,2016,444.5
irradiance,2016,440.4
irradiance,2016,436.3
irradiance,2016,432.2
irradiance,2016,428
irradiance,2016,423.9
irradiance,2016,419.8
irradiance,2016,415.7
irradiance,2016,411.6
irradiance,2016,407.5
irradiance,2016,403.4
irradiance,2016,399.2
irradiance,2016,395.1
irradiance,2016,391
irradiance,2016,386.9
irradiance,2016,382.8
irradiance,2016,378.7
irradiance,2016,374.6
irradiance,2016,370.4
irradiance,2016,366.3
irradiance,2016,362.2
irradiance,2016,358.1
irradiance,2016,354
irradiance,2016,349.9
irradiance,2016,345.8
irradiance,2016,341.6
irradiance,2016,337.5
irradiance,2016,333.4
irradiance,2016,329.3
irradiance,2016,325.2
irradiance,2016,321.1
irradiance,2016,317
irradiance,2016,312.8
irradiance,2016,308.7
irradiance,2016,304.6
irradiance,2016,300.5
irradiance,2016,296.4
irradiance,2016,292.3
irradiance,2016,288.2
irradiance,2016,284
irradiance,2016,279.9
irradiance,2016,275.8
irradiance,2016,271.7
irradiance,2016,267.6
irradiance,2016,263.5
irradiance,2016,259.4
irradiance,2016,255.2
irradiance,2016,251.1
irradiance,2016,247
irradiance,2016,242.9
irradiance,2016,238.8
irradiance,2016,234.7
irradiance,2016,230.6
irradiance,2016,226.4
irradiance,2016,222.3
irradiance,2016,218.2
irradiance,2016,214.1
irradiance,2016,210
irradiance,2016,1930
irradiance,2016,1926
irradiance,2016,1921
irradiance,2016,1917
irradiance,2016,946.4
irradiance,2016,942.3
irradiance,2016,938.2
irradiance,2016,934.1
irradiance,2016,596.7
irradiance,2016,592.6
irradiance,2016,588.5
irradiance,2016,584.4
irradiance,2016,580.3
irradiance,2016,576.2
irradiance,2016,572
irradiance,2016,567.9
irradiance,2016,563.8
irradiance,2016,559.7
irradiance,2016,555.6
irradiance,2016,551.5
irradiance,2016,547.4
irradiance,2016,543.2
irradiance,2016,539.1
irradiance,2016,535
irradiance,2016,530.9
irradiance,2016,526.8
irradiance,2016,522.7
irradiance,2016,518.6
irradiance,2016,514.4
irradiance,2016,510.3
irradiance,2016,506.2
irradiance,2016,502.1
irradiance,2016,498
irradiance,2016,493.9
irradiance,2016,489.8
irradiance,2016,485.6
irradiance,2016,481.5
irradiance,2016,477.4
irradiance,2016,473.3
irradiance,2016,469.2
irradiance,2016,465.1
irradiance,2016,461
irradiance,2016,456.8
irradiance,2016,452.7
irradiance,2016,448.6
irradiance,2016,444.5
irradiance,2016,440.4
irradiance,2016,436.3
irradiance,2016,432.2
irradiance,2016,428
irradiance,2016,423.9
irradiance,2016,419.8
irradiance,2016,415.7
irradiance,2016,411.6
irradiance,2016,407.5
irradiance,2016,403.4
irradiance,2016,399.2
irradiance,2016,395.1
irradiance,2016,391
irradiance,2016,386.9
irradiance,2016,382.8
irradiance,2016,378.7
irradiance,2016,374.6
irradiance,2016,370.4
irradiance,2016,366.3
irradiance,2016,362.2
irradiance,2016,358.1
irradiance,2016,354
irradiance,2016,349.9
irradiance,2016,345.8
irradiance,2016,341.6
irradiance,2016,337.5
irradiance,2016,333.4
irradiance,2016,329.3
irradiance,2016,325.2
irradiance,2016,321.1
irradiance,2016,317
irradiance,2016,312.8
irradiance,2016,308.7
irradiance,2016,304.6
irradiance,2016,300.5
irradiance,2016,296.4
irradiance,2016,292.3
irradiance,2016,288.2
irradiance,2016,284
irradiance,2016,279.9
irradiance,2016,275.8
irradiance,2016,271.7
irradiance,2016,267.6
irradiance,2016,263.5
irradiance,2016,259.4
irradiance,2016,255.2
irradiance,2016,251.1
irradiance,2016,247
irradiance,2016,242.9
irradiance,2016,238.8
irradiance,2016,234.7
irradiance,2016,230.6
irradiance,2016,226.4
irradiance,2016,222.3
irradiance,2016,218.2
irradiance,2016,214.1
irradiance,2016,210
irradiance,2016,1930
irradiance,2016,1926
irradiance,2016,1921
irradiance,2016,1917
irradiance,2016,946.4
irradiance,2016,942.3
irradiance,2016,938.2
irradiance,2016,934.1
irradiance,2016,654.3
irradiance,2016,650.2
irradiance,2016,646.1
irradiance,2016,642
irradiance,2016,637.9
irradiance,2016,633.7
irradiance,2016,629.6
irradiance,2016,625.5
irradiance,2016,621.4
irradiance,2016,617.3
irradiance,2016,613.2
irradiance,2016,609.1
irradiance,2016,605
irradiance,2016,600.8
irradiance,2016,596.7
irradiance,2016,592.6
irradiance,2016,588.5
irradiance,2016,584.4
irradiance,2016,580.3
irradiance,2016,576.2
irradiance,2016,572
irradiance,2016,567.9
irradiance,2016,563.8
irradiance,2016,559.7
irradiance,2016,555.6
irradiance,2016,551.5
irradiance,2016,547.4
irradiance,2016,543.2
irradiance,2016,539.1
irradiance,2016,535
irradiance,2016,530.9
irradiance,2016,526.8
irradiance,2016,522.7
irradiance,2016,518.6
irradiance,2016,514.4
irradiance,2016,510.3
irradiance,2016,506.2
irradiance,2016,502.1
irradiance,2016,498
irradiance,2016,493.9
irradiance,2016,489.8
irradiance,2016,485.6
irradiance,2016,481.5
irradiance,2016,477.4
irradiance,2016,473.3
irradiance,2016,469.2
irradiance,2016,465.1
irradiance,2016,461
irradiance,2016,456.8
irradiance,2016,452.7
irradiance,2016,448.6
irradiance,2016,444.5
irradiance,2016,440.4
irradiance,2016,436.3
irradiance,2016,432.2
irradiance,2016,428
irradiance,2016,423.9
irradiance,2016,419.8
irradiance,2016,415.7
irradiance,2016,411.6
irradiance,2016,407.5
irradiance,2016,403.4
irradiance,2016,399.2
irradiance,2016,395.1
irradiance,2016,391
irradiance,2016,386.9
irradiance,2016,382.8
irradiance,2016,378.7
irradiance,2016,374.6
irradiance,2016,370.4
irradiance,2016,366.3
irradiance,2016,362.2
irradiance,2016,358.1
irradiance,2016,354
irradiance,2016,349.9
irradiance,2016,345.8
irradiance,2016,341.6
irradiance,2016,337.5
irradiance,2016,333.4
irradiance,2016,329.3
irradiance,2016,325.2
irradiance,2016,321.1
irradiance,2016,317
irradiance,2016,312.8
irradiance,2016,308.7
irradiance,2016,304.6
irradiance,2016,300.5
irradiance,2016,296.4
irradiance,2016,292.3
irradiance,2016,288.2
irradiance,2016,284
irradiance,2016,279.9
irradiance,2016,275.8
irradiance,2016,271.7
irradiance,2016,267.6
irradiance,2016,263.5
irradiance,2016,259.4
irradiance,2016,255.2
irradiance,2016,251.1
irradiance,2016,247
irradiance,2016,242.9
irradiance,2016,238.8
irradiance,2016,234.7
irradiance,2016,230.6
irradiance,2016,226.4
irradiance,2016,222.3
irradiance,2016,218.2
irradiance,2016,214.1
irradiance,2016,210
irradiance,2016,1930
irradiance,2016,1926
irradiance,2016,1921
irradiance,2016,1917
irradiance,2016,946.4
irradiance,2016,942.3
irradiance,2016,938.2
irradiance,2016,934.1
irradiance,2016,711.9
irradiance,2016,707.8
irradiance,2016,703.7
irradiance,2016,699.6
irradiance,2016,695.5
irradiance,2016,691.3
irradiance,2016,687.2
irradiance,2016,683.1
irradiance,2016,679
irradiance,2016,674.9
irradiance,2016,670.8
irradiance,2016,666.7
irradiance,2016,662.5
irradiance,2016,658.4
irradiance,2016,654.3
irradiance,2016,650.2
irradiance,2016,646.1
irradiance,2016,642
irradiance,2016,637.9
irradiance,2016,633.7
irradiance,2016,629.6
irradiance,2016,625.5
irradiance,2016,621.4
irradiance,2016,617.3
irradiance,2016,613.2
irradiance,2016,609.1
irradiance,2016,605
irradiance,2016,600.8
irradiance,2016,596.7
irradiance,2016,592.6
irradiance,2016,588.5
irradiance,2016,584.4
irradiance,2016,580.3
irradiance,2016,576.2
irradiance,2016,572
irradiance,2016,567.9
irradiance,2016,563.8
irradiance,2016,559.7
irradiance,2016,555.6
irradiance,2016,551.5
irradiance,2016,547.4
irradiance,2016,543.2
irradiance,2016,539.1
irradiance,2016,535
irradiance,2016,530.9
irradiance,2016,526.8
irradiance,2016,522.7
irradiance,2016,518.6
irradiance,2016,514.4
irradiance,2016,510.3
irradiance,2016,506.2
irradiance,2016,502.1
irradiance,2016,498
irradiance,2016,493.9
irradiance,2016,489.8
irradiance,2016,485.6
irradiance,2016,481.5
irradiance,2016,477.4
irradiance,2016,473.3
irradiance,2016,469.2
irradiance,2016,465.1
irradiance,2016,461
irradiance,2016,456.8
irradiance,2016,452.7
irradiance,2016,448.6
irradiance,2016,444.5
irradiance,2016,440.4
irradiance,2016,436.3
irradiance,2016,432.2
irradiance,2016,428
irradiance,2016,423.9
irradiance,2016,419.8
irradiance,2016,415.7
irradiance,2016,411.6
irradiance,2016,407.5
irradiance,2016,403.4
irradiance,2016,399.2
irradiance,2016,395.1
irradiance,2016,391
irradiance,2016,386.9
irradiance,2016,382.8
irradiance,2016,378.7
irradiance,2016,374.6
irradiance,2016,370.4
irradiance,2016,366.3
irradiance,2016,362.2
irradiance,2016,358.1
irradiance,2016,354
irradiance,2016,349.9
irradiance,2016,345.8
irradiance,2016,341.6
irradiance,2016,337.5
irradiance,2016,333.4
irradiance,2016,329.3
irradiance,2016,325.2
irradiance,2016,321.1
irradiance,2016,317
irradiance,2016,312.8
irradiance,2016,308.7
irradiance,2016,304.6
irradiance,2016,300.5
irradiance,2016,296.4
irradiance,2016,292.3
irradiance,2016,288.2
irradiance,2016,284
irradiance,2016,279.9
irradiance,2016,275.8
irradiance,2016,271.7
irradiance,2016,267.6
irradiance,2016,263.5
irradiance,2016,259.4
irradiance,2016,255.2
irradiance,2016,251.1
irradiance,2016,247
irradiance,2016,242.9
irradiance,2016,238.8
irradiance,2016,234.7
irradiance,2016,230.6
irradiance,2016,226.4
irradiance,2016,222.3
irradiance,2016,218.2
irradiance,2016,214.1
irradiance,2016,1930
irradiance,2016,1926
irradiance,2016,1921
irradiance,2016,1917
irradiance,2016,946.4
irradiance,2016,942.3
irradiance,2016,938.2
irradiance,2016,934.1
irradiance,2016,769.5
irradiance,2016,765.4
irradiance,2016,761.3
irradiance,2016,757.2
irradiance,2016,753.1
irradiance,2016,748.9
irradiance,2016,744.8
irradiance,2016,740.7
irradiance,2016,736.6
irradiance,2016,732.5
irradiance,2016,728.4
irradiance,2016,724.3
irradiance,2016,720.1
irradiance,2016,716
irradiance,2016,711.9
irradiance,2016,707.8
irradiance,2016,703.7
irradiance,2016,699.6
irradiance,2016,695.5
irradiance,2016,691.3
irradiance,2016,687.2
irradiance,2016,683.1
irradiance,2016,679
irradiance,2016,674.9
irradiance,2016,670.8
irradiance,2016,666.7
irradiance,2016,662.5
irradiance,2016,658.4
irradiance,2016,654.3
irradiance,2016,650.2
irradiance,2016,646.1
irradiance,2016,642
irradiance,2016,637.9
irradiance,2016,633.7
irradiance,2016,629.6
irradiance,2016,625.5
irradiance,2016,621.4
irradiance,2016,617.3
irradiance,2016,613.2
irradiance,2016,609.1
irradiance,2016,605
irradiance,2016,600.8
irradiance,2016,596.7
irradiance,2016,592.6
irradiance,2016,588.5
irradiance,2016,584.4
irradiance,2016,580.3
irradiance,2016,576.2
irradiance,2016,572
irradiance,2016,567.9
irradiance,2016,563.8
irradiance,2016,559.7
irradiance,2016,555.6
irradiance,2016,551.5
irradiance,2016,547.4
irradiance,2016,543.2
irradiance,2016,539.1
irradiance,2016,535
irradiance,2016,530.9
irradiance,2016,526.8
irradiance,2016,522.7
irradiance,2016,518.6
irradiance,2016,514.4
irradiance,2016,510.3
irradiance,2016,506.2
irradiance,2016,502.1
irradiance,2016,498
irradiance,2016,493.9
irradiance,2016,489.8
irradiance,2016,485.6
irradiance,2016,481.5
irradiance,2016,477.4
irradiance,2016,473.3
irradiance,2016,469.2
irradiance,2016,465.1
irradiance,2016,461
irradiance,2016,456.8
irradiance,2016,452.7
irradiance,2016,448.6
irradiance,2016,444.5
irradiance,2016,440.4
irradiance,2016,436.3
irradiance,2016,432.2
irradiance,2016,428
irradiance,2016,423.9
irradiance,2016,419.8
irradiance,2016,415.7
irradiance,2016,411.6
irradiance,2016,407.5
irradiance,2016,403.4
irradiance,2016,399.2
irradiance,2016,395.1
irradiance,2016,391
irradiance,2016,386.9
irradiance,2016,382.8
irradiance,2016,378.7
irradiance,2016,374.6
irradiance,2016,370.4
irradiance,2016,366.3
irradiance,2016,362.2
irradiance,2016,358.1
irradiance,2016,354
irradiance,2016,349.9
irradiance,2016,345.8
irradiance,2016,341.6
irradiance,2016,337.5
irradiance,2016,333.4
irradiance,2016,329.3
irradiance,2016,325.2
irradiance,2016,321.1
irradiance,2016,317
irradiance,2016,312.8
irradiance,2016,308.7
irradiance,2016,304.6
irradiance,2016,300.5
irradiance,2016,296.4
irradiance,2016,292.3
irradiance,2016,288.2
irradiance,2016,284
irradiance,2016,279.9
irradiance,2016,275.8
irradiance,2016,271.7
irradiance,2016,267.6
irradiance,2016,263.5
irradiance,2016,259.4
irradiance,2016,255.2
irradiance,2016,251.1
irradiance,2016,247
irradiance,2016,242.9
irradiance,2016,238.8
irradiance,2016,234.7
irradiance,2016,230.6
irradiance,2016,226.4
irradiance,2016,1930
irradiance,2016,1926
irradiance,2016,1921
irradiance,2016,1917
irradiance,2016,946.4
irradiance,2016,942.3
irradiance,2016,938.2
irradiance,2016,934.1
irradiance,2016,823
irradiance,2016,818.9
irradiance,2016,814.8
irradiance,2016,810.7
irradiance,2016,806.5
irradiance,2016,802.4
irradiance,2016,798.3
irradiance,2016,794.2
irradiance,2016,790.1
irradiance,2016,786
irradiance,2016,781.9
irradiance,2016,777.7
irradiance,2016,773.6
irradiance,2016,769.5
irradiance,2016,765.4
irradiance,2016,761.3
irradiance,2016,757.2
irradiance,2016,753.1
irradiance,2016,748.9
irradiance,2016,744.8
irradiance,2016,740.7
irradiance,2016,736.6
irradiance,2016,732.5
irradiance,2016,728.4
irradiance,2016,724.3
irradiance,2016,720.1
irradiance,2016,716
irradiance,2016,711.9
irradiance,2016,707.8
irradiance,2016,703.7
irradiance,2016,699.6
irradiance,2016,695.5
irradiance,2016,691.3
irradiance,2016,687.2
irradiance,2016,683.1
irradiance,2016,679
irradiance,2016,674.9
irradiance,2016,670.8
irradiance,2016,666.7
irradiance,2016,662.5
irradiance,2016,658.4
irradiance,2016,654.3
irradiance,2016,650.2
irradiance,2016,646.1
irradiance,2016,642
irradiance,2016,637.9
irradiance,2016,633.7
irradiance,2016,629.6
irradiance,2016,625.5
irradiance,2016,621.4
irradiance,2016,617.3
irradiance,2016,613.2
irradiance,2016,609.1
irradiance,2016,605
irradiance,2016,600.8
irradiance,2016,596.7
irradiance,2016,592.6
irradiance,2016,588.5
irradiance,2016,584.4
irradiance,2016,580.3
irradiance,2016,576.2
irradiance,2016,572
irradiance,2016,567.9
irradiance,2016,563.8
irradiance,2016,559.7
irradiance,2016,555.6
irradiance,2016,551.5
irradiance,2016,547.4
irradiance,2016,543.2
irradiance,2016,539.1
irradiance,2016,535
irradiance,2016,530.9
irradiance,2016,526.8
irradiance,2016,522.7
irradiance,2016,518.6
irradiance,2016,514.4
irradiance,2016,510.3
irradiance,2016,506.2
irradiance,2016,502.1
irradiance,2016,498
irradiance,2016,493.9
irradiance,2016,489.8
irradiance,2016,485.6
irradiance,2016,481.5
irradiance,2016,477.4
irradiance,2016,473.3
irradiance,2016,469.2
irradiance,2016,465.1
irradiance,2016,461
irradiance,2016,456.8
irradiance,2016,452.7
irradiance,2016,448.6
irradiance,2016,444.5
irradiance,2016,440.4
irradiance,2016,436.3
irradiance,2016,432.2
irradiance,2016,428
irradiance,2016,423.9
irradiance,2016,419.8
irradiance,2016,415.7
irradiance,2016,411.6
irradiance,2016,407.5
irradiance,2016,403.4
irradiance,2016,399.2
irradiance,2016,395.1
irradiance,2016,391
irradiance,2016,386.9
irradiance,2016,382.8
irradiance,2016,378.7
irradiance,2016,374.6
irradiance,2016,370.4
irradiance,2016,366.3
irradiance,2016,362.2
irradiance,2016,358.1
irradiance,2016,354
irradiance,2016,349.9
irradiance,2016,345.8
irradiance,2016,341.6
irradiance,2016,337.5
irradiance,2016,333.4
irradiance,2016,329.3
irradiance,2016,325.2
irradiance,2016,321.1
irradiance,2016,317
irradiance,2016,312.8
irradiance,2016,308.7
irradiance,2016,304.6
irradiance,2016,300.5
irradiance,2016,296.4
irradiance,2016,292.3
irradiance,2016,288.2
irradiance,2016,284
irradiance,2016,279.9
irradiance,2016,1930
irradiance,2016,1926
irradiance,2016,1921
irradiance,2016,1917
irradiance,2016,946.4
irradiance,2016,942.3
irradiance,2016,938.2
irradiance,2016,934.1
irradiance,2016,880.6
irradiance,2016,876.5
irradiance,2016,872.4
irradiance,2016,868.3
irradiance,2016,864.1
irradiance,2016,860
irradiance,2016,855.9
irradiance,2016,851.8
irradiance,2016,847.7
irradiance,2016,843.6
irradiance,2016,839.5
irradiance,2016,835.3
irradiance,2016,831.2
irradiance,2016,827.1
irradiance,2016,823
irradiance,2016,818.9
irradiance,2016,814.8
irradiance,2016,810.7
irradiance,2016,806.5
irradiance,2016,802.4
irradiance,2016,798.3
irradiance,2016,794.2
irradiance,2016,790.1
irradiance,2016,786
irradiance,2016,781.9
irradiance,2016,777.7
irradiance,2016,773.6
irradiance,2016,769.5
irradiance,2016,765.4
irradiance,2016,761.3
irradiance,2016,757.2
irradiance,2016,753.1
irradiance,2016,748.9
irradiance,2016,744.8
irradiance,2016,740.7
irradiance,2016,736.6
irradiance,2016,732.5
irradiance,2016,728.4
irradiance,2016,724.3
irradiance,2016,720.1
irradiance,2016,716
irradiance,2016,711.9
irradiance,2016,707.8
irradiance,2016,703.7
irradiance,2016,699.6
irradiance,2016,695.5
irradiance,2016,691.3
irradiance,2016,687.2
irradiance,2016,683.1
irradiance,2016,679
irradiance,2016,674.9
irradiance,2016,670.8
irradiance,2016,666.7
irradiance,2016,662.5
irradiance,2016,658.4
irradiance,2016,654.3
irradiance,2016,650.2
irradiance,2016,646.1
irradiance,2016,642
irradiance,2016,637.9
irradiance,2016,633.7
irradiance,2016,629.6
irradiance,2016,625.5
irradiance,2016,621.4
irradiance,2016,617.3
irradiance,2016,613.2
irradiance,2016,609.1
irradiance,2016,605
irradiance,2016,600.8
irradiance,2016,596.7
irradiance,2016,592.6
irradiance,2016,588.5
irradiance,2016,584.4
irradiance,2016,580.3
irradiance,2016,576.2
irradiance,2016,572
irradiance,2016,567.9
irradiance,2016,563.8
irradiance,2016,559.7
irradiance,2016,555.6
irradiance,2016,551.5
irradiance,2016,547.4
irradiance,2016,543.2
irradiance,2016,539.1
irradiance,2016,535
irradiance,2016,530.9
irradiance,2016,526.8
irradiance,2016,522.7
irradiance,2016,518.6
irradiance,2016,514.4
irradiance,2016,510.3
irradiance,2016,506.2
irradiance,2016,502.1
irradiance,2016,498
irradiance,2016,493.9
irradiance,2016,489.8
irradiance,2016,485.6
irradiance,2016,481.5
irradiance,2016,477.4
irradiance,2016,473.3
irradiance,2016,469.2
irradiance,2016,465.1
irradiance,2016,461
irradiance,2016,456.8
irradiance,2016,452.7
irradiance,2016,448.6
irradiance,2016,444.5
irradiance,2016,440.4
irradiance,2016,436.3
irradiance,2016,432.2
irradiance,2016,428
irradiance,2016,423.9
irradiance,2016,419.8
irradiance,2016,415.7
irradiance,2016,411.6
irradiance,2016,407.5
irradiance,2016,403.4
irradiance,2016,399.2
irradiance,2016,395.1
irradiance,2016,391
irradiance,2016,386.9
irradiance,2016,382.8
irradiance,2016,378.7
irradiance,2016,374.6
irradiance,2016,370.4
irradiance,2016,366.3
irradiance,2016,362.2
irradiance,2016,358.1
irradiance,2016,354
irradiance,2016,349.9
irradiance,2016,345.8
irradiance,2016,341.6
irradiance,2016,337.5
irradiance,2016,1930
irradiance,2016,1926
irradiance,2016,1921
irradiance,2016,1917
irradiance,2016,946.4
irradiance,2016,942.3
irradiance,2016,938.2
irradiance,2016,934.1
irradiance,2016,930
irradiance,2016,925.9
irradiance,2016,921.7
irradiance,2016,917.6
irradiance,2016,913.5
irradiance,2016,909.4
irradiance,2016,905.3
irradiance,2016,901.2
irradiance,2016,897.1
irradiance,2016,892.9
irradiance,2016,888.8
irradiance,2016,884.7
irradiance,2016,880.6
irradiance,2016,876.5
irradiance,2016,872.4
irradiance,2016,868.3
irradiance,2016,864.1
irradiance,2016,860
irradiance,2016,855.9
irradiance,2016,851.8
irradiance,2016,847.7
irradiance,2016,843.6
irradiance,2016,839.5
irradiance,2016,835.3
irradiance,2016,831.2
irradiance,2016,827.1
irradiance,2016,823
irradiance,2016,818.9
irradiance,2016,814.8
irradiance,2016,810.7
irradiance,2016,806.5
irradiance,2016,802.4
irradiance,2016,798.3
irradiance,2016,794.2
irradiance,2016,790.1
irradiance,2016,786
irradiance,2016,781.9
irradiance,2016,777.7
irradiance,2016,773.6
irradiance,2016,769.5
irradiance,2016,765.4
irradiance,2016,761.3
irradiance,2016,757.2
irradiance,2016,753.1
irradiance,2016,748.9
irradiance,2016,744.8
irradiance,2016,740.7
irradiance,2016,736.6
irradiance,2016,732.5
irradiance,2016,728.4
irradiance,2016,724.3
irradiance,2016,720.1
irradiance,2016,716
irradiance,2016,711.9
irradiance,2016,707.8
irradiance,2016,703.7
irradiance,2016,699.6
irradiance,2016,695.5
irradiance,2016,691.3
irradiance,2016,687.2
irradiance,2016,683.1
irradiance,2016,679
irradiance,2016,674.9
irradiance,2016,670.8
irradiance,2016,666.7
irradiance,2016,662.5
irradiance,2016,658.4
irradiance,2016,654.3
irradiance,2016,650.2
irradiance,2016,646.1
irradiance,2016,642
irradiance,2016,637.9
irradiance,2016,633.7
irradiance,2016,629.6
irradiance,2016,625.5
irradiance,2016,621.4
irradiance,2016,617.3
irradiance,2016,613.2
irradiance,2016,609.1
irradiance,2016,605
irradiance,2016,600.8
irradiance,2016,596.7
irradiance,2016,592.6
irradiance,2016,588.5
irradiance,2016,584.4
irradiance,2016,580.3
irradiance,2016,576.2
irradiance,2016,572
irradiance,2016,567.9
irradiance,2016,563.8
irradiance,2016,559.7
irradiance,2016,555.6
irradiance,2016,551.5
irradiance,2016,547.4
irradiance,2016,543.2
irradiance,2016,539.1
irradiance,2016,535
irradiance,2016,530.9
irradiance,2016,526.8
irradiance,2016,522.7
irradiance,2016,518.6
irradiance,2016,514.4
irradiance,2016,510.3
irradiance,2016,506.2
irradiance,2016,502.1
irradiance,2016,498
irradiance,2016,493.9
irradiance,2016,489.8
irradiance,2016,485.6
irradiance,2016,481.5
irradiance,2016,477.4
irradiance,2016,473.3
irradiance,2016,469.2
irradiance,2016,465.1
irradiance,2016,461
irradiance,2016,456.8
irradiance,2016,452.7
irradiance,2016,448.6
irradiance,2016,444.5
irradiance,2016,440.4
irradiance,2016,436.3
irradiance,2016,432.2
irradiance,2016,428
irradiance,2016,423.9
irradiance,2016,419.8
irradiance,2016,415.7
irradiance,2016,411.6
irradiance,2016,407.5
irradiance,2016,403.4
irradiance,2016,399.2
irradiance,2016,395.1
irradiance,2016,1930
irradiance,2016,1926
irradiance,2016,1921
irradiance,2016,1917
irradiance,2016,999.9
irradiance,2016,995.8
irradiance,2016,991.7
irradiance,2016,987.6
irradiance,2016,983.5
irradiance,2016,979.3
irradiance,2016,975.2
irradiance,2016,971.1
irradiance,2016,967
irradiance,2016,962.9
irradiance,2016,958.8
irradiance,2016,954.7
irradiance,2016,950.5
irradiance,2016,946.4
irradiance,2016,942.3
irradiance,2016,938.2
irradiance,2016,934.1
irradiance,2016,930
irradiance,2016,925.9
irradiance,2016,921.7
irradiance,2016,917.6
irradiance,2016,913.5
irradiance,2016,909.4
irradiance,2016,905.3
irradiance,2016,901.2
irradiance,2016,897.1
irradiance,2016,892.9
irradiance,2016,888.8
irradiance,2016,884.7
irradiance,2016,880.6
irradiance,2016,876.5
irradiance,2016,872.4
irradiance,2016,868.3
irradiance,2016,864.1
irradiance,2016,860
irradiance,2016,855.9
irradiance,2016,851.8
irradiance,2016,847.7
irradiance,2016,843.6
irradiance,2016,839.5
irradiance,2016,835.3
irradiance,2016,831.2
irradiance,2016,827.1
irradiance,2016,823
irradiance,2016,818.9
irradiance,2016,814.8
irradiance,2016,810.7
irradiance,2016,806.5
irradiance,2016,802.4
irradiance,2016,798.3
irradiance,2016,794.2
irradiance,2016,790.1
irradiance,2016,786
irradiance,2016,781.9
irradiance,2016,777.7
irradiance,2016,773.6
irradiance,2016,769.5
irradiance,2016,765.4
irradiance,2016,761.3
irradiance,2016,757.2
irradiance,2016,753.1
irradiance,2016,748.9
irradiance,2016,744.8
irradiance,2016,740.7
irradiance,2016,736.6
irradiance,2016,732.5
irradiance,2016,728.4
irradiance,2016,724.3
irradiance,2016,720.1
irradiance,2016,716
irradiance,2016,711.9
irradiance,2016,707.8
irradiance,2016,703.7
irradiance,2016,699.6
irradiance,2016,695.5
irradiance,2016,691.3
irradiance,2016,687.2
irradiance,2016,683.1
irradiance,2016,679
irradiance,2016,674.9
irradiance,2016,670.8
irradiance,2016,666.7
irradiance,2016,662.5
irradiance,2016,658.4
irradiance,2016,654.3
irradiance,2016,650.2
irradiance,2016,646.1
irradiance,2016,642
irradiance,2016,637.9
irradiance,2016,633.7
irradiance,2016,629.6
irradiance,2016,625.5
irradiance,2016,621.4
irradiance,2016,617.3
irradiance,2016,613.2
irradiance,2016,609.1
irradiance,2016,605
irradiance,2016,600.8
irradiance,2016,596.7
irradiance,2016,592.6
irradiance,2016,588.5
irradiance,2016,584.4
irradiance,2016,580.3
irradiance,2016,576.2
irradiance,2016,572
irradiance,2016,567.9
irradiance,2016,563.8
irradiance,2016,559.7
irradiance,2016,555.6
irradiance,2016,551.5
irradiance,2016,547.4
irradiance,2016,543.2
irradiance,2016,539.1
irradiance,2016,535
irradiance,2016,530.9
irradiance,2016,526.8
irradiance,2016,522.7
irradiance,2016,518.6
irradiance,2016,514.4
irradiance,2016,510.3
irradiance,2016,506.2
irradiance,2016,502.1
irradiance,2016,498
irradiance,2016,493.9
irradiance,2016,489.8
irradiance,2016,485.6
irradiance,2016,481.5
irradiance,2016,477.4
irradiance,2016,473.3
irradiance,2016,469.2
irradiance,2016,465.1
irradiance,2016,461
irradiance,2016,456.8
irradiance,2016,452.7
irradiance,2016,1930
irradiance,2016,1926
irradiance,2016,1921
irradiance,2016,1917
irradiance,2016,1070
irradiance,2016,1066
irradiance,2016,1062
irradiance,2016,1058
irradiance,2016,1053
irradiance,2016,1049
irradiance,2016,1045
irradiance,2016,1041
irradiance,2016,1037
irradiance,2016,1033
irradiance,2016,1029
irradiance,2016,1025
irradiance,2016,1020
irradiance,2016,1016
irradiance,2016,1012
irradiance,2016,1008
irradiance,2016,1004
irradiance,2016,999.9
irradiance,2016,995.8
irradiance,2016,991.7
irradiance,2016,987.6
irradiance,2016,983.5
irradiance,2016,979.3
irradiance,2016,975.2
irradiance,2016,971.1
irradiance,2016,967
irradiance,2016,962.9
irradiance,2016,958.8
irradiance,2016,954.7
irradiance,2016,950.5
irradiance,2016,946.4
irradiance,2016,942.3
irradiance,2016,938.2
irradiance,2016,934.1
irradiance,2016,930
irradiance,2016,925.9
irradiance,2016,921.7
irradiance,2016,917.6
irradiance,2016,913.5
irradiance,2016,909.4
irradiance,2016,905.3
irradiance,2016,901.2
irradiance,2016,897.1
irradiance,2016,892.9
irradiance,2016,888.8
irradiance,2016,884.7
irradiance,2016,880.6
irradiance,2016,876.5
irradiance,2016,872.4
irradiance,2016,868.3
irradiance,2016,864.1
irradiance,2016,860
irradiance,2016,855.9
irradiance,2016,851.8
irradiance,2016,847.7
irradiance,2016,843.6
irradiance,2016,839.5
irradiance,2016,835.3
irradiance,2016,831.2
irradiance,2016,827.1
irradiance,2016,823
irradiance,2016,818.9
irradiance,2016,814.8
irradiance,2016,810.7
irradiance,2016,806.5
irradiance,2016,802.4
irradiance,2016,798.3
irradiance,2016,794.2
irradiance,2016,790.1
irradiance,2016,786
irradiance,2016,781.9
irradiance,2016,777.7
irradiance,2016,773.6
irradiance,2016,769.5
irradiance,2016,765.4
irradiance,2016,761.3
irradiance,2016,757.2
irradiance,2016,753.1
irradiance,2016,748.9
irradiance,2016,744.8
irradiance,2016,740.7
irradiance,2016,736.6
irradiance,2016,732.5
irradiance,2016,728.4
irradiance,2016,724.3
irradiance,2016,720.1
irradiance,2016,716
irradiance,2016,711.9
irradiance,2016,707.8
irradiance,2016,703.7
irradiance,2016,699.6
irradiance,2016,695.5
irradiance,2016,691.3
irradiance,2016,687.2
irradiance,2016,683.1
irradiance,2016,679
irradiance,2016,674.9
irradiance,2016,670.8
irradiance,2016,666.7
irradiance,2016,662.5
irradiance,2016,658.4
irradiance,2016,654.3
irradiance,2016,650.2
irradiance,2016,646.1
irradiance,2016,642
irradiance,2016,637.9
irradiance,2016,633.7
irradiance,2016,629.6
irradiance,2016,625.5
irradiance,2016,621.4
irradiance,2016,617.3
irradiance,2016,613.2
irradiance,2016,609.1
irradiance,2016,605
irradiance,2016,600.8
irradiance,2016,596.7
irradiance,2016,592.6
irradiance,2016,588.5
irradiance,2016,584.4
irradiance,2016,580.3
irradiance,2016,576.2
irradiance,2016,572
irradiance,2016,567.9
irradiance,2016,563.8
irradiance,2016,559.7
irradiance,2016,555.6
irradiance,2016,551.5
irradiance,2016,547.4
irradiance,2016,543.2
irradiance,2016,539.1
irradiance,2016,535
irradiance,2016,530.9
irradiance,2016,526.8
irradiance,2016,522.7
irradiance,2016,518.6
irradiance,2016,514.4
irradiance,2016,510.3
irradiance,2016,506.2
irradiance,2016,1930
irradiance,2016,1926
irradiance,2016,1921
irradiance,2016,1917
irradiance,2016,1144
irradiance,2016,1140
irradiance,2016,1136
irradiance,2016,1132
irradiance,2016,1127
irradiance,2016,1123
irradiance,2016,1119
irradiance,2016,1115
irradiance,2016,1111
irradiance,2016,1107
irradiance,2016,1103
irradiance,2016,1099
irradiance,2016,1095
irradiance,2016,1090
irradiance,2016,1086
irradiance,2016,1082
irradiance,2016,1078
irradiance,2016,1074
irradiance,2016,1070
irradiance,2016,1066
irradiance,2016,1062
irradiance,2016,1058
irradiance,2016,1053
irradiance,2016,1049
irradiance,2016,1045
irradiance,2016,1041
irradiance,2016,1037
irradiance,2016,1033
irradiance,2016,1029
irradiance,2016,1025
irradiance,2016,1020
irradiance,2016,1016
irradiance,2016,1012
irradiance,2016,1008
irradiance,2016,1004
irradiance,2016,999.9
irradiance,2016,995.8
irradiance,2016,991.7
irradiance,2016,987.6
irradiance,2016,983.5
irradiance,2016,979.3
irradiance,2016,975.2
irradiance,2016,971.1
irradiance,2016,967
irradiance,2016,962.9
irradiance,2016,958.8
irradiance,2016,954.7
irradiance,2016,950.5
irradiance,2016,946.4
irradiance,2016,942.3
irradiance,2016,938.2
irradiance,2016,934.1
irradiance,2016,930
irradiance,2016,925.9
irradiance,2016,921.7
irradiance,2016,917.6
irradiance,2016,913.5
irradiance,2016,909.4
irradiance,2016,905.3
irradiance,2016,901.2
irradiance,2016,897.1
irradiance,2016,892.9
irradiance,2016,888.8
irradiance,2016,884.7
irradiance,2016,880.6
irradiance,2016,876.5
irradiance,2016,872.4
irradiance,2016,868.3
irradiance,2016,864.1
irradiance,2016,860
irradiance,2016,855.9
irradiance,2016,851.8
irradiance,2016,847.7
irradiance,2016,843.6
irradiance,2016,839.5
irradiance,2016,835.3
irradiance,2016,831.2
irradiance,2016,827.1
irradiance,2016,823
irradiance,2016,818.9
irradiance,2016,814.8
irradiance,2016,810.7
irradiance,2016,806.5
irradiance,2016,802.4
irradiance,2016,798.3
irradiance,2016,794.2
irradiance,2016,790.1
irradiance,2016,786
irradiance,2016,781.9
irradiance,2016,777.7
irradiance,2016,773.6
irradiance,2016,769.5
irradiance,2016,765.4
irradiance,2016,761.3
irradiance,2016,757.2
irradiance,2016,753.1
irradiance,2016,748.9
irradiance,2016,744.8
irradiance,2016,740.7
irradiance,2016,736.6
irradiance,2016,732.5
irradiance,2016,728.4
irradiance,2016,724.3
irradiance,2016,720.1
irradiance,2016,716
irradiance,2016,711.9
irradiance,2016,707.8
irradiance,2016,703.7
irradiance,2016,699.6
irradiance,2016,695.5
irradiance,2016,691.3
irradiance,2016,687.2
irradiance,2016,683.1
irradiance,2016,679
irradiance,2016,674.9
irradiance,2016,670.8
irradiance,2016,666.7
irradiance,2016,662.5
irradiance,2016,658.4
irradiance,2016,654.3
irradiance,2016,650.2
irradiance,2016,646.1
irradiance,2016,642
irradiance,2016,637.9
irradiance,2016,633.7
irradiance,2016,629.6
irradiance,2016,625.5
irradiance,2016,621.4
irradiance,2016,617.3
irradiance,2016,613.2
irradiance,2016,609.1
irradiance,2016,605
irradiance,2016,600.8
irradiance,2016,596.7
irradiance,2016,592.6
irradiance,2016,588.5
irradiance,2016,584.4
irradiance,2016,580.3
irradiance,2016,576.2
irradiance,2016,572
irradiance,2016,567.9
irradiance,2016,563.8
irradiance,2016,1930
irradiance,2016,1926
irradiance,2016,1921
irradiance,2016,1917
irradiance,2016,1214
irradiance,2016,1210
irradiance,2016,1206
irradiance,2016,1202
irradiance,2016,1197
irradiance,2016,1193
irradiance,2016,1189
irradiance,2016,1185
irradiance,2016,1181
irradiance,2016,1177
irradiance,2016,1173
irradiance,2016,1169
irradiance,2016,1164
irradiance,2016,1160
irradiance,2016,1156
irradiance,2016,1152
irradiance,2016,1148
irradiance,2016,1144
irradiance,2016,1140
irradiance,2016,1136
irradiance,2016,1132
irradiance,2016,1127
irradiance,2016,1123
irradiance,2016,1119
irradiance,2016,1115
irradiance,2016,1111
irradiance,2016,1107
irradiance,2016,1103
irradiance,2016,1099
irradiance,2016,1095
irradiance,2016,1090
irradiance,2016,1086
irradiance,2016,1082
irradiance,2016,1078
irradiance,2016,1074
irradiance,2016,1070
irradiance,2016,1066
irradiance,2016,1062
irradiance,2016,1058
irradiance,2016,1053
irradiance,2016,1049
irradiance,2016,1045
irradiance,2016,1041
irradiance,2016,1037
irradiance,2016,1033
irradiance,2016,1029
irradiance,2016,1025
irradiance,2016,1020
irradiance,2016,1016
irradiance,2016,1012
irradiance,2016,1008
irradiance,2016,1004
irradiance,2016,999.9
irradiance,2016,995.8
irradiance,2016,991.7
irradiance,2016,987.6
irradiance,2016,983.5
irradiance,2016,979.3
irradiance,2016,975.2
irradiance,2016,971.1
irradiance,2016,967
irradiance,2016,962.9
irradiance,2016,958.8
irradiance,2016,954.7
irradiance,2016,950.5
irradiance,2016,946.4
irradiance,2016,942.3
irradiance,2016,938.2
irradiance,2016,934.1
irradiance,2016,930
irradiance,2016,925.9
irradiance,2016,921.7
irradiance,2016,917.6
irradiance,2016,913.5
irradiance,2016,909.4
irradiance,2016,905.3
irradiance,2016,901.2
irradiance,2016,897.1
irradiance,2016,892.9
irradiance,2016,888.8
irradiance,2016,884.7
irradiance,2016,880.6
irradiance,2016,876.5
irradiance,2016,872.4
irradiance,2016,868.3
irradiance,2016,864.1
irradiance,2016,860
irradiance,2016,855.9
irradiance,2016,851.8
irradiance,2016,847.7
irradiance,2016,843.6
irradiance,2016,839.5
irradiance,2016,835.3
irradiance,2016,831.2
irradiance,2016,827.1
irradiance,2016,823
irradiance,2016,818.9
irradiance,2016,814.8
irradiance,2016,810.7
irradiance,2016,806.5
irradiance,2016,802.4
irradiance,2016,798.3
irradiance,2016,794.2
irradiance,2016,790.1
irradiance,2016,786
irradiance,2016,781.9
irradiance,2016,777.7
irradiance,2016,773.6
irradiance,2016,769.5
irradiance,2016,765.4
irradiance,2016,761.3
irradiance,2016,757.2
irradiance,2016,753.1
irradiance,2016,748.9
irradiance,2016,744.8
irradiance,2016,740.7
irradiance,2016,736.6
irradiance,2016,732.5
irradiance,2016,728.4
irradiance,2016,724.3
irradiance,2016,720.1
irradiance,2016,716
irradiance,2016,711.9
irradiance,2016,707.8
irradiance,2016,703.7
irradiance,2016,699.6
irradiance,2016,695.5
irradiance,2016,691.3
irradiance,2016,687.2
irradiance,2016,683.1
irradiance,2016,679
irradiance,2016,674.9
irradiance,2016,670.8
irradiance,2016,666.7
irradiance,2016,662.5
irradiance,2016,658.4
irradiance,2016,654.3
irradiance,2016,650.2
irradiance,2016,646.1
irradiance,2016,642
irradiance,2016,637.9
irradiance,2016,633.7
irradiance,2016,629.6
irradiance,2016,625.5
irradiance,2016,621.4
irradiance,2016,1930
irradiance,2016,1926
irradiance,2016,1921
irradiance,2016,1917
irradiance,2016,1288
irradiance,2016,1284
irradiance,2016,1280
irradiance,2016,1276
irradiance,2016,1271
irradiance,2016,1267
irradiance,2016,1263
irradiance,2016,1259
irradiance,2016,1255
irradiance,2016,1251
irradiance,2016,1247
irradiance,2016,1243
irradiance,2016,1239
irradiance,2016,1234
irradiance,2016,1230
irradiance,2016,1226
irradiance,2016,1222
irradiance,2016,1218
irradiance,2016,1214
irradiance,2016,1210
irradiance,2016,1206
irradiance,2016,1202
irradiance,2016,1197
irradiance,2016,1193
irradiance,2016,1189
irradiance,2016,1185
irradiance,2016,1181
irradiance,2016,1177
irradiance,2016,1173
irradiance,2016,1169
irradiance,2016,1164
irradiance,2016,1160
irradiance,2016,1156
irradiance,2016,1152
irradiance,2016,1148
irradiance,2016,1144
irradiance,2016,1140
irradiance,2016,1136
irradiance,2016,1132
irradiance,2016,1127
irradiance,2016,1123
irradiance,2016,1119
irradiance,2016,1115
irradiance,2016,1111
irradiance,2016,1107
irradiance,2016,1103
irradiance,2016,1099
irradiance,2016,1095
irradiance,2016,1090
irradiance,2016,1086
irradiance,2016,1082
irradiance,2016,1078
irradiance,2016,1074
irradiance,2016,1070
irradiance,2016,1066
irradiance,2016,1062
irradiance,2016,1058
irradiance,2016,1053
irradiance,2016,1049
irradiance,2016,1045
irradiance,2016,1041
irradiance,2016,1037
irradiance,2016,1033
irradiance,2016,1029
irradiance,2016,1025
irradiance,2016,1020
irradiance,2016,1016
irradiance,2016,1012
irradiance,2016,1008
irradiance,2016,1004
irradiance,2016,999.9
irradiance,2016,995.8
irradiance,2016,991.7
irradiance,2016,987.6
irradiance,2016,983.5
irradiance,2016,979.3
irradiance,2016,975.2
irradiance,2016,971.1
irradiance,2016,967
irradiance,2016,962.9
irradiance,2016,958.8
irradiance,2016,954.7
irradiance,2016,950.5
irradiance,2016,946.4
irradiance,2016,942.3
irradiance,2016,938.2
irradiance,2016,934.1
irradiance,2016,930
irradiance,2016,925.9
irradiance,2016,921.7
irradiance,2016,917.6
irradiance,2016,913.5
irradiance,2016,909.4
irradiance,2016,905.3
irradiance,2016,901.2
irradiance,2016,897.1
irradiance,2016,892.9
irradiance,2016,888.8
irradiance,2016,884.7
irradiance,2016,880.6
irradiance,2016,876.5
irradiance,2016,872.4
irradiance,2016,868.3
irradiance,2016,864.1
irradiance,2016,860
irradiance,2016,855.9
irradiance,2016,851.8
irradiance,2016,847.7
irradiance,2016,843.6
irradiance,2016,839.5
irradiance,2016,835.3
irradiance,2016,831.2
irradiance,2016,827.1
irradiance,2016,823
irradiance,2016,818.9
irradiance,2016,814.8
irradiance,2016,810.7
irradiance,2016,806.5
irradiance,2016,802.4
irradiance,2016,798.3
irradiance,2016,794.2
irradiance,2016,790.1
irradiance,2016,786
irradiance,2016,781.9
irradiance,2016,777.7
irradiance,2016,773.6
irradiance,2016,769.5
irradiance,2016,765.4
irradiance,2016,761.3
irradiance,2016,757.2
irradiance,2016,753.1
irradiance,2016,748.9
irradiance,2016,744.8
irradiance,2016,740.7
irradiance,2016,736.6
irradiance,2016,732.5
irradiance,2016,728.4
irradiance,2016,724.3
irradiance,2016,720.1
irradiance,2016,716
irradiance,2016,711.9
irradiance,2016,707.8
irradiance,2016,703.7
irradiance,2016,699.6
irradiance,2016,695.5
irradiance,2016,691.3
irradiance,2016,687.2
irradiance,2016,683.1
irradiance,2016,679
irradiance,2016,1930
irradiance,2016,1926
irradiance,2016,1921
irradiance,2016,1917
irradiance,2016,1358
irradiance,2016,1354
irradiance,2016,1350
irradiance,2016,1346
irradiance,2016,1341
irradiance,2016,1337
irradiance,2016,1333
irradiance,2016,1329
irradiance,2016,1325
irradiance,2016,1321
irradiance,2016,1317
irradiance,2016,1313
irradiance,2016,1308
irradiance,2016,1304
irradiance,2016,1300
irradiance,2016,1296
irradiance,2016,1292
irradiance,2016,1288
irradiance,2016,1284
irradiance,2016,1280
irradiance,2016,1276
irradiance,2016,1271
irradiance,2016,1267
irradiance,2016,1263
irradiance,2016,1259
irradiance,2016,1255
irradiance,2016,1251
irradiance,2016,1247
irradiance,2016,1243
irradiance,2016,1239
irradiance,2016,1234
irradiance,2016,1230
irradiance,2016,1226
irradiance,2016,1222
irradiance,2016,1218
irradiance,2016,1214
irradiance,2016,1210
irradiance,2016,1206
irradiance,2016,1202
irradiance,2016,1197
irradiance,2016,1193
irradiance,2016,1189
irradiance,2016,1185
irradiance,2016,1181
irradiance,2016,1177
irradiance,2016,1173
irradiance,2016,1169
irradiance,2016,1164
irradiance,2016,1160
irradiance,2016,1156
irradiance,2016,1152
irradiance,2016,1148
irradiance,2016,1144
irradiance,2016,1140
irradiance,2016,1136
irradiance,2016,1132
irradiance,2016,1127
irradiance,2016,1123
irradiance,2016,1119
irradiance,2016,1115
irradiance,2016,1111
irradiance,2016,1107
irradiance,2016,1103
irradiance,2016,1099
irradiance,2016,1095
irradiance,2016,1090
irradiance,2016,1086
irradiance,2016,1082
irradiance,2016,1078
irradiance,2016,1074
irradiance,2016,1070
irradiance,2016,1066
irradiance,2016,1062
irradiance,2016,1058
irradiance,2016,1053
irradiance,2016,1049
irradiance,2016,1045
irradiance,2016,1041
irradiance,2016,1037
irradiance,2016,1033
irradiance,2016,1029
irradiance,2016,1025
irradiance,2016,1020
irradiance,2016,1016
irradiance,2016,1012
irradiance,2016,1008
irradiance,2016,1004
irradiance,2016,999.9
irradiance,2016,995.8
irradiance,2016,991.7
irradiance,2016,987.6
irradiance,2016,983.5
irradiance,2016,979.3
irradiance,2016,975.2
irradiance,2016,971.1
irradiance,2016,967
irradiance,2016,962.9
irradiance,2016,958.8
irradiance,2016,954.7
irradiance,2016,950.5
irradiance,2016,946.4
irradiance,2016,942.3
irradiance,2016,938.2
irradiance,2016,934.1
irradiance,2016,930
irradiance,2016,925.9
irradiance,2016,921.7
irradiance,2016,917.6
irradiance,2016,913.5
irradiance,2016,909.4
irradiance,2016,905.3
irradiance,2016,901.2
irradiance,2016,897.1
irradiance,2016,892.9
irradiance,2016,888.8
irradiance,2016,884.7
irradiance,2016,880.6
irradiance,2016,876.5
irradiance,2016,872.4
irradiance,2016,868.3
irradiance,2016,864.1
irradiance,2016,860
irradiance,2016,855.9
irradiance,2016,851.8
irradiance,2016,847.7
irradiance,2016,843.6
irradiance,2016,839.5
irradiance,2016,835.3
irradiance,2016,831.2
irradiance,2016,827.1
irradiance,2016,823
irradiance,2016,818.9
irradiance,2016,814.8
irradiance,2016,810.7
irradiance,2016,806.5
irradiance,2016,802.4
irradiance,2016,798.3
irradiance,2016,794.2
irradiance,2016,790.1
irradiance,2016,786
irradiance,2016,781.9
irradiance,2016,777.7
irradiance,2016,773.6
irradiance,2016,769.5
irradiance,2016,765.4
irradiance,2016,761.3
irradiance,2016,757.2
irradiance,2016,753.1
irradiance,2016,748.9
irradiance,2016,744.8
irradiance,2016,740.7
irradiance,2016,736.6
irradiance,2016,1930
irradiance,2016,1926
irradiance,2016,1921
irradiance,2016,1917
irradiance,2016,1428
irradiance,2016,1424
irradiance,2016,1420
irradiance,2016,1415
irradiance,2016,1411
irradiance,2016,1407
irradiance,2016,1403
irradiance,2016,1399
irradiance,2016,1395
irradiance,2016,1391
irradiance,2016,1387
irradiance,2016,1383
irradiance,2016,1378
irradiance,2016,1374
irradiance,2016,1370
irradiance,2016,1366
irradiance,2016,1362
irradiance,2016,1358
irradiance,2016,1354
irradiance,2016,1350
irradiance,2016,1346
irradiance,2016,1341
irradiance,2016,1337
irradiance,2016,1333
irradiance,2016,1329
irradiance,2016,1325
irradiance,2016,1321
irradiance,2016,1317
irradiance,2016,1313
irradiance,2016,1308
irradiance,2016,1304
irradiance,2016,1300
irradiance,2016,1296
irradiance,2016,1292
irradiance,2016,1288
irradiance,2016,1284
irradiance,2016,1280
irradiance,2016,1276
irradiance,2016,1271
irradiance,2016,1267
irradiance,2016,1263
irradiance,2016,1259
irradiance,2016,1255
irradiance,2016,1251
irradiance,2016,1247
irradiance,2016,1243
irradiance,2016,1239
irradiance,2016,1234
irradiance,2016,1230
irradiance,2016,1226
irradiance,2016,1222
irradiance,2016,1218
irradiance,2016,1214
irradiance,2016,1210
irradiance,2016,1206
irradiance,2016,1202
irradiance,2016,1197
irradiance,2016,1193
irradiance,2016,1189
irradiance,2016,1185
irradiance,2016,1181
irradiance,2016,1177
irradiance,2016,1173
irradiance,2016,1169
irradiance,2016,1164
irradiance,2016,1160
irradiance,2016,1156
irradiance,2016,1152
irradiance,2016,1148
irradiance,2016,1144
irradiance,2016,1140
irradiance,2016,1136
irradiance,2016,1132
irradiance,2016,1127
irradiance,2016,1123
irradiance,2016,1119
irradiance,2016,1115
irradiance,2016,1111
irradiance,2016,1107
irradiance,2016,1103
irradiance,2016,1099
irradiance,2016,1095
irradiance,2016,1090
irradiance,2016,1086
irradiance,2016,1082
irradiance,2016,1078
irradiance,2016,1074
irradiance,2016,1070
irradiance,2016,1066
irradiance,2016,1062
irradiance,2016,1058
irradiance,2016,1053
irradiance,2016,1049
irradiance,2016,1045
irradiance,2016,1041
irradiance,2016,1037
irradiance,2016,1033
irradiance,2016,1029
irradiance,2016,1025
irradiance,2016,1020
irradiance,2016,1016
irradiance,2016,1012
irradiance,2016,1008
irradiance,2016,1004
irradiance,2016,999.9
irradiance,2016,995.8
irradiance,2016,991.7
irradiance,2016,987.6
irradiance,2016,983.5
irradiance,2016,979.3
irradiance,2016,975.2
irradiance,2016,971.1
irradiance,2016,967
irradiance,2016,962.9
irradiance,2016,958.8
irradiance,2016,954.7
irradiance,2016,950.5
irradiance,2016,946.4
irradiance,2016,942.3
irradiance,2016,938.2
irradiance,2016,934.1
irradiance,2016,930
irradiance,2016,925.9
irradiance,2016,921.7
irradiance,2016,917.6
irradiance,2016,913.5
irradiance,2016,909.4
irradiance,2016,905.3
irradiance,2016,901.2
irradiance,2016,897.1
irradiance,2016,892.9
irradiance,2016,888.8
irradiance,2016,884.7
irradiance,2016,880.6
irradiance,2016,876.5
irradiance,2016,872.4
irradiance,2016,868.3
irradiance,2016,864.1
irradiance,2016,860
irradiance,2016,855.9
irradiance,2016,851.8
irradiance,2016,847.7
irradiance,2016,843.6
irradiance,2016,839.5
irradiance,2016,835.3
irradiance,2016,831.2
irradiance,2016,827.1
irradiance,2016,823
irradiance,2016,818.9
irradiance,2016,814.8
irradiance,2016,810.7
irradiance,2016,806.5
irradiance,2016,802.4
irradiance,2016,798.3
irradiance,2016,794.2
irradiance,2016,1930
irradiance,2016,1926
irradiance,2016,1921
irradiance,2016,1917
irradiance,2016,1502
irradiance,2016,1498
irradiance,2016,1494
irradiance,2016,1490
irradiance,2016,1485
irradiance,2016,1481
irradiance,2016,1477
irradiance,2016,1473
irradiance,2016,1469
irradiance,2016,1465
irradiance,2016,1461
irradiance,2016,1457
irradiance,2016,1452
irradiance,2016,1448
irradiance,2016,1444
irradiance,2016,1440
irradiance,2016,1436
irradiance,2016,1432
irradiance,2016,1428
irradiance,2016,1424
irradiance,2016,1420
irradiance,2016,1415
irradiance,2016,1411
irradiance,2016,1407
irradiance,2016,1403
irradiance,2016,1399
irradiance,2016,1395
irradiance,2016,1391
irradiance,2016,1387
irradiance,2016,1383
irradiance,2016,1378
irradiance,2016,1374
irradiance,2016,1370
irradiance,2016,1366
irradiance,2016,1362
irradiance,2016,1358
irradiance,2016,1354
irradiance,2016,1350
irradiance,2016,1346
irradiance,2016,1341
irradiance,2016,1337
irradiance,2016,1333
irradiance,2016,1329
irradiance,2016,1325
irradiance,2016,1321
irradiance,2016,1317
irradiance,2016,1313
irradiance,2016,1308
irradiance,2016,1304
irradiance,2016,1300
irradiance,2016,1296
irradiance,2016,1292
irradiance,2016,1288
irradiance,2016,1284
irradiance,2016,1280
irradiance,2016,1276
irradiance,2016,1271
irradiance,2016,1267
irradiance,2016,1263
irradiance,2016,1259
irradiance,2016,1255
irradiance,2016,1251
irradiance,2016,1247
irradiance,2016,1243
irradiance,2016,1239
irradiance,2016,1234
irradiance,2016,1230
irradiance,2016,1226
irradiance,2016,1222
irradiance,2016,1218
irradiance,2016,1214
irradiance,2016,1210
irradiance,2016,1206
irradiance,2016,1202
irradiance,2016,1197
irradiance,2016,1193
irradiance,2016,1189
irradiance,2016,1185
irradiance,2016,1181
irradiance,2016,1177
irradiance,2016,1173
irradiance,2016,1169
irradiance,2016,1164
irradiance,2016,1160
irradiance,2016,1156
irradiance,2016,1152
irradiance,2016,1148
irradiance,2016,1144
irradiance,2016,1140
irradiance,2016,1136
irradiance,2016,1132
irradiance,2016,1127
irradiance,2016,1123
irradiance,2016,1119
irradiance,2016,1115
irradiance,2016,1111
irradiance,2016,1107
irradiance,2016,1103
irradiance,2016,1099
irradiance,2016,1095
irradiance,2016,1090
irradiance,2016,1086
irradiance,2016,1082
irradiance,2016,1078
irradiance,2016,1074
irradiance,2016,1070
irradiance,2016,1066
irradiance,2016,1062
irradiance,2016,1058
irradiance,2016,1053
irradiance,2016,1049
irradiance,2016,1045
irradiance,2016,1041
irradiance,2016,1037
irradiance,2016,1033
irradiance,2016,1029
irradiance,2016,1025
irradiance,2016,1020
irradiance,2016,1016
irradiance,2016,1012
irradiance,2016,1008
irradiance,2016,1004
irradiance,2016,999.9
irradiance,2016,995.8
irradiance,2016,991.7
irradiance,2016,987.6
irradiance,2016,983.5
irradiance,2016,979.3
irradiance,2016,975.2
irradiance,2016,971.1
irradiance,2016,967
irradiance,2016,962.9
irradiance,2016,958.8
irradiance,2016,954.7
irradiance,2016,950.5
irradiance,2016,946.4
irradiance,2016,942.3
irradiance,2016,938.2
irradiance,2016,934.1
irradiance,2016,930
irradiance,2016,925.9
irradiance,2016,921.7
irradiance,2016,917.6
irradiance,2016,913.5
irradiance,2016,909.4
irradiance,2016,905.3
irradiance,2016,901.2
irradiance,2016,897.1
irradiance,2016,892.9
irradiance,2016,888.8
irradiance,2016,884.7
irradiance,2016,880.6
irradiance,2016,876.5
irradiance,2016,872.4
irradiance,2016,868.3
irradiance,2016,864.1
irradiance,2016,860
irradiance,2016,855.9
irradiance,2016,851.8
irradiance,2016,1930
irradiance,2016,1926
irradiance,2016,1921
irradiance,2016,1917
irradiance,2016,1572
irradiance,2016,1568
irradiance,2016,1564
irradiance,2016,1559
irradiance,2016,1555
irradiance,2016,1551
irradiance,2016,1547
irradiance,2016,1543
irradiance,2016,1539
irradiance,2016,1535
irradiance,2016,1531
irradiance,2016,1527
irradiance,2016,1522
irradiance,2016,1518
irradiance,2016,1514
irradiance,2016,1510
irradiance,2016,1506
irradiance,2016,1502
irradiance,2016,1498
irradiance,2016,1494
irradiance,2016,1490
irradiance,2016,1485
irradiance,2016,1481
irradiance,2016,1477
irradiance,2016,1473
irradiance,2016,1469
irradiance,2016,1465
irradiance,2016,1461
irradiance,2016,1457
irradiance,2016,1452
irradiance,2016,1448
irradiance,2016,1444
irradiance,2016,1440
irradiance,2016,1436
irradiance,2016,1432
irradiance,2016,1428
irradiance,2016,1424
irradiance,2016,1420
irradiance,2016,1415
irradiance,2016,1411
irradiance,2016,1407
irradiance,2016,1403
irradiance,2016,1399
irradiance,2016,1395
irradiance,2016,1391
irradiance,2016,1387
irradiance,2016,1383
irradiance,2016,1378
irradiance,2016,1374
irradiance,2016,1370
irradiance,2016,1366
irradiance,2016,1362
irradiance,2016,1358
irradiance,2016,1354
irradiance,2016,1350
irradiance,2016,1346
irradiance,2016,1341
irradiance,2016,1337
irradiance,2016,1333
irradiance,2016,1329
irradiance,2016,1325
irradiance,2016,1321
irradiance,2016,1317
irradiance,2016,1313
irradiance,2016,1308
irradiance,2016,1304
irradiance,2016,1300
irradiance,2016,1296
irradiance,2016,1292
irradiance,2016,1288
irradiance,2016,1284
irradiance,2016,1280
irradiance,2016,1276
irradiance,2016,1271
irradiance,2016,1267
irradiance,2016,1263
irradiance,2016,1259
irradiance,2016,1255
irradiance,2016,1251
irradiance,2016,1247
irradiance,2016,1243
irradiance,2016,1239
irradiance,2016,1234
irradiance,2016,1230
irradiance,2016,1226
irradiance,2016,1222
irradiance,2016,1218
irradiance,2016,1214
irradiance,2016,1210
irradiance,2016,1206
irradiance,2016,1202
irradiance,2016,1197
irradiance,2016,1193
irradiance,2016,1189
irradiance,2016,1185
irradiance,2016,1181
irradiance,2016,1177
irradiance,2016,1173
irradiance,2016,1169
irradiance,2016,1164
irradiance,2016,1160
irradiance,2016,1156
irradiance,2016,1152
irradiance,2016,1148
irradiance,2016,1144
irradiance,2016,1140
irradiance,2016,1136
irradiance,2016,1132
irradiance,2016,1127
irradiance,2016,1123
irradiance,2016,1119
irradiance,2016,1115
irradiance,2016,1111
irradiance,2016,1107
irradiance,2016,1103
irradiance,2016,1099
irradiance,2016,1095
irradiance,2016,1090
irradiance,2016,1086
irradiance,2016,1082
irradiance,2016,1078
irradiance,2016,1074
irradiance,2016,1070
irradiance,2016,1066
irradiance,2016,1062
irradiance,2016,1058
irradiance,2016,1053
irradiance,2016,1049
irradiance,2016,1045
irradiance,2016,1041
irradiance,2016,1037
irradiance,2016,1033
irradiance,2016,1029
irradiance,2016,1025
irradiance,2016,1020
irradiance,2016,1016
irradiance,2016,1012
irradiance,2016,1008
irradiance,2016,1004
irradiance,2016,999.9
irradiance,2016,995.8
irradiance,2016,991.7
irradiance,2016,987.6
irradiance,2016,983.5
irradiance,2016,979.3
irradiance,2016,975.2
irradiance,2016,971.1
irradiance,2016,967
irradiance,2016,962.9
irradiance,2016,958.8
irradiance,2016,954.7
irradiance,2016,950.5
irradiance,2016,946.4
irradiance,2016,942.3
irradiance,2016,938.2
irradiance,2016,934.1
irradiance,2016,930
irradiance,2016,925.9
irradiance,2016,921.7
irradiance,2016,917.6
irradiance,2016,913.5
irradiance,2016,909.4
irradiance,2016,1930
irradiance,2016,1926
irradiance,2016,1921
irradiance,2016,1917
irradiance,2016,1642
irradiance,2016,1638
irradiance,2016,1634
irradiance,2016,1629
irradiance,2016,1625
irradiance,2016,1621
irradiance,2016,1617
irradiance,2016,1613
irradiance,2016,1609
irradiance,2016,1605
irradiance,2016,1601
irradiance,2016,1596
irradiance,2016,1592
irradiance,2016,1588
irradiance,2016,1584
irradiance,2016,1580
irradiance,2016,1576
irradiance,2016,1572
irradiance,2016,1568
irradiance,2016,1564
irradiance,2016,1559
irradiance,2016,1555
irradiance,2016,1551
irradiance,2016,1547
irradiance,2016,1543
irradiance,2016,1539
irradiance,2016,1535
irradiance,2016,1531
irradiance,2016,1527
irradiance,2016,1522
irradiance,2016,1518
irradiance,2016,1514
irradiance,2016,1510
irradiance,2016,1506
irradiance,2016,1502
irradiance,2016,1498
irradiance,2016,1494
irradiance,2016,1490
irradiance,2016,1485
irradiance,2016,1481
irradiance,2016,1477
irradiance,2016,1473
irradiance,2016,1469
irradiance,2016,1465
irradiance,2016,1461
irradiance,2016,1457
irradiance,2016,1452
irradiance,2016,1448
irradiance,2016,1444
irradiance,2016,1440
irradiance,2016,1436
irradiance,2016,1432
irradiance,2016,1428
irradiance,2016,1424
irradiance,2016,1420
irradiance,2016,1415
irradiance,2016,1411
irradiance,2016,1407
irradiance,2016,1403
irradiance,2016,1399
irradiance,2016,1395
irradiance,2016,1391
irradiance,2016,1387
irradiance,2016,1383
irradiance,2016,1378
irradiance,2016,1374
irradiance,2016,1370
irradiance,2016,1366
irradiance,2016,1362
irradiance,2016,1358
irradiance,2016,1354
irradiance,2016,1350
irradiance,2016,1346
irradiance,2016,1341
irradiance,2016,1337
irradiance,2016,1333
irradiance,2016,1329
irradiance,2016,1325
irradiance,2016,1321
irradiance,2016,1317
irradiance,2016,1313
irradiance,2016,1308
irradiance,2016,1304
irradiance,2016,1300
irradiance,2016,1296
irradiance,2016,1292
irradiance,2016,1288
irradiance,2016,1284
irradiance,2016,1280
irradiance,2016,1276
irradiance,2016,1271
irradiance,2016,1267
irradiance,2016,1263
irradiance,2016,1259
irradiance,2016,1255
irradiance,2016,1251
irradiance,2016,1247
irradiance,2016,1243
irradiance,2016,1239
irradiance,2016,1234
irradiance,2016,1230
irradiance,2016,1226
irradiance,2016,1222
irradiance,2016,1218
irradiance,2016,1214
irradiance,2016,1210
irradiance,2016,1206
irradiance,2016,1202
irradiance,2016,1197
irradiance,2016,1193
irradiance,2016,1189
irradiance,2016,1185
irradiance,2016,1181
irradiance,2016,1177
irradiance,2016,1173
irradiance,2016,1169
irradiance,2016,1164
irradiance,2016,1160
irradiance,2016,1156
irradiance,2016,1152
irradiance,2016,1148
irradiance,2016,1144
irradiance,2016,1140
irradiance,2016,1136
irradiance,2016,1132
irradiance,2016,1127
irradiance,2016,1123
irradiance,2016,1119
irradiance,2016,1115
irradiance,2016,1111
irradiance,2016,1107
irradiance,2016,1103
irradiance,2016,1099
irradiance,2016,1095
irradiance,2016,1090
irradiance,2016,1086
irradiance,2016,1082
irradiance,2016,1078
irradiance,2016,1074
irradiance,2016,1070
irradiance,2016,1066
irradiance,2016,1062
irradiance,2016,1058
irradiance,2016,1053
irradiance,2016,1049
irradiance,2016,1045
irradiance,2016,1041
irradiance,2016,1037
irradiance,2016,1033
irradiance,2016,1029
irradiance,2016,1025
irradiance,2016,1020
irradiance,2016,1016
irradiance,2016,1012
irradiance,2016,1008
irradiance,2016,1004
irradiance,2016,999.9
irradiance,2016,995.8
irradiance,2016,991.7
irradiance,2016,987.6
irradiance,2016,983.5
irradiance,2016,979.3
irradiance,2016,975.2
irradiance,2016,971.1
irradiance,2016,967
irradiance,2016,946.4
irradiance,2016,942.3
irradiance,2016,938.2
irradiance,2016,934.1
irradiance,2016,1930
irradiance,2016,1926
irradiance,2016,1921
irradiance,2016,1917
irradiance,2016,1716
irradiance,2016,1712
irradiance,2016,1708
irradiance,2016,1703
irradiance,2016,1699
irradiance,2016,1695
irradiance,2016,1691
irradiance,2016,1687
irradiance,2016,1683
irradiance,2016,1679
irradiance,2016,1675
irradiance,2016,1671
irradiance,2016,1666
irradiance,2016,1662
irradiance,2016,1658
irradiance,2016,1654
irradiance,2016,1650
irradiance,2016,1646
irradiance,2016,1642
irradiance,2016,1638
irradiance,2016,1634
irradiance,2016,1629
irradiance,2016,1625
irradiance,2016,1621
irradiance,2016,1617
irradiance,2016,1613
irradiance,2016,1609
irradiance,2016,1605
irradiance,2016,1601
irradiance,2016,1596
irradiance,2016,1592
irradiance,2016,1588
irradiance,2016,1584
irradiance,2016,1580
irradiance,2016,1576
irradiance,2016,1572
irradiance,2016,1568
irradiance,2016,1564
irradiance,2016,1559
irradiance,2016,1555
irradiance,2016,1551
irradiance,2016,1547
irradiance,2016,1543
irradiance,2016,1539
irradiance,2016,1535
irradiance,2016,1531
irradiance,2016,1527
irradiance,2016,1522
irradiance,2016,1518
irradiance,2016,1514
irradiance,2016,1510
irradiance,2016,1506
irradiance,2016,1502
irradiance,2016,1498
irradiance,2016,1494
irradiance,2016,1490
irradiance,2016,1485
irradiance,2016,1481
irradiance,2016,1477
irradiance,2016,1473
irradiance,2016,1469
irradiance,2016,1465
irradiance,2016,1461
irradiance,2016,1457
irradiance,2016,1452
irradiance,2016,1448
irradiance,2016,1444
irradiance,2016,1440
irradiance,2016,1436
irradiance,2016,1432
irradiance,2016,1428
irradiance,2016,1424
irradiance,2016,1420
irradiance,2016,1415
irradiance,2016,1411
irradiance,2016,1407
irradiance,2016,1403
irradiance,2016,1399
irradiance,2016,1395
irradiance,2016,1391
irradiance,2016,1387
irradiance,2016,1383
irradiance,2016,1378
irradiance,2016,1374
irradiance,2016,1370
irradiance,2016,1366
irradiance,2016,1362
irradiance,2016,1358
irradiance,2016,1354
irradiance,2016,1350
irradiance,2016,1346
irradiance,2016,1341
irradiance,2016,1337
irradiance,2016,1333
irradiance,2016,1329
irradiance,2016,1325
irradiance,2016,1321
irradiance,2016,1317
irradiance,2016,1313
irradiance,2016,1308
irradiance,2016,1304
irradiance,2016,1300
irradiance,2016,1296
irradiance,2016,1292
irradiance,2016,1288
irradiance,2016,1284
irradiance,2016,1280
irradiance,2016,1276
irradiance,2016,1271
irradiance,2016,1267
irradiance,2016,1263
irradiance,2016,1259
irradiance,2016,1255
irradiance,2016,1251
irradiance,2016,1247
irradiance,2016,1243
irradiance,2016,1239
irradiance,2016,1234
irradiance,2016,1230
irradiance,2016,1226
irradiance,2016,1222
irradiance,2016,1218
irradiance,2016,1214
irradiance,2016,1210
irradiance,2016,1206
irradiance,2016,1202
irradiance,2016,1197
irradiance,2016,1193
irradiance,2016,1189
irradiance,2016,1185
irradiance,2016,1181
irradiance,2016,1177
irradiance,2016,1173
irradiance,2016,1169
irradiance,2016,1164
irradiance,2016,1160
irradiance,2016,1156
irradiance,2016,1152
irradiance,2016,1148
irradiance,2016,1144
irradiance,2016,1140
irradiance,2016,1136
irradiance,2016,1132
irradiance,2016,1127
irradiance,2016,1123
irradiance,2016,1119
irradiance,2016,1115
irradiance,2016,1111
irradiance,2016,1107
irradiance,2016,1103
irradiance,2016,1099
irradiance,2016,1095
irradiance,2016,1090
irradiance,2016,1086
irradiance,2016,1082
irradiance,2016,1078
irradiance,2016,1074
irradiance,2016,1070
irradiance,2016,1066
irradiance,2016,1062
irradiance,2016,1058
irradiance,2016,1053
irradiance,2016,1049
irradiance,2016,1045
irradiance,2016,1041
irradiance,2016,1037
irradiance,2016,1033
irradiance,2016,946.4
irradiance,2016,942.3
irradiance,2016,938.2
irradiance,2016,934.1
irradiance,2016,1930
irradiance,2016,1926
irradiance,2016,1921
irradiance,2016,1917
irradiance,2016,1786
irradiance,2016,1782
irradiance,2016,1777
irradiance,2016,1773
irradiance,2016,1769
irradiance,2016,1765
irradiance,2016,1761
irradiance,2016,1757
irradiance,2016,1753
irradiance,2016,1749
irradiance,2016,1745
irradiance,2016,1740
irradiance,2016,1736
irradiance,2016,1732
irradiance,2016,1728
irradiance,2016,1724
irradiance,2016,1720
irradiance,2016,1716
irradiance,2016,1712
irradiance,2016,1708
irradiance,2016,1703
irradiance,2016,1699
irradiance,2016,1695
irradiance,2016,1691
irradiance,2016,1687
irradiance,2016,1683
irradiance,2016,1679
irradiance,2016,1675
irradiance,2016,1671
irradiance,2016,1666
irradiance,2016,1662
irradiance,2016,1658
irradiance,2016,1654
irradiance,2016,1650
irradiance,2016,1646
irradiance,2016,1642
irradiance,2016,1638
irradiance,2016,1634
irradiance,2016,1629
irradiance,2016,1625
irradiance,2016,1621
irradiance,2016,1617
irradiance,2016,1613
irradiance,2016,1609
irradiance,2016,1605
irradiance,2016,1601
irradiance,2016,1596
irradiance,2016,1592
irradiance,2016,1588
irradiance,2016,1584
irradiance,2016,1580
irradiance,2016,1576
irradiance,2016,1572
irradiance,2016,1568
irradiance,2016,1564
irradiance,2016,1559
irradiance,2016,1555
irradiance,2016,1551
irradiance,2016,1547
irradiance,2016,1543
irradiance,2016,1539
irradiance,2016,1535
irradiance,2016,1531
irradiance,2016,1527
irradiance,2016,1522
irradiance,2016,1518
irradiance,2016,1514
irradiance,2016,1510
irradiance,2016,1506
irradiance,2016,1502
irradiance,2016,1498
irradiance,2016,1494
irradiance,2016,1490
irradiance,2016,1485
irradiance,2016,1481
irradiance,2016,1477
irradiance,2016,1473
irradiance,2016,1469
irradiance,2016,1465
irradiance,2016,1461
irradiance,2016,1457
irradiance,2016,1452
irradiance,2016,1448
irradiance,2016,1444
irradiance,2016,1440
irradiance,2016,1436
irradiance,2016,1432
irradiance,2016,1428
irradiance,2016,1424
irradiance,2016,1420
irradiance,2016,1415
irradiance,2016,1411
irradiance,2016,1407
irradiance,2016,1403
irradiance,2016,1399
irradiance,2016,1395
irradiance,2016,1391
irradiance,2016,1387
irradiance,2016,1383
irradiance,2016,1378
irradiance,2016,1374
irradiance,2016,1370
irradiance,2016,1366
irradiance,2016,1362
irradiance,2016,1358
irradiance,2016,1354
irradiance,2016,1350
irradiance,2016,1346
irradiance,2016,1341
irradiance,2016,1337
irradiance,2016,1333
irradiance,2016,1329
irradiance,2016,1325
irradiance,2016,1321
irradiance,2016,1317
irradiance,2016,1313
irradiance,2016,1308
irradiance,2016,1304
irradiance,2016,1300
irradiance,2016,1296
irradiance,2016,1292
irradiance,2016,1288
irradiance,2016,1284
irradiance,2016,1280
irradiance,2016,1276
irradiance,2016,1271
irradiance,2016,1267
irradiance,2016,1263
irradiance,2016,1259
irradiance,2016,1255
irradiance,2016,1251
irradiance,2016,1247
irradiance,2016,1243
irradiance,2016,1239
irradiance,2016,1234
irradiance,2016,1230
irradiance,2016,1226
irradiance,2016,1222
irradiance,2016,1218
irradiance,2016,1214
irradiance,2016,1210
irradiance,2016,1206
irradiance,2016,1202
irradiance,2016,1197
irradiance,2016,1193
irradiance,2016,1189
irradiance,2016,1185
irradiance,2016,1181
irradiance,2016,1177
irradiance,2016,1173
irradiance,2016,1169
irradiance,2016,1164
irradiance,2016,1160
irradiance,2016,1156
irradiance,2016,1152
irradiance,2016,1148
irradiance,2016,1144
irradiance,2016,1140
irradiance,2016,1136
irradiance,2016,1132
irradiance,2016,1127
irradiance,2016,1123
irradiance,2016,1119
irradiance,2016,1115
irradiance,2016,1111
irradiance,2016,1107
irradiance,2016,1103
irradiance,2016,946.4
irradiance,2016,942.3
irradiance,2016,938.2
irradiance,2016,934.1
irradiance,2016,1930
irradiance,2016,1926
irradiance,2016,1921
irradiance,2016,1917
irradiance,2016,1856
irradiance,2016,1852
irradiance,2016,1847
irradiance,2016,1843
irradiance,2016,1839
irradiance,2016,1835
irradiance,2016,1831
irradiance,2016,1827
irradiance,2016,1823
irradiance,2016,1819
irradiance,2016,1815
irradiance,2016,1810
irradiance,2016,1806
irradiance,2016,1802
irradiance,2016,1798
irradiance,2016,1794
irradiance,2016,1790
irradiance,2016,1786
irradiance,2016,1782
irradiance,2016,1777
irradiance,2016,1773
irradiance,2016,1769
irradiance,2016,1765
irradiance,2016,1761
irradiance,2016,1757
irradiance,2016,1753
irradiance,2016,1749
irradiance,2016,1745
irradiance,2016,1740
irradiance,2016,1736
irradiance,2016,1732
irradiance,2016,1728
irradiance,2016,1724
irradiance,2016,1720
irradiance,2016,1716
irradiance,2016,1712
irradiance,2016,1708
irradiance,2016,1703
irradiance,2016,1699
irradiance,2016,1695
irradiance,2016,1691
irradiance,2016,1687
irradiance,2016,1683
irradiance,2016,1679
irradiance,2016,1675
irradiance,2016,1671
irradiance,2016,1666
irradiance,2016,1662
irradiance,2016,1658
irradiance,2016,1654
irradiance,2016,1650
irradiance,2016,1646
irradiance,2016,1642
irradiance,2016,1638
irradiance,2016,1634
irradiance,2016,1629
irradiance,2016,1625
irradiance,2016,1621
irradiance,2016,1617
irradiance,2016,1613
irradiance,2016,1609
irradiance,2016,1605
irradiance,2016,1601
irradiance,2016,1596
irradiance,2016,1592
irradiance,2016,1588
irradiance,2016,1584
irradiance,2016,1580
irradiance,2016,1576
irradiance,2016,1572
irradiance,2016,1568
irradiance,2016,1564
irradiance,2016,1559
irradiance,2016,1555
irradiance,2016,1551
irradiance,2016,1547
irradiance,2016,1543
irradiance,2016,1539
irradiance,2016,1535
irradiance,2016,1531
irradiance,2016,1527
irradiance,2016,1522
irradiance,2016,1518
irradiance,2016,1514
irradiance,2016,1510
irradiance,2016,1506
irradiance,2016,1502
irradiance,2016,1498
irradiance,2016,1494
irradiance,2016,1490
irradiance,2016,1485
irradiance,2016,1481
irradiance,2016,1477
irradiance,2016,1473
irradiance,2016,1469
irradiance,2016,1465
irradiance,2016,1461
irradiance,2016,1457
irradiance,2016,1452
irradiance,2016,1448
irradiance,2016,1444
irradiance,2016,1440
irradiance,2016,1436
irradiance,2016,1432
irradiance,2016,1428
irradiance,2016,1424
irradiance,2016,1420
irradiance,2016,1415
irradiance,2016,1411
irradiance,2016,1407
irradiance,2016,1403
irradiance,2016,1399
irradiance,2016,1395
irradiance,2016,1391
irradiance,2016,1387
irradiance,2016,1383
irradiance,2016,1378
irradiance,2016,1374
irradiance,2016,1370
irradiance,2016,1366
irradiance,2016,1362
irradiance,2016,1358
irradiance,2016,1354
irradiance,2016,1350
irradiance,2016,1346
irradiance,2016,1341
irradiance,2016,1337
irradiance,2016,1333
irradiance,2016,1329
irradiance,2016,1325
irradiance,2016,1321
irradiance,2016,1317
irradiance,2016,1313
irradiance,2016,1308
irradiance,2016,1304
irradiance,2016,1300
irradiance,2016,1296
irradiance,2016,1292
irradiance,2016,1288
irradiance,2016,1284
irradiance,2016,1280
irradiance,2016,1276
irradiance,2016,1271
irradiance,2016,1267
irradiance,2016,1263
irradiance,2016,1259
irradiance,2016,1255
irradiance,2016,1251
irradiance,2016,1247
irradiance,2016,1243
irradiance,2016,1239
irradiance,2016,1234
irradiance,2016,1230
irradiance,2016,1226
irradiance,2016,1222
irradiance,2016,1218
irradiance,2016,1214
irradiance,2016,1210
irradiance,2016,1206
irradiance,2016,1202
irradiance,2016,1197
irradiance,2016,1193
irradiance,2016,1189
irradiance,2016,1185
irradiance,2016,1181
irradiance,2016,1177
irradiance,2016,946.4
irradiance,2016,942.3
irradiance,2016,938.2
irradiance,2016,934.1
irradiance,2016,-12.18
irradiance,2016,-16.29
irradiance,2016,-20.41
irradiance,2016,-24.52
irradiance,2016,-28.64
irradiance,2016,1930
irradiance,2016,1926
irradiance,2016,1921
irradiance,2016,1917
irradiance,2016,1913
irradiance,2016,1909
irradiance,2016,1905
irradiance,2016,1901
irradiance,2016,1897
irradiance,2016,1893
irradiance,2016,1889
irradiance,2016,1884
irradiance,2016,1880
irradiance,2016,1876
irradiance,2016,1872
irradiance,2016,1868
irradiance,2016,1864
irradiance,2016,1860
irradiance,2016,1856
irradiance,2016,1852
irradiance,2016,1847
irradiance,2016,1843
irradiance,2016,1839
irradiance,2016,1835
irradiance,2016,1831
irradiance,2016,1827
irradiance,2016,1823
irradiance,2016,1819
irradiance,2016,1815
irradiance,2016,1810
irradiance,2016,1806
irradiance,2016,1802
irradiance,2016,1798
irradiance,2016,1794
irradiance,2016,1790
irradiance,2016,1786
irradiance,2016,1782
irradiance,2016,1777
irradiance,2016,1773
irradiance,2016,1769
irradiance,2016,1765
irradiance,2016,1761
irradiance,2016,1757
irradiance,2016,1753
irradiance,2016,1749
irradiance,2016,1745
irradiance,2016,1740
irradiance,2016,1736
irradiance,2016,1732
irradiance,2016,1728
irradiance,2016,1724
irradiance,2016,1720
irradiance,2016,1716
irradiance,2016,1712
irradiance,2016,1708
irradiance,2016,1703
irradiance,2016,1699
irradiance,2016,1695
irradiance,2016,1691
irradiance,2016,1687
irradiance,2016,1683
irradiance,2016,1679
irradiance,2016,1675
irradiance,2016,1671
irradiance,2016,1666
irradiance,2016,1662
irradiance,2016,1658
irradiance,2016,1654
irradiance,2016,1650
irradiance,2016,1646
irradiance,2016,1642
irradiance,2016,1638
irradiance,2016,1634
irradiance,2016,1629
irradiance,2016,1625
irradiance,2016,1621
irradiance,2016,1617
irradiance,2016,1613
irradiance,2016,1609
irradiance,2016,1605
irradiance,2016,1601
irradiance,2016,1596
irradiance,2016,1592
irradiance,2016,1588
irradiance,2016,1584
irradiance,2016,1580
irradiance,2016,1576
irradiance,2016,1572
irradiance,2016,1568
irradiance,2016,1564
irradiance,2016,1559
irradiance,2016,1555
irradiance,2016,1551
irradiance,2016,1547
irradiance,2016,1543
irradiance,2016,1539
irradiance,2016,1535
irradiance,2016,1531
irradiance,2016,1527
irradiance,2016,1522
irradiance,2016,1518
irradiance,2016,1514
irradiance,2016,1510
irradiance,2016,1506
irradiance,2016,1502
irradiance,2016,1498
irradiance,2016,1494
irradiance,2016,1490
irradiance,2016,1485
irradiance,2016,1481
irradiance,2016,1477
irradiance,2016,1473
irradiance,2016,1469
irradiance,2016,1465
irradiance,2016,1461
irradiance,2016,1457
irradiance,2016,1452
irradiance,2016,1448
irradiance,2016,1444
irradiance,2016,1440
irradiance,2016,1436
irradiance,2016,1432
irradiance,2016,1428
irradiance,2016,1424
irradiance,2016,1420
irradiance,2016,1415
irradiance,2016,1411
irradiance,2016,1407
irradiance,2016,1403
irradiance,2016,1399
irradiance,2016,1395
irradiance,2016,1391
irradiance,2016,1387
irradiance,2016,1383
irradiance,2016,1378
irradiance,2016,1374
irradiance,2016,1370
irradiance,2016,1366
irradiance,2016,1362
irradiance,2016,1358
irradiance,2016,1354
irradiance,2016,1350
irradiance,2016,1346
irradiance,2016,1341
irradiance,2016,1337
irradiance,2016,1333
irradiance,2016,1329
irradiance,2016,1325
irradiance,2016,1321
irradiance,2016,1317
irradiance,2016,1313
irradiance,2016,1308
irradiance,2016,1304
irradiance,2016,1300
irradiance,2016,1296
irradiance,2016,1292
irradiance,2016,1288
irradiance,2016,1284
irradiance,2016,1280
irradiance,2016,1276
irradiance,2016,1271
irradiance,2016,1267
irradiance,2016,1263
irradiance,2016,1259
irradiance,2016,1255
irradiance,2016,1251
irradiance,2016,1247
irradiance,2016,946.4
irradiance,2016,942.3
irradiance,2016,938.2
irradiance,2016,934.1
irradiance,2016,-12.18
irradiance,2016,-16.29
irradiance,2016,-20.41
irradiance,2016,-24.52
irradiance,2016,-28.64
irradiance,2016,1934
irradiance,2016,1930
irradiance,2016,1926
irradiance,2016,1921
irradiance,2016,1917
irradiance,2016,1913
irradiance,2016,1909
irradiance,2016,1905
irradiance,2016,1901
irradiance,2016,1897
irradiance,2016,1893
irradiance,2016,1889
irradiance,2016,1884
irradiance,2016,1880
irradiance,2016,1876
irradiance,2016,1872
irradiance,2016,1868
irradiance,2016,1864
irradiance,2016,1860
irradiance,2016,1856
irradiance,2016,1852
irradiance,2016,1847
irradiance,2016,1843
irradiance,2016,1839
irradiance,2016,1835
irradiance,2016,1831
irradiance,2016,1827
irradiance,2016,1823
irradiance,2016,1819
irradiance,2016,1815
irradiance,2016,1810
irradiance,2016,1806
irradiance,2016,1802
irradiance,2016,1798
irradiance,2016,1794
irradiance,2016,1790
irradiance,2016,1786
irradiance,2016,1782
irradiance,2016,1777
irradiance,2016,1773
irradiance,2016,1769
irradiance,2016,1765
irradiance,2016,1761
irradiance,2016,1757
irradiance,2016,1753
irradiance,2016,1749
irradiance,2016,1745
irradiance,2016,1740
irradiance,2016,1736
irradiance,2016,1732
irradiance,2016,1728
irradiance,2016,1724
irradiance,2016,1720
irradiance,2016,1716
irradiance,2016,1712
irradiance,2016,1708
irradiance,2016,1703
irradiance,2016,1699
irradiance,2016,1695
irradiance,2016,1691
irradiance,2016,1687
irradiance,2016,1683
irradiance,2016,1679
irradiance,2016,1675
irradiance,2016,1671
irradiance,2016,1666
irradiance,2016,1662
irradiance,2016,1658
irradiance,2016,1654
irradiance,2016,1650
irradiance,2016,1646
irradiance,2016,1642
irradiance,2016,1638
irradiance,2016,1634
irradiance,2016,1629
irradiance,2016,1625
irradiance,2016,1621
irradiance,2016,1617
irradiance,2016,1613
irradiance,2016,1609
irradiance,2016,1605
irradiance,2016,1601
irradiance,2016,1596
irradiance,2016,1592
irradiance,2016,1588
irradiance,2016,1584
irradiance,2016,1580
irradiance,2016,1576
irradiance,2016,1572
irradiance,2016,1568
irradiance,2016,1564
irradiance,2016,1559
irradiance,2016,1555
irradiance,2016,1551
irradiance,2016,1547
irradiance,2016,1543
irradiance,2016,1539
irradiance,2016,1535
irradiance,2016,1531
irradiance,2016,1527
irradiance,2016,1522
irradiance,2016,1518
irradiance,2016,1514
irradiance,2016,1510
irradiance,2016,1506
irradiance,2016,1502
irradiance,2016,1498
irradiance,2016,1494
irradiance,2016,1490
irradiance,2016,1485
irradiance,2016,1481
irradiance,2016,1477
irradiance,2016,1473
irradiance,2016,1469
irradiance,2016,1465
irradiance,2016,1461
irradiance,2016,1457
irradiance,2016,1452
irradiance,2016,1448
irradiance,2016,1444
irradiance,2016,1440
irradiance,2016,1436
irradiance,2016,1432
irradiance,2016,1428
irradiance,2016,1424
irradiance,2016,1420
irradiance,2016,1415
irradiance,2016,1411
irradiance,2016,1407
irradiance,2016,1403
irradiance,2016,1399
irradiance,2016,1395
irradiance,2016,1391
irradiance,2016,1387
irradiance,2016,1383
irradiance,2016,1378
irradiance,2016,1374
irradiance,2016,1370
irradiance,2016,1366
irradiance,2016,1362
irradiance,2016,1358
irradiance,2016,1354
irradiance,2016,1350
irradiance,2016,1346
irradiance,2016,1341
irradiance,2016,1337
irradiance,2016,1333
irradiance,2016,1329
irradiance,2016,1325
irradiance,2016,1321
irradiance,2016,1317
irradiance,2016,946.4
irradiance,2016,942.3
irradiance,2016,938.2
irradiance,2016,934.1
irradiance,2016,-12.18
irradiance,2016,-16.29
irradiance,2016,-20.41
irradiance,2016,-24.52
irradiance,2016,-28.64
irradiance,2016,1938
irradiance,2016,1934
irradiance,2016,1930
irradiance,2016,1926
irradiance,2016,1921
irradiance,2016,1917
irradiance,2016,1913
irradiance,2016,1909
irradiance,2016,1905
irradiance,2016,1901
irradiance,2016,1897
irradiance,2016,1893
irradiance,2016,1889
irradiance,2016,1884
irradiance,2016,1880
irradiance,2016,1876
irradiance,2016,1872
irradiance,2016,1868
irradiance,2016,1864
irradiance,2016,1860
irradiance,2016,1856
irradiance,2016,1852
irradiance,2016,1847
irradiance,2016,1843
irradiance,2016,1839
irradiance,2016,1835
irradiance,2016,1831
irradiance,2016,1827
irradiance,2016,1823
irradiance,2016,1819
irradiance,2016,1815
irradiance,2016,1810
irradiance,2016,1806
irradiance,2016,1802
irradiance,2016,1798
irradiance,2016,1794
irradiance,2016,1790
irradiance,2016,1786
irradiance,2016,1782
irradiance,2016,1777
irradiance,2016,1773
irradiance,2016,1769
irradiance,2016,1765
irradiance,2016,1761
irradiance,2016,1757
irradiance,2016,1753
irradiance,2016,1749
irradiance,2016,1745
irradiance,2016,1740
irradiance,2016,1736
irradiance,2016,1732
irradiance,2016,1728
irradiance,2016,1724
irradiance,2016,1720
irradiance,2016,1716
irradiance,2016,1712
irradiance,2016,1708
irradiance,2016,1703
irradiance,2016,1699
irradiance,2016,1695
irradiance,2016,1691
irradiance,2016,1687
irradiance,2016,1683
irradiance,2016,1679
irradiance,2016,1675
irradiance,2016,1671
irradiance,2016,1666
irradiance,2016,1662
irradiance,2016,1658
irradiance,2016,1654
irradiance,2016,1650
irradiance,2016,1646
irradiance,2016,1642
irradiance,2016,1638
irradiance,2016,1634
irradiance,2016,1629
irradiance,2016,1625
irradiance,2016,1621
irradiance,2016,1617
irradiance,2016,1613
irradiance,2016,1609
irradiance,2016,1605
irradiance,2016,1601
irradiance,2016,1596
irradiance,2016,1592
irradiance,2016,1588
irradiance,2016,1584
irradiance,2016,1580
irradiance,2016,1576
irradiance,2016,1572
irradiance,2016,1568
irradiance,2016,1564
irradiance,2016,1559
irradiance,2016,1555
irradiance,2016,1551
irradiance,2016,1547
irradiance,2016,1543
irradiance,2016,1539
irradiance,2016,1535
irradiance,2016,1531
irradiance,2016,1527
irradiance,2016,1522
irradiance,2016,1518
irradiance,2016,1514
irradiance,2016,1510
irradiance,2016,1506
irradiance,2016,1502
irradiance,2016,1498
irradiance,2016,1494
irradiance,2016,1490
irradiance,2016,1485
irradiance,2016,1481
irradiance,2016,1477
irradiance,2016,1473
irradiance,2016,1469
irradiance,2016,1465
irradiance,2016,1461
irradiance,2016,1457
irradiance,2016,1452
irradiance,2016,1448
irradiance,2016,1444
irradiance,2016,1440
irradiance,2016,1436
irradiance,2016,1432
irradiance,2016,1428
irradiance,2016,1424
irradiance,2016,1420
irradiance,2016,1415
irradiance,2016,1411
irradiance,2016,1407
irradiance,2016,1403
irradiance,2016,1399
irradiance,2016,1395
irradiance,2016,1391
irradiance,2016,946.4
irradiance,2016,942.3
irradiance,2016,938.2
irradiance,2016,934.1
irradiance,2016,-12.18
irradiance,2016,-16.29
irradiance,2016,-20.41
irradiance,2016,-24.52
irradiance,2016,-28.64
irradiance,2016,1942
irradiance,2016,1938
irradiance,2016,1934
irradiance,2016,1930
irradiance,2016,1926
irradiance,2016,1921
irradiance,2016,1917
irradiance,2016,1913
irradiance,2016,1909
irradiance,2016,1905
irradiance,2016,1901
irradiance,2016,1897
irradiance,2016,1893
irradiance,2016,1889
irradiance,2016,1884
irradiance,2016,1880
irradiance,2016,1876
irradiance,2016,1872
irradiance,2016,1868
irradiance,2016,1864
irradiance,2016,1860
irradiance,2016,1856
irradiance,2016,1852
irradiance,2016,1847
irradiance,2016,1843
irradiance,2016,1839
irradiance,2016,1835
irradiance,2016,1831
irradiance,2016,1827
irradiance,2016,1823
irradiance,2016,1819
irradiance,2016,1815
irradiance,2016,1810
irradiance,2016,1806
irradiance,2016,1802
irradiance,2016,1798
irradiance,2016,1794
irradiance,2016,1790
irradiance,2016,1786
irradiance,2016,1782
irradiance,2016,1777
irradiance,2016,1773
irradiance,2016,1769
irradiance,2016,1765
irradiance,2016,1761
irradiance,2016,1757
irradiance,2016,1753
irradiance,2016,1749
irradiance,2016,1745
irradiance,2016,1740
irradiance,2016,1736
irradiance,2016,1732
irradiance,2016,1728
irradiance,2016,1724
irradiance,2016,1720
irradiance,2016,1716
irradiance,2016,1712
irradiance,2016,1708
irradiance,2016,1703
irradiance,2016,1699
irradiance,2016,1695
irradiance,2016,1691
irradiance,2016,1687
irradiance,2016,1683
irradiance,2016,1679
irradiance,2016,1675
irradiance,2016,1671
irradiance,2016,1666
irradiance,2016,1662
irradiance,2016,1658
irradiance,2016,1654
irradiance,2016,1650
irradiance,2016,1646
irradiance,2016,1642
irradiance,2016,1638
irradiance,2016,1634
irradiance,2016,1629
irradiance,2016,1625
irradiance,2016,1621
irradiance,2016,1617
irradiance,2016,1613
irradiance,2016,1609
irradiance,2016,1605
irradiance,2016,1601
irradiance,2016,1596
irradiance,2016,1592
irradiance,2016,1588
irradiance,2016,1584
irradiance,2016,1580
irradiance,2016,1576
irradiance,2016,1572
irradiance,2016,1568
irradiance,2016,1564
irradiance,2016,1559
irradiance,2016,1555
irradiance,2016,1551
irradiance,2016,1547
irradiance,2016,1543
irradiance,2016,1539
irradiance,2016,1535
irradiance,2016,1531
irradiance,2016,1527
irradiance,2016,1522
irradiance,2016,1518
irradiance,2016,1514
irradiance,2016,1510
irradiance,2016,1506
irradiance,2016,1502
irradiance,2016,1498
irradiance,2016,1494
irradiance,2016,1490
irradiance,2016,1485
irradiance,2016,1481
irradiance,2016,1477
irradiance,2016,1473
irradiance,2016,1469
irradiance,2016,1465
irradiance,2016,1461
irradiance,2016,946.4
irradiance,2016,942.3
irradiance,2016,938.2
irradiance,2016,934.1
irradiance,2016,-12.18
irradiance,2016,-16.29
irradiance,2016,-20.41
irradiance,2016,-24.52
irradiance,2016,-28.64
irradiance,2016,1942
irradiance,2016,1938
irradiance,2016,1934
irradiance,2016,1930
irradiance,2016,1926
irradiance,2016,1921
irradiance,2016,1917
irradiance,2016,1913
irradiance,2016,1909
irradiance,2016,1905
irradiance,2016,1901
irradiance,2016,1897
irradiance,2016,1893
irradiance,2016,1889
irradiance,2016,1884
irradiance,2016,1880
irradiance,2016,1876
irradiance,2016,1872
irradiance,2016,1868
irradiance,2016,1864
irradiance,2016,1860
irradiance,2016,1856
irradiance,2016,1852
irradiance,2016,1847
irradiance,2016,1843
irradiance,2016,1839
irradiance,2016,1835
irradiance,2016,1831
irradiance,2016,1827
irradiance,2016,1823
irradiance,2016,1819
irradiance,2016,1815
irradiance,2016,1810
irradiance,2016,1806
irradiance,2016,1802
irradiance,2016,1798
irradiance,2016,1794
irradiance,2016,1790
irradiance,2016,1786
irradiance,2016,1782
irradiance,2016,1777
irradiance,2016,1773
irradiance,2016,1769
irradiance,2016,1765
irradiance,2016,1761
irradiance,2016,1757
irradiance,2016,1753
irradiance,2016,1749
irradiance,2016,1745
irradiance,2016,1740
irradiance,2016,1736
irradiance,2016,1732
irradiance,2016,1728
irradiance,2016,1724
irradiance,2016,1720
irradiance,2016,1716
irradiance,2016,1712
irradiance,2016,1708
irradiance,2016,1703
irradiance,2016,1699
irradiance,2016,1695
irradiance,2016,1691
irradiance,2016,1687
irradiance,2016,1683
irradiance,2016,1679
irradiance,2016,1675
irradiance,2016,1671
irradiance,2016,1666
irradiance,2016,1662
irradiance,2016,1658
irradiance,2016,1654
irradiance,2016,1650
irradiance,2016,1646
irradiance,2016,1642
irradiance,2016,1638
irradiance,2016,1634
irradiance,2016,1629
irradiance,2016,1625
irradiance,2016,1621
irradiance,2016,1617
irradiance,2016,1613
irradiance,2016,1609
irradiance,2016,1605
irradiance,2016,1601
irradiance,2016,1596
irradiance,2016,1592
irradiance,2016,1588
irradiance,2016,1584
irradiance,2016,1580
irradiance,2016,1576
irradiance,2016,1572
irradiance,2016,1568
irradiance,2016,1564
irradiance,2016,1559
irradiance,2016,1555
irradiance,2016,1551
irradiance,2016,1547
irradiance,2016,1543
irradiance,2016,1539
irradiance,2016,1535
irradiance,2016,946.4
irradiance,2016,942.3
irradiance,2016,938.2
irradiance,2016,934.1
irradiance,2016,-12.18
irradiance,2016,-16.29
irradiance,2016,-20.41
irradiance,2016,-24.52
irradiance,2016,-28.64
irradiance,2016,1942
irradiance,2016,1938
irradiance,2016,1934
irradiance,2016,1930
irradiance,2016,1926
irradiance,2016,1921
irradiance,2016,1917
irradiance,2016,1913
irradiance,2016,1909
irradiance,2016,1905
irradiance,2016,1901
irradiance,2016,1897
irradiance,2016,1893
irradiance,2016,1889
irradiance,2016,1884
irradiance,2016,1880
irradiance,2016,1876
irradiance,2016,1872
irradiance,2016,1868
irradiance,2016,1864
irradiance,2016,1860
irradiance,2016,1856
irradiance,2016,1852
irradiance,2016,1847
irradiance,2016,1843
irradiance,2016,1839
irradiance,2016,1835
irradiance,2016,1831
irradiance,2016,1827
irradiance,2016,1823
irradiance,2016,1819
irradiance,2016,1815
irradiance,2016,1810
irradiance,2016,1806
irradiance,2016,1802
irradiance,2016,1798
irradiance,2016,1794
irradiance,2016,1790
irradiance,2016,1786
irradiance,2016,1782
irradiance,2016,1777
irradiance,2016,1773
irradiance,2016,1769
irradiance,2016,1765
irradiance,2016,1761
irradiance,2016,1757
irradiance,2016,1753
irradiance,2016,1749
irradiance,2016,1745
irradiance,2016,1740
irradiance,2016,1736
irradiance,2016,1732
irradiance,2016,1728
irradiance,2016,1724
irradiance,2016,1720
irradiance,2016,1716
irradiance,2016,1712
irradiance,2016,1708
irradiance,2016,1703
irradiance,2016,1699
irradiance,2016,1695
irradiance,2016,1691
irradiance,2016,1687
irradiance,2016,1683
irradiance,2016,1679
irradiance,2016,1675
irradiance,2016,1671
irradiance,2016,1666
irradiance,2016,1662
irradiance,2016,1658
irradiance,2016,1654
irradiance,2016,1650
irradiance,2016,1646
irradiance,2016,1642
irradiance,2016,1638
irradiance,2016,1634
irradiance,2016,1629
irradiance,2016,1625
irradiance,2016,1621
irradiance,2016,1617
irradiance,2016,1613
irradiance,2016,1609
irradiance,2016,1605
irradiance,2016,946.4
irradiance,2016,942.3
irradiance,2016,938.2
irradiance,2016,934.1
irradiance,2016,-12.18
irradiance,2016,-16.29
irradiance,2016,-20.41
irradiance,2016,-24.52
irradiance,2016,-28.64
irradiance,2016,1942
irradiance,2016,1938
irradiance,2016,1934
irradiance,2016,1930
irradiance,2016,1926
irradiance,2016,1921
irradiance,2016,1917
irradiance,2016,1913
irradiance,2016,1909
irradiance,2016,1905
irradiance,2016,1901
irradiance,2016,1897
irradiance,2016,1893
irradiance,2016,1889
irradiance,2016,1884
irradiance,2016,1880
irradiance,2016,1876
irradiance,2016,1872
irradiance,2016,1868
irradiance,2016,1864
irradiance,2016,1860
irradiance,2016,1856
irradiance,2016,1852
irradiance,2016,1847
irradiance,2016,1843
irradiance,2016,1839
irradiance,2016,1835
irradiance,2016,1831
irradiance,2016,1827
irradiance,2016,1823
irradiance,2016,1819
irradiance,2016,1815
irradiance,2016,1810
irradiance,2016,1806
irradiance,2016,1802
irradiance,2016,1798
irradiance,2016,1794
irradiance,2016,1790
irradiance,2016,1786
irradiance,2016,1782
irradiance,2016,1777
irradiance,2016,1773
irradiance,2016,1769
irradiance,2016,1765
irradiance,2016,1761
irradiance,2016,1757
irradiance,2016,1753
irradiance,2016,1749
irradiance,2016,1745
irradiance,2016,1740
irradiance,2016,1736
irradiance,2016,1732
irradiance,2016,1728
irradiance,2016,1724
irradiance,2016,1720
irradiance,2016,1716
irradiance,2016,1712
irradiance,2016,1708
irradiance,2016,1703
irradiance,2016,1699
irradiance,2016,1695
irradiance,2016,1691
irradiance,2016,1687
irradiance,2016,1683
irradiance,2016,1679
irradiance,2016,1675
irradiance,2016,1671
irradiance,2016,1666
irradiance,2016,1662
irradiance,2016,1658
irradiance,2016,1654
irradiance,2016,1650
irradiance,2016,1646
irradiance,2016,1642
irradiance,2016,1638
irradiance,2016,1634
irradiance,2016,1629
irradiance,2016,1625
irradiance,2016,1621
irradiance,2016,1617
irradiance,2016,1613
irradiance,2016,1609
irradiance,2016,1605
irradiance,2016,1601
irradiance,2016,946.4
irradiance,2016,942.3
irradiance,2016,938.2
irradiance,2016,934.1
irradiance,2016,-12.18
irradiance,2016,-16.29
irradiance,2016,-20.41
irradiance,2016,-24.52
irradiance,2016,-28.64
irradiance,2016,1942
irradiance,2016,1938
irradiance,2016,1934
irradiance,2016,1930
irradiance,2016,1926
irradiance,2016,1921
irradiance,2016,1917
irradiance,2016,1913
irradiance,2016,1909
irradiance,2016,1905
irradiance,2016,1901
irradiance,2016,1897
irradiance,2016,1893
irradiance,2016,1889
irradiance,2016,1884
irradiance,2016,1880
irradiance,2016,1876
irradiance,2016,1872
irradiance,2016,1868
irradiance,2016,1864
irradiance,2016,1860
irradiance,2016,1856
irradiance,2016,1852
irradiance,2016,1847
irradiance,2016,1843
irradiance,2016,1839
irradiance,2016,1835
irradiance,2016,1831
irradiance,2016,1827
irradiance,2016,1823
irradiance,2016,1819
irradiance,2016,1815
irradiance,2016,1810
irradiance,2016,1806
irradiance,2016,1802
irradiance,2016,1798
irradiance,2016,1794
irradiance,2016,1790
irradiance,2016,1786
irradiance,2016,1782
irradiance,2016,1777
irradiance,2016,1773
irradiance,2016,1769
irradiance,2016,1765
irradiance,2016,1761
irradiance,2016,1757
irradiance,2016,1753
irradiance,2016,1749
irradiance,2016,1745
irradiance,2016,1740
irradiance,2016,1736
irradiance,2016,1732
irradiance,2016,1728
irradiance,2016,1724
irradiance,2016,1720
irradiance,2016,1716
irradiance,2016,1712
irradiance,2016,1708
irradiance,2016,1703
irradiance,2016,1699
irradiance,2016,1695
irradiance,2016,1691
irradiance,2016,1687
irradiance,2016,1683
irradiance,2016,1679
irradiance,2016,1675
irradiance,2016,1671
irradiance,2016,1666
irradiance,2016,1662
irradiance,2016,1658
irradiance,2016,1654
irradiance,2016,1650
irradiance,2016,1646
irradiance,2016,1642
irradiance,2016,1638
irradiance,2016,1634
irradiance,2016,1629
irradiance,2016,1625
irradiance,2016,1621
irradiance,2016,1617
irradiance,2016,1613
irradiance,2016,1609
irradiance,2016,1605
irradiance,2016,1601
irradiance,2016,1596
irradiance,2016,1592
irradiance,2016,1588
irradiance,2016,1584
irradiance,2016,1580
irradiance,2016,1576
irradiance,2016,1572
irradiance,2016,1568
irradiance,2016,1564
irradiance,2016,1559
irradiance,2016,1555
irradiance,2016,1551
irradiance,2016,1547
irradiance,2016,946.4
irradiance,2016,942.3
irradiance,2016,938.2
irradiance,2016,934.1
irradiance,2016,-12.18
irradiance,2016,-16.29
irradiance,2016,-20.41
irradiance,2016,-24.52
irradiance,2016,-28.64
irradiance,2016,1938
irradiance,2016,1934
irradiance,2016,1930
irradiance,2016,1926
irradiance,2016,1921
irradiance,2016,1917
irradiance,2016,1913
irradiance,2016,1909
irradiance,2016,1905
irradiance,2016,1901
irradiance,2016,1897
irradiance,2016,1893
irradiance,2016,1889
irradiance,2016,1884
irradiance,2016,1880
irradiance,2016,1876
irradiance,2016,1872
irradiance,2016,1868
irradiance,2016,1864
irradiance,2016,1860
irradiance,2016,1856
irradiance,2016,1852
irradiance,2016,1847
irradiance,2016,1843
irradiance,2016,1839
irradiance,2016,1835
irradiance,2016,1831
irradiance,2016,1827
irradiance,2016,1823
irradiance,2016,1819
irradiance,2016,1815
irradiance,2016,1810
irradiance,2016,1806
irradiance,2016,1802
irradiance,2016,1798
irradiance,2016,1794
irradiance,2016,1790
irradiance,2016,1786
irradiance,2016,1782
irradiance,2016,1777
irradiance,2016,1773
irradiance,2016,1769
irradiance,2016,1765
irradiance,2016,1761
irradiance,2016,1757
irradiance,2016,1753
irradiance,2016,1749
irradiance,2016,1745
irradiance,2016,1740
irradiance,2016,1736
irradiance,2016,1732
irradiance,2016,1728
irradiance,2016,1724
irradiance,2016,1720
irradiance,2016,1716
irradiance,2016,1712
irradiance,2016,1708
irradiance,2016,1703
irradiance,2016,1699
irradiance,2016,1695
irradiance,2016,1691
irradiance,2016,1687
irradiance,2016,1683
irradiance,2016,1679
irradiance,2016,1675
irradiance,2016,1671
irradiance,2016,1666
irradiance,2016,1662
irradiance,2016,1658
irradiance,2016,1654
irradiance,2016,1650
irradiance,2016,1646
irradiance,2016,1642
irradiance,2016,1638
irradiance,2016,1634
irradiance,2016,1629
irradiance,2016,1625
irradiance,2016,1621
irradiance,2016,1617
irradiance,2016,1613
irradiance,2016,1609
irradiance,2016,1605
irradiance,2016,1601
irradiance,2016,1596
irradiance,2016,1592
irradiance,2016,1588
irradiance,2016,1584
irradiance,2016,1580
irradiance,2016,1576
irradiance,2016,1572
irradiance,2016,1568
irradiance,2016,1564
irradiance,2016,1559
irradiance,2016,1555
irradiance,2016,1551
irradiance,2016,1547
irradiance,2016,1543
irradiance,2016,1539
irradiance,2016,1535
irradiance,2016,1531
irradiance,2016,1527
irradiance,2016,1522
irradiance,2016,1518
irradiance,2016,1514
irradiance,2016,1510
irradiance,2016,1506
irradiance,2016,1502
irradiance,2016,1498
irradiance,2016,1494
irradiance,2016,1490
irradiance,2016,946.4
irradiance,2016,942.3
irradiance,2016,938.2
irradiance,2016,934.1
irradiance,2016,-12.18
irradiance,2016,-16.29
irradiance,2016,-20.41
irradiance,2016,-24.52
irradiance,2016,-28.64
irradiance,2016,1934
irradiance,2016,1930
irradiance,2016,1926
irradiance,2016,1921
irradiance,2016,1917
irradiance,2016,1913
irradiance,2016,1909
irradiance,2016,1905
irradiance,2016,1901
irradiance,2016,1897
irradiance,2016,1893
irradiance,2016,1889
irradiance,2016,1884
irradiance,2016,1880
irradiance,2016,1876
irradiance,2016,1872
irradiance,2016,1868
irradiance,2016,1864
irradiance,2016,1860
irradiance,2016,1856
irradiance,2016,1852
irradiance,2016,1847
irradiance,2016,1843
irradiance,2016,1839
irradiance,2016,1835
irradiance,2016,1831
irradiance,2016,1827
irradiance,2016,1823
irradiance,2016,1819
irradiance,2016,1815
irradiance,2016,1810
irradiance,2016,1806
irradiance,2016,1802
irradiance,2016,1798
irradiance,2016,1794
irradiance,2016,1790
irradiance,2016,1786
irradiance,2016,1782
irradiance,2016,1777
irradiance,2016,1773
irradiance,2016,1769
irradiance,2016,1765
irradiance,2016,1761
irradiance,2016,1757
irradiance,2016,1753
irradiance,2016,1749
irradiance,2016,1745
irradiance,2016,1740
irradiance,2016,1736
irradiance,2016,1732
irradiance,2016,1728
irradiance,2016,1724
irradiance,2016,1720
irradiance,2016,1716
irradiance,2016,1712
irradiance,2016,1708
irradiance,2016,1703
irradiance,2016,1699
irradiance,2016,1695
irradiance,2016,1691
irradiance,2016,1687
irradiance,2016,1683
irradiance,2016,1679
irradiance,2016,1675
irradiance,2016,1671
irradiance,2016,1666
irradiance,2016,1662
irradiance,2016,1658
irradiance,2016,1654
irradiance,2016,1650
irradiance,2016,1646
irradiance,2016,1642
irradiance,2016,1638
irradiance,2016,1634
irradiance,2016,1629
irradiance,2016,1625
irradiance,2016,1621
irradiance,2016,1617
irradiance,2016,1613
irradiance,2016,1609
irradiance,2016,1605
irradiance,2016,1601
irradiance,2016,1596
irradiance,2016,1592
irradiance,2016,1588
irradiance,2016,1584
irradiance,2016,1580
irradiance,2016,1576
irradiance,2016,1572
irradiance,2016,1568
irradiance,2016,1564
irradiance,2016,1559
irradiance,2016,1555
irradiance,2016,1551
irradiance,2016,1547
irradiance,2016,1543
irradiance,2016,1539
irradiance,2016,1535
irradiance,2016,1531
irradiance,2016,1527
irradiance,2016,1522
irradiance,2016,1518
irradiance,2016,1514
irradiance,2016,1510
irradiance,2016,1506
irradiance,2016,1502
irradiance,2016,1498
irradiance,2016,1494
irradiance,2016,1490
irradiance,2016,1485
irradiance,2016,1481
irradiance,2016,1477
irradiance,2016,1473
irradiance,2016,1469
irradiance,2016,1465
irradiance,2016,1461
irradiance,2016,1457
irradiance,2016,1452
irradiance,2016,1448
irradiance,2016,1444
irradiance,2016,1440
irradiance,2016,1436
irradiance,2016,946.4
irradiance,2016,942.3
irradiance,2016,938.2
irradiance,2016,934.1
irradiance,2016,-12.18
irradiance,2016,-16.29
irradiance,2016,-20.41
irradiance,2016,-24.52
irradiance,2016,-28.64
irradiance,2016,1930
irradiance,2016,1926
irradiance,2016,1921
irradiance,2016,1917
irradiance,2016,1897
irradiance,2016,1893
irradiance,2016,1889
irradiance,2016,1884
irradiance,2016,1880
irradiance,2016,1876
irradiance,2016,1872
irradiance,2016,1868
irradiance,2016,1864
irradiance,2016,1860
irradiance,2016,1856
irradiance,2016,1852
irradiance,2016,1847
irradiance,2016,1843
irradiance,2016,1839
irradiance,2016,1835
irradiance,2016,1831
irradiance,2016,1827
irradiance,2016,1823
irradiance,2016,1819
irradiance,2016,1815
irradiance,2016,1810
irradiance,2016,1806
irradiance,2016,1802
irradiance,2016,1798
irradiance,2016,1794
irradiance,2016,1790
irradiance,2016,1786
irradiance,2016,1782
irradiance,2016,1777
irradiance,2016,1773
irradiance,2016,1769
irradiance,2016,1765
irradiance,2016,1761
irradiance,2016,1757
irradiance,2016,1753
irradiance,2016,1749
irradiance,2016,1745
irradiance,2016,1740
irradiance,2016,1736
irradiance,2016,1732
irradiance,2016,1728
irradiance,2016,1724
irradiance,2016,1720
irradiance,2016,1716
irradiance,2016,1712
irradiance,2016,1708
irradiance,2016,1703
irradiance,2016,1699
irradiance,2016,1695
irradiance,2016,1691
irradiance,2016,1687
irradiance,2016,1683
irradiance,2016,1679
irradiance,2016,1675
irradiance,2016,1671
irradiance,2016,1666
irradiance,2016,1662
irradiance,2016,1658
irradiance,2016,1654
irradiance,2016,1650
irradiance,2016,1646
irradiance,2016,1642
irradiance,2016,1638
irradiance,2016,1634
irradiance,2016,1629
irradiance,2016,1625
irradiance,2016,1621
irradiance,2016,1617
irradiance,2016,1613
irradiance,2016,1609
irradiance,2016,1605
irradiance,2016,1601
irradiance,2016,1596
irradiance,2016,1592
irradiance,2016,1588
irradiance,2016,1584
irradiance,2016,1580
irradiance,2016,1576
irradiance,2016,1572
irradiance,2016,1568
irradiance,2016,1564
irradiance,2016,1559
irradiance,2016,1555
irradiance,2016,1551
irradiance,2016,1547
irradiance,2016,1543
irradiance,2016,1539
irradiance,2016,1535
irradiance,2016,1531
irradiance,2016,1527
irradiance,2016,1522
irradiance,2016,1518
irradiance,2016,1514
irradiance,2016,1510
irradiance,2016,1506
irradiance,2016,1502
irradiance,2016,1498
irradiance,2016,1494
irradiance,2016,1490
irradiance,2016,1485
irradiance,2016,1481
irradiance,2016,1477
irradiance,2016,1473
irradiance,2016,1469
irradiance,2016,1465
irradiance,2016,1461
irradiance,2016,1457
irradiance,2016,1452
irradiance,2016,1448
irradiance,2016,1444
irradiance,2016,1440
irradiance,2016,1436
irradiance,2016,1432
irradiance,2016,1428
irradiance,2016,1424
irradiance,2016,1420
irradiance,2016,1415
irradiance,2016,1411
irradiance,2016,1407
irradiance,2016,1403
irradiance,2016,1399
irradiance,2016,1395
irradiance,2016,1391
irradiance,2016,1387
irradiance,2016,1383
irradiance,2016,946.4
irradiance,2016,942.3
irradiance,2016,938.2
irradiance,2016,934.1
irradiance,2016,-12.18
irradiance,2016,-16.29
irradiance,2016,-20.41
irradiance,2016,-24.52
irradiance,2016,-28.64
irradiance,2016,1930
irradiance,2016,1926
irradiance,2016,1921
irradiance,2016,1917
irradiance,2016,1843
irradiance,2016,1839
irradiance,2016,1835
irradiance,2016,1831
irradiance,2016,1827
irradiance,2016,1823
irradiance,2016,1819
irradiance,2016,1815
irradiance,2016,1810
irradiance,2016,1806
irradiance,2016,1802
irradiance,2016,1798
irradiance,2016,1794
irradiance,2016,1790
irradiance,2016,1786
irradiance,2016,1782
irradiance,2016,1777
irradiance,2016,1773
irradiance,2016,1769
irradiance,2016,1765
irradiance,2016,1761
irradiance,2016,1757
irradiance,2016,1753
irradiance,2016,1749
irradiance,2016,1745
irradiance,2016,1740
irradiance,2016,1736
irradiance,2016,1732
irradiance,2016,1728
irradiance,2016,1724
irradiance,2016,1720
irradiance,2016,1716
irradiance,2016,1712
irradiance,2016,1708
irradiance,2016,1703
irradiance,2016,1699
irradiance,2016,1695
irradiance,2016,1691
irradiance,2016,1687
irradiance,2016,1683
irradiance,2016,1679
irradiance,2016,1675
irradiance,2016,1671
irradiance,2016,1666
irradiance,2016,1662
irradiance,2016,1658
irradiance,2016,1654
irradiance,2016,1650
irradiance,2016,1646
irradiance,2016,1642
irradiance,2016,1638
irradiance,2016,1634
irradiance,2016,1629
irradiance,2016,1625
irradiance,2016,1621
irradiance,2016,1617
irradiance,2016,1613
irradiance,2016,1609
irradiance,2016,1605
irradiance,2016,1601
irradiance,2016,1596
irradiance,2016,1592
irradiance,2016,1588
irradiance,2016,1584
irradiance,2016,1580
irradiance,2016,1576
irradiance,2016,1572
irradiance,2016,1568
irradiance,2016,1564
irradiance,2016,1559
irradiance,2016,1555
irradiance,2016,1551
irradiance,2016,1547
irradiance,2016,1543
irradiance,2016,1539
irradiance,2016,1535
irradiance,2016,1531
irradiance,2016,1527
irradiance,2016,1522
irradiance,2016,1518
irradiance,2016,1514
irradiance,2016,1510
irradiance,2016,1506
irradiance,2016,1502
irradiance,2016,1498
irradiance,2016,1494
irradiance,2016,1490
irradiance,2016,1485
irradiance,2016,1481
irradiance,2016,1477
irradiance,2016,1473
irradiance,2016,1469
irradiance,2016,1465
irradiance,2016,1461
irradiance,2016,1457
irradiance,2016,1452
irradiance,2016,1448
irradiance,2016,1444
irradiance,2016,1440
irradiance,2016,1436
irradiance,2016,1432
irradiance,2016,1428
irradiance,2016,1424
irradiance,2016,1420
irradiance,2016,1415
irradiance,2016,1411
irradiance,2016,1407
irradiance,2016,1403
irradiance,2016,1399
irradiance,2016,1395
irradiance,2016,1391
irradiance,2016,1387
irradiance,2016,1383
irradiance,2016,1378
irradiance,2016,1374
irradiance,2016,1370
irradiance,2016,1366
irradiance,2016,1362
irradiance,2016,1358
irradiance,2016,1354
irradiance,2016,1350
irradiance,2016,1346
irradiance,2016,1341
irradiance,2016,1337
irradiance,2016,1333
irradiance,2016,1329
irradiance,2016,946.4
irradiance,2016,942.3
irradiance,2016,938.2
irradiance,2016,934.1
irradiance,2016,-12.18
irradiance,2016,-16.29
irradiance,2016,-20.41
irradiance,2016,-24.52
irradiance,2016,-28.64
irradiance,2016,1930
irradiance,2016,1926
irradiance,2016,1921
irradiance,2016,1917
irradiance,2016,1790
irradiance,2016,1786
irradiance,2016,1782
irradiance,2016,1777
irradiance,2016,1773
irradiance,2016,1769
irradiance,2016,1765
irradiance,2016,1761
irradiance,2016,1757
irradiance,2016,1753
irradiance,2016,1749
irradiance,2016,1745
irradiance,2016,1740
irradiance,2016,1736
irradiance,2016,1732
irradiance,2016,1728
irradiance,2016,1724
irradiance,2016,1720
irradiance,2016,1716
irradiance,2016,1712
irradiance,2016,1708
irradiance,2016,1703
irradiance,2016,1699
irradiance,2016,1695
irradiance,2016,1691
irradiance,2016,1687
irradiance,2016,1683
irradiance,2016,1679
irradiance,2016,1675
irradiance,2016,1671
irradiance,2016,1666
irradiance,2016,1662
irradiance,2016,1658
irradiance,2016,1654
irradiance,2016,1650
irradiance,2016,1646
irradiance,2016,1642
irradiance,2016,1638
irradiance,2016,1634
irradiance,2016,1629
irradiance,2016,1625
irradiance,2016,1621
irradiance,2016,1617
irradiance,2016,1613
irradiance,2016,1609
irradiance,2016,1605
irradiance,2016,1601
irradiance,2016,1596
irradiance,2016,1592
irradiance,2016,1588
irradiance,2016,1584
irradiance,2016,1580
irradiance,2016,1576
irradiance,2016,1572
irradiance,2016,1568
irradiance,2016,1564
irradiance,2016,1559
irradiance,2016,1555
irradiance,2016,1551
irradiance,2016,1547
irradiance,2016,1543
irradiance,2016,1539
irradiance,2016,1535
irradiance,2016,1531
irradiance,2016,1527
irradiance,2016,1522
irradiance,2016,1518
irradiance,2016,1514
irradiance,2016,1510
irradiance,2016,1506
irradiance,2016,1502
irradiance,2016,1498
irradiance,2016,1494
irradiance,2016,1490
irradiance,2016,1485
irradiance,2016,1481
irradiance,2016,1477
irradiance,2016,1473
irradiance,2016,1469
irradiance,2016,1465
irradiance,2016,1461
irradiance,2016,1457
irradiance,2016,1452
irradiance,2016,1448
irradiance,2016,1444
irradiance,2016,1440
irradiance,2016,1436
irradiance,2016,1432
irradiance,2016,1428
irradiance,2016,1424
irradiance,2016,1420
irradiance,2016,1415
irradiance,2016,1411
irradiance,2016,1407
irradiance,2016,1403
irradiance,2016,1399
irradiance,2016,1395
irradiance,2016,1391
irradiance,2016,1387
irradiance,2016,1383
irradiance,2016,1378
irradiance,2016,1374
irradiance,2016,1370
irradiance,2016,1366
irradiance,2016,1362
irradiance,2016,1358
irradiance,2016,1354
irradiance,2016,1350
irradiance,2016,1346
irradiance,2016,1341
irradiance,2016,1337
irradiance,2016,1333
irradiance,2016,1329
irradiance,2016,1325
irradiance,2016,1321
irradiance,2016,1317
irradiance,2016,1313
irradiance,2016,1308
irradiance,2016,1304
irradiance,2016,1300
irradiance,2016,1296
irradiance,2016,1292
irradiance,2016,1288
irradiance,2016,1284
irradiance,2016,1280
irradiance,2016,1276
irradiance,2016,946.4
irradiance,2016,942.3
irradiance,2016,938.2
irradiance,2016,934.1
irradiance,2016,-12.18
irradiance,2016,-16.29
irradiance,2016,-20.41
irradiance,2016,-24.52
irradiance,2016,-28.64
irradiance,2016,1930
irradiance,2016,1926
irradiance,2016,1921
irradiance,2016,1917
irradiance,2016,1736
irradiance,2016,1732
irradiance,2016,1728
irradiance,2016,1724
irradiance,2016,1720
irradiance,2016,1716
irradiance,2016,1712
irradiance,2016,1708
irradiance,2016,1703
irradiance,2016,1699
irradiance,2016,1695
irradiance,2016,1691
irradiance,2016,1687
irradiance,2016,1683
irradiance,2016,1679
irradiance,2016,1675
irradiance,2016,1671
irradiance,2016,1666
irradiance,2016,1662
irradiance,2016,1658
irradiance,2016,1654
irradiance,2016,1650
irradiance,2016,1646
irradiance,2016,1642
irradiance,2016,1638
irradiance,2016,1634
irradiance,2016,1629
irradiance,2016,1625
irradiance,2016,1621
irradiance,2016,1617
irradiance,2016,1613
irradiance,2016,1609
irradiance,2016,1605
irradiance,2016,1601
irradiance,2016,1596
irradiance,2016,1592
irradiance,2016,1588
irradiance,2016,1584
irradiance,2016,1580
irradiance,2016,1576
irradiance,2016,1572
irradiance,2016,1568
irradiance,2016,1564
irradiance,2016,1559
irradiance,2016,1555
irradiance,2016,1551
irradiance,2016,1547
irradiance,2016,1543
irradiance,2016,1539
irradiance,2016,1535
irradiance,2016,1531
irradiance,2016,1527
irradiance,2016,1522
irradiance,2016,1518
irradiance,2016,1514
irradiance,2016,1510
irradiance,2016,1506
irradiance,2016,1502
irradiance,2016,1498
irradiance,2016,1494
irradiance,2016,1490
irradiance,2016,1485
irradiance,2016,1481
irradiance,2016,1477
irradiance,2016,1473
irradiance,2016,1469
irradiance,2016,1465
irradiance,2016,1461
irradiance,2016,1457
irradiance,2016,1452
irradiance,2016,1448
irradiance,2016,1444
irradiance,2016,1440
irradiance,2016,1436
irradiance,2016,1432
irradiance,2016,1428
irradiance,2016,1424
irradiance,2016,1420
irradiance,2016,1415
irradiance,2016,1411
irradiance,2016,1407
irradiance,2016,1403
irradiance,2016,1399
irradiance,2016,1395
irradiance,2016,1391
irradiance,2016,1387
irradiance,2016,1383
irradiance,2016,1378
irradiance,2016,1374
irradiance,2016,1370
irradiance,2016,1366
irradiance,2016,1362
irradiance,2016,1358
irradiance,2016,1354
irradiance,2016,1350
irradiance,2016,1346
irradiance,2016,1341
irradiance,2016,1337
irradiance,2016,1333
irradiance,2016,1329
irradiance,2016,1325
irradiance,2016,1321
irradiance,2016,1317
irradiance,2016,1313
irradiance,2016,1308
irradiance,2016,1304
irradiance,2016,1300
irradiance,2016,1296
irradiance,2016,1292
irradiance,2016,1288
irradiance,2016,1284
irradiance,2016,1280
irradiance,2016,1276
irradiance,2016,1271
irradiance,2016,1267
irradiance,2016,1263
irradiance,2016,1259
irradiance,2016,1255
irradiance,2016,1251
irradiance,2016,1247
irradiance,2016,1243
irradiance,2016,1239
irradiance,2016,1234
irradiance,2016,1230
irradiance,2016,1226
irradiance,2016,1222
irradiance,2016,1218
irradiance,2016,1214
irradiance,2016,1210
irradiance,2016,946.4
irradiance,2016,942.3
irradiance,2016,938.2
irradiance,2016,934.1
irradiance,2016,-12.18
irradiance,2016,-16.29
irradiance,2016,-20.41
irradiance,2016,-24.52
irradiance,2016,-28.64
irradiance,2016,1930
irradiance,2016,1926
irradiance,2016,1921
irradiance,2016,1917
irradiance,2016,1683
irradiance,2016,1679
irradiance,2016,1675
irradiance,2016,1671
irradiance,2016,1666
irradiance,2016,1662
irradiance,2016,1658
irradiance,2016,1654
irradiance,2016,1650
irradiance,2016,1646
irradiance,2016,1642
irradiance,2016,1638
irradiance,2016,1634
irradiance,2016,1629
irradiance,2016,1625
irradiance,2016,1621
irradiance,2016,1617
irradiance,2016,1613
irradiance,2016,1609
irradiance,2016,1605
irradiance,2016,1601
irradiance,2016,1596
irradiance,2016,1592
irradiance,2016,1588
irradiance,2016,1584
irradiance,2016,1580
irradiance,2016,1576
irradiance,2016,1572
irradiance,2016,1568
irradiance,2016,1564
irradiance,2016,1559
irradiance,2016,1555
irradiance,2016,1551
irradiance,2016,1547
irradiance,2016,1543
irradiance,2016,1539
irradiance,2016,1535
irradiance,2016,1531
irradiance,2016,1527
irradiance,2016,1522
irradiance,2016,1518
irradiance,2016,1514
irradiance,2016,1510
irradiance,2016,1506
irradiance,2016,1502
irradiance,2016,1498
irradiance,2016,1494
irradiance,2016,1490
irradiance,2016,1485
irradiance,2016,1481
irradiance,2016,1477
irradiance,2016,1473
irradiance,2016,1469
irradiance,2016,1465
irradiance,2016,1461
irradiance,2016,1457
irradiance,2016,1452
irradiance,2016,1448
irradiance,2016,1444
irradiance,2016,1440
irradiance,2016,1436
irradiance,2016,1432
irradiance,2016,1428
irradiance,2016,1424
irradiance,2016,1420
irradiance,2016,1415
irradiance,2016,1411
irradiance,2016,1407
irradiance,2016,1403
irradiance,2016,1399
irradiance,2016,1395
irradiance,2016,1391
irradiance,2016,1387
irradiance,2016,1383
irradiance,2016,1378
irradiance,2016,1374
irradiance,2016,1370
irradiance,2016,1366
irradiance,2016,1362
irradiance,2016,1358
irradiance,2016,1354
irradiance,2016,1350
irradiance,2016,1346
irradiance,2016,1341
irradiance,2016,1337
irradiance,2016,1333
irradiance,2016,1329
irradiance,2016,1325
irradiance,2016,1321
irradiance,2016,1317
irradiance,2016,1313
irradiance,2016,1308
irradiance,2016,1304
irradiance,2016,1300
irradiance,2016,1296
irradiance,2016,1292
irradiance,2016,1288
irradiance,2016,1284
irradiance,2016,1280
irradiance,2016,1276
irradiance,2016,1271
irradiance,2016,1267
irradiance,2016,1263
irradiance,2016,1259
irradiance,2016,1255
irradiance,2016,1251
irradiance,2016,1247
irradiance,2016,1243
irradiance,2016,1239
irradiance,2016,1234
irradiance,2016,1230
irradiance,2016,1226
irradiance,2016,1222
irradiance,2016,1218
irradiance,2016,1214
irradiance,2016,1210
irradiance,2016,1206
irradiance,2016,1202
irradiance,2016,1197
irradiance,2016,1193
irradiance,2016,1189
irradiance,2016,1185
irradiance,2016,1181
irradiance,2016,1177
irradiance,2016,1173
irradiance,2016,1169
irradiance,2016,1164
irradiance,2016,1160
irradiance,2016,1156
irradiance,2016,1152
irradiance,2016,1148
irradiance,2016,1144
irradiance,2016,1140
irradiance,2016,1136
irradiance,2016,1132
irradiance,2016,1127
irradiance,2016,1123
irradiance,2016,1119
irradiance,2016,1115
irradiance,2016,946.4
irradiance,2016,942.3
irradiance,2016,938.2
irradiance,2016,934.1
irradiance,2016,-12.18
irradiance,2016,-16.29
irradiance,2016,-20.41
irradiance,2016,-24.52
irradiance,2016,-28.64
irradiance,2016,1930
irradiance,2016,1926
irradiance,2016,1921
irradiance,2016,1917
irradiance,2016,1629
irradiance,2016,1625
irradiance,2016,1621
irradiance,2016,1617
irradiance,2016,1613
irradiance,2016,1609
irradiance,2016,1605
irradiance,2016,1601
irradiance,2016,1596
irradiance,2016,1592
irradiance,2016,1588
irradiance,2016,1584
irradiance,2016,1580
irradiance,2016,1576
irradiance,2016,1572
irradiance,2016,1568
irradiance,2016,1564
irradiance,2016,1559
irradiance,2016,1555
irradiance,2016,1551
irradiance,2016,1547
irradiance,2016,1543
irradiance,2016,1539
irradiance,2016,1535
irradiance,2016,1531
irradiance,2016,1527
irradiance,2016,1522
irradiance,2016,1518
irradiance,2016,1514
irradiance,2016,1510
irradiance,2016,1506
irradiance,2016,1502
irradiance,2016,1498
irradiance,2016,1494
irradiance,2016,1490
irradiance,2016,1485
irradiance,2016,1481
irradiance,2016,1477
irradiance,2016,1473
irradiance,2016,1469
irradiance,2016,1465
irradiance,2016,1461
irradiance,2016,1457
irradiance,2016,1452
irradiance,2016,1448
irradiance,2016,1444
irradiance,2016,1440
irradiance,2016,1436
irradiance,2016,1432
irradiance,2016,1428
irradiance,2016,1424
irradiance,2016,1420
irradiance,2016,1415
irradiance,2016,1411
irradiance,2016,1407
irradiance,2016,1403
irradiance,2016,1399
irradiance,2016,1395
irradiance,2016,1391
irradiance,2016,1387
irradiance,2016,1383
irradiance,2016,1378
irradiance,2016,1374
irradiance,2016,1370
irradiance,2016,1366
irradiance,2016,1362
irradiance,2016,1358
irradiance,2016,1354
irradiance,2016,1350
irradiance,2016,1346
irradiance,2016,1341
irradiance,2016,1337
irradiance,2016,1333
irradiance,2016,1329
irradiance,2016,1325
irradiance,2016,1321
irradiance,2016,1317
irradiance,2016,1313
irradiance,2016,1308
irradiance,2016,1304
irradiance,2016,1300
irradiance,2016,1296
irradiance,2016,1292
irradiance,2016,1288
irradiance,2016,1284
irradiance,2016,1280
irradiance,2016,1276
irradiance,2016,1271
irradiance,2016,1267
irradiance,2016,1263
irradiance,2016,1259
irradiance,2016,1255
irradiance,2016,1251
irradiance,2016,1247
irradiance,2016,1243
irradiance,2016,1239
irradiance,2016,1234
irradiance,2016,1230
irradiance,2016,1226
irradiance,2016,1222
irradiance,2016,1218
irradiance,2016,1214
irradiance,2016,1210
irradiance,2016,1206
irradiance,2016,1202
irradiance,2016,1197
irradiance,2016,1193
irradiance,2016,1189
irradiance,2016,1185
irradiance,2016,1181
irradiance,2016,1177
irradiance,2016,1173
irradiance,2016,1169
irradiance,2016,1164
irradiance,2016,1160
irradiance,2016,1156
irradiance,2016,1152
irradiance,2016,1148
irradiance,2016,1144
irradiance,2016,1140
irradiance,2016,1136
irradiance,2016,1132
irradiance,2016,1127
irradiance,2016,1123
irradiance,2016,1119
irradiance,2016,1115
irradiance,2016,1111
irradiance,2016,1107
irradiance,2016,1103
irradiance,2016,1099
irradiance,2016,1095
irradiance,2016,1090
irradiance,2016,1086
irradiance,2016,1082
irradiance,2016,1078
irradiance,2016,1074
irradiance,2016,1070
irradiance,2016,1066
irradiance,2016,1062
irradiance,2016,1058
irradiance,2016,1053
irradiance,2016,1049
irradiance,2016,1045
irradiance,2016,1041
irradiance,2016,1037
irradiance,2016,1033
irradiance,2016,1029
irradiance,2016,1025
irradiance,2016,1020
irradiance,2016,946.4
irradiance,2016,942.3
irradiance,2016,938.2
irradiance,2016,934.1
irradiance,2016,-12.18
irradiance,2016,-16.29
irradiance,2016,-20.41
irradiance,2016,-24.52
irradiance,2016,-28.64
irradiance,2016,1930
irradiance,2016,1926
irradiance,2016,1921
irradiance,2016,1917
irradiance,2016,1572
irradiance,2016,1568
irradiance,2016,1564
irradiance,2016,1559
irradiance,2016,1555
irradiance,2016,1551
irradiance,2016,1547
irradiance,2016,1543
irradiance,2016,1539
irradiance,2016,1535
irradiance,2016,1531
irradiance,2016,1527
irradiance,2016,1522
irradiance,2016,1518
irradiance,2016,1514
irradiance,2016,1510
irradiance,2016,1506
irradiance,2016,1502
irradiance,2016,1498
irradiance,2016,1494
irradiance,2016,1490
irradiance,2016,1485
irradiance,2016,1481
irradiance,2016,1477
irradiance,2016,1473
irradiance,2016,1469
irradiance,2016,1465
irradiance,2016,1461
irradiance,2016,1457
irradiance,2016,1452
irradiance,2016,1448
irradiance,2016,1444
irradiance,2016,1440
irradiance,2016,1436
irradiance,2016,1432
irradiance,2016,1428
irradiance,2016,1424
irradiance,2016,1420
irradiance,2016,1415
irradiance,2016,1411
irradiance,2016,1407
irradiance,2016,1403
irradiance,2016,1399
irradiance,2016,1395
irradiance,2016,1391
irradiance,2016,1387
irradiance,2016,1383
irradiance,2016,1378
irradiance,2016,1374
irradiance,2016,1370
irradiance,2016,1366
irradiance,2016,1362
irradiance,2016,1358
irradiance,2016,1354
irradiance,2016,1350
irradiance,2016,1346
irradiance,2016,1341
irradiance,2016,1337
irradiance,2016,1333
irradiance,2016,1329
irradiance,2016,1325
irradiance,2016,1321
irradiance,2016,1317
irradiance,2016,1313
irradiance,2016,1308
irradiance,2016,1304
irradiance,2016,1300
irradiance,2016,1296
irradiance,2016,1292
irradiance,2016,1288
irradiance,2016,1284
irradiance,2016,1280
irradiance,2016,1276
irradiance,2016,1271
irradiance,2016,1267
irradiance,2016,1263
irradiance,2016,1259
irradiance,2016,1255
irradiance,2016,1251
irradiance,2016,1247
irradiance,2016,1243
irradiance,2016,1239
irradiance,2016,1234
irradiance,2016,1230
irradiance,2016,1226
irradiance,2016,1222
irradiance,2016,1218
irradiance,2016,1214
irradiance,2016,1210
irradiance,2016,1206
irradiance,2016,1202
irradiance,2016,1197
irradiance,2016,1193
irradiance,2016,1189
irradiance,2016,1185
irradiance,2016,1181
irradiance,2016,1177
irradiance,2016,1173
irradiance,2016,1169
irradiance,2016,1164
irradiance,2016,1160
irradiance,2016,1156
irradiance,2016,1152
irradiance,2016,1148
irradiance,2016,1144
irradiance,2016,1140
irradiance,2016,1136
irradiance,2016,1132
irradiance,2016,1127
irradiance,2016,1123
irradiance,2016,1119
irradiance,2016,1115
irradiance,2016,1111
irradiance,2016,1107
irradiance,2016,1103
irradiance,2016,1099
irradiance,2016,1095
irradiance,2016,1090
irradiance,2016,1086
irradiance,2016,1082
irradiance,2016,1078
irradiance,2016,1074
irradiance,2016,1070
irradiance,2016,1066
irradiance,2016,1062
irradiance,2016,1058
irradiance,2016,1053
irradiance,2016,1049
irradiance,2016,1045
irradiance,2016,1041
irradiance,2016,1037
irradiance,2016,1033
irradiance,2016,1029
irradiance,2016,1025
irradiance,2016,1020
irradiance,2016,1016
irradiance,2016,1012
irradiance,2016,1008
irradiance,2016,1004
irradiance,2016,999.9
irradiance,2016,995.8
irradiance,2016,991.7
irradiance,2016,987.6
irradiance,2016,983.5
irradiance,2016,979.3
irradiance,2016,975.2
irradiance,2016,971.1
irradiance,2016,967
irradiance,2016,962.9
irradiance,2016,958.8
irradiance,2016,954.7
irradiance,2016,950.5
irradiance,2016,946.4
irradiance,2016,942.3
irradiance,2016,938.2
irradiance,2016,934.1
irradiance,2016,930
irradiance,2016,925.9
irradiance,2016,-12.18
irradiance,2016,-16.29
irradiance,2016,-20.41
irradiance,2016,-24.52
irradiance,2016,-28.64
irradiance,2016,1930
irradiance,2016,1926
irradiance,2016,1921
irradiance,2016,1917
irradiance,2016,1518
irradiance,2016,1514
irradiance,2016,1510
irradiance,2016,1506
irradiance,2016,1502
irradiance,2016,1498
irradiance,2016,1494
irradiance,2016,1490
irradiance,2016,1485
irradiance,2016,1481
irradiance,2016,1477
irradiance,2016,1473
irradiance,2016,1469
irradiance,2016,1465
irradiance,2016,1461
irradiance,2016,1457
irradiance,2016,1452
irradiance,2016,1448
irradiance,2016,1444
irradiance,2016,1440
irradiance,2016,1436
irradiance,2016,1432
irradiance,2016,1428
irradiance,2016,1424
irradiance,2016,1420
irradiance,2016,1415
irradiance,2016,1411
irradiance,2016,1407
irradiance,2016,1403
irradiance,2016,1399
irradiance,2016,1395
irradiance,2016,1391
irradiance,2016,1387
irradiance,2016,1383
irradiance,2016,1378
irradiance,2016,1374
irradiance,2016,1370
irradiance,2016,1366
irradiance,2016,1362
irradiance,2016,1358
irradiance,2016,1354
irradiance,2016,1350
irradiance,2016,1346
irradiance,2016,1341
irradiance,2016,1337
irradiance,2016,1333
irradiance,2016,1329
irradiance,2016,1325
irradiance,2016,1321
irradiance,2016,1317
irradiance,2016,1313
irradiance,2016,1308
irradiance,2016,1304
irradiance,2016,1300
irradiance,2016,1296
irradiance,2016,1292
irradiance,2016,1288
irradiance,2016,1284
irradiance,2016,1280
irradiance,2016,1276
irradiance,2016,1271
irradiance,2016,1267
irradiance,2016,1263
irradiance,2016,1259
irradiance,2016,1255
irradiance,2016,1251
irradiance,2016,1247
irradiance,2016,1243
irradiance,2016,1239
irradiance,2016,1234
irradiance,2016,1230
irradiance,2016,1226
irradiance,2016,1222
irradiance,2016,1218
irradiance,2016,1214
irradiance,2016,1210
irradiance,2016,1206
irradiance,2016,1202
irradiance,2016,1197
irradiance,2016,1193
irradiance,2016,1189
irradiance,2016,1185
irradiance,2016,1181
irradiance,2016,1177
irradiance,2016,1173
irradiance,2016,1169
irradiance,2016,1164
irradiance,2016,1160
irradiance,2016,1156
irradiance,2016,1152
irradiance,2016,1148
irradiance,2016,1144
irradiance,2016,1140
irradiance,2016,1136
irradiance,2016,1132
irradiance,2016,1127
irradiance,2016,1123
irradiance,2016,1119
irradiance,2016,1115
irradiance,2016,1111
irradiance,2016,1107
irradiance,2016,1103
irradiance,2016,1099
irradiance,2016,1095
irradiance,2016,1090
irradiance,2016,1086
irradiance,2016,1082
irradiance,2016,1078
irradiance,2016,1074
irradiance,2016,1070
irradiance,2016,1066
irradiance,2016,1062
irradiance,2016,1058
irradiance,2016,1053
irradiance,2016,1049
irradiance,2016,1045
irradiance,2016,1041
irradiance,2016,1037
irradiance,2016,1033
irradiance,2016,1029
irradiance,2016,1025
irradiance,2016,1020
irradiance,2016,1016
irradiance,2016,1012
irradiance,2016,1008
irradiance,2016,1004
irradiance,2016,999.9
irradiance,2016,995.8
irradiance,2016,991.7
irradiance,2016,987.6
irradiance,2016,983.5
irradiance,2016,979.3
irradiance,2016,975.2
irradiance,2016,971.1
irradiance,2016,967
irradiance,2016,962.9
irradiance,2016,958.8
irradiance,2016,954.7
irradiance,2016,950.5
irradiance,2016,946.4
irradiance,2016,942.3
irradiance,2016,938.2
irradiance,2016,934.1
irradiance,2016,930
irradiance,2016,925.9
irradiance,2016,921.7
irradiance,2016,917.6
irradiance,2016,913.5
irradiance,2016,909.4
irradiance,2016,905.3
irradiance,2016,901.2
irradiance,2016,897.1
irradiance,2016,892.9
irradiance,2016,888.8
irradiance,2016,884.7
irradiance,2016,880.6
irradiance,2016,876.5
irradiance,2016,872.4
irradiance,2016,868.3
irradiance,2016,864.1
irradiance,2016,860
irradiance,2016,855.9
irradiance,2016,851.8
irradiance,2016,847.7
irradiance,2016,843.6
irradiance,2016,839.5
irradiance,2016,835.3
irradiance,2016,831.2
irradiance,2016,-12.18
irradiance,2016,-16.29
irradiance,2016,-20.41
irradiance,2016,-24.52
irradiance,2016,-28.64
irradiance,2016,1930
irradiance,2016,1926
irradiance,2016,1921
irradiance,2016,1917
irradiance,2016,1465
irradiance,2016,1461
irradiance,2016,1457
irradiance,2016,1452
irradiance,2016,1448
irradiance,2016,1444
irradiance,2016,1440
irradiance,2016,1436
irradiance,2016,1432
irradiance,2016,1428
irradiance,2016,1424
irradiance,2016,1420
irradiance,2016,1415
irradiance,2016,1411
irradiance,2016,1407
irradiance,2016,1403
irradiance,2016,1399
irradiance,2016,1395
irradiance,2016,1391
irradiance,2016,1387
irradiance,2016,1383
irradiance,2016,1378
irradiance,2016,1374
irradiance,2016,1370
irradiance,2016,1366
irradiance,2016,1362
irradiance,2016,1358
irradiance,2016,1354
irradiance,2016,1350
irradiance,2016,1346
irradiance,2016,1341
irradiance,2016,1337
irradiance,2016,1333
irradiance,2016,1329
irradiance,2016,1325
irradiance,2016,1321
irradiance,2016,1317
irradiance,2016,1313
irradiance,2016,1308
irradiance,2016,1304
irradiance,2016,1300
irradiance,2016,1296
irradiance,2016,1292
irradiance,2016,1288
irradiance,2016,1284
irradiance,2016,1280
irradiance,2016,1276
irradiance,2016,1271
irradiance,2016,1267
irradiance,2016,1263
irradiance,2016,1259
irradiance,2016,1255
irradiance,2016,1251
irradiance,2016,1247
irradiance,2016,1243
irradiance,2016,1239
irradiance,2016,1234
irradiance,2016,1230
irradiance,2016,1226
irradiance,2016,1222
irradiance,2016,1218
irradiance,2016,1214
irradiance,2016,1210
irradiance,2016,1206
irradiance,2016,1202
irradiance,2016,1197
irradiance,2016,1193
irradiance,2016,1189
irradiance,2016,1185
irradiance,2016,1181
irradiance,2016,1177
irradiance,2016,1173
irradiance,2016,1169
irradiance,2016,1164
irradiance,2016,1160
irradiance,2016,1156
irradiance,2016,1152
irradiance,2016,1148
irradiance,2016,1144
irradiance,2016,1140
irradiance,2016,1136
irradiance,2016,1132
irradiance,2016,1127
irradiance,2016,1123
irradiance,2016,1119
irradiance,2016,1115
irradiance,2016,1111
irradiance,2016,1107
irradiance,2016,1103
irradiance,2016,1099
irradiance,2016,1095
irradiance,2016,1090
irradiance,2016,1086
irradiance,2016,1082
irradiance,2016,1078
irradiance,2016,1074
irradiance,2016,1070
irradiance,2016,1066
irradiance,2016,1062
irradiance,2016,1058
irradiance,2016,1053
irradiance,2016,1049
irradiance,2016,1045
irradiance,2016,1041
irradiance,2016,1037
irradiance,2016,1033
irradiance,2016,1029
irradiance,2016,1025
irradiance,2016,1020
irradiance,2016,1016
irradiance,2016,1012
irradiance,2016,1008
irradiance,2016,1004
irradiance,2016,999.9
irradiance,2016,995.8
irradiance,2016,991.7
irradiance,2016,987.6
irradiance,2016,983.5
irradiance,2016,979.3
irradiance,2016,975.2
irradiance,2016,971.1
irradiance,2016,967
irradiance,2016,962.9
irradiance,2016,958.8
irradiance,2016,954.7
irradiance,2016,950.5
irradiance,2016,946.4
irradiance,2016,942.3
irradiance,2016,938.2
irradiance,2016,934.1
irradiance,2016,930
irradiance,2016,925.9
irradiance,2016,921.7
irradiance,2016,917.6
irradiance,2016,913.5
irradiance,2016,909.4
irradiance,2016,905.3
irradiance,2016,901.2
irradiance,2016,897.1
irradiance,2016,892.9
irradiance,2016,888.8
irradiance,2016,884.7
irradiance,2016,880.6
irradiance,2016,876.5
irradiance,2016,872.4
irradiance,2016,868.3
irradiance,2016,864.1
irradiance,2016,860
irradiance,2016,855.9
irradiance,2016,851.8
irradiance,2016,847.7
irradiance,2016,843.6
irradiance,2016,839.5
irradiance,2016,835.3
irradiance,2016,831.2
irradiance,2016,827.1
irradiance,2016,823
irradiance,2016,818.9
irradiance,2016,814.8
irradiance,2016,810.7
irradiance,2016,806.5
irradiance,2016,802.4
irradiance,2016,798.3
irradiance,2016,794.2
irradiance,2016,790.1
irradiance,2016,786
irradiance,2016,781.9
irradiance,2016,777.7
irradiance,2016,773.6
irradiance,2016,769.5
irradiance,2016,765.4
irradiance,2016,761.3
irradiance,2016,757.2
irradiance,2016,753.1
irradiance,2016,748.9
irradiance,2016,744.8
irradiance,2016,740.7
irradiance,2016,-12.18
irradiance,2016,-16.29
irradiance,2016,-20.41
irradiance,2016,-24.52
irradiance,2016,-28.64
irradiance,2016,1930
irradiance,2016,1926
irradiance,2016,1921
irradiance,2016,1917
irradiance,2016,1411
irradiance,2016,1407
irradiance,2016,1403
irradiance,2016,1399
irradiance,2016,1395
irradiance,2016,1391
irradiance,2016,1387
irradiance,2016,1383
irradiance,2016,1378
irradiance,2016,1374
irradiance,2016,1370
irradiance,2016,1366
irradiance,2016,1362
irradiance,2016,1358
irradiance,2016,1354
irradiance,2016,1350
irradiance,2016,1346
irradiance,2016,1341
irradiance,2016,1337
irradiance,2016,1333
irradiance,2016,1329
irradiance,2016,1325
irradiance,2016,1321
irradiance,2016,1317
irradiance,2016,1313
irradiance,2016,1308
irradiance,2016,1304
irradiance,2016,1300
irradiance,2016,1296
irradiance,2016,1292
irradiance,2016,1288
irradiance,2016,1284
irradiance,2016,1280
irradiance,2016,1276
irradiance,2016,1271
irradiance,2016,1267
irradiance,2016,1263
irradiance,2016,1259
irradiance,2016,1255
irradiance,2016,1251
irradiance,2016,1247
irradiance,2016,1243
irradiance,2016,1239
irradiance,2016,1234
irradiance,2016,1230
irradiance,2016,1226
irradiance,2016,1222
irradiance,2016,1218
irradiance,2016,1214
irradiance,2016,1210
irradiance,2016,1206
irradiance,2016,1202
irradiance,2016,1197
irradiance,2016,1193
irradiance,2016,1189
irradiance,2016,1185
irradiance,2016,1181
irradiance,2016,1177
irradiance,2016,1173
irradiance,2016,1169
irradiance,2016,1164
irradiance,2016,1160
irradiance,2016,1156
irradiance,2016,1152
irradiance,2016,1148
irradiance,2016,1144
irradiance,2016,1140
irradiance,2016,1136
irradiance,2016,1132
irradiance,2016,1127
irradiance,2016,1123
irradiance,2016,1119
irradiance,2016,1115
irradiance,2016,1111
irradiance,2016,1107
irradiance,2016,1103
irradiance,2016,1099
irradiance,2016,1095
irradiance,2016,1090
irradiance,2016,1086
irradiance,2016,1082
irradiance,2016,1078
irradiance,2016,1074
irradiance,2016,1070
irradiance,2016,1066
irradiance,2016,1062
irradiance,2016,1058
irradiance,2016,1053
irradiance,2016,1049
irradiance,2016,1045
irradiance,2016,1041
irradiance,2016,1037
irradiance,2016,1033
irradiance,2016,1029
irradiance,2016,1025
irradiance,2016,1020
irradiance,2016,1016
irradiance,2016,1012
irradiance,2016,1008
irradiance,2016,1004
irradiance,2016,999.9
irradiance,2016,995.8
irradiance,2016,991.7
irradiance,2016,987.6
irradiance,2016,983.5
irradiance,2016,979.3
irradiance,2016,975.2
irradiance,2016,971.1
irradiance,2016,967
irradiance,2016,962.9
irradiance,2016,958.8
irradiance,2016,954.7
irradiance,2016,950.5
irradiance,2016,946.4
irradiance,2016,942.3
irradiance,2016,938.2
irradiance,2016,934.1
irradiance,2016,930
irradiance,2016,925.9
irradiance,2016,921.7
irradiance,2016,917.6
irradiance,2016,913.5
irradiance,2016,909.4
irradiance,2016,905.3
irradiance,2016,901.2
irradiance,2016,897.1
irradiance,2016,892.9
irradiance,2016,888.8
irradiance,2016,884.7
irradiance,2016,880.6
irradiance,2016,876.5
irradiance,2016,872.4
irradiance,2016,868.3
irradiance,2016,864.1
irradiance,2016,860
irradiance,2016,855.9
irradiance,2016,851.8
irradiance,2016,847.7
irradiance,2016,843.6
irradiance,2016,839.5
irradiance,2016,835.3
irradiance,2016,831.2
irradiance,2016,827.1
irradiance,2016,823
irradiance,2016,818.9
irradiance,2016,814.8
irradiance,2016,810.7
irradiance,2016,806.5
irradiance,2016,802.4
irradiance,2016,798.3
irradiance,2016,794.2
irradiance,2016,790.1
irradiance,2016,786
irradiance,2016,781.9
irradiance,2016,777.7
irradiance,2016,773.6
irradiance,2016,769.5
irradiance,2016,765.4
irradiance,2016,761.3
irradiance,2016,757.2
irradiance,2016,753.1
irradiance,2016,748.9
irradiance,2016,744.8
irradiance,2016,740.7
irradiance,2016,736.6
irradiance,2016,732.5
irradiance,2016,728.4
irradiance,2016,724.3
irradiance,2016,720.1
irradiance,2016,716
irradiance,2016,711.9
irradiance,2016,707.8
irradiance,2016,703.7
irradiance,2016,699.6
irradiance,2016,695.5
irradiance,2016,691.3
irradiance,2016,687.2
irradiance,2016,683.1
irradiance,2016,679
irradiance,2016,674.9
irradiance,2016,670.8
irradiance,2016,666.7
irradiance,2016,662.5
irradiance,2016,658.4
irradiance,2016,654.3
irradiance,2016,650.2
irradiance,2016,646.1
irradiance,2016,-12.18
irradiance,2016,-16.29
irradiance,2016,-20.41
irradiance,2016,-24.52
irradiance,2016,-28.64
irradiance,2016,1930
irradiance,2016,1926
irradiance,2016,1921
irradiance,2016,1917
irradiance,2016,1358
irradiance,2016,1354
irradiance,2016,1350
irradiance,2016,1346
irradiance,2016,1341
irradiance,2016,1337
irradiance,2016,1333
irradiance,2016,1329
irradiance,2016,1325
irradiance,2016,1321
irradiance,2016,1317
irradiance,2016,1313
irradiance,2016,1308
irradiance,2016,1304
irradiance,2016,1300
irradiance,2016,1296
irradiance,2016,1292
irradiance,2016,1288
irradiance,2016,1284
irradiance,2016,1280
irradiance,2016,1276
irradiance,2016,1271
irradiance,2016,1267
irradiance,2016,1263
irradiance,2016,1259
irradiance,2016,1255
irradiance,2016,1251
irradiance,2016,1247
irradiance,2016,1243
irradiance,2016,1239
irradiance,2016,1234
irradiance,2016,1230
irradiance,2016,1226
irradiance,2016,1222
irradiance,2016,1218
irradiance,2016,1214
irradiance,2016,1210
irradiance,2016,1206
irradiance,2016,1202
irradiance,2016,1197
irradiance,2016,1193
irradiance,2016,1189
irradiance,2016,1185
irradiance,2016,1181
irradiance,2016,1177
irradiance,2016,1173
irradiance,2016,1169
irradiance,2016,1164
irradiance,2016,1160
irradiance,2016,1156
irradiance,2016,1152
irradiance,2016,1148
irradiance,2016,1144
irradiance,2016,1140
irradiance,2016,1136
irradiance,2016,1132
irradiance,2016,1127
irradiance,2016,1123
irradiance,2016,1119
irradiance,2016,1115
irradiance,2016,1111
irradiance,2016,1107
irradiance,2016,1103
irradiance,2016,1099
irradiance,2016,1095
irradiance,2016,1090
irradiance,2016,1086
irradiance,2016,1082
irradiance,2016,1078
irradiance,2016,1074
irradiance,2016,1070
irradiance,2016,1066
irradiance,2016,1062
irradiance,2016,1058
irradiance,2016,1053
irradiance,2016,1049
irradiance,2016,1045
irradiance,2016,1041
irradiance,2016,1037
irradiance,2016,1033
irradiance,2016,1029
irradiance,2016,1025
irradiance,2016,1020
irradiance,2016,1016
irradiance,2016,1012
irradiance,2016,1008
irradiance,2016,1004
irradiance,2016,999.9
irradiance,2016,995.8
irradiance,2016,991.7
irradiance,2016,987.6
irradiance,2016,983.5
irradiance,2016,979.3
irradiance,2016,975.2
irradiance,2016,971.1
irradiance,2016,967
irradiance,2016,962.9
irradiance,2016,958.8
irradiance,2016,954.7
irradiance,2016,950.5
irradiance,2016,946.4
irradiance,2016,942.3
irradiance,2016,938.2
irradiance,2016,934.1
irradiance,2016,930
irradiance,2016,925.9
irradiance,2016,921.7
irradiance,2016,917.6
irradiance,2016,913.5
irradiance,2016,909.4
irradiance,2016,905.3
irradiance,2016,901.2
irradiance,2016,897.1
irradiance,2016,892.9
irradiance,2016,888.8
irradiance,2016,884.7
irradiance,2016,880.6
irradiance,2016,876.5
irradiance,2016,872.4
irradiance,2016,868.3
irradiance,2016,864.1
irradiance,2016,860
irradiance,2016,855.9
irradiance,2016,851.8
irradiance,2016,847.7
irradiance,2016,843.6
irradiance,2016,839.5
irradiance,2016,835.3
irradiance,2016,831.2
irradiance,2016,827.1
irradiance,2016,823
irradiance,2016,818.9
irradiance,2016,814.8
irradiance,2016,810.7
irradiance,2016,806.5
irradiance,2016,802.4
irradiance,2016,798.3
irradiance,2016,794.2
irradiance,2016,790.1
irradiance,2016,786
irradiance,2016,781.9
irradiance,2016,777.7
irradiance,2016,773.6
irradiance,2016,769.5
irradiance,2016,765.4
irradiance,2016,761.3
irradiance,2016,757.2
irradiance,2016,753.1
irradiance,2016,748.9
irradiance,2016,744.8
irradiance,2016,740.7
irradiance,2016,736.6
irradiance,2016,732.5
irradiance,2016,728.4
irradiance,2016,724.3
irradiance,2016,720.1
irradiance,2016,716
irradiance,2016,711.9
irradiance,2016,707.8
irradiance,2016,703.7
irradiance,2016,699.6
irradiance,2016,695.5
irradiance,2016,691.3
irradiance,2016,687.2
irradiance,2016,683.1
irradiance,2016,679
irradiance,2016,674.9
irradiance,2016,670.8
irradiance,2016,666.7
irradiance,2016,662.5
irradiance,2016,658.4
irradiance,2016,654.3
irradiance,2016,650.2
irradiance,2016,646.1
irradiance,2016,642
irradiance,2016,637.9
irradiance,2016,633.7
irradiance,2016,629.6
irradiance,2016,625.5
irradiance,2016,621.4
irradiance,2016,617.3
irradiance,2016,613.2
irradiance,2016,609.1
irradiance,2016,605
irradiance,2016,600.8
irradiance,2016,596.7
irradiance,2016,592.6
irradiance,2016,588.5
irradiance,2016,584.4
irradiance,2016,580.3
irradiance,2016,576.2
irradiance,2016,572
irradiance,2016,567.9
irradiance,2016,563.8
irradiance,2016,559.7
irradiance,2016,555.6
irradiance,2016,551.5
irradiance,2016,-12.18
irradiance,2016,-16.29
irradiance,2016,-20.41
irradiance,2016,-24.52
irradiance,2016,-28.64
irradiance,2016,1930
irradiance,2016,1926
irradiance,2016,1921
irradiance,2016,1917
irradiance,2016,1304
irradiance,2016,1300
irradiance,2016,1296
irradiance,2016,1292
irradiance,2016,1288
irradiance,2016,1284
irradiance,2016,1280
irradiance,2016,1276
irradiance,2016,1271
irradiance,2016,1267
irradiance,2016,1263
irradiance,2016,1259
irradiance,2016,1255
irradiance,2016,1251
irradiance,2016,1247
irradiance,2016,1243
irradiance,2016,1239
irradiance,2016,1234
irradiance,2016,1230
irradiance,2016,1226
irradiance,2016,1222
irradiance,2016,1218
irradiance,2016,1214
irradiance,2016,1210
irradiance,2016,1206
irradiance,2016,1202
irradiance,2016,1197
irradiance,2016,1193
irradiance,2016,1189
irradiance,2016,1185
irradiance,2016,1181
irradiance,2016,1177
irradiance,2016,1173
irradiance,2016,1169
irradiance,2016,1164
irradiance,2016,1160
irradiance,2016,1156
irradiance,2016,1152
irradiance,2016,1148
irradiance,2016,1144
irradiance,2016,1140
irradiance,2016,1136
irradiance,2016,1132
irradiance,2016,1127
irradiance,2016,1123
irradiance,2016,1119
irradiance,2016,1115
irradiance,2016,1111
irradiance,2016,1107
irradiance,2016,1103
irradiance,2016,1099
irradiance,2016,1095
irradiance,2016,1090
irradiance,2016,1086
irradiance,2016,1082
irradiance,2016,1078
irradiance,2016,1074
irradiance,2016,1070
irradiance,2016,1066
irradiance,2016,1062
irradiance,2016,1058
irradiance,2016,1053
irradiance,2016,1049
irradiance,2016,1045
irradiance,2016,1041
irradiance,2016,1037
irradiance,2016,1033
irradiance,2016,1029
irradiance,2016,1025
irradiance,2016,1020
irradiance,2016,1016
irradiance,2016,1012
irradiance,2016,1008
irradiance,2016,1004
irradiance,2016,999.9
irradiance,2016,995.8
irradiance,2016,991.7
irradiance,2016,987.6
irradiance,2016,983.5
irradiance,2016,979.3
irradiance,2016,975.2
irradiance,2016,971.1
irradiance,2016,967
irradiance,2016,962.9
irradiance,2016,958.8
irradiance,2016,954.7
irradiance,2016,950.5
irradiance,2016,946.4
irradiance,2016,942.3
irradiance,2016,938.2
irradiance,2016,934.1
irradiance,2016,930
irradiance,2016,925.9
irradiance,2016,921.7
irradiance,2016,917.6
irradiance,2016,913.5
irradiance,2016,909.4
irradiance,2016,905.3
irradiance,2016,901.2
irradiance,2016,897.1
irradiance,2016,892.9
irradiance,2016,888.8
irradiance,2016,884.7
irradiance,2016,880.6
irradiance,2016,876.5
irradiance,2016,872.4
irradiance,2016,868.3
irradiance,2016,864.1
irradiance,2016,860
irradiance,2016,855.9
irradiance,2016,851.8
irradiance,2016,847.7
irradiance,2016,843.6
irradiance,2016,839.5
irradiance,2016,835.3
irradiance,2016,831.2
irradiance,2016,827.1
irradiance,2016,823
irradiance,2016,818.9
irradiance,2016,814.8
irradiance,2016,810.7
irradiance,2016,806.5
irradiance,2016,802.4
irradiance,2016,798.3
irradiance,2016,794.2
irradiance,2016,790.1
irradiance,2016,786
irradiance,2016,781.9
irradiance,2016,777.7
irradiance,2016,773.6
irradiance,2016,769.5
irradiance,2016,765.4
irradiance,2016,761.3
irradiance,2016,757.2
irradiance,2016,753.1
irradiance,2016,748.9
irradiance,2016,744.8
irradiance,2016,740.7
irradiance,2016,736.6
irradiance,2016,732.5
irradiance,2016,728.4
irradiance,2016,724.3
irradiance,2016,720.1
irradiance,2016,716
irradiance,2016,711.9
irradiance,2016,707.8
irradiance,2016,703.7
irradiance,2016,699.6
irradiance,2016,695.5
irradiance,2016,691.3
irradiance,2016,687.2
irradiance,2016,683.1
irradiance,2016,679
irradiance,2016,674.9
irradiance,2016,670.8
irradiance,2016,666.7
irradiance,2016,662.5
irradiance,2016,658.4
irradiance,2016,654.3
irradiance,2016,650.2
irradiance,2016,646.1
irradiance,2016,642
irradiance,2016,637.9
irradiance,2016,633.7
irradiance,2016,629.6
irradiance,2016,625.5
irradiance,2016,621.4
irradiance,2016,617.3
irradiance,2016,613.2
irradiance,2016,609.1
irradiance,2016,605
irradiance,2016,600.8
irradiance,2016,596.7
irradiance,2016,592.6
irradiance,2016,588.5
irradiance,2016,584.4
irradiance,2016,580.3
irradiance,2016,576.2
irradiance,2016,572
irradiance,2016,567.9
irradiance,2016,563.8
irradiance,2016,559.7
irradiance,2016,555.6
irradiance,2016,551.5
irradiance,2016,547.4
irradiance,2016,543.2
irradiance,2016,539.1
irradiance,2016,535
irradiance,2016,530.9
irradiance,2016,526.8
irradiance,2016,522.7
irradiance,2016,518.6
irradiance,2016,514.4
irradiance,2016,510.3
irradiance,2016,506.2
irradiance,2016,502.1
irradiance,2016,498
irradiance,2016,493.9
irradiance,2016,489.8
irradiance,2016,485.6
irradiance,2016,481.5
irradiance,2016,477.4
irradiance,2016,473.3
irradiance,2016,469.2
irradiance,2016,465.1
irradiance,2016,461
irradiance,2016,456.8
irradiance,2016,-12.18
irradiance,2016,-16.29
irradiance,2016,-20.41
irradiance,2016,-24.52
irradiance,2016,-28.64
irradiance,2016,1930
irradiance,2016,1926
irradiance,2016,1921
irradiance,2016,1917
irradiance,2016,1251
irradiance,2016,1247
irradiance,2016,1243
irradiance,2016,1239
irradiance,2016,1234
irradiance,2016,1230
irradiance,2016,1226
irradiance,2016,1222
irradiance,2016,1218
irradiance,2016,1214
irradiance,2016,1210
irradiance,2016,1206
irradiance,2016,1202
irradiance,2016,1197
irradiance,2016,1193
irradiance,2016,1189
irradiance,2016,1185
irradiance,2016,1181
irradiance,2016,1177
irradiance,2016,1173
irradiance,2016,1169
irradiance,2016,1164
irradiance,2016,1160
irradiance,2016,1156
irradiance,2016,1152
irradiance,2016,1148
irradiance,2016,1144
irradiance,2016,1140
irradiance,2016,1136
irradiance,2016,1132
irradiance,2016,1127
irradiance,2016,1123
irradiance,2016,1119
irradiance,2016,1115
irradiance,2016,1111
irradiance,2016,1107
irradiance,2016,1103
irradiance,2016,1099
irradiance,2016,1095
irradiance,2016,1090
irradiance,2016,1086
irradiance,2016,1082
irradiance,2016,1078
irradiance,2016,1074
irradiance,2016,1070
irradiance,2016,1066
irradiance,2016,1062
irradiance,2016,1058
irradiance,2016,1053
irradiance,2016,1049
irradiance,2016,1045
irradiance,2016,1041
irradiance,2016,1037
irradiance,2016,1033
irradiance,2016,1029
irradiance,2016,1025
irradiance,2016,1020
irradiance,2016,1016
irradiance,2016,1012
irradiance,2016,1008
irradiance,2016,1004
irradiance,2016,999.9
irradiance,2016,995.8
irradiance,2016,991.7
irradiance,2016,987.6
irradiance,2016,983.5
irradiance,2016,979.3
irradiance,2016,975.2
irradiance,2016,971.1
irradiance,2016,967
irradiance,2016,962.9
irradiance,2016,958.8
irradiance,2016,954.7
irradiance,2016,950.5
irradiance,2016,946.4
irradiance,2016,942.3
irradiance,2016,938.2
irradiance,2016,934.1
irradiance,2016,930
irradiance,2016,925.9
irradiance,2016,921.7
irradiance,2016,917.6
irradiance,2016,913.5
irradiance,2016,909.4
irradiance,2016,905.3
irradiance,2016,901.2
irradiance,2016,897.1
irradiance,2016,892.9
irradiance,2016,888.8
irradiance,2016,884.7
irradiance,2016,880.6
irradiance,2016,876.5
irradiance,2016,872.4
irradiance,2016,868.3
irradiance,2016,864.1
irradiance,2016,860
irradiance,2016,855.9
irradiance,2016,851.8
irradiance,2016,847.7
irradiance,2016,843.6
irradiance,2016,839.5
irradiance,2016,835.3
irradiance,2016,831.2
irradiance,2016,827.1
irradiance,2016,823
irradiance,2016,818.9
irradiance,2016,814.8
irradiance,2016,810.7
irradiance,2016,806.5
irradiance,2016,802.4
irradiance,2016,798.3
irradiance,2016,794.2
irradiance,2016,790.1
irradiance,2016,786
irradiance,2016,781.9
irradiance,2016,777.7
irradiance,2016,773.6
irradiance,2016,769.5
irradiance,2016,765.4
irradiance,2016,761.3
irradiance,2016,757.2
irradiance,2016,753.1
irradiance,2016,748.9
irradiance,2016,744.8
irradiance,2016,740.7
irradiance,2016,736.6
irradiance,2016,732.5
irradiance,2016,728.4
irradiance,2016,724.3
irradiance,2016,720.1
irradiance,2016,716
irradiance,2016,711.9
irradiance,2016,707.8
irradiance,2016,703.7
irradiance,2016,699.6
irradiance,2016,695.5
irradiance,2016,691.3
irradiance,2016,687.2
irradiance,2016,683.1
irradiance,2016,679
irradiance,2016,674.9
irradiance,2016,670.8
irradiance,2016,666.7
irradiance,2016,662.5
irradiance,2016,658.4
irradiance,2016,654.3
irradiance,2016,650.2
irradiance,2016,646.1
irradiance,2016,642
irradiance,2016,637.9
irradiance,2016,633.7
irradiance,2016,629.6
irradiance,2016,625.5
irradiance,2016,621.4
irradiance,2016,617.3
irradiance,2016,613.2
irradiance,2016,609.1
irradiance,2016,605
irradiance,2016,600.8
irradiance,2016,596.7
irradiance,2016,592.6
irradiance,2016,588.5
irradiance,2016,584.4
irradiance,2016,580.3
irradiance,2016,576.2
irradiance,2016,572
irradiance,2016,567.9
irradiance,2016,563.8
irradiance,2016,559.7
irradiance,2016,555.6
irradiance,2016,551.5
irradiance,2016,547.4
irradiance,2016,543.2
irradiance,2016,539.1
irradiance,2016,535
irradiance,2016,530.9
irradiance,2016,526.8
irradiance,2016,522.7
irradiance,2016,518.6
irradiance,2016,514.4
irradiance,2016,510.3
irradiance,2016,506.2
irradiance,2016,502.1
irradiance,2016,498
irradiance,2016,493.9
irradiance,2016,489.8
irradiance,2016,485.6
irradiance,2016,481.5
irradiance,2016,477.4
irradiance,2016,473.3
irradiance,2016,469.2
irradiance,2016,465.1
irradiance,2016,461
irradiance,2016,456.8
irradiance,2016,452.7
irradiance,2016,448.6
irradiance,2016,444.5
irradiance,2016,440.4
irradiance,2016,436.3
irradiance,2016,432.2
irradiance,2016,428
irradiance,2016,423.9
irradiance,2016,419.8
irradiance,2016,415.7
irradiance,2016,411.6
irradiance,2016,407.5
irradiance,2016,403.4
irradiance,2016,399.2
irradiance,2016,395.1
irradiance,2016,391
irradiance,2016,386.9
irradiance,2016,382.8
irradiance,2016,378.7
irradiance,2016,374.6
irradiance,2016,370.4
irradiance,2016,366.3
irradiance,2016,362.2
irradiance,2016,-12.18
irradiance,2016,-16.29
irradiance,2016,-20.41
irradiance,2016,-24.52
irradiance,2016,-28.64
irradiance,2016,1930
irradiance,2016,1926
irradiance,2016,1921
irradiance,2016,1917
irradiance,2016,1169
irradiance,2016,1164
irradiance,2016,1160
irradiance,2016,1156
irradiance,2016,1152
irradiance,2016,1148
irradiance,2016,1144
irradiance,2016,1140
irradiance,2016,1136
irradiance,2016,1132
irradiance,2016,1127
irradiance,2016,1123
irradiance,2016,1119
irradiance,2016,1115
irradiance,2016,1111
irradiance,2016,1107
irradiance,2016,1103
irradiance,2016,1099
irradiance,2016,1095
irradiance,2016,1090
irradiance,2016,1086
irradiance,2016,1082
irradiance,2016,1078
irradiance,2016,1074
irradiance,2016,1070
irradiance,2016,1066
irradiance,2016,1062
irradiance,2016,1058
irradiance,2016,1053
irradiance,2016,1049
irradiance,2016,1045
irradiance,2016,1041
irradiance,2016,1037
irradiance,2016,1033
irradiance,2016,1029
irradiance,2016,1025
irradiance,2016,1020
irradiance,2016,1016
irradiance,2016,1012
irradiance,2016,1008
irradiance,2016,1004
irradiance,2016,999.9
irradiance,2016,995.8
irradiance,2016,991.7
irradiance,2016,987.6
irradiance,2016,983.5
irradiance,2016,979.3
irradiance,2016,975.2
irradiance,2016,971.1
irradiance,2016,967
irradiance,2016,962.9
irradiance,2016,958.8
irradiance,2016,954.7
irradiance,2016,950.5
irradiance,2016,946.4
irradiance,2016,942.3
irradiance,2016,938.2
irradiance,2016,934.1
irradiance,2016,930
irradiance,2016,925.9
irradiance,2016,921.7
irradiance,2016,917.6
irradiance,2016,913.5
irradiance,2016,909.4
irradiance,2016,905.3
irradiance,2016,901.2
irradiance,2016,897.1
irradiance,2016,892.9
irradiance,2016,888.8
irradiance,2016,884.7
irradiance,2016,880.6
irradiance,2016,876.5
irradiance,2016,872.4
irradiance,2016,868.3
irradiance,2016,864.1
irradiance,2016,860
irradiance,2016,855.9
irradiance,2016,851.8
irradiance,2016,847.7
irradiance,2016,843.6
irradiance,2016,839.5
irradiance,2016,835.3
irradiance,2016,831.2
irradiance,2016,827.1
irradiance,2016,823
irradiance,2016,818.9
irradiance,2016,814.8
irradiance,2016,810.7
irradiance,2016,806.5
irradiance,2016,802.4
irradiance,2016,798.3
irradiance,2016,794.2
irradiance,2016,790.1
irradiance,2016,786
irradiance,2016,781.9
irradiance,2016,777.7
irradiance,2016,773.6
irradiance,2016,769.5
irradiance,2016,765.4
irradiance,2016,761.3
irradiance,2016,757.2
irradiance,2016,753.1
irradiance,2016,748.9
irradiance,2016,744.8
irradiance,2016,740.7
irradiance,2016,736.6
irradiance,2016,732.5
irradiance,2016,728.4
irradiance,2016,724.3
irradiance,2016,720.1
irradiance,2016,716
irradiance,2016,711.9
irradiance,2016,707.8
irradiance,2016,703.7
irradiance,2016,699.6
irradiance,2016,695.5
irradiance,2016,691.3
irradiance,2016,687.2
irradiance,2016,683.1
irradiance,2016,679
irradiance,2016,674.9
irradiance,2016,670.8
irradiance,2016,666.7
irradiance,2016,662.5
irradiance,2016,658.4
irradiance,2016,654.3
irradiance,2016,650.2
irradiance,2016,646.1
irradiance,2016,642
irradiance,2016,637.9
irradiance,2016,633.7
irradiance,2016,629.6
irradiance,2016,625.5
irradiance,2016,621.4
irradiance,2016,617.3
irradiance,2016,613.2
irradiance,2016,609.1
irradiance,2016,605
irradiance,2016,600.8
irradiance,2016,596.7
irradiance,2016,592.6
irradiance,2016,588.5
irradiance,2016,584.4
irradiance,2016,580.3
irradiance,2016,576.2
irradiance,2016,572
irradiance,2016,567.9
irradiance,2016,563.8
irradiance,2016,559.7
irradiance,2016,555.6
irradiance,2016,551.5
irradiance,2016,547.4
irradiance,2016,543.2
irradiance,2016,539.1
irradiance,2016,535
irradiance,2016,530.9
irradiance,2016,526.8
irradiance,2016,522.7
irradiance,2016,518.6
irradiance,2016,514.4
irradiance,2016,510.3
irradiance,2016,506.2
irradiance,2016,502.1
irradiance,2016,498
irradiance,2016,493.9
irradiance,2016,489.8
irradiance,2016,485.6
irradiance,2016,481.5
irradiance,2016,477.4
irradiance,2016,473.3
irradiance,2016,469.2
irradiance,2016,465.1
irradiance,2016,461
irradiance,2016,456.8
irradiance,2016,452.7
irradiance,2016,448.6
irradiance,2016,444.5
irradiance,2016,440.4
irradiance,2016,436.3
irradiance,2016,432.2
irradiance,2016,428
irradiance,2016,423.9
irradiance,2016,419.8
irradiance,2016,415.7
irradiance,2016,411.6
irradiance,2016,407.5
irradiance,2016,403.4
irradiance,2016,399.2
irradiance,2016,395.1
irradiance,2016,391
irradiance,2016,386.9
irradiance,2016,382.8
irradiance,2016,378.7
irradiance,2016,374.6
irradiance,2016,370.4
irradiance,2016,366.3
irradiance,2016,362.2
irradiance,2016,358.1
irradiance,2016,354
irradiance,2016,349.9
irradiance,2016,345.8
irradiance,2016,341.6
irradiance,2016,337.5
irradiance,2016,333.4
irradiance,2016,329.3
irradiance,2016,325.2
irradiance,2016,321.1
irradiance,2016,317
irradiance,2016,312.8
irradiance,2016,308.7
irradiance,2016,304.6
irradiance,2016,300.5
irradiance,2016,296.4
irradiance,2016,292.3
irradiance,2016,288.2
irradiance,2016,284
irradiance,2016,279.9
irradiance,2016,275.8
irradiance,2016,271.7
irradiance,2016,267.6
irradiance,2016,-12.18
irradiance,2016,-16.29
irradiance,2016,-20.41
irradiance,2016,-24.52
irradiance,2016,-28.64
irradiance,2016,1930
irradiance,2016,1926
irradiance,2016,1921
irradiance,2016,1917
irradiance,2016,1074
irradiance,2016,1070
irradiance,2016,1066
irradiance,2016,1062
irradiance,2016,1058
irradiance,2016,1053
irradiance,2016,1049
irradiance,2016,1045
irradiance,2016,1041
irradiance,2016,1037
irradiance,2016,1033
irradiance,2016,1029
irradiance,2016,1025
irradiance,2016,1020
irradiance,2016,1016
irradiance,2016,1012
irradiance,2016,1008
irradiance,2016,1004
irradiance,2016,999.9
irradiance,2016,995.8
irradiance,2016,991.7
irradiance,2016,987.6
irradiance,2016,983.5
irradiance,2016,979.3
irradiance,2016,975.2
irradiance,2016,971.1
irradiance,2016,967
irradiance,2016,962.9
irradiance,2016,958.8
irradiance,2016,954.7
irradiance,2016,950.5
irradiance,2016,946.4
irradiance,2016,942.3
irradiance,2016,938.2
irradiance,2016,934.1
irradiance,2016,930
irradiance,2016,925.9
irradiance,2016,921.7
irradiance,2016,917.6
irradiance,2016,913.5
irradiance,2016,909.4
irradiance,2016,905.3
irradiance,2016,901.2
irradiance,2016,897.1
irradiance,2016,892.9
irradiance,2016,888.8
irradiance,2016,884.7
irradiance,2016,880.6
irradiance,2016,876.5
irradiance,2016,872.4
irradiance,2016,868.3
irradiance,2016,864.1
irradiance,2016,860
irradiance,2016,855.9
irradiance,2016,851.8
irradiance,2016,847.7
irradiance,2016,843.6
irradiance,2016,839.5
irradiance,2016,835.3
irradiance,2016,831.2
irradiance,2016,827.1
irradiance,2016,823
irradiance,2016,818.9
irradiance,2016,814.8
irradiance,2016,810.7
irradiance,2016,806.5
irradiance,2016,802.4
irradiance,2016,798.3
irradiance,2016,794.2
irradiance,2016,790.1
irradiance,2016,786
irradiance,2016,781.9
irradiance,2016,777.7
irradiance,2016,773.6
irradiance,2016,769.5
irradiance,2016,765.4
irradiance,2016,761.3
irradiance,2016,757.2
irradiance,2016,753.1
irradiance,2016,748.9
irradiance,2016,744.8
irradiance,2016,740.7
irradiance,2016,736.6
irradiance,2016,732.5
irradiance,2016,728.4
irradiance,2016,724.3
irradiance,2016,720.1
irradiance,2016,716
irradiance,2016,711.9
irradiance,2016,707.8
irradiance,2016,703.7
irradiance,2016,699.6
irradiance,2016,695.5
irradiance,2016,691.3
irradiance,2016,687.2
irradiance,2016,683.1
irradiance,2016,679
irradiance,2016,674.9
irradiance,2016,670.8
irradiance,2016,666.7
irradiance,2016,662.5
irradiance,2016,658.4
irradiance,2016,654.3
irradiance,2016,650.2
irradiance,2016,646.1
irradiance,2016,642
irradiance,2016,637.9
irradiance,2016,633.7
irradiance,2016,629.6
irradiance,2016,625.5
irradiance,2016,621.4
irradiance,2016,617.3
irradiance,2016,613.2
irradiance,2016,609.1
irradiance,2016,605
irradiance,2016,600.8
irradiance,2016,596.7
irradiance,2016,592.6
irradiance,2016,588.5
irradiance,2016,584.4
irradiance,2016,580.3
irradiance,2016,576.2
irradiance,2016,572
irradiance,2016,567.9
irradiance,2016,563.8
irradiance,2016,559.7
irradiance,2016,555.6
irradiance,2016,551.5
irradiance,2016,547.4
irradiance,2016,543.2
irradiance,2016,539.1
irradiance,2016,535
irradiance,2016,530.9
irradiance,2016,526.8
irradiance,2016,522.7
irradiance,2016,518.6
irradiance,2016,514.4
irradiance,2016,510.3
irradiance,2016,506.2
irradiance,2016,502.1
irradiance,2016,498
irradiance,2016,493.9
irradiance,2016,489.8
irradiance,2016,485.6
irradiance,2016,481.5
irradiance,2016,477.4
irradiance,2016,473.3
irradiance,2016,469.2
irradiance,2016,465.1
irradiance,2016,461
irradiance,2016,456.8
irradiance,2016,452.7
irradiance,2016,448.6
irradiance,2016,444.5
irradiance,2016,440.4
irradiance,2016,436.3
irradiance,2016,432.2
irradiance,2016,428
irradiance,2016,423.9
irradiance,2016,419.8
irradiance,2016,415.7
irradiance,2016,411.6
irradiance,2016,407.5
irradiance,2016,403.4
irradiance,2016,399.2
irradiance,2016,395.1
irradiance,2016,391
irradiance,2016,386.9
irradiance,2016,382.8
irradiance,2016,378.7
irradiance,2016,374.6
irradiance,2016,370.4
irradiance,2016,366.3
irradiance,2016,362.2
irradiance,2016,358.1
irradiance,2016,354
irradiance,2016,349.9
irradiance,2016,345.8
irradiance,2016,341.6
irradiance,2016,337.5
irradiance,2016,333.4
irradiance,2016,329.3
irradiance,2016,325.2
irradiance,2016,321.1
irradiance,2016,317
irradiance,2016,312.8
irradiance,2016,308.7
irradiance,2016,304.6
irradiance,2016,300.5
irradiance,2016,296.4
irradiance,2016,292.3
irradiance,2016,288.2
irradiance,2016,284
irradiance,2016,279.9
irradiance,2016,275.8
irradiance,2016,271.7
irradiance,2016,267.6
irradiance,2016,263.5
irradiance,2016,259.4
irradiance,2016,255.2
irradiance,2016,251.1
irradiance,2016,247
irradiance,2016,242.9
irradiance,2016,238.8
irradiance,2016,234.7
irradiance,2016,230.6
irradiance,2016,226.4
irradiance,2016,222.3
irradiance,2016,218.2
irradiance,2016,214.1
irradiance,2016,210
irradiance,2016,205.9
irradiance,2016,201.8
irradiance,2016,197.6
irradiance,2016,193.5
irradiance,2016,189.4
irradiance,2016,185.3
irradiance,2016,181.2
irradiance,2016,177.1
irradiance,2016,173
irradiance,2016,-12.18
irradiance,2016,-16.29
irradiance,2016,-20.41
irradiance,2016,-24.52
irradiance,2016,-28.64
irradiance,2016,1930
irradiance,2016,1926
irradiance,2016,1921
irradiance,2016,1917
irradiance,2016,979.3
irradiance,2016,975.2
irradiance,2016,971.1
irradiance,2016,967
irradiance,2016,962.9
irradiance,2016,958.8
irradiance,2016,954.7
irradiance,2016,950.5
irradiance,2016,946.4
irradiance,2016,942.3
irradiance,2016,938.2
irradiance,2016,934.1
irradiance,2016,930
irradiance,2016,925.9
irradiance,2016,921.7
irradiance,2016,917.6
irradiance,2016,913.5
irradiance,2016,909.4
irradiance,2016,905.3
irradiance,2016,901.2
irradiance,2016,897.1
irradiance,2016,892.9
irradiance,2016,888.8
irradiance,2016,884.7
irradiance,2016,880.6
irradiance,2016,876.5
irradiance,2016,872.4
irradiance,2016,868.3
irradiance,2016,864.1
irradiance,2016,860
irradiance,2016,855.9
irradiance,2016,851.8
irradiance,2016,847.7
irradiance,2016,843.6
irradiance,2016,839.5
irradiance,2016,835.3
irradiance,2016,831.2
irradiance,2016,827.1
irradiance,2016,823
irradiance,2016,818.9
irradiance,2016,814.8
irradiance,2016,810.7
irradiance,2016,806.5
irradiance,2016,802.4
irradiance,2016,798.3
irradiance,2016,794.2
irradiance,2016,790.1
irradiance,2016,786
irradiance,2016,781.9
irradiance,2016,777.7
irradiance,2016,773.6
irradiance,2016,769.5
irradiance,2016,765.4
irradiance,2016,761.3
irradiance,2016,757.2
irradiance,2016,753.1
irradiance,2016,748.9
irradiance,2016,744.8
irradiance,2016,740.7
irradiance,2016,736.6
irradiance,2016,732.5
irradiance,2016,728.4
irradiance,2016,724.3
irradiance,2016,720.1
irradiance,2016,716
irradiance,2016,711.9
irradiance,2016,707.8
irradiance,2016,703.7
irradiance,2016,699.6
irradiance,2016,695.5
irradiance,2016,691.3
irradiance,2016,687.2
irradiance,2016,683.1
irradiance,2016,679
irradiance,2016,674.9
irradiance,2016,670.8
irradiance,2016,666.7
irradiance,2016,662.5
irradiance,2016,658.4
irradiance,2016,654.3
irradiance,2016,650.2
irradiance,2016,646.1
irradiance,2016,642
irradiance,2016,637.9
irradiance,2016,633.7
irradiance,2016,629.6
irradiance,2016,625.5
irradiance,2016,621.4
irradiance,2016,617.3
irradiance,2016,613.2
irradiance,2016,609.1
irradiance,2016,605
irradiance,2016,600.8
irradiance,2016,596.7
irradiance,2016,592.6
irradiance,2016,588.5
irradiance,2016,584.4
irradiance,2016,580.3
irradiance,2016,576.2
irradiance,2016,572
irradiance,2016,567.9
irradiance,2016,563.8
irradiance,2016,559.7
irradiance,2016,555.6
irradiance,2016,551.5
irradiance,2016,547.4
irradiance,2016,543.2
irradiance,2016,539.1
irradiance,2016,535
irradiance,2016,530.9
irradiance,2016,526.8
irradiance,2016,522.7
irradiance,2016,518.6
irradiance,2016,514.4
irradiance,2016,510.3
irradiance,2016,506.2
irradiance,2016,502.1
irradiance,2016,498
irradiance,2016,493.9
irradiance,2016,489.8
irradiance,2016,485.6
irradiance,2016,481.5
irradiance,2016,477.4
irradiance,2016,473.3
irradiance,2016,469.2
irradiance,2016,465.1
irradiance,2016,461
irradiance,2016,456.8
irradiance,2016,452.7
irradiance,2016,448.6
irradiance,2016,444.5
irradiance,2016,440.4
irradiance,2016,436.3
irradiance,2016,432.2
irradiance,2016,428
irradiance,2016,423.9
irradiance,2016,419.8
irradiance,2016,415.7
irradiance,2016,411.6
irradiance,2016,407.5
irradiance,2016,403.4
irradiance,2016,399.2
irradiance,2016,395.1
irradiance,2016,391
irradiance,2016,386.9
irradiance,2016,382.8
irradiance,2016,378.7
irradiance,2016,374.6
irradiance,2016,370.4
irradiance,2016,366.3
irradiance,2016,362.2
irradiance,2016,358.1
irradiance,2016,354
irradiance,2016,349.9
irradiance,2016,345.8
irradiance,2016,341.6
irradiance,2016,337.5
irradiance,2016,333.4
irradiance,2016,329.3
irradiance,2016,325.2
irradiance,2016,321.1
irradiance,2016,317
irradiance,2016,312.8
irradiance,2016,308.7
irradiance,2016,304.6
irradiance,2016,300.5
irradiance,2016,296.4
irradiance,2016,292.3
irradiance,2016,288.2
irradiance,2016,284
irradiance,2016,279.9
irradiance,2016,275.8
irradiance,2016,271.7
irradiance,2016,267.6
irradiance,2016,263.5
irradiance,2016,259.4
irradiance,2016,255.2
irradiance,2016,251.1
irradiance,2016,247
irradiance,2016,242.9
irradiance,2016,238.8
irradiance,2016,234.7
irradiance,2016,230.6
irradiance,2016,226.4
irradiance,2016,222.3
irradiance,2016,218.2
irradiance,2016,214.1
irradiance,2016,210
irradiance,2016,205.9
irradiance,2016,201.8
irradiance,2016,197.6
irradiance,2016,193.5
irradiance,2016,189.4
irradiance,2016,185.3
irradiance,2016,181.2
irradiance,2016,177.1
irradiance,2016,173
irradiance,2016,168.8
irradiance,2016,164.7
irradiance,2016,160.6
irradiance,2016,156.5
irradiance,2016,152.4
irradiance,2016,148.3
irradiance,2016,144.2
irradiance,2016,140
irradiance,2016,135.9
irradiance,2016,131.8
irradiance,2016,127.7
irradiance,2016,123.6
irradiance,2016,119.5
irradiance,2016,115.4
irradiance,2016,111.2
irradiance,2016,107.1
irradiance,2016,103
irradiance,2016,98.9
irradiance,2016,94.79
irradiance,2016,90.68
irradiance,2016,86.56
irradiance,2016,82.45
irradiance,2016,78.33
irradiance,2016,-12.18
irradiance,2016,-16.29
irradiance,2016,-20.41
irradiance,2016,-24.52
irradiance,2016,-28.64
irradiance,2016,1930
irradiance,2016,1926
irradiance,2016,1921
irradiance,2016,1917
irradiance,2016,946.4
irradiance,2016,942.3
irradiance,2016,938.2
irradiance,2016,934.1
irradiance,2016,884.7
irradiance,2016,880.6
irradiance,2016,876.5
irradiance,2016,872.4
irradiance,2016,868.3
irradiance,2016,864.1
irradiance,2016,860
irradiance,2016,855.9
irradiance,2016,851.8
irradiance,2016,847.7
irradiance,2016,843.6
irradiance,2016,839.5
irradiance,2016,835.3
irradiance,2016,831.2
irradiance,2016,827.1
irradiance,2016,823
irradiance,2016,818.9
irradiance,2016,814.8
irradiance,2016,810.7
irradiance,2016,806.5
irradiance,2016,802.4
irradiance,2016,798.3
irradiance,2016,794.2
irradiance,2016,790.1
irradiance,2016,786
irradiance,2016,781.9
irradiance,2016,777.7
irradiance,2016,773.6
irradiance,2016,769.5
irradiance,2016,765.4
irradiance,2016,761.3
irradiance,2016,757.2
irradiance,2016,753.1
irradiance,2016,748.9
irradiance,2016,744.8
irradiance,2016,740.7
irradiance,2016,736.6
irradiance,2016,732.5
irradiance,2016,728.4
irradiance,2016,724.3
irradiance,2016,720.1
irradiance,2016,716
irradiance,2016,711.9
irradiance,2016,707.8
irradiance,2016,703.7
irradiance,2016,699.6
irradiance,2016,695.5
irradiance,2016,691.3
irradiance,2016,687.2
irradiance,2016,683.1
irradiance,2016,679
irradiance,2016,674.9
irradiance,2016,670.8
irradiance,2016,666.7
irradiance,2016,662.5
irradiance,2016,658.4
irradiance,2016,654.3
irradiance,2016,650.2
irradiance,2016,646.1
irradiance,2016,642
irradiance,2016,637.9
irradiance,2016,633.7
irradiance,2016,629.6
irradiance,2016,625.5
irradiance,2016,621.4
irradiance,2016,617.3
irradiance,2016,613.2
irradiance,2016,609.1
irradiance,2016,605
irradiance,2016,600.8
irradiance,2016,596.7
irradiance,2016,592.6
irradiance,2016,588.5
irradiance,2016,584.4
irradiance,2016,580.3
irradiance,2016,576.2
irradiance,2016,572
irradiance,2016,567.9
irradiance,2016,563.8
irradiance,2016,559.7
irradiance,2016,555.6
irradiance,2016,551.5
irradiance,2016,547.4
irradiance,2016,543.2
irradiance,2016,539.1
irradiance,2016,535
irradiance,2016,530.9
irradiance,2016,526.8
irradiance,2016,522.7
irradiance,2016,518.6
irradiance,2016,514.4
irradiance,2016,510.3
irradiance,2016,506.2
irradiance,2016,502.1
irradiance,2016,498
irradiance,2016,493.9
irradiance,2016,489.8
irradiance,2016,485.6
irradiance,2016,481.5
irradiance,2016,477.4
irradiance,2016,473.3
irradiance,2016,469.2
irradiance,2016,465.1
irradiance,2016,461
irradiance,2016,456.8
irradiance,2016,452.7
irradiance,2016,448.6
irradiance,2016,444.5
irradiance,2016,440.4
irradiance,2016,436.3
irradiance,2016,432.2
irradiance,2016,428
irradiance,2016,423.9
irradiance,2016,419.8
irradiance,2016,415.7
irradiance,2016,411.6
irradiance,2016,407.5
irradiance,2016,403.4
irradiance,2016,399.2
irradiance,2016,395.1
irradiance,2016,391
irradiance,2016,386.9
irradiance,2016,382.8
irradiance,2016,378.7
irradiance,2016,374.6
irradiance,2016,370.4
irradiance,2016,366.3
irradiance,2016,362.2
irradiance,2016,358.1
irradiance,2016,354
irradiance,2016,349.9
irradiance,2016,345.8
irradiance,2016,341.6
irradiance,2016,337.5
irradiance,2016,333.4
irradiance,2016,329.3
irradiance,2016,325.2
irradiance,2016,321.1
irradiance,2016,317
irradiance,2016,312.8
irradiance,2016,308.7
irradiance,2016,304.6
irradiance,2016,300.5
irradiance,2016,296.4
irradiance,2016,292.3
irradiance,2016,288.2
irradiance,2016,284
irradiance,2016,279.9
irradiance,2016,275.8
irradiance,2016,271.7
irradiance,2016,267.6
irradiance,2016,263.5
irradiance,2016,259.4
irradiance,2016,255.2
irradiance,2016,251.1
irradiance,2016,247
irradiance,2016,242.9
irradiance,2016,238.8
irradiance,2016,234.7
irradiance,2016,230.6
irradiance,2016,226.4
irradiance,2016,222.3
irradiance,2016,218.2
irradiance,2016,214.1
irradiance,2016,210
irradiance,2016,205.9
irradiance,2016,201.8
irradiance,2016,197.6
irradiance,2016,193.5
irradiance,2016,189.4
irradiance,2016,185.3
irradiance,2016,181.2
irradiance,2016,177.1
irradiance,2016,173
irradiance,2016,168.8
irradiance,2016,164.7
irradiance,2016,160.6
irradiance,2016,156.5
irradiance,2016,152.4
irradiance,2016,148.3
irradiance,2016,144.2
irradiance,2016,140
irradiance,2016,135.9
irradiance,2016,131.8
irradiance,2016,127.7
irradiance,2016,123.6
irradiance,2016,119.5
irradiance,2016,115.4
irradiance,2016,111.2
irradiance,2016,107.1
irradiance,2016,103
irradiance,2016,98.9
irradiance,2016,94.79
irradiance,2016,90.68
irradiance,2016,86.56
irradiance,2016,82.45
irradiance,2016,78.33
irradiance,2016,74.22
irradiance,2016,70.1
irradiance,2016,65.99
irradiance,2016,61.88
irradiance,2016,57.76
irradiance,2016,53.65
irradiance,2016,49.53
irradiance,2016,45.42
irradiance,2016,41.3
irradiance,2016,37.19
irradiance,2016,33.08
irradiance,2016,28.96
irradiance,2016,24.85
irradiance,2016,20.73
irradiance,2016,16.62
irradiance,2016,12.51
irradiance,2016,8.391
irradiance,2016,4.277
irradiance,2016,0.1627
irradiance,2016,-3.952
irradiance,2016,-8.066
irradiance,2016,-12.18
irradiance,2016,-16.29
irradiance,2016,-20.41
irradiance,2016,-24.52
irradiance,2016,-28.64
irradiance,2016,1930
irradiance,2016,1926
irradiance,2016,1921
irradiance,2016,1917
irradiance,2016,946.4
irradiance,2016,942.3
irradiance,2016,938.2
irradiance,2016,934.1
irradiance,2016,790.1
irradiance,2016,786
irradiance,2016,781.9
irradiance,2016,777.7
irradiance,2016,773.6
irradiance,2016,769.5
irradiance,2016,765.4
irradiance,2016,761.3
irradiance,2016,757.2
irradiance,2016,753.1
irradiance,2016,748.9
irradiance,2016,744.8
irradiance,2016,740.7
irradiance,2016,736.6
irradiance,2016,732.5
irradiance,2016,728.4
irradiance,2016,724.3
irradiance,2016,720.1
irradiance,2016,716
irradiance,2016,711.9
irradiance,2016,707.8
irradiance,2016,703.7
irradiance,2016,699.6
irradiance,2016,695.5
irradiance,2016,691.3
irradiance,2016,687.2
irradiance,2016,683.1
irradiance,2016,679
irradiance,2016,674.9
irradiance,2016,670.8
irradiance,2016,666.7
irradiance,2016,662.5
irradiance,2016,658.4
irradiance,2016,654.3
irradiance,2016,650.2
irradiance,2016,646.1
irradiance,2016,642
irradiance,2016,637.9
irradiance,2016,633.7
irradiance,2016,629.6
irradiance,2016,625.5
irradiance,2016,621.4
irradiance,2016,617.3
irradiance,2016,613.2
irradiance,2016,609.1
irradiance,2016,605
irradiance,2016,600.8
irradiance,2016,596.7
irradiance,2016,592.6
irradiance,2016,588.5
irradiance,2016,584.4
irradiance,2016,580.3
irradiance,2016,576.2
irradiance,2016,572
irradiance,2016,567.9
irradiance,2016,563.8
irradiance,2016,559.7
irradiance,2016,555.6
irradiance,2016,551.5
irradiance,2016,547.4
irradiance,2016,543.2
irradiance,2016,539.1
irradiance,2016,535
irradiance,2016,530.9
irradiance,2016,526.8
irradiance,2016,522.7
irradiance,2016,518.6
irradiance,2016,514.4
irradiance,2016,510.3
irradiance,2016,506.2
irradiance,2016,502.1
irradiance,2016,498
irradiance,2016,493.9
irradiance,2016,489.8
irradiance,2016,485.6
irradiance,2016,481.5
irradiance,2016,477.4
irradiance,2016,473.3
irradiance,2016,469.2
irradiance,2016,465.1
irradiance,2016,461
irradiance,2016,456.8
irradiance,2016,452.7
irradiance,2016,448.6
irradiance,2016,444.5
irradiance,2016,440.4
irradiance,2016,436.3
irradiance,2016,432.2
irradiance,2016,428
irradiance,2016,423.9
irradiance,2016,419.8
irradiance,2016,415.7
irradiance,2016,411.6
irradiance,2016,407.5
irradiance,2016,403.4
irradiance,2016,399.2
irradiance,2016,395.1
irradiance,2016,391
irradiance,2016,386.9
irradiance,2016,382.8
irradiance,2016,378.7
irradiance,2016,374.6
irradiance,2016,370.4
irradiance,2016,366.3
irradiance,2016,362.2
irradiance,2016,358.1
irradiance,2016,354
irradiance,2016,349.9
irradiance,2016,345.8
irradiance,2016,341.6
irradiance,2016,337.5
irradiance,2016,333.4
irradiance,2016,329.3
irradiance,2016,325.2
irradiance,2016,321.1
irradiance,2016,317
irradiance,2016,312.8
irradiance,2016,308.7
irradiance,2016,304.6
irradiance,2016,300.5
irradiance,2016,296.4
irradiance,2016,292.3
irradiance,2016,288.2
irradiance,2016,284
irradiance,2016,279.9
irradiance,2016,275.8
irradiance,2016,271.7
irradiance,2016,267.6
irradiance,2016,263.5
irradiance,2016,259.4
irradiance,2016,255.2
irradiance,2016,251.1
irradiance,2016,247
irradiance,2016,242.9
irradiance,2016,238.8
irradiance,2016,234.7
irradiance,2016,230.6
irradiance,2016,226.4
irradiance,2016,222.3
irradiance,2016,218.2
irradiance,2016,214.1
irradiance,2016,210
irradiance,2016,205.9
irradiance,2016,201.8
irradiance,2016,197.6
irradiance,2016,193.5
irradiance,2016,189.4
irradiance,2016,185.3
irradiance,2016,181.2
irradiance,2016,177.1
irradiance,2016,173
irradiance,2016,168.8
irradiance,2016,164.7
irradiance,2016,160.6
irradiance,2016,156.5
irradiance,2016,152.4
irradiance,2016,148.3
irradiance,2016,144.2
irradiance,2016,140
irradiance,2016,135.9
irradiance,2016,131.8
irradiance,2016,127.7
irradiance,2016,123.6
irradiance,2016,119.5
irradiance,2016,115.4
irradiance,2016,111.2
irradiance,2016,107.1
irradiance,2016,103
irradiance,2016,98.9
irradiance,2016,94.79
irradiance,2016,90.68
irradiance,2016,86.56
irradiance,2016,82.45
irradiance,2016,78.33
irradiance,2016,74.22
irradiance,2016,70.1
irradiance,2016,65.99
irradiance,2016,61.88
irradiance,2016,57.76
irradiance,2016,53.65
irradiance,2016,49.53
irradiance,2016,45.42
irradiance,2016,41.3
irradiance,2016,37.19
irradiance,2016,33.08
irradiance,2016,28.96
irradiance,2016,24.85
irradiance,2016,20.73
irradiance,2016,16.62
irradiance,2016,12.51
irradiance,2016,8.391
irradiance,2016,4.277
irradiance,2016,0.1627
irradiance,2016,-3.952
irradiance,2016,-8.066
irradiance,2016,-12.18
irradiance,2016,-16.29
irradiance,2016,-20.41
irradiance,2016,-24.52
irradiance,2016,-28.64
irradiance,2016,1930
irradiance,2016,1926
irradiance,2016,1921
irradiance,2016,1917
irradiance,2016,946.4
irradiance,2016,942.3
irradiance,2016,938.2
irradiance,2016,934.1
irradiance,2016,695.5
irradiance,2016,691.3
irradiance,2016,687.2
irradiance,2016,683.1
irradiance,2016,679
irradiance,2016,674.9
irradiance,2016,670.8
irradiance,2016,666.7
irradiance,2016,662.5
irradiance,2016,658.4
irradiance,2016,654.3
irradiance,2016,650.2
irradiance,2016,646.1
irradiance,2016,642
irradiance,2016,637.9
irradiance,2016,633.7
irradiance,2016,629.6
irradiance,2016,625.5
irradiance,2016,621.4
irradiance,2016,617.3
irradiance,2016,613.2
irradiance,2016,609.1
irradiance,2016,605
irradiance,2016,600.8
irradiance,2016,596.7
irradiance,2016,592.6
irradiance,2016,588.5
irradiance,2016,584.4
irradiance,2016,580.3
irradiance,2016,576.2
irradiance,2016,572
irradiance,2016,567.9
irradiance,2016,563.8
irradiance,2016,559.7
irradiance,2016,555.6
irradiance,2016,551.5
irradiance,2016,547.4
irradiance,2016,543.2
irradiance,2016,539.1
irradiance,2016,535
irradiance,2016,530.9
irradiance,2016,526.8
irradiance,2016,522.7
irradiance,2016,518.6
irradiance,2016,514.4
irradiance,2016,510.3
irradiance,2016,506.2
irradiance,2016,502.1
irradiance,2016,498
irradiance,2016,493.9
irradiance,2016,489.8
irradiance,2016,485.6
irradiance,2016,481.5
irradiance,2016,477.4
irradiance,2016,473.3
irradiance,2016,469.2
irradiance,2016,465.1
irradiance,2016,461
irradiance,2016,456.8
irradiance,2016,452.7
irradiance,2016,448.6
irradiance,2016,444.5
irradiance,2016,440.4
irradiance,2016,436.3
irradiance,2016,432.2
irradiance,2016,428
irradiance,2016,423.9
irradiance,2016,419.8
irradiance,2016,415.7
irradiance,2016,411.6
irradiance,2016,407.5
irradiance,2016,403.4
irradiance,2016,399.2
irradiance,2016,395.1
irradiance,2016,391
irradiance,2016,386.9
irradiance,2016,382.8
irradiance,2016,378.7
irradiance,2016,374.6
irradiance,2016,370.4
irradiance,2016,366.3
irradiance,2016,362.2
irradiance,2016,358.1
irradiance,2016,354
irradiance,2016,349.9
irradiance,2016,345.8
irradiance,2016,341.6
irradiance,2016,337.5
irradiance,2016,333.4
irradiance,2016,329.3
irradiance,2016,325.2
irradiance,2016,321.1
irradiance,2016,317
irradiance,2016,312.8
irradiance,2016,308.7
irradiance,2016,304.6
irradiance,2016,300.5
irradiance,2016,296.4
irradiance,2016,292.3
irradiance,2016,288.2
irradiance,2016,284
irradiance,2016,279.9
irradiance,2016,275.8
irradiance,2016,271.7
irradiance,2016,267.6
irradiance,2016,263.5
irradiance,2016,259.4
irradiance,2016,255.2
irradiance,2016,251.1
irradiance,2016,247
irradiance,2016,242.9
irradiance,2016,238.8
irradiance,2016,234.7
irradiance,2016,230.6
irradiance,2016,226.4
irradiance,2016,222.3
irradiance,2016,218.2
irradiance,2016,214.1
irradiance,2016,210
irradiance,2016,205.9
irradiance,2016,201.8
irradiance,2016,197.6
irradiance,2016,193.5
irradiance,2016,189.4
irradiance,2016,185.3
irradiance,2016,181.2
irradiance,2016,177.1
irradiance,2016,173
irradiance,2016,168.8
irradiance,2016,164.7
irradiance,2016,160.6
irradiance,2016,156.5
irradiance,2016,152.4
irradiance,2016,148.3
irradiance,2016,144.2
irradiance,2016,140
irradiance,2016,135.9
irradiance,2016,131.8
irradiance,2016,127.7
irradiance,2016,123.6
irradiance,2016,119.5
irradiance,2016,115.4
irradiance,2016,111.2
irradiance,2016,107.1
irradiance,2016,103
irradiance,2016,98.9
irradiance,2016,94.79
irradiance,2016,90.68
irradiance,2016,86.56
irradiance,2016,82.45
irradiance,2016,78.33
irradiance,2016,74.22
irradiance,2016,70.1
irradiance,2016,65.99
irradiance,2016,61.88
irradiance,2016,57.76
irradiance,2016,53.65
irradiance,2016,49.53
irradiance,2016,45.42
irradiance,2016,41.3
irradiance,2016,37.19
irradiance,2016,33.08
irradiance,2016,28.96
irradiance,2016,24.85
irradiance,2016,20.73
irradiance,2016,16.62
irradiance,2016,12.51
irradiance,2016,8.391
irradiance,2016,4.277
irradiance,2016,0.1627
irradiance,2016,-3.952
irradiance,2016,-8.066
irradiance,2016,-12.18
irradiance,2016,-16.29
irradiance,2016,-20.41
irradiance,2016,-24.52
irradiance,2016,-28.64
irradiance,2016,1930
irradiance,2016,1926
irradiance,2016,1921
irradiance,2016,1917
irradiance,2016,946.4
irradiance,2016,942.3
irradiance,2016,938.2
irradiance,2016,934.1
irradiance,2016,600.8
irradiance,2016,596.7
irradiance,2016,592.6
irradiance,2016,588.5
irradiance,2016,584.4
irradiance,2016,580.3
irradiance,2016,576.2
irradiance,2016,572
irradiance,2016,567.9
irradiance,2016,563.8
irradiance,2016,559.7
irradiance,2016,555.6
irradiance,2016,551.5
irradiance,2016,547.4
irradiance,2016,543.2
irradiance,2016,539.1
irradiance,2016,535
irradiance,2016,530.9
irradiance,2016,526.8
irradiance,2016,522.7
irradiance,2016,518.6
irradiance,2016,514.4
irradiance,2016,510.3
irradiance,2016,506.2
irradiance,2016,502.1
irradiance,2016,498
irradiance,2016,493.9
irradiance,2016,489.8
irradiance,2016,485.6
irradiance,2016,481.5
irradiance,2016,477.4
irradiance,2016,473.3
irradiance,2016,469.2
irradiance,2016,465.1
irradiance,2016,461
irradiance,2016,456.8
irradiance,2016,452.7
irradiance,2016,448.6
irradiance,2016,444.5
irradiance,2016,440.4
irradiance,2016,436.3
irradiance,2016,432.2
irradiance,2016,428
irradiance,2016,423.9
irradiance,2016,419.8
irradiance,2016,415.7
irradiance,2016,411.6
irradiance,2016,407.5
irradiance,2016,403.4
irradiance,2016,399.2
irradiance,2016,395.1
irradiance,2016,391
irradiance,2016,386.9
irradiance,2016,382.8
irradiance,2016,378.7
irradiance,2016,374.6
irradiance,2016,370.4
irradiance,2016,366.3
irradiance,2016,362.2
irradiance,2016,358.1
irradiance,2016,354
irradiance,2016,349.9
irradiance,2016,345.8
irradiance,2016,341.6
irradiance,2016,337.5
irradiance,2016,333.4
irradiance,2016,329.3
irradiance,2016,325.2
irradiance,2016,321.1
irradiance,2016,317
irradiance,2016,312.8
irradiance,2016,308.7
irradiance,2016,304.6
irradiance,2016,300.5
irradiance,2016,296.4
irradiance,2016,292.3
irradiance,2016,288.2
irradiance,2016,284
irradiance,2016,279.9
irradiance,2016,275.8
irradiance,2016,271.7
irradiance,2016,267.6
irradiance,2016,263.5
irradiance,2016,259.4
irradiance,2016,255.2
irradiance,2016,251.1
irradiance,2016,247
irradiance,2016,242.9
irradiance,2016,238.8
irradiance,2016,234.7
irradiance,2016,230.6
irradiance,2016,226.4
irradiance,2016,222.3
irradiance,2016,218.2
irradiance,2016,214.1
irradiance,2016,210
irradiance,2016,205.9
irradiance,2016,201.8
irradiance,2016,197.6
irradiance,2016,193.5
irradiance,2016,189.4
irradiance,2016,185.3
irradiance,2016,181.2
irradiance,2016,177.1
irradiance,2016,173
irradiance,2016,168.8
irradiance,2016,164.7
irradiance,2016,160.6
irradiance,2016,156.5
irradiance,2016,152.4
irradiance,2016,148.3
irradiance,2016,144.2
irradiance,2016,140
irradiance,2016,135.9
irradiance,2016,131.8
irradiance,2016,127.7
irradiance,2016,123.6
irradiance,2016,119.5
irradiance,2016,115.4
irradiance,2016,111.2
irradiance,2016,107.1
irradiance,2016,103
irradiance,2016,98.9
irradiance,2016,94.79
irradiance,2016,90.68
irradiance,2016,86.56
irradiance,2016,82.45
irradiance,2016,78.33
irradiance,2016,74.22
irradiance,2016,70.1
irradiance,2016,65.99
irradiance,2016,61.88
irradiance,2016,57.76
irradiance,2016,53.65
irradiance,2016,49.53
irradiance,2016,45.42
irradiance,2016,41.3
irradiance,2016,37.19
irradiance,2016,33.08
irradiance,2016,28.96
irradiance,2016,24.85
irradiance,2016,20.73
irradiance,2016,16.62
irradiance,2016,12.51
irradiance,2016,8.391
irradiance,2016,4.277
irradiance,2016,0.1627
irradiance,2016,-3.952
irradiance,2016,-8.066
irradiance,2016,-12.18
irradiance,2016,-16.29
irradiance,2016,-20.41
irradiance,2016,-24.52
irradiance,2016,-28.64
irradiance,2016,1930
irradiance,2016,1926
irradiance,2016,1921
irradiance,2016,1917
irradiance,2016,946.4
irradiance,2016,942.3
irradiance,2016,938.2
irradiance,2016,934.1
irradiance,2016,506.2
irradiance,2016,502.1
irradiance,2016,498
irradiance,2016,493.9
irradiance,2016,489.8
irradiance,2016,485.6
irradiance,2016,481.5
irradiance,2016,477.4
irradiance,2016,473.3
irradiance,2016,469.2
irradiance,2016,465.1
irradiance,2016,461
irradiance,2016,456.8
irradiance,2016,452.7
irradiance,2016,448.6
irradiance,2016,444.5
irradiance,2016,440.4
irradiance,2016,436.3
irradiance,2016,432.2
irradiance,2016,428
irradiance,2016,423.9
irradiance,2016,419.8
irradiance,2016,415.7
irradiance,2016,411.6
irradiance,2016,407.5
irradiance,2016,403.4
irradiance,2016,399.2
irradiance,2016,395.1
irradiance,2016,391
irradiance,2016,386.9
irradiance,2016,382.8
irradiance,2016,378.7
irradiance,2016,374.6
irradiance,2016,370.4
irradiance,2016,366.3
irradiance,2016,362.2
irradiance,2016,358.1
irradiance,2016,354
irradiance,2016,349.9
irradiance,2016,345.8
irradiance,2016,341.6
irradiance,2016,337.5
irradiance,2016,333.4
irradiance,2016,329.3
irradiance,2016,325.2
irradiance,2016,321.1
irradiance,2016,317
irradiance,2016,312.8
irradiance,2016,308.7
irradiance,2016,304.6
irradiance,2016,300.5
irradiance,2016,296.4
irradiance,2016,292.3
irradiance,2016,288.2
irradiance,2016,284
irradiance,2016,279.9
irradiance,2016,275.8
irradiance,2016,271.7
irradiance,2016,267.6
irradiance,2016,263.5
irradiance,2016,259.4
irradiance,2016,255.2
irradiance,2016,251.1
irradiance,2016,247
irradiance,2016,242.9
irradiance,2016,238.8
irradiance,2016,234.7
irradiance,2016,230.6
irradiance,2016,226.4
irradiance,2016,222.3
irradiance,2016,218.2
irradiance,2016,214.1
irradiance,2016,210
irradiance,2016,205.9
irradiance,2016,201.8
irradiance,2016,197.6
irradiance,2016,193.5
irradiance,2016,189.4
irradiance,2016,185.3
irradiance,2016,181.2
irradiance,2016,177.1
irradiance,2016,173
irradiance,2016,168.8
irradiance,2016,164.7
irradiance,2016,160.6
irradiance,2016,156.5
irradiance,2016,152.4
irradiance,2016,148.3
irradiance,2016,144.2
irradiance,2016,140
irradiance,2016,135.9
irradiance,2016,131.8
irradiance,2016,127.7
irradiance,2016,123.6
irradiance,2016,119.5
irradiance,2016,115.4
irradiance,2016,111.2
irradiance,2016,107.1
irradiance,2016,103
irradiance,2016,98.9
irradiance,2016,94.79
irradiance,2016,90.68
irradiance,2016,86.56
irradiance,2016,82.45
irradiance,2016,78.33
irradiance,2016,74.22
irradiance,2016,70.1
irradiance,2016,65.99
irradiance,2016,61.88
irradiance,2016,57.76
irradiance,2016,53.65
irradiance,2016,49.53
irradiance,2016,45.42
irradiance,2016,41.3
irradiance,2016,37.19
irradiance,2016,33.08
irradiance,2016,28.96
irradiance,2016,24.85
irradiance,2016,20.73
irradiance,2016,16.62
irradiance,2016,12.51
irradiance,2016,8.391
irradiance,2016,4.277
irradiance,2016,0.1627
irradiance,2016,-3.952
irradiance,2016,-8.066
irradiance,2016,-12.18
irradiance,2016,-16.29
irradiance,2016,-20.41
irradiance,2016,-24.52
irradiance,2016,-28.64
irradiance,2016,1930
irradiance,2016,1926
irradiance,2016,1921
irradiance,2016,1917
irradiance,2016,946.4
irradiance,2016,942.3
irradiance,2016,938.2
irradiance,2016,934.1
irradiance,2016,411.6
irradiance,2016,407.5
irradiance,2016,403.4
irradiance,2016,399.2
irradiance,2016,395.1
irradiance,2016,391
irradiance,2016,386.9
irradiance,2016,382.8
irradiance,2016,378.7
irradiance,2016,374.6
irradiance,2016,370.4
irradiance,2016,366.3
irradiance,2016,362.2
irradiance,2016,358.1
irradiance,2016,354
irradiance,2016,349.9
irradiance,2016,345.8
irradiance,2016,341.6
irradiance,2016,337.5
irradiance,2016,333.4
irradiance,2016,329.3
irradiance,2016,325.2
irradiance,2016,321.1
irradiance,2016,317
irradiance,2016,312.8
irradiance,2016,308.7
irradiance,2016,304.6
irradiance,2016,300.5
irradiance,2016,296.4
irradiance,2016,292.3
irradiance,2016,288.2
irradiance,2016,284
irradiance,2016,279.9
irradiance,2016,275.8
irradiance,2016,271.7
irradiance,2016,267.6
irradiance,2016,263.5
irradiance,2016,259.4
irradiance,2016,255.2
irradiance,2016,251.1
irradiance,2016,247
irradiance,2016,242.9
irradiance,2016,238.8
irradiance,2016,234.7
irradiance,2016,230.6
irradiance,2016,226.4
irradiance,2016,222.3
irradiance,2016,218.2
irradiance,2016,214.1
irradiance,2016,210
irradiance,2016,205.9
irradiance,2016,201.8
irradiance,2016,197.6
irradiance,2016,193.5
irradiance,2016,189.4
irradiance,2016,185.3
irradiance,2016,181.2
irradiance,2016,177.1
irradiance,2016,173
irradiance,2016,168.8
irradiance,2016,164.7
irradiance,2016,160.6
irradiance,2016,156.5
irradiance,2016,152.4
irradiance,2016,148.3
irradiance,2016,144.2
irradiance,2016,140
irradiance,2016,135.9
irradiance,2016,131.8
irradiance,2016,127.7
irradiance,2016,123.6
irradiance,2016,119.5
irradiance,2016,115.4
irradiance,2016,111.2
irradiance,2016,107.1
irradiance,2016,103
irradiance,2016,98.9
irradiance,2016,94.79
irradiance,2016,90.68
irradiance,2016,86.56
irradiance,2016,82.45
irradiance,2016,78.33
irradiance,2016,74.22
irradiance,2016,70.1
irradiance,2016,65.99
irradiance,2016,61.88
irradiance,2016,57.76
irradiance,2016,53.65
irradiance,2016,49.53
irradiance,2016,45.42
irradiance,2016,41.3
irradiance,2016,37.19
irradiance,2016,33.08
irradiance,2016,28.96
irradiance,2016,24.85
irradiance,2016,20.73
irradiance,2016,16.62
irradiance,2016,12.51
irradiance,2016,8.391
irradiance,2016,4.277
irradiance,2016,0.1627
irradiance,2016,-3.952
irradiance,2016,-8.066
irradiance,2016,-12.18
irradiance,2016,-16.29
irradiance,2016,-20.41
irradiance,2016,-24.52
irradiance,2016,-28.64
irradiance,2016,1930
irradiance,2016,1926
irradiance,2016,1921
irradiance,2016,1917
irradiance,2016,946.4
irradiance,2016,942.3
irradiance,2016,938.2
irradiance,2016,934.1
irradiance,2016,317
irradiance,2016,312.8
irradiance,2016,308.7
irradiance,2016,304.6
irradiance,2016,300.5
irradiance,2016,296.4
irradiance,2016,292.3
irradiance,2016,288.2
irradiance,2016,284
irradiance,2016,279.9
irradiance,2016,275.8
irradiance,2016,271.7
irradiance,2016,267.6
irradiance,2016,263.5
irradiance,2016,259.4
irradiance,2016,255.2
irradiance,2016,251.1
irradiance,2016,247
irradiance,2016,242.9
irradiance,2016,238.8
irradiance,2016,234.7
irradiance,2016,230.6
irradiance,2016,226.4
irradiance,2016,222.3
irradiance,2016,218.2
irradiance,2016,214.1
irradiance,2016,210
irradiance,2016,205.9
irradiance,2016,201.8
irradiance,2016,197.6
irradiance,2016,193.5
irradiance,2016,189.4
irradiance,2016,185.3
irradiance,2016,181.2
irradiance,2016,177.1
irradiance,2016,173
irradiance,2016,168.8
irradiance,2016,164.7
irradiance,2016,160.6
irradiance,2016,156.5
irradiance,2016,152.4
irradiance,2016,148.3
irradiance,2016,144.2
irradiance,2016,140
irradiance,2016,135.9
irradiance,2016,131.8
irradiance,2016,127.7
irradiance,2016,123.6
irradiance,2016,119.5
irradiance,2016,115.4
irradiance,2016,111.2
irradiance,2016,107.1
irradiance,2016,103
irradiance,2016,98.9
irradiance,2016,94.79
irradiance,2016,90.68
irradiance,2016,86.56
irradiance,2016,82.45
irradiance,2016,78.33
irradiance,2016,74.22
irradiance,2016,70.1
irradiance,2016,65.99
irradiance,2016,61.88
irradiance,2016,57.76
irradiance,2016,53.65
irradiance,2016,49.53
irradiance,2016,45.42
irradiance,2016,41.3
irradiance,2016,37.19
irradiance,2016,33.08
irradiance,2016,28.96
irradiance,2016,24.85
irradiance,2016,20.73
irradiance,2016,16.62
irradiance,2016,12.51
irradiance,2016,8.391
irradiance,2016,4.277
irradiance,2016,0.1627
irradiance,2016,-3.952
irradiance,2016,-8.066
irradiance,2016,-12.18
irradiance,2016,-16.29
irradiance,2016,-20.41
irradiance,2016,-24.52
irradiance,2016,-28.64
irradiance,2016,1930
irradiance,2016,1926
irradiance,2016,1921
irradiance,2016,1917
irradiance,2016,946.4
irradiance,2016,942.3
irradiance,2016,938.2
irradiance,2016,934.1
irradiance,2016,222.3
irradiance,2016,218.2
irradiance,2016,214.1
irradiance,2016,210
irradiance,2016,205.9
irradiance,2016,201.8
irradiance,2016,197.6
irradiance,2016,193.5
irradiance,2016,189.4
irradiance,2016,185.3
irradiance,2016,181.2
irradiance,2016,177.1
irradiance,2016,173
irradiance,2016,168.8
irradiance,2016,164.7
irradiance,2016,160.6
irradiance,2016,156.5
irradiance,2016,152.4
irradiance,2016,148.3
irradiance,2016,144.2
irradiance,2016,140
irradiance,2016,135.9
irradiance,2016,131.8
irradiance,2016,127.7
irradiance,2016,123.6
irradiance,2016,119.5
irradiance,2016,115.4
irradiance,2016,111.2
irradiance,2016,107.1
irradiance,2016,103
irradiance,2016,98.9
irradiance,2016,94.79
irradiance,2016,90.68
irradiance,2016,86.56
irradiance,2016,82.45
irradiance,2016,78.33
irradiance,2016,74.22
irradiance,2016,70.1
irradiance,2016,65.99
irradiance,2016,61.88
irradiance,2016,57.76
irradiance,2016,53.65
irradiance,2016,49.53
irradiance,2016,45.42
irradiance,2016,41.3
irradiance,2016,37.19
irradiance,2016,33.08
irradiance,2016,28.96
irradiance,2016,24.85
irradiance,2016,20.73
irradiance,2016,16.62
irradiance,2016,12.51
irradiance,2016,8.391
irradiance,2016,4.277
irradiance,2016,0.1627
irradiance,2016,-3.952
irradiance,2016,-8.066
irradiance,2016,-12.18
irradiance,2016,-16.29
irradiance,2016,-20.41
irradiance,2016,-24.52
irradiance,2016,-28.64
irradiance,2016,1930
irradiance,2016,1926
irradiance,2016,1921
irradiance,2016,1917
irradiance,2016,946.4
irradiance,2016,942.3
irradiance,2016,938.2
irradiance,2016,934.1
irradiance,2016,127.7
irradiance,2016,123.6
irradiance,2016,119.5
irradiance,2016,115.4
irradiance,2016,111.2
irradiance,2016,107.1
irradiance,2016,103
irradiance,2016,98.9
irradiance,2016,94.79
irradiance,2016,90.68
irradiance,2016,86.56
irradiance,2016,82.45
irradiance,2016,78.33
irradiance,2016,74.22
irradiance,2016,70.1
irradiance,2016,65.99
irradiance,2016,61.88
irradiance,2016,57.76
irradiance,2016,53.65
irradiance,2016,49.53
irradiance,2016,45.42
irradiance,2016,41.3
irradiance,2016,37.19
irradiance,2016,33.08
irradiance,2016,28.96
irradiance,2016,24.85
irradiance,2016,20.73
irradiance,2016,16.62
irradiance,2016,12.51
irradiance,2016,8.391
irradiance,2016,4.277
irradiance,2016,0.1627
irradiance,2016,-3.952
irradiance,2016,-8.066
irradiance,2016,-12.18
irradiance,2016,-16.29
irradiance,2016,-20.41
irradiance,2016,-24.52
irradiance,2016,-28.64
irradiance,2016,1930
irradiance,2016,1926
irradiance,2016,1921
irradiance,2016,1917
irradiance,2016,946.4
irradiance,2016,942.3
irradiance,2016,938.2
irradiance,2016,934.1
irradiance,2016,33.08
irradiance,2016,28.96
irradiance,2016,24.85
irradiance,2016,20.73
irradiance,2016,16.62
irradiance,2016,12.51
irradiance,2016,8.391
irradiance,2016,4.277
irradiance,2016,0.1627
irradiance,2016,-3.952
irradiance,2016,-8.066
irradiance,2016,-12.18
irradiance,2016,-16.29
irradiance,2016,-20.41
irradiance,2016,-24.52
irradiance,2016,-28.64
irradiance,2016,1930
irradiance,2016,1926
irradiance,2016,1921
irradiance,2016,1917
irradiance,2016,946.4
irradiance,2016,942.3
irradiance,2016,938.2
irradiance,2016,934.1
irradiance,2016,4.277
irradiance,2016,0.1627
irradiance,2016,-3.952
irradiance,2016,-8.066
irradiance,2016,-12.18
irradiance,2016,-16.29
irradiance,2016,-20.41
irradiance,2016,-24.52
irradiance,2016,-28.64
irradiance,2016,946.4
irradiance,2016,942.3
irradiance,2016,938.2
irradiance,2016,934.1
irradiance,2016,4.277
irradiance,2016,0.1627
irradiance,2016,-3.952
irradiance,2016,-8.066
irradiance,2016,-12.18
irradiance,2016,-16.29
irradiance,2016,-20.41
irradiance,2016,-24.52
irradiance,2016,-28.64
irradiance,2016,946.4
irradiance,2016,942.3
irradiance,2016,938.2
irradiance,2016,934.1
irradiance,2016,4.277
irradiance,2016,0.1627
irradiance,2016,-3.952
irradiance,2016,-8.066
irradiance,2016,-12.18
irradiance,2016,-16.29
irradiance,2016,-20.41
irradiance,2016,-24.52
irradiance,2016,-28.64
irradiance,2016,946.4
irradiance,2016,942.3
irradiance,2016,938.2
irradiance,2016,934.1
irradiance,2016,4.277
irradiance,2016,0.1627
irradiance,2016,-3.952
irradiance,2016,-8.066
irradiance,2016,-12.18
irradiance,2016,-16.29
irradiance,2016,-20.41
irradiance,2016,-24.52
irradiance,2016,-28.64
irradiance,2016,946.4
irradiance,2016,942.3
irradiance,2016,938.2
irradiance,2016,934.1
irradiance,2016,4.277
irradiance,2016,0.1627
irradiance,2016,-3.952
irradiance,2016,-8.066
irradiance,2016,-12.18
irradiance,2016,-16.29
irradiance,2016,-20.41
irradiance,2016,-24.52
irradiance,2016,-28.64
irradiance,2016,946.4
irradiance,2016,942.3
irradiance,2016,938.2
irradiance,2016,934.1
irradiance,2016,4.277
irradiance,2016,0.1627
irradiance,2016,-3.952
irradiance,2016,-8.066
irradiance,2016,-12.18
irradiance,2016,-16.29
irradiance,2016,-20.41
irradiance,2016,-24.52
irradiance,2016,-28.64
irradiance,2016,946.4
irradiance,2016,942.3
irradiance,2016,938.2
irradiance,2016,934.1
irradiance,2016,4.277
irradiance,2016,0.1627
irradiance,2016,-3.952
irradiance,2016,-8.066
irradiance,2016,-12.18
irradiance,2016,-16.29
irradiance,2016,-20.41
irradiance,2016,-24.52
irradiance,2016,-28.64
irradiance,2016,946.4
irradiance,2016,942.3
irradiance,2016,938.2
irradiance,2016,934.1
irradiance,2016,4.277
irradiance,2016,0.1627
irradiance,2016,-3.952
irradiance,2016,-8.066
irradiance,2016,-12.18
irradiance,2016,-16.29
irradiance,2016,-20.41
irradiance,2016,-24.52
irradiance,2016,-28.64
irradiance,2016,946.4
irradiance,2016,942.3
irradiance,2016,938.2
irradiance,2016,934.1
irradiance,2016,4.277
irradiance,2016,0.1627
irradiance,2016,-3.952
irradiance,2016,-8.066
irradiance,2016,-12.18
irradiance,2016,-16.29
irradiance,2016,-20.41
irradiance,2016,-24.52
irradiance,2016,-28.64
irradiance,2016,946.4
irradiance,2016,942.3
irradiance,2016,938.2
irradiance,2016,934.1
irradiance,2016,8.391
irradiance,2016,4.277
irradiance,2016,0.1627
irradiance,2016,-3.952
irradiance,2016,-8.066
irradiance,2016,-12.18
irradiance,2016,-16.29
irradiance,2016,-20.41
irradiance,2016,-24.52
irradiance,2016,-28.64
irradiance,2016,946.4
irradiance,2016,942.3
irradiance,2016,938.2
irradiance,2016,934.1
irradiance,2016,8.391
irradiance,2016,4.277
irradiance,2016,0.1627
irradiance,2016,-3.952
irradiance,2016,-8.066
irradiance,2016,-12.18
irradiance,2016,-16.29
irradiance,2016,-20.41
irradiance,2016,-24.52
irradiance,2016,-28.64
irradiance,2016,946.4
irradiance,2016,942.3
irradiance,2016,938.2
irradiance,2016,934.1
irradiance,2016,8.391
irradiance,2016,4.277
irradiance,2016,0.1627
irradiance,2016,-3.952
irradiance,2016,-8.066
irradiance,2016,-12.18
irradiance,2016,-16.29
irradiance,2016,-20.41
irradiance,2016,-24.52
irradiance,2016,-28.64
irradiance,2016,946.4
irradiance,2016,942.3
irradiance,2016,938.2
irradiance,2016,934.1
irradiance,2016,8.391
irradiance,2016,4.277
irradiance,2016,0.1627
irradiance,2016,-3.952
irradiance,2016,-8.066
irradiance,2016,-12.18
irradiance,2016,-16.29
irradiance,2016,-20.41
irradiance,2016,-24.52
irradiance,2016,-28.64
irradiance,2016,946.4
irradiance,2016,942.3
irradiance,2016,938.2
irradiance,2016,934.1
irradiance,2016,8.391
irradiance,2016,4.277
irradiance,2016,0.1627
irradiance,2016,-3.952
irradiance,2016,-8.066
irradiance,2016,-12.18
irradiance,2016,-16.29
irradiance,2016,-20.41
irradiance,2016,-24.52
irradiance,2016,-28.64
irradiance,2016,946.4
irradiance,2016,942.3
irradiance,2016,938.2
irradiance,2016,934.1
irradiance,2016,8.391
irradiance,2016,4.277
irradiance,2016,0.1627
irradiance,2016,-3.952
irradiance,2016,-8.066
irradiance,2016,-12.18
irradiance,2016,-16.29
irradiance,2016,-20.41
irradiance,2016,-24.52
irradiance,2016,-28.64
irradiance,2016,946.4
irradiance,2016,942.3
irradiance,2016,938.2
irradiance,2016,934.1
irradiance,2016,12.51
irradiance,2016,8.391
irradiance,2016,4.277
irradiance,2016,0.1627
irradiance,2016,-3.952
irradiance,2016,-8.066
irradiance,2016,-12.18
irradiance,2016,-16.29
irradiance,2016,-20.41
irradiance,2016,-24.52
irradiance,2016,-28.64
irradiance,2016,946.4
irradiance,2016,942.3
irradiance,2016,938.2
irradiance,2016,934.1
irradiance,2016,12.51
irradiance,2016,8.391
irradiance,2016,4.277
irradiance,2016,0.1627
irradiance,2016,-3.952
irradiance,2016,-8.066
irradiance,2016,-12.18
irradiance,2016,-16.29
irradiance,2016,-20.41
irradiance,2016,-24.52
irradiance,2016,-28.64
irradiance,2016,946.4
irradiance,2016,942.3
irradiance,2016,938.2
irradiance,2016,934.1
irradiance,2016,12.51
irradiance,2016,8.391
irradiance,2016,4.277
irradiance,2016,0.1627
irradiance,2016,-3.952
irradiance,2016,-8.066
irradiance,2016,-12.18
irradiance,2016,-16.29
irradiance,2016,-20.41
irradiance,2016,-24.52
irradiance,2016,-28.64
irradiance,2016,946.4
irradiance,2016,942.3
irradiance,2016,938.2
irradiance,2016,934.1
irradiance,2016,28.96
irradiance,2016,24.85
irradiance,2016,20.73
irradiance,2016,16.62
irradiance,2016,12.51
irradiance,2016,8.391
irradiance,2016,4.277
irradiance,2016,0.1627
irradiance,2016,-3.952
irradiance,2016,-8.066
irradiance,2016,-12.18
irradiance,2016,-16.29
irradiance,2016,-20.41
irradiance,2016,-24.52
irradiance,2016,-28.64
irradiance,2016,946.4
irradiance,2016,942.3
irradiance,2016,938.2
irradiance,2016,934.1
irradiance,2016,45.42
irradiance,2016,41.3
irradiance,2016,37.19
irradiance,2016,33.08
irradiance,2016,28.96
irradiance,2016,24.85
irradiance,2016,20.73
irradiance,2016,16.62
irradiance,2016,12.51
irradiance,2016,8.391
irradiance,2016,4.277
irradiance,2016,0.1627
irradiance,2016,-3.952
irradiance,2016,-8.066
irradiance,2016,-12.18
irradiance,2016,-16.29
irradiance,2016,-20.41
irradiance,2016,-24.52
irradiance,2016,-28.64
irradiance,2016,946.4
irradiance,2016,942.3
irradiance,2016,938.2
irradiance,2016,934.1
irradiance,2016,61.88
irradiance,2016,57.76
irradiance,2016,53.65
irradiance,2016,49.53
irradiance,2016,45.42
irradiance,2016,41.3
irradiance,2016,37.19
irradiance,2016,33.08
irradiance,2016,28.96
irradiance,2016,24.85
irradiance,2016,20.73
irradiance,2016,16.62
irradiance,2016,12.51
irradiance,2016,8.391
irradiance,2016,4.277
irradiance,2016,0.1627
irradiance,2016,-3.952
irradiance,2016,-8.066
irradiance,2016,-12.18
irradiance,2016,-16.29
irradiance,2016,-20.41
irradiance,2016,-24.52
irradiance,2016,-28.64
irradiance,2016,946.4
irradiance,2016,942.3
irradiance,2016,938.2
irradiance,2016,934.1
irradiance,2016,78.33
irradiance,2016,74.22
irradiance,2016,70.1
irradiance,2016,65.99
irradiance,2016,61.88
irradiance,2016,57.76
irradiance,2016,53.65
irradiance,2016,49.53
irradiance,2016,45.42
irradiance,2016,41.3
irradiance,2016,37.19
irradiance,2016,33.08
irradiance,2016,28.96
irradiance,2016,24.85
irradiance,2016,20.73
irradiance,2016,16.62
irradiance,2016,12.51
irradiance,2016,8.391
irradiance,2016,4.277
irradiance,2016,0.1627
irradiance,2016,-3.952
irradiance,2016,-8.066
irradiance,2016,-12.18
irradiance,2016,-16.29
irradiance,2016,-20.41
irradiance,2016,-24.52
irradiance,2016,-28.64
irradiance,2016,934.1
irradiance,2016,94.79
irradiance,2016,90.68
irradiance,2016,86.56
irradiance,2016,82.45
irradiance,2016,78.33
irradiance,2016,74.22
irradiance,2016,70.1
irradiance,2016,65.99
irradiance,2016,61.88
irradiance,2016,57.76
irradiance,2016,53.65
irradiance,2016,49.53
irradiance,2016,45.42
irradiance,2016,41.3
irradiance,2016,37.19
irradiance,2016,33.08
irradiance,2016,28.96
irradiance,2016,24.85
irradiance,2016,20.73
irradiance,2016,16.62
irradiance,2016,12.51
irradiance,2016,8.391
irradiance,2016,4.277
irradiance,2016,0.1627
irradiance,2016,-3.952
irradiance,2016,-8.066
irradiance,2016,-12.18
irradiance,2016,-16.29
irradiance,2016,-20.41
irradiance,2016,-24.52
irradiance,2016,-28.64
irradiance,2016,111.2
irradiance,2016,107.1
irradiance,2016,103
irradiance,2016,98.9
irradiance,2016,94.79
irradiance,2016,90.68
irradiance,2016,86.56
irradiance,2016,82.45
irradiance,2016,78.33
irradiance,2016,74.22
irradiance,2016,70.1
irradiance,2016,65.99
irradiance,2016,61.88
irradiance,2016,57.76
irradiance,2016,53.65
irradiance,2016,49.53
irradiance,2016,45.42
irradiance,2016,41.3
irradiance,2016,37.19
irradiance,2016,33.08
irradiance,2016,28.96
irradiance,2016,24.85
irradiance,2016,20.73
irradiance,2016,16.62
irradiance,2016,12.51
irradiance,2016,8.391
irradiance,2016,4.277
irradiance,2016,0.1627
irradiance,2016,-3.952
irradiance,2016,-8.066
irradiance,2016,-12.18
irradiance,2016,-16.29
irradiance,2016,-20.41
irradiance,2016,-24.52
irradiance,2016,-28.64
irradiance,2016,127.7
irradiance,2016,123.6
irradiance,2016,119.5
irradiance,2016,115.4
irradiance,2016,111.2
irradiance,2016,107.1
irradiance,2016,103
irradiance,2016,98.9
irradiance,2016,94.79
irradiance,2016,90.68
irradiance,2016,86.56
irradiance,2016,82.45
irradiance,2016,78.33
irradiance,2016,74.22
irradiance,2016,70.1
irradiance,2016,65.99
irradiance,2016,61.88
irradiance,2016,57.76
irradiance,2016,53.65
irradiance,2016,49.53
irradiance,2016,45.42
irradiance,2016,41.3
irradiance,2016,37.19
irradiance,2016,33.08
irradiance,2016,28.96
irradiance,2016,24.85
irradiance,2016,20.73
irradiance,2016,16.62
irradiance,2016,12.51
irradiance,2016,8.391
irradiance,2016,4.277
irradiance,2016,0.1627
irradiance,2016,-3.952
irradiance,2016,-8.066
irradiance,2016,-12.18
irradiance,2016,-16.29
irradiance,2016,-20.41
irradiance,2016,-24.52
irradiance,2016,-28.64
irradiance,2016,144.2
irradiance,2016,140
irradiance,2016,135.9
irradiance,2016,131.8
irradiance,2016,127.7
irradiance,2016,123.6
irradiance,2016,119.5
irradiance,2016,115.4
irradiance,2016,111.2
irradiance,2016,107.1
irradiance,2016,103
irradiance,2016,98.9
irradiance,2016,94.79
irradiance,2016,90.68
irradiance,2016,86.56
irradiance,2016,82.45
irradiance,2016,78.33
irradiance,2016,74.22
irradiance,2016,70.1
irradiance,2016,65.99
irradiance,2016,61.88
irradiance,2016,57.76
irradiance,2016,53.65
irradiance,2016,49.53
irradiance,2016,45.42
irradiance,2016,41.3
irradiance,2016,37.19
irradiance,2016,33.08
irradiance,2016,28.96
irradiance,2016,24.85
irradiance,2016,20.73
irradiance,2016,16.62
irradiance,2016,12.51
irradiance,2016,8.391
irradiance,2016,4.277
irradiance,2016,0.1627
irradiance,2016,-3.952
irradiance,2016,-8.066
irradiance,2016,-12.18
irradiance,2016,-16.29
irradiance,2016,-20.41
irradiance,2016,-24.52
irradiance,2016,-28.64
irradiance,2016,160.6
irradiance,2016,156.5
irradiance,2016,152.4
irradiance,2016,148.3
irradiance,2016,144.2
irradiance,2016,140
irradiance,2016,135.9
irradiance,2016,131.8
irradiance,2016,127.7
irradiance,2016,123.6
irradiance,2016,119.5
irradiance,2016,115.4
irradiance,2016,111.2
irradiance,2016,107.1
irradiance,2016,103
irradiance,2016,98.9
irradiance,2016,94.79
irradiance,2016,90.68
irradiance,2016,86.56
irradiance,2016,82.45
irradiance,2016,78.33
irradiance,2016,74.22
irradiance,2016,70.1
irradiance,2016,65.99
irradiance,2016,61.88
irradiance,2016,57.76
irradiance,2016,53.65
irradiance,2016,49.53
irradiance,2016,45.42
irradiance,2016,41.3
irradiance,2016,37.19
irradiance,2016,33.08
irradiance,2016,28.96
irradiance,2016,24.85
irradiance,2016,20.73
irradiance,2016,16.62
irradiance,2016,12.51
irradiance,2016,8.391
irradiance,2016,4.277
irradiance,2016,-12.18
irradiance,2016,-16.29
irradiance,2016,-20.41
irradiance,2016,-24.52
irradiance,2016,-28.64
irradiance,2016,177.1
irradiance,2016,173
irradiance,2016,168.8
irradiance,2016,164.7
irradiance,2016,160.6
irradiance,2016,156.5
irradiance,2016,152.4
irradiance,2016,148.3
irradiance,2016,144.2
irradiance,2016,140
irradiance,2016,135.9
irradiance,2016,131.8
irradiance,2016,127.7
irradiance,2016,123.6
irradiance,2016,119.5
irradiance,2016,115.4
irradiance,2016,111.2
irradiance,2016,107.1
irradiance,2016,103
irradiance,2016,98.9
irradiance,2016,94.79
irradiance,2016,90.68
irradiance,2016,86.56
irradiance,2016,82.45
irradiance,2016,78.33
irradiance,2016,74.22
irradiance,2016,70.1
irradiance,2016,65.99
irradiance,2016,61.88
irradiance,2016,57.76
irradiance,2016,53.65
irradiance,2016,49.53
irradiance,2016,45.42
irradiance,2016,41.3
irradiance,2016,37.19
irradiance,2016,33.08
irradiance,2016,28.96
irradiance,2016,24.85
irradiance,2016,20.73
irradiance,2016,-12.18
irradiance,2016,-16.29
irradiance,2016,-20.41
irradiance,2016,-24.52
irradiance,2016,-28.64
irradiance,2016,193.5
irradiance,2016,189.4
irradiance,2016,185.3
irradiance,2016,181.2
irradiance,2016,177.1
irradiance,2016,173
irradiance,2016,168.8
irradiance,2016,164.7
irradiance,2016,160.6
irradiance,2016,156.5
irradiance,2016,152.4
irradiance,2016,148.3
irradiance,2016,144.2
irradiance,2016,140
irradiance,2016,135.9
irradiance,2016,131.8
irradiance,2016,127.7
irradiance,2016,123.6
irradiance,2016,119.5
irradiance,2016,115.4
irradiance,2016,111.2
irradiance,2016,107.1
irradiance,2016,103
irradiance,2016,98.9
irradiance,2016,94.79
irradiance,2016,90.68
irradiance,2016,86.56
irradiance,2016,82.45
irradiance,2016,78.33
irradiance,2016,74.22
irradiance,2016,70.1
irradiance,2016,65.99
irradiance,2016,61.88
irradiance,2016,57.76
irradiance,2016,53.65
irradiance,2016,49.53
irradiance,2016,45.42
irradiance,2016,41.3
irradiance,2016,37.19
irradiance,2016,-12.18
irradiance,2016,-16.29
irradiance,2016,-20.41
irradiance,2016,-24.52
irradiance,2016,-28.64
irradiance,2016,210
irradiance,2016,205.9
irradiance,2016,201.8
irradiance,2016,197.6
irradiance,2016,193.5
irradiance,2016,189.4
irradiance,2016,185.3
irradiance,2016,181.2
irradiance,2016,177.1
irradiance,2016,173
irradiance,2016,168.8
irradiance,2016,164.7
irradiance,2016,160.6
irradiance,2016,156.5
irradiance,2016,152.4
irradiance,2016,148.3
irradiance,2016,144.2
irradiance,2016,140
irradiance,2016,135.9
irradiance,2016,131.8
irradiance,2016,127.7
irradiance,2016,123.6
irradiance,2016,119.5
irradiance,2016,115.4
irradiance,2016,111.2
irradiance,2016,107.1
irradiance,2016,103
irradiance,2016,98.9
irradiance,2016,94.79
irradiance,2016,90.68
irradiance,2016,86.56
irradiance,2016,82.45
irradiance,2016,78.33
irradiance,2016,74.22
irradiance,2016,70.1
irradiance,2016,65.99
irradiance,2016,61.88
irradiance,2016,57.76
irradiance,2016,53.65
irradiance,2016,-12.18
irradiance,2016,-16.29
irradiance,2016,-20.41
irradiance,2016,-24.52
irradiance,2016,-28.64
irradiance,2016,222.3
irradiance,2016,218.2
irradiance,2016,214.1
irradiance,2016,210
irradiance,2016,205.9
irradiance,2016,201.8
irradiance,2016,197.6
irradiance,2016,193.5
irradiance,2016,189.4
irradiance,2016,185.3
irradiance,2016,181.2
irradiance,2016,177.1
irradiance,2016,173
irradiance,2016,168.8
irradiance,2016,164.7
irradiance,2016,160.6
irradiance,2016,156.5
irradiance,2016,152.4
irradiance,2016,148.3
irradiance,2016,144.2
irradiance,2016,140
irradiance,2016,135.9
irradiance,2016,131.8
irradiance,2016,127.7
irradiance,2016,123.6
irradiance,2016,119.5
irradiance,2016,115.4
irradiance,2016,111.2
irradiance,2016,107.1
irradiance,2016,103
irradiance,2016,98.9
irradiance,2016,94.79
irradiance,2016,90.68
irradiance,2016,86.56
irradiance,2016,82.45
irradiance,2016,78.33
irradiance,2016,74.22
irradiance,2016,70.1
irradiance,2016,-12.18
irradiance,2016,-16.29
irradiance,2016,-20.41
irradiance,2016,-24.52
irradiance,2016,-28.64
irradiance,2016,226.4
irradiance,2016,222.3
irradiance,2016,218.2
irradiance,2016,214.1
irradiance,2016,210
irradiance,2016,205.9
irradiance,2016,201.8
irradiance,2016,197.6
irradiance,2016,193.5
irradiance,2016,189.4
irradiance,2016,185.3
irradiance,2016,181.2
irradiance,2016,177.1
irradiance,2016,173
irradiance,2016,168.8
irradiance,2016,164.7
irradiance,2016,160.6
irradiance,2016,156.5
irradiance,2016,152.4
irradiance,2016,148.3
irradiance,2016,144.2
irradiance,2016,140
irradiance,2016,135.9
irradiance,2016,131.8
irradiance,2016,127.7
irradiance,2016,123.6
irradiance,2016,119.5
irradiance,2016,115.4
irradiance,2016,111.2
irradiance,2016,107.1
irradiance,2016,103
irradiance,2016,98.9
irradiance,2016,94.79
irradiance,2016,90.68
irradiance,2016,86.56
irradiance,2016,-12.18
irradiance,2016,-16.29
irradiance,2016,-20.41
irradiance,2016,-24.52
irradiance,2016,-28.64
irradiance,2016,230.6
irradiance,2016,226.4
irradiance,2016,222.3
irradiance,2016,218.2
irradiance,2016,214.1
irradiance,2016,210
irradiance,2016,205.9
irradiance,2016,201.8
irradiance,2016,197.6
irradiance,2016,193.5
irradiance,2016,189.4
irradiance,2016,185.3
irradiance,2016,181.2
irradiance,2016,177.1
irradiance,2016,173
irradiance,2016,168.8
irradiance,2016,164.7
irradiance,2016,160.6
irradiance,2016,156.5
irradiance,2016,152.4
irradiance,2016,148.3
irradiance,2016,144.2
irradiance,2016,140
irradiance,2016,135.9
irradiance,2016,131.8
irradiance,2016,127.7
irradiance,2016,123.6
irradiance,2016,119.5
irradiance,2016,115.4
irradiance,2016,111.2
irradiance,2016,107.1
irradiance,2016,103
irradiance,2016,-12.18
irradiance,2016,-16.29
irradiance,2016,-20.41
irradiance,2016,-24.52
irradiance,2016,-28.64
irradiance,2016,230.6
irradiance,2016,226.4
irradiance,2016,222.3
irradiance,2016,218.2
irradiance,2016,214.1
irradiance,2016,210
irradiance,2016,205.9
irradiance,2016,201.8
irradiance,2016,197.6
irradiance,2016,193.5
irradiance,2016,189.4
irradiance,2016,185.3
irradiance,2016,181.2
irradiance,2016,177.1
irradiance,2016,173
irradiance,2016,168.8
irradiance,2016,164.7
irradiance,2016,160.6
irradiance,2016,156.5
irradiance,2016,152.4
irradiance,2016,148.3
irradiance,2016,144.2
irradiance,2016,140
irradiance,2016,135.9
irradiance,2016,131.8
irradiance,2016,127.7
irradiance,2016,123.6
irradiance,2016,119.5
irradiance,2016,-12.18
irradiance,2016,-16.29
irradiance,2016,-20.41
irradiance,2016,-24.52
irradiance,2016,-28.64
irradiance,2016,230.6
irradiance,2016,226.4
irradiance,2016,222.3
irradiance,2016,218.2
irradiance,2016,214.1
irradiance,2016,210
irradiance,2016,205.9
irradiance,2016,201.8
irradiance,2016,197.6
irradiance,2016,193.5
irradiance,2016,189.4
irradiance,2016,185.3
irradiance,2016,181.2
irradiance,2016,177.1
irradiance,2016,173
irradiance,2016,168.8
irradiance,2016,164.7
irradiance,2016,160.6
irradiance,2016,156.5
irradiance,2016,152.4
irradiance,2016,148.3
irradiance,2016,144.2
irradiance,2016,140
irradiance,2016,135.9
irradiance,2016,-12.18
irradiance,2016,-16.29
irradiance,2016,-20.41
irradiance,2016,-24.52
irradiance,2016,-28.64
irradiance,2016,230.6
irradiance,2016,226.4
irradiance,2016,222.3
irradiance,2016,218.2
irradiance,2016,214.1
irradiance,2016,210
irradiance,2016,205.9
irradiance,2016,201.8
irradiance,2016,197.6
irradiance,2016,193.5
irradiance,2016,189.4
irradiance,2016,185.3
irradiance,2016,181.2
irradiance,2016,177.1
irradiance,2016,173
irradiance,2016,168.8
irradiance,2016,164.7
irradiance,2016,160.6
irradiance,2016,156.5
irradiance,2016,152.4
irradiance,2016,-12.18
irradiance,2016,-16.29
irradiance,2016,-20.41
irradiance,2016,-24.52
irradiance,2016,-28.64
irradiance,2016,234.7
irradiance,2016,230.6
irradiance,2016,226.4
irradiance,2016,222.3
irradiance,2016,218.2
irradiance,2016,214.1
irradiance,2016,210
irradiance,2016,205.9
irradiance,2016,201.8
irradiance,2016,197.6
irradiance,2016,193.5
irradiance,2016,189.4
irradiance,2016,185.3
irradiance,2016,181.2
irradiance,2016,177.1
irradiance,2016,173
irradiance,2016,168.8
irradiance,2016,-12.18
irradiance,2016,-16.29
irradiance,2016,-20.41
irradiance,2016,-24.52
irradiance,2016,-28.64
irradiance,2016,234.7
irradiance,2016,230.6
irradiance,2016,226.4
irradiance,2016,222.3
irradiance,2016,218.2
irradiance,2016,214.1
irradiance,2016,210
irradiance,2016,205.9
irradiance,2016,201.8
irradiance,2016,197.6
irradiance,2016,193.5
irradiance,2016,189.4
irradiance,2016,185.3
irradiance,2016,-12.18
irradiance,2016,-16.29
irradiance,2016,-20.41
irradiance,2016,-24.52
irradiance,2016,-28.64
irradiance,2016,234.7
irradiance,2016,230.6
irradiance,2016,226.4
irradiance,2016,222.3
irradiance,2016,218.2
irradiance,2016,214.1
irradiance,2016,210
irradiance,2016,205.9
irradiance,2016,201.8
irradiance,2016,197.6
irradiance,2016,-12.18
irradiance,2016,-16.29
irradiance,2016,-20.41
irradiance,2016,-24.52
irradiance,2016,-28.64
irradiance,2016,234.7
irradiance,2016,230.6
irradiance,2016,226.4
irradiance,2016,222.3
irradiance,2016,218.2
irradiance,2016,214.1
irradiance,2016,210
irradiance,2016,205.9
irradiance,2016,201.8
irradiance,2016,197.6
irradiance,2016,-12.18
irradiance,2016,-16.29
irradiance,2016,-20.41
irradiance,2016,-24.52
irradiance,2016,-28.64
irradiance,2016,234.7
irradiance,2016,230.6
irradiance,2016,226.4
irradiance,2016,222.3
irradiance,2016,218.2
irradiance,2016,214.1
irradiance,2016,210
irradiance,2016,205.9
irradiance,2016,201.8
irradiance,2016,197.6
irradiance,2016,-12.18
irradiance,2016,-16.29
irradiance,2016,-20.41
irradiance,2016,-24.52
irradiance,2016,-28.64
irradiance,2016,238.8
irradiance,2016,234.7
irradiance,2016,230.6
irradiance,2016,226.4
irradiance,2016,222.3
irradiance,2016,218.2
irradiance,2016,214.1
irradiance,2016,210
irradiance,2016,205.9
irradiance,2016,201.8
irradiance,2016,-12.18
irradiance,2016,-16.29
irradiance,2016,-20.41
irradiance,2016,-24.52
irradiance,2016,-28.64
irradiance,2016,238.8
irradiance,2016,234.7
irradiance,2016,230.6
irradiance,2016,226.4
irradiance,2016,222.3
irradiance,2016,218.2
irradiance,2016,214.1
irradiance,2016,210
irradiance,2016,205.9
irradiance,2016,201.8
irradiance,2016,-12.18
irradiance,2016,-16.29
irradiance,2016,-20.41
irradiance,2016,-24.52
irradiance,2016,-28.64
irradiance,2016,238.8
irradiance,2016,234.7
irradiance,2016,230.6
irradiance,2016,226.4
irradiance,2016,222.3
irradiance,2016,218.2
irradiance,2016,214.1
irradiance,2016,210
irradiance,2016,205.9
irradiance,2016,201.8
irradiance,2016,-12.18
irradiance,2016,-16.29
irradiance,2016,-20.41
irradiance,2016,-24.52
irradiance,2016,-28.64
irradiance,2016,238.8
irradiance,2016,234.7
irradiance,2016,230.6
irradiance,2016,226.4
irradiance,2016,222.3
irradiance,2016,218.2
irradiance,2016,214.1
irradiance,2016,210
irradiance,2016,205.9
irradiance,2016,201.8
irradiance,2016,-12.18
irradiance,2016,-16.29
irradiance,2016,-20.41
irradiance,2016,-24.52
irradiance,2016,-28.64
irradiance,2016,238.8
irradiance,2016,234.7
irradiance,2016,230.6
irradiance,2016,226.4
irradiance,2016,222.3
irradiance,2016,218.2
irradiance,2016,214.1
irradiance,2016,210
irradiance,2016,205.9
irradiance,2016,201.8
irradiance,2016,-12.18
irradiance,2016,-16.29
irradiance,2016,-20.41
irradiance,2016,-24.52
irradiance,2016,-28.64
irradiance,2016,242.9
irradiance,2016,238.8
irradiance,2016,234.7
irradiance,2016,230.6
irradiance,2016,226.4
irradiance,2016,222.3
irradiance,2016,218.2
irradiance,2016,214.1
irradiance,2016,210
irradiance,2016,205.9
irradiance,2016,-12.18
irradiance,2016,-16.29
irradiance,2016,-20.41
irradiance,2016,-24.52
irradiance,2016,-28.64
irradiance,2016,242.9
irradiance,2016,238.8
irradiance,2016,234.7
irradiance,2016,230.6
irradiance,2016,226.4
irradiance,2016,222.3
irradiance,2016,218.2
irradiance,2016,214.1
irradiance,2016,210
irradiance,2016,205.9
irradiance,2016,-12.18
irradiance,2016,-16.29
irradiance,2016,-20.41
irradiance,2016,-24.52
irradiance,2016,-28.64
irradiance,2016,247
irradiance,2016,242.9
irradiance,2016,238.8
irradiance,2016,234.7
irradiance,2016,230.6
irradiance,2016,226.4
irradiance,2016,222.3
irradiance,2016,218.2
irradiance,2016,214.1
irradiance,2016,210
irradiance,2016,205.9
irradiance,2016,-12.18
irradiance,2016,-16.29
irradiance,2016,-20.41
irradiance,2016,-24.52
irradiance,2016,-28.64
irradiance,2016,247
irradiance,2016,242.9
irradiance,2016,238.8
irradiance,2016,234.7
irradiance,2016,230.6
irradiance,2016,226.4
irradiance,2016,222.3
irradiance,2016,218.2
irradiance,2016,214.1
irradiance,2016,210
irradiance,2016,-12.18
irradiance,2016,-16.29
irradiance,2016,-20.41
irradiance,2016,-24.52
irradiance,2016,-28.64
irradiance,2016,247
irradiance,2016,242.9
irradiance,2016,238.8
irradiance,2016,234.7
irradiance,2016,230.6
irradiance,2016,226.4
irradiance,2016,222.3
irradiance,2016,218.2
irradiance,2016,214.1
irradiance,2016,210
irradiance,2016,-12.18
irradiance,2016,-16.29
irradiance,2016,-20.41
irradiance,2016,-24.52
irradiance,2016,-28.64
irradiance,2016,251.1
irradiance,2016,247
irradiance,2016,242.9
irradiance,2016,238.8
irradiance,2016,234.7
irradiance,2016,230.6
irradiance,2016,226.4
irradiance,2016,222.3
irradiance,2016,218.2
irradiance,2016,214.1
irradiance,2016,210
irradiance,2016,-12.18
irradiance,2016,-16.29
irradiance,2016,-20.41
irradiance,2016,-24.52
irradiance,2016,-28.64
irradiance,2016,251.1
irradiance,2016,247
irradiance,2016,242.9
irradiance,2016,238.8
irradiance,2016,234.7
irradiance,2016,230.6
irradiance,2016,226.4
irradiance,2016,222.3
irradiance,2016,218.2
irradiance,2016,214.1
irradiance,2016,-12.18
irradiance,2016,-16.29
irradiance,2016,-20.41
irradiance,2016,-24.52
irradiance,2016,-28.64
irradiance,2016,255.2
irradiance,2016,251.1
irradiance,2016,247
irradiance,2016,242.9
irradiance,2016,238.8
irradiance,2016,234.7
irradiance,2016,230.6
irradiance,2016,226.4
irradiance,2016,222.3
irradiance,2016,218.2
irradiance,2016,214.1
irradiance,2016,-12.18
irradiance,2016,-16.29
irradiance,2016,-20.41
irradiance,2016,-24.52
irradiance,2016,-28.64
irradiance,2016,255.2
irradiance,2016,251.1
irradiance,2016,247
irradiance,2016,242.9
irradiance,2016,238.8
irradiance,2016,234.7
irradiance,2016,230.6
irradiance,2016,226.4
irradiance,2016,222.3
irradiance,2016,218.2
irradiance,2016,-12.18
irradiance,2016,-16.29
irradiance,2016,-20.41
irradiance,2016,-24.52
irradiance,2016,-28.64
irradiance,2017,255.2
irradiance,2017,251.1
irradiance,2017,247
irradiance,2017,242.9
irradiance,2017,238.8
irradiance,2017,234.7
irradiance,2017,230.6
irradiance,2017,226.4
irradiance,2017,222.3
irradiance,2017,218.2
irradiance,2017,-12.18
irradiance,2017,-16.29
irradiance,2017,-20.41
irradiance,2017,-24.52
irradiance,2017,-28.64
irradiance,2017,259.4
irradiance,2017,255.2
irradiance,2017,251.1
irradiance,2017,247
irradiance,2017,242.9
irradiance,2017,238.8
irradiance,2017,234.7
irradiance,2017,230.6
irradiance,2017,226.4
irradiance,2017,222.3
irradiance,2017,218.2
irradiance,2017,-12.18
irradiance,2017,-16.29
irradiance,2017,-20.41
irradiance,2017,-24.52
irradiance,2017,-28.64
irradiance,2017,259.4
irradiance,2017,255.2
irradiance,2017,251.1
irradiance,2017,247
irradiance,2017,242.9
irradiance,2017,238.8
irradiance,2017,234.7
irradiance,2017,230.6
irradiance,2017,226.4
irradiance,2017,222.3
irradiance,2017,-12.18
irradiance,2017,-16.29
irradiance,2017,-20.41
irradiance,2017,-24.52
irradiance,2017,-28.64
irradiance,2017,259.4
irradiance,2017,255.2
irradiance,2017,251.1
irradiance,2017,247
irradiance,2017,242.9
irradiance,2017,238.8
irradiance,2017,234.7
irradiance,2017,230.6
irradiance,2017,226.4
irradiance,2017,222.3
irradiance,2017,218.2
irradiance,2017,-12.18
irradiance,2017,-16.29
irradiance,2017,-20.41
irradiance,2017,-24.52
irradiance,2017,-28.64
irradiance,2017,263.5
irradiance,2017,259.4
irradiance,2017,255.2
irradiance,2017,251.1
irradiance,2017,247
irradiance,2017,242.9
irradiance,2017,238.8
irradiance,2017,234.7
irradiance,2017,230.6
irradiance,2017,226.4
irradiance,2017,222.3
irradiance,2017,218.2
irradiance,2017,214.1
irradiance,2017,-12.18
irradiance,2017,-16.29
irradiance,2017,-20.41
irradiance,2017,-24.52
irradiance,2017,-28.64
irradiance,2017,263.5
irradiance,2017,259.4
irradiance,2017,255.2
irradiance,2017,251.1
irradiance,2017,247
irradiance,2017,242.9
irradiance,2017,238.8
irradiance,2017,234.7
irradiance,2017,230.6
irradiance,2017,226.4
irradiance,2017,222.3
irradiance,2017,218.2
irradiance,2017,214.1
irradiance,2017,210
irradiance,2017,205.9
irradiance,2017,-12.18
irradiance,2017,-16.29
irradiance,2017,-20.41
irradiance,2017,-24.52
irradiance,2017,-28.64
irradiance,2017,259.4
irradiance,2017,255.2
irradiance,2017,251.1
irradiance,2017,247
irradiance,2017,242.9
irradiance,2017,238.8
irradiance,2017,234.7
irradiance,2017,230.6
irradiance,2017,226.4
irradiance,2017,222.3
irradiance,2017,218.2
irradiance,2017,214.1
irradiance,2017,210
irradiance,2017,205.9
irradiance,2017,201.8
irradiance,2017,-12.18
irradiance,2017,-16.29
irradiance,2017,-20.41
irradiance,2017,-24.52
irradiance,2017,-28.64
irradiance,2017,259.4
irradiance,2017,255.2
irradiance,2017,251.1
irradiance,2017,247
irradiance,2017,242.9
irradiance,2017,238.8
irradiance,2017,234.7
irradiance,2017,230.6
irradiance,2017,226.4
irradiance,2017,222.3
irradiance,2017,218.2
irradiance,2017,214.1
irradiance,2017,210
irradiance,2017,205.9
irradiance,2017,201.8
irradiance,2017,197.6
irradiance,2017,193.5
irradiance,2017,-12.18
irradiance,2017,-16.29
irradiance,2017,-20.41
irradiance,2017,-24.52
irradiance,2017,-28.64
irradiance,2017,255.2
irradiance,2017,251.1
irradiance,2017,247
irradiance,2017,242.9
irradiance,2017,238.8
irradiance,2017,234.7
irradiance,2017,230.6
irradiance,2017,226.4
irradiance,2017,222.3
irradiance,2017,218.2
irradiance,2017,214.1
irradiance,2017,210
irradiance,2017,205.9
irradiance,2017,201.8
irradiance,2017,197.6
irradiance,2017,193.5
irradiance,2017,189.4
irradiance,2017,-12.18
irradiance,2017,-16.29
irradiance,2017,-20.41
irradiance,2017,-24.52
irradiance,2017,-28.64
irradiance,2017,247
irradiance,2017,242.9
irradiance,2017,238.8
irradiance,2017,234.7
irradiance,2017,230.6
irradiance,2017,226.4
irradiance,2017,222.3
irradiance,2017,218.2
irradiance,2017,214.1
irradiance,2017,210
irradiance,2017,205.9
irradiance,2017,201.8
irradiance,2017,197.6
irradiance,2017,193.5
irradiance,2017,189.4
irradiance,2017,185.3
irradiance,2017,181.2
irradiance,2017,-12.18
irradiance,2017,-16.29
irradiance,2017,-20.41
irradiance,2017,-24.52
irradiance,2017,-28.64
irradiance,2017,242.9
irradiance,2017,238.8
irradiance,2017,234.7
irradiance,2017,230.6
irradiance,2017,226.4
irradiance,2017,222.3
irradiance,2017,218.2
irradiance,2017,214.1
irradiance,2017,210
irradiance,2017,205.9
irradiance,2017,201.8
irradiance,2017,197.6
irradiance,2017,193.5
irradiance,2017,189.4
irradiance,2017,185.3
irradiance,2017,181.2
irradiance,2017,177.1
irradiance,2017,-12.18
irradiance,2017,-16.29
irradiance,2017,-20.41
irradiance,2017,-24.52
irradiance,2017,-28.64
irradiance,2017,234.7
irradiance,2017,230.6
irradiance,2017,226.4
irradiance,2017,222.3
irradiance,2017,218.2
irradiance,2017,214.1
irradiance,2017,210
irradiance,2017,205.9
irradiance,2017,201.8
irradiance,2017,197.6
irradiance,2017,193.5
irradiance,2017,189.4
irradiance,2017,185.3
irradiance,2017,181.2
irradiance,2017,177.1
irradiance,2017,173
irradiance,2017,168.8
irradiance,2017,-12.18
irradiance,2017,-16.29
irradiance,2017,-20.41
irradiance,2017,-24.52
irradiance,2017,-28.64
irradiance,2017,230.6
irradiance,2017,226.4
irradiance,2017,222.3
irradiance,2017,218.2
irradiance,2017,214.1
irradiance,2017,210
irradiance,2017,205.9
irradiance,2017,201.8
irradiance,2017,197.6
irradiance,2017,193.5
irradiance,2017,189.4
irradiance,2017,185.3
irradiance,2017,181.2
irradiance,2017,177.1
irradiance,2017,173
irradiance,2017,168.8
irradiance,2017,164.7
irradiance,2017,-12.18
irradiance,2017,-16.29
irradiance,2017,-20.41
irradiance,2017,-24.52
irradiance,2017,-28.64
irradiance,2017,222.3
irradiance,2017,218.2
irradiance,2017,214.1
irradiance,2017,210
irradiance,2017,205.9
irradiance,2017,201.8
irradiance,2017,197.6
irradiance,2017,193.5
irradiance,2017,189.4
irradiance,2017,185.3
irradiance,2017,181.2
irradiance,2017,177.1
irradiance,2017,173
irradiance,2017,168.8
irradiance,2017,164.7
irradiance,2017,160.6
irradiance,2017,156.5
irradiance,2017,-12.18
irradiance,2017,-16.29
irradiance,2017,-20.41
irradiance,2017,-24.52
irradiance,2017,-28.64
irradiance,2017,218.2
irradiance,2017,214.1
irradiance,2017,210
irradiance,2017,205.9
irradiance,2017,201.8
irradiance,2017,197.6
irradiance,2017,193.5
irradiance,2017,189.4
irradiance,2017,185.3
irradiance,2017,181.2
irradiance,2017,177.1
irradiance,2017,173
irradiance,2017,168.8
irradiance,2017,164.7
irradiance,2017,160.6
irradiance,2017,156.5
irradiance,2017,152.4
irradiance,2017,-12.18
irradiance,2017,-16.29
irradiance,2017,-20.41
irradiance,2017,-24.52
irradiance,2017,-28.64
irradiance,2017,210
irradiance,2017,205.9
irradiance,2017,201.8
irradiance,2017,197.6
irradiance,2017,193.5
irradiance,2017,189.4
irradiance,2017,185.3
irradiance,2017,181.2
irradiance,2017,177.1
irradiance,2017,173
irradiance,2017,168.8
irradiance,2017,164.7
irradiance,2017,160.6
irradiance,2017,156.5
irradiance,2017,152.4
irradiance,2017,-12.18
irradiance,2017,-16.29
irradiance,2017,-20.41
irradiance,2017,-24.52
irradiance,2017,-28.64
irradiance,2017,205.9
irradiance,2017,201.8
irradiance,2017,197.6
irradiance,2017,193.5
irradiance,2017,189.4
irradiance,2017,185.3
irradiance,2017,181.2
irradiance,2017,177.1
irradiance,2017,173
irradiance,2017,168.8
irradiance,2017,164.7
irradiance,2017,160.6
irradiance,2017,156.5
irradiance,2017,152.4
irradiance,2017,148.3
irradiance,2017,-12.18
irradiance,2017,-16.29
irradiance,2017,-20.41
irradiance,2017,-24.52
irradiance,2017,-28.64
irradiance,2017,197.6
irradiance,2017,193.5
irradiance,2017,189.4
irradiance,2017,185.3
irradiance,2017,181.2
irradiance,2017,177.1
irradiance,2017,173
irradiance,2017,168.8
irradiance,2017,164.7
irradiance,2017,160.6
irradiance,2017,156.5
irradiance,2017,152.4
irradiance,2017,148.3
irradiance,2017,-12.18
irradiance,2017,-16.29
irradiance,2017,-20.41
irradiance,2017,-24.52
irradiance,2017,-28.64
irradiance,2017,193.5
irradiance,2017,189.4
irradiance,2017,185.3
irradiance,2017,181.2
irradiance,2017,177.1
irradiance,2017,173
irradiance,2017,168.8
irradiance,2017,164.7
irradiance,2017,160.6
irradiance,2017,156.5
irradiance,2017,152.4
irradiance,2017,148.3
irradiance,2017,144.2
irradiance,2017,-12.18
irradiance,2017,-16.29
irradiance,2017,-20.41
irradiance,2017,-24.52
irradiance,2017,-28.64
irradiance,2017,185.3
irradiance,2017,181.2
irradiance,2017,177.1
irradiance,2017,173
irradiance,2017,168.8
irradiance,2017,164.7
irradiance,2017,160.6
irradiance,2017,156.5
irradiance,2017,152.4
irradiance,2017,148.3
irradiance,2017,144.2
irradiance,2017,-12.18
irradiance,2017,-16.29
irradiance,2017,-20.41
irradiance,2017,-24.52
irradiance,2017,-28.64
irradiance,2017,181.2
irradiance,2017,177.1
irradiance,2017,173
irradiance,2017,168.8
irradiance,2017,164.7
irradiance,2017,160.6
irradiance,2017,156.5
irradiance,2017,152.4
irradiance,2017,148.3
irradiance,2017,144.2
irradiance,2017,140
irradiance,2017,-12.18
irradiance,2017,-16.29
irradiance,2017,-20.41
irradiance,2017,-24.52
irradiance,2017,-28.64
irradiance,2017,177.1
irradiance,2017,173
irradiance,2017,168.8
irradiance,2017,164.7
irradiance,2017,160.6
irradiance,2017,156.5
irradiance,2017,152.4
irradiance,2017,148.3
irradiance,2017,144.2
irradiance,2017,140
irradiance,2017,-12.18
irradiance,2017,-16.29
irradiance,2017,-20.41
irradiance,2017,-24.52
irradiance,2017,-28.64
irradiance,2017,177.1
irradiance,2017,173
irradiance,2017,168.8
irradiance,2017,164.7
irradiance,2017,160.6
irradiance,2017,156.5
irradiance,2017,152.4
irradiance,2017,148.3
irradiance,2017,144.2
irradiance,2017,140
irradiance,2017,135.9
irradiance,2017,-12.18
irradiance,2017,-16.29
irradiance,2017,-20.41
irradiance,2017,-24.52
irradiance,2017,-28.64
irradiance,2017,173
irradiance,2017,168.8
irradiance,2017,164.7
irradiance,2017,160.6
irradiance,2017,156.5
irradiance,2017,152.4
irradiance,2017,148.3
irradiance,2017,144.2
irradiance,2017,140
irradiance,2017,135.9
irradiance,2017,-12.18
irradiance,2017,-16.29
irradiance,2017,-20.41
irradiance,2017,-24.52
irradiance,2017,-28.64
irradiance,2017,173
irradiance,2017,168.8
irradiance,2017,164.7
irradiance,2017,160.6
irradiance,2017,156.5
irradiance,2017,152.4
irradiance,2017,148.3
irradiance,2017,144.2
irradiance,2017,140
irradiance,2017,135.9
irradiance,2017,131.8
irradiance,2017,-12.18
irradiance,2017,-16.29
irradiance,2017,-20.41
irradiance,2017,-24.52
irradiance,2017,-28.64
irradiance,2017,168.8
irradiance,2017,164.7
irradiance,2017,160.6
irradiance,2017,156.5
irradiance,2017,152.4
irradiance,2017,148.3
irradiance,2017,144.2
irradiance,2017,140
irradiance,2017,135.9
irradiance,2017,131.8
irradiance,2017,-12.18
irradiance,2017,-16.29
irradiance,2017,-20.41
irradiance,2017,-24.52
irradiance,2017,-28.64
irradiance,2017,168.8
irradiance,2017,164.7
irradiance,2017,160.6
irradiance,2017,156.5
irradiance,2017,152.4
irradiance,2017,148.3
irradiance,2017,144.2
irradiance,2017,140
irradiance,2017,135.9
irradiance,2017,131.8
irradiance,2017,127.7
irradiance,2017,-12.18
irradiance,2017,-16.29
irradiance,2017,-20.41
irradiance,2017,-24.52
irradiance,2017,-28.64
irradiance,2017,164.7
irradiance,2017,160.6
irradiance,2017,156.5
irradiance,2017,152.4
irradiance,2017,148.3
irradiance,2017,144.2
irradiance,2017,140
irradiance,2017,135.9
irradiance,2017,131.8
irradiance,2017,127.7
irradiance,2017,-12.18
irradiance,2017,-16.29
irradiance,2017,-20.41
irradiance,2017,-24.52
irradiance,2017,-28.64
irradiance,2017,164.7
irradiance,2017,160.6
irradiance,2017,156.5
irradiance,2017,152.4
irradiance,2017,148.3
irradiance,2017,144.2
irradiance,2017,140
irradiance,2017,135.9
irradiance,2017,131.8
irradiance,2017,127.7
irradiance,2017,123.6
irradiance,2017,-12.18
irradiance,2017,-16.29
irradiance,2017,-20.41
irradiance,2017,-24.52
irradiance,2017,-28.64
irradiance,2017,160.6
irradiance,2017,156.5
irradiance,2017,152.4
irradiance,2017,148.3
irradiance,2017,144.2
irradiance,2017,140
irradiance,2017,135.9
irradiance,2017,131.8
irradiance,2017,127.7
irradiance,2017,123.6
irradiance,2017,119.5
irradiance,2017,-12.18
irradiance,2017,-16.29
irradiance,2017,-20.41
irradiance,2017,-24.52
irradiance,2017,-28.64
irradiance,2017,160.6
irradiance,2017,156.5
irradiance,2017,152.4
irradiance,2017,148.3
irradiance,2017,144.2
irradiance,2017,140
irradiance,2017,135.9
irradiance,2017,131.8
irradiance,2017,127.7
irradiance,2017,123.6
irradiance,2017,119.5
irradiance,2017,-12.18
irradiance,2017,-16.29
irradiance,2017,-20.41
irradiance,2017,-24.52
irradiance,2017,-28.64
irradiance,2017,156.5
irradiance,2017,152.4
irradiance,2017,148.3
irradiance,2017,144.2
irradiance,2017,140
irradiance,2017,135.9
irradiance,2017,131.8
irradiance,2017,127.7
irradiance,2017,123.6
irradiance,2017,119.5
irradiance,2017,115.4
irradiance,2017,-12.18
irradiance,2017,-16.29
irradiance,2017,-20.41
irradiance,2017,-24.52
irradiance,2017,-28.64
irradiance,2017,156.5
irradiance,2017,152.4
irradiance,2017,148.3
irradiance,2017,144.2
irradiance,2017,140
irradiance,2017,135.9
irradiance,2017,131.8
irradiance,2017,127.7
irradiance,2017,123.6
irradiance,2017,119.5
irradiance,2017,115.4
irradiance,2017,-12.18
irradiance,2017,-16.29
irradiance,2017,-20.41
irradiance,2017,-24.52
irradiance,2017,-28.64
irradiance,2017,152.4
irradiance,2017,148.3
irradiance,2017,144.2
irradiance,2017,140
irradiance,2017,135.9
irradiance,2017,131.8
irradiance,2017,127.7
irradiance,2017,123.6
irradiance,2017,119.5
irradiance,2017,115.4
irradiance,2017,111.2
irradiance,2017,-12.18
irradiance,2017,-16.29
irradiance,2017,-20.41
irradiance,2017,-24.52
irradiance,2017,-28.64
irradiance,2017,152.4
irradiance,2017,148.3
irradiance,2017,144.2
irradiance,2017,140
irradiance,2017,135.9
irradiance,2017,131.8
irradiance,2017,127.7
irradiance,2017,123.6
irradiance,2017,119.5
irradiance,2017,115.4
irradiance,2017,111.2
irradiance,2017,-12.18
irradiance,2017,-16.29
irradiance,2017,-20.41
irradiance,2017,-24.52
irradiance,2017,-28.64
irradiance,2017,148.3
irradiance,2017,144.2
irradiance,2017,140
irradiance,2017,135.9
irradiance,2017,131.8
irradiance,2017,127.7
irradiance,2017,123.6
irradiance,2017,119.5
irradiance,2017,115.4
irradiance,2017,111.2
irradiance,2017,107.1
irradiance,2017,-12.18
irradiance,2017,-16.29
irradiance,2017,-20.41
irradiance,2017,-24.52
irradiance,2017,-28.64
irradiance,2017,148.3
irradiance,2017,144.2
irradiance,2017,140
irradiance,2017,135.9
irradiance,2017,131.8
irradiance,2017,127.7
irradiance,2017,123.6
irradiance,2017,119.5
irradiance,2017,115.4
irradiance,2017,111.2
irradiance,2017,107.1
irradiance,2017,-12.18
irradiance,2017,-16.29
irradiance,2017,-20.41
irradiance,2017,-24.52
irradiance,2017,-28.64
irradiance,2017,144.2
irradiance,2017,140
irradiance,2017,135.9
irradiance,2017,131.8
irradiance,2017,127.7
irradiance,2017,123.6
irradiance,2017,119.5
irradiance,2017,115.4
irradiance,2017,111.2
irradiance,2017,107.1
irradiance,2017,103
irradiance,2017,-12.18
irradiance,2017,-16.29
irradiance,2017,-20.41
irradiance,2017,-24.52
irradiance,2017,-28.64
irradiance,2017,140
irradiance,2017,135.9
irradiance,2017,131.8
irradiance,2017,127.7
irradiance,2017,123.6
irradiance,2017,119.5
irradiance,2017,115.4
irradiance,2017,111.2
irradiance,2017,107.1
irradiance,2017,103
irradiance,2017,-12.18
irradiance,2017,-16.29
irradiance,2017,-20.41
irradiance,2017,-24.52
irradiance,2017,-28.64
irradiance,2017,140
irradiance,2017,135.9
irradiance,2017,131.8
irradiance,2017,127.7
irradiance,2017,123.6
irradiance,2017,119.5
irradiance,2017,115.4
irradiance,2017,111.2
irradiance,2017,107.1
irradiance,2017,103
irradiance,2017,98.9
irradiance,2017,-12.18
irradiance,2017,-16.29
irradiance,2017,-20.41
irradiance,2017,-24.52
irradiance,2017,-28.64
irradiance,2017,135.9
irradiance,2017,131.8
irradiance,2017,127.7
irradiance,2017,123.6
irradiance,2017,119.5
irradiance,2017,115.4
irradiance,2017,111.2
irradiance,2017,107.1
irradiance,2017,103
irradiance,2017,98.9
irradiance,2017,-12.18
irradiance,2017,-16.29
irradiance,2017,-20.41
irradiance,2017,-24.52
irradiance,2017,-28.64
irradiance,2017,135.9
irradiance,2017,131.8
irradiance,2017,127.7
irradiance,2017,123.6
irradiance,2017,119.5
irradiance,2017,115.4
irradiance,2017,111.2
irradiance,2017,107.1
irradiance,2017,103
irradiance,2017,98.9
irradiance,2017,94.79
irradiance,2017,-12.18
irradiance,2017,-16.29
irradiance,2017,-20.41
irradiance,2017,-24.52
irradiance,2017,-28.64
irradiance,2017,131.8
irradiance,2017,127.7
irradiance,2017,123.6
irradiance,2017,119.5
irradiance,2017,115.4
irradiance,2017,111.2
irradiance,2017,107.1
irradiance,2017,103
irradiance,2017,98.9
irradiance,2017,94.79
irradiance,2017,-12.18
irradiance,2017,-16.29
irradiance,2017,-20.41
irradiance,2017,-24.52
irradiance,2017,-28.64
irradiance,2017,131.8
irradiance,2017,127.7
irradiance,2017,123.6
irradiance,2017,119.5
irradiance,2017,115.4
irradiance,2017,111.2
irradiance,2017,107.1
irradiance,2017,103
irradiance,2017,98.9
irradiance,2017,94.79
irradiance,2017,-12.18
irradiance,2017,-16.29
irradiance,2017,-20.41
irradiance,2017,-24.52
irradiance,2017,-28.64
irradiance,2017,127.7
irradiance,2017,123.6
irradiance,2017,119.5
irradiance,2017,115.4
irradiance,2017,111.2
irradiance,2017,107.1
irradiance,2017,103
irradiance,2017,98.9
irradiance,2017,94.79
irradiance,2017,90.68
irradiance,2017,-12.18
irradiance,2017,-16.29
irradiance,2017,-20.41
irradiance,2017,-24.52
irradiance,2017,-28.64
irradiance,2017,127.7
irradiance,2017,123.6
irradiance,2017,119.5
irradiance,2017,115.4
irradiance,2017,111.2
irradiance,2017,107.1
irradiance,2017,103
irradiance,2017,98.9
irradiance,2017,94.79
irradiance,2017,90.68
irradiance,2017,-12.18
irradiance,2017,-16.29
irradiance,2017,-20.41
irradiance,2017,-24.52
irradiance,2017,-28.64
irradiance,2017,127.7
irradiance,2017,123.6
irradiance,2017,119.5
irradiance,2017,115.4
irradiance,2017,111.2
irradiance,2017,107.1
irradiance,2017,103
irradiance,2017,98.9
irradiance,2017,94.79
irradiance,2017,90.68
irradiance,2017,-12.18
irradiance,2017,-16.29
irradiance,2017,-20.41
irradiance,2017,-24.52
irradiance,2017,-28.64
irradiance,2017,127.7
irradiance,2017,123.6
irradiance,2017,119.5
irradiance,2017,115.4
irradiance,2017,111.2
irradiance,2017,107.1
irradiance,2017,103
irradiance,2017,98.9
irradiance,2017,94.79
irradiance,2017,90.68
irradiance,2017,-12.18
irradiance,2017,-16.29
irradiance,2017,-20.41
irradiance,2017,-24.52
irradiance,2017,-28.64
irradiance,2017,123.6
irradiance,2017,119.5
irradiance,2017,115.4
irradiance,2017,111.2
irradiance,2017,107.1
irradiance,2017,103
irradiance,2017,98.9
irradiance,2017,94.79
irradiance,2017,90.68
irradiance,2017,-12.18
irradiance,2017,-16.29
irradiance,2017,-20.41
irradiance,2017,-24.52
irradiance,2017,-28.64
irradiance,2017,123.6
irradiance,2017,119.5
irradiance,2017,115.4
irradiance,2017,111.2
irradiance,2017,107.1
irradiance,2017,103
irradiance,2017,98.9
irradiance,2017,94.79
irradiance,2017,90.68
irradiance,2017,-12.18
irradiance,2017,-16.29
irradiance,2017,-20.41
irradiance,2017,-24.52
irradiance,2017,-28.64
irradiance,2017,123.6
irradiance,2017,119.5
irradiance,2017,115.4
irradiance,2017,111.2
irradiance,2017,107.1
irradiance,2017,103
irradiance,2017,98.9
irradiance,2017,94.79
irradiance,2017,90.68
irradiance,2017,86.56
irradiance,2017,-12.18
irradiance,2017,-16.29
irradiance,2017,-20.41
irradiance,2017,-24.52
irradiance,2017,-28.64
irradiance,2017,123.6
irradiance,2017,119.5
irradiance,2017,115.4
irradiance,2017,111.2
irradiance,2017,107.1
irradiance,2017,103
irradiance,2017,98.9
irradiance,2017,94.79
irradiance,2017,90.68
irradiance,2017,86.56
irradiance,2017,-12.18
irradiance,2017,-16.29
irradiance,2017,-20.41
irradiance,2017,-24.52
irradiance,2017,-28.64
irradiance,2017,123.6
irradiance,2017,119.5
irradiance,2017,115.4
irradiance,2017,111.2
irradiance,2017,107.1
irradiance,2017,103
irradiance,2017,98.9
irradiance,2017,94.79
irradiance,2017,90.68
irradiance,2017,86.56
irradiance,2017,-12.18
irradiance,2017,-16.29
irradiance,2017,-20.41
irradiance,2017,-24.52
irradiance,2017,-28.64
irradiance,2017,123.6
irradiance,2017,119.5
irradiance,2017,115.4
irradiance,2017,111.2
irradiance,2017,107.1
irradiance,2017,103
irradiance,2017,98.9
irradiance,2017,94.79
irradiance,2017,90.68
irradiance,2017,86.56
irradiance,2017,-12.18
irradiance,2017,-16.29
irradiance,2017,-20.41
irradiance,2017,-24.52
irradiance,2017,-28.64
irradiance,2017,119.5
irradiance,2017,115.4
irradiance,2017,111.2
irradiance,2017,107.1
irradiance,2017,103
irradiance,2017,98.9
irradiance,2017,94.79
irradiance,2017,90.68
irradiance,2017,86.56
irradiance,2017,-12.18
irradiance,2017,-16.29
irradiance,2017,-20.41
irradiance,2017,-24.52
irradiance,2017,-28.64
irradiance,2017,119.5
irradiance,2017,115.4
irradiance,2017,111.2
irradiance,2017,107.1
irradiance,2017,103
irradiance,2017,98.9
irradiance,2017,94.79
irradiance,2017,90.68
irradiance,2017,86.56
irradiance,2017,-12.18
irradiance,2017,-16.29
irradiance,2017,-20.41
irradiance,2017,-24.52
irradiance,2017,-28.64
irradiance,2017,119.5
irradiance,2017,115.4
irradiance,2017,111.2
irradiance,2017,107.1
irradiance,2017,103
irradiance,2017,98.9
irradiance,2017,94.79
irradiance,2017,90.68
irradiance,2017,86.56
irradiance,2017,82.45
irradiance,2017,-12.18
irradiance,2017,-16.29
irradiance,2017,-20.41
irradiance,2017,-24.52
irradiance,2017,-28.64
irradiance,2017,119.5
irradiance,2017,115.4
irradiance,2017,111.2
irradiance,2017,107.1
irradiance,2017,103
irradiance,2017,98.9
irradiance,2017,94.79
irradiance,2017,90.68
irradiance,2017,86.56
irradiance,2017,82.45
irradiance,2017,-12.18
irradiance,2017,-16.29
irradiance,2017,-20.41
irradiance,2017,-24.52
irradiance,2017,-28.64
irradiance,2017,119.5
irradiance,2017,115.4
irradiance,2017,111.2
irradiance,2017,107.1
irradiance,2017,103
irradiance,2017,98.9
irradiance,2017,94.79
irradiance,2017,90.68
irradiance,2017,86.56
irradiance,2017,82.45
irradiance,2017,-12.18
irradiance,2017,-16.29
irradiance,2017,-20.41
irradiance,2017,-24.52
irradiance,2017,-28.64
irradiance,2017,119.5
irradiance,2017,115.4
irradiance,2017,111.2
irradiance,2017,107.1
irradiance,2017,103
irradiance,2017,98.9
irradiance,2017,94.79
irradiance,2017,90.68
irradiance,2017,86.56
irradiance,2017,82.45
irradiance,2017,-12.18
irradiance,2017,-16.29
irradiance,2017,-20.41
irradiance,2017,-24.52
irradiance,2017,-28.64
irradiance,2017,115.4
irradiance,2017,111.2
irradiance,2017,107.1
irradiance,2017,103
irradiance,2017,98.9
irradiance,2017,94.79
irradiance,2017,90.68
irradiance,2017,86.56
irradiance,2017,82.45
irradiance,2017,-12.18
irradiance,2017,-16.29
irradiance,2017,-20.41
irradiance,2017,-24.52
irradiance,2017,-28.64
irradiance,2017,115.4
irradiance,2017,111.2
irradiance,2017,107.1
irradiance,2017,103
irradiance,2017,98.9
irradiance,2017,94.79
irradiance,2017,90.68
irradiance,2017,86.56
irradiance,2017,82.45
irradiance,2017,-12.18
irradiance,2017,-16.29
irradiance,2017,-20.41
irradiance,2017,-24.52
irradiance,2017,-28.64
irradiance,2017,115.4
irradiance,2017,111.2
irradiance,2017,107.1
irradiance,2017,103
irradiance,2017,98.9
irradiance,2017,94.79
irradiance,2017,90.68
irradiance,2017,86.56
irradiance,2017,82.45
irradiance,2017,-12.18
irradiance,2017,-16.29
irradiance,2017,-20.41
irradiance,2017,-24.52
irradiance,2017,-28.64
irradiance,2017,115.4
irradiance,2017,111.2
irradiance,2017,107.1
irradiance,2017,103
irradiance,2017,98.9
irradiance,2017,94.79
irradiance,2017,90.68
irradiance,2017,86.56
irradiance,2017,82.45
irradiance,2017,78.33
irradiance,2017,-12.18
irradiance,2017,-16.29
irradiance,2017,-20.41
irradiance,2017,-24.52
irradiance,2017,-28.64
irradiance,2017,115.4
irradiance,2017,111.2
irradiance,2017,107.1
irradiance,2017,103
irradiance,2017,98.9
irradiance,2017,94.79
irradiance,2017,90.68
irradiance,2017,86.56
irradiance,2017,82.45
irradiance,2017,78.33
irradiance,2017,-12.18
irradiance,2017,-16.29
irradiance,2017,-20.41
irradiance,2017,-24.52
irradiance,2017,-28.64
irradiance,2017,115.4
irradiance,2017,111.2
irradiance,2017,107.1
irradiance,2017,103
irradiance,2017,98.9
irradiance,2017,94.79
irradiance,2017,90.68
irradiance,2017,86.56
irradiance,2017,82.45
irradiance,2017,78.33
irradiance,2017,-12.18
irradiance,2017,-16.29
irradiance,2017,-20.41
irradiance,2017,-24.52
irradiance,2017,-28.64
irradiance,2017,115.4
irradiance,2017,111.2
irradiance,2017,107.1
irradiance,2017,103
irradiance,2017,98.9
irradiance,2017,94.79
irradiance,2017,90.68
irradiance,2017,86.56
irradiance,2017,82.45
irradiance,2017,78.33
irradiance,2017,-12.18
irradiance,2017,-16.29
irradiance,2017,-20.41
irradiance,2017,-24.52
irradiance,2017,-28.64
irradiance,2017,115.4
irradiance,2017,111.2
irradiance,2017,107.1
irradiance,2017,103
irradiance,2017,98.9
irradiance,2017,94.79
irradiance,2017,90.68
irradiance,2017,86.56
irradiance,2017,82.45
irradiance,2017,78.33
irradiance,2017,-12.18
irradiance,2017,-16.29
irradiance,2017,-20.41
irradiance,2017,-24.52
irradiance,2017,-28.64
irradiance,2017,115.4
irradiance,2017,111.2
irradiance,2017,107.1
irradiance,2017,103
irradiance,2017,98.9
irradiance,2017,94.79
irradiance,2017,90.68
irradiance,2017,86.56
irradiance,2017,82.45
irradiance,2017,78.33
irradiance,2017,-12.18
irradiance,2017,-16.29
irradiance,2017,-20.41
irradiance,2017,-24.52
irradiance,2017,111.2
irradiance,2017,107.1
irradiance,2017,103
irradiance,2017,98.9
irradiance,2017,94.79
irradiance,2017,90.68
irradiance,2017,86.56
irradiance,2017,82.45
irradiance,2017,78.33
irradiance,2017,74.22
irradiance,2017,-12.18
irradiance,2017,-16.29
irradiance,2017,-20.41
irradiance,2017,-24.52
irradiance,2017,111.2
irradiance,2017,107.1
irradiance,2017,103
irradiance,2017,98.9
irradiance,2017,94.79
irradiance,2017,90.68
irradiance,2017,86.56
irradiance,2017,82.45
irradiance,2017,78.33
irradiance,2017,74.22
irradiance,2017,70.1
irradiance,2017,-12.18
irradiance,2017,-16.29
irradiance,2017,-20.41
irradiance,2017,111.2
irradiance,2017,107.1
irradiance,2017,103
irradiance,2017,98.9
irradiance,2017,94.79
irradiance,2017,90.68
irradiance,2017,86.56
irradiance,2017,82.45
irradiance,2017,78.33
irradiance,2017,74.22
irradiance,2017,70.1
irradiance,2017,-12.18
irradiance,2017,-16.29
irradiance,2017,-20.41
irradiance,2017,107.1
irradiance,2017,103
irradiance,2017,98.9
irradiance,2017,94.79
irradiance,2017,90.68
irradiance,2017,86.56
irradiance,2017,82.45
irradiance,2017,78.33
irradiance,2017,74.22
irradiance,2017,70.1
irradiance,2017,65.99
irradiance,2017,-12.18
irradiance,2017,-16.29
irradiance,2017,107.1
irradiance,2017,103
irradiance,2017,98.9
irradiance,2017,94.79
irradiance,2017,90.68
irradiance,2017,86.56
irradiance,2017,82.45
irradiance,2017,78.33
irradiance,2017,74.22
irradiance,2017,70.1
irradiance,2017,65.99
irradiance,2017,61.88
irradiance,2017,-12.18
irradiance,2017,-16.29
irradiance,2017,103
irradiance,2017,98.9
irradiance,2017,94.79
irradiance,2017,90.68
irradiance,2017,86.56
irradiance,2017,82.45
irradiance,2017,78.33
irradiance,2017,74.22
irradiance,2017,70.1
irradiance,2017,65.99
irradiance,2017,61.88
irradiance,2017,-12.18
irradiance,2017,98.9
irradiance,2017,94.79
irradiance,2017,90.68
irradiance,2017,86.56
irradiance,2017,82.45
irradiance,2017,78.33
irradiance,2017,74.22
irradiance,2017,70.1
irradiance,2017,65.99
irradiance,2017,61.88
irradiance,2017,57.76
irradiance,2017,-12.18
irradiance,2017,98.9
irradiance,2017,94.79
irradiance,2017,90.68
irradiance,2017,86.56
irradiance,2017,82.45
irradiance,2017,78.33
irradiance,2017,74.22
irradiance,2017,70.1
irradiance,2017,65.99
irradiance,2017,61.88
irradiance,2017,57.76
irradiance,2017,53.65
irradiance,2017,94.79
irradiance,2017,90.68
irradiance,2017,86.56
irradiance,2017,82.45
irradiance,2017,78.33
irradiance,2017,74.22
irradiance,2017,70.1
irradiance,2017,65.99
irradiance,2017,61.88
irradiance,2017,57.76
irradiance,2017,53.65
irradiance,2017,49.53
irradiance,2017,90.68
irradiance,2017,86.56
irradiance,2017,82.45
irradiance,2017,78.33
irradiance,2017,74.22
irradiance,2017,70.1
irradiance,2017,65.99
irradiance,2017,61.88
irradiance,2017,57.76
irradiance,2017,53.65
irradiance,2017,49.53
irradiance,2017,90.68
irradiance,2017,86.56
irradiance,2017,82.45
irradiance,2017,78.33
irradiance,2017,74.22
irradiance,2017,70.1
irradiance,2017,65.99
irradiance,2017,61.88
irradiance,2017,57.76
irradiance,2017,53.65
irradiance,2017,49.53
irradiance,2017,45.42
irradiance,2017,86.56
irradiance,2017,82.45
irradiance,2017,78.33
irradiance,2017,74.22
irradiance,2017,70.1
irradiance,2017,65.99
irradiance,2017,61.88
irradiance,2017,57.76
irradiance,2017,53.65
irradiance,2017,49.53
irradiance,2017,45.42
irradiance,2017,41.3
irradiance,2017,82.45
irradiance,2017,78.33
irradiance,2017,74.22
irradiance,2017,70.1
irradiance,2017,65.99
irradiance,2017,61.88
irradiance,2017,57.76
irradiance,2017,53.65
irradiance,2017,49.53
irradiance,2017,45.42
irradiance,2017,41.3
irradiance,2017,82.45
irradiance,2017,78.33
irradiance,2017,74.22
irradiance,2017,70.1
irradiance,2017,65.99
irradiance,2017,61.88
irradiance,2017,57.76
irradiance,2017,53.65
irradiance,2017,49.53
irradiance,2017,45.42
irradiance,2017,41.3
irradiance,2017,78.33
irradiance,2017,74.22
irradiance,2017,70.1
irradiance,2017,65.99
irradiance,2017,61.88
irradiance,2017,57.76
irradiance,2017,53.65
irradiance,2017,49.53
irradiance,2017,45.42
irradiance,2017,41.3
irradiance,2017,37.19
irradiance,2017,-12.18
irradiance,2017,-16.29
irradiance,2017,-20.41
irradiance,2017,-24.52
irradiance,2017,-28.64
irradiance,2017,74.22
irradiance,2017,70.1
irradiance,2017,65.99
irradiance,2017,61.88
irradiance,2017,57.76
irradiance,2017,53.65
irradiance,2017,49.53
irradiance,2017,45.42
irradiance,2017,41.3
irradiance,2017,37.19
irradiance,2017,-12.18
irradiance,2017,-16.29
irradiance,2017,-20.41
irradiance,2017,-24.52
irradiance,2017,-28.64
irradiance,2017,74.22
irradiance,2017,70.1
irradiance,2017,65.99
irradiance,2017,61.88
irradiance,2017,57.76
irradiance,2017,53.65
irradiance,2017,49.53
irradiance,2017,45.42
irradiance,2017,41.3
irradiance,2017,37.19
irradiance,2017,33.08
irradiance,2017,-12.18
irradiance,2017,-16.29
irradiance,2017,-20.41
irradiance,2017,-24.52
irradiance,2017,-28.64
irradiance,2017,70.1
irradiance,2017,65.99
irradiance,2017,61.88
irradiance,2017,57.76
irradiance,2017,53.65
irradiance,2017,49.53
irradiance,2017,45.42
irradiance,2017,41.3
irradiance,2017,37.19
irradiance,2017,33.08
irradiance,2017,-12.18
irradiance,2017,-16.29
irradiance,2017,-20.41
irradiance,2017,-24.52
irradiance,2017,-28.64
irradiance,2017,70.1
irradiance,2017,65.99
irradiance,2017,61.88
irradiance,2017,57.76
irradiance,2017,53.65
irradiance,2017,49.53
irradiance,2017,45.42
irradiance,2017,41.3
irradiance,2017,37.19
irradiance,2017,33.08
irradiance,2017,-12.18
irradiance,2017,-16.29
irradiance,2017,-20.41
irradiance,2017,-24.52
irradiance,2017,-28.64
irradiance,2017,70.1
irradiance,2017,65.99
irradiance,2017,61.88
irradiance,2017,57.76
irradiance,2017,53.65
irradiance,2017,49.53
irradiance,2017,45.42
irradiance,2017,41.3
irradiance,2017,37.19
irradiance,2017,33.08
irradiance,2017,28.96
irradiance,2017,-12.18
irradiance,2017,-16.29
irradiance,2017,-20.41
irradiance,2017,-24.52
irradiance,2017,-28.64
irradiance,2017,65.99
irradiance,2017,61.88
irradiance,2017,57.76
irradiance,2017,53.65
irradiance,2017,49.53
irradiance,2017,45.42
irradiance,2017,41.3
irradiance,2017,37.19
irradiance,2017,33.08
irradiance,2017,28.96
irradiance,2017,-12.18
irradiance,2017,-16.29
irradiance,2017,-20.41
irradiance,2017,-24.52
irradiance,2017,-28.64
irradiance,2017,65.99
irradiance,2017,61.88
irradiance,2017,57.76
irradiance,2017,53.65
irradiance,2017,49.53
irradiance,2017,45.42
irradiance,2017,41.3
irradiance,2017,37.19
irradiance,2017,33.08
irradiance,2017,28.96
irradiance,2017,24.85
irradiance,2017,-12.18
irradiance,2017,-16.29
irradiance,2017,-20.41
irradiance,2017,-24.52
irradiance,2017,-28.64
irradiance,2017,61.88
irradiance,2017,57.76
irradiance,2017,53.65
irradiance,2017,49.53
irradiance,2017,45.42
irradiance,2017,41.3
irradiance,2017,37.19
irradiance,2017,33.08
irradiance,2017,28.96
irradiance,2017,24.85
irradiance,2017,-12.18
irradiance,2017,-16.29
irradiance,2017,-20.41
irradiance,2017,-24.52
irradiance,2017,-28.64
irradiance,2017,61.88
irradiance,2017,57.76
irradiance,2017,53.65
irradiance,2017,49.53
irradiance,2017,45.42
irradiance,2017,41.3
irradiance,2017,37.19
irradiance,2017,33.08
irradiance,2017,28.96
irradiance,2017,24.85
irradiance,2017,-12.18
irradiance,2017,-16.29
irradiance,2017,-20.41
irradiance,2017,-24.52
irradiance,2017,-28.64
irradiance,2017,61.88
irradiance,2017,57.76
irradiance,2017,53.65
irradiance,2017,49.53
irradiance,2017,45.42
irradiance,2017,41.3
irradiance,2017,37.19
irradiance,2017,33.08
irradiance,2017,28.96
irradiance,2017,24.85
irradiance,2017,20.73
irradiance,2017,-12.18
irradiance,2017,-16.29
irradiance,2017,-20.41
irradiance,2017,-24.52
irradiance,2017,-28.64
irradiance,2017,57.76
irradiance,2017,53.65
irradiance,2017,49.53
irradiance,2017,45.42
irradiance,2017,41.3
irradiance,2017,37.19
irradiance,2017,33.08
irradiance,2017,28.96
irradiance,2017,24.85
irradiance,2017,20.73
irradiance,2017,-12.18
irradiance,2017,-16.29
irradiance,2017,-20.41
irradiance,2017,-24.52
irradiance,2017,-28.64
irradiance,2017,57.76
irradiance,2017,53.65
irradiance,2017,49.53
irradiance,2017,45.42
irradiance,2017,41.3
irradiance,2017,37.19
irradiance,2017,33.08
irradiance,2017,28.96
irradiance,2017,24.85
irradiance,2017,20.73
irradiance,2017,-12.18
irradiance,2017,-16.29
irradiance,2017,-20.41
irradiance,2017,-24.52
irradiance,2017,-28.64
irradiance,2017,53.65
irradiance,2017,49.53
irradiance,2017,45.42
irradiance,2017,41.3
irradiance,2017,37.19
irradiance,2017,33.08
irradiance,2017,28.96
irradiance,2017,24.85
irradiance,2017,20.73
irradiance,2017,-12.18
irradiance,2017,-16.29
irradiance,2017,-20.41
irradiance,2017,-24.52
irradiance,2017,-28.64
irradiance,2017,53.65
irradiance,2017,49.53
irradiance,2017,45.42
irradiance,2017,41.3
irradiance,2017,37.19
irradiance,2017,33.08
irradiance,2017,28.96
irradiance,2017,24.85
irradiance,2017,20.73
irradiance,2017,-12.18
irradiance,2017,-16.29
irradiance,2017,-20.41
irradiance,2017,-24.52
irradiance,2017,-28.64
irradiance,2017,53.65
irradiance,2017,49.53
irradiance,2017,45.42
irradiance,2017,41.3
irradiance,2017,37.19
irradiance,2017,33.08
irradiance,2017,28.96
irradiance,2017,24.85
irradiance,2017,20.73
irradiance,2017,-12.18
irradiance,2017,-16.29
irradiance,2017,-20.41
irradiance,2017,-24.52
irradiance,2017,-28.64
irradiance,2017,53.65
irradiance,2017,49.53
irradiance,2017,45.42
irradiance,2017,41.3
irradiance,2017,37.19
irradiance,2017,33.08
irradiance,2017,28.96
irradiance,2017,24.85
irradiance,2017,20.73
irradiance,2017,-12.18
irradiance,2017,-16.29
irradiance,2017,-20.41
irradiance,2017,-24.52
irradiance,2017,-28.64
irradiance,2017,53.65
irradiance,2017,49.53
irradiance,2017,45.42
irradiance,2017,41.3
irradiance,2017,37.19
irradiance,2017,33.08
irradiance,2017,28.96
irradiance,2017,24.85
irradiance,2017,20.73
irradiance,2017,-12.18
irradiance,2017,-16.29
irradiance,2017,-20.41
irradiance,2017,-24.52
irradiance,2017,-28.64
irradiance,2017,53.65
irradiance,2017,49.53
irradiance,2017,45.42
irradiance,2017,41.3
irradiance,2017,37.19
irradiance,2017,33.08
irradiance,2017,28.96
irradiance,2017,24.85
irradiance,2017,20.73
irradiance,2017,16.62
irradiance,2017,-12.18
irradiance,2017,-16.29
irradiance,2017,-20.41
irradiance,2017,-24.52
irradiance,2017,-28.64
irradiance,2017,53.65
irradiance,2017,49.53
irradiance,2017,45.42
irradiance,2017,41.3
irradiance,2017,37.19
irradiance,2017,33.08
irradiance,2017,28.96
irradiance,2017,24.85
irradiance,2017,20.73
irradiance,2017,16.62
irradiance,2017,-12.18
irradiance,2017,-16.29
irradiance,2017,-20.41
irradiance,2017,-24.52
irradiance,2017,-28.64
irradiance,2017,53.65
irradiance,2017,49.53
irradiance,2017,45.42
irradiance,2017,41.3
irradiance,2017,37.19
irradiance,2017,33.08
irradiance,2017,28.96
irradiance,2017,24.85
irradiance,2017,20.73
irradiance,2017,16.62
irradiance,2017,-12.18
irradiance,2017,-16.29
irradiance,2017,-20.41
irradiance,2017,-24.52
irradiance,2017,-28.64
irradiance,2017,53.65
irradiance,2017,49.53
irradiance,2017,45.42
irradiance,2017,41.3
irradiance,2017,37.19
irradiance,2017,33.08
irradiance,2017,28.96
irradiance,2017,24.85
irradiance,2017,20.73
irradiance,2017,16.62
irradiance,2017,-12.18
irradiance,2017,-16.29
irradiance,2017,-20.41
irradiance,2017,-24.52
irradiance,2017,-28.64
irradiance,2017,53.65
irradiance,2017,49.53
irradiance,2017,45.42
irradiance,2017,41.3
irradiance,2017,37.19
irradiance,2017,33.08
irradiance,2017,28.96
irradiance,2017,24.85
irradiance,2017,20.73
irradiance,2017,16.62
irradiance,2017,-12.18
irradiance,2017,-16.29
irradiance,2017,-20.41
irradiance,2017,-24.52
irradiance,2017,-28.64
irradiance,2017,53.65
irradiance,2017,49.53
irradiance,2017,45.42
irradiance,2017,41.3
irradiance,2017,37.19
irradiance,2017,33.08
irradiance,2017,28.96
irradiance,2017,24.85
irradiance,2017,20.73
irradiance,2017,16.62
irradiance,2017,-12.18
irradiance,2017,-16.29
irradiance,2017,-20.41
irradiance,2017,-24.52
irradiance,2017,-28.64
irradiance,2017,53.65
irradiance,2017,49.53
irradiance,2017,45.42
irradiance,2017,41.3
irradiance,2017,37.19
irradiance,2017,33.08
irradiance,2017,28.96
irradiance,2017,24.85
irradiance,2017,20.73
irradiance,2017,16.62
irradiance,2017,-12.18
irradiance,2017,-16.29
irradiance,2017,-20.41
irradiance,2017,-24.52
irradiance,2017,-28.64
irradiance,2017,53.65
irradiance,2017,49.53
irradiance,2017,45.42
irradiance,2017,41.3
irradiance,2017,37.19
irradiance,2017,33.08
irradiance,2017,28.96
irradiance,2017,24.85
irradiance,2017,20.73
irradiance,2017,16.62
irradiance,2017,-12.18
irradiance,2017,-16.29
irradiance,2017,-20.41
irradiance,2017,-24.52
irradiance,2017,-28.64
irradiance,2017,53.65
irradiance,2017,49.53
irradiance,2017,45.42
irradiance,2017,41.3
irradiance,2017,37.19
irradiance,2017,33.08
irradiance,2017,28.96
irradiance,2017,24.85
irradiance,2017,20.73
irradiance,2017,16.62
irradiance,2017,-12.18
irradiance,2017,-16.29
irradiance,2017,-20.41
irradiance,2017,-24.52
irradiance,2017,-28.64
irradiance,2017,53.65
irradiance,2017,49.53
irradiance,2017,45.42
irradiance,2017,41.3
irradiance,2017,37.19
irradiance,2017,33.08
irradiance,2017,28.96
irradiance,2017,24.85
irradiance,2017,20.73
irradiance,2017,16.62
irradiance,2017,-12.18
irradiance,2017,-16.29
irradiance,2017,-20.41
irradiance,2017,-24.52
irradiance,2017,-28.64
irradiance,2017,53.65
irradiance,2017,49.53
irradiance,2017,45.42
irradiance,2017,41.3
irradiance,2017,37.19
irradiance,2017,33.08
irradiance,2017,28.96
irradiance,2017,24.85
irradiance,2017,20.73
irradiance,2017,16.62
irradiance,2017,-12.18
irradiance,2017,-16.29
irradiance,2017,-20.41
irradiance,2017,-24.52
irradiance,2017,-28.64
irradiance,2017,53.65
irradiance,2017,49.53
irradiance,2017,45.42
irradiance,2017,41.3
irradiance,2017,37.19
irradiance,2017,33.08
irradiance,2017,28.96
irradiance,2017,24.85
irradiance,2017,20.73
irradiance,2017,16.62
irradiance,2017,-12.18
irradiance,2017,-16.29
irradiance,2017,-20.41
irradiance,2017,-24.52
irradiance,2017,-28.64
irradiance,2017,49.53
irradiance,2017,45.42
irradiance,2017,41.3
irradiance,2017,37.19
irradiance,2017,33.08
irradiance,2017,28.96
irradiance,2017,24.85
irradiance,2017,20.73
irradiance,2017,16.62
irradiance,2017,-12.18
irradiance,2017,-16.29
irradiance,2017,-20.41
irradiance,2017,-24.52
irradiance,2017,-28.64
irradiance,2017,49.53
irradiance,2017,45.42
irradiance,2017,41.3
irradiance,2017,37.19
irradiance,2017,33.08
irradiance,2017,28.96
irradiance,2017,24.85
irradiance,2017,20.73
irradiance,2017,16.62
irradiance,2017,-12.18
irradiance,2017,-16.29
irradiance,2017,-20.41
irradiance,2017,-24.52
irradiance,2017,-28.64
irradiance,2017,49.53
irradiance,2017,45.42
irradiance,2017,41.3
irradiance,2017,37.19
irradiance,2017,33.08
irradiance,2017,28.96
irradiance,2017,24.85
irradiance,2017,20.73
irradiance,2017,16.62
irradiance,2017,-12.18
irradiance,2017,-16.29
irradiance,2017,-20.41
irradiance,2017,-24.52
irradiance,2017,-28.64
irradiance,2017,49.53
irradiance,2017,45.42
irradiance,2017,41.3
irradiance,2017,37.19
irradiance,2017,33.08
irradiance,2017,28.96
irradiance,2017,24.85
irradiance,2017,20.73
irradiance,2017,16.62
irradiance,2017,-12.18
irradiance,2017,-16.29
irradiance,2017,-20.41
irradiance,2017,-24.52
irradiance,2017,-28.64
irradiance,2017,49.53
irradiance,2017,45.42
irradiance,2017,41.3
irradiance,2017,37.19
irradiance,2017,33.08
irradiance,2017,28.96
irradiance,2017,24.85
irradiance,2017,20.73
irradiance,2017,16.62
irradiance,2017,-12.18
irradiance,2017,-16.29
irradiance,2017,-20.41
irradiance,2017,-24.52
irradiance,2017,-28.64
irradiance,2017,-32.75
irradiance,2017,-36.87
irradiance,2017,-40.98
irradiance,2017,-45.09
irradiance,2017,-49.21
irradiance,2017,-53.32
irradiance,2017,-57.44
irradiance,2017,-61.55
irradiance,2017,-65.66
irradiance,2017,49.53
irradiance,2017,45.42
irradiance,2017,41.3
irradiance,2017,37.19
irradiance,2017,33.08
irradiance,2017,28.96
irradiance,2017,24.85
irradiance,2017,20.73
irradiance,2017,16.62
irradiance,2017,12.51
irradiance,2017,-12.18
irradiance,2017,-16.29
irradiance,2017,-20.41
irradiance,2017,-24.52
irradiance,2017,-28.64
irradiance,2017,-32.75
irradiance,2017,-36.87
irradiance,2017,-40.98
irradiance,2017,-45.09
irradiance,2017,-49.21
irradiance,2017,-53.32
irradiance,2017,-57.44
irradiance,2017,-61.55
irradiance,2017,-65.66
irradiance,2017,49.53
irradiance,2017,45.42
irradiance,2017,41.3
irradiance,2017,37.19
irradiance,2017,33.08
irradiance,2017,28.96
irradiance,2017,24.85
irradiance,2017,20.73
irradiance,2017,16.62
irradiance,2017,12.51
irradiance,2017,-12.18
irradiance,2017,-16.29
irradiance,2017,-20.41
irradiance,2017,-24.52
irradiance,2017,-28.64
irradiance,2017,-32.75
irradiance,2017,-36.87
irradiance,2017,-40.98
irradiance,2017,-45.09
irradiance,2017,-49.21
irradiance,2017,-53.32
irradiance,2017,-57.44
irradiance,2017,-61.55
irradiance,2017,-65.66
irradiance,2017,49.53
irradiance,2017,45.42
irradiance,2017,41.3
irradiance,2017,37.19
irradiance,2017,33.08
irradiance,2017,28.96
irradiance,2017,24.85
irradiance,2017,20.73
irradiance,2017,16.62
irradiance,2017,12.51
irradiance,2017,-12.18
irradiance,2017,-16.29
irradiance,2017,-20.41
irradiance,2017,-24.52
irradiance,2017,-28.64
irradiance,2017,-32.75
irradiance,2017,-36.87
irradiance,2017,-40.98
irradiance,2017,-45.09
irradiance,2017,-49.21
irradiance,2017,-53.32
irradiance,2017,-57.44
irradiance,2017,-61.55
irradiance,2017,-65.66
irradiance,2017,57.76
irradiance,2017,53.65
irradiance,2017,49.53
irradiance,2017,45.42
irradiance,2017,41.3
irradiance,2017,37.19
irradiance,2017,33.08
irradiance,2017,28.96
irradiance,2017,24.85
irradiance,2017,20.73
irradiance,2017,16.62
irradiance,2017,12.51
irradiance,2017,-12.18
irradiance,2017,-16.29
irradiance,2017,-20.41
irradiance,2017,-24.52
irradiance,2017,-28.64
irradiance,2017,-32.75
irradiance,2017,-36.87
irradiance,2017,-40.98
irradiance,2017,-45.09
irradiance,2017,-49.21
irradiance,2017,-53.32
irradiance,2017,-57.44
irradiance,2017,-61.55
irradiance,2017,-65.66
irradiance,2017,61.88
irradiance,2017,57.76
irradiance,2017,53.65
irradiance,2017,49.53
irradiance,2017,45.42
irradiance,2017,41.3
irradiance,2017,37.19
irradiance,2017,33.08
irradiance,2017,28.96
irradiance,2017,24.85
irradiance,2017,20.73
irradiance,2017,16.62
irradiance,2017,12.51
irradiance,2017,-12.18
irradiance,2017,-16.29
irradiance,2017,-20.41
irradiance,2017,-24.52
irradiance,2017,-28.64
irradiance,2017,65.99
irradiance,2017,61.88
irradiance,2017,57.76
irradiance,2017,53.65
irradiance,2017,49.53
irradiance,2017,45.42
irradiance,2017,41.3
irradiance,2017,37.19
irradiance,2017,33.08
irradiance,2017,28.96
irradiance,2017,24.85
irradiance,2017,20.73
irradiance,2017,16.62
irradiance,2017,-12.18
irradiance,2017,-16.29
irradiance,2017,-20.41
irradiance,2017,-24.52
irradiance,2017,-28.64
irradiance,2017,70.1
irradiance,2017,65.99
irradiance,2017,61.88
irradiance,2017,57.76
irradiance,2017,53.65
irradiance,2017,49.53
irradiance,2017,45.42
irradiance,2017,41.3
irradiance,2017,37.19
irradiance,2017,33.08
irradiance,2017,28.96
irradiance,2017,24.85
irradiance,2017,20.73
irradiance,2017,16.62
irradiance,2017,-12.18
irradiance,2017,-16.29
irradiance,2017,-20.41
irradiance,2017,-24.52
irradiance,2017,-28.64
irradiance,2017,74.22
irradiance,2017,70.1
irradiance,2017,65.99
irradiance,2017,61.88
irradiance,2017,57.76
irradiance,2017,53.65
irradiance,2017,49.53
irradiance,2017,45.42
irradiance,2017,41.3
irradiance,2017,37.19
irradiance,2017,33.08
irradiance,2017,28.96
irradiance,2017,24.85
irradiance,2017,20.73
irradiance,2017,-12.18
irradiance,2017,-16.29
irradiance,2017,-20.41
irradiance,2017,-24.52
irradiance,2017,-28.64
irradiance,2017,78.33
irradiance,2017,74.22
irradiance,2017,70.1
irradiance,2017,65.99
irradiance,2017,61.88
irradiance,2017,57.76
irradiance,2017,53.65
irradiance,2017,49.53
irradiance,2017,45.42
irradiance,2017,41.3
irradiance,2017,37.19
irradiance,2017,33.08
irradiance,2017,28.96
irradiance,2017,24.85
irradiance,2017,-12.18
irradiance,2017,-16.29
irradiance,2017,-20.41
irradiance,2017,-24.52
irradiance,2017,-28.64
irradiance,2017,82.45
irradiance,2017,78.33
irradiance,2017,74.22
irradiance,2017,70.1
irradiance,2017,65.99
irradiance,2017,61.88
irradiance,2017,57.76
irradiance,2017,53.65
irradiance,2017,49.53
irradiance,2017,45.42
irradiance,2017,41.3
irradiance,2017,37.19
irradiance,2017,33.08
irradiance,2017,28.96
irradiance,2017,-12.18
irradiance,2017,-16.29
irradiance,2017,-20.41
irradiance,2017,-24.52
irradiance,2017,-28.64
irradiance,2017,86.56
irradiance,2017,82.45
irradiance,2017,78.33
irradiance,2017,74.22
irradiance,2017,70.1
irradiance,2017,65.99
irradiance,2017,61.88
irradiance,2017,57.76
irradiance,2017,53.65
irradiance,2017,49.53
irradiance,2017,45.42
irradiance,2017,41.3
irradiance,2017,37.19
irradiance,2017,33.08
irradiance,2017,-12.18
irradiance,2017,-16.29
irradiance,2017,-20.41
irradiance,2017,-24.52
irradiance,2017,-28.64
irradiance,2017,90.68
irradiance,2017,86.56
irradiance,2017,82.45
irradiance,2017,78.33
irradiance,2017,74.22
irradiance,2017,70.1
irradiance,2017,65.99
irradiance,2017,61.88
irradiance,2017,57.76
irradiance,2017,53.65
irradiance,2017,49.53
irradiance,2017,45.42
irradiance,2017,41.3
irradiance,2017,37.19
irradiance,2017,-12.18
irradiance,2017,-16.29
irradiance,2017,-20.41
irradiance,2017,-24.52
irradiance,2017,-28.64
irradiance,2017,94.79
irradiance,2017,90.68
irradiance,2017,86.56
irradiance,2017,82.45
irradiance,2017,78.33
irradiance,2017,74.22
irradiance,2017,70.1
irradiance,2017,65.99
irradiance,2017,61.88
irradiance,2017,57.76
irradiance,2017,53.65
irradiance,2017,49.53
irradiance,2017,45.42
irradiance,2017,41.3
irradiance,2017,-12.18
irradiance,2017,-16.29
irradiance,2017,-20.41
irradiance,2017,-24.52
irradiance,2017,-28.64
irradiance,2017,103
irradiance,2017,98.9
irradiance,2017,94.79
irradiance,2017,90.68
irradiance,2017,86.56
irradiance,2017,82.45
irradiance,2017,78.33
irradiance,2017,74.22
irradiance,2017,70.1
irradiance,2017,65.99
irradiance,2017,61.88
irradiance,2017,57.76
irradiance,2017,53.65
irradiance,2017,49.53
irradiance,2017,-12.18
irradiance,2017,-16.29
irradiance,2017,-20.41
irradiance,2017,-24.52
irradiance,2017,-28.64
irradiance,2017,115.4
irradiance,2017,111.2
irradiance,2017,107.1
irradiance,2017,103
irradiance,2017,98.9
irradiance,2017,94.79
irradiance,2017,90.68
irradiance,2017,86.56
irradiance,2017,82.45
irradiance,2017,78.33
irradiance,2017,74.22
irradiance,2017,70.1
irradiance,2017,65.99
irradiance,2017,61.88
irradiance,2017,57.76
irradiance,2017,53.65
irradiance,2017,-12.18
irradiance,2017,-16.29
irradiance,2017,-20.41
irradiance,2017,-24.52
irradiance,2017,-28.64
irradiance,2017,127.7
irradiance,2017,123.6
irradiance,2017,119.5
irradiance,2017,115.4
irradiance,2017,111.2
irradiance,2017,107.1
irradiance,2017,103
irradiance,2017,98.9
irradiance,2017,94.79
irradiance,2017,90.68
irradiance,2017,86.56
irradiance,2017,82.45
irradiance,2017,78.33
irradiance,2017,74.22
irradiance,2017,70.1
irradiance,2017,65.99
irradiance,2017,61.88
irradiance,2017,57.76
irradiance,2017,-12.18
irradiance,2017,-16.29
irradiance,2017,-20.41
irradiance,2017,-24.52
irradiance,2017,-28.64
irradiance,2017,140
irradiance,2017,135.9
irradiance,2017,131.8
irradiance,2017,127.7
irradiance,2017,123.6
irradiance,2017,119.5
irradiance,2017,115.4
irradiance,2017,111.2
irradiance,2017,107.1
irradiance,2017,103
irradiance,2017,98.9
irradiance,2017,94.79
irradiance,2017,90.68
irradiance,2017,86.56
irradiance,2017,82.45
irradiance,2017,78.33
irradiance,2017,74.22
irradiance,2017,70.1
irradiance,2017,65.99
irradiance,2017,61.88
irradiance,2017,-12.18
irradiance,2017,-16.29
irradiance,2017,-20.41
irradiance,2017,-24.52
irradiance,2017,-28.64
irradiance,2017,148.3
irradiance,2017,144.2
irradiance,2017,140
irradiance,2017,135.9
irradiance,2017,131.8
irradiance,2017,127.7
irradiance,2017,123.6
irradiance,2017,119.5
irradiance,2017,115.4
irradiance,2017,111.2
irradiance,2017,107.1
irradiance,2017,103
irradiance,2017,98.9
irradiance,2017,94.79
irradiance,2017,90.68
irradiance,2017,86.56
irradiance,2017,82.45
irradiance,2017,78.33
irradiance,2017,74.22
irradiance,2017,70.1
irradiance,2017,65.99
irradiance,2017,-12.18
irradiance,2017,-16.29
irradiance,2017,-20.41
irradiance,2017,-24.52
irradiance,2017,-28.64
irradiance,2017,160.6
irradiance,2017,156.5
irradiance,2017,152.4
irradiance,2017,148.3
irradiance,2017,144.2
irradiance,2017,140
irradiance,2017,135.9
irradiance,2017,131.8
irradiance,2017,127.7
irradiance,2017,123.6
irradiance,2017,119.5
irradiance,2017,115.4
irradiance,2017,111.2
irradiance,2017,107.1
irradiance,2017,103
irradiance,2017,98.9
irradiance,2017,94.79
irradiance,2017,90.68
irradiance,2017,86.56
irradiance,2017,82.45
irradiance,2017,78.33
irradiance,2017,74.22
irradiance,2017,70.1
irradiance,2017,-12.18
irradiance,2017,-16.29
irradiance,2017,-20.41
irradiance,2017,-24.52
irradiance,2017,-28.64
irradiance,2017,173
irradiance,2017,168.8
irradiance,2017,164.7
irradiance,2017,160.6
irradiance,2017,156.5
irradiance,2017,152.4
irradiance,2017,148.3
irradiance,2017,144.2
irradiance,2017,140
irradiance,2017,135.9
irradiance,2017,131.8
irradiance,2017,127.7
irradiance,2017,123.6
irradiance,2017,119.5
irradiance,2017,115.4
irradiance,2017,111.2
irradiance,2017,107.1
irradiance,2017,103
irradiance,2017,98.9
irradiance,2017,94.79
irradiance,2017,90.68
irradiance,2017,86.56
irradiance,2017,82.45
irradiance,2017,78.33
irradiance,2017,74.22
irradiance,2017,-12.18
irradiance,2017,-16.29
irradiance,2017,-20.41
irradiance,2017,-24.52
irradiance,2017,-28.64
irradiance,2017,185.3
irradiance,2017,181.2
irradiance,2017,177.1
irradiance,2017,173
irradiance,2017,168.8
irradiance,2017,164.7
irradiance,2017,160.6
irradiance,2017,156.5
irradiance,2017,152.4
irradiance,2017,148.3
irradiance,2017,144.2
irradiance,2017,140
irradiance,2017,135.9
irradiance,2017,131.8
irradiance,2017,127.7
irradiance,2017,123.6
irradiance,2017,119.5
irradiance,2017,115.4
irradiance,2017,111.2
irradiance,2017,107.1
irradiance,2017,103
irradiance,2017,98.9
irradiance,2017,94.79
irradiance,2017,90.68
irradiance,2017,86.56
irradiance,2017,82.45
irradiance,2017,78.33
irradiance,2017,-12.18
irradiance,2017,-16.29
irradiance,2017,-20.41
irradiance,2017,-24.52
irradiance,2017,-28.64
irradiance,2017,193.5
irradiance,2017,189.4
irradiance,2017,185.3
irradiance,2017,181.2
irradiance,2017,177.1
irradiance,2017,173
irradiance,2017,168.8
irradiance,2017,164.7
irradiance,2017,160.6
irradiance,2017,156.5
irradiance,2017,152.4
irradiance,2017,148.3
irradiance,2017,144.2
irradiance,2017,140
irradiance,2017,135.9
irradiance,2017,131.8
irradiance,2017,127.7
irradiance,2017,123.6
irradiance,2017,119.5
irradiance,2017,115.4
irradiance,2017,111.2
irradiance,2017,107.1
irradiance,2017,103
irradiance,2017,98.9
irradiance,2017,94.79
irradiance,2017,90.68
irradiance,2017,86.56
irradiance,2017,-12.18
irradiance,2017,-16.29
irradiance,2017,-20.41
irradiance,2017,-24.52
irradiance,2017,-28.64
irradiance,2017,205.9
irradiance,2017,201.8
irradiance,2017,197.6
irradiance,2017,193.5
irradiance,2017,189.4
irradiance,2017,185.3
irradiance,2017,181.2
irradiance,2017,177.1
irradiance,2017,173
irradiance,2017,168.8
irradiance,2017,164.7
irradiance,2017,160.6
irradiance,2017,156.5
irradiance,2017,152.4
irradiance,2017,148.3
irradiance,2017,144.2
irradiance,2017,140
irradiance,2017,135.9
irradiance,2017,131.8
irradiance,2017,127.7
irradiance,2017,123.6
irradiance,2017,119.5
irradiance,2017,115.4
irradiance,2017,111.2
irradiance,2017,107.1
irradiance,2017,103
irradiance,2017,98.9
irradiance,2017,94.79
irradiance,2017,-12.18
irradiance,2017,-16.29
irradiance,2017,-20.41
irradiance,2017,-24.52
irradiance,2017,-28.64
irradiance,2017,218.2
irradiance,2017,214.1
irradiance,2017,210
irradiance,2017,205.9
irradiance,2017,201.8
irradiance,2017,197.6
irradiance,2017,193.5
irradiance,2017,189.4
irradiance,2017,185.3
irradiance,2017,181.2
irradiance,2017,177.1
irradiance,2017,173
irradiance,2017,168.8
irradiance,2017,164.7
irradiance,2017,160.6
irradiance,2017,156.5
irradiance,2017,152.4
irradiance,2017,148.3
irradiance,2017,144.2
irradiance,2017,140
irradiance,2017,135.9
irradiance,2017,131.8
irradiance,2017,127.7
irradiance,2017,123.6
irradiance,2017,119.5
irradiance,2017,115.4
irradiance,2017,111.2
irradiance,2017,107.1
irradiance,2017,-12.18
irradiance,2017,-16.29
irradiance,2017,-20.41
irradiance,2017,-24.52
irradiance,2017,-28.64
irradiance,2017,230.6
irradiance,2017,226.4
irradiance,2017,222.3
irradiance,2017,218.2
irradiance,2017,214.1
irradiance,2017,210
irradiance,2017,205.9
irradiance,2017,201.8
irradiance,2017,197.6
irradiance,2017,193.5
irradiance,2017,189.4
irradiance,2017,185.3
irradiance,2017,181.2
irradiance,2017,177.1
irradiance,2017,173
irradiance,2017,168.8
irradiance,2017,164.7
irradiance,2017,160.6
irradiance,2017,156.5
irradiance,2017,152.4
irradiance,2017,148.3
irradiance,2017,144.2
irradiance,2017,140
irradiance,2017,135.9
irradiance,2017,131.8
irradiance,2017,127.7
irradiance,2017,123.6
irradiance,2017,119.5
irradiance,2017,-12.18
irradiance,2017,-16.29
irradiance,2017,-20.41
irradiance,2017,-24.52
irradiance,2017,-28.64
irradiance,2017,234.7
irradiance,2017,230.6
irradiance,2017,226.4
irradiance,2017,222.3
irradiance,2017,218.2
irradiance,2017,214.1
irradiance,2017,210
irradiance,2017,205.9
irradiance,2017,201.8
irradiance,2017,197.6
irradiance,2017,193.5
irradiance,2017,189.4
irradiance,2017,185.3
irradiance,2017,181.2
irradiance,2017,177.1
irradiance,2017,173
irradiance,2017,168.8
irradiance,2017,164.7
irradiance,2017,160.6
irradiance,2017,156.5
irradiance,2017,152.4
irradiance,2017,148.3
irradiance,2017,144.2
irradiance,2017,140
irradiance,2017,135.9
irradiance,2017,131.8
irradiance,2017,-12.18
irradiance,2017,-16.29
irradiance,2017,-20.41
irradiance,2017,-24.52
irradiance,2017,-28.64
irradiance,2017,238.8
irradiance,2017,234.7
irradiance,2017,230.6
irradiance,2017,226.4
irradiance,2017,222.3
irradiance,2017,218.2
irradiance,2017,214.1
irradiance,2017,210
irradiance,2017,205.9
irradiance,2017,201.8
irradiance,2017,197.6
irradiance,2017,193.5
irradiance,2017,189.4
irradiance,2017,185.3
irradiance,2017,181.2
irradiance,2017,177.1
irradiance,2017,173
irradiance,2017,168.8
irradiance,2017,164.7
irradiance,2017,160.6
irradiance,2017,156.5
irradiance,2017,152.4
irradiance,2017,148.3
irradiance,2017,144.2
irradiance,2017,140
irradiance,2017,-12.18
irradiance,2017,-16.29
irradiance,2017,-20.41
irradiance,2017,-24.52
irradiance,2017,-28.64
irradiance,2017,242.9
irradiance,2017,238.8
irradiance,2017,234.7
irradiance,2017,230.6
irradiance,2017,226.4
irradiance,2017,222.3
irradiance,2017,218.2
irradiance,2017,214.1
irradiance,2017,210
irradiance,2017,205.9
irradiance,2017,201.8
irradiance,2017,197.6
irradiance,2017,193.5
irradiance,2017,189.4
irradiance,2017,185.3
irradiance,2017,181.2
irradiance,2017,177.1
irradiance,2017,173
irradiance,2017,168.8
irradiance,2017,164.7
irradiance,2017,160.6
irradiance,2017,156.5
irradiance,2017,152.4
irradiance,2017,-12.18
irradiance,2017,-16.29
irradiance,2017,-20.41
irradiance,2017,-24.52
irradiance,2017,-28.64
irradiance,2017,242.9
irradiance,2017,238.8
irradiance,2017,234.7
irradiance,2017,230.6
irradiance,2017,226.4
irradiance,2017,222.3
irradiance,2017,218.2
irradiance,2017,214.1
irradiance,2017,210
irradiance,2017,205.9
irradiance,2017,201.8
irradiance,2017,197.6
irradiance,2017,193.5
irradiance,2017,189.4
irradiance,2017,185.3
irradiance,2017,181.2
irradiance,2017,177.1
irradiance,2017,173
irradiance,2017,168.8
irradiance,2017,164.7
irradiance,2017,-12.18
irradiance,2017,-16.29
irradiance,2017,-20.41
irradiance,2017,-24.52
irradiance,2017,-28.64
irradiance,2017,242.9
irradiance,2017,238.8
irradiance,2017,234.7
irradiance,2017,230.6
irradiance,2017,226.4
irradiance,2017,222.3
irradiance,2017,218.2
irradiance,2017,214.1
irradiance,2017,210
irradiance,2017,205.9
irradiance,2017,201.8
irradiance,2017,197.6
irradiance,2017,193.5
irradiance,2017,189.4
irradiance,2017,185.3
irradiance,2017,181.2
irradiance,2017,177.1
irradiance,2017,-12.18
irradiance,2017,-16.29
irradiance,2017,-20.41
irradiance,2017,-24.52
irradiance,2017,-28.64
irradiance,2017,242.9
irradiance,2017,238.8
irradiance,2017,234.7
irradiance,2017,230.6
irradiance,2017,226.4
irradiance,2017,222.3
irradiance,2017,218.2
irradiance,2017,214.1
irradiance,2017,210
irradiance,2017,205.9
irradiance,2017,201.8
irradiance,2017,197.6
irradiance,2017,193.5
irradiance,2017,189.4
irradiance,2017,185.3
irradiance,2017,-12.18
irradiance,2017,-16.29
irradiance,2017,-20.41
irradiance,2017,-24.52
irradiance,2017,-28.64
irradiance,2017,238.8
irradiance,2017,234.7
irradiance,2017,230.6
irradiance,2017,226.4
irradiance,2017,222.3
irradiance,2017,218.2
irradiance,2017,214.1
irradiance,2017,210
irradiance,2017,205.9
irradiance,2017,201.8
irradiance,2017,197.6
irradiance,2017,-12.18
irradiance,2017,-16.29
irradiance,2017,-20.41
irradiance,2017,-24.52
irradiance,2017,-28.64
irradiance,2017,238.8
irradiance,2017,234.7
irradiance,2017,230.6
irradiance,2017,226.4
irradiance,2017,222.3
irradiance,2017,218.2
irradiance,2017,214.1
irradiance,2017,210
irradiance,2017,205.9
irradiance,2017,201.8
irradiance,2017,197.6
irradiance,2017,193.5
irradiance,2017,-12.18
irradiance,2017,-16.29
irradiance,2017,-20.41
irradiance,2017,-24.52
irradiance,2017,-28.64
irradiance,2017,234.7
irradiance,2017,230.6
irradiance,2017,226.4
irradiance,2017,222.3
irradiance,2017,218.2
irradiance,2017,214.1
irradiance,2017,210
irradiance,2017,205.9
irradiance,2017,201.8
irradiance,2017,197.6
irradiance,2017,193.5
irradiance,2017,189.4
irradiance,2017,-12.18
irradiance,2017,-16.29
irradiance,2017,-20.41
irradiance,2017,-24.52
irradiance,2017,-28.64
irradiance,2017,230.6
irradiance,2017,226.4
irradiance,2017,222.3
irradiance,2017,218.2
irradiance,2017,214.1
irradiance,2017,210
irradiance,2017,205.9
irradiance,2017,201.8
irradiance,2017,197.6
irradiance,2017,193.5
irradiance,2017,189.4
irradiance,2017,-12.18
irradiance,2017,-16.29
irradiance,2017,-20.41
irradiance,2017,-24.52
irradiance,2017,-28.64
irradiance,2017,230.6
irradiance,2017,226.4
irradiance,2017,222.3
irradiance,2017,218.2
irradiance,2017,214.1
irradiance,2017,210
irradiance,2017,205.9
irradiance,2017,201.8
irradiance,2017,197.6
irradiance,2017,193.5
irradiance,2017,189.4
irradiance,2017,185.3
irradiance,2017,-12.18
irradiance,2017,-16.29
irradiance,2017,-20.41
irradiance,2017,-24.52
irradiance,2017,-28.64
irradiance,2018,226.4
irradiance,2018,222.3
irradiance,2018,218.2
irradiance,2018,214.1
irradiance,2018,210
irradiance,2018,205.9
irradiance,2018,201.8
irradiance,2018,197.6
irradiance,2018,193.5
irradiance,2018,189.4
irradiance,2018,185.3
irradiance,2018,181.2
irradiance,2018,-12.18
irradiance,2018,-16.29
irradiance,2018,-20.41
irradiance,2018,-24.52
irradiance,2018,-28.64
irradiance,2018,222.3
irradiance,2018,218.2
irradiance,2018,214.1
irradiance,2018,210
irradiance,2018,205.9
irradiance,2018,201.8
irradiance,2018,197.6
irradiance,2018,193.5
irradiance,2018,189.4
irradiance,2018,185.3
irradiance,2018,181.2
irradiance,2018,-12.18
irradiance,2018,-16.29
irradiance,2018,-20.41
irradiance,2018,-24.52
irradiance,2018,-28.64
irradiance,2018,222.3
irradiance,2018,218.2
irradiance,2018,214.1
irradiance,2018,210
irradiance,2018,205.9
irradiance,2018,201.8
irradiance,2018,197.6
irradiance,2018,193.5
irradiance,2018,189.4
irradiance,2018,185.3
irradiance,2018,181.2
irradiance,2018,177.1
irradiance,2018,-12.18
irradiance,2018,-16.29
irradiance,2018,-20.41
irradiance,2018,-24.52
irradiance,2018,-28.64
irradiance,2018,218.2
irradiance,2018,214.1
irradiance,2018,210
irradiance,2018,205.9
irradiance,2018,201.8
irradiance,2018,197.6
irradiance,2018,193.5
irradiance,2018,189.4
irradiance,2018,185.3
irradiance,2018,181.2
irradiance,2018,177.1
irradiance,2018,173
irradiance,2018,-12.18
irradiance,2018,-16.29
irradiance,2018,-20.41
irradiance,2018,-24.52
irradiance,2018,-28.64
irradiance,2018,214.1
irradiance,2018,210
irradiance,2018,205.9
irradiance,2018,201.8
irradiance,2018,197.6
irradiance,2018,193.5
irradiance,2018,189.4
irradiance,2018,185.3
irradiance,2018,181.2
irradiance,2018,177.1
irradiance,2018,173
irradiance,2018,-12.18
irradiance,2018,-16.29
irradiance,2018,-20.41
irradiance,2018,-24.52
irradiance,2018,-28.64
irradiance,2018,214.1
irradiance,2018,210
irradiance,2018,205.9
irradiance,2018,201.8
irradiance,2018,197.6
irradiance,2018,193.5
irradiance,2018,189.4
irradiance,2018,185.3
irradiance,2018,181.2
irradiance,2018,177.1
irradiance,2018,173
irradiance,2018,168.8
irradiance,2018,-12.18
irradiance,2018,-16.29
irradiance,2018,-20.41
irradiance,2018,-24.52
irradiance,2018,-28.64
irradiance,2018,210
irradiance,2018,205.9
irradiance,2018,201.8
irradiance,2018,197.6
irradiance,2018,193.5
irradiance,2018,189.4
irradiance,2018,185.3
irradiance,2018,181.2
irradiance,2018,177.1
irradiance,2018,173
irradiance,2018,168.8
irradiance,2018,-12.18
irradiance,2018,-16.29
irradiance,2018,-20.41
irradiance,2018,-24.52
irradiance,2018,-28.64
irradiance,2018,205.9
irradiance,2018,201.8
irradiance,2018,197.6
irradiance,2018,193.5
irradiance,2018,189.4
irradiance,2018,185.3
irradiance,2018,181.2
irradiance,2018,177.1
irradiance,2018,173
irradiance,2018,168.8
irradiance,2018,-12.18
irradiance,2018,-16.29
irradiance,2018,-20.41
irradiance,2018,-24.52
irradiance,2018,-28.64
irradiance,2018,201.8
irradiance,2018,197.6
irradiance,2018,193.5
irradiance,2018,189.4
irradiance,2018,185.3
irradiance,2018,181.2
irradiance,2018,177.1
irradiance,2018,173
irradiance,2018,168.8
irradiance,2018,-12.18
irradiance,2018,-16.29
irradiance,2018,-20.41
irradiance,2018,-24.52
irradiance,2018,-28.64
irradiance,2018,201.8
irradiance,2018,197.6
irradiance,2018,193.5
irradiance,2018,189.4
irradiance,2018,185.3
irradiance,2018,181.2
irradiance,2018,177.1
irradiance,2018,173
irradiance,2018,168.8
irradiance,2018,164.7
irradiance,2018,-12.18
irradiance,2018,-16.29
irradiance,2018,-20.41
irradiance,2018,-24.52
irradiance,2018,-28.64
irradiance,2018,201.8
irradiance,2018,197.6
irradiance,2018,193.5
irradiance,2018,189.4
irradiance,2018,185.3
irradiance,2018,181.2
irradiance,2018,177.1
irradiance,2018,173
irradiance,2018,168.8
irradiance,2018,164.7
irradiance,2018,-12.18
irradiance,2018,-16.29
irradiance,2018,-20.41
irradiance,2018,-24.52
irradiance,2018,-28.64
irradiance,2018,201.8
irradiance,2018,197.6
irradiance,2018,193.5
irradiance,2018,189.4
irradiance,2018,185.3
irradiance,2018,181.2
irradiance,2018,177.1
irradiance,2018,173
irradiance,2018,168.8
irradiance,2018,164.7
irradiance,2018,-12.18
irradiance,2018,-16.29
irradiance,2018,-20.41
irradiance,2018,-24.52
irradiance,2018,-28.64
irradiance,2018,197.6
irradiance,2018,193.5
irradiance,2018,189.4
irradiance,2018,185.3
irradiance,2018,181.2
irradiance,2018,177.1
irradiance,2018,173
irradiance,2018,168.8
irradiance,2018,164.7
irradiance,2018,-12.18
irradiance,2018,-16.29
irradiance,2018,-20.41
irradiance,2018,-24.52
irradiance,2018,-28.64
irradiance,2018,197.6
irradiance,2018,193.5
irradiance,2018,189.4
irradiance,2018,185.3
irradiance,2018,181.2
irradiance,2018,177.1
irradiance,2018,173
irradiance,2018,168.8
irradiance,2018,164.7
irradiance,2018,160.6
irradiance,2018,-12.18
irradiance,2018,-16.29
irradiance,2018,-20.41
irradiance,2018,-24.52
irradiance,2018,-28.64
irradiance,2018,197.6
irradiance,2018,193.5
irradiance,2018,189.4
irradiance,2018,185.3
irradiance,2018,181.2
irradiance,2018,177.1
irradiance,2018,173
irradiance,2018,168.8
irradiance,2018,164.7
irradiance,2018,160.6
irradiance,2018,-12.18
irradiance,2018,-16.29
irradiance,2018,-20.41
irradiance,2018,-24.52
irradiance,2018,-28.64
irradiance,2018,197.6
irradiance,2018,193.5
irradiance,2018,189.4
irradiance,2018,185.3
irradiance,2018,181.2
irradiance,2018,177.1
irradiance,2018,173
irradiance,2018,168.8
irradiance,2018,164.7
irradiance,2018,160.6
irradiance,2018,-12.18
irradiance,2018,-16.29
irradiance,2018,-20.41
irradiance,2018,-24.52
irradiance,2018,-28.64
irradiance,2018,193.5
irradiance,2018,189.4
irradiance,2018,185.3
irradiance,2018,181.2
irradiance,2018,177.1
irradiance,2018,173
irradiance,2018,168.8
irradiance,2018,164.7
irradiance,2018,160.6
irradiance,2018,156.5
irradiance,2018,152.4
irradiance,2018,148.3
irradiance,2018,-12.18
irradiance,2018,-16.29
irradiance,2018,-20.41
irradiance,2018,-24.52
irradiance,2018,-28.64
irradiance,2018,193.5
irradiance,2018,189.4
irradiance,2018,185.3
irradiance,2018,181.2
irradiance,2018,177.1
irradiance,2018,173
irradiance,2018,168.8
irradiance,2018,164.7
irradiance,2018,160.6
irradiance,2018,156.5
irradiance,2018,152.4
irradiance,2018,148.3
irradiance,2018,144.2
irradiance,2018,140
irradiance,2018,135.9
irradiance,2018,-12.18
irradiance,2018,-16.29
irradiance,2018,-20.41
irradiance,2018,-24.52
irradiance,2018,-28.64
irradiance,2018,193.5
irradiance,2018,189.4
irradiance,2018,185.3
irradiance,2018,181.2
irradiance,2018,177.1
irradiance,2018,173
irradiance,2018,168.8
irradiance,2018,164.7
irradiance,2018,160.6
irradiance,2018,156.5
irradiance,2018,152.4
irradiance,2018,148.3
irradiance,2018,144.2
irradiance,2018,140
irradiance,2018,135.9
irradiance,2018,131.8
irradiance,2018,127.7
irradiance,2018,123.6
irradiance,2018,-12.18
irradiance,2018,-16.29
irradiance,2018,-20.41
irradiance,2018,-24.52
irradiance,2018,-28.64
irradiance,2018,193.5
irradiance,2018,189.4
irradiance,2018,185.3
irradiance,2018,181.2
irradiance,2018,177.1
irradiance,2018,173
irradiance,2018,168.8
irradiance,2018,164.7
irradiance,2018,160.6
irradiance,2018,156.5
irradiance,2018,152.4
irradiance,2018,148.3
irradiance,2018,144.2
irradiance,2018,140
irradiance,2018,135.9
irradiance,2018,131.8
irradiance,2018,127.7
irradiance,2018,123.6
irradiance,2018,119.5
irradiance,2018,115.4
irradiance,2018,111.2
irradiance,2018,-12.18
irradiance,2018,-16.29
irradiance,2018,-20.41
irradiance,2018,-24.52
irradiance,2018,-28.64
irradiance,2018,189.4
irradiance,2018,185.3
irradiance,2018,181.2
irradiance,2018,177.1
irradiance,2018,173
irradiance,2018,168.8
irradiance,2018,164.7
irradiance,2018,160.6
irradiance,2018,156.5
irradiance,2018,152.4
irradiance,2018,148.3
irradiance,2018,144.2
irradiance,2018,140
irradiance,2018,135.9
irradiance,2018,131.8
irradiance,2018,127.7
irradiance,2018,123.6
irradiance,2018,119.5
irradiance,2018,115.4
irradiance,2018,111.2
irradiance,2018,107.1
irradiance,2018,103
irradiance,2018,-12.18
irradiance,2018,-16.29
irradiance,2018,-20.41
irradiance,2018,-24.52
irradiance,2018,-28.64
irradiance,2018,189.4
irradiance,2018,185.3
irradiance,2018,181.2
irradiance,2018,177.1
irradiance,2018,173
irradiance,2018,168.8
irradiance,2018,164.7
irradiance,2018,160.6
irradiance,2018,156.5
irradiance,2018,152.4
irradiance,2018,148.3
irradiance,2018,144.2
irradiance,2018,140
irradiance,2018,135.9
irradiance,2018,131.8
irradiance,2018,127.7
irradiance,2018,123.6
irradiance,2018,119.5
irradiance,2018,115.4
irradiance,2018,111.2
irradiance,2018,107.1
irradiance,2018,103
irradiance,2018,98.9
irradiance,2018,94.79
irradiance,2018,90.68
irradiance,2018,-12.18
irradiance,2018,-16.29
irradiance,2018,-20.41
irradiance,2018,-24.52
irradiance,2018,-28.64
irradiance,2018,185.3
irradiance,2018,181.2
irradiance,2018,177.1
irradiance,2018,173
irradiance,2018,168.8
irradiance,2018,164.7
irradiance,2018,160.6
irradiance,2018,156.5
irradiance,2018,152.4
irradiance,2018,148.3
irradiance,2018,144.2
irradiance,2018,140
irradiance,2018,135.9
irradiance,2018,131.8
irradiance,2018,127.7
irradiance,2018,123.6
irradiance,2018,119.5
irradiance,2018,115.4
irradiance,2018,111.2
irradiance,2018,107.1
irradiance,2018,103
irradiance,2018,98.9
irradiance,2018,94.79
irradiance,2018,90.68
irradiance,2018,86.56
irradiance,2018,82.45
irradiance,2018,78.33
irradiance,2018,-12.18
irradiance,2018,-16.29
irradiance,2018,-20.41
irradiance,2018,-24.52
irradiance,2018,-28.64
irradiance,2018,177.1
irradiance,2018,173
irradiance,2018,168.8
irradiance,2018,164.7
irradiance,2018,160.6
irradiance,2018,156.5
irradiance,2018,152.4
irradiance,2018,148.3
irradiance,2018,144.2
irradiance,2018,140
irradiance,2018,135.9
irradiance,2018,131.8
irradiance,2018,127.7
irradiance,2018,123.6
irradiance,2018,119.5
irradiance,2018,115.4
irradiance,2018,111.2
irradiance,2018,107.1
irradiance,2018,103
irradiance,2018,98.9
irradiance,2018,94.79
irradiance,2018,90.68
irradiance,2018,86.56
irradiance,2018,82.45
irradiance,2018,78.33
irradiance,2018,74.22
irradiance,2018,70.1
irradiance,2018,65.99
irradiance,2018,-12.18
irradiance,2018,-16.29
irradiance,2018,-20.41
irradiance,2018,-24.52
irradiance,2018,-28.64
irradiance,2018,168.8
irradiance,2018,164.7
irradiance,2018,160.6
irradiance,2018,156.5
irradiance,2018,152.4
irradiance,2018,148.3
irradiance,2018,144.2
irradiance,2018,140
irradiance,2018,135.9
irradiance,2018,131.8
irradiance,2018,127.7
irradiance,2018,123.6
irradiance,2018,119.5
irradiance,2018,115.4
irradiance,2018,111.2
irradiance,2018,107.1
irradiance,2018,103
irradiance,2018,98.9
irradiance,2018,94.79
irradiance,2018,90.68
irradiance,2018,86.56
irradiance,2018,82.45
irradiance,2018,78.33
irradiance,2018,74.22
irradiance,2018,70.1
irradiance,2018,65.99
irradiance,2018,61.88
irradiance,2018,57.76
irradiance,2018,53.65
irradiance,2018,-12.18
irradiance,2018,-16.29
irradiance,2018,-20.41
irradiance,2018,-24.52
irradiance,2018,-28.64
irradiance,2018,156.5
irradiance,2018,152.4
irradiance,2018,148.3
irradiance,2018,144.2
irradiance,2018,140
irradiance,2018,135.9
irradiance,2018,131.8
irradiance,2018,127.7
irradiance,2018,123.6
irradiance,2018,119.5
irradiance,2018,115.4
irradiance,2018,111.2
irradiance,2018,107.1
irradiance,2018,103
irradiance,2018,98.9
irradiance,2018,94.79
irradiance,2018,90.68
irradiance,2018,86.56
irradiance,2018,82.45
irradiance,2018,78.33
irradiance,2018,74.22
irradiance,2018,70.1
irradiance,2018,65.99
irradiance,2018,61.88
irradiance,2018,57.76
irradiance,2018,53.65
irradiance,2018,49.53
irradiance,2018,45.42
irradiance,2018,-12.18
irradiance,2018,-16.29
irradiance,2018,-20.41
irradiance,2018,-24.52
irradiance,2018,-28.64
irradiance,2018,144.2
irradiance,2018,140
irradiance,2018,135.9
irradiance,2018,131.8
irradiance,2018,127.7
irradiance,2018,123.6
irradiance,2018,119.5
irradiance,2018,115.4
irradiance,2018,111.2
irradiance,2018,107.1
irradiance,2018,103
irradiance,2018,98.9
irradiance,2018,94.79
irradiance,2018,90.68
irradiance,2018,86.56
irradiance,2018,82.45
irradiance,2018,78.33
irradiance,2018,74.22
irradiance,2018,70.1
irradiance,2018,65.99
irradiance,2018,61.88
irradiance,2018,57.76
irradiance,2018,53.65
irradiance,2018,49.53
irradiance,2018,45.42
irradiance,2018,41.3
irradiance,2018,37.19
irradiance,2018,33.08
irradiance,2018,-12.18
irradiance,2018,-16.29
irradiance,2018,-20.41
irradiance,2018,-24.52
irradiance,2018,-28.64
irradiance,2018,131.8
irradiance,2018,127.7
irradiance,2018,123.6
irradiance,2018,119.5
irradiance,2018,115.4
irradiance,2018,111.2
irradiance,2018,107.1
irradiance,2018,103
irradiance,2018,98.9
irradiance,2018,94.79
irradiance,2018,90.68
irradiance,2018,86.56
irradiance,2018,82.45
irradiance,2018,78.33
irradiance,2018,74.22
irradiance,2018,70.1
irradiance,2018,65.99
irradiance,2018,61.88
irradiance,2018,57.76
irradiance,2018,53.65
irradiance,2018,49.53
irradiance,2018,45.42
irradiance,2018,41.3
irradiance,2018,37.19
irradiance,2018,33.08
irradiance,2018,28.96
irradiance,2018,24.85
irradiance,2018,20.73
irradiance,2018,-12.18
irradiance,2018,-16.29
irradiance,2018,-20.41
irradiance,2018,-24.52
irradiance,2018,-28.64
irradiance,2018,123.6
irradiance,2018,119.5
irradiance,2018,115.4
irradiance,2018,111.2
irradiance,2018,107.1
irradiance,2018,103
irradiance,2018,98.9
irradiance,2018,94.79
irradiance,2018,90.68
irradiance,2018,86.56
irradiance,2018,82.45
irradiance,2018,78.33
irradiance,2018,74.22
irradiance,2018,70.1
irradiance,2018,65.99
irradiance,2018,61.88
irradiance,2018,57.76
irradiance,2018,53.65
irradiance,2018,49.53
irradiance,2018,45.42
irradiance,2018,41.3
irradiance,2018,37.19
irradiance,2018,33.08
irradiance,2018,28.96
irradiance,2018,24.85
irradiance,2018,20.73
irradiance,2018,16.62
irradiance,2018,12.51
irradiance,2018,-12.18
irradiance,2018,-16.29
irradiance,2018,-20.41
irradiance,2018,-24.52
irradiance,2018,-28.64
irradiance,2018,111.2
irradiance,2018,107.1
irradiance,2018,103
irradiance,2018,98.9
irradiance,2018,94.79
irradiance,2018,90.68
irradiance,2018,86.56
irradiance,2018,82.45
irradiance,2018,78.33
irradiance,2018,74.22
irradiance,2018,70.1
irradiance,2018,65.99
irradiance,2018,61.88
irradiance,2018,57.76
irradiance,2018,53.65
irradiance,2018,49.53
irradiance,2018,45.42
irradiance,2018,41.3
irradiance,2018,37.19
irradiance,2018,33.08
irradiance,2018,28.96
irradiance,2018,24.85
irradiance,2018,20.73
irradiance,2018,16.62
irradiance,2018,12.51
irradiance,2018,8.391
irradiance,2018,-12.18
irradiance,2018,-16.29
irradiance,2018,-20.41
irradiance,2018,-24.52
irradiance,2018,-28.64
irradiance,2018,98.9
irradiance,2018,94.79
irradiance,2018,90.68
irradiance,2018,86.56
irradiance,2018,82.45
irradiance,2018,78.33
irradiance,2018,74.22
irradiance,2018,70.1
irradiance,2018,65.99
irradiance,2018,61.88
irradiance,2018,57.76
irradiance,2018,53.65
irradiance,2018,49.53
irradiance,2018,45.42
irradiance,2018,41.3
irradiance,2018,37.19
irradiance,2018,33.08
irradiance,2018,28.96
irradiance,2018,24.85
irradiance,2018,20.73
irradiance,2018,16.62
irradiance,2018,12.51
irradiance,2018,8.391
irradiance,2018,4.277
irradiance,2018,-12.18
irradiance,2018,-16.29
irradiance,2018,-20.41
irradiance,2018,-24.52
irradiance,2018,-28.64
irradiance,2018,86.56
irradiance,2018,82.45
irradiance,2018,78.33
irradiance,2018,74.22
irradiance,2018,70.1
irradiance,2018,65.99
irradiance,2018,61.88
irradiance,2018,57.76
irradiance,2018,53.65
irradiance,2018,49.53
irradiance,2018,45.42
irradiance,2018,41.3
irradiance,2018,37.19
irradiance,2018,33.08
irradiance,2018,28.96
irradiance,2018,24.85
irradiance,2018,20.73
irradiance,2018,16.62
irradiance,2018,12.51
irradiance,2018,8.391
irradiance,2018,4.277
irradiance,2018,-12.18
irradiance,2018,-16.29
irradiance,2018,-20.41
irradiance,2018,-24.52
irradiance,2018,-28.64
irradiance,2018,74.22
irradiance,2018,70.1
irradiance,2018,65.99
irradiance,2018,61.88
irradiance,2018,57.76
irradiance,2018,53.65
irradiance,2018,49.53
irradiance,2018,45.42
irradiance,2018,41.3
irradiance,2018,37.19
irradiance,2018,33.08
irradiance,2018,28.96
irradiance,2018,24.85
irradiance,2018,20.73
irradiance,2018,16.62
irradiance,2018,12.51
irradiance,2018,8.391
irradiance,2018,4.277
irradiance,2018,0.1627
irradiance,2018,-12.18
irradiance,2018,-16.29
irradiance,2018,-20.41
irradiance,2018,-24.52
irradiance,2018,-28.64
irradiance,2018,65.99
irradiance,2018,61.88
irradiance,2018,57.76
irradiance,2018,53.65
irradiance,2018,49.53
irradiance,2018,45.42
irradiance,2018,41.3
irradiance,2018,37.19
irradiance,2018,33.08
irradiance,2018,28.96
irradiance,2018,24.85
irradiance,2018,20.73
irradiance,2018,16.62
irradiance,2018,12.51
irradiance,2018,8.391
irradiance,2018,4.277
irradiance,2018,0.1627
irradiance,2018,-3.952
irradiance,2018,-12.18
irradiance,2018,-16.29
irradiance,2018,-20.41
irradiance,2018,-24.52
irradiance,2018,-28.64
irradiance,2018,53.65
irradiance,2018,49.53
irradiance,2018,45.42
irradiance,2018,41.3
irradiance,2018,37.19
irradiance,2018,33.08
irradiance,2018,28.96
irradiance,2018,24.85
irradiance,2018,20.73
irradiance,2018,16.62
irradiance,2018,12.51
irradiance,2018,8.391
irradiance,2018,4.277
irradiance,2018,0.1627
irradiance,2018,-3.952
irradiance,2018,-12.18
irradiance,2018,-16.29
irradiance,2018,-20.41
irradiance,2018,-24.52
irradiance,2018,-28.64
irradiance,2018,41.3
irradiance,2018,37.19
irradiance,2018,33.08
irradiance,2018,28.96
irradiance,2018,24.85
irradiance,2018,20.73
irradiance,2018,16.62
irradiance,2018,12.51
irradiance,2018,8.391
irradiance,2018,4.277
irradiance,2018,0.1627
irradiance,2018,-3.952
irradiance,2018,-8.066
irradiance,2018,-12.18
irradiance,2018,-16.29
irradiance,2018,-20.41
irradiance,2018,-24.52
irradiance,2018,-28.64
irradiance,2018,33.08
irradiance,2018,28.96
irradiance,2018,24.85
irradiance,2018,20.73
irradiance,2018,16.62
irradiance,2018,12.51
irradiance,2018,8.391
irradiance,2018,4.277
irradiance,2018,0.1627
irradiance,2018,-3.952
irradiance,2018,-8.066
irradiance,2018,-12.18
irradiance,2018,-16.29
irradiance,2018,-20.41
irradiance,2018,-24.52
irradiance,2018,-28.64
irradiance,2018,28.96
irradiance,2018,24.85
irradiance,2018,20.73
irradiance,2018,16.62
irradiance,2018,12.51
irradiance,2018,8.391
irradiance,2018,4.277
irradiance,2018,0.1627
irradiance,2018,-3.952
irradiance,2018,-8.066
irradiance,2018,-12.18
irradiance,2018,-16.29
irradiance,2018,-20.41
irradiance,2018,-24.52
irradiance,2018,-28.64
irradiance,2018,28.96
irradiance,2018,24.85
irradiance,2018,20.73
irradiance,2018,16.62
irradiance,2018,12.51
irradiance,2018,8.391
irradiance,2018,4.277
irradiance,2018,0.1627
irradiance,2018,-3.952
irradiance,2018,-8.066
irradiance,2018,-12.18
irradiance,2018,-16.29
irradiance,2018,-20.41
irradiance,2018,-24.52
irradiance,2018,-28.64
irradiance,2018,24.85
irradiance,2018,20.73
irradiance,2018,16.62
irradiance,2018,12.51
irradiance,2018,8.391
irradiance,2018,4.277
irradiance,2018,0.1627
irradiance,2018,-3.952
irradiance,2018,-8.066
irradiance,2018,-12.18
irradiance,2018,-16.29
irradiance,2018,-20.41
irradiance,2018,-24.52
irradiance,2018,-28.64
irradiance,2018,20.73
irradiance,2018,16.62
irradiance,2018,12.51
irradiance,2018,8.391
irradiance,2018,4.277
irradiance,2018,0.1627
irradiance,2018,-3.952
irradiance,2018,-8.066
irradiance,2018,-12.18
irradiance,2018,-16.29
irradiance,2018,-20.41
irradiance,2018,-24.52
irradiance,2018,-28.64
irradiance,2018,20.73
irradiance,2018,16.62
irradiance,2018,12.51
irradiance,2018,8.391
irradiance,2018,4.277
irradiance,2018,0.1627
irradiance,2018,-3.952
irradiance,2018,-8.066
irradiance,2018,-12.18
irradiance,2018,-16.29
irradiance,2018,-20.41
irradiance,2018,-24.52
irradiance,2018,-28.64
irradiance,2018,16.62
irradiance,2018,12.51
irradiance,2018,8.391
irradiance,2018,4.277
irradiance,2018,0.1627
irradiance,2018,-3.952
irradiance,2018,-8.066
irradiance,2018,-12.18
irradiance,2018,-16.29
irradiance,2018,-20.41
irradiance,2018,-24.52
irradiance,2018,-28.64
irradiance,2018,12.51
irradiance,2018,8.391
irradiance,2018,4.277
irradiance,2018,0.1627
irradiance,2018,-3.952
irradiance,2018,-8.066
irradiance,2018,-12.18
irradiance,2018,-16.29
irradiance,2018,-20.41
irradiance,2018,-24.52
irradiance,2018,-28.64
irradiance,2018,12.51
irradiance,2018,8.391
irradiance,2018,4.277
irradiance,2018,0.1627
irradiance,2018,-3.952
irradiance,2018,-8.066
irradiance,2018,-12.18
irradiance,2018,-16.29
irradiance,2018,-20.41
irradiance,2018,-24.52
irradiance,2018,-28.64
irradiance,2018,8.391
irradiance,2018,4.277
irradiance,2018,0.1627
irradiance,2018,-3.952
irradiance,2018,-8.066
irradiance,2018,-12.18
irradiance,2018,-16.29
irradiance,2018,-20.41
irradiance,2018,-24.52
irradiance,2018,-28.64
irradiance,2018,4.277
irradiance,2018,0.1627
irradiance,2018,-3.952
irradiance,2018,-8.066
irradiance,2018,-12.18
irradiance,2018,-16.29
irradiance,2018,-20.41
irradiance,2018,-24.52
irradiance,2018,-28.64
irradiance,2018,4.277
irradiance,2018,0.1627
irradiance,2018,-3.952
irradiance,2018,-8.066
irradiance,2018,-12.18
irradiance,2018,-16.29
irradiance,2018,-20.41
irradiance,2018,-24.52
irradiance,2018,-28.64
irradiance,2018,4.277
irradiance,2018,0.1627
irradiance,2018,-3.952
irradiance,2018,-8.066
irradiance,2018,-12.18
irradiance,2018,-16.29
irradiance,2018,-20.41
irradiance,2018,-24.52
irradiance,2018,-28.64
irradiance,2018,4.277
irradiance,2018,0.1627
irradiance,2018,-3.952
irradiance,2018,-8.066
irradiance,2018,-12.18
irradiance,2018,-16.29
irradiance,2018,-20.41
irradiance,2018,-24.52
irradiance,2018,-28.64
irradiance,2018,4.277
irradiance,2018,0.1627
irradiance,2018,-3.952
irradiance,2018,-8.066
irradiance,2018,-12.18
irradiance,2018,-16.29
irradiance,2018,-20.41
irradiance,2018,-24.52
irradiance,2018,-28.64
irradiance,2018,4.277
irradiance,2018,0.1627
irradiance,2018,-3.952
irradiance,2018,-8.066
irradiance,2018,-12.18
irradiance,2018,-16.29
irradiance,2018,-20.41
irradiance,2018,-24.52
irradiance,2018,-28.64
irradiance,2018,4.277
irradiance,2018,0.1627
irradiance,2018,-3.952
irradiance,2018,-8.066
irradiance,2018,-12.18
irradiance,2018,-16.29
irradiance,2018,-20.41
irradiance,2018,-24.52
irradiance,2018,-28.64
irradiance,2018,4.277
irradiance,2018,0.1627
irradiance,2018,-3.952
irradiance,2018,-8.066
irradiance,2018,-12.18
irradiance,2018,-16.29
irradiance,2018,-20.41
irradiance,2018,-24.52
irradiance,2018,-28.64
irradiance,2018,4.277
irradiance,2018,0.1627
irradiance,2018,-3.952
irradiance,2018,-8.066
irradiance,2018,-12.18
irradiance,2018,-16.29
irradiance,2018,-20.41
irradiance,2018,-24.52
irradiance,2018,-28.64
irradiance,2018,4.277
irradiance,2018,0.1627
irradiance,2018,-3.952
irradiance,2018,-8.066
irradiance,2018,-12.18
irradiance,2018,-16.29
irradiance,2018,-20.41
irradiance,2018,-24.52
irradiance,2018,-28.64
irradiance,2018,4.277
irradiance,2018,0.1627
irradiance,2018,-3.952
irradiance,2018,-8.066
irradiance,2018,-12.18
irradiance,2018,-16.29
irradiance,2018,-20.41
irradiance,2018,-24.52
irradiance,2018,-28.64
irradiance,2018,4.277
irradiance,2018,0.1627
irradiance,2018,-3.952
irradiance,2018,-8.066
irradiance,2018,-12.18
irradiance,2018,-16.29
irradiance,2018,-20.41
irradiance,2018,-24.52
irradiance,2018,-28.64
irradiance,2018,4.277
irradiance,2018,0.1627
irradiance,2018,-3.952
irradiance,2018,-8.066
irradiance,2018,-12.18
irradiance,2018,-16.29
irradiance,2018,-20.41
irradiance,2018,-24.52
irradiance,2018,-28.64
irradiance,2018,4.277
irradiance,2018,0.1627
irradiance,2018,-3.952
irradiance,2018,-8.066
irradiance,2018,-12.18
irradiance,2018,-16.29
irradiance,2018,-20.41
irradiance,2018,-24.52
irradiance,2018,-28.64
irradiance,2018,4.277
irradiance,2018,0.1627
irradiance,2018,-3.952
irradiance,2018,-8.066
irradiance,2018,-12.18
irradiance,2018,-16.29
irradiance,2018,-20.41
irradiance,2018,-24.52
irradiance,2018,-28.64
irradiance,2018,4.277
irradiance,2018,0.1627
irradiance,2018,-3.952
irradiance,2018,-8.066
irradiance,2018,-12.18
irradiance,2018,-16.29
irradiance,2018,-20.41
irradiance,2018,-24.52
irradiance,2018,-28.64
irradiance,2018,4.277
irradiance,2018,0.1627
irradiance,2018,-3.952
irradiance,2018,-8.066
irradiance,2018,-12.18
irradiance,2018,-16.29
irradiance,2018,-20.41
irradiance,2018,-24.52
irradiance,2018,-28.64
irradiance,2018,4.277
irradiance,2018,0.1627
irradiance,2018,-3.952
irradiance,2018,-8.066
irradiance,2018,-12.18
irradiance,2018,-16.29
irradiance,2018,-20.41
irradiance,2018,-24.52
irradiance,2018,-28.64
irradiance,2018,4.277
irradiance,2018,0.1627
irradiance,2018,-3.952
irradiance,2018,-8.066
irradiance,2018,-12.18
irradiance,2018,-16.29
irradiance,2018,-20.41
irradiance,2018,-24.52
irradiance,2018,-28.64
irradiance,2018,4.277
irradiance,2018,0.1627
irradiance,2018,-3.952
irradiance,2018,-8.066
irradiance,2018,-12.18
irradiance,2018,-16.29
irradiance,2018,-20.41
irradiance,2018,-24.52
irradiance,2018,-28.64
irradiance,2018,4.277
irradiance,2018,0.1627
irradiance,2018,-3.952
irradiance,2018,-8.066
irradiance,2018,-12.18
irradiance,2018,-16.29
irradiance,2018,-20.41
irradiance,2018,-24.52
irradiance,2018,-28.64
irradiance,2018,4.277
irradiance,2018,0.1627
irradiance,2018,-3.952
irradiance,2018,-8.066
irradiance,2018,-12.18
irradiance,2018,-16.29
irradiance,2018,-20.41
irradiance,2018,-24.52
irradiance,2018,-28.64
irradiance,2018,12.51
irradiance,2018,8.391
irradiance,2018,4.277
irradiance,2018,0.1627
irradiance,2018,-3.952
irradiance,2018,-8.066
irradiance,2018,-12.18
irradiance,2018,-16.29
irradiance,2018,-20.41
irradiance,2018,-24.52
irradiance,2018,-28.64
irradiance,2018,20.73
irradiance,2018,16.62
irradiance,2018,12.51
irradiance,2018,8.391
irradiance,2018,4.277
irradiance,2018,0.1627
irradiance,2018,-3.952
irradiance,2018,-8.066
irradiance,2018,-12.18
irradiance,2018,-16.29
irradiance,2018,-20.41
irradiance,2018,-24.52
irradiance,2018,-28.64
irradiance,2018,33.08
irradiance,2018,28.96
irradiance,2018,24.85
irradiance,2018,20.73
irradiance,2018,16.62
irradiance,2018,12.51
irradiance,2018,8.391
irradiance,2018,4.277
irradiance,2018,0.1627
irradiance,2018,-3.952
irradiance,2018,-8.066
irradiance,2018,-12.18
irradiance,2018,-16.29
irradiance,2018,-20.41
irradiance,2018,-24.52
irradiance,2018,-28.64
irradiance,2018,45.42
irradiance,2018,41.3
irradiance,2018,37.19
irradiance,2018,33.08
irradiance,2018,28.96
irradiance,2018,24.85
irradiance,2018,20.73
irradiance,2018,16.62
irradiance,2018,12.51
irradiance,2018,8.391
irradiance,2018,4.277
irradiance,2018,0.1627
irradiance,2018,-3.952
irradiance,2018,-8.066
irradiance,2018,-12.18
irradiance,2018,-16.29
irradiance,2018,-20.41
irradiance,2018,-24.52
irradiance,2018,-28.64
irradiance,2018,57.76
irradiance,2018,53.65
irradiance,2018,49.53
irradiance,2018,45.42
irradiance,2018,41.3
irradiance,2018,37.19
irradiance,2018,33.08
irradiance,2018,28.96
irradiance,2018,24.85
irradiance,2018,20.73
irradiance,2018,16.62
irradiance,2018,12.51
irradiance,2018,8.391
irradiance,2018,4.277
irradiance,2018,0.1627
irradiance,2018,-3.952
irradiance,2018,-8.066
irradiance,2018,-12.18
irradiance,2018,-16.29
irradiance,2018,-20.41
irradiance,2018,-24.52
irradiance,2018,-28.64
irradiance,2018,70.1
irradiance,2018,65.99
irradiance,2018,61.88
irradiance,2018,57.76
irradiance,2018,53.65
irradiance,2018,49.53
irradiance,2018,45.42
irradiance,2018,41.3
irradiance,2018,37.19
irradiance,2018,33.08
irradiance,2018,28.96
irradiance,2018,24.85
irradiance,2018,20.73
irradiance,2018,16.62
irradiance,2018,12.51
irradiance,2018,8.391
irradiance,2018,4.277
irradiance,2018,0.1627
irradiance,2018,-3.952
irradiance,2018,-8.066
irradiance,2018,-12.18
irradiance,2018,-16.29
irradiance,2018,-20.41
irradiance,2018,-24.52
irradiance,2018,-28.64
irradiance,2018,82.45
irradiance,2018,78.33
irradiance,2018,74.22
irradiance,2018,70.1
irradiance,2018,65.99
irradiance,2018,61.88
irradiance,2018,57.76
irradiance,2018,53.65
irradiance,2018,49.53
irradiance,2018,45.42
irradiance,2018,41.3
irradiance,2018,37.19
irradiance,2018,33.08
irradiance,2018,28.96
irradiance,2018,24.85
irradiance,2018,20.73
irradiance,2018,16.62
irradiance,2018,12.51
irradiance,2018,8.391
irradiance,2018,4.277
irradiance,2018,0.1627
irradiance,2018,-3.952
irradiance,2018,-8.066
irradiance,2018,-12.18
irradiance,2018,-16.29
irradiance,2018,-20.41
irradiance,2018,-24.52
irradiance,2018,-28.64
irradiance,2018,90.68
irradiance,2018,86.56
irradiance,2018,82.45
irradiance,2018,78.33
irradiance,2018,74.22
irradiance,2018,70.1
irradiance,2018,65.99
irradiance,2018,61.88
irradiance,2018,57.76
irradiance,2018,53.65
irradiance,2018,49.53
irradiance,2018,45.42
irradiance,2018,41.3
irradiance,2018,37.19
irradiance,2018,33.08
irradiance,2018,28.96
irradiance,2018,24.85
irradiance,2018,20.73
irradiance,2018,16.62
irradiance,2018,12.51
irradiance,2018,8.391
irradiance,2018,4.277
irradiance,2018,0.1627
irradiance,2018,-3.952
irradiance,2018,-8.066
irradiance,2018,-12.18
irradiance,2018,-16.29
irradiance,2018,-20.41
irradiance,2018,-24.52
irradiance,2018,-28.64
irradiance,2018,103
irradiance,2018,98.9
irradiance,2018,94.79
irradiance,2018,90.68
irradiance,2018,86.56
irradiance,2018,82.45
irradiance,2018,78.33
irradiance,2018,74.22
irradiance,2018,70.1
irradiance,2018,65.99
irradiance,2018,61.88
irradiance,2018,57.76
irradiance,2018,53.65
irradiance,2018,49.53
irradiance,2018,45.42
irradiance,2018,41.3
irradiance,2018,37.19
irradiance,2018,33.08
irradiance,2018,28.96
irradiance,2018,24.85
irradiance,2018,20.73
irradiance,2018,16.62
irradiance,2018,12.51
irradiance,2018,8.391
irradiance,2018,4.277
irradiance,2018,0.1627
irradiance,2018,-3.952
irradiance,2018,-8.066
irradiance,2018,-12.18
irradiance,2018,-16.29
irradiance,2018,-20.41
irradiance,2018,-24.52
irradiance,2018,-28.64
irradiance,2018,115.4
irradiance,2018,111.2
irradiance,2018,107.1
irradiance,2018,103
irradiance,2018,98.9
irradiance,2018,94.79
irradiance,2018,90.68
irradiance,2018,86.56
irradiance,2018,82.45
irradiance,2018,78.33
irradiance,2018,74.22
irradiance,2018,70.1
irradiance,2018,65.99
irradiance,2018,61.88
irradiance,2018,57.76
irradiance,2018,53.65
irradiance,2018,49.53
irradiance,2018,45.42
irradiance,2018,41.3
irradiance,2018,37.19
irradiance,2018,33.08
irradiance,2018,28.96
irradiance,2018,24.85
irradiance,2018,20.73
irradiance,2018,16.62
irradiance,2018,12.51
irradiance,2018,8.391
irradiance,2018,4.277
irradiance,2018,0.1627
irradiance,2018,-12.18
irradiance,2018,-16.29
irradiance,2018,-20.41
irradiance,2018,-24.52
irradiance,2018,-28.64
irradiance,2018,127.7
irradiance,2018,123.6
irradiance,2018,119.5
irradiance,2018,115.4
irradiance,2018,111.2
irradiance,2018,107.1
irradiance,2018,103
irradiance,2018,98.9
irradiance,2018,94.79
irradiance,2018,90.68
irradiance,2018,86.56
irradiance,2018,82.45
irradiance,2018,78.33
irradiance,2018,74.22
irradiance,2018,70.1
irradiance,2018,65.99
irradiance,2018,61.88
irradiance,2018,57.76
irradiance,2018,53.65
irradiance,2018,49.53
irradiance,2018,45.42
irradiance,2018,41.3
irradiance,2018,37.19
irradiance,2018,33.08
irradiance,2018,28.96
irradiance,2018,24.85
irradiance,2018,20.73
irradiance,2018,16.62
irradiance,2018,12.51
irradiance,2018,-12.18
irradiance,2018,-16.29
irradiance,2018,-20.41
irradiance,2018,-24.52
irradiance,2018,-28.64
irradiance,2018,140
irradiance,2018,135.9
irradiance,2018,131.8
irradiance,2018,127.7
irradiance,2018,123.6
irradiance,2018,119.5
irradiance,2018,115.4
irradiance,2018,111.2
irradiance,2018,107.1
irradiance,2018,103
irradiance,2018,98.9
irradiance,2018,94.79
irradiance,2018,90.68
irradiance,2018,86.56
irradiance,2018,82.45
irradiance,2018,78.33
irradiance,2018,74.22
irradiance,2018,70.1
irradiance,2018,65.99
irradiance,2018,61.88
irradiance,2018,57.76
irradiance,2018,53.65
irradiance,2018,49.53
irradiance,2018,45.42
irradiance,2018,41.3
irradiance,2018,37.19
irradiance,2018,33.08
irradiance,2018,28.96
irradiance,2018,24.85
irradiance,2018,-12.18
irradiance,2018,-16.29
irradiance,2018,-20.41
irradiance,2018,-24.52
irradiance,2018,-28.64
irradiance,2018,148.3
irradiance,2018,144.2
irradiance,2018,140
irradiance,2018,135.9
irradiance,2018,131.8
irradiance,2018,127.7
irradiance,2018,123.6
irradiance,2018,119.5
irradiance,2018,115.4
irradiance,2018,111.2
irradiance,2018,107.1
irradiance,2018,103
irradiance,2018,98.9
irradiance,2018,94.79
irradiance,2018,90.68
irradiance,2018,86.56
irradiance,2018,82.45
irradiance,2018,78.33
irradiance,2018,74.22
irradiance,2018,70.1
irradiance,2018,65.99
irradiance,2018,61.88
irradiance,2018,57.76
irradiance,2018,53.65
irradiance,2018,49.53
irradiance,2018,45.42
irradiance,2018,41.3
irradiance,2018,37.19
irradiance,2018,-12.18
irradiance,2018,-16.29
irradiance,2018,-20.41
irradiance,2018,-24.52
irradiance,2018,-28.64
irradiance,2018,152.4
irradiance,2018,148.3
irradiance,2018,144.2
irradiance,2018,140
irradiance,2018,135.9
irradiance,2018,131.8
irradiance,2018,127.7
irradiance,2018,123.6
irradiance,2018,119.5
irradiance,2018,115.4
irradiance,2018,111.2
irradiance,2018,107.1
irradiance,2018,103
irradiance,2018,98.9
irradiance,2018,94.79
irradiance,2018,90.68
irradiance,2018,86.56
irradiance,2018,82.45
irradiance,2018,78.33
irradiance,2018,74.22
irradiance,2018,70.1
irradiance,2018,65.99
irradiance,2018,61.88
irradiance,2018,57.76
irradiance,2018,53.65
irradiance,2018,49.53
irradiance,2018,-12.18
irradiance,2018,-16.29
irradiance,2018,-20.41
irradiance,2018,-24.52
irradiance,2018,-28.64
irradiance,2018,156.5
irradiance,2018,152.4
irradiance,2018,148.3
irradiance,2018,144.2
irradiance,2018,140
irradiance,2018,135.9
irradiance,2018,131.8
irradiance,2018,127.7
irradiance,2018,123.6
irradiance,2018,119.5
irradiance,2018,115.4
irradiance,2018,111.2
irradiance,2018,107.1
irradiance,2018,103
irradiance,2018,98.9
irradiance,2018,94.79
irradiance,2018,90.68
irradiance,2018,86.56
irradiance,2018,82.45
irradiance,2018,78.33
irradiance,2018,74.22
irradiance,2018,70.1
irradiance,2018,65.99
irradiance,2018,61.88
irradiance,2018,-12.18
irradiance,2018,-16.29
irradiance,2018,-20.41
irradiance,2018,-24.52
irradiance,2018,-28.64
irradiance,2018,156.5
irradiance,2018,152.4
irradiance,2018,148.3
irradiance,2018,144.2
irradiance,2018,140
irradiance,2018,135.9
irradiance,2018,131.8
irradiance,2018,127.7
irradiance,2018,123.6
irradiance,2018,119.5
irradiance,2018,115.4
irradiance,2018,111.2
irradiance,2018,107.1
irradiance,2018,103
irradiance,2018,98.9
irradiance,2018,94.79
irradiance,2018,90.68
irradiance,2018,86.56
irradiance,2018,82.45
irradiance,2018,78.33
irradiance,2018,74.22
irradiance,2018,70.1
irradiance,2018,-12.18
irradiance,2018,-16.29
irradiance,2018,-20.41
irradiance,2018,-24.52
irradiance,2018,-28.64
irradiance,2018,156.5
irradiance,2018,152.4
irradiance,2018,148.3
irradiance,2018,144.2
irradiance,2018,140
irradiance,2018,135.9
irradiance,2018,131.8
irradiance,2018,127.7
irradiance,2018,123.6
irradiance,2018,119.5
irradiance,2018,115.4
irradiance,2018,111.2
irradiance,2018,107.1
irradiance,2018,103
irradiance,2018,98.9
irradiance,2018,94.79
irradiance,2018,90.68
irradiance,2018,86.56
irradiance,2018,82.45
irradiance,2018,-12.18
irradiance,2018,-16.29
irradiance,2018,-20.41
irradiance,2018,-24.52
irradiance,2018,-28.64
irradiance,2018,160.6
irradiance,2018,156.5
irradiance,2018,152.4
irradiance,2018,148.3
irradiance,2018,144.2
irradiance,2018,140
irradiance,2018,135.9
irradiance,2018,131.8
irradiance,2018,127.7
irradiance,2018,123.6
irradiance,2018,119.5
irradiance,2018,115.4
irradiance,2018,111.2
irradiance,2018,107.1
irradiance,2018,103
irradiance,2018,98.9
irradiance,2018,94.79
irradiance,2018,-12.18
irradiance,2018,-16.29
irradiance,2018,-20.41
irradiance,2018,-24.52
irradiance,2018,-28.64
irradiance,2018,160.6
irradiance,2018,156.5
irradiance,2018,152.4
irradiance,2018,148.3
irradiance,2018,144.2
irradiance,2018,140
irradiance,2018,135.9
irradiance,2018,131.8
irradiance,2018,127.7
irradiance,2018,123.6
irradiance,2018,119.5
irradiance,2018,115.4
irradiance,2018,111.2
irradiance,2018,107.1
irradiance,2018,-12.18
irradiance,2018,-16.29
irradiance,2018,-20.41
irradiance,2018,-24.52
irradiance,2018,-28.64
irradiance,2018,164.7
irradiance,2018,160.6
irradiance,2018,156.5
irradiance,2018,152.4
irradiance,2018,148.3
irradiance,2018,144.2
irradiance,2018,140
irradiance,2018,135.9
irradiance,2018,131.8
irradiance,2018,127.7
irradiance,2018,123.6
irradiance,2018,119.5
irradiance,2018,-12.18
irradiance,2018,-16.29
irradiance,2018,-20.41
irradiance,2018,-24.52
irradiance,2018,-28.64
irradiance,2018,164.7
irradiance,2018,160.6
irradiance,2018,156.5
irradiance,2018,152.4
irradiance,2018,148.3
irradiance,2018,144.2
irradiance,2018,140
irradiance,2018,135.9
irradiance,2018,131.8
irradiance,2018,127.7
irradiance,2018,-12.18
irradiance,2018,-16.29
irradiance,2018,-20.41
irradiance,2018,-24.52
irradiance,2018,-28.64
irradiance,2018,168.8
irradiance,2018,164.7
irradiance,2018,160.6
irradiance,2018,156.5
irradiance,2018,152.4
irradiance,2018,148.3
irradiance,2018,144.2
irradiance,2018,140
irradiance,2018,135.9
irradiance,2018,131.8
irradiance,2018,127.7
irradiance,2018,-12.18
irradiance,2018,-16.29
irradiance,2018,-20.41
irradiance,2018,-24.52
irradiance,2018,-28.64
irradiance,2018,168.8
irradiance,2018,164.7
irradiance,2018,160.6
irradiance,2018,156.5
irradiance,2018,152.4
irradiance,2018,148.3
irradiance,2018,144.2
irradiance,2018,140
irradiance,2018,135.9
irradiance,2018,131.8
irradiance,2018,-12.18
irradiance,2018,-16.29
irradiance,2018,-20.41
irradiance,2018,-24.52
irradiance,2018,-28.64
irradiance,2018,168.8
irradiance,2018,164.7
irradiance,2018,160.6
irradiance,2018,156.5
irradiance,2018,152.4
irradiance,2018,148.3
irradiance,2018,144.2
irradiance,2018,140
irradiance,2018,135.9
irradiance,2018,131.8
irradiance,2018,-12.18
irradiance,2018,-16.29
irradiance,2018,-20.41
irradiance,2018,-24.52
irradiance,2018,-28.64
irradiance,2018,173
irradiance,2018,168.8
irradiance,2018,164.7
irradiance,2018,160.6
irradiance,2018,156.5
irradiance,2018,152.4
irradiance,2018,148.3
irradiance,2018,144.2
irradiance,2018,140
irradiance,2018,135.9
irradiance,2018,-12.18
irradiance,2018,-16.29
irradiance,2018,-20.41
irradiance,2018,-24.52
irradiance,2018,-28.64
irradiance,2018,173
irradiance,2018,168.8
irradiance,2018,164.7
irradiance,2018,160.6
irradiance,2018,156.5
irradiance,2018,152.4
irradiance,2018,148.3
irradiance,2018,144.2
irradiance,2018,140
irradiance,2018,135.9
irradiance,2018,-12.18
irradiance,2018,-16.29
irradiance,2018,-20.41
irradiance,2018,-24.52
irradiance,2018,-28.64
irradiance,2018,177.1
irradiance,2018,173
irradiance,2018,168.8
irradiance,2018,164.7
irradiance,2018,160.6
irradiance,2018,156.5
irradiance,2018,152.4
irradiance,2018,148.3
irradiance,2018,144.2
irradiance,2018,140
irradiance,2018,135.9
irradiance,2018,-12.18
irradiance,2018,-16.29
irradiance,2018,-20.41
irradiance,2018,-24.52
irradiance,2018,-28.64
irradiance,2018,177.1
irradiance,2018,173
irradiance,2018,168.8
irradiance,2018,164.7
irradiance,2018,160.6
irradiance,2018,156.5
irradiance,2018,152.4
irradiance,2018,148.3
irradiance,2018,144.2
irradiance,2018,140
irradiance,2018,-12.18
irradiance,2018,-16.29
irradiance,2018,-20.41
irradiance,2018,-24.52
irradiance,2018,-28.64
irradiance,2018,181.2
irradiance,2018,177.1
irradiance,2018,173
irradiance,2018,168.8
irradiance,2018,164.7
irradiance,2018,160.6
irradiance,2018,156.5
irradiance,2018,152.4
irradiance,2018,148.3
irradiance,2018,144.2
irradiance,2018,140
irradiance,2018,-12.18
irradiance,2018,-16.29
irradiance,2018,-20.41
irradiance,2018,-24.52
irradiance,2018,-28.64
irradiance,2018,181.2
irradiance,2018,177.1
irradiance,2018,173
irradiance,2018,168.8
irradiance,2018,164.7
irradiance,2018,160.6
irradiance,2018,156.5
irradiance,2018,152.4
irradiance,2018,148.3
irradiance,2018,144.2
irradiance,2018,140
irradiance,2018,-12.18
irradiance,2018,-16.29
irradiance,2018,-20.41
irradiance,2018,-24.52
irradiance,2018,-28.64
irradiance,2018,181.2
irradiance,2018,177.1
irradiance,2018,173
irradiance,2018,168.8
irradiance,2018,164.7
irradiance,2018,160.6
irradiance,2018,156.5
irradiance,2018,152.4
irradiance,2018,148.3
irradiance,2018,144.2
irradiance,2018,140
irradiance,2018,-12.18
irradiance,2018,-16.29
irradiance,2018,-20.41
irradiance,2018,-24.52
irradiance,2018,-28.64
irradiance,2018,177.1
irradiance,2018,173
irradiance,2018,168.8
irradiance,2018,164.7
irradiance,2018,160.6
irradiance,2018,156.5
irradiance,2018,152.4
irradiance,2018,148.3
irradiance,2018,144.2
irradiance,2018,140
irradiance,2018,135.9
irradiance,2018,-12.18
irradiance,2018,-16.29
irradiance,2018,-20.41
irradiance,2018,-24.52
irradiance,2018,-28.64
irradiance,2018,177.1
irradiance,2018,173
irradiance,2018,168.8
irradiance,2018,164.7
irradiance,2018,160.6
irradiance,2018,156.5
irradiance,2018,152.4
irradiance,2018,148.3
irradiance,2018,144.2
irradiance,2018,140
irradiance,2018,135.9
irradiance,2018,-12.18
irradiance,2018,-16.29
irradiance,2018,-20.41
irradiance,2018,-24.52
irradiance,2018,-28.64
irradiance,2018,173
irradiance,2018,168.8
irradiance,2018,164.7
irradiance,2018,160.6
irradiance,2018,156.5
irradiance,2018,152.4
irradiance,2018,148.3
irradiance,2018,144.2
irradiance,2018,140
irradiance,2018,135.9
irradiance,2018,131.8
irradiance,2018,-12.18
irradiance,2018,-16.29
irradiance,2018,-20.41
irradiance,2018,-24.52
irradiance,2018,-28.64
irradiance,2018,168.8
irradiance,2018,164.7
irradiance,2018,160.6
irradiance,2018,156.5
irradiance,2018,152.4
irradiance,2018,148.3
irradiance,2018,144.2
irradiance,2018,140
irradiance,2018,135.9
irradiance,2018,131.8
irradiance,2018,127.7
irradiance,2018,-12.18
irradiance,2018,-16.29
irradiance,2018,-20.41
irradiance,2018,-24.52
irradiance,2018,-28.64
irradiance,2018,168.8
irradiance,2018,164.7
irradiance,2018,160.6
irradiance,2018,156.5
irradiance,2018,152.4
irradiance,2018,148.3
irradiance,2018,144.2
irradiance,2018,140
irradiance,2018,135.9
irradiance,2018,131.8
irradiance,2018,127.7
irradiance,2018,-12.18
irradiance,2018,-16.29
irradiance,2018,-20.41
irradiance,2018,-24.52
irradiance,2018,-28.64
irradiance,2018,164.7
irradiance,2018,160.6
irradiance,2018,156.5
irradiance,2018,152.4
irradiance,2018,148.3
irradiance,2018,144.2
irradiance,2018,140
irradiance,2018,135.9
irradiance,2018,131.8
irradiance,2018,127.7
irradiance,2018,123.6
irradiance,2018,-12.18
irradiance,2018,-16.29
irradiance,2018,-20.41
irradiance,2018,-24.52
irradiance,2018,-28.64
irradiance,2018,164.7
irradiance,2018,160.6
irradiance,2018,156.5
irradiance,2018,152.4
irradiance,2018,148.3
irradiance,2018,144.2
irradiance,2018,140
irradiance,2018,135.9
irradiance,2018,131.8
irradiance,2018,127.7
irradiance,2018,123.6
irradiance,2018,-12.18
irradiance,2018,-16.29
irradiance,2018,-20.41
irradiance,2018,-24.52
irradiance,2018,-28.64
irradiance,2018,160.6
irradiance,2018,156.5
irradiance,2018,152.4
irradiance,2018,148.3
irradiance,2018,144.2
irradiance,2018,140
irradiance,2018,135.9
irradiance,2018,131.8
irradiance,2018,127.7
irradiance,2018,123.6
irradiance,2018,119.5
irradiance,2018,-12.18
irradiance,2018,-16.29
irradiance,2018,-20.41
irradiance,2018,-24.52
irradiance,2018,-28.64
irradiance,2018,156.5
irradiance,2018,152.4
irradiance,2018,148.3
irradiance,2018,144.2
irradiance,2018,140
irradiance,2018,135.9
irradiance,2018,131.8
irradiance,2018,127.7
irradiance,2018,123.6
irradiance,2018,119.5
irradiance,2018,115.4
irradiance,2018,-12.18
irradiance,2018,-16.29
irradiance,2018,-20.41
irradiance,2018,-24.52
irradiance,2018,-28.64
irradiance,2018,156.5
irradiance,2018,152.4
irradiance,2018,148.3
irradiance,2018,144.2
irradiance,2018,140
irradiance,2018,135.9
irradiance,2018,131.8
irradiance,2018,127.7
irradiance,2018,123.6
irradiance,2018,119.5
irradiance,2018,115.4
irradiance,2018,-12.18
irradiance,2018,-16.29
irradiance,2018,-20.41
irradiance,2018,-24.52
irradiance,2018,-28.64
irradiance,2018,152.4
irradiance,2018,148.3
irradiance,2018,144.2
irradiance,2018,140
irradiance,2018,135.9
irradiance,2018,131.8
irradiance,2018,127.7
irradiance,2018,123.6
irradiance,2018,119.5
irradiance,2018,115.4
irradiance,2018,-12.18
irradiance,2018,-16.29
irradiance,2018,-20.41
irradiance,2018,-24.52
irradiance,2018,-28.64
irradiance,2018,152.4
irradiance,2018,148.3
irradiance,2018,144.2
irradiance,2018,140
irradiance,2018,135.9
irradiance,2018,131.8
irradiance,2018,127.7
irradiance,2018,123.6
irradiance,2018,119.5
irradiance,2018,115.4
irradiance,2018,148.3
irradiance,2018,144.2
irradiance,2018,140
irradiance,2018,135.9
irradiance,2018,131.8
irradiance,2018,127.7
irradiance,2018,123.6
irradiance,2018,119.5
irradiance,2018,115.4
irradiance,2018,144.2
irradiance,2018,140
irradiance,2018,135.9
irradiance,2018,131.8
irradiance,2018,127.7
irradiance,2018,123.6
irradiance,2018,119.5
irradiance,2018,115.4
irradiance,2018,140
irradiance,2018,135.9
irradiance,2018,131.8
irradiance,2018,127.7
irradiance,2018,123.6
irradiance,2018,119.5
irradiance,2018,135.9
irradiance,2018,131.8
irradiance,2018,127.7
irradiance,2018,123.6
irradiance,2018,284
irradiance,2018,279.9
irradiance,2018,275.8
irradiance,2018,271.7
irradiance,2018,288.2
irradiance,2018,284
irradiance,2018,279.9
irradiance,2018,275.8
irradiance,2018,271.7
irradiance,2018,267.6
irradiance,2018,263.5
irradiance,2018,292.3
irradiance,2018,288.2
irradiance,2018,284
irradiance,2018,279.9
irradiance,2018,275.8
irradiance,2018,271.7
irradiance,2018,267.6
irradiance,2018,263.5
irradiance,2018,259.4
irradiance,2018,296.4
irradiance,2018,292.3
irradiance,2018,288.2
irradiance,2018,284
irradiance,2018,279.9
irradiance,2018,275.8
irradiance,2018,271.7
irradiance,2018,267.6
irradiance,2018,263.5
irradiance,2018,259.4
irradiance,2018,255.2
irradiance,2018,296.4
irradiance,2018,292.3
irradiance,2018,288.2
irradiance,2018,284
irradiance,2018,279.9
irradiance,2018,275.8
irradiance,2018,271.7
irradiance,2018,267.6
irradiance,2018,263.5
irradiance,2018,259.4
irradiance,2018,255.2
irradiance,2018,251.1
irradiance,2018,296.4
irradiance,2018,292.3
irradiance,2018,288.2
irradiance,2018,284
irradiance,2018,279.9
irradiance,2018,275.8
irradiance,2018,271.7
irradiance,2018,267.6
irradiance,2018,263.5
irradiance,2018,259.4
irradiance,2018,255.2
irradiance,2018,251.1
irradiance,2018,247
irradiance,2018,242.9
irradiance,2018,292.3
irradiance,2018,288.2
irradiance,2018,284
irradiance,2018,279.9
irradiance,2018,275.8
irradiance,2018,271.7
irradiance,2018,267.6
irradiance,2018,263.5
irradiance,2018,259.4
irradiance,2018,255.2
irradiance,2018,251.1
irradiance,2018,247
irradiance,2018,242.9
irradiance,2018,238.8
irradiance,2018,292.3
irradiance,2018,288.2
irradiance,2018,284
irradiance,2018,279.9
irradiance,2018,275.8
irradiance,2018,271.7
irradiance,2018,267.6
irradiance,2018,263.5
irradiance,2018,259.4
irradiance,2018,255.2
irradiance,2018,251.1
irradiance,2018,247
irradiance,2018,242.9
irradiance,2018,238.8
irradiance,2018,234.7
irradiance,2018,288.2
irradiance,2018,284
irradiance,2018,279.9
irradiance,2018,275.8
irradiance,2018,271.7
irradiance,2018,267.6
irradiance,2018,263.5
irradiance,2018,259.4
irradiance,2018,255.2
irradiance,2018,251.1
irradiance,2018,247
irradiance,2018,242.9
irradiance,2018,238.8
irradiance,2018,234.7
irradiance,2018,230.6
irradiance,2018,284
irradiance,2018,279.9
irradiance,2018,275.8
irradiance,2018,271.7
irradiance,2018,267.6
irradiance,2018,263.5
irradiance,2018,259.4
irradiance,2018,255.2
irradiance,2018,251.1
irradiance,2018,247
irradiance,2018,242.9
irradiance,2018,238.8
irradiance,2018,234.7
irradiance,2018,230.6
irradiance,2018,226.4
irradiance,2018,222.3
irradiance,2018,275.8
irradiance,2018,271.7
irradiance,2018,267.6
irradiance,2018,263.5
irradiance,2018,259.4
irradiance,2018,255.2
irradiance,2018,251.1
irradiance,2018,247
irradiance,2018,242.9
irradiance,2018,238.8
irradiance,2018,234.7
irradiance,2018,230.6
irradiance,2018,226.4
irradiance,2018,222.3
irradiance,2018,218.2
irradiance,2019,271.7
irradiance,2019,267.6
irradiance,2019,263.5
irradiance,2019,259.4
irradiance,2019,255.2
irradiance,2019,251.1
irradiance,2019,247
irradiance,2019,242.9
irradiance,2019,238.8
irradiance,2019,234.7
irradiance,2019,230.6
irradiance,2019,226.4
irradiance,2019,222.3
irradiance,2019,218.2
irradiance,2019,214.1
irradiance,2019,267.6
irradiance,2019,263.5
irradiance,2019,259.4
irradiance,2019,255.2
irradiance,2019,251.1
irradiance,2019,247
irradiance,2019,242.9
irradiance,2019,238.8
irradiance,2019,234.7
irradiance,2019,230.6
irradiance,2019,226.4
irradiance,2019,222.3
irradiance,2019,218.2
irradiance,2019,214.1
irradiance,2019,210
irradiance,2019,263.5
irradiance,2019,259.4
irradiance,2019,255.2
irradiance,2019,251.1
irradiance,2019,247
irradiance,2019,242.9
irradiance,2019,238.8
irradiance,2019,234.7
irradiance,2019,230.6
irradiance,2019,226.4
irradiance,2019,222.3
irradiance,2019,218.2
irradiance,2019,214.1
irradiance,2019,210
irradiance,2019,205.9
irradiance,2019,201.8
irradiance,2019,255.2
irradiance,2019,251.1
irradiance,2019,247
irradiance,2019,242.9
irradiance,2019,238.8
irradiance,2019,234.7
irradiance,2019,230.6
irradiance,2019,226.4
irradiance,2019,222.3
irradiance,2019,218.2
irradiance,2019,214.1
irradiance,2019,210
irradiance,2019,205.9
irradiance,2019,201.8
irradiance,2019,197.6
irradiance,2019,251.1
irradiance,2019,247
irradiance,2019,242.9
irradiance,2019,238.8
irradiance,2019,234.7
irradiance,2019,230.6
irradiance,2019,226.4
irradiance,2019,222.3
irradiance,2019,218.2
irradiance,2019,214.1
irradiance,2019,210
irradiance,2019,205.9
irradiance,2019,201.8
irradiance,2019,197.6
irradiance,2019,193.5
irradiance,2019,247
irradiance,2019,242.9
irradiance,2019,238.8
irradiance,2019,234.7
irradiance,2019,230.6
irradiance,2019,226.4
irradiance,2019,222.3
irradiance,2019,218.2
irradiance,2019,214.1
irradiance,2019,210
irradiance,2019,205.9
irradiance,2019,201.8
irradiance,2019,197.6
irradiance,2019,193.5
irradiance,2019,242.9
irradiance,2019,238.8
irradiance,2019,234.7
irradiance,2019,230.6
irradiance,2019,226.4
irradiance,2019,222.3
irradiance,2019,218.2
irradiance,2019,214.1
irradiance,2019,210
irradiance,2019,205.9
irradiance,2019,201.8
irradiance,2019,197.6
irradiance,2019,193.5
irradiance,2019,234.7
irradiance,2019,230.6
irradiance,2019,226.4
irradiance,2019,222.3
irradiance,2019,218.2
irradiance,2019,214.1
irradiance,2019,210
irradiance,2019,205.9
irradiance,2019,201.8
irradiance,2019,197.6
irradiance,2019,193.5
irradiance,2019,234.7
irradiance,2019,230.6
irradiance,2019,226.4
irradiance,2019,222.3
irradiance,2019,218.2
irradiance,2019,214.1
irradiance,2019,210
irradiance,2019,205.9
irradiance,2019,201.8
irradiance,2019,197.6
irradiance,2019,193.5
irradiance,2019,234.7
irradiance,2019,230.6
irradiance,2019,226.4
irradiance,2019,222.3
irradiance,2019,218.2
irradiance,2019,214.1
irradiance,2019,210
irradiance,2019,205.9
irradiance,2019,201.8
irradiance,2019,197.6
irradiance,2019,193.5
irradiance,2019,238.8
irradiance,2019,234.7
irradiance,2019,230.6
irradiance,2019,226.4
irradiance,2019,222.3
irradiance,2019,218.2
irradiance,2019,214.1
irradiance,2019,210
irradiance,2019,205.9
irradiance,2019,201.8
irradiance,2019,197.6
irradiance,2019,242.9
irradiance,2019,238.8
irradiance,2019,234.7
irradiance,2019,230.6
irradiance,2019,226.4
irradiance,2019,222.3
irradiance,2019,218.2
irradiance,2019,214.1
irradiance,2019,210
irradiance,2019,205.9
irradiance,2019,201.8
irradiance,2019,242.9
irradiance,2019,238.8
irradiance,2019,234.7
irradiance,2019,230.6
irradiance,2019,226.4
irradiance,2019,222.3
irradiance,2019,218.2
irradiance,2019,214.1
irradiance,2019,210
irradiance,2019,205.9
irradiance,2019,201.8
irradiance,2019,247
irradiance,2019,242.9
irradiance,2019,238.8
irradiance,2019,234.7
irradiance,2019,230.6
irradiance,2019,226.4
irradiance,2019,222.3
irradiance,2019,218.2
irradiance,2019,214.1
irradiance,2019,210
irradiance,2019,205.9
irradiance,2019,247
irradiance,2019,242.9
irradiance,2019,238.8
irradiance,2019,234.7
irradiance,2019,230.6
irradiance,2019,226.4
irradiance,2019,222.3
irradiance,2019,218.2
irradiance,2019,214.1
irradiance,2019,210
irradiance,2019,205.9
irradiance,2019,251.1
irradiance,2019,247
irradiance,2019,242.9
irradiance,2019,238.8
irradiance,2019,234.7
irradiance,2019,230.6
irradiance,2019,226.4
irradiance,2019,222.3
irradiance,2019,218.2
irradiance,2019,214.1
irradiance,2019,210
irradiance,2019,255.2
irradiance,2019,251.1
irradiance,2019,247
irradiance,2019,242.9
irradiance,2019,238.8
irradiance,2019,234.7
irradiance,2019,230.6
irradiance,2019,226.4
irradiance,2019,222.3
irradiance,2019,218.2
irradiance,2019,214.1
irradiance,2019,255.2
irradiance,2019,251.1
irradiance,2019,247
irradiance,2019,242.9
irradiance,2019,238.8
irradiance,2019,234.7
irradiance,2019,230.6
irradiance,2019,226.4
irradiance,2019,222.3
irradiance,2019,218.2
irradiance,2019,214.1
irradiance,2019,259.4
irradiance,2019,255.2
irradiance,2019,251.1
irradiance,2019,247
irradiance,2019,242.9
irradiance,2019,238.8
irradiance,2019,234.7
irradiance,2019,230.6
irradiance,2019,226.4
irradiance,2019,222.3
irradiance,2019,218.2
irradiance,2019,259.4
irradiance,2019,255.2
irradiance,2019,251.1
irradiance,2019,247
irradiance,2019,242.9
irradiance,2019,238.8
irradiance,2019,234.7
irradiance,2019,230.6
irradiance,2019,226.4
irradiance,2019,222.3
irradiance,2019,218.2
irradiance,2019,259.4
irradiance,2019,255.2
irradiance,2019,251.1
irradiance,2019,247
irradiance,2019,242.9
irradiance,2019,238.8
irradiance,2019,234.7
irradiance,2019,230.6
irradiance,2019,226.4
irradiance,2019,222.3
irradiance,2019,218.2
irradiance,2019,214.1
irradiance,2019,255.2
irradiance,2019,251.1
irradiance,2019,247
irradiance,2019,242.9
irradiance,2019,238.8
irradiance,2019,234.7
irradiance,2019,230.6
irradiance,2019,226.4
irradiance,2019,222.3
irradiance,2019,218.2
irradiance,2019,214.1
irradiance,2019,210
irradiance,2019,255.2
irradiance,2019,251.1
irradiance,2019,247
irradiance,2019,242.9
irradiance,2019,238.8
irradiance,2019,234.7
irradiance,2019,230.6
irradiance,2019,226.4
irradiance,2019,222.3
irradiance,2019,218.2
irradiance,2019,214.1
irradiance,2019,210
irradiance,2019,251.1
irradiance,2019,247
irradiance,2019,242.9
irradiance,2019,238.8
irradiance,2019,234.7
irradiance,2019,230.6
irradiance,2019,226.4
irradiance,2019,222.3
irradiance,2019,218.2
irradiance,2019,214.1
irradiance,2019,210
irradiance,2019,205.9
irradiance,2019,247
irradiance,2019,242.9
irradiance,2019,238.8
irradiance,2019,234.7
irradiance,2019,230.6
irradiance,2019,226.4
irradiance,2019,222.3
irradiance,2019,218.2
irradiance,2019,214.1
irradiance,2019,210
irradiance,2019,205.9
irradiance,2019,201.8
irradiance,2019,242.9
irradiance,2019,238.8
irradiance,2019,234.7
irradiance,2019,230.6
irradiance,2019,226.4
irradiance,2019,222.3
irradiance,2019,218.2
irradiance,2019,214.1
irradiance,2019,210
irradiance,2019,205.9
irradiance,2019,201.8
irradiance,2019,197.6
irradiance,2019,242.9
irradiance,2019,238.8
irradiance,2019,234.7
irradiance,2019,230.6
irradiance,2019,226.4
irradiance,2019,222.3
irradiance,2019,218.2
irradiance,2019,214.1
irradiance,2019,210
irradiance,2019,205.9
irradiance,2019,201.8
irradiance,2019,197.6
irradiance,2019,238.8
irradiance,2019,234.7
irradiance,2019,230.6
irradiance,2019,226.4
irradiance,2019,222.3
irradiance,2019,218.2
irradiance,2019,214.1
irradiance,2019,210
irradiance,2019,205.9
irradiance,2019,201.8
irradiance,2019,197.6
irradiance,2019,193.5
irradiance,2019,234.7
irradiance,2019,230.6
irradiance,2019,226.4
irradiance,2019,222.3
irradiance,2019,218.2
irradiance,2019,214.1
irradiance,2019,210
irradiance,2019,205.9
irradiance,2019,201.8
irradiance,2019,197.6
irradiance,2019,193.5
irradiance,2019,189.4
irradiance,2019,230.6
irradiance,2019,226.4
irradiance,2019,222.3
irradiance,2019,218.2
irradiance,2019,214.1
irradiance,2019,210
irradiance,2019,205.9
irradiance,2019,201.8
irradiance,2019,197.6
irradiance,2019,193.5
irradiance,2019,189.4
irradiance,2019,185.3
irradiance,2019,226.4
irradiance,2019,222.3
irradiance,2019,218.2
irradiance,2019,214.1
irradiance,2019,210
irradiance,2019,205.9
irradiance,2019,201.8
irradiance,2019,197.6
irradiance,2019,193.5
irradiance,2019,189.4
irradiance,2019,185.3
irradiance,2019,181.2
irradiance,2019,226.4
irradiance,2019,222.3
irradiance,2019,218.2
irradiance,2019,214.1
irradiance,2019,210
irradiance,2019,205.9
irradiance,2019,201.8
irradiance,2019,197.6
irradiance,2019,193.5
irradiance,2019,189.4
irradiance,2019,185.3
irradiance,2019,181.2
irradiance,2019,222.3
irradiance,2019,218.2
irradiance,2019,214.1
irradiance,2019,210
irradiance,2019,205.9
irradiance,2019,201.8
irradiance,2019,197.6
irradiance,2019,193.5
irradiance,2019,189.4
irradiance,2019,185.3
irradiance,2019,181.2
irradiance,2019,222.3
irradiance,2019,218.2
irradiance,2019,214.1
irradiance,2019,210
irradiance,2019,205.9
irradiance,2019,201.8
irradiance,2019,197.6
irradiance,2019,193.5
irradiance,2019,189.4
irradiance,2019,185.3
irradiance,2019,181.2
irradiance,2019,226.4
irradiance,2019,222.3
irradiance,2019,218.2
irradiance,2019,214.1
irradiance,2019,210
irradiance,2019,205.9
irradiance,2019,201.8
irradiance,2019,197.6
irradiance,2019,193.5
irradiance,2019,189.4
irradiance,2019,185.3
irradiance,2019,181.2
irradiance,2019,226.4
irradiance,2019,222.3
irradiance,2019,218.2
irradiance,2019,214.1
irradiance,2019,210
irradiance,2019,205.9
irradiance,2019,201.8
irradiance,2019,197.6
irradiance,2019,193.5
irradiance,2019,189.4
irradiance,2019,185.3
irradiance,2019,230.6
irradiance,2019,226.4
irradiance,2019,222.3
irradiance,2019,218.2
irradiance,2019,214.1
irradiance,2019,210
irradiance,2019,205.9
irradiance,2019,201.8
irradiance,2019,197.6
irradiance,2019,193.5
irradiance,2019,189.4
irradiance,2019,185.3
irradiance,2019,234.7
irradiance,2019,230.6
irradiance,2019,226.4
irradiance,2019,222.3
irradiance,2019,218.2
irradiance,2019,214.1
irradiance,2019,210
irradiance,2019,205.9
irradiance,2019,201.8
irradiance,2019,197.6
irradiance,2019,193.5
irradiance,2019,189.4
irradiance,2019,234.7
irradiance,2019,230.6
irradiance,2019,226.4
irradiance,2019,222.3
irradiance,2019,218.2
irradiance,2019,214.1
irradiance,2019,210
irradiance,2019,205.9
irradiance,2019,201.8
irradiance,2019,197.6
irradiance,2019,193.5
irradiance,2019,238.8
irradiance,2019,234.7
irradiance,2019,230.6
irradiance,2019,226.4
irradiance,2019,222.3
irradiance,2019,218.2
irradiance,2019,214.1
irradiance,2019,210
irradiance,2019,205.9
irradiance,2019,201.8
irradiance,2019,197.6
irradiance,2019,242.9
irradiance,2019,238.8
irradiance,2019,234.7
irradiance,2019,230.6
irradiance,2019,226.4
irradiance,2019,222.3
irradiance,2019,218.2
irradiance,2019,214.1
irradiance,2019,210
irradiance,2019,205.9
irradiance,2019,201.8
irradiance,2019,197.6
irradiance,2019,247
irradiance,2019,242.9
irradiance,2019,238.8
irradiance,2019,234.7
irradiance,2019,230.6
irradiance,2019,226.4
irradiance,2019,222.3
irradiance,2019,218.2
irradiance,2019,214.1
irradiance,2019,210
irradiance,2019,205.9
irradiance,2019,201.8
irradiance,2019,247
irradiance,2019,242.9
irradiance,2019,238.8
irradiance,2019,234.7
irradiance,2019,230.6
irradiance,2019,226.4
irradiance,2019,222.3
irradiance,2019,218.2
irradiance,2019,214.1
irradiance,2019,210
irradiance,2019,205.9
irradiance,2019,251.1
irradiance,2019,247
irradiance,2019,242.9
irradiance,2019,238.8
irradiance,2019,234.7
irradiance,2019,230.6
irradiance,2019,226.4
irradiance,2019,222.3
irradiance,2019,218.2
irradiance,2019,214.1
irradiance,2019,210
irradiance,2019,205.9
irradiance,2019,255.2
irradiance,2019,251.1
irradiance,2019,247
irradiance,2019,242.9
irradiance,2019,238.8
irradiance,2019,234.7
irradiance,2019,230.6
irradiance,2019,226.4
irradiance,2019,222.3
irradiance,2019,218.2
irradiance,2019,214.1
irradiance,2019,210
irradiance,2019,255.2
irradiance,2019,251.1
irradiance,2019,247
irradiance,2019,242.9
irradiance,2019,238.8
irradiance,2019,234.7
irradiance,2019,230.6
irradiance,2019,226.4
irradiance,2019,222.3
irradiance,2019,218.2
irradiance,2019,214.1
irradiance,2019,255.2
irradiance,2019,251.1
irradiance,2019,247
irradiance,2019,242.9
irradiance,2019,238.8
irradiance,2019,234.7
irradiance,2019,230.6
irradiance,2019,226.4
irradiance,2019,222.3
irradiance,2019,218.2
irradiance,2019,214.1
irradiance,2019,251.1
irradiance,2019,247
irradiance,2019,242.9
irradiance,2019,238.8
irradiance,2019,234.7
irradiance,2019,230.6
irradiance,2019,226.4
irradiance,2019,222.3
irradiance,2019,218.2
irradiance,2019,214.1
irradiance,2019,251.1
irradiance,2019,247
irradiance,2019,242.9
irradiance,2019,238.8
irradiance,2019,234.7
irradiance,2019,230.6
irradiance,2019,226.4
irradiance,2019,222.3
irradiance,2019,218.2
irradiance,2019,214.1
irradiance,2019,251.1
irradiance,2019,247
irradiance,2019,242.9
irradiance,2019,238.8
irradiance,2019,234.7
irradiance,2019,230.6
irradiance,2019,226.4
irradiance,2019,222.3
irradiance,2019,218.2
irradiance,2019,214.1
irradiance,2019,247
irradiance,2019,242.9
irradiance,2019,238.8
irradiance,2019,234.7
irradiance,2019,230.6
irradiance,2019,226.4
irradiance,2019,222.3
irradiance,2019,218.2
irradiance,2019,214.1
irradiance,2019,210
irradiance,2019,247
irradiance,2019,242.9
irradiance,2019,238.8
irradiance,2019,234.7
irradiance,2019,230.6
irradiance,2019,226.4
irradiance,2019,222.3
irradiance,2019,218.2
irradiance,2019,214.1
irradiance,2019,210
irradiance,2019,247
irradiance,2019,242.9
irradiance,2019,238.8
irradiance,2019,234.7
irradiance,2019,230.6
irradiance,2019,226.4
irradiance,2019,222.3
irradiance,2019,218.2
irradiance,2019,214.1
irradiance,2019,210
irradiance,2019,205.9
irradiance,2019,242.9
irradiance,2019,238.8
irradiance,2019,234.7
irradiance,2019,230.6
irradiance,2019,226.4
irradiance,2019,222.3
irradiance,2019,218.2
irradiance,2019,214.1
irradiance,2019,210
irradiance,2019,205.9
irradiance,2019,242.9
irradiance,2019,238.8
irradiance,2019,234.7
irradiance,2019,230.6
irradiance,2019,226.4
irradiance,2019,222.3
irradiance,2019,218.2
irradiance,2019,214.1
irradiance,2019,210
irradiance,2019,205.9
irradiance,2019,242.9
irradiance,2019,238.8
irradiance,2019,234.7
irradiance,2019,230.6
irradiance,2019,226.4
irradiance,2019,222.3
irradiance,2019,218.2
irradiance,2019,214.1
irradiance,2019,210
irradiance,2019,205.9
irradiance,2019,201.8
irradiance,2019,238.8
irradiance,2019,234.7
irradiance,2019,230.6
irradiance,2019,226.4
irradiance,2019,222.3
irradiance,2019,218.2
irradiance,2019,214.1
irradiance,2019,210
irradiance,2019,205.9
irradiance,2019,201.8
irradiance,2019,238.8
irradiance,2019,234.7
irradiance,2019,230.6
irradiance,2019,226.4
irradiance,2019,222.3
irradiance,2019,218.2
irradiance,2019,214.1
irradiance,2019,210
irradiance,2019,205.9
irradiance,2019,201.8
irradiance,2019,234.7
irradiance,2019,230.6
irradiance,2019,226.4
irradiance,2019,222.3
irradiance,2019,218.2
irradiance,2019,214.1
irradiance,2019,210
irradiance,2019,205.9
irradiance,2019,201.8
irradiance,2019,197.6
irradiance,2019,234.7
irradiance,2019,230.6
irradiance,2019,226.4
irradiance,2019,222.3
irradiance,2019,218.2
irradiance,2019,214.1
irradiance,2019,210
irradiance,2019,205.9
irradiance,2019,201.8
irradiance,2019,197.6
irradiance,2019,234.7
irradiance,2019,230.6
irradiance,2019,226.4
irradiance,2019,222.3
irradiance,2019,218.2
irradiance,2019,214.1
irradiance,2019,210
irradiance,2019,205.9
irradiance,2019,201.8
irradiance,2019,197.6
irradiance,2019,234.7
irradiance,2019,230.6
irradiance,2019,226.4
irradiance,2019,222.3
irradiance,2019,218.2
irradiance,2019,214.1
irradiance,2019,210
irradiance,2019,205.9
irradiance,2019,201.8
irradiance,2019,197.6
irradiance,2019,234.7
irradiance,2019,230.6
irradiance,2019,226.4
irradiance,2019,222.3
irradiance,2019,218.2
irradiance,2019,214.1
irradiance,2019,210
irradiance,2019,205.9
irradiance,2019,201.8
irradiance,2019,197.6
irradiance,2019,234.7
irradiance,2019,230.6
irradiance,2019,226.4
irradiance,2019,222.3
irradiance,2019,218.2
irradiance,2019,214.1
irradiance,2019,210
irradiance,2019,205.9
irradiance,2019,201.8
irradiance,2019,197.6
irradiance,2019,234.7
irradiance,2019,230.6
irradiance,2019,226.4
irradiance,2019,222.3
irradiance,2019,218.2
irradiance,2019,214.1
irradiance,2019,210
irradiance,2019,205.9
irradiance,2019,201.8
irradiance,2019,197.6
irradiance,2019,234.7
irradiance,2019,230.6
irradiance,2019,226.4
irradiance,2019,222.3
irradiance,2019,218.2
irradiance,2019,214.1
irradiance,2019,210
irradiance,2019,205.9
irradiance,2019,201.8
irradiance,2019,197.6
irradiance,2019,234.7
irradiance,2019,230.6
irradiance,2019,226.4
irradiance,2019,222.3
irradiance,2019,218.2
irradiance,2019,214.1
irradiance,2019,210
irradiance,2019,205.9
irradiance,2019,201.8
irradiance,2019,197.6
irradiance,2019,234.7
irradiance,2019,230.6
irradiance,2019,226.4
irradiance,2019,222.3
irradiance,2019,218.2
irradiance,2019,214.1
irradiance,2019,210
irradiance,2019,205.9
irradiance,2019,201.8
irradiance,2019,197.6
irradiance,2019,234.7
irradiance,2019,230.6
irradiance,2019,226.4
irradiance,2019,222.3
irradiance,2019,218.2
irradiance,2019,214.1
irradiance,2019,210
irradiance,2019,205.9
irradiance,2019,201.8
irradiance,2019,197.6
irradiance,2019,234.7
irradiance,2019,230.6
irradiance,2019,226.4
irradiance,2019,222.3
irradiance,2019,218.2
irradiance,2019,214.1
irradiance,2019,210
irradiance,2019,205.9
irradiance,2019,201.8
irradiance,2019,197.6
irradiance,2019,234.7
irradiance,2019,230.6
irradiance,2019,226.4
irradiance,2019,222.3
irradiance,2019,218.2
irradiance,2019,214.1
irradiance,2019,210
irradiance,2019,205.9
irradiance,2019,201.8
irradiance,2019,197.6
irradiance,2019,234.7
irradiance,2019,230.6
irradiance,2019,226.4
irradiance,2019,222.3
irradiance,2019,218.2
irradiance,2019,214.1
irradiance,2019,210
irradiance,2019,205.9
irradiance,2019,201.8
irradiance,2019,197.6
irradiance,2019,234.7
irradiance,2019,230.6
irradiance,2019,226.4
irradiance,2019,222.3
irradiance,2019,218.2
irradiance,2019,214.1
irradiance,2019,210
irradiance,2019,205.9
irradiance,2019,201.8
irradiance,2019,197.6
irradiance,2019,234.7
irradiance,2019,230.6
irradiance,2019,226.4
irradiance,2019,222.3
irradiance,2019,218.2
irradiance,2019,214.1
irradiance,2019,210
irradiance,2019,205.9
irradiance,2019,201.8
irradiance,2019,197.6
irradiance,2019,230.6
irradiance,2019,226.4
irradiance,2019,222.3
irradiance,2019,218.2
irradiance,2019,214.1
irradiance,2019,210
irradiance,2019,205.9
irradiance,2019,201.8
irradiance,2019,197.6
irradiance,2019,230.6
irradiance,2019,226.4
irradiance,2019,222.3
irradiance,2019,218.2
irradiance,2019,214.1
irradiance,2019,210
irradiance,2019,205.9
irradiance,2019,201.8
irradiance,2019,197.6
irradiance,2019,193.5
irradiance,2019,230.6
irradiance,2019,226.4
irradiance,2019,222.3
irradiance,2019,218.2
irradiance,2019,214.1
irradiance,2019,210
irradiance,2019,205.9
irradiance,2019,201.8
irradiance,2019,197.6
irradiance,2019,193.5
irradiance,2019,230.6
irradiance,2019,226.4
irradiance,2019,222.3
irradiance,2019,218.2
irradiance,2019,214.1
irradiance,2019,210
irradiance,2019,205.9
irradiance,2019,201.8
irradiance,2019,197.6
irradiance,2019,193.5
irradiance,2019,230.6
irradiance,2019,226.4
irradiance,2019,222.3
irradiance,2019,218.2
irradiance,2019,214.1
irradiance,2019,210
irradiance,2019,205.9
irradiance,2019,201.8
irradiance,2019,197.6
irradiance,2019,193.5
irradiance,2019,226.4
irradiance,2019,222.3
irradiance,2019,218.2
irradiance,2019,214.1
irradiance,2019,210
irradiance,2019,205.9
irradiance,2019,201.8
irradiance,2019,197.6
irradiance,2019,193.5
irradiance,2019,189.4
irradiance,2019,226.4
irradiance,2019,222.3
irradiance,2019,218.2
irradiance,2019,214.1
irradiance,2019,210
irradiance,2019,205.9
irradiance,2019,201.8
irradiance,2019,197.6
irradiance,2019,193.5
irradiance,2019,189.4
irradiance,2019,226.4
irradiance,2019,222.3
irradiance,2019,218.2
irradiance,2019,214.1
irradiance,2019,210
irradiance,2019,205.9
irradiance,2019,201.8
irradiance,2019,197.6
irradiance,2019,193.5
irradiance,2019,189.4
irradiance,2019,226.4
irradiance,2019,222.3
irradiance,2019,218.2
irradiance,2019,214.1
irradiance,2019,210
irradiance,2019,205.9
irradiance,2019,201.8
irradiance,2019,197.6
irradiance,2019,193.5
irradiance,2019,189.4
irradiance,2019,222.3
irradiance,2019,218.2
irradiance,2019,214.1
irradiance,2019,210
irradiance,2019,205.9
irradiance,2019,201.8
irradiance,2019,197.6
irradiance,2019,193.5
irradiance,2019,189.4
irradiance,2019,222.3
irradiance,2019,218.2
irradiance,2019,214.1
irradiance,2019,210
irradiance,2019,205.9
irradiance,2019,201.8
irradiance,2019,197.6
irradiance,2019,193.5
irradiance,2019,189.4
irradiance,2019,185.3
irradiance,2019,222.3
irradiance,2019,218.2
irradiance,2019,214.1
irradiance,2019,210
irradiance,2019,205.9
irradiance,2019,201.8
irradiance,2019,197.6
irradiance,2019,193.5
irradiance,2019,189.4
irradiance,2019,185.3
irradiance,2019,222.3
irradiance,2019,218.2
irradiance,2019,214.1
irradiance,2019,210
irradiance,2019,205.9
irradiance,2019,201.8
irradiance,2019,197.6
irradiance,2019,193.5
irradiance,2019,189.4
irradiance,2019,185.3
irradiance,2019,222.3
irradiance,2019,218.2
irradiance,2019,214.1
irradiance,2019,210
irradiance,2019,205.9
irradiance,2019,201.8
irradiance,2019,197.6
irradiance,2019,193.5
irradiance,2019,189.4
irradiance,2019,185.3
irradiance,2019,222.3
irradiance,2019,218.2
irradiance,2019,214.1
irradiance,2019,210
irradiance,2019,205.9
irradiance,2019,201.8
irradiance,2019,197.6
irradiance,2019,193.5
irradiance,2019,189.4
irradiance,2019,185.3
irradiance,2019,222.3
irradiance,2019,218.2
irradiance,2019,214.1
irradiance,2019,210
irradiance,2019,205.9
irradiance,2019,201.8
irradiance,2019,197.6
irradiance,2019,193.5
irradiance,2019,189.4
irradiance,2019,185.3
irradiance,2019,222.3
irradiance,2019,218.2
irradiance,2019,214.1
irradiance,2019,210
irradiance,2019,205.9
irradiance,2019,201.8
irradiance,2019,197.6
irradiance,2019,193.5
irradiance,2019,189.4
irradiance,2019,185.3
irradiance,2019,222.3
irradiance,2019,218.2
irradiance,2019,214.1
irradiance,2019,210
irradiance,2019,205.9
irradiance,2019,201.8
irradiance,2019,197.6
irradiance,2019,193.5
irradiance,2019,189.4
irradiance,2019,185.3
irradiance,2019,222.3
irradiance,2019,218.2
irradiance,2019,214.1
irradiance,2019,210
irradiance,2019,205.9
irradiance,2019,201.8
irradiance,2019,197.6
irradiance,2019,193.5
irradiance,2019,189.4
irradiance,2019,185.3
irradiance,2019,222.3
irradiance,2019,218.2
irradiance,2019,214.1
irradiance,2019,210
irradiance,2019,205.9
irradiance,2019,201.8
irradiance,2019,197.6
irradiance,2019,193.5
irradiance,2019,189.4
irradiance,2019,185.3
irradiance,2019,222.3
irradiance,2019,218.2
irradiance,2019,214.1
irradiance,2019,210
irradiance,2019,205.9
irradiance,2019,201.8
irradiance,2019,197.6
irradiance,2019,193.5
irradiance,2019,189.4
irradiance,2019,185.3
irradiance,2019,222.3
irradiance,2019,218.2
irradiance,2019,214.1
irradiance,2019,210
irradiance,2019,205.9
irradiance,2019,201.8
irradiance,2019,197.6
irradiance,2019,193.5
irradiance,2019,189.4
irradiance,2019,185.3
irradiance,2019,226.4
irradiance,2019,222.3
irradiance,2019,218.2
irradiance,2019,214.1
irradiance,2019,210
irradiance,2019,205.9
irradiance,2019,201.8
irradiance,2019,197.6
irradiance,2019,193.5
irradiance,2019,189.4
irradiance,2019,185.3
irradiance,2019,234.7
irradiance,2019,230.6
irradiance,2019,226.4
irradiance,2019,222.3
irradiance,2019,218.2
irradiance,2019,214.1
irradiance,2019,210
irradiance,2019,205.9
irradiance,2019,201.8
irradiance,2019,197.6
irradiance,2019,193.5
irradiance,2019,189.4
irradiance,2019,185.3
irradiance,2019,238.8
irradiance,2019,234.7
irradiance,2019,230.6
irradiance,2019,226.4
irradiance,2019,222.3
irradiance,2019,218.2
irradiance,2019,214.1
irradiance,2019,210
irradiance,2019,205.9
irradiance,2019,201.8
irradiance,2019,197.6
irradiance,2019,193.5
irradiance,2019,189.4
irradiance,2019,242.9
irradiance,2019,238.8
irradiance,2019,234.7
irradiance,2019,230.6
irradiance,2019,226.4
irradiance,2019,222.3
irradiance,2019,218.2
irradiance,2019,214.1
irradiance,2019,210
irradiance,2019,205.9
irradiance,2019,201.8
irradiance,2019,197.6
irradiance,2019,193.5
irradiance,2019,189.4
irradiance,2019,251.1
irradiance,2019,247
irradiance,2019,242.9
irradiance,2019,238.8
irradiance,2019,234.7
irradiance,2019,230.6
irradiance,2019,226.4
irradiance,2019,222.3
irradiance,2019,218.2
irradiance,2019,214.1
irradiance,2019,210
irradiance,2019,205.9
irradiance,2019,201.8
irradiance,2019,197.6
irradiance,2019,193.5
irradiance,2019,189.4
irradiance,2019,255.2
irradiance,2019,251.1
irradiance,2019,247
irradiance,2019,242.9
irradiance,2019,238.8
irradiance,2019,234.7
irradiance,2019,230.6
irradiance,2019,226.4
irradiance,2019,222.3
irradiance,2019,218.2
irradiance,2019,214.1
irradiance,2019,210
irradiance,2019,205.9
irradiance,2019,201.8
irradiance,2019,197.6
irradiance,2019,193.5
irradiance,2019,263.5
irradiance,2019,259.4
irradiance,2019,255.2
irradiance,2019,251.1
irradiance,2019,247
irradiance,2019,242.9
irradiance,2019,238.8
irradiance,2019,234.7
irradiance,2019,230.6
irradiance,2019,226.4
irradiance,2019,222.3
irradiance,2019,218.2
irradiance,2019,214.1
irradiance,2019,210
irradiance,2019,205.9
irradiance,2019,201.8
irradiance,2019,197.6
irradiance,2019,267.6
irradiance,2019,263.5
irradiance,2019,259.4
irradiance,2019,255.2
irradiance,2019,251.1
irradiance,2019,247
irradiance,2019,242.9
irradiance,2019,238.8
irradiance,2019,234.7
irradiance,2019,230.6
irradiance,2019,226.4
irradiance,2019,222.3
irradiance,2019,218.2
irradiance,2019,214.1
irradiance,2019,210
irradiance,2019,205.9
irradiance,2019,271.7
irradiance,2019,267.6
irradiance,2019,263.5
irradiance,2019,259.4
irradiance,2019,255.2
irradiance,2019,251.1
irradiance,2019,247
irradiance,2019,242.9
irradiance,2019,238.8
irradiance,2019,234.7
irradiance,2019,230.6
irradiance,2019,226.4
irradiance,2019,222.3
irradiance,2019,218.2
irradiance,2019,214.1
irradiance,2019,210
irradiance,2019,279.9
irradiance,2019,275.8
irradiance,2019,271.7
irradiance,2019,267.6
irradiance,2019,263.5
irradiance,2019,259.4
irradiance,2019,255.2
irradiance,2019,251.1
irradiance,2019,247
irradiance,2019,242.9
irradiance,2019,238.8
irradiance,2019,234.7
irradiance,2019,230.6
irradiance,2019,226.4
irradiance,2019,222.3
irradiance,2019,218.2
irradiance,2019,214.1
irradiance,2019,284
irradiance,2019,279.9
irradiance,2019,275.8
irradiance,2019,271.7
irradiance,2019,267.6
irradiance,2019,263.5
irradiance,2019,259.4
irradiance,2019,255.2
irradiance,2019,251.1
irradiance,2019,247
irradiance,2019,242.9
irradiance,2019,238.8
irradiance,2019,234.7
irradiance,2019,230.6
irradiance,2019,226.4
irradiance,2019,222.3
irradiance,2019,288.2
irradiance,2019,284
irradiance,2019,279.9
irradiance,2019,275.8
irradiance,2019,271.7
irradiance,2019,267.6
irradiance,2019,263.5
irradiance,2019,259.4
irradiance,2019,255.2
irradiance,2019,251.1
irradiance,2019,247
irradiance,2019,242.9
irradiance,2019,238.8
irradiance,2019,234.7
irradiance,2019,230.6
irradiance,2019,226.4
irradiance,2019,292.3
irradiance,2019,288.2
irradiance,2019,284
irradiance,2019,279.9
irradiance,2019,275.8
irradiance,2019,271.7
irradiance,2019,267.6
irradiance,2019,263.5
irradiance,2019,259.4
irradiance,2019,255.2
irradiance,2019,251.1
irradiance,2019,247
irradiance,2019,242.9
irradiance,2019,238.8
irradiance,2019,234.7
irradiance,2019,296.4
irradiance,2019,292.3
irradiance,2019,288.2
irradiance,2019,284
irradiance,2019,279.9
irradiance,2019,275.8
irradiance,2019,271.7
irradiance,2019,267.6
irradiance,2019,263.5
irradiance,2019,259.4
irradiance,2019,255.2
irradiance,2019,251.1
irradiance,2019,247
irradiance,2019,242.9
irradiance,2019,238.8
irradiance,2019,296.4
irradiance,2019,292.3
irradiance,2019,288.2
irradiance,2019,284
irradiance,2019,279.9
irradiance,2019,275.8
irradiance,2019,271.7
irradiance,2019,267.6
irradiance,2019,263.5
irradiance,2019,259.4
irradiance,2019,255.2
irradiance,2019,251.1
irradiance,2019,247
irradiance,2019,242.9
irradiance,2019,300.5
irradiance,2019,296.4
irradiance,2019,292.3
irradiance,2019,288.2
irradiance,2019,284
irradiance,2019,279.9
irradiance,2019,275.8
irradiance,2019,271.7
irradiance,2019,267.6
irradiance,2019,263.5
irradiance,2019,259.4
irradiance,2019,255.2
irradiance,2019,251.1
irradiance,2019,300.5
irradiance,2019,296.4
irradiance,2019,292.3
irradiance,2019,288.2
irradiance,2019,284
irradiance,2019,279.9
irradiance,2019,275.8
irradiance,2019,271.7
irradiance,2019,267.6
irradiance,2019,263.5
irradiance,2019,259.4
irradiance,2019,255.2
irradiance,2019,304.6
irradiance,2019,300.5
irradiance,2019,296.4
irradiance,2019,292.3
irradiance,2019,288.2
irradiance,2019,284
irradiance,2019,279.9
irradiance,2019,275.8
irradiance,2019,271.7
irradiance,2019,267.6
irradiance,2019,263.5
irradiance,2019,304.6
irradiance,2019,300.5
irradiance,2019,296.4
irradiance,2019,292.3
irradiance,2019,288.2
irradiance,2019,284
irradiance,2019,279.9
irradiance,2019,275.8
irradiance,2019,271.7
irradiance,2019,267.6
irradiance,2019,308.7
irradiance,2019,304.6
irradiance,2019,300.5
irradiance,2019,296.4
irradiance,2019,292.3
irradiance,2019,288.2
irradiance,2019,284
irradiance,2019,279.9
irradiance,2019,275.8
irradiance,2019,271.7
irradiance,2019,267.6
irradiance,2019,308.7
irradiance,2019,304.6
irradiance,2019,300.5
irradiance,2019,296.4
irradiance,2019,292.3
irradiance,2019,288.2
irradiance,2019,284
irradiance,2019,279.9
irradiance,2019,275.8
irradiance,2019,271.7
irradiance,2019,267.6
irradiance,2019,308.7
irradiance,2019,304.6
irradiance,2019,300.5
irradiance,2019,296.4
irradiance,2019,292.3
irradiance,2019,288.2
irradiance,2019,284
irradiance,2019,279.9
irradiance,2019,275.8
irradiance,2019,271.7
irradiance,2019,312.8
irradiance,2019,308.7
irradiance,2019,304.6
irradiance,2019,300.5
irradiance,2019,296.4
irradiance,2019,292.3
irradiance,2019,288.2
irradiance,2019,284
irradiance,2019,279.9
irradiance,2019,275.8
irradiance,2019,271.7
irradiance,2019,312.8
irradiance,2019,308.7
irradiance,2019,304.6
irradiance,2019,300.5
irradiance,2019,296.4
irradiance,2019,292.3
irradiance,2019,288.2
irradiance,2019,284
irradiance,2019,279.9
irradiance,2019,275.8
irradiance,2019,317
irradiance,2019,312.8
irradiance,2019,308.7
irradiance,2019,304.6
irradiance,2019,300.5
irradiance,2019,296.4
irradiance,2019,292.3
irradiance,2019,288.2
irradiance,2019,284
irradiance,2019,279.9
irradiance,2019,275.8
irradiance,2019,317
irradiance,2019,312.8
irradiance,2019,308.7
irradiance,2019,304.6
irradiance,2019,300.5
irradiance,2019,296.4
irradiance,2019,292.3
irradiance,2019,288.2
irradiance,2019,284
irradiance,2019,279.9
irradiance,2019,321.1
irradiance,2019,317
irradiance,2019,312.8
irradiance,2019,308.7
irradiance,2019,304.6
irradiance,2019,300.5
irradiance,2019,296.4
irradiance,2019,292.3
irradiance,2019,288.2
irradiance,2019,284
irradiance,2019,279.9
irradiance,2019,321.1
irradiance,2019,317
irradiance,2019,312.8
irradiance,2019,308.7
irradiance,2019,304.6
irradiance,2019,300.5
irradiance,2019,296.4
irradiance,2019,292.3
irradiance,2019,288.2
irradiance,2019,284
irradiance,2019,321.1
irradiance,2019,317
irradiance,2019,312.8
irradiance,2019,308.7
irradiance,2019,304.6
irradiance,2019,300.5
irradiance,2019,296.4
irradiance,2019,292.3
irradiance,2019,288.2
irradiance,2019,284
irradiance,2019,321.1
irradiance,2019,317
irradiance,2019,312.8
irradiance,2019,308.7
irradiance,2019,304.6
irradiance,2019,300.5
irradiance,2019,296.4
irradiance,2019,292.3
irradiance,2019,288.2
irradiance,2019,284
irradiance,2019,321.1
irradiance,2019,317
irradiance,2019,312.8
irradiance,2019,308.7
irradiance,2019,304.6
irradiance,2019,300.5
irradiance,2019,296.4
irradiance,2019,292.3
irradiance,2019,288.2
irradiance,2019,284
irradiance,2019,321.1
irradiance,2019,317
irradiance,2019,312.8
irradiance,2019,308.7
irradiance,2019,304.6
irradiance,2019,300.5
irradiance,2019,296.4
irradiance,2019,292.3
irradiance,2019,288.2
irradiance,2019,284
irradiance,2019,321.1
irradiance,2019,317
irradiance,2019,312.8
irradiance,2019,308.7
irradiance,2019,304.6
irradiance,2019,300.5
irradiance,2019,296.4
irradiance,2019,292.3
irradiance,2019,288.2
irradiance,2019,284
irradiance,2019,321.1
irradiance,2019,317
irradiance,2019,312.8
irradiance,2019,308.7
irradiance,2019,304.6
irradiance,2019,300.5
irradiance,2019,296.4
irradiance,2019,292.3
irradiance,2019,288.2
irradiance,2019,284
irradiance,2019,321.1
irradiance,2019,317
irradiance,2019,312.8
irradiance,2019,308.7
irradiance,2019,304.6
irradiance,2019,300.5
irradiance,2019,296.4
irradiance,2019,292.3
irradiance,2019,288.2
irradiance,2019,284
irradiance,2019,321.1
irradiance,2019,317
irradiance,2019,312.8
irradiance,2019,308.7
irradiance,2019,304.6
irradiance,2019,300.5
irradiance,2019,296.4
irradiance,2019,292.3
irradiance,2019,288.2
irradiance,2019,284
irradiance,2019,321.1
irradiance,2019,317
irradiance,2019,312.8
irradiance,2019,308.7
irradiance,2019,304.6
irradiance,2019,300.5
irradiance,2019,296.4
irradiance,2019,292.3
irradiance,2019,288.2
irradiance,2019,284
irradiance,2019,321.1
irradiance,2019,317
irradiance,2019,312.8
irradiance,2019,308.7
irradiance,2019,304.6
irradiance,2019,300.5
irradiance,2019,296.4
irradiance,2019,292.3
irradiance,2019,288.2
irradiance,2019,284
irradiance,2019,321.1
irradiance,2019,317
irradiance,2019,312.8
irradiance,2019,308.7
irradiance,2019,304.6
irradiance,2019,300.5
irradiance,2019,296.4
irradiance,2019,292.3
irradiance,2019,288.2
irradiance,2019,284
irradiance,2019,321.1
irradiance,2019,317
irradiance,2019,312.8
irradiance,2019,308.7
irradiance,2019,304.6
irradiance,2019,300.5
irradiance,2019,296.4
irradiance,2019,292.3
irradiance,2019,288.2
irradiance,2019,284
irradiance,2019,321.1
irradiance,2019,317
irradiance,2019,312.8
irradiance,2019,308.7
irradiance,2019,304.6
irradiance,2019,300.5
irradiance,2019,296.4
irradiance,2019,292.3
irradiance,2019,288.2
irradiance,2019,284
irradiance,2019,321.1
irradiance,2019,317
irradiance,2019,312.8
irradiance,2019,308.7
irradiance,2019,304.6
irradiance,2019,300.5
irradiance,2019,296.4
irradiance,2019,292.3
irradiance,2019,288.2
irradiance,2019,284
irradiance,2019,321.1
irradiance,2019,317
irradiance,2019,312.8
irradiance,2019,308.7
irradiance,2019,304.6
irradiance,2019,300.5
irradiance,2019,296.4
irradiance,2019,292.3
irradiance,2019,288.2
irradiance,2019,284
irradiance,2019,321.1
irradiance,2019,317
irradiance,2019,312.8
irradiance,2019,308.7
irradiance,2019,304.6
irradiance,2019,300.5
irradiance,2019,296.4
irradiance,2019,292.3
irradiance,2019,288.2
irradiance,2019,284
irradiance,2019,321.1
irradiance,2019,317
irradiance,2019,312.8
irradiance,2019,308.7
irradiance,2019,304.6
irradiance,2019,300.5
irradiance,2019,296.4
irradiance,2019,292.3
irradiance,2019,288.2
irradiance,2019,284
irradiance,2019,321.1
irradiance,2019,317
irradiance,2019,312.8
irradiance,2019,308.7
irradiance,2019,304.6
irradiance,2019,300.5
irradiance,2019,296.4
irradiance,2019,292.3
irradiance,2019,288.2
irradiance,2019,284
irradiance,2019,321.1
irradiance,2019,317
irradiance,2019,312.8
irradiance,2019,308.7
irradiance,2019,304.6
irradiance,2019,300.5
irradiance,2019,296.4
irradiance,2019,292.3
irradiance,2019,288.2
irradiance,2019,284
irradiance,2019,321.1
irradiance,2019,317
irradiance,2019,312.8
irradiance,2019,308.7
irradiance,2019,304.6
irradiance,2019,300.5
irradiance,2019,296.4
irradiance,2019,292.3
irradiance,2019,288.2
irradiance,2019,284
irradiance,2019,321.1
irradiance,2019,317
irradiance,2019,312.8
irradiance,2019,308.7
irradiance,2019,304.6
irradiance,2019,300.5
irradiance,2019,296.4
irradiance,2019,292.3
irradiance,2019,288.2
irradiance,2019,284
irradiance,2019,321.1
irradiance,2019,317
irradiance,2019,312.8
irradiance,2019,308.7
irradiance,2019,304.6
irradiance,2019,300.5
irradiance,2019,296.4
irradiance,2019,292.3
irradiance,2019,288.2
irradiance,2019,284
irradiance,2019,321.1
irradiance,2019,317
irradiance,2019,312.8
irradiance,2019,308.7
irradiance,2019,304.6
irradiance,2019,300.5
irradiance,2019,296.4
irradiance,2019,292.3
irradiance,2019,288.2
irradiance,2019,284
irradiance,2019,321.1
irradiance,2019,317
irradiance,2019,312.8
irradiance,2019,308.7
irradiance,2019,304.6
irradiance,2019,300.5
irradiance,2019,296.4
irradiance,2019,292.3
irradiance,2019,288.2
irradiance,2019,284
irradiance,2019,321.1
irradiance,2019,317
irradiance,2019,312.8
irradiance,2019,308.7
irradiance,2019,304.6
irradiance,2019,300.5
irradiance,2019,296.4
irradiance,2019,292.3
irradiance,2019,288.2
irradiance,2019,284
irradiance,2019,321.1
irradiance,2019,317
irradiance,2019,312.8
irradiance,2019,308.7
irradiance,2019,304.6
irradiance,2019,300.5
irradiance,2019,296.4
irradiance,2019,292.3
irradiance,2019,288.2
irradiance,2019,284
irradiance,2019,321.1
irradiance,2019,317
irradiance,2019,312.8
irradiance,2019,308.7
irradiance,2019,304.6
irradiance,2019,300.5
irradiance,2019,296.4
irradiance,2019,292.3
irradiance,2019,288.2
irradiance,2019,284
irradiance,2019,321.1
irradiance,2019,317
irradiance,2019,312.8
irradiance,2019,308.7
irradiance,2019,304.6
irradiance,2019,300.5
irradiance,2019,296.4
irradiance,2019,292.3
irradiance,2019,288.2
irradiance,2019,284
irradiance,2019,321.1
irradiance,2019,317
irradiance,2019,312.8
irradiance,2019,308.7
irradiance,2019,304.6
irradiance,2019,300.5
irradiance,2019,296.4
irradiance,2019,292.3
irradiance,2019,288.2
irradiance,2019,284
irradiance,2019,321.1
irradiance,2019,317
irradiance,2019,312.8
irradiance,2019,308.7
irradiance,2019,304.6
irradiance,2019,300.5
irradiance,2019,296.4
irradiance,2019,292.3
irradiance,2019,288.2
irradiance,2019,284
irradiance,2019,321.1
irradiance,2019,317
irradiance,2019,312.8
irradiance,2019,308.7
irradiance,2019,304.6
irradiance,2019,300.5
irradiance,2019,296.4
irradiance,2019,292.3
irradiance,2019,288.2
irradiance,2019,284
irradiance,2020,321.1
irradiance,2020,317
irradiance,2020,312.8
irradiance,2020,308.7
irradiance,2020,304.6
irradiance,2020,300.5
irradiance,2020,296.4
irradiance,2020,292.3
irradiance,2020,288.2
irradiance,2020,284
irradiance,2020,321.1
irradiance,2020,317
irradiance,2020,312.8
irradiance,2020,308.7
irradiance,2020,304.6
irradiance,2020,300.5
irradiance,2020,296.4
irradiance,2020,292.3
irradiance,2020,288.2
irradiance,2020,284
irradiance,2020,321.1
irradiance,2020,317
irradiance,2020,312.8
irradiance,2020,308.7
irradiance,2020,304.6
irradiance,2020,300.5
irradiance,2020,296.4
irradiance,2020,292.3
irradiance,2020,288.2
irradiance,2020,284
irradiance,2020,321.1
irradiance,2020,317
irradiance,2020,312.8
irradiance,2020,308.7
irradiance,2020,304.6
irradiance,2020,300.5
irradiance,2020,296.4
irradiance,2020,292.3
irradiance,2020,288.2
irradiance,2020,284
irradiance,2020,321.1
irradiance,2020,317
irradiance,2020,312.8
irradiance,2020,308.7
irradiance,2020,304.6
irradiance,2020,300.5
irradiance,2020,296.4
irradiance,2020,292.3
irradiance,2020,288.2
irradiance,2020,284
irradiance,2020,321.1
irradiance,2020,317
irradiance,2020,312.8
irradiance,2020,308.7
irradiance,2020,304.6
irradiance,2020,300.5
irradiance,2020,296.4
irradiance,2020,292.3
irradiance,2020,288.2
irradiance,2020,284
irradiance,2020,321.1
irradiance,2020,317
irradiance,2020,312.8
irradiance,2020,308.7
irradiance,2020,304.6
irradiance,2020,300.5
irradiance,2020,296.4
irradiance,2020,292.3
irradiance,2020,288.2
irradiance,2020,284
irradiance,2020,321.1
irradiance,2020,317
irradiance,2020,312.8
irradiance,2020,308.7
irradiance,2020,304.6
irradiance,2020,300.5
irradiance,2020,296.4
irradiance,2020,292.3
irradiance,2020,288.2
irradiance,2020,284
irradiance,2020,321.1
irradiance,2020,317
irradiance,2020,312.8
irradiance,2020,308.7
irradiance,2020,304.6
irradiance,2020,300.5
irradiance,2020,296.4
irradiance,2020,292.3
irradiance,2020,288.2
irradiance,2020,284
irradiance,2020,321.1
irradiance,2020,317
irradiance,2020,312.8
irradiance,2020,308.7
irradiance,2020,304.6
irradiance,2020,300.5
irradiance,2020,296.4
irradiance,2020,292.3
irradiance,2020,288.2
irradiance,2020,284
irradiance,2020,321.1
irradiance,2020,317
irradiance,2020,312.8
irradiance,2020,308.7
irradiance,2020,304.6
irradiance,2020,300.5
irradiance,2020,296.4
irradiance,2020,292.3
irradiance,2020,288.2
irradiance,2020,284
irradiance,2020,321.1
irradiance,2020,317
irradiance,2020,312.8
irradiance,2020,308.7
irradiance,2020,304.6
irradiance,2020,300.5
irradiance,2020,296.4
irradiance,2020,292.3
irradiance,2020,288.2
irradiance,2020,284
irradiance,2020,321.1
irradiance,2020,317
irradiance,2020,312.8
irradiance,2020,308.7
irradiance,2020,304.6
irradiance,2020,300.5
irradiance,2020,296.4
irradiance,2020,292.3
irradiance,2020,288.2
irradiance,2020,284
irradiance,2020,321.1
irradiance,2020,317
irradiance,2020,312.8
irradiance,2020,308.7
irradiance,2020,304.6
irradiance,2020,300.5
irradiance,2020,296.4
irradiance,2020,292.3
irradiance,2020,288.2
irradiance,2020,284
irradiance,2020,321.1
irradiance,2020,317
irradiance,2020,312.8
irradiance,2020,308.7
irradiance,2020,304.6
irradiance,2020,300.5
irradiance,2020,296.4
irradiance,2020,292.3
irradiance,2020,288.2
irradiance,2020,284
irradiance,2020,321.1
irradiance,2020,317
irradiance,2020,312.8
irradiance,2020,308.7
irradiance,2020,304.6
irradiance,2020,300.5
irradiance,2020,296.4
irradiance,2020,292.3
irradiance,2020,288.2
irradiance,2020,284
irradiance,2020,321.1
irradiance,2020,317
irradiance,2020,312.8
irradiance,2020,308.7
irradiance,2020,304.6
irradiance,2020,300.5
irradiance,2020,296.4
irradiance,2020,292.3
irradiance,2020,288.2
irradiance,2020,284
irradiance,2020,321.1
irradiance,2020,317
irradiance,2020,312.8
irradiance,2020,308.7
irradiance,2020,304.6
irradiance,2020,300.5
irradiance,2020,296.4
irradiance,2020,292.3
irradiance,2020,288.2
irradiance,2020,284
irradiance,2020,321.1
irradiance,2020,317
irradiance,2020,312.8
irradiance,2020,308.7
irradiance,2020,304.6
irradiance,2020,300.5
irradiance,2020,296.4
irradiance,2020,292.3
irradiance,2020,288.2
irradiance,2020,284
irradiance,2020,321.1
irradiance,2020,317
irradiance,2020,312.8
irradiance,2020,308.7
irradiance,2020,304.6
irradiance,2020,300.5
irradiance,2020,296.4
irradiance,2020,292.3
irradiance,2020,288.2
irradiance,2020,284
irradiance,2020,321.1
irradiance,2020,317
irradiance,2020,312.8
irradiance,2020,308.7
irradiance,2020,304.6
irradiance,2020,300.5
irradiance,2020,296.4
irradiance,2020,292.3
irradiance,2020,288.2
irradiance,2020,284
irradiance,2020,321.1
irradiance,2020,317
irradiance,2020,312.8
irradiance,2020,308.7
irradiance,2020,304.6
irradiance,2020,300.5
irradiance,2020,296.4
irradiance,2020,292.3
irradiance,2020,288.2
irradiance,2020,284
irradiance,2020,321.1
irradiance,2020,317
irradiance,2020,312.8
irradiance,2020,308.7
irradiance,2020,304.6
irradiance,2020,300.5
irradiance,2020,296.4
irradiance,2020,292.3
irradiance,2020,288.2
irradiance,2020,284
irradiance,2020,321.1
irradiance,2020,317
irradiance,2020,312.8
irradiance,2020,308.7
irradiance,2020,304.6
irradiance,2020,300.5
irradiance,2020,296.4
irradiance,2020,292.3
irradiance,2020,288.2
irradiance,2020,284
irradiance,2020,321.1
irradiance,2020,317
irradiance,2020,312.8
irradiance,2020,308.7
irradiance,2020,304.6
irradiance,2020,300.5
irradiance,2020,296.4
irradiance,2020,292.3
irradiance,2020,288.2
irradiance,2020,284
irradiance,2020,321.1
irradiance,2020,317
irradiance,2020,312.8
irradiance,2020,308.7
irradiance,2020,304.6
irradiance,2020,300.5
irradiance,2020,296.4
irradiance,2020,292.3
irradiance,2020,288.2
irradiance,2020,284
irradiance,2020,321.1
irradiance,2020,317
irradiance,2020,312.8
irradiance,2020,308.7
irradiance,2020,304.6
irradiance,2020,300.5
irradiance,2020,296.4
irradiance,2020,292.3
irradiance,2020,288.2
irradiance,2020,284
irradiance,2020,321.1
irradiance,2020,317
irradiance,2020,312.8
irradiance,2020,308.7
irradiance,2020,304.6
irradiance,2020,300.5
irradiance,2020,296.4
irradiance,2020,292.3
irradiance,2020,288.2
irradiance,2020,284
irradiance,2020,321.1
irradiance,2020,317
irradiance,2020,312.8
irradiance,2020,308.7
irradiance,2020,304.6
irradiance,2020,300.5
irradiance,2020,296.4
irradiance,2020,292.3
irradiance,2020,288.2
irradiance,2020,284
irradiance,2020,321.1
irradiance,2020,317
irradiance,2020,312.8
irradiance,2020,308.7
irradiance,2020,304.6
irradiance,2020,300.5
irradiance,2020,296.4
irradiance,2020,292.3
irradiance,2020,288.2
irradiance,2020,284
irradiance,2020,321.1
irradiance,2020,317
irradiance,2020,312.8
irradiance,2020,308.7
irradiance,2020,304.6
irradiance,2020,300.5
irradiance,2020,296.4
irradiance,2020,292.3
irradiance,2020,288.2
irradiance,2020,284
irradiance,2020,321.1
irradiance,2020,317
irradiance,2020,312.8
irradiance,2020,308.7
irradiance,2020,304.6
irradiance,2020,300.5
irradiance,2020,296.4
irradiance,2020,292.3
irradiance,2020,288.2
irradiance,2020,284
irradiance,2020,321.1
irradiance,2020,317
irradiance,2020,312.8
irradiance,2020,308.7
irradiance,2020,304.6
irradiance,2020,300.5
irradiance,2020,296.4
irradiance,2020,292.3
irradiance,2020,288.2
irradiance,2020,284
irradiance,2020,321.1
irradiance,2020,317
irradiance,2020,312.8
irradiance,2020,308.7
irradiance,2020,304.6
irradiance,2020,300.5
irradiance,2020,296.4
irradiance,2020,292.3
irradiance,2020,288.2
irradiance,2020,284
irradiance,2020,321.1
irradiance,2020,317
irradiance,2020,312.8
irradiance,2020,308.7
irradiance,2020,304.6
irradiance,2020,300.5
irradiance,2020,296.4
irradiance,2020,292.3
irradiance,2020,288.2
irradiance,2020,284
irradiance,2020,321.1
irradiance,2020,317
irradiance,2020,312.8
irradiance,2020,308.7
irradiance,2020,304.6
irradiance,2020,300.5
irradiance,2020,296.4
irradiance,2020,292.3
irradiance,2020,288.2
irradiance,2020,284
irradiance,2020,321.1
irradiance,2020,317
irradiance,2020,312.8
irradiance,2020,308.7
irradiance,2020,304.6
irradiance,2020,300.5
irradiance,2020,296.4
irradiance,2020,292.3
irradiance,2020,288.2
irradiance,2020,284
irradiance,2020,321.1
irradiance,2020,317
irradiance,2020,312.8
irradiance,2020,308.7
irradiance,2020,304.6
irradiance,2020,300.5
irradiance,2020,296.4
irradiance,2020,292.3
irradiance,2020,288.2
irradiance,2020,284
irradiance,2020,321.1
irradiance,2020,317
irradiance,2020,312.8
irradiance,2020,308.7
irradiance,2020,304.6
irradiance,2020,300.5
irradiance,2020,296.4
irradiance,2020,292.3
irradiance,2020,288.2
irradiance,2020,284
irradiance,2020,321.1
irradiance,2020,317
irradiance,2020,312.8
irradiance,2020,308.7
irradiance,2020,304.6
irradiance,2020,300.5
irradiance,2020,296.4
irradiance,2020,292.3
irradiance,2020,288.2
irradiance,2020,284
irradiance,2020,321.1
irradiance,2020,317
irradiance,2020,312.8
irradiance,2020,308.7
irradiance,2020,304.6
irradiance,2020,300.5
irradiance,2020,296.4
irradiance,2020,292.3
irradiance,2020,288.2
irradiance,2020,284
irradiance,2020,321.1
irradiance,2020,317
irradiance,2020,312.8
irradiance,2020,308.7
irradiance,2020,304.6
irradiance,2020,300.5
irradiance,2020,296.4
irradiance,2020,292.3
irradiance,2020,288.2
irradiance,2020,284
irradiance,2020,321.1
irradiance,2020,317
irradiance,2020,312.8
irradiance,2020,308.7
irradiance,2020,304.6
irradiance,2020,300.5
irradiance,2020,296.4
irradiance,2020,292.3
irradiance,2020,288.2
irradiance,2020,284
irradiance,2020,321.1
irradiance,2020,317
irradiance,2020,312.8
irradiance,2020,308.7
irradiance,2020,304.6
irradiance,2020,300.5
irradiance,2020,296.4
irradiance,2020,292.3
irradiance,2020,288.2
irradiance,2020,284
irradiance,2020,321.1
irradiance,2020,317
irradiance,2020,312.8
irradiance,2020,308.7
irradiance,2020,304.6
irradiance,2020,300.5
irradiance,2020,296.4
irradiance,2020,292.3
irradiance,2020,288.2
irradiance,2020,284
irradiance,2020,321.1
irradiance,2020,317
irradiance,2020,312.8
irradiance,2020,308.7
irradiance,2020,304.6
irradiance,2020,300.5
irradiance,2020,296.4
irradiance,2020,292.3
irradiance,2020,288.2
irradiance,2020,284
irradiance,2020,321.1
irradiance,2020,317
irradiance,2020,312.8
irradiance,2020,308.7
irradiance,2020,304.6
irradiance,2020,300.5
irradiance,2020,296.4
irradiance,2020,292.3
irradiance,2020,288.2
irradiance,2020,284
irradiance,2020,321.1
irradiance,2020,317
irradiance,2020,312.8
irradiance,2020,308.7
irradiance,2020,304.6
irradiance,2020,300.5
irradiance,2020,296.4
irradiance,2020,292.3
irradiance,2020,288.2
irradiance,2020,284
irradiance,2020,321.1
irradiance,2020,317
irradiance,2020,312.8
irradiance,2020,308.7
irradiance,2020,304.6
irradiance,2020,300.5
irradiance,2020,296.4
irradiance,2020,292.3
irradiance,2020,288.2
irradiance,2020,284
irradiance,2020,321.1
irradiance,2020,317
irradiance,2020,312.8
irradiance,2020,308.7
irradiance,2020,304.6
irradiance,2020,300.5
irradiance,2020,296.4
irradiance,2020,292.3
irradiance,2020,288.2
irradiance,2020,284
irradiance,2020,321.1
irradiance,2020,317
irradiance,2020,312.8
irradiance,2020,308.7
irradiance,2020,304.6
irradiance,2020,300.5
irradiance,2020,296.4
irradiance,2020,292.3
irradiance,2020,288.2
irradiance,2020,284
irradiance,2020,321.1
irradiance,2020,317
irradiance,2020,312.8
irradiance,2020,308.7
irradiance,2020,304.6
irradiance,2020,300.5
irradiance,2020,296.4
irradiance,2020,292.3
irradiance,2020,288.2
irradiance,2020,284
irradiance,2020,321.1
irradiance,2020,317
irradiance,2020,312.8
irradiance,2020,308.7
irradiance,2020,304.6
irradiance,2020,300.5
irradiance,2020,296.4
irradiance,2020,292.3
irradiance,2020,288.2
irradiance,2020,284
irradiance,2020,321.1
irradiance,2020,317
irradiance,2020,312.8
irradiance,2020,308.7
irradiance,2020,304.6
irradiance,2020,300.5
irradiance,2020,296.4
irradiance,2020,292.3
irradiance,2020,288.2
irradiance,2020,284
irradiance,2020,321.1
irradiance,2020,317
irradiance,2020,312.8
irradiance,2020,308.7
irradiance,2020,304.6
irradiance,2020,300.5
irradiance,2020,296.4
irradiance,2020,292.3
irradiance,2020,288.2
irradiance,2020,284
irradiance,2020,321.1
irradiance,2020,317
irradiance,2020,312.8
irradiance,2020,308.7
irradiance,2020,304.6
irradiance,2020,300.5
irradiance,2020,296.4
irradiance,2020,292.3
irradiance,2020,288.2
irradiance,2020,284
irradiance,2020,321.1
irradiance,2020,317
irradiance,2020,312.8
irradiance,2020,308.7
irradiance,2020,304.6
irradiance,2020,300.5
irradiance,2020,296.4
irradiance,2020,292.3
irradiance,2020,288.2
irradiance,2020,284
irradiance,2020,321.1
irradiance,2020,317
irradiance,2020,312.8
irradiance,2020,308.7
irradiance,2020,304.6
irradiance,2020,300.5
irradiance,2020,296.4
irradiance,2020,292.3
irradiance,2020,288.2
irradiance,2020,284
irradiance,2020,321.1
irradiance,2020,317
irradiance,2020,312.8
irradiance,2020,308.7
irradiance,2020,304.6
irradiance,2020,300.5
irradiance,2020,296.4
irradiance,2020,292.3
irradiance,2020,288.2
irradiance,2020,284
irradiance,2020,321.1
irradiance,2020,317
irradiance,2020,312.8
irradiance,2020,308.7
irradiance,2020,304.6
irradiance,2020,300.5
irradiance,2020,296.4
irradiance,2020,292.3
irradiance,2020,288.2
irradiance,2020,284
irradiance,2020,321.1
irradiance,2020,317
irradiance,2020,312.8
irradiance,2020,308.7
irradiance,2020,304.6
irradiance,2020,300.5
irradiance,2020,296.4
irradiance,2020,292.3
irradiance,2020,288.2
irradiance,2020,284
irradiance,2020,321.1
irradiance,2020,317
irradiance,2020,312.8
irradiance,2020,308.7
irradiance,2020,304.6
irradiance,2020,300.5
irradiance,2020,296.4
irradiance,2020,292.3
irradiance,2020,288.2
irradiance,2020,284
irradiance,2020,321.1
irradiance,2020,317
irradiance,2020,312.8
irradiance,2020,308.7
irradiance,2020,304.6
irradiance,2020,300.5
irradiance,2020,296.4
irradiance,2020,292.3
irradiance,2020,288.2
irradiance,2020,284
irradiance,2020,321.1
irradiance,2020,317
irradiance,2020,312.8
irradiance,2020,308.7
irradiance,2020,304.6
irradiance,2020,300.5
irradiance,2020,296.4
irradiance,2020,292.3
irradiance,2020,288.2
irradiance,2020,284
irradiance,2020,321.1
irradiance,2020,317
irradiance,2020,312.8
irradiance,2020,308.7
irradiance,2020,304.6
irradiance,2020,300.5
irradiance,2020,296.4
irradiance,2020,292.3
irradiance,2020,288.2
irradiance,2020,284
irradiance,2020,321.1
irradiance,2020,317
irradiance,2020,312.8
irradiance,2020,308.7
irradiance,2020,304.6
irradiance,2020,300.5
irradiance,2020,296.4
irradiance,2020,292.3
irradiance,2020,288.2
irradiance,2020,284
irradiance,2020,321.1
irradiance,2020,317
irradiance,2020,312.8
irradiance,2020,308.7
irradiance,2020,304.6
irradiance,2020,300.5
irradiance,2020,296.4
irradiance,2020,292.3
irradiance,2020,288.2
irradiance,2020,284
irradiance,2020,321.1
irradiance,2020,317
irradiance,2020,312.8
irradiance,2020,308.7
irradiance,2020,304.6
irradiance,2020,300.5
irradiance,2020,296.4
irradiance,2020,292.3
irradiance,2020,288.2
irradiance,2020,284
irradiance,2020,321.1
irradiance,2020,317
irradiance,2020,312.8
irradiance,2020,308.7
irradiance,2020,304.6
irradiance,2020,300.5
irradiance,2020,296.4
irradiance,2020,292.3
irradiance,2020,288.2
irradiance,2020,284
irradiance,2020,321.1
irradiance,2020,317
irradiance,2020,312.8
irradiance,2020,308.7
irradiance,2020,304.6
irradiance,2020,300.5
irradiance,2020,296.4
irradiance,2020,292.3
irradiance,2020,288.2
irradiance,2020,284
irradiance,2020,321.1
irradiance,2020,317
irradiance,2020,312.8
irradiance,2020,308.7
irradiance,2020,304.6
irradiance,2020,300.5
irradiance,2020,296.4
irradiance,2020,292.3
irradiance,2020,288.2
irradiance,2020,284
irradiance,2020,321.1
irradiance,2020,317
irradiance,2020,312.8
irradiance,2020,308.7
irradiance,2020,304.6
irradiance,2020,300.5
irradiance,2020,296.4
irradiance,2020,292.3
irradiance,2020,288.2
irradiance,2020,284
irradiance,2020,321.1
irradiance,2020,317
irradiance,2020,312.8
irradiance,2020,308.7
irradiance,2020,304.6
irradiance,2020,300.5
irradiance,2020,296.4
irradiance,2020,292.3
irradiance,2020,288.2
irradiance,2020,284
irradiance,2020,321.1
irradiance,2020,317
irradiance,2020,312.8
irradiance,2020,308.7
irradiance,2020,304.6
irradiance,2020,300.5
irradiance,2020,296.4
irradiance,2020,292.3
irradiance,2020,288.2
irradiance,2020,284
irradiance,2020,321.1
irradiance,2020,317
irradiance,2020,312.8
irradiance,2020,308.7
irradiance,2020,304.6
irradiance,2020,300.5
irradiance,2020,296.4
irradiance,2020,292.3
irradiance,2020,288.2
irradiance,2020,284
irradiance,2020,321.1
irradiance,2020,317
irradiance,2020,312.8
irradiance,2020,308.7
irradiance,2020,304.6
irradiance,2020,300.5
irradiance,2020,296.4
irradiance,2020,292.3
irradiance,2020,288.2
irradiance,2020,284
irradiance,2020,321.1
irradiance,2020,317
irradiance,2020,312.8
irradiance,2020,308.7
irradiance,2020,304.6
irradiance,2020,300.5
irradiance,2020,296.4
irradiance,2020,292.3
irradiance,2020,288.2
irradiance,2020,284
irradiance,2020,321.1
irradiance,2020,317
irradiance,2020,312.8
irradiance,2020,308.7
irradiance,2020,304.6
irradiance,2020,300.5
irradiance,2020,296.4
irradiance,2020,292.3
irradiance,2020,288.2
irradiance,2020,284
irradiance,2020,321.1
irradiance,2020,317
irradiance,2020,312.8
irradiance,2020,308.7
irradiance,2020,304.6
irradiance,2020,300.5
irradiance,2020,296.4
irradiance,2020,292.3
irradiance,2020,288.2
irradiance,2020,284
irradiance,2020,321.1
irradiance,2020,317
irradiance,2020,312.8
irradiance,2020,308.7
irradiance,2020,304.6
irradiance,2020,300.5
irradiance,2020,296.4
irradiance,2020,292.3
irradiance,2020,288.2
irradiance,2020,284
irradiance,2020,321.1
irradiance,2020,317
irradiance,2020,312.8
irradiance,2020,308.7
irradiance,2020,304.6
irradiance,2020,300.5
irradiance,2020,296.4
irradiance,2020,292.3
irradiance,2020,288.2
irradiance,2020,284
irradiance,2020,321.1
irradiance,2020,317
irradiance,2020,312.8
irradiance,2020,308.7
irradiance,2020,304.6
irradiance,2020,300.5
irradiance,2020,296.4
irradiance,2020,292.3
irradiance,2020,288.2
irradiance,2020,284
irradiance,2020,321.1
irradiance,2020,317
irradiance,2020,312.8
irradiance,2020,308.7
irradiance,2020,304.6
irradiance,2020,300.5
irradiance,2020,296.4
irradiance,2020,292.3
irradiance,2020,288.2
irradiance,2020,284
irradiance,2020,321.1
irradiance,2020,317
irradiance,2020,312.8
irradiance,2020,308.7
irradiance,2020,304.6
irradiance,2020,300.5
irradiance,2020,296.4
irradiance,2020,292.3
irradiance,2020,288.2
irradiance,2020,284
irradiance,2020,321.1
irradiance,2020,317
irradiance,2020,312.8
irradiance,2020,308.7
irradiance,2020,304.6
irradiance,2020,300.5
irradiance,2020,296.4
irradiance,2020,292.3
irradiance,2020,288.2
irradiance,2020,284
irradiance,2020,321.1
irradiance,2020,317
irradiance,2020,312.8
irradiance,2020,308.7
irradiance,2020,304.6
irradiance,2020,300.5
irradiance,2020,296.4
irradiance,2020,292.3
irradiance,2020,288.2
irradiance,2020,284
irradiance,2020,321.1
irradiance,2020,317
irradiance,2020,312.8
irradiance,2020,308.7
irradiance,2020,304.6
irradiance,2020,300.5
irradiance,2020,296.4
irradiance,2020,292.3
irradiance,2020,288.2
irradiance,2020,321.1
irradiance,2020,317
irradiance,2020,312.8
irradiance,2020,308.7
irradiance,2020,304.6
irradiance,2020,300.5
irradiance,2020,296.4
irradiance,2020,292.3
irradiance,2020,288.2
irradiance,2020,317
irradiance,2020,312.8
irradiance,2020,308.7
irradiance,2020,304.6
irradiance,2020,300.5
irradiance,2020,296.4
irradiance,2020,292.3
irradiance,2020,312.8
irradiance,2020,308.7
irradiance,2020,304.6
irradiance,2020,300.5
irradiance,2020,296.4
irradiance,2020,292.3
irradiance,2020,304.6
irradiance,2020,300.5
irradiance,2021,218.2
irradiance,2021,214.1
irradiance,2021,210
irradiance,2021,205.9
irradiance,2021,201.8
irradiance,2021,222.3
irradiance,2021,218.2
irradiance,2021,214.1
irradiance,2021,210
irradiance,2021,205.9
irradiance,2021,201.8
irradiance,2021,197.6
irradiance,2021,226.4
irradiance,2021,222.3
irradiance,2021,218.2
irradiance,2021,214.1
irradiance,2021,210
irradiance,2021,205.9
irradiance,2021,201.8
irradiance,2021,197.6
irradiance,2021,193.5
irradiance,2021,226.4
irradiance,2021,222.3
irradiance,2021,218.2
irradiance,2021,214.1
irradiance,2021,210
irradiance,2021,205.9
irradiance,2021,201.8
irradiance,2021,197.6
irradiance,2021,193.5
irradiance,2021,230.6
irradiance,2021,226.4
irradiance,2021,222.3
irradiance,2021,218.2
irradiance,2021,214.1
irradiance,2021,210
irradiance,2021,205.9
irradiance,2021,201.8
irradiance,2021,197.6
irradiance,2021,193.5
irradiance,2021,230.6
irradiance,2021,226.4
irradiance,2021,222.3
irradiance,2021,218.2
irradiance,2021,214.1
irradiance,2021,210
irradiance,2021,205.9
irradiance,2021,201.8
irradiance,2021,197.6
irradiance,2021,193.5
irradiance,2021,230.6
irradiance,2021,226.4
irradiance,2021,222.3
irradiance,2021,218.2
irradiance,2021,214.1
irradiance,2021,210
irradiance,2021,205.9
irradiance,2021,201.8
irradiance,2021,197.6
irradiance,2021,193.5
irradiance,2021,230.6
irradiance,2021,226.4
irradiance,2021,222.3
irradiance,2021,218.2
irradiance,2021,214.1
irradiance,2021,210
irradiance,2021,205.9
irradiance,2021,201.8
irradiance,2021,197.6
irradiance,2021,193.5
irradiance,2021,230.6
irradiance,2021,226.4
irradiance,2021,222.3
irradiance,2021,218.2
irradiance,2021,214.1
irradiance,2021,210
irradiance,2021,205.9
irradiance,2021,201.8
irradiance,2021,197.6
irradiance,2021,193.5
irradiance,2021,230.6
irradiance,2021,226.4
irradiance,2021,222.3
irradiance,2021,218.2
irradiance,2021,214.1
irradiance,2021,210
irradiance,2021,205.9
irradiance,2021,201.8
irradiance,2021,197.6
irradiance,2021,193.5
irradiance,2021,230.6
irradiance,2021,226.4
irradiance,2021,222.3
irradiance,2021,218.2
irradiance,2021,214.1
irradiance,2021,210
irradiance,2021,205.9
irradiance,2021,201.8
irradiance,2021,197.6
irradiance,2021,230.6
irradiance,2021,226.4
irradiance,2021,222.3
irradiance,2021,218.2
irradiance,2021,214.1
irradiance,2021,210
irradiance,2021,205.9
irradiance,2021,201.8
irradiance,2021,197.6
irradiance,2021,230.6
irradiance,2021,226.4
irradiance,2021,222.3
irradiance,2021,218.2
irradiance,2021,214.1
irradiance,2021,210
irradiance,2021,205.9
irradiance,2021,201.8
irradiance,2021,197.6
irradiance,2021,230.6
irradiance,2021,226.4
irradiance,2021,222.3
irradiance,2021,218.2
irradiance,2021,214.1
irradiance,2021,210
irradiance,2021,205.9
irradiance,2021,201.8
irradiance,2021,197.6
irradiance,2021,234.7
irradiance,2021,230.6
irradiance,2021,226.4
irradiance,2021,222.3
irradiance,2021,218.2
irradiance,2021,214.1
irradiance,2021,210
irradiance,2021,205.9
irradiance,2021,201.8
irradiance,2021,197.6
irradiance,2021,234.7
irradiance,2021,230.6
irradiance,2021,226.4
irradiance,2021,222.3
irradiance,2021,218.2
irradiance,2021,214.1
irradiance,2021,210
irradiance,2021,205.9
irradiance,2021,201.8
irradiance,2021,197.6
irradiance,2021,234.7
irradiance,2021,230.6
irradiance,2021,226.4
irradiance,2021,222.3
irradiance,2021,218.2
irradiance,2021,214.1
irradiance,2021,210
irradiance,2021,205.9
irradiance,2021,201.8
irradiance,2021,197.6
irradiance,2021,193.5
irradiance,2021,234.7
irradiance,2021,230.6
irradiance,2021,226.4
irradiance,2021,222.3
irradiance,2021,218.2
irradiance,2021,214.1
irradiance,2021,210
irradiance,2021,205.9
irradiance,2021,201.8
irradiance,2021,197.6
irradiance,2021,193.5
irradiance,2021,189.4
irradiance,2021,234.7
irradiance,2021,230.6
irradiance,2021,226.4
irradiance,2021,222.3
irradiance,2021,218.2
irradiance,2021,214.1
irradiance,2021,210
irradiance,2021,205.9
irradiance,2021,201.8
irradiance,2021,197.6
irradiance,2021,193.5
irradiance,2021,189.4
irradiance,2021,185.3
irradiance,2021,230.6
irradiance,2021,226.4
irradiance,2021,222.3
irradiance,2021,218.2
irradiance,2021,214.1
irradiance,2021,210
irradiance,2021,205.9
irradiance,2021,201.8
irradiance,2021,197.6
irradiance,2021,193.5
irradiance,2021,189.4
irradiance,2021,185.3
irradiance,2021,181.2
irradiance,2021,226.4
irradiance,2021,222.3
irradiance,2021,218.2
irradiance,2021,214.1
irradiance,2021,210
irradiance,2021,205.9
irradiance,2021,201.8
irradiance,2021,197.6
irradiance,2021,193.5
irradiance,2021,189.4
irradiance,2021,185.3
irradiance,2021,181.2
irradiance,2021,177.1
irradiance,2021,226.4
irradiance,2021,222.3
irradiance,2021,218.2
irradiance,2021,214.1
irradiance,2021,210
irradiance,2021,205.9
irradiance,2021,201.8
irradiance,2021,197.6
irradiance,2021,193.5
irradiance,2021,189.4
irradiance,2021,185.3
irradiance,2021,181.2
irradiance,2021,177.1
irradiance,2021,222.3
irradiance,2021,218.2
irradiance,2021,214.1
irradiance,2021,210
irradiance,2021,205.9
irradiance,2021,201.8
irradiance,2021,197.6
irradiance,2021,193.5
irradiance,2021,189.4
irradiance,2021,185.3
irradiance,2021,181.2
irradiance,2021,177.1
irradiance,2021,173
irradiance,2021,218.2
irradiance,2021,214.1
irradiance,2021,210
irradiance,2021,205.9
irradiance,2021,201.8
irradiance,2021,197.6
irradiance,2021,193.5
irradiance,2021,189.4
irradiance,2021,185.3
irradiance,2021,181.2
irradiance,2021,177.1
irradiance,2021,173
irradiance,2021,168.8
irradiance,2021,214.1
irradiance,2021,210
irradiance,2021,205.9
irradiance,2021,201.8
irradiance,2021,197.6
irradiance,2021,193.5
irradiance,2021,189.4
irradiance,2021,185.3
irradiance,2021,181.2
irradiance,2021,177.1
irradiance,2021,173
irradiance,2021,168.8
irradiance,2021,164.7
irradiance,2021,210
irradiance,2021,205.9
irradiance,2021,201.8
irradiance,2021,197.6
irradiance,2021,193.5
irradiance,2021,189.4
irradiance,2021,185.3
irradiance,2021,181.2
irradiance,2021,177.1
irradiance,2021,173
irradiance,2021,168.8
irradiance,2021,164.7
irradiance,2021,160.6
irradiance,2021,205.9
irradiance,2021,201.8
irradiance,2021,197.6
irradiance,2021,193.5
irradiance,2021,189.4
irradiance,2021,185.3
irradiance,2021,181.2
irradiance,2021,177.1
irradiance,2021,173
irradiance,2021,168.8
irradiance,2021,164.7
irradiance,2021,160.6
irradiance,2021,156.5
irradiance,2021,201.8
irradiance,2021,197.6
irradiance,2021,193.5
irradiance,2021,189.4
irradiance,2021,185.3
irradiance,2021,181.2
irradiance,2021,177.1
irradiance,2021,173
irradiance,2021,168.8
irradiance,2021,164.7
irradiance,2021,160.6
irradiance,2021,156.5
irradiance,2021,152.4
irradiance,2021,197.6
irradiance,2021,193.5
irradiance,2021,189.4
irradiance,2021,185.3
irradiance,2021,181.2
irradiance,2021,177.1
irradiance,2021,173
irradiance,2021,168.8
irradiance,2021,164.7
irradiance,2021,160.6
irradiance,2021,156.5
irradiance,2021,152.4
irradiance,2021,148.3
irradiance,2021,193.5
irradiance,2021,189.4
irradiance,2021,185.3
irradiance,2021,181.2
irradiance,2021,177.1
irradiance,2021,173
irradiance,2021,168.8
irradiance,2021,164.7
irradiance,2021,160.6
irradiance,2021,156.5
irradiance,2021,152.4
irradiance,2021,148.3
irradiance,2021,189.4
irradiance,2021,185.3
irradiance,2021,181.2
irradiance,2021,177.1
irradiance,2021,173
irradiance,2021,168.8
irradiance,2021,164.7
irradiance,2021,160.6
irradiance,2021,156.5
irradiance,2021,152.4
irradiance,2021,148.3
irradiance,2021,189.4
irradiance,2021,185.3
irradiance,2021,181.2
irradiance,2021,177.1
irradiance,2021,173
irradiance,2021,168.8
irradiance,2021,164.7
irradiance,2021,160.6
irradiance,2021,156.5
irradiance,2021,152.4
irradiance,2021,148.3
irradiance,2021,189.4
irradiance,2021,185.3
irradiance,2021,181.2
irradiance,2021,177.1
irradiance,2021,173
irradiance,2021,168.8
irradiance,2021,164.7
irradiance,2021,160.6
irradiance,2021,156.5
irradiance,2021,152.4
irradiance,2021,189.4
irradiance,2021,185.3
irradiance,2021,181.2
irradiance,2021,177.1
irradiance,2021,173
irradiance,2021,168.8
irradiance,2021,164.7
irradiance,2021,160.6
irradiance,2021,156.5
irradiance,2021,152.4
irradiance,2021,193.5
irradiance,2021,189.4
irradiance,2021,185.3
irradiance,2021,181.2
irradiance,2021,177.1
irradiance,2021,173
irradiance,2021,168.8
irradiance,2021,164.7
irradiance,2021,160.6
irradiance,2021,156.5
irradiance,2021,152.4
irradiance,2021,193.5
irradiance,2021,189.4
irradiance,2021,185.3
irradiance,2021,181.2
irradiance,2021,177.1
irradiance,2021,173
irradiance,2021,168.8
irradiance,2021,164.7
irradiance,2021,160.6
irradiance,2021,156.5
irradiance,2021,197.6
irradiance,2021,193.5
irradiance,2021,189.4
irradiance,2021,185.3
irradiance,2021,181.2
irradiance,2021,177.1
irradiance,2021,173
irradiance,2021,168.8
irradiance,2021,164.7
irradiance,2021,160.6
irradiance,2021,156.5
irradiance,2021,197.6
irradiance,2021,193.5
irradiance,2021,189.4
irradiance,2021,185.3
irradiance,2021,181.2
irradiance,2021,177.1
irradiance,2021,173
irradiance,2021,168.8
irradiance,2021,164.7
irradiance,2021,160.6
irradiance,2021,197.6
irradiance,2021,193.5
irradiance,2021,189.4
irradiance,2021,185.3
irradiance,2021,181.2
irradiance,2021,177.1
irradiance,2021,173
irradiance,2021,168.8
irradiance,2021,164.7
irradiance,2021,160.6
irradiance,2021,201.8
irradiance,2021,197.6
irradiance,2021,193.5
irradiance,2021,189.4
irradiance,2021,185.3
irradiance,2021,181.2
irradiance,2021,177.1
irradiance,2021,173
irradiance,2021,168.8
irradiance,2021,164.7
irradiance,2021,160.6
irradiance,2021,201.8
irradiance,2021,197.6
irradiance,2021,193.5
irradiance,2021,189.4
irradiance,2021,185.3
irradiance,2021,181.2
irradiance,2021,177.1
irradiance,2021,173
irradiance,2021,168.8
irradiance,2021,164.7
irradiance,2021,205.9
irradiance,2021,201.8
irradiance,2021,197.6
irradiance,2021,193.5
irradiance,2021,189.4
irradiance,2021,185.3
irradiance,2021,181.2
irradiance,2021,177.1
irradiance,2021,173
irradiance,2021,168.8
irradiance,2021,164.7
irradiance,2021,205.9
irradiance,2021,201.8
irradiance,2021,197.6
irradiance,2021,193.5
irradiance,2021,189.4
irradiance,2021,185.3
irradiance,2021,181.2
irradiance,2021,177.1
irradiance,2021,173
irradiance,2021,168.8
irradiance,2021,205.9
irradiance,2021,201.8
irradiance,2021,197.6
irradiance,2021,193.5
irradiance,2021,189.4
irradiance,2021,185.3
irradiance,2021,181.2
irradiance,2021,177.1
irradiance,2021,173
irradiance,2021,168.8
irradiance,2021,205.9
irradiance,2021,201.8
irradiance,2021,197.6
irradiance,2021,193.5
irradiance,2021,189.4
irradiance,2021,185.3
irradiance,2021,181.2
irradiance,2021,177.1
irradiance,2021,173
irradiance,2021,205.9
irradiance,2021,201.8
irradiance,2021,197.6
irradiance,2021,193.5
irradiance,2021,189.4
irradiance,2021,185.3
irradiance,2021,181.2
irradiance,2021,177.1
irradiance,2021,173
irradiance,2021,210
irradiance,2021,205.9
irradiance,2021,201.8
irradiance,2021,197.6
irradiance,2021,193.5
irradiance,2021,189.4
irradiance,2021,185.3
irradiance,2021,181.2
irradiance,2021,177.1
irradiance,2021,173
irradiance,2021,210
irradiance,2021,205.9
irradiance,2021,201.8
irradiance,2021,197.6
irradiance,2021,193.5
irradiance,2021,189.4
irradiance,2021,185.3
irradiance,2021,181.2
irradiance,2021,177.1
irradiance,2021,173
irradiance,2021,210
irradiance,2021,205.9
irradiance,2021,201.8
irradiance,2021,197.6
irradiance,2021,193.5
irradiance,2021,189.4
irradiance,2021,185.3
irradiance,2021,181.2
irradiance,2021,177.1
irradiance,2021,173
irradiance,2021,210
irradiance,2021,205.9
irradiance,2021,201.8
irradiance,2021,197.6
irradiance,2021,193.5
irradiance,2021,189.4
irradiance,2021,185.3
irradiance,2021,181.2
irradiance,2021,177.1
irradiance,2021,173
irradiance,2021,210
irradiance,2021,205.9
irradiance,2021,201.8
irradiance,2021,197.6
irradiance,2021,193.5
irradiance,2021,189.4
irradiance,2021,185.3
irradiance,2021,181.2
irradiance,2021,177.1
irradiance,2021,210
irradiance,2021,205.9
irradiance,2021,201.8
irradiance,2021,197.6
irradiance,2021,193.5
irradiance,2021,189.4
irradiance,2021,185.3
irradiance,2021,181.2
irradiance,2021,177.1
irradiance,2021,214.1
irradiance,2021,210
irradiance,2021,205.9
irradiance,2021,201.8
irradiance,2021,197.6
irradiance,2021,193.5
irradiance,2021,189.4
irradiance,2021,185.3
irradiance,2021,181.2
irradiance,2021,177.1
irradiance,2021,214.1
irradiance,2021,210
irradiance,2021,205.9
irradiance,2021,201.8
irradiance,2021,197.6
irradiance,2021,193.5
irradiance,2021,189.4
irradiance,2021,185.3
irradiance,2021,181.2
irradiance,2021,177.1
irradiance,2021,214.1
irradiance,2021,210
irradiance,2021,205.9
irradiance,2021,201.8
irradiance,2021,197.6
irradiance,2021,193.5
irradiance,2021,189.4
irradiance,2021,185.3
irradiance,2021,181.2
irradiance,2021,177.1
irradiance,2021,214.1
irradiance,2021,210
irradiance,2021,205.9
irradiance,2021,201.8
irradiance,2021,197.6
irradiance,2021,193.5
irradiance,2021,189.4
irradiance,2021,185.3
irradiance,2021,181.2
irradiance,2021,177.1
irradiance,2021,214.1
irradiance,2021,210
irradiance,2021,205.9
irradiance,2021,201.8
irradiance,2021,197.6
irradiance,2021,193.5
irradiance,2021,189.4
irradiance,2021,185.3
irradiance,2021,181.2
irradiance,2021,177.1
irradiance,2021,173
irradiance,2021,214.1
irradiance,2021,210
irradiance,2021,205.9
irradiance,2021,201.8
irradiance,2021,197.6
irradiance,2021,193.5
irradiance,2021,189.4
irradiance,2021,185.3
irradiance,2021,181.2
irradiance,2021,177.1
irradiance,2021,173
irradiance,2021,210
irradiance,2021,205.9
irradiance,2021,201.8
irradiance,2021,197.6
irradiance,2021,193.5
irradiance,2021,189.4
irradiance,2021,185.3
irradiance,2021,181.2
irradiance,2021,177.1
irradiance,2021,173
irradiance,2021,168.8
irradiance,2021,210
irradiance,2021,205.9
irradiance,2021,201.8
irradiance,2021,197.6
irradiance,2021,193.5
irradiance,2021,189.4
irradiance,2021,185.3
irradiance,2021,181.2
irradiance,2021,177.1
irradiance,2021,173
irradiance,2021,168.8
irradiance,2021,164.7
irradiance,2021,205.9
irradiance,2021,201.8
irradiance,2021,197.6
irradiance,2021,193.5
irradiance,2021,189.4
irradiance,2021,185.3
irradiance,2021,181.2
irradiance,2021,177.1
irradiance,2021,173
irradiance,2021,168.8
irradiance,2021,164.7
irradiance,2021,160.6
irradiance,2021,201.8
irradiance,2021,197.6
irradiance,2021,193.5
irradiance,2021,189.4
irradiance,2021,185.3
irradiance,2021,181.2
irradiance,2021,177.1
irradiance,2021,173
irradiance,2021,168.8
irradiance,2021,164.7
irradiance,2021,160.6
irradiance,2021,156.5
irradiance,2021,201.8
irradiance,2021,197.6
irradiance,2021,193.5
irradiance,2021,189.4
irradiance,2021,185.3
irradiance,2021,181.2
irradiance,2021,177.1
irradiance,2021,173
irradiance,2021,168.8
irradiance,2021,164.7
irradiance,2021,160.6
irradiance,2021,156.5
irradiance,2021,197.6
irradiance,2021,193.5
irradiance,2021,189.4
irradiance,2021,185.3
irradiance,2021,181.2
irradiance,2021,177.1
irradiance,2021,173
irradiance,2021,168.8
irradiance,2021,164.7
irradiance,2021,160.6
irradiance,2021,156.5
irradiance,2021,152.4
irradiance,2021,193.5
irradiance,2021,189.4
irradiance,2021,185.3
irradiance,2021,181.2
irradiance,2021,177.1
irradiance,2021,173
irradiance,2021,168.8
irradiance,2021,164.7
irradiance,2021,160.6
irradiance,2021,156.5
irradiance,2021,152.4
irradiance,2021,148.3
irradiance,2021,189.4
irradiance,2021,185.3
irradiance,2021,181.2
irradiance,2021,177.1
irradiance,2021,173
irradiance,2021,168.8
irradiance,2021,164.7
irradiance,2021,160.6
irradiance,2021,156.5
irradiance,2021,152.4
irradiance,2021,148.3
irradiance,2021,144.2
irradiance,2021,185.3
irradiance,2021,181.2
irradiance,2021,177.1
irradiance,2021,173
irradiance,2021,168.8
irradiance,2021,164.7
irradiance,2021,160.6
irradiance,2021,156.5
irradiance,2021,152.4
irradiance,2021,148.3
irradiance,2021,144.2
irradiance,2021,185.3
irradiance,2021,181.2
irradiance,2021,177.1
irradiance,2021,173
irradiance,2021,168.8
irradiance,2021,164.7
irradiance,2021,160.6
irradiance,2021,156.5
irradiance,2021,152.4
irradiance,2021,148.3
irradiance,2021,144.2
irradiance,2021,140
irradiance,2021,181.2
irradiance,2021,177.1
irradiance,2021,173
irradiance,2021,168.8
irradiance,2021,164.7
irradiance,2021,160.6
irradiance,2021,156.5
irradiance,2021,152.4
irradiance,2021,148.3
irradiance,2021,144.2
irradiance,2021,140
irradiance,2021,135.9
irradiance,2021,181.2
irradiance,2021,177.1
irradiance,2021,173
irradiance,2021,168.8
irradiance,2021,164.7
irradiance,2021,160.6
irradiance,2021,156.5
irradiance,2021,152.4
irradiance,2021,148.3
irradiance,2021,144.2
irradiance,2021,140
irradiance,2021,135.9
irradiance,2021,185.3
irradiance,2021,181.2
irradiance,2021,177.1
irradiance,2021,173
irradiance,2021,168.8
irradiance,2021,164.7
irradiance,2021,160.6
irradiance,2021,156.5
irradiance,2021,152.4
irradiance,2021,148.3
irradiance,2021,144.2
irradiance,2021,140
irradiance,2021,135.9
irradiance,2021,189.4
irradiance,2021,185.3
irradiance,2021,181.2
irradiance,2021,177.1
irradiance,2021,173
irradiance,2021,168.8
irradiance,2021,164.7
irradiance,2021,160.6
irradiance,2021,156.5
irradiance,2021,152.4
irradiance,2021,148.3
irradiance,2021,144.2
irradiance,2021,140
irradiance,2021,135.9
irradiance,2021,197.6
irradiance,2021,193.5
irradiance,2021,189.4
irradiance,2021,185.3
irradiance,2021,181.2
irradiance,2021,177.1
irradiance,2021,173
irradiance,2021,168.8
irradiance,2021,164.7
irradiance,2021,160.6
irradiance,2021,156.5
irradiance,2021,152.4
irradiance,2021,148.3
irradiance,2021,144.2
irradiance,2021,140
irradiance,2021,201.8
irradiance,2021,197.6
irradiance,2021,193.5
irradiance,2021,189.4
irradiance,2021,185.3
irradiance,2021,181.2
irradiance,2021,177.1
irradiance,2021,173
irradiance,2021,168.8
irradiance,2021,164.7
irradiance,2021,160.6
irradiance,2021,156.5
irradiance,2021,152.4
irradiance,2021,148.3
irradiance,2021,144.2
irradiance,2021,205.9
irradiance,2021,201.8
irradiance,2021,197.6
irradiance,2021,193.5
irradiance,2021,189.4
irradiance,2021,185.3
irradiance,2021,181.2
irradiance,2021,177.1
irradiance,2021,173
irradiance,2021,168.8
irradiance,2021,164.7
irradiance,2021,160.6
irradiance,2021,156.5
irradiance,2021,152.4
irradiance,2021,148.3
irradiance,2021,210
irradiance,2021,205.9
irradiance,2021,201.8
irradiance,2021,197.6
irradiance,2021,193.5
irradiance,2021,189.4
irradiance,2021,185.3
irradiance,2021,181.2
irradiance,2021,177.1
irradiance,2021,173
irradiance,2021,168.8
irradiance,2021,164.7
irradiance,2021,160.6
irradiance,2021,156.5
irradiance,2021,152.4
irradiance,2021,218.2
irradiance,2021,214.1
irradiance,2021,210
irradiance,2021,205.9
irradiance,2021,201.8
irradiance,2021,197.6
irradiance,2021,193.5
irradiance,2021,189.4
irradiance,2021,185.3
irradiance,2021,181.2
irradiance,2021,177.1
irradiance,2021,173
irradiance,2021,168.8
irradiance,2021,164.7
irradiance,2021,160.6
irradiance,2021,222.3
irradiance,2021,218.2
irradiance,2021,214.1
irradiance,2021,210
irradiance,2021,205.9
irradiance,2021,201.8
irradiance,2021,197.6
irradiance,2021,193.5
irradiance,2021,189.4
irradiance,2021,185.3
irradiance,2021,181.2
irradiance,2021,177.1
irradiance,2021,173
irradiance,2021,168.8
irradiance,2021,164.7
irradiance,2021,226.4
irradiance,2021,222.3
irradiance,2021,218.2
irradiance,2021,214.1
irradiance,2021,210
irradiance,2021,205.9
irradiance,2021,201.8
irradiance,2021,197.6
irradiance,2021,193.5
irradiance,2021,189.4
irradiance,2021,185.3
irradiance,2021,181.2
irradiance,2021,177.1
irradiance,2021,173
irradiance,2021,168.8
irradiance,2021,234.7
irradiance,2021,230.6
irradiance,2021,226.4
irradiance,2021,222.3
irradiance,2021,218.2
irradiance,2021,214.1
irradiance,2021,210
irradiance,2021,205.9
irradiance,2021,201.8
irradiance,2021,197.6
irradiance,2021,193.5
irradiance,2021,189.4
irradiance,2021,185.3
irradiance,2021,181.2
irradiance,2021,177.1
irradiance,2021,173
irradiance,2021,242.9
irradiance,2021,238.8
irradiance,2021,234.7
irradiance,2021,230.6
irradiance,2021,226.4
irradiance,2021,222.3
irradiance,2021,218.2
irradiance,2021,214.1
irradiance,2021,210
irradiance,2021,205.9
irradiance,2021,201.8
irradiance,2021,197.6
irradiance,2021,193.5
irradiance,2021,189.4
irradiance,2021,185.3
irradiance,2021,181.2
irradiance,2021,177.1
irradiance,2021,251.1
irradiance,2021,247
irradiance,2021,242.9
irradiance,2021,238.8
irradiance,2021,234.7
irradiance,2021,230.6
irradiance,2021,226.4
irradiance,2021,222.3
irradiance,2021,218.2
irradiance,2021,214.1
irradiance,2021,210
irradiance,2021,205.9
irradiance,2021,201.8
irradiance,2021,197.6
irradiance,2021,193.5
irradiance,2021,189.4
irradiance,2021,185.3
irradiance,2021,259.4
irradiance,2021,255.2
irradiance,2021,251.1
irradiance,2021,247
irradiance,2021,242.9
irradiance,2021,238.8
irradiance,2021,234.7
irradiance,2021,230.6
irradiance,2021,226.4
irradiance,2021,222.3
irradiance,2021,218.2
irradiance,2021,214.1
irradiance,2021,210
irradiance,2021,205.9
irradiance,2021,201.8
irradiance,2021,197.6
irradiance,2021,193.5
irradiance,2021,189.4
irradiance,2021,267.6
irradiance,2021,263.5
irradiance,2021,259.4
irradiance,2021,255.2
irradiance,2021,251.1
irradiance,2021,247
irradiance,2021,242.9
irradiance,2021,238.8
irradiance,2021,234.7
irradiance,2021,230.6
irradiance,2021,226.4
irradiance,2021,222.3
irradiance,2021,218.2
irradiance,2021,214.1
irradiance,2021,210
irradiance,2021,205.9
irradiance,2021,201.8
irradiance,2021,197.6
irradiance,2021,193.5
irradiance,2021,275.8
irradiance,2021,271.7
irradiance,2021,267.6
irradiance,2021,263.5
irradiance,2021,259.4
irradiance,2021,255.2
irradiance,2021,251.1
irradiance,2021,247
irradiance,2021,242.9
irradiance,2021,238.8
irradiance,2021,234.7
irradiance,2021,230.6
irradiance,2021,226.4
irradiance,2021,222.3
irradiance,2021,218.2
irradiance,2021,214.1
irradiance,2021,210
irradiance,2021,205.9
irradiance,2021,201.8
irradiance,2021,197.6
irradiance,2021,284
irradiance,2021,279.9
irradiance,2021,275.8
irradiance,2021,271.7
irradiance,2021,267.6
irradiance,2021,263.5
irradiance,2021,259.4
irradiance,2021,255.2
irradiance,2021,251.1
irradiance,2021,247
irradiance,2021,242.9
irradiance,2021,238.8
irradiance,2021,234.7
irradiance,2021,230.6
irradiance,2021,226.4
irradiance,2021,222.3
irradiance,2021,218.2
irradiance,2021,214.1
irradiance,2021,210
irradiance,2021,205.9
irradiance,2021,201.8
irradiance,2021,292.3
irradiance,2021,288.2
irradiance,2021,284
irradiance,2021,279.9
irradiance,2021,275.8
irradiance,2021,271.7
irradiance,2021,267.6
irradiance,2021,263.5
irradiance,2021,259.4
irradiance,2021,255.2
irradiance,2021,251.1
irradiance,2021,247
irradiance,2021,242.9
irradiance,2021,238.8
irradiance,2021,234.7
irradiance,2021,230.6
irradiance,2021,226.4
irradiance,2021,222.3
irradiance,2021,218.2
irradiance,2021,214.1
irradiance,2021,210
irradiance,2021,300.5
irradiance,2021,296.4
irradiance,2021,292.3
irradiance,2021,288.2
irradiance,2021,284
irradiance,2021,279.9
irradiance,2021,275.8
irradiance,2021,271.7
irradiance,2021,267.6
irradiance,2021,263.5
irradiance,2021,259.4
irradiance,2021,255.2
irradiance,2021,251.1
irradiance,2021,247
irradiance,2021,242.9
irradiance,2021,238.8
irradiance,2021,234.7
irradiance,2021,230.6
irradiance,2021,226.4
irradiance,2021,222.3
irradiance,2021,218.2
irradiance,2021,308.7
irradiance,2021,304.6
irradiance,2021,300.5
irradiance,2021,296.4
irradiance,2021,292.3
irradiance,2021,288.2
irradiance,2021,284
irradiance,2021,279.9
irradiance,2021,275.8
irradiance,2021,271.7
irradiance,2021,267.6
irradiance,2021,263.5
irradiance,2021,259.4
irradiance,2021,255.2
irradiance,2021,251.1
irradiance,2021,247
irradiance,2021,242.9
irradiance,2021,238.8
irradiance,2021,234.7
irradiance,2021,230.6
irradiance,2021,226.4
irradiance,2021,317
irradiance,2021,312.8
irradiance,2021,308.7
irradiance,2021,304.6
irradiance,2021,300.5
irradiance,2021,296.4
irradiance,2021,292.3
irradiance,2021,288.2
irradiance,2021,284
irradiance,2021,279.9
irradiance,2021,275.8
irradiance,2021,271.7
irradiance,2021,267.6
irradiance,2021,263.5
irradiance,2021,259.4
irradiance,2021,255.2
irradiance,2021,251.1
irradiance,2021,247
irradiance,2021,242.9
irradiance,2021,238.8
irradiance,2021,234.7
irradiance,2021,325.2
irradiance,2021,321.1
irradiance,2021,317
irradiance,2021,312.8
irradiance,2021,308.7
irradiance,2021,304.6
irradiance,2021,300.5
irradiance,2021,296.4
irradiance,2021,292.3
irradiance,2021,288.2
irradiance,2021,284
irradiance,2021,279.9
irradiance,2021,275.8
irradiance,2021,271.7
irradiance,2021,267.6
irradiance,2021,263.5
irradiance,2021,259.4
irradiance,2021,255.2
irradiance,2021,251.1
irradiance,2021,247
irradiance,2021,242.9
irradiance,2021,333.4
irradiance,2021,329.3
irradiance,2021,325.2
irradiance,2021,321.1
irradiance,2021,317
irradiance,2021,312.8
irradiance,2021,308.7
irradiance,2021,304.6
irradiance,2021,300.5
irradiance,2021,296.4
irradiance,2021,292.3
irradiance,2021,288.2
irradiance,2021,284
irradiance,2021,279.9
irradiance,2021,275.8
irradiance,2021,271.7
irradiance,2021,267.6
irradiance,2021,263.5
irradiance,2021,259.4
irradiance,2021,255.2
irradiance,2021,251.1
irradiance,2021,341.6
irradiance,2021,337.5
irradiance,2021,333.4
irradiance,2021,329.3
irradiance,2021,325.2
irradiance,2021,321.1
irradiance,2021,317
irradiance,2021,312.8
irradiance,2021,308.7
irradiance,2021,304.6
irradiance,2021,300.5
irradiance,2021,296.4
irradiance,2021,292.3
irradiance,2021,288.2
irradiance,2021,284
irradiance,2021,279.9
irradiance,2021,275.8
irradiance,2021,271.7
irradiance,2021,267.6
irradiance,2021,263.5
irradiance,2021,259.4
irradiance,2021,349.9
irradiance,2021,345.8
irradiance,2021,341.6
irradiance,2021,337.5
irradiance,2021,333.4
irradiance,2021,329.3
irradiance,2021,325.2
irradiance,2021,321.1
irradiance,2021,317
irradiance,2021,312.8
irradiance,2021,308.7
irradiance,2021,304.6
irradiance,2021,300.5
irradiance,2021,296.4
irradiance,2021,292.3
irradiance,2021,288.2
irradiance,2021,284
irradiance,2021,279.9
irradiance,2021,275.8
irradiance,2021,271.7
irradiance,2021,267.6
irradiance,2021,354
irradiance,2021,349.9
irradiance,2021,345.8
irradiance,2021,341.6
irradiance,2021,337.5
irradiance,2021,333.4
irradiance,2021,329.3
irradiance,2021,325.2
irradiance,2021,321.1
irradiance,2021,317
irradiance,2021,312.8
irradiance,2021,308.7
irradiance,2021,304.6
irradiance,2021,300.5
irradiance,2021,296.4
irradiance,2021,292.3
irradiance,2021,288.2
irradiance,2021,284
irradiance,2021,279.9
irradiance,2021,275.8
irradiance,2021,362.2
irradiance,2021,358.1
irradiance,2021,354
irradiance,2021,349.9
irradiance,2021,345.8
irradiance,2021,341.6
irradiance,2021,337.5
irradiance,2021,333.4
irradiance,2021,329.3
irradiance,2021,325.2
irradiance,2021,321.1
irradiance,2021,317
irradiance,2021,312.8
irradiance,2021,308.7
irradiance,2021,304.6
irradiance,2021,300.5
irradiance,2021,296.4
irradiance,2021,292.3
irradiance,2021,288.2
irradiance,2021,284
irradiance,2021,370.4
irradiance,2021,366.3
irradiance,2021,362.2
irradiance,2021,358.1
irradiance,2021,354
irradiance,2021,349.9
irradiance,2021,345.8
irradiance,2021,341.6
irradiance,2021,337.5
irradiance,2021,333.4
irradiance,2021,329.3
irradiance,2021,325.2
irradiance,2021,321.1
irradiance,2021,317
irradiance,2021,312.8
irradiance,2021,308.7
irradiance,2021,304.6
irradiance,2021,300.5
irradiance,2021,296.4
irradiance,2021,292.3
irradiance,2021,374.6
irradiance,2021,370.4
irradiance,2021,366.3
irradiance,2021,362.2
irradiance,2021,358.1
irradiance,2021,354
irradiance,2021,349.9
irradiance,2021,345.8
irradiance,2021,341.6
irradiance,2021,337.5
irradiance,2021,333.4
irradiance,2021,329.3
irradiance,2021,325.2
irradiance,2021,321.1
irradiance,2021,317
irradiance,2021,312.8
irradiance,2021,308.7
irradiance,2021,304.6
irradiance,2021,300.5
irradiance,2021,382.8
irradiance,2021,378.7
irradiance,2021,374.6
irradiance,2021,370.4
irradiance,2021,366.3
irradiance,2021,362.2
irradiance,2021,358.1
irradiance,2021,354
irradiance,2021,349.9
irradiance,2021,345.8
irradiance,2021,341.6
irradiance,2021,337.5
irradiance,2021,333.4
irradiance,2021,329.3
irradiance,2021,325.2
irradiance,2021,321.1
irradiance,2021,317
irradiance,2021,312.8
irradiance,2021,308.7
irradiance,2021,386.9
irradiance,2021,382.8
irradiance,2021,378.7
irradiance,2021,374.6
irradiance,2021,370.4
irradiance,2021,366.3
irradiance,2021,362.2
irradiance,2021,358.1
irradiance,2021,354
irradiance,2021,349.9
irradiance,2021,345.8
irradiance,2021,341.6
irradiance,2021,337.5
irradiance,2021,333.4
irradiance,2021,329.3
irradiance,2021,325.2
irradiance,2021,321.1
irradiance,2021,317
irradiance,2021,395.1
irradiance,2021,391
irradiance,2021,386.9
irradiance,2021,382.8
irradiance,2021,378.7
irradiance,2021,374.6
irradiance,2021,370.4
irradiance,2021,366.3
irradiance,2021,362.2
irradiance,2021,358.1
irradiance,2021,354
irradiance,2021,349.9
irradiance,2021,345.8
irradiance,2021,341.6
irradiance,2021,337.5
irradiance,2021,333.4
irradiance,2021,329.3
irradiance,2021,325.2
irradiance,2021,403.4
irradiance,2021,399.2
irradiance,2021,395.1
irradiance,2021,391
irradiance,2021,386.9
irradiance,2021,382.8
irradiance,2021,378.7
irradiance,2021,374.6
irradiance,2021,370.4
irradiance,2021,366.3
irradiance,2021,362.2
irradiance,2021,358.1
irradiance,2021,354
irradiance,2021,349.9
irradiance,2021,345.8
irradiance,2021,341.6
irradiance,2021,337.5
irradiance,2021,333.4
irradiance,2021,407.5
irradiance,2021,403.4
irradiance,2021,399.2
irradiance,2021,395.1
irradiance,2021,391
irradiance,2021,386.9
irradiance,2021,382.8
irradiance,2021,378.7
irradiance,2021,374.6
irradiance,2021,370.4
irradiance,2021,366.3
irradiance,2021,362.2
irradiance,2021,358.1
irradiance,2021,354
irradiance,2021,349.9
irradiance,2021,345.8
irradiance,2021,341.6
irradiance,2021,337.5
irradiance,2021,415.7
irradiance,2021,411.6
irradiance,2021,407.5
irradiance,2021,403.4
irradiance,2021,399.2
irradiance,2021,395.1
irradiance,2021,391
irradiance,2021,386.9
irradiance,2021,382.8
irradiance,2021,378.7
irradiance,2021,374.6
irradiance,2021,370.4
irradiance,2021,366.3
irradiance,2021,362.2
irradiance,2021,358.1
irradiance,2021,354
irradiance,2021,349.9
irradiance,2021,345.8
irradiance,2021,419.8
irradiance,2021,415.7
irradiance,2021,411.6
irradiance,2021,407.5
irradiance,2021,403.4
irradiance,2021,399.2
irradiance,2021,395.1
irradiance,2021,391
irradiance,2021,386.9
irradiance,2021,382.8
irradiance,2021,378.7
irradiance,2021,374.6
irradiance,2021,370.4
irradiance,2021,366.3
irradiance,2021,362.2
irradiance,2021,358.1
irradiance,2021,354
irradiance,2021,349.9
irradiance,2021,428
irradiance,2021,423.9
irradiance,2021,419.8
irradiance,2021,415.7
irradiance,2021,411.6
irradiance,2021,407.5
irradiance,2021,403.4
irradiance,2021,399.2
irradiance,2021,395.1
irradiance,2021,391
irradiance,2021,386.9
irradiance,2021,382.8
irradiance,2021,378.7
irradiance,2021,374.6
irradiance,2021,370.4
irradiance,2021,366.3
irradiance,2021,362.2
irradiance,2021,358.1
irradiance,2021,432.2
irradiance,2021,428
irradiance,2021,423.9
irradiance,2021,419.8
irradiance,2021,415.7
irradiance,2021,411.6
irradiance,2021,407.5
irradiance,2021,403.4
irradiance,2021,399.2
irradiance,2021,395.1
irradiance,2021,391
irradiance,2021,386.9
irradiance,2021,382.8
irradiance,2021,378.7
irradiance,2021,374.6
irradiance,2021,370.4
irradiance,2021,366.3
irradiance,2021,432.2
irradiance,2021,428
irradiance,2021,423.9
irradiance,2021,419.8
irradiance,2021,415.7
irradiance,2021,411.6
irradiance,2021,407.5
irradiance,2021,403.4
irradiance,2021,399.2
irradiance,2021,395.1
irradiance,2021,391
irradiance,2021,386.9
irradiance,2021,382.8
irradiance,2021,378.7
irradiance,2021,374.6
irradiance,2021,370.4
irradiance,2021,436.3
irradiance,2021,432.2
irradiance,2021,428
irradiance,2021,423.9
irradiance,2021,419.8
irradiance,2021,415.7
irradiance,2021,411.6
irradiance,2021,407.5
irradiance,2021,403.4
irradiance,2021,399.2
irradiance,2021,395.1
irradiance,2021,391
irradiance,2021,386.9
irradiance,2021,382.8
irradiance,2021,378.7
irradiance,2021,436.3
irradiance,2021,432.2
irradiance,2021,428
irradiance,2021,423.9
irradiance,2021,419.8
irradiance,2021,415.7
irradiance,2021,411.6
irradiance,2021,407.5
irradiance,2021,403.4
irradiance,2021,399.2
irradiance,2021,395.1
irradiance,2021,391
irradiance,2021,386.9
irradiance,2021,436.3
irradiance,2021,432.2
irradiance,2021,428
irradiance,2021,423.9
irradiance,2021,419.8
irradiance,2021,415.7
irradiance,2021,411.6
irradiance,2021,407.5
irradiance,2021,403.4
irradiance,2021,399.2
irradiance,2021,395.1
irradiance,2021,391
irradiance,2021,436.3
irradiance,2021,432.2
irradiance,2021,428
irradiance,2021,423.9
irradiance,2021,419.8
irradiance,2021,415.7
irradiance,2021,411.6
irradiance,2021,407.5
irradiance,2021,403.4
irradiance,2021,399.2
irradiance,2021,436.3
irradiance,2021,432.2
irradiance,2021,428
irradiance,2021,423.9
irradiance,2021,419.8
irradiance,2021,415.7
irradiance,2021,411.6
irradiance,2021,407.5
irradiance,2021,403.4
irradiance,2021,399.2
irradiance,2021,436.3
irradiance,2021,432.2
irradiance,2021,428
irradiance,2021,423.9
irradiance,2021,419.8
irradiance,2021,415.7
irradiance,2021,411.6
irradiance,2021,407.5
irradiance,2021,403.4
irradiance,2021,399.2
irradiance,2021,436.3
irradiance,2021,432.2
irradiance,2021,428
irradiance,2021,423.9
irradiance,2021,419.8
irradiance,2021,415.7
irradiance,2021,411.6
irradiance,2021,407.5
irradiance,2021,403.4
irradiance,2021,399.2
irradiance,2021,436.3
irradiance,2021,432.2
irradiance,2021,428
irradiance,2021,423.9
irradiance,2021,419.8
irradiance,2021,415.7
irradiance,2021,411.6
irradiance,2021,407.5
irradiance,2021,403.4
irradiance,2021,399.2
irradiance,2021,436.3
irradiance,2021,432.2
irradiance,2021,428
irradiance,2021,423.9
irradiance,2021,419.8
irradiance,2021,415.7
irradiance,2021,411.6
irradiance,2021,407.5
irradiance,2021,403.4
irradiance,2021,436.3
irradiance,2021,432.2
irradiance,2021,428
irradiance,2021,423.9
irradiance,2021,419.8
irradiance,2021,415.7
irradiance,2021,411.6
irradiance,2021,407.5
irradiance,2021,403.4
irradiance,2021,436.3
irradiance,2021,432.2
irradiance,2021,428
irradiance,2021,423.9
irradiance,2021,419.8
irradiance,2021,415.7
irradiance,2021,411.6
irradiance,2021,407.5
irradiance,2021,403.4
irradiance,2021,436.3
irradiance,2021,432.2
irradiance,2021,428
irradiance,2021,423.9
irradiance,2021,419.8
irradiance,2021,415.7
irradiance,2021,411.6
irradiance,2021,407.5
irradiance,2021,403.4
irradiance,2021,440.4
irradiance,2021,436.3
irradiance,2021,432.2
irradiance,2021,428
irradiance,2021,423.9
irradiance,2021,419.8
irradiance,2021,415.7
irradiance,2021,411.6
irradiance,2021,407.5
irradiance,2021,403.4
irradiance,2021,444.5
irradiance,2021,440.4
irradiance,2021,436.3
irradiance,2021,432.2
irradiance,2021,428
irradiance,2021,423.9
irradiance,2021,419.8
irradiance,2021,415.7
irradiance,2021,411.6
irradiance,2021,407.5
irradiance,2021,403.4
irradiance,2021,444.5
irradiance,2021,440.4
irradiance,2021,436.3
irradiance,2021,432.2
irradiance,2021,428
irradiance,2021,423.9
irradiance,2021,419.8
irradiance,2021,415.7
irradiance,2021,411.6
irradiance,2021,407.5
irradiance,2021,403.4
irradiance,2021,448.6
irradiance,2021,444.5
irradiance,2021,440.4
irradiance,2021,436.3
irradiance,2021,432.2
irradiance,2021,428
irradiance,2021,423.9
irradiance,2021,419.8
irradiance,2021,415.7
irradiance,2021,411.6
irradiance,2021,407.5
irradiance,2021,452.7
irradiance,2021,448.6
irradiance,2021,444.5
irradiance,2021,440.4
irradiance,2021,436.3
irradiance,2021,432.2
irradiance,2021,428
irradiance,2021,423.9
irradiance,2021,419.8
irradiance,2021,415.7
irradiance,2021,411.6
irradiance,2021,407.5
irradiance,2022,452.7
irradiance,2022,448.6
irradiance,2022,444.5
irradiance,2022,440.4
irradiance,2022,436.3
irradiance,2022,432.2
irradiance,2022,428
irradiance,2022,423.9
irradiance,2022,419.8
irradiance,2022,415.7
irradiance,2022,411.6
irradiance,2022,456.8
irradiance,2022,452.7
irradiance,2022,448.6
irradiance,2022,444.5
irradiance,2022,440.4
irradiance,2022,436.3
irradiance,2022,432.2
irradiance,2022,428
irradiance,2022,423.9
irradiance,2022,419.8
irradiance,2022,415.7
irradiance,2022,456.8
irradiance,2022,452.7
irradiance,2022,448.6
irradiance,2022,444.5
irradiance,2022,440.4
irradiance,2022,436.3
irradiance,2022,432.2
irradiance,2022,428
irradiance,2022,423.9
irradiance,2022,419.8
irradiance,2022,415.7
irradiance,2022,461
irradiance,2022,456.8
irradiance,2022,452.7
irradiance,2022,448.6
irradiance,2022,444.5
irradiance,2022,440.4
irradiance,2022,436.3
irradiance,2022,432.2
irradiance,2022,428
irradiance,2022,423.9
irradiance,2022,419.8
irradiance,2022,465.1
irradiance,2022,461
irradiance,2022,456.8
irradiance,2022,452.7
irradiance,2022,448.6
irradiance,2022,444.5
irradiance,2022,440.4
irradiance,2022,436.3
irradiance,2022,432.2
irradiance,2022,428
irradiance,2022,423.9
irradiance,2022,419.8
irradiance,2022,465.1
irradiance,2022,461
irradiance,2022,456.8
irradiance,2022,452.7
irradiance,2022,448.6
irradiance,2022,444.5
irradiance,2022,440.4
irradiance,2022,436.3
irradiance,2022,432.2
irradiance,2022,428
irradiance,2022,423.9
irradiance,2022,469.2
irradiance,2022,465.1
irradiance,2022,461
irradiance,2022,456.8
irradiance,2022,452.7
irradiance,2022,448.6
irradiance,2022,444.5
irradiance,2022,440.4
irradiance,2022,436.3
irradiance,2022,432.2
irradiance,2022,428
irradiance,2022,469.2
irradiance,2022,465.1
irradiance,2022,461
irradiance,2022,456.8
irradiance,2022,452.7
irradiance,2022,448.6
irradiance,2022,444.5
irradiance,2022,440.4
irradiance,2022,436.3
irradiance,2022,432.2
irradiance,2022,428
irradiance,2022,473.3
irradiance,2022,469.2
irradiance,2022,465.1
irradiance,2022,461
irradiance,2022,456.8
irradiance,2022,452.7
irradiance,2022,448.6
irradiance,2022,444.5
irradiance,2022,440.4
irradiance,2022,436.3
irradiance,2022,432.2
irradiance,2022,473.3
irradiance,2022,469.2
irradiance,2022,465.1
irradiance,2022,461
irradiance,2022,456.8
irradiance,2022,452.7
irradiance,2022,448.6
irradiance,2022,444.5
irradiance,2022,440.4
irradiance,2022,436.3
irradiance,2022,469.2
irradiance,2022,465.1
irradiance,2022,461
irradiance,2022,456.8
irradiance,2022,452.7
irradiance,2022,448.6
irradiance,2022,444.5
irradiance,2022,440.4
irradiance,2022,436.3
irradiance,2022,469.2
irradiance,2022,465.1
irradiance,2022,461
irradiance,2022,456.8
irradiance,2022,452.7
irradiance,2022,448.6
irradiance,2022,444.5
irradiance,2022,440.4
irradiance,2022,465.1
irradiance,2022,461
irradiance,2022,456.8
irradiance,2022,452.7
irradiance,2022,448.6
irradiance,2022,444.5
irradiance,2022,461
irradiance,2022,456.8
irradiance,2022,452.7
irradiance,2022,448.6
irradiance,2022,242.9
irradiance,2022,238.8
irradiance,2022,234.7
irradiance,2022,230.6
irradiance,2022,226.4
irradiance,2022,247
irradiance,2022,242.9
irradiance,2022,238.8
irradiance,2022,234.7
irradiance,2022,230.6
irradiance,2022,226.4
irradiance,2022,222.3
irradiance,2022,251.1
irradiance,2022,247
irradiance,2022,242.9
irradiance,2022,238.8
irradiance,2022,234.7
irradiance,2022,230.6
irradiance,2022,226.4
irradiance,2022,222.3
irradiance,2022,218.2
irradiance,2022,251.1
irradiance,2022,247
irradiance,2022,242.9
irradiance,2022,238.8
irradiance,2022,234.7
irradiance,2022,230.6
irradiance,2022,226.4
irradiance,2022,222.3
irradiance,2022,218.2
irradiance,2022,255.2
irradiance,2022,251.1
irradiance,2022,247
irradiance,2022,242.9
irradiance,2022,238.8
irradiance,2022,234.7
irradiance,2022,230.6
irradiance,2022,226.4
irradiance,2022,222.3
irradiance,2022,218.2
irradiance,2022,255.2
irradiance,2022,251.1
irradiance,2022,247
irradiance,2022,242.9
irradiance,2022,238.8
irradiance,2022,234.7
irradiance,2022,230.6
irradiance,2022,226.4
irradiance,2022,222.3
irradiance,2022,218.2
irradiance,2022,255.2
irradiance,2022,251.1
irradiance,2022,247
irradiance,2022,242.9
irradiance,2022,238.8
irradiance,2022,234.7
irradiance,2022,230.6
irradiance,2022,226.4
irradiance,2022,222.3
irradiance,2022,218.2
irradiance,2022,255.2
irradiance,2022,251.1
irradiance,2022,247
irradiance,2022,242.9
irradiance,2022,238.8
irradiance,2022,234.7
irradiance,2022,230.6
irradiance,2022,226.4
irradiance,2022,222.3
irradiance,2022,218.2
irradiance,2022,255.2
irradiance,2022,251.1
irradiance,2022,247
irradiance,2022,242.9
irradiance,2022,238.8
irradiance,2022,234.7
irradiance,2022,230.6
irradiance,2022,226.4
irradiance,2022,222.3
irradiance,2022,259.4
irradiance,2022,255.2
irradiance,2022,251.1
irradiance,2022,247
irradiance,2022,242.9
irradiance,2022,238.8
irradiance,2022,234.7
irradiance,2022,230.6
irradiance,2022,226.4
irradiance,2022,222.3
irradiance,2022,259.4
irradiance,2022,255.2
irradiance,2022,251.1
irradiance,2022,247
irradiance,2022,242.9
irradiance,2022,238.8
irradiance,2022,234.7
irradiance,2022,230.6
irradiance,2022,226.4
irradiance,2022,222.3
irradiance,2022,259.4
irradiance,2022,255.2
irradiance,2022,251.1
irradiance,2022,247
irradiance,2022,242.9
irradiance,2022,238.8
irradiance,2022,234.7
irradiance,2022,230.6
irradiance,2022,226.4
irradiance,2022,222.3
irradiance,2022,259.4
irradiance,2022,255.2
irradiance,2022,251.1
irradiance,2022,247
irradiance,2022,242.9
irradiance,2022,238.8
irradiance,2022,234.7
irradiance,2022,230.6
irradiance,2022,226.4
irradiance,2022,263.5
irradiance,2022,259.4
irradiance,2022,255.2
irradiance,2022,251.1
irradiance,2022,247
irradiance,2022,242.9
irradiance,2022,238.8
irradiance,2022,234.7
irradiance,2022,230.6
irradiance,2022,226.4
irradiance,2022,263.5
irradiance,2022,259.4
irradiance,2022,255.2
irradiance,2022,251.1
irradiance,2022,247
irradiance,2022,242.9
irradiance,2022,238.8
irradiance,2022,234.7
irradiance,2022,230.6
irradiance,2022,226.4
irradiance,2022,263.5
irradiance,2022,259.4
irradiance,2022,255.2
irradiance,2022,251.1
irradiance,2022,247
irradiance,2022,242.9
irradiance,2022,238.8
irradiance,2022,234.7
irradiance,2022,230.6
irradiance,2022,226.4
irradiance,2022,263.5
irradiance,2022,259.4
irradiance,2022,255.2
irradiance,2022,251.1
irradiance,2022,247
irradiance,2022,242.9
irradiance,2022,238.8
irradiance,2022,234.7
irradiance,2022,230.6
irradiance,2022,226.4
irradiance,2022,263.5
irradiance,2022,259.4
irradiance,2022,255.2
irradiance,2022,251.1
irradiance,2022,247
irradiance,2022,242.9
irradiance,2022,238.8
irradiance,2022,234.7
irradiance,2022,230.6
irradiance,2022,226.4
irradiance,2022,263.5
irradiance,2022,259.4
irradiance,2022,255.2
irradiance,2022,251.1
irradiance,2022,247
irradiance,2022,242.9
irradiance,2022,238.8
irradiance,2022,234.7
irradiance,2022,230.6
irradiance,2022,226.4
irradiance,2023,263.5
irradiance,2023,259.4
irradiance,2023,255.2
irradiance,2023,251.1
irradiance,2023,247
irradiance,2023,242.9
irradiance,2023,238.8
irradiance,2023,234.7
irradiance,2023,230.6
irradiance,2023,226.4
irradiance,2023,259.4
irradiance,2023,255.2
irradiance,2023,251.1
irradiance,2023,247
irradiance,2023,242.9
irradiance,2023,238.8
irradiance,2023,234.7
irradiance,2023,230.6
irradiance,2023,226.4
irradiance,2023,222.3
irradiance,2023,259.4
irradiance,2023,255.2
irradiance,2023,251.1
irradiance,2023,247
irradiance,2023,242.9
irradiance,2023,238.8
irradiance,2023,234.7
irradiance,2023,230.6
irradiance,2023,226.4
irradiance,2023,222.3
irradiance,2023,259.4
irradiance,2023,255.2
irradiance,2023,251.1
irradiance,2023,247
irradiance,2023,242.9
irradiance,2023,238.8
irradiance,2023,234.7
irradiance,2023,230.6
irradiance,2023,226.4
irradiance,2023,222.3
irradiance,2023,255.2
irradiance,2023,251.1
irradiance,2023,247
irradiance,2023,242.9
irradiance,2023,238.8
irradiance,2023,234.7
irradiance,2023,230.6
irradiance,2023,226.4
irradiance,2023,222.3
irradiance,2023,255.2
irradiance,2023,251.1
irradiance,2023,247
irradiance,2023,242.9
irradiance,2023,238.8
irradiance,2023,234.7
irradiance,2023,230.6
irradiance,2023,226.4
irradiance,2023,222.3
irradiance,2023,218.2
irradiance,2023,255.2
irradiance,2023,251.1
irradiance,2023,247
irradiance,2023,242.9
irradiance,2023,238.8
irradiance,2023,234.7
irradiance,2023,230.6
irradiance,2023,226.4
irradiance,2023,222.3
irradiance,2023,218.2
irradiance,2023,255.2
irradiance,2023,251.1
irradiance,2023,247
irradiance,2023,242.9
irradiance,2023,238.8
irradiance,2023,234.7
irradiance,2023,230.6
irradiance,2023,226.4
irradiance,2023,222.3
irradiance,2023,218.2
irradiance,2023,251.1
irradiance,2023,247
irradiance,2023,242.9
irradiance,2023,238.8
irradiance,2023,234.7
irradiance,2023,230.6
irradiance,2023,226.4
irradiance,2023,222.3
irradiance,2023,218.2
irradiance,2023,214.1
irradiance,2023,251.1
irradiance,2023,247
irradiance,2023,242.9
irradiance,2023,238.8
irradiance,2023,234.7
irradiance,2023,230.6
irradiance,2023,226.4
irradiance,2023,222.3
irradiance,2023,218.2
irradiance,2023,214.1
irradiance,2023,251.1
irradiance,2023,247
irradiance,2023,242.9
irradiance,2023,238.8
irradiance,2023,234.7
irradiance,2023,230.6
irradiance,2023,226.4
irradiance,2023,222.3
irradiance,2023,218.2
irradiance,2023,214.1
irradiance,2023,251.1
irradiance,2023,247
irradiance,2023,242.9
irradiance,2023,238.8
irradiance,2023,234.7
irradiance,2023,230.6
irradiance,2023,226.4
irradiance,2023,222.3
irradiance,2023,218.2
irradiance,2023,214.1
irradiance,2023,247
irradiance,2023,242.9
irradiance,2023,238.8
irradiance,2023,234.7
irradiance,2023,230.6
irradiance,2023,226.4
irradiance,2023,222.3
irradiance,2023,218.2
irradiance,2023,214.1
irradiance,2023,247
irradiance,2023,242.9
irradiance,2023,238.8
irradiance,2023,234.7
irradiance,2023,230.6
irradiance,2023,226.4
irradiance,2023,222.3
irradiance,2023,218.2
irradiance,2023,242.9
irradiance,2023,238.8
irradiance,2023,234.7
irradiance,2023,230.6
irradiance,2023,226.4
irradiance,2023,222.3
irradiance,2023,181.2
irradiance,2023,177.1
irradiance,2023,173
irradiance,2023,185.3
irradiance,2023,181.2
irradiance,2023,177.1
irradiance,2023,173
irradiance,2023,168.8
irradiance,2023,164.7
irradiance,2023,189.4
irradiance,2023,185.3
irradiance,2023,181.2
irradiance,2023,177.1
irradiance,2023,173
irradiance,2023,168.8
irradiance,2023,164.7
irradiance,2023,160.6
irradiance,2023,193.5
irradiance,2023,189.4
irradiance,2023,185.3
irradiance,2023,181.2
irradiance,2023,177.1
irradiance,2023,173
irradiance,2023,168.8
irradiance,2023,164.7
irradiance,2023,160.6
irradiance,2023,193.5
irradiance,2023,189.4
irradiance,2023,185.3
irradiance,2023,181.2
irradiance,2023,177.1
irradiance,2023,173
irradiance,2023,168.8
irradiance,2023,164.7
irradiance,2023,160.6
irradiance,2023,156.5
irradiance,2023,193.5
irradiance,2023,189.4
irradiance,2023,185.3
irradiance,2023,181.2
irradiance,2023,177.1
irradiance,2023,173
irradiance,2023,168.8
irradiance,2023,164.7
irradiance,2023,160.6
irradiance,2023,156.5
irradiance,2023,197.6
irradiance,2023,193.5
irradiance,2023,189.4
irradiance,2023,185.3
irradiance,2023,181.2
irradiance,2023,177.1
irradiance,2023,173
irradiance,2023,168.8
irradiance,2023,164.7
irradiance,2023,160.6
irradiance,2023,197.6
irradiance,2023,193.5
irradiance,2023,189.4
irradiance,2023,185.3
irradiance,2023,181.2
irradiance,2023,177.1
irradiance,2023,173
irradiance,2023,168.8
irradiance,2023,164.7
irradiance,2023,160.6
irradiance,2023,197.6
irradiance,2023,193.5
irradiance,2023,189.4
irradiance,2023,185.3
irradiance,2023,181.2
irradiance,2023,177.1
irradiance,2023,173
irradiance,2023,168.8
irradiance,2023,164.7
irradiance,2023,160.6
irradiance,2023,197.6
irradiance,2023,193.5
irradiance,2023,189.4
irradiance,2023,185.3
irradiance,2023,181.2
irradiance,2023,177.1
irradiance,2023,173
irradiance,2023,168.8
irradiance,2023,164.7
irradiance,2023,160.6
irradiance,2023,201.8
irradiance,2023,197.6
irradiance,2023,193.5
irradiance,2023,189.4
irradiance,2023,185.3
irradiance,2023,181.2
irradiance,2023,177.1
irradiance,2023,173
irradiance,2023,168.8
irradiance,2023,164.7
irradiance,2023,201.8
irradiance,2023,197.6
irradiance,2023,193.5
irradiance,2023,189.4
irradiance,2023,185.3
irradiance,2023,181.2
irradiance,2023,177.1
irradiance,2023,173
irradiance,2023,168.8
irradiance,2023,164.7
irradiance,2023,201.8
irradiance,2023,197.6
irradiance,2023,193.5
irradiance,2023,189.4
irradiance,2023,185.3
irradiance,2023,181.2
irradiance,2023,177.1
irradiance,2023,173
irradiance,2023,168.8
irradiance,2023,164.7
irradiance,2023,201.8
irradiance,2023,197.6
irradiance,2023,193.5
irradiance,2023,189.4
irradiance,2023,185.3
irradiance,2023,181.2
irradiance,2023,177.1
irradiance,2023,173
irradiance,2023,168.8
irradiance,2023,164.7
irradiance,2023,205.9
irradiance,2023,201.8
irradiance,2023,197.6
irradiance,2023,193.5
irradiance,2023,189.4
irradiance,2023,185.3
irradiance,2023,181.2
irradiance,2023,177.1
irradiance,2023,173
irradiance,2023,168.8
irradiance,2023,205.9
irradiance,2023,201.8
irradiance,2023,197.6
irradiance,2023,193.5
irradiance,2023,189.4
irradiance,2023,185.3
irradiance,2023,181.2
irradiance,2023,177.1
irradiance,2023,173
irradiance,2023,168.8
irradiance,2023,205.9
irradiance,2023,201.8
irradiance,2023,197.6
irradiance,2023,193.5
irradiance,2023,189.4
irradiance,2023,185.3
irradiance,2023,181.2
irradiance,2023,177.1
irradiance,2023,173
irradiance,2023,168.8
irradiance,2023,205.9
irradiance,2023,201.8
irradiance,2023,197.6
irradiance,2023,193.5
irradiance,2023,189.4
irradiance,2023,185.3
irradiance,2023,181.2
irradiance,2023,177.1
irradiance,2023,173
irradiance,2023,168.8
irradiance,2023,205.9
irradiance,2023,201.8
irradiance,2023,197.6
irradiance,2023,193.5
irradiance,2023,189.4
irradiance,2023,185.3
irradiance,2023,181.2
irradiance,2023,177.1
irradiance,2023,173
irradiance,2023,168.8
irradiance,2023,205.9
irradiance,2023,201.8
irradiance,2023,197.6
irradiance,2023,193.5
irradiance,2023,189.4
irradiance,2023,185.3
irradiance,2023,181.2
irradiance,2023,177.1
irradiance,2023,173
irradiance,2023,168.8
irradiance,2023,164.7
irradiance,2023,201.8
irradiance,2023,197.6
irradiance,2023,193.5
irradiance,2023,189.4
irradiance,2023,185.3
irradiance,2023,181.2
irradiance,2023,177.1
irradiance,2023,173
irradiance,2023,168.8
irradiance,2023,164.7
irradiance,2023,201.8
irradiance,2023,197.6
irradiance,2023,193.5
irradiance,2023,189.4
irradiance,2023,185.3
irradiance,2023,181.2
irradiance,2023,177.1
irradiance,2023,173
irradiance,2023,168.8
irradiance,2023,164.7
irradiance,2023,160.6
irradiance,2023,197.6
irradiance,2023,193.5
irradiance,2023,189.4
irradiance,2023,185.3
irradiance,2023,181.2
irradiance,2023,177.1
irradiance,2023,173
irradiance,2023,168.8
irradiance,2023,164.7
irradiance,2023,160.6
irradiance,2023,156.5
irradiance,2023,197.6
irradiance,2023,193.5
irradiance,2023,189.4
irradiance,2023,185.3
irradiance,2023,181.2
irradiance,2023,177.1
irradiance,2023,173
irradiance,2023,168.8
irradiance,2023,164.7
irradiance,2023,160.6
irradiance,2023,156.5
irradiance,2023,193.5
irradiance,2023,189.4
irradiance,2023,185.3
irradiance,2023,181.2
irradiance,2023,177.1
irradiance,2023,173
irradiance,2023,168.8
irradiance,2023,164.7
irradiance,2023,160.6
irradiance,2023,156.5
irradiance,2023,152.4
irradiance,2023,193.5
irradiance,2023,189.4
irradiance,2023,185.3
irradiance,2023,181.2
irradiance,2023,177.1
irradiance,2023,173
irradiance,2023,168.8
irradiance,2023,164.7
irradiance,2023,160.6
irradiance,2023,156.5
irradiance,2023,152.4
irradiance,2023,189.4
irradiance,2023,185.3
irradiance,2023,181.2
irradiance,2023,177.1
irradiance,2023,173
irradiance,2023,168.8
irradiance,2023,164.7
irradiance,2023,160.6
irradiance,2023,156.5
irradiance,2023,152.4
irradiance,2023,148.3
irradiance,2023,189.4
irradiance,2023,185.3
irradiance,2023,181.2
irradiance,2023,177.1
irradiance,2023,173
irradiance,2023,168.8
irradiance,2023,164.7
irradiance,2023,160.6
irradiance,2023,156.5
irradiance,2023,152.4
irradiance,2023,148.3
irradiance,2023,144.2
irradiance,2023,185.3
irradiance,2023,181.2
irradiance,2023,177.1
irradiance,2023,173
irradiance,2023,168.8
irradiance,2023,164.7
irradiance,2023,160.6
irradiance,2023,156.5
irradiance,2023,152.4
irradiance,2023,148.3
irradiance,2023,144.2
irradiance,2023,181.2
irradiance,2023,177.1
irradiance,2023,173
irradiance,2023,168.8
irradiance,2023,164.7
irradiance,2023,160.6
irradiance,2023,156.5
irradiance,2023,152.4
irradiance,2023,148.3
irradiance,2023,144.2
irradiance,2023,140
irradiance,2023,181.2
irradiance,2023,177.1
irradiance,2023,173
irradiance,2023,168.8
irradiance,2023,164.7
irradiance,2023,160.6
irradiance,2023,156.5
irradiance,2023,152.4
irradiance,2023,148.3
irradiance,2023,144.2
irradiance,2023,140
irradiance,2023,185.3
irradiance,2023,181.2
irradiance,2023,177.1
irradiance,2023,173
irradiance,2023,168.8
irradiance,2023,164.7
irradiance,2023,160.6
irradiance,2023,156.5
irradiance,2023,152.4
irradiance,2023,148.3
irradiance,2023,144.2
irradiance,2023,140
irradiance,2023,189.4
irradiance,2023,185.3
irradiance,2023,181.2
irradiance,2023,177.1
irradiance,2023,173
irradiance,2023,168.8
irradiance,2023,164.7
irradiance,2023,160.6
irradiance,2023,156.5
irradiance,2023,152.4
irradiance,2023,148.3
irradiance,2023,144.2
irradiance,2023,140
irradiance,2023,193.5
irradiance,2023,189.4
irradiance,2023,185.3
irradiance,2023,181.2
irradiance,2023,177.1
irradiance,2023,173
irradiance,2023,168.8
irradiance,2023,164.7
irradiance,2023,160.6
irradiance,2023,156.5
irradiance,2023,152.4
irradiance,2023,148.3
irradiance,2023,144.2
irradiance,2023,197.6
irradiance,2023,193.5
irradiance,2023,189.4
irradiance,2023,185.3
irradiance,2023,181.2
irradiance,2023,177.1
irradiance,2023,173
irradiance,2023,168.8
irradiance,2023,164.7
irradiance,2023,160.6
irradiance,2023,156.5
irradiance,2023,152.4
irradiance,2023,148.3
irradiance,2023,201.8
irradiance,2023,197.6
irradiance,2023,193.5
irradiance,2023,189.4
irradiance,2023,185.3
irradiance,2023,181.2
irradiance,2023,177.1
irradiance,2023,173
irradiance,2023,168.8
irradiance,2023,164.7
irradiance,2023,160.6
irradiance,2023,156.5
irradiance,2023,152.4
irradiance,2023,205.9
irradiance,2023,201.8
irradiance,2023,197.6
irradiance,2023,193.5
irradiance,2023,189.4
irradiance,2023,185.3
irradiance,2023,181.2
irradiance,2023,177.1
irradiance,2023,173
irradiance,2023,168.8
irradiance,2023,164.7
irradiance,2023,160.6
irradiance,2023,156.5
irradiance,2023,210
irradiance,2023,205.9
irradiance,2023,201.8
irradiance,2023,197.6
irradiance,2023,193.5
irradiance,2023,189.4
irradiance,2023,185.3
irradiance,2023,181.2
irradiance,2023,177.1
irradiance,2023,173
irradiance,2023,168.8
irradiance,2023,164.7
irradiance,2023,160.6
irradiance,2023,214.1
irradiance,2023,210
irradiance,2023,205.9
irradiance,2023,201.8
irradiance,2023,197.6
irradiance,2023,193.5
irradiance,2023,189.4
irradiance,2023,185.3
irradiance,2023,181.2
irradiance,2023,177.1
irradiance,2023,173
irradiance,2023,168.8
irradiance,2023,164.7
irradiance,2023,214.1
irradiance,2023,210
irradiance,2023,205.9
irradiance,2023,201.8
irradiance,2023,197.6
irradiance,2023,193.5
irradiance,2023,189.4
irradiance,2023,185.3
irradiance,2023,181.2
irradiance,2023,177.1
irradiance,2023,173
irradiance,2023,168.8
irradiance,2023,222.3
irradiance,2023,218.2
irradiance,2023,214.1
irradiance,2023,210
irradiance,2023,205.9
irradiance,2023,201.8
irradiance,2023,197.6
irradiance,2023,193.5
irradiance,2023,189.4
irradiance,2023,185.3
irradiance,2023,181.2
irradiance,2023,177.1
irradiance,2023,173
irradiance,2023,230.6
irradiance,2023,226.4
irradiance,2023,222.3
irradiance,2023,218.2
irradiance,2023,214.1
irradiance,2023,210
irradiance,2023,205.9
irradiance,2023,201.8
irradiance,2023,197.6
irradiance,2023,193.5
irradiance,2023,189.4
irradiance,2023,185.3
irradiance,2023,181.2
irradiance,2023,177.1
irradiance,2023,173
irradiance,2023,238.8
irradiance,2023,234.7
irradiance,2023,230.6
irradiance,2023,226.4
irradiance,2023,222.3
irradiance,2023,218.2
irradiance,2023,214.1
irradiance,2023,210
irradiance,2023,205.9
irradiance,2023,201.8
irradiance,2023,197.6
irradiance,2023,193.5
irradiance,2023,189.4
irradiance,2023,185.3
irradiance,2023,181.2
irradiance,2023,177.1
irradiance,2023,247
irradiance,2023,242.9
irradiance,2023,238.8
irradiance,2023,234.7
irradiance,2023,230.6
irradiance,2023,226.4
irradiance,2023,222.3
irradiance,2023,218.2
irradiance,2023,214.1
irradiance,2023,210
irradiance,2023,205.9
irradiance,2023,201.8
irradiance,2023,197.6
irradiance,2023,193.5
irradiance,2023,189.4
irradiance,2023,185.3
irradiance,2023,181.2
irradiance,2023,255.2
irradiance,2023,251.1
irradiance,2023,247
irradiance,2023,242.9
irradiance,2023,238.8
irradiance,2023,234.7
irradiance,2023,230.6
irradiance,2023,226.4
irradiance,2023,222.3
irradiance,2023,218.2
irradiance,2023,214.1
irradiance,2023,210
irradiance,2023,205.9
irradiance,2023,201.8
irradiance,2023,197.6
irradiance,2023,193.5
irradiance,2023,189.4
irradiance,2023,185.3
irradiance,2023,263.5
irradiance,2023,259.4
irradiance,2023,255.2
irradiance,2023,251.1
irradiance,2023,247
irradiance,2023,242.9
irradiance,2023,238.8
irradiance,2023,234.7
irradiance,2023,230.6
irradiance,2023,226.4
irradiance,2023,222.3
irradiance,2023,218.2
irradiance,2023,214.1
irradiance,2023,210
irradiance,2023,205.9
irradiance,2023,201.8
irradiance,2023,197.6
irradiance,2023,193.5
irradiance,2023,189.4
irradiance,2023,271.7
irradiance,2023,267.6
irradiance,2023,263.5
irradiance,2023,259.4
irradiance,2023,255.2
irradiance,2023,251.1
irradiance,2023,247
irradiance,2023,242.9
irradiance,2023,238.8
irradiance,2023,234.7
irradiance,2023,230.6
irradiance,2023,226.4
irradiance,2023,222.3
irradiance,2023,218.2
irradiance,2023,214.1
irradiance,2023,210
irradiance,2023,205.9
irradiance,2023,201.8
irradiance,2023,197.6
irradiance,2023,193.5
irradiance,2023,279.9
irradiance,2023,275.8
irradiance,2023,271.7
irradiance,2023,267.6
irradiance,2023,263.5
irradiance,2023,259.4
irradiance,2023,255.2
irradiance,2023,251.1
irradiance,2023,247
irradiance,2023,242.9
irradiance,2023,238.8
irradiance,2023,234.7
irradiance,2023,230.6
irradiance,2023,226.4
irradiance,2023,222.3
irradiance,2023,218.2
irradiance,2023,214.1
irradiance,2023,210
irradiance,2023,205.9
irradiance,2023,201.8
irradiance,2023,197.6
irradiance,2023,288.2
irradiance,2023,284
irradiance,2023,279.9
irradiance,2023,275.8
irradiance,2023,271.7
irradiance,2023,267.6
irradiance,2023,263.5
irradiance,2023,259.4
irradiance,2023,255.2
irradiance,2023,251.1
irradiance,2023,247
irradiance,2023,242.9
irradiance,2023,238.8
irradiance,2023,234.7
irradiance,2023,230.6
irradiance,2023,226.4
irradiance,2023,222.3
irradiance,2023,218.2
irradiance,2023,214.1
irradiance,2023,210
irradiance,2023,205.9
irradiance,2023,296.4
irradiance,2023,292.3
irradiance,2023,288.2
irradiance,2023,284
irradiance,2023,279.9
irradiance,2023,275.8
irradiance,2023,271.7
irradiance,2023,267.6
irradiance,2023,263.5
irradiance,2023,259.4
irradiance,2023,255.2
irradiance,2023,251.1
irradiance,2023,247
irradiance,2023,242.9
irradiance,2023,238.8
irradiance,2023,234.7
irradiance,2023,230.6
irradiance,2023,226.4
irradiance,2023,222.3
irradiance,2023,218.2
irradiance,2023,214.1
irradiance,2023,304.6
irradiance,2023,300.5
irradiance,2023,296.4
irradiance,2023,292.3
irradiance,2023,288.2
irradiance,2023,284
irradiance,2023,279.9
irradiance,2023,275.8
irradiance,2023,271.7
irradiance,2023,267.6
irradiance,2023,263.5
irradiance,2023,259.4
irradiance,2023,255.2
irradiance,2023,251.1
irradiance,2023,247
irradiance,2023,242.9
irradiance,2023,238.8
irradiance,2023,234.7
irradiance,2023,230.6
irradiance,2023,226.4
irradiance,2023,222.3
irradiance,2023,312.8
irradiance,2023,308.7
irradiance,2023,304.6
irradiance,2023,300.5
irradiance,2023,296.4
irradiance,2023,292.3
irradiance,2023,288.2
irradiance,2023,284
irradiance,2023,279.9
irradiance,2023,275.8
irradiance,2023,271.7
irradiance,2023,267.6
irradiance,2023,263.5
irradiance,2023,259.4
irradiance,2023,255.2
irradiance,2023,251.1
irradiance,2023,247
irradiance,2023,242.9
irradiance,2023,238.8
irradiance,2023,234.7
irradiance,2023,230.6
irradiance,2023,321.1
irradiance,2023,317
irradiance,2023,312.8
irradiance,2023,308.7
irradiance,2023,304.6
irradiance,2023,300.5
irradiance,2023,296.4
irradiance,2023,292.3
irradiance,2023,288.2
irradiance,2023,284
irradiance,2023,279.9
irradiance,2023,275.8
irradiance,2023,271.7
irradiance,2023,267.6
irradiance,2023,263.5
irradiance,2023,259.4
irradiance,2023,255.2
irradiance,2023,251.1
irradiance,2023,247
irradiance,2023,242.9
irradiance,2023,238.8
irradiance,2023,325.2
irradiance,2023,321.1
irradiance,2023,317
irradiance,2023,312.8
irradiance,2023,308.7
irradiance,2023,304.6
irradiance,2023,300.5
irradiance,2023,296.4
irradiance,2023,292.3
irradiance,2023,288.2
irradiance,2023,284
irradiance,2023,279.9
irradiance,2023,275.8
irradiance,2023,271.7
irradiance,2023,267.6
irradiance,2023,263.5
irradiance,2023,259.4
irradiance,2023,255.2
irradiance,2023,251.1
irradiance,2023,247
irradiance,2023,329.3
irradiance,2023,325.2
irradiance,2023,321.1
irradiance,2023,317
irradiance,2023,312.8
irradiance,2023,308.7
irradiance,2023,304.6
irradiance,2023,300.5
irradiance,2023,296.4
irradiance,2023,292.3
irradiance,2023,288.2
irradiance,2023,284
irradiance,2023,279.9
irradiance,2023,275.8
irradiance,2023,271.7
irradiance,2023,267.6
irradiance,2023,263.5
irradiance,2023,259.4
irradiance,2023,255.2
irradiance,2023,333.4
irradiance,2023,329.3
irradiance,2023,325.2
irradiance,2023,321.1
irradiance,2023,317
irradiance,2023,312.8
irradiance,2023,308.7
irradiance,2023,304.6
irradiance,2023,300.5
irradiance,2023,296.4
irradiance,2023,292.3
irradiance,2023,288.2
irradiance,2023,284
irradiance,2023,279.9
irradiance,2023,275.8
irradiance,2023,271.7
irradiance,2023,267.6
irradiance,2023,263.5
irradiance,2023,337.5
irradiance,2023,333.4
irradiance,2023,329.3
irradiance,2023,325.2
irradiance,2023,321.1
irradiance,2023,317
irradiance,2023,312.8
irradiance,2023,308.7
irradiance,2023,304.6
irradiance,2023,300.5
irradiance,2023,296.4
irradiance,2023,292.3
irradiance,2023,288.2
irradiance,2023,284
irradiance,2023,279.9
irradiance,2023,275.8
irradiance,2023,271.7
irradiance,2023,341.6
irradiance,2023,337.5
irradiance,2023,333.4
irradiance,2023,329.3
irradiance,2023,325.2
irradiance,2023,321.1
irradiance,2023,317
irradiance,2023,312.8
irradiance,2023,308.7
irradiance,2023,304.6
irradiance,2023,300.5
irradiance,2023,296.4
irradiance,2023,292.3
irradiance,2023,288.2
irradiance,2023,284
irradiance,2023,279.9
irradiance,2023,345.8
irradiance,2023,341.6
irradiance,2023,337.5
irradiance,2023,333.4
irradiance,2023,329.3
irradiance,2023,325.2
irradiance,2023,321.1
irradiance,2023,317
irradiance,2023,312.8
irradiance,2023,308.7
irradiance,2023,304.6
irradiance,2023,300.5
irradiance,2023,296.4
irradiance,2023,292.3
irradiance,2023,288.2
irradiance,2023,349.9
irradiance,2023,345.8
irradiance,2023,341.6
irradiance,2023,337.5
irradiance,2023,333.4
irradiance,2023,329.3
irradiance,2023,325.2
irradiance,2023,321.1
irradiance,2023,317
irradiance,2023,312.8
irradiance,2023,308.7
irradiance,2023,304.6
irradiance,2023,300.5
irradiance,2023,296.4
irradiance,2023,354
irradiance,2023,349.9
irradiance,2023,345.8
irradiance,2023,341.6
irradiance,2023,337.5
irradiance,2023,333.4
irradiance,2023,329.3
irradiance,2023,325.2
irradiance,2023,321.1
irradiance,2023,317
irradiance,2023,312.8
irradiance,2023,308.7
irradiance,2023,304.6
irradiance,2023,354
irradiance,2023,349.9
irradiance,2023,345.8
irradiance,2023,341.6
irradiance,2023,337.5
irradiance,2023,333.4
irradiance,2023,329.3
irradiance,2023,325.2
irradiance,2023,321.1
irradiance,2023,317
irradiance,2023,312.8
irradiance,2023,308.7
irradiance,2023,358.1
irradiance,2023,354
irradiance,2023,349.9
irradiance,2023,345.8
irradiance,2023,341.6
irradiance,2023,337.5
irradiance,2023,333.4
irradiance,2023,329.3
irradiance,2023,325.2
irradiance,2023,321.1
irradiance,2023,317
irradiance,2023,312.8
irradiance,2023,362.2
irradiance,2023,358.1
irradiance,2023,354
irradiance,2023,349.9
irradiance,2023,345.8
irradiance,2023,341.6
irradiance,2023,337.5
irradiance,2023,333.4
irradiance,2023,329.3
irradiance,2023,325.2
irradiance,2023,321.1
irradiance,2023,317
irradiance,2023,366.3
irradiance,2023,362.2
irradiance,2023,358.1
irradiance,2023,354
irradiance,2023,349.9
irradiance,2023,345.8
irradiance,2023,341.6
irradiance,2023,337.5
irradiance,2023,333.4
irradiance,2023,329.3
irradiance,2023,325.2
irradiance,2023,321.1
irradiance,2023,317
irradiance,2023,370.4
irradiance,2023,366.3
irradiance,2023,362.2
irradiance,2023,358.1
irradiance,2023,354
irradiance,2023,349.9
irradiance,2023,345.8
irradiance,2023,341.6
irradiance,2023,337.5
irradiance,2023,333.4
irradiance,2023,329.3
irradiance,2023,325.2
irradiance,2023,321.1
irradiance,2023,374.6
irradiance,2023,370.4
irradiance,2023,366.3
irradiance,2023,362.2
irradiance,2023,358.1
irradiance,2023,354
irradiance,2023,349.9
irradiance,2023,345.8
irradiance,2023,341.6
irradiance,2023,337.5
irradiance,2023,333.4
irradiance,2023,329.3
irradiance,2023,325.2
irradiance,2023,378.7
irradiance,2023,374.6
irradiance,2023,370.4
irradiance,2023,366.3
irradiance,2023,362.2
irradiance,2023,358.1
irradiance,2023,354
irradiance,2023,349.9
irradiance,2023,345.8
irradiance,2023,341.6
irradiance,2023,337.5
irradiance,2023,333.4
irradiance,2023,329.3
irradiance,2023,378.7
irradiance,2023,374.6
irradiance,2023,370.4
irradiance,2023,366.3
irradiance,2023,362.2
irradiance,2023,358.1
irradiance,2023,354
irradiance,2023,349.9
irradiance,2023,345.8
irradiance,2023,341.6
irradiance,2023,337.5
irradiance,2023,333.4
irradiance,2023,378.7
irradiance,2023,374.6
irradiance,2023,370.4
irradiance,2023,366.3
irradiance,2023,362.2
irradiance,2023,358.1
irradiance,2023,354
irradiance,2023,349.9
irradiance,2023,345.8
irradiance,2023,341.6
irradiance,2023,337.5
irradiance,2023,333.4
irradiance,2023,382.8
irradiance,2023,378.7
irradiance,2023,374.6
irradiance,2023,370.4
irradiance,2023,366.3
irradiance,2023,362.2
irradiance,2023,358.1
irradiance,2023,354
irradiance,2023,349.9
irradiance,2023,345.8
irradiance,2023,341.6
irradiance,2023,337.5
irradiance,2023,333.4
irradiance,2023,329.3
irradiance,2023,325.2
irradiance,2023,378.7
irradiance,2023,374.6
irradiance,2023,370.4
irradiance,2023,366.3
irradiance,2023,362.2
irradiance,2023,358.1
irradiance,2023,354
irradiance,2023,349.9
irradiance,2023,345.8
irradiance,2023,341.6
irradiance,2023,337.5
irradiance,2023,333.4
irradiance,2023,329.3
irradiance,2023,325.2
irradiance,2023,321.1
irradiance,2023,317
irradiance,2023,378.7
irradiance,2023,374.6
irradiance,2023,370.4
irradiance,2023,366.3
irradiance,2023,362.2
irradiance,2023,358.1
irradiance,2023,354
irradiance,2023,349.9
irradiance,2023,345.8
irradiance,2023,341.6
irradiance,2023,337.5
irradiance,2023,333.4
irradiance,2023,329.3
irradiance,2023,325.2
irradiance,2023,321.1
irradiance,2023,317
irradiance,2023,312.8
irradiance,2023,374.6
irradiance,2023,370.4
irradiance,2023,366.3
irradiance,2023,362.2
irradiance,2023,358.1
irradiance,2023,354
irradiance,2023,349.9
irradiance,2023,345.8
irradiance,2023,341.6
irradiance,2023,337.5
irradiance,2023,333.4
irradiance,2023,329.3
irradiance,2023,325.2
irradiance,2023,321.1
irradiance,2023,317
irradiance,2023,312.8
irradiance,2023,308.7
irradiance,2023,304.6
irradiance,2023,370.4
irradiance,2023,366.3
irradiance,2023,362.2
irradiance,2023,358.1
irradiance,2023,354
irradiance,2023,349.9
irradiance,2023,345.8
irradiance,2023,341.6
irradiance,2023,337.5
irradiance,2023,333.4
irradiance,2023,329.3
irradiance,2023,325.2
irradiance,2023,321.1
irradiance,2023,317
irradiance,2023,312.8
irradiance,2023,308.7
irradiance,2023,304.6
irradiance,2023,300.5
irradiance,2023,296.4
irradiance,2023,362.2
irradiance,2023,358.1
irradiance,2023,354
irradiance,2023,349.9
irradiance,2023,345.8
irradiance,2023,341.6
irradiance,2023,337.5
irradiance,2023,333.4
irradiance,2023,329.3
irradiance,2023,325.2
irradiance,2023,321.1
irradiance,2023,317
irradiance,2023,312.8
irradiance,2023,308.7
irradiance,2023,304.6
irradiance,2023,300.5
irradiance,2023,296.4
irradiance,2023,292.3
irradiance,2023,354
irradiance,2023,349.9
irradiance,2023,345.8
irradiance,2023,341.6
irradiance,2023,337.5
irradiance,2023,333.4
irradiance,2023,329.3
irradiance,2023,325.2
irradiance,2023,321.1
irradiance,2023,317
irradiance,2023,312.8
irradiance,2023,308.7
irradiance,2023,304.6
irradiance,2023,300.5
irradiance,2023,296.4
irradiance,2023,292.3
irradiance,2023,288.2
irradiance,2023,284
irradiance,2023,349.9
irradiance,2023,345.8
irradiance,2023,341.6
irradiance,2023,337.5
irradiance,2023,333.4
irradiance,2023,329.3
irradiance,2023,325.2
irradiance,2023,321.1
irradiance,2023,317
irradiance,2023,312.8
irradiance,2023,308.7
irradiance,2023,304.6
irradiance,2023,300.5
irradiance,2023,296.4
irradiance,2023,292.3
irradiance,2023,288.2
irradiance,2023,284
irradiance,2023,279.9
irradiance,2023,275.8
irradiance,2023,341.6
irradiance,2023,337.5
irradiance,2023,333.4
irradiance,2023,329.3
irradiance,2023,325.2
irradiance,2023,321.1
irradiance,2023,317
irradiance,2023,312.8
irradiance,2023,308.7
irradiance,2023,304.6
irradiance,2023,300.5
irradiance,2023,296.4
irradiance,2023,292.3
irradiance,2023,288.2
irradiance,2023,284
irradiance,2023,279.9
irradiance,2023,275.8
irradiance,2023,271.7
irradiance,2023,333.4
irradiance,2023,329.3
irradiance,2023,325.2
irradiance,2023,321.1
irradiance,2023,317
irradiance,2023,312.8
irradiance,2023,308.7
irradiance,2023,304.6
irradiance,2023,300.5
irradiance,2023,296.4
irradiance,2023,292.3
irradiance,2023,288.2
irradiance,2023,284
irradiance,2023,279.9
irradiance,2023,275.8
irradiance,2023,271.7
irradiance,2023,267.6
irradiance,2023,329.3
irradiance,2023,325.2
irradiance,2023,321.1
irradiance,2023,317
irradiance,2023,312.8
irradiance,2023,308.7
irradiance,2023,304.6
irradiance,2023,300.5
irradiance,2023,296.4
irradiance,2023,292.3
irradiance,2023,288.2
irradiance,2023,284
irradiance,2023,279.9
irradiance,2023,275.8
irradiance,2023,271.7
irradiance,2023,267.6
irradiance,2023,263.5
irradiance,2023,321.1
irradiance,2023,317
irradiance,2023,312.8
irradiance,2023,308.7
irradiance,2023,304.6
irradiance,2023,300.5
irradiance,2023,296.4
irradiance,2023,292.3
irradiance,2023,288.2
irradiance,2023,284
irradiance,2023,279.9
irradiance,2023,275.8
irradiance,2023,271.7
irradiance,2023,267.6
irradiance,2023,263.5
irradiance,2023,259.4
irradiance,2023,312.8
irradiance,2023,308.7
irradiance,2023,304.6
irradiance,2023,300.5
irradiance,2023,296.4
irradiance,2023,292.3
irradiance,2023,288.2
irradiance,2023,284
irradiance,2023,279.9
irradiance,2023,275.8
irradiance,2023,271.7
irradiance,2023,267.6
irradiance,2023,263.5
irradiance,2023,259.4
irradiance,2023,308.7
irradiance,2023,304.6
irradiance,2023,300.5
irradiance,2023,296.4
irradiance,2023,292.3
irradiance,2023,288.2
irradiance,2023,284
irradiance,2023,279.9
irradiance,2023,275.8
irradiance,2023,271.7
irradiance,2023,267.6
irradiance,2023,263.5
irradiance,2023,259.4
irradiance,2023,255.2
irradiance,2024,300.5
irradiance,2024,296.4
irradiance,2024,292.3
irradiance,2024,288.2
irradiance,2024,284
irradiance,2024,279.9
irradiance,2024,275.8
irradiance,2024,271.7
irradiance,2024,267.6
irradiance,2024,263.5
irradiance,2024,259.4
irradiance,2024,255.2
irradiance,2024,292.3
irradiance,2024,288.2
irradiance,2024,284
irradiance,2024,279.9
irradiance,2024,275.8
irradiance,2024,271.7
irradiance,2024,267.6
irradiance,2024,263.5
irradiance,2024,259.4
irradiance,2024,255.2
irradiance,2024,251.1
irradiance,2024,292.3
irradiance,2024,288.2
irradiance,2024,284
irradiance,2024,279.9
irradiance,2024,275.8
irradiance,2024,271.7
irradiance,2024,267.6
irradiance,2024,263.5
irradiance,2024,259.4
irradiance,2024,255.2
irradiance,2024,251.1
irradiance,2024,288.2
irradiance,2024,284
irradiance,2024,279.9
irradiance,2024,275.8
irradiance,2024,271.7
irradiance,2024,267.6
irradiance,2024,263.5
irradiance,2024,259.4
irradiance,2024,255.2
irradiance,2024,251.1
irradiance,2024,247
irradiance,2024,284
irradiance,2024,279.9
irradiance,2024,275.8
irradiance,2024,271.7
irradiance,2024,267.6
irradiance,2024,263.5
irradiance,2024,259.4
irradiance,2024,255.2
irradiance,2024,251.1
irradiance,2024,247
irradiance,2024,284
irradiance,2024,279.9
irradiance,2024,275.8
irradiance,2024,271.7
irradiance,2024,267.6
irradiance,2024,263.5
irradiance,2024,259.4
irradiance,2024,255.2
irradiance,2024,251.1
irradiance,2024,247
irradiance,2024,242.9
irradiance,2024,279.9
irradiance,2024,275.8
irradiance,2024,271.7
irradiance,2024,267.6
irradiance,2024,263.5
irradiance,2024,259.4
irradiance,2024,255.2
irradiance,2024,251.1
irradiance,2024,247
irradiance,2024,242.9
irradiance,2024,279.9
irradiance,2024,275.8
irradiance,2024,271.7
irradiance,2024,267.6
irradiance,2024,263.5
irradiance,2024,259.4
irradiance,2024,255.2
irradiance,2024,251.1
irradiance,2024,247
irradiance,2024,242.9
irradiance,2024,238.8
irradiance,2024,275.8
irradiance,2024,271.7
irradiance,2024,267.6
irradiance,2024,263.5
irradiance,2024,259.4
irradiance,2024,255.2
irradiance,2024,251.1
irradiance,2024,247
irradiance,2024,242.9
irradiance,2024,238.8
irradiance,2024,234.7
irradiance,2024,275.8
irradiance,2024,271.7
irradiance,2024,267.6
irradiance,2024,263.5
irradiance,2024,259.4
irradiance,2024,255.2
irradiance,2024,251.1
irradiance,2024,247
irradiance,2024,242.9
irradiance,2024,238.8
irradiance,2024,234.7
irradiance,2024,230.6
irradiance,2024,271.7
irradiance,2024,267.6
irradiance,2024,263.5
irradiance,2024,259.4
irradiance,2024,255.2
irradiance,2024,251.1
irradiance,2024,247
irradiance,2024,242.9
irradiance,2024,238.8
irradiance,2024,234.7
irradiance,2024,230.6
irradiance,2024,226.4
irradiance,2024,271.7
irradiance,2024,267.6
irradiance,2024,263.5
irradiance,2024,259.4
irradiance,2024,255.2
irradiance,2024,251.1
irradiance,2024,247
irradiance,2024,242.9
irradiance,2024,238.8
irradiance,2024,234.7
irradiance,2024,230.6
irradiance,2024,226.4
irradiance,2024,222.3
irradiance,2024,218.2
irradiance,2024,267.6
irradiance,2024,263.5
irradiance,2024,259.4
irradiance,2024,255.2
irradiance,2024,251.1
irradiance,2024,247
irradiance,2024,242.9
irradiance,2024,238.8
irradiance,2024,234.7
irradiance,2024,230.6
irradiance,2024,226.4
irradiance,2024,222.3
irradiance,2024,218.2
irradiance,2024,214.1
irradiance,2024,267.6
irradiance,2024,263.5
irradiance,2024,259.4
irradiance,2024,255.2
irradiance,2024,251.1
irradiance,2024,247
irradiance,2024,242.9
irradiance,2024,238.8
irradiance,2024,234.7
irradiance,2024,230.6
irradiance,2024,226.4
irradiance,2024,222.3
irradiance,2024,218.2
irradiance,2024,214.1
irradiance,2024,210
irradiance,2024,205.9
irradiance,2024,263.5
irradiance,2024,259.4
irradiance,2024,255.2
irradiance,2024,251.1
irradiance,2024,247
irradiance,2024,242.9
irradiance,2024,238.8
irradiance,2024,234.7
irradiance,2024,230.6
irradiance,2024,226.4
irradiance,2024,222.3
irradiance,2024,218.2
irradiance,2024,214.1
irradiance,2024,210
irradiance,2024,205.9
irradiance,2024,201.8
irradiance,2024,259.4
irradiance,2024,255.2
irradiance,2024,251.1
irradiance,2024,247
irradiance,2024,242.9
irradiance,2024,238.8
irradiance,2024,234.7
irradiance,2024,230.6
irradiance,2024,226.4
irradiance,2024,222.3
irradiance,2024,218.2
irradiance,2024,214.1
irradiance,2024,210
irradiance,2024,205.9
irradiance,2024,201.8
irradiance,2024,197.6
irradiance,2024,255.2
irradiance,2024,251.1
irradiance,2024,247
irradiance,2024,242.9
irradiance,2024,238.8
irradiance,2024,234.7
irradiance,2024,230.6
irradiance,2024,226.4
irradiance,2024,222.3
irradiance,2024,218.2
irradiance,2024,214.1
irradiance,2024,210
irradiance,2024,205.9
irradiance,2024,201.8
irradiance,2024,197.6
irradiance,2024,193.5
irradiance,2024,189.4
irradiance,2024,247
irradiance,2024,242.9
irradiance,2024,238.8
irradiance,2024,234.7
irradiance,2024,230.6
irradiance,2024,226.4
irradiance,2024,222.3
irradiance,2024,218.2
irradiance,2024,214.1
irradiance,2024,210
irradiance,2024,205.9
irradiance,2024,201.8
irradiance,2024,197.6
irradiance,2024,193.5
irradiance,2024,189.4
irradiance,2024,185.3
irradiance,2024,242.9
irradiance,2024,238.8
irradiance,2024,234.7
irradiance,2024,230.6
irradiance,2024,226.4
irradiance,2024,222.3
irradiance,2024,218.2
irradiance,2024,214.1
irradiance,2024,210
irradiance,2024,205.9
irradiance,2024,201.8
irradiance,2024,197.6
irradiance,2024,193.5
irradiance,2024,189.4
irradiance,2024,185.3
irradiance,2024,181.2
irradiance,2024,177.1
irradiance,2024,234.7
irradiance,2024,230.6
irradiance,2024,226.4
irradiance,2024,222.3
irradiance,2024,218.2
irradiance,2024,214.1
irradiance,2024,210
irradiance,2024,205.9
irradiance,2024,201.8
irradiance,2024,197.6
irradiance,2024,193.5
irradiance,2024,189.4
irradiance,2024,185.3
irradiance,2024,181.2
irradiance,2024,177.1
irradiance,2024,173
irradiance,2024,230.6
irradiance,2024,226.4
irradiance,2024,222.3
irradiance,2024,218.2
irradiance,2024,214.1
irradiance,2024,210
irradiance,2024,205.9
irradiance,2024,201.8
irradiance,2024,197.6
irradiance,2024,193.5
irradiance,2024,189.4
irradiance,2024,185.3
irradiance,2024,181.2
irradiance,2024,177.1
irradiance,2024,173
irradiance,2024,168.8
irradiance,2024,226.4
irradiance,2024,222.3
irradiance,2024,218.2
irradiance,2024,214.1
irradiance,2024,210
irradiance,2024,205.9
irradiance,2024,201.8
irradiance,2024,197.6
irradiance,2024,193.5
irradiance,2024,189.4
irradiance,2024,185.3
irradiance,2024,181.2
irradiance,2024,177.1
irradiance,2024,173
irradiance,2024,168.8
irradiance,2024,164.7
irradiance,2024,218.2
irradiance,2024,214.1
irradiance,2024,210
irradiance,2024,205.9
irradiance,2024,201.8
irradiance,2024,197.6
irradiance,2024,193.5
irradiance,2024,189.4
irradiance,2024,185.3
irradiance,2024,181.2
irradiance,2024,177.1
irradiance,2024,173
irradiance,2024,168.8
irradiance,2024,164.7
irradiance,2024,160.6
irradiance,2024,214.1
irradiance,2024,210
irradiance,2024,205.9
irradiance,2024,201.8
irradiance,2024,197.6
irradiance,2024,193.5
irradiance,2024,189.4
irradiance,2024,185.3
irradiance,2024,181.2
irradiance,2024,177.1
irradiance,2024,173
irradiance,2024,168.8
irradiance,2024,164.7
irradiance,2024,160.6
irradiance,2024,156.5
irradiance,2024,205.9
irradiance,2024,201.8
irradiance,2024,197.6
irradiance,2024,193.5
irradiance,2024,189.4
irradiance,2024,185.3
irradiance,2024,181.2
irradiance,2024,177.1
irradiance,2024,173
irradiance,2024,168.8
irradiance,2024,164.7
irradiance,2024,160.6
irradiance,2024,156.5
irradiance,2024,201.8
irradiance,2024,197.6
irradiance,2024,193.5
irradiance,2024,189.4
irradiance,2024,185.3
irradiance,2024,181.2
irradiance,2024,177.1
irradiance,2024,173
irradiance,2024,168.8
irradiance,2024,164.7
irradiance,2024,160.6
irradiance,2024,156.5
irradiance,2024,197.6
irradiance,2024,193.5
irradiance,2024,189.4
irradiance,2024,185.3
irradiance,2024,181.2
irradiance,2024,177.1
irradiance,2024,173
irradiance,2024,168.8
irradiance,2024,164.7
irradiance,2024,160.6
irradiance,2024,201.8
irradiance,2024,197.6
irradiance,2024,193.5
irradiance,2024,189.4
irradiance,2024,185.3
irradiance,2024,181.2
irradiance,2024,177.1
irradiance,2024,173
irradiance,2024,168.8
irradiance,2024,164.7
irradiance,2024,160.6
irradiance,2024,201.8
irradiance,2024,197.6
irradiance,2024,193.5
irradiance,2024,189.4
irradiance,2024,185.3
irradiance,2024,181.2
irradiance,2024,177.1
irradiance,2024,173
irradiance,2024,168.8
irradiance,2024,164.7
irradiance,2024,205.9
irradiance,2024,201.8
irradiance,2024,197.6
irradiance,2024,193.5
irradiance,2024,189.4
irradiance,2024,185.3
irradiance,2024,181.2
irradiance,2024,177.1
irradiance,2024,173
irradiance,2024,168.8
irradiance,2024,164.7
irradiance,2024,205.9
irradiance,2024,201.8
irradiance,2024,197.6
irradiance,2024,193.5
irradiance,2024,189.4
irradiance,2024,185.3
irradiance,2024,181.2
irradiance,2024,177.1
irradiance,2024,173
irradiance,2024,168.8
irradiance,2024,210
irradiance,2024,205.9
irradiance,2024,201.8
irradiance,2024,197.6
irradiance,2024,193.5
irradiance,2024,189.4
irradiance,2024,185.3
irradiance,2024,181.2
irradiance,2024,177.1
irradiance,2024,173
irradiance,2024,168.8
irradiance,2024,210
irradiance,2024,205.9
irradiance,2024,201.8
irradiance,2024,197.6
irradiance,2024,193.5
irradiance,2024,189.4
irradiance,2024,185.3
irradiance,2024,181.2
irradiance,2024,177.1
irradiance,2024,173
irradiance,2024,210
irradiance,2024,205.9
irradiance,2024,201.8
irradiance,2024,197.6
irradiance,2024,193.5
irradiance,2024,189.4
irradiance,2024,185.3
irradiance,2024,181.2
irradiance,2024,177.1
irradiance,2024,173
irradiance,2024,214.1
irradiance,2024,210
irradiance,2024,205.9
irradiance,2024,201.8
irradiance,2024,197.6
irradiance,2024,193.5
irradiance,2024,189.4
irradiance,2024,185.3
irradiance,2024,181.2
irradiance,2024,177.1
irradiance,2024,214.1
irradiance,2024,210
irradiance,2024,205.9
irradiance,2024,201.8
irradiance,2024,197.6
irradiance,2024,193.5
irradiance,2024,189.4
irradiance,2024,185.3
irradiance,2024,181.2
irradiance,2024,177.1
irradiance,2024,218.2
irradiance,2024,214.1
irradiance,2024,210
irradiance,2024,205.9
irradiance,2024,201.8
irradiance,2024,197.6
irradiance,2024,193.5
irradiance,2024,189.4
irradiance,2024,185.3
irradiance,2024,181.2
irradiance,2024,177.1
irradiance,2024,218.2
irradiance,2024,214.1
irradiance,2024,210
irradiance,2024,205.9
irradiance,2024,201.8
irradiance,2024,197.6
irradiance,2024,193.5
irradiance,2024,189.4
irradiance,2024,185.3
irradiance,2024,181.2
irradiance,2024,218.2
irradiance,2024,214.1
irradiance,2024,210
irradiance,2024,205.9
irradiance,2024,201.8
irradiance,2024,197.6
irradiance,2024,193.5
irradiance,2024,189.4
irradiance,2024,185.3
irradiance,2024,181.2
irradiance,2024,218.2
irradiance,2024,214.1
irradiance,2024,210
irradiance,2024,205.9
irradiance,2024,201.8
irradiance,2024,197.6
irradiance,2024,193.5
irradiance,2024,189.4
irradiance,2024,185.3
irradiance,2024,181.2
irradiance,2024,218.2
irradiance,2024,214.1
irradiance,2024,210
irradiance,2024,205.9
irradiance,2024,201.8
irradiance,2024,197.6
irradiance,2024,193.5
irradiance,2024,189.4
irradiance,2024,185.3
irradiance,2024,181.2
irradiance,2024,214.1
irradiance,2024,210
irradiance,2024,205.9
irradiance,2024,201.8
irradiance,2024,197.6
irradiance,2024,193.5
irradiance,2024,189.4
irradiance,2024,185.3
irradiance,2024,181.2
irradiance,2024,214.1
irradiance,2024,210
irradiance,2024,205.9
irradiance,2024,201.8
irradiance,2024,197.6
irradiance,2024,193.5
irradiance,2024,189.4
irradiance,2024,185.3
irradiance,2024,181.2
irradiance,2024,177.1
irradiance,2024,214.1
irradiance,2024,210
irradiance,2024,205.9
irradiance,2024,201.8
irradiance,2024,197.6
irradiance,2024,193.5
irradiance,2024,189.4
irradiance,2024,185.3
irradiance,2024,181.2
irradiance,2024,177.1
irradiance,2024,214.1
irradiance,2024,210
irradiance,2024,205.9
irradiance,2024,201.8
irradiance,2024,197.6
irradiance,2024,193.5
irradiance,2024,189.4
irradiance,2024,185.3
irradiance,2024,181.2
irradiance,2024,177.1
irradiance,2024,214.1
irradiance,2024,210
irradiance,2024,205.9
irradiance,2024,201.8
irradiance,2024,197.6
irradiance,2024,193.5
irradiance,2024,189.4
irradiance,2024,185.3
irradiance,2024,181.2
irradiance,2024,177.1
irradiance,2024,210
irradiance,2024,205.9
irradiance,2024,201.8
irradiance,2024,197.6
irradiance,2024,193.5
irradiance,2024,189.4
irradiance,2024,185.3
irradiance,2024,181.2
irradiance,2024,177.1
irradiance,2024,210
irradiance,2024,205.9
irradiance,2024,201.8
irradiance,2024,197.6
irradiance,2024,193.5
irradiance,2024,189.4
irradiance,2024,185.3
irradiance,2024,181.2
irradiance,2024,177.1
irradiance,2024,210
irradiance,2024,205.9
irradiance,2024,201.8
irradiance,2024,197.6
irradiance,2024,193.5
irradiance,2024,189.4
irradiance,2024,185.3
irradiance,2024,181.2
irradiance,2024,177.1
irradiance,2024,173
irradiance,2024,210
irradiance,2024,205.9
irradiance,2024,201.8
irradiance,2024,197.6
irradiance,2024,193.5
irradiance,2024,189.4
irradiance,2024,185.3
irradiance,2024,181.2
irradiance,2024,177.1
irradiance,2024,173
irradiance,2024,210
irradiance,2024,205.9
irradiance,2024,201.8
irradiance,2024,197.6
irradiance,2024,193.5
irradiance,2024,189.4
irradiance,2024,185.3
irradiance,2024,181.2
irradiance,2024,177.1
irradiance,2024,173
irradiance,2024,210
irradiance,2024,205.9
irradiance,2024,201.8
irradiance,2024,197.6
irradiance,2024,193.5
irradiance,2024,189.4
irradiance,2024,185.3
irradiance,2024,181.2
irradiance,2024,177.1
irradiance,2024,173
irradiance,2024,210
irradiance,2024,205.9
irradiance,2024,201.8
irradiance,2024,197.6
irradiance,2024,193.5
irradiance,2024,189.4
irradiance,2024,185.3
irradiance,2024,181.2
irradiance,2024,177.1
irradiance,2024,173
irradiance,2024,210
irradiance,2024,205.9
irradiance,2024,201.8
irradiance,2024,197.6
irradiance,2024,193.5
irradiance,2024,189.4
irradiance,2024,185.3
irradiance,2024,181.2
irradiance,2024,177.1
irradiance,2024,173
irradiance,2024,210
irradiance,2024,205.9
irradiance,2024,201.8
irradiance,2024,197.6
irradiance,2024,193.5
irradiance,2024,189.4
irradiance,2024,185.3
irradiance,2024,181.2
irradiance,2024,177.1
irradiance,2024,173
irradiance,2024,210
irradiance,2024,205.9
irradiance,2024,201.8
irradiance,2024,197.6
irradiance,2024,193.5
irradiance,2024,189.4
irradiance,2024,185.3
irradiance,2024,181.2
irradiance,2024,177.1
irradiance,2024,173
irradiance,2024,210
irradiance,2024,205.9
irradiance,2024,201.8
irradiance,2024,197.6
irradiance,2024,193.5
irradiance,2024,189.4
irradiance,2024,185.3
irradiance,2024,181.2
irradiance,2024,177.1
irradiance,2024,173
irradiance,2024,210
irradiance,2024,205.9
irradiance,2024,201.8
irradiance,2024,197.6
irradiance,2024,193.5
irradiance,2024,189.4
irradiance,2024,185.3
irradiance,2024,181.2
irradiance,2024,177.1
irradiance,2024,173
irradiance,2024,210
irradiance,2024,205.9
irradiance,2024,201.8
irradiance,2024,197.6
irradiance,2024,193.5
irradiance,2024,189.4
irradiance,2024,185.3
irradiance,2024,181.2
irradiance,2024,177.1
irradiance,2024,173
irradiance,2024,210
irradiance,2024,205.9
irradiance,2024,201.8
irradiance,2024,197.6
irradiance,2024,193.5
irradiance,2024,189.4
irradiance,2024,185.3
irradiance,2024,181.2
irradiance,2024,177.1
irradiance,2024,173
irradiance,2024,210
irradiance,2024,205.9
irradiance,2024,201.8
irradiance,2024,197.6
irradiance,2024,193.5
irradiance,2024,189.4
irradiance,2024,185.3
irradiance,2024,181.2
irradiance,2024,177.1
irradiance,2024,173
irradiance,2024,210
irradiance,2024,205.9
irradiance,2024,201.8
irradiance,2024,197.6
irradiance,2024,193.5
irradiance,2024,189.4
irradiance,2024,185.3
irradiance,2024,181.2
irradiance,2024,177.1
irradiance,2024,173
irradiance,2024,210
irradiance,2024,205.9
irradiance,2024,201.8
irradiance,2024,197.6
irradiance,2024,193.5
irradiance,2024,189.4
irradiance,2024,185.3
irradiance,2024,181.2
irradiance,2024,177.1
irradiance,2024,173
irradiance,2024,210
irradiance,2024,205.9
irradiance,2024,201.8
irradiance,2024,197.6
irradiance,2024,193.5
irradiance,2024,189.4
irradiance,2024,185.3
irradiance,2024,181.2
irradiance,2024,177.1
irradiance,2024,173
irradiance,2024,210
irradiance,2024,205.9
irradiance,2024,201.8
irradiance,2024,197.6
irradiance,2024,193.5
irradiance,2024,189.4
irradiance,2024,185.3
irradiance,2024,181.2
irradiance,2024,177.1
irradiance,2024,173
irradiance,2024,210
irradiance,2024,205.9
irradiance,2024,201.8
irradiance,2024,197.6
irradiance,2024,193.5
irradiance,2024,189.4
irradiance,2024,185.3
irradiance,2024,181.2
irradiance,2024,177.1
irradiance,2024,214.1
irradiance,2024,210
irradiance,2024,205.9
irradiance,2024,201.8
irradiance,2024,197.6
irradiance,2024,193.5
irradiance,2024,189.4
irradiance,2024,185.3
irradiance,2024,181.2
irradiance,2024,177.1
irradiance,2024,214.1
irradiance,2024,210
irradiance,2024,205.9
irradiance,2024,201.8
irradiance,2024,197.6
irradiance,2024,193.5
irradiance,2024,189.4
irradiance,2024,185.3
irradiance,2024,181.2
irradiance,2024,177.1
irradiance,2024,214.1
irradiance,2024,210
irradiance,2024,205.9
irradiance,2024,201.8
irradiance,2024,197.6
irradiance,2024,193.5
irradiance,2024,189.4
irradiance,2024,185.3
irradiance,2024,181.2
irradiance,2024,177.1
irradiance,2024,218.2
irradiance,2024,214.1
irradiance,2024,210
irradiance,2024,205.9
irradiance,2024,201.8
irradiance,2024,197.6
irradiance,2024,193.5
irradiance,2024,189.4
irradiance,2024,185.3
irradiance,2024,181.2
irradiance,2024,218.2
irradiance,2024,214.1
irradiance,2024,210
irradiance,2024,205.9
irradiance,2024,201.8
irradiance,2024,197.6
irradiance,2024,193.5
irradiance,2024,189.4
irradiance,2024,185.3
irradiance,2024,181.2
irradiance,2024,218.2
irradiance,2024,214.1
irradiance,2024,210
irradiance,2024,205.9
irradiance,2024,201.8
irradiance,2024,197.6
irradiance,2024,193.5
irradiance,2024,189.4
irradiance,2024,185.3
irradiance,2024,181.2
irradiance,2024,222.3
irradiance,2024,218.2
irradiance,2024,214.1
irradiance,2024,210
irradiance,2024,205.9
irradiance,2024,201.8
irradiance,2024,197.6
irradiance,2024,193.5
irradiance,2024,189.4
irradiance,2024,185.3
irradiance,2024,222.3
irradiance,2024,218.2
irradiance,2024,214.1
irradiance,2024,210
irradiance,2024,205.9
irradiance,2024,201.8
irradiance,2024,197.6
irradiance,2024,193.5
irradiance,2024,189.4
irradiance,2024,185.3
irradiance,2024,222.3
irradiance,2024,218.2
irradiance,2024,214.1
irradiance,2024,210
irradiance,2024,205.9
irradiance,2024,201.8
irradiance,2024,197.6
irradiance,2024,193.5
irradiance,2024,189.4
irradiance,2024,185.3
irradiance,2024,222.3
irradiance,2024,218.2
irradiance,2024,214.1
irradiance,2024,210
irradiance,2024,205.9
irradiance,2024,201.8
irradiance,2024,197.6
irradiance,2024,193.5
irradiance,2024,189.4
irradiance,2024,226.4
irradiance,2024,222.3
irradiance,2024,218.2
irradiance,2024,214.1
irradiance,2024,210
irradiance,2024,205.9
irradiance,2024,201.8
irradiance,2024,197.6
irradiance,2024,193.5
irradiance,2024,189.4
irradiance,2024,226.4
irradiance,2024,222.3
irradiance,2024,218.2
irradiance,2024,214.1
irradiance,2024,210
irradiance,2024,205.9
irradiance,2024,201.8
irradiance,2024,197.6
irradiance,2024,193.5
irradiance,2024,189.4
irradiance,2024,185.3
irradiance,2024,222.3
irradiance,2024,218.2
irradiance,2024,214.1
irradiance,2024,210
irradiance,2024,205.9
irradiance,2024,201.8
irradiance,2024,197.6
irradiance,2024,193.5
irradiance,2024,189.4
irradiance,2024,185.3
irradiance,2024,222.3
irradiance,2024,218.2
irradiance,2024,214.1
irradiance,2024,210
irradiance,2024,205.9
irradiance,2024,201.8
irradiance,2024,197.6
irradiance,2024,193.5
irradiance,2024,189.4
irradiance,2024,185.3
irradiance,2024,181.2
irradiance,2024,218.2
irradiance,2024,214.1
irradiance,2024,210
irradiance,2024,205.9
irradiance,2024,201.8
irradiance,2024,197.6
irradiance,2024,193.5
irradiance,2024,189.4
irradiance,2024,185.3
irradiance,2024,181.2
irradiance,2024,177.1
irradiance,2024,218.2
irradiance,2024,214.1
irradiance,2024,210
irradiance,2024,205.9
irradiance,2024,201.8
irradiance,2024,197.6
irradiance,2024,193.5
irradiance,2024,189.4
irradiance,2024,185.3
irradiance,2024,181.2
irradiance,2024,177.1
irradiance,2024,214.1
irradiance,2024,210
irradiance,2024,205.9
irradiance,2024,201.8
irradiance,2024,197.6
irradiance,2024,193.5
irradiance,2024,189.4
irradiance,2024,185.3
irradiance,2024,181.2
irradiance,2024,177.1
irradiance,2024,173
irradiance,2024,214.1
irradiance,2024,210
irradiance,2024,205.9
irradiance,2024,201.8
irradiance,2024,197.6
irradiance,2024,193.5
irradiance,2024,189.4
irradiance,2024,185.3
irradiance,2024,181.2
irradiance,2024,177.1
irradiance,2024,173
irradiance,2024,168.8
irradiance,2024,210
irradiance,2024,205.9
irradiance,2024,201.8
irradiance,2024,197.6
irradiance,2024,193.5
irradiance,2024,189.4
irradiance,2024,185.3
irradiance,2024,181.2
irradiance,2024,177.1
irradiance,2024,173
irradiance,2024,168.8
irradiance,2024,205.9
irradiance,2024,201.8
irradiance,2024,197.6
irradiance,2024,193.5
irradiance,2024,189.4
irradiance,2024,185.3
irradiance,2024,181.2
irradiance,2024,177.1
irradiance,2024,173
irradiance,2024,168.8
irradiance,2024,164.7
irradiance,2024,205.9
irradiance,2024,201.8
irradiance,2024,197.6
irradiance,2024,193.5
irradiance,2024,189.4
irradiance,2024,185.3
irradiance,2024,181.2
irradiance,2024,177.1
irradiance,2024,173
irradiance,2024,168.8
irradiance,2024,164.7
irradiance,2024,201.8
irradiance,2024,197.6
irradiance,2024,193.5
irradiance,2024,189.4
irradiance,2024,185.3
irradiance,2024,181.2
irradiance,2024,177.1
irradiance,2024,173
irradiance,2024,168.8
irradiance,2024,164.7
irradiance,2024,160.6
irradiance,2024,197.6
irradiance,2024,193.5
irradiance,2024,189.4
irradiance,2024,185.3
irradiance,2024,181.2
irradiance,2024,177.1
irradiance,2024,173
irradiance,2024,168.8
irradiance,2024,164.7
irradiance,2024,160.6
irradiance,2024,156.5
irradiance,2024,197.6
irradiance,2024,193.5
irradiance,2024,189.4
irradiance,2024,185.3
irradiance,2024,181.2
irradiance,2024,177.1
irradiance,2024,173
irradiance,2024,168.8
irradiance,2024,164.7
irradiance,2024,160.6
irradiance,2024,156.5
irradiance,2024,193.5
irradiance,2024,189.4
irradiance,2024,185.3
irradiance,2024,181.2
irradiance,2024,177.1
irradiance,2024,173
irradiance,2024,168.8
irradiance,2024,164.7
irradiance,2024,160.6
irradiance,2024,156.5
irradiance,2024,193.5
irradiance,2024,189.4
irradiance,2024,185.3
irradiance,2024,181.2
irradiance,2024,177.1
irradiance,2024,173
irradiance,2024,168.8
irradiance,2024,164.7
irradiance,2024,160.6
irradiance,2024,156.5
irradiance,2024,193.5
irradiance,2024,189.4
irradiance,2024,185.3
irradiance,2024,181.2
irradiance,2024,177.1
irradiance,2024,173
irradiance,2024,168.8
irradiance,2024,164.7
irradiance,2024,160.6
irradiance,2024,156.5
irradiance,2024,193.5
irradiance,2024,189.4
irradiance,2024,185.3
irradiance,2024,181.2
irradiance,2024,177.1
irradiance,2024,173
irradiance,2024,168.8
irradiance,2024,164.7
irradiance,2024,160.6
irradiance,2024,156.5
irradiance,2024,193.5
irradiance,2024,189.4
irradiance,2024,185.3
irradiance,2024,181.2
irradiance,2024,177.1
irradiance,2024,173
irradiance,2024,168.8
irradiance,2024,164.7
irradiance,2024,160.6
irradiance,2024,156.5
irradiance,2024,193.5
irradiance,2024,189.4
irradiance,2024,185.3
irradiance,2024,181.2
irradiance,2024,177.1
irradiance,2024,173
irradiance,2024,168.8
irradiance,2024,164.7
irradiance,2024,160.6
irradiance,2024,156.5
irradiance,2024,193.5
irradiance,2024,189.4
irradiance,2024,185.3
irradiance,2024,181.2
irradiance,2024,177.1
irradiance,2024,173
irradiance,2024,168.8
irradiance,2024,164.7
irradiance,2024,160.6
irradiance,2024,156.5
irradiance,2024,189.4
irradiance,2024,185.3
irradiance,2024,181.2
irradiance,2024,177.1
irradiance,2024,173
irradiance,2024,168.8
irradiance,2024,164.7
irradiance,2024,160.6
irradiance,2024,156.5
irradiance,2024,189.4
irradiance,2024,185.3
irradiance,2024,181.2
irradiance,2024,177.1
irradiance,2024,173
irradiance,2024,168.8
irradiance,2024,164.7
irradiance,2024,160.6
irradiance,2024,156.5
irradiance,2024,189.4
irradiance,2024,185.3
irradiance,2024,181.2
irradiance,2024,177.1
irradiance,2024,173
irradiance,2024,168.8
irradiance,2024,164.7
irradiance,2024,160.6
irradiance,2024,156.5
irradiance,2024,189.4
irradiance,2024,185.3
irradiance,2024,181.2
irradiance,2024,177.1
irradiance,2024,173
irradiance,2024,168.8
irradiance,2024,164.7
irradiance,2024,160.6
irradiance,2024,156.5
irradiance,2024,189.4
irradiance,2024,185.3
irradiance,2024,181.2
irradiance,2024,177.1
irradiance,2024,173
irradiance,2024,168.8
irradiance,2024,164.7
irradiance,2024,160.6
irradiance,2024,156.5
irradiance,2024,189.4
irradiance,2024,185.3
irradiance,2024,181.2
irradiance,2024,177.1
irradiance,2024,173
irradiance,2024,168.8
irradiance,2024,164.7
irradiance,2024,160.6
irradiance,2024,156.5
irradiance,2024,189.4
irradiance,2024,185.3
irradiance,2024,181.2
irradiance,2024,177.1
irradiance,2024,173
irradiance,2024,168.8
irradiance,2024,164.7
irradiance,2024,160.6
irradiance,2024,156.5
irradiance,2024,189.4
irradiance,2024,185.3
irradiance,2024,181.2
irradiance,2024,177.1
irradiance,2024,173
irradiance,2024,168.8
irradiance,2024,164.7
irradiance,2024,160.6
irradiance,2024,156.5
irradiance,2024,152.4
irradiance,2024,189.4
irradiance,2024,185.3
irradiance,2024,181.2
irradiance,2024,177.1
irradiance,2024,173
irradiance,2024,168.8
irradiance,2024,164.7
irradiance,2024,160.6
irradiance,2024,156.5
irradiance,2024,152.4
irradiance,2024,189.4
irradiance,2024,185.3
irradiance,2024,181.2
irradiance,2024,177.1
irradiance,2024,173
irradiance,2024,168.8
irradiance,2024,164.7
irradiance,2024,160.6
irradiance,2024,156.5
irradiance,2024,152.4
irradiance,2024,189.4
irradiance,2024,185.3
irradiance,2024,181.2
irradiance,2024,177.1
irradiance,2024,173
irradiance,2024,168.8
irradiance,2024,164.7
irradiance,2024,160.6
irradiance,2024,156.5
irradiance,2024,152.4
irradiance,2024,185.3
irradiance,2024,181.2
irradiance,2024,177.1
irradiance,2024,173
irradiance,2024,168.8
irradiance,2024,164.7
irradiance,2024,160.6
irradiance,2024,156.5
irradiance,2024,152.4
irradiance,2024,185.3
irradiance,2024,181.2
irradiance,2024,177.1
irradiance,2024,173
irradiance,2024,168.8
irradiance,2024,164.7
irradiance,2024,160.6
irradiance,2024,156.5
irradiance,2024,152.4
irradiance,2024,185.3
irradiance,2024,181.2
irradiance,2024,177.1
irradiance,2024,173
irradiance,2024,168.8
irradiance,2024,164.7
irradiance,2024,160.6
irradiance,2024,156.5
irradiance,2024,152.4
irradiance,2024,185.3
irradiance,2024,181.2
irradiance,2024,177.1
irradiance,2024,173
irradiance,2024,168.8
irradiance,2024,164.7
irradiance,2024,160.6
irradiance,2024,156.5
irradiance,2024,152.4
irradiance,2024,148.3
irradiance,2024,185.3
irradiance,2024,181.2
irradiance,2024,177.1
irradiance,2024,173
irradiance,2024,168.8
irradiance,2024,164.7
irradiance,2024,160.6
irradiance,2024,156.5
irradiance,2024,152.4
irradiance,2024,148.3
irradiance,2024,185.3
irradiance,2024,181.2
irradiance,2024,177.1
irradiance,2024,173
irradiance,2024,168.8
irradiance,2024,164.7
irradiance,2024,160.6
irradiance,2024,156.5
irradiance,2024,152.4
irradiance,2024,148.3
irradiance,2024,185.3
irradiance,2024,181.2
irradiance,2024,177.1
irradiance,2024,173
irradiance,2024,168.8
irradiance,2024,164.7
irradiance,2024,160.6
irradiance,2024,156.5
irradiance,2024,152.4
irradiance,2024,148.3
irradiance,2024,185.3
irradiance,2024,181.2
irradiance,2024,177.1
irradiance,2024,173
irradiance,2024,168.8
irradiance,2024,164.7
irradiance,2024,160.6
irradiance,2024,156.5
irradiance,2024,152.4
irradiance,2024,148.3
irradiance,2024,181.2
irradiance,2024,177.1
irradiance,2024,173
irradiance,2024,168.8
irradiance,2024,164.7
irradiance,2024,160.6
irradiance,2024,156.5
irradiance,2024,152.4
irradiance,2024,148.3
irradiance,2024,181.2
irradiance,2024,177.1
irradiance,2024,173
irradiance,2024,168.8
irradiance,2024,164.7
irradiance,2024,160.6
irradiance,2024,156.5
irradiance,2024,152.4
irradiance,2024,148.3
irradiance,2024,144.2
irradiance,2024,181.2
irradiance,2024,177.1
irradiance,2024,173
irradiance,2024,168.8
irradiance,2024,164.7
irradiance,2024,160.6
irradiance,2024,156.5
irradiance,2024,152.4
irradiance,2024,148.3
irradiance,2024,144.2
irradiance,2024,181.2
irradiance,2024,177.1
irradiance,2024,173
irradiance,2024,168.8
irradiance,2024,164.7
irradiance,2024,160.6
irradiance,2024,156.5
irradiance,2024,152.4
irradiance,2024,148.3
irradiance,2024,144.2
irradiance,2024,177.1
irradiance,2024,173
irradiance,2024,168.8
irradiance,2024,164.7
irradiance,2024,160.6
irradiance,2024,156.5
irradiance,2024,152.4
irradiance,2024,148.3
irradiance,2024,144.2
irradiance,2024,140
irradiance,2024,177.1
irradiance,2024,173
irradiance,2024,168.8
irradiance,2024,164.7
irradiance,2024,160.6
irradiance,2024,156.5
irradiance,2024,152.4
irradiance,2024,148.3
irradiance,2024,144.2
irradiance,2024,140
irradiance,2024,177.1
irradiance,2024,173
irradiance,2024,168.8
irradiance,2024,164.7
irradiance,2024,160.6
irradiance,2024,156.5
irradiance,2024,152.4
irradiance,2024,148.3
irradiance,2024,144.2
irradiance,2024,140
irradiance,2024,173
irradiance,2024,168.8
irradiance,2024,164.7
irradiance,2024,160.6
irradiance,2024,156.5
irradiance,2024,152.4
irradiance,2024,148.3
irradiance,2024,144.2
irradiance,2024,140
irradiance,2024,135.9
irradiance,2024,173
irradiance,2024,168.8
irradiance,2024,164.7
irradiance,2024,160.6
irradiance,2024,156.5
irradiance,2024,152.4
irradiance,2024,148.3
irradiance,2024,144.2
irradiance,2024,140
irradiance,2024,135.9
irradiance,2024,173
irradiance,2024,168.8
irradiance,2024,164.7
irradiance,2024,160.6
irradiance,2024,156.5
irradiance,2024,152.4
irradiance,2024,148.3
irradiance,2024,144.2
irradiance,2024,140
irradiance,2024,135.9
irradiance,2024,168.8
irradiance,2024,164.7
irradiance,2024,160.6
irradiance,2024,156.5
irradiance,2024,152.4
irradiance,2024,148.3
irradiance,2024,144.2
irradiance,2024,140
irradiance,2024,135.9
irradiance,2024,131.8
irradiance,2024,168.8
irradiance,2024,164.7
irradiance,2024,160.6
irradiance,2024,156.5
irradiance,2024,152.4
irradiance,2024,148.3
irradiance,2024,144.2
irradiance,2024,140
irradiance,2024,135.9
irradiance,2024,131.8
irradiance,2024,173
irradiance,2024,168.8
irradiance,2024,164.7
irradiance,2024,160.6
irradiance,2024,156.5
irradiance,2024,152.4
irradiance,2024,148.3
irradiance,2024,144.2
irradiance,2024,140
irradiance,2024,135.9
irradiance,2024,131.8
irradiance,2024,177.1
irradiance,2024,173
irradiance,2024,168.8
irradiance,2024,164.7
irradiance,2024,160.6
irradiance,2024,156.5
irradiance,2024,152.4
irradiance,2024,148.3
irradiance,2024,144.2
irradiance,2024,140
irradiance,2024,135.9
irradiance,2024,131.8
irradiance,2024,181.2
irradiance,2024,177.1
irradiance,2024,173
irradiance,2024,168.8
irradiance,2024,164.7
irradiance,2024,160.6
irradiance,2024,156.5
irradiance,2024,152.4
irradiance,2024,148.3
irradiance,2024,144.2
irradiance,2024,140
irradiance,2024,135.9
irradiance,2024,131.8
irradiance,2024,185.3
irradiance,2024,181.2
irradiance,2024,177.1
irradiance,2024,173
irradiance,2024,168.8
irradiance,2024,164.7
irradiance,2024,160.6
irradiance,2024,156.5
irradiance,2024,152.4
irradiance,2024,148.3
irradiance,2024,144.2
irradiance,2024,140
irradiance,2024,135.9
irradiance,2024,131.8
irradiance,2024,189.4
irradiance,2024,185.3
irradiance,2024,181.2
irradiance,2024,177.1
irradiance,2024,173
irradiance,2024,168.8
irradiance,2024,164.7
irradiance,2024,160.6
irradiance,2024,156.5
irradiance,2024,152.4
irradiance,2024,148.3
irradiance,2024,144.2
irradiance,2024,140
irradiance,2024,135.9
irradiance,2024,193.5
irradiance,2024,189.4
irradiance,2024,185.3
irradiance,2024,181.2
irradiance,2024,177.1
irradiance,2024,173
irradiance,2024,168.8
irradiance,2024,164.7
irradiance,2024,160.6
irradiance,2024,156.5
irradiance,2024,152.4
irradiance,2024,148.3
irradiance,2024,144.2
irradiance,2024,140
irradiance,2024,197.6
irradiance,2024,193.5
irradiance,2024,189.4
irradiance,2024,185.3
irradiance,2024,181.2
irradiance,2024,177.1
irradiance,2024,173
irradiance,2024,168.8
irradiance,2024,164.7
irradiance,2024,160.6
irradiance,2024,156.5
irradiance,2024,152.4
irradiance,2024,148.3
irradiance,2024,144.2
irradiance,2024,201.8
irradiance,2024,197.6
irradiance,2024,193.5
irradiance,2024,189.4
irradiance,2024,185.3
irradiance,2024,181.2
irradiance,2024,177.1
irradiance,2024,173
irradiance,2024,168.8
irradiance,2024,164.7
irradiance,2024,160.6
irradiance,2024,156.5
irradiance,2024,152.4
irradiance,2024,148.3
irradiance,2024,205.9
irradiance,2024,201.8
irradiance,2024,197.6
irradiance,2024,193.5
irradiance,2024,189.4
irradiance,2024,185.3
irradiance,2024,181.2
irradiance,2024,177.1
irradiance,2024,173
irradiance,2024,168.8
irradiance,2024,164.7
irradiance,2024,160.6
irradiance,2024,156.5
irradiance,2024,152.4
irradiance,2024,210
irradiance,2024,205.9
irradiance,2024,201.8
irradiance,2024,197.6
irradiance,2024,193.5
irradiance,2024,189.4
irradiance,2024,185.3
irradiance,2024,181.2
irradiance,2024,177.1
irradiance,2024,173
irradiance,2024,168.8
irradiance,2024,164.7
irradiance,2024,160.6
irradiance,2024,156.5
irradiance,2024,214.1
irradiance,2024,210
irradiance,2024,205.9
irradiance,2024,201.8
irradiance,2024,197.6
irradiance,2024,193.5
irradiance,2024,189.4
irradiance,2024,185.3
irradiance,2024,181.2
irradiance,2024,177.1
irradiance,2024,173
irradiance,2024,168.8
irradiance,2024,164.7
irradiance,2024,160.6
irradiance,2024,218.2
irradiance,2024,214.1
irradiance,2024,210
irradiance,2024,205.9
irradiance,2024,201.8
irradiance,2024,197.6
irradiance,2024,193.5
irradiance,2024,189.4
irradiance,2024,185.3
irradiance,2024,181.2
irradiance,2024,177.1
irradiance,2024,173
irradiance,2024,168.8
irradiance,2024,164.7
irradiance,2024,218.2
irradiance,2024,214.1
irradiance,2024,210
irradiance,2024,205.9
irradiance,2024,201.8
irradiance,2024,197.6
irradiance,2024,193.5
irradiance,2024,189.4
irradiance,2024,185.3
irradiance,2024,181.2
irradiance,2024,177.1
irradiance,2024,173
irradiance,2024,168.8
irradiance,2024,222.3
irradiance,2024,218.2
irradiance,2024,214.1
irradiance,2024,210
irradiance,2024,205.9
irradiance,2024,201.8
irradiance,2024,197.6
irradiance,2024,193.5
irradiance,2024,189.4
irradiance,2024,185.3
irradiance,2024,181.2
irradiance,2024,177.1
irradiance,2024,173
irradiance,2024,222.3
irradiance,2024,218.2
irradiance,2024,214.1
irradiance,2024,210
irradiance,2024,205.9
irradiance,2024,201.8
irradiance,2024,197.6
irradiance,2024,193.5
irradiance,2024,189.4
irradiance,2024,185.3
irradiance,2024,181.2
irradiance,2024,177.1
irradiance,2024,226.4
irradiance,2024,222.3
irradiance,2024,218.2
irradiance,2024,214.1
irradiance,2024,210
irradiance,2024,205.9
irradiance,2024,201.8
irradiance,2024,197.6
irradiance,2024,193.5
irradiance,2024,189.4
irradiance,2024,185.3
irradiance,2024,181.2
irradiance,2024,226.4
irradiance,2024,222.3
irradiance,2024,218.2
irradiance,2024,214.1
irradiance,2024,210
irradiance,2024,205.9
irradiance,2024,201.8
irradiance,2024,197.6
irradiance,2024,193.5
irradiance,2024,189.4
irradiance,2024,185.3
irradiance,2024,230.6
irradiance,2024,226.4
irradiance,2024,222.3
irradiance,2024,218.2
irradiance,2024,214.1
irradiance,2024,210
irradiance,2024,205.9
irradiance,2024,201.8
irradiance,2024,197.6
irradiance,2024,193.5
irradiance,2024,189.4
irradiance,2024,230.6
irradiance,2024,226.4
irradiance,2024,222.3
irradiance,2024,218.2
irradiance,2024,214.1
irradiance,2024,210
irradiance,2024,205.9
irradiance,2024,201.8
irradiance,2024,197.6
irradiance,2024,193.5
irradiance,2024,230.6
irradiance,2024,226.4
irradiance,2024,222.3
irradiance,2024,218.2
irradiance,2024,214.1
irradiance,2024,210
irradiance,2024,205.9
irradiance,2024,201.8
irradiance,2024,197.6
irradiance,2024,193.5
irradiance,2024,234.7
irradiance,2024,230.6
irradiance,2024,226.4
irradiance,2024,222.3
irradiance,2024,218.2
irradiance,2024,214.1
irradiance,2024,210
irradiance,2024,205.9
irradiance,2024,201.8
irradiance,2024,197.6
irradiance,2024,193.5
irradiance,2024,234.7
irradiance,2024,230.6
irradiance,2024,226.4
irradiance,2024,222.3
irradiance,2024,218.2
irradiance,2024,214.1
irradiance,2024,210
irradiance,2024,205.9
irradiance,2024,201.8
irradiance,2024,197.6
irradiance,2024,238.8
irradiance,2024,234.7
irradiance,2024,230.6
irradiance,2024,226.4
irradiance,2024,222.3
irradiance,2024,218.2
irradiance,2024,214.1
irradiance,2024,210
irradiance,2024,205.9
irradiance,2024,201.8
irradiance,2024,197.6
irradiance,2024,238.8
irradiance,2024,234.7
irradiance,2024,230.6
irradiance,2024,226.4
irradiance,2024,222.3
irradiance,2024,218.2
irradiance,2024,214.1
irradiance,2024,210
irradiance,2024,205.9
irradiance,2024,201.8
irradiance,2024,242.9
irradiance,2024,238.8
irradiance,2024,234.7
irradiance,2024,230.6
irradiance,2024,226.4
irradiance,2024,222.3
irradiance,2024,218.2
irradiance,2024,214.1
irradiance,2024,210
irradiance,2024,205.9
irradiance,2024,201.8
irradiance,2024,242.9
irradiance,2024,238.8
irradiance,2024,234.7
irradiance,2024,230.6
irradiance,2024,226.4
irradiance,2024,222.3
irradiance,2024,218.2
irradiance,2024,214.1
irradiance,2024,210
irradiance,2024,205.9
irradiance,2024,242.9
irradiance,2024,238.8
irradiance,2024,234.7
irradiance,2024,230.6
irradiance,2024,226.4
irradiance,2024,222.3
irradiance,2024,218.2
irradiance,2024,214.1
irradiance,2024,210
irradiance,2024,205.9
irradiance,2025,242.9
irradiance,2025,238.8
irradiance,2025,234.7
irradiance,2025,230.6
irradiance,2025,226.4
irradiance,2025,222.3
irradiance,2025,218.2
irradiance,2025,214.1
irradiance,2025,210
irradiance,2025,205.9
irradiance,2025,238.8
irradiance,2025,234.7
irradiance,2025,230.6
irradiance,2025,226.4
irradiance,2025,222.3
irradiance,2025,218.2
irradiance,2025,214.1
irradiance,2025,210
irradiance,2025,205.9
irradiance,2025,201.8
irradiance,2025,238.8
irradiance,2025,234.7
irradiance,2025,230.6
irradiance,2025,226.4
irradiance,2025,222.3
irradiance,2025,218.2
irradiance,2025,214.1
irradiance,2025,210
irradiance,2025,205.9
irradiance,2025,201.8
irradiance,2025,238.8
irradiance,2025,234.7
irradiance,2025,230.6
irradiance,2025,226.4
irradiance,2025,222.3
irradiance,2025,218.2
irradiance,2025,214.1
irradiance,2025,210
irradiance,2025,205.9
irradiance,2025,201.8
irradiance,2025,197.6
irradiance,2025,234.7
irradiance,2025,230.6
irradiance,2025,226.4
irradiance,2025,222.3
irradiance,2025,218.2
irradiance,2025,214.1
irradiance,2025,210
irradiance,2025,205.9
irradiance,2025,201.8
irradiance,2025,197.6
irradiance,2025,234.7
irradiance,2025,230.6
irradiance,2025,226.4
irradiance,2025,222.3
irradiance,2025,218.2
irradiance,2025,214.1
irradiance,2025,210
irradiance,2025,205.9
irradiance,2025,201.8
irradiance,2025,197.6
irradiance,2025,230.6
irradiance,2025,226.4
irradiance,2025,222.3
irradiance,2025,218.2
irradiance,2025,214.1
irradiance,2025,210
irradiance,2025,205.9
irradiance,2025,201.8
irradiance,2025,197.6
irradiance,2025,193.5
irradiance,2025,230.6
irradiance,2025,226.4
irradiance,2025,222.3
irradiance,2025,218.2
irradiance,2025,214.1
irradiance,2025,210
irradiance,2025,205.9
irradiance,2025,201.8
irradiance,2025,197.6
irradiance,2025,193.5
irradiance,2025,230.6
irradiance,2025,226.4
irradiance,2025,222.3
irradiance,2025,218.2
irradiance,2025,214.1
irradiance,2025,210
irradiance,2025,205.9
irradiance,2025,201.8
irradiance,2025,197.6
irradiance,2025,193.5
irradiance,2025,226.4
irradiance,2025,222.3
irradiance,2025,218.2
irradiance,2025,214.1
irradiance,2025,210
irradiance,2025,205.9
irradiance,2025,201.8
irradiance,2025,197.6
irradiance,2025,193.5
irradiance,2025,189.4
irradiance,2025,226.4
irradiance,2025,222.3
irradiance,2025,218.2
irradiance,2025,214.1
irradiance,2025,210
irradiance,2025,205.9
irradiance,2025,201.8
irradiance,2025,197.6
irradiance,2025,193.5
irradiance,2025,189.4
irradiance,2025,222.3
irradiance,2025,218.2
irradiance,2025,214.1
irradiance,2025,210
irradiance,2025,205.9
irradiance,2025,201.8
irradiance,2025,197.6
irradiance,2025,193.5
irradiance,2025,189.4
irradiance,2025,185.3
irradiance,2025,222.3
irradiance,2025,218.2
irradiance,2025,214.1
irradiance,2025,210
irradiance,2025,205.9
irradiance,2025,201.8
irradiance,2025,197.6
irradiance,2025,193.5
irradiance,2025,189.4
irradiance,2025,185.3
irradiance,2025,222.3
irradiance,2025,218.2
irradiance,2025,214.1
irradiance,2025,210
irradiance,2025,205.9
irradiance,2025,201.8
irradiance,2025,197.6
irradiance,2025,193.5
irradiance,2025,189.4
irradiance,2025,185.3
irradiance,2025,181.2
irradiance,2025,218.2
irradiance,2025,214.1
irradiance,2025,210
irradiance,2025,205.9
irradiance,2025,201.8
irradiance,2025,197.6
irradiance,2025,193.5
irradiance,2025,189.4
irradiance,2025,185.3
irradiance,2025,181.2
irradiance,2025,218.2
irradiance,2025,214.1
irradiance,2025,210
irradiance,2025,205.9
irradiance,2025,201.8
irradiance,2025,197.6
irradiance,2025,193.5
irradiance,2025,189.4
irradiance,2025,185.3
irradiance,2025,181.2
irradiance,2025,218.2
irradiance,2025,214.1
irradiance,2025,210
irradiance,2025,205.9
irradiance,2025,201.8
irradiance,2025,197.6
irradiance,2025,193.5
irradiance,2025,189.4
irradiance,2025,185.3
irradiance,2025,181.2
irradiance,2025,177.1
irradiance,2025,214.1
irradiance,2025,210
irradiance,2025,205.9
irradiance,2025,201.8
irradiance,2025,197.6
irradiance,2025,193.5
irradiance,2025,189.4
irradiance,2025,185.3
irradiance,2025,181.2
irradiance,2025,177.1
irradiance,2025,214.1
irradiance,2025,210
irradiance,2025,205.9
irradiance,2025,201.8
irradiance,2025,197.6
irradiance,2025,193.5
irradiance,2025,189.4
irradiance,2025,185.3
irradiance,2025,181.2
irradiance,2025,177.1
irradiance,2025,173
irradiance,2025,210
irradiance,2025,205.9
irradiance,2025,201.8
irradiance,2025,197.6
irradiance,2025,193.5
irradiance,2025,189.4
irradiance,2025,185.3
irradiance,2025,181.2
irradiance,2025,177.1
irradiance,2025,173
irradiance,2025,210
irradiance,2025,205.9
irradiance,2025,201.8
irradiance,2025,197.6
irradiance,2025,193.5
irradiance,2025,189.4
irradiance,2025,185.3
irradiance,2025,181.2
irradiance,2025,177.1
irradiance,2025,173
irradiance,2025,168.8
irradiance,2025,205.9
irradiance,2025,201.8
irradiance,2025,197.6
irradiance,2025,193.5
irradiance,2025,189.4
irradiance,2025,185.3
irradiance,2025,181.2
irradiance,2025,177.1
irradiance,2025,173
irradiance,2025,168.8
irradiance,2025,205.9
irradiance,2025,201.8
irradiance,2025,197.6
irradiance,2025,193.5
irradiance,2025,189.4
irradiance,2025,185.3
irradiance,2025,181.2
irradiance,2025,177.1
irradiance,2025,173
irradiance,2025,168.8
irradiance,2025,205.9
irradiance,2025,201.8
irradiance,2025,197.6
irradiance,2025,193.5
irradiance,2025,189.4
irradiance,2025,185.3
irradiance,2025,181.2
irradiance,2025,177.1
irradiance,2025,173
irradiance,2025,168.8
irradiance,2025,164.7
irradiance,2025,201.8
irradiance,2025,197.6
irradiance,2025,193.5
irradiance,2025,189.4
irradiance,2025,185.3
irradiance,2025,181.2
irradiance,2025,177.1
irradiance,2025,173
irradiance,2025,168.8
irradiance,2025,164.7
irradiance,2025,201.8
irradiance,2025,197.6
irradiance,2025,193.5
irradiance,2025,189.4
irradiance,2025,185.3
irradiance,2025,181.2
irradiance,2025,177.1
irradiance,2025,173
irradiance,2025,168.8
irradiance,2025,164.7
irradiance,2025,197.6
irradiance,2025,193.5
irradiance,2025,189.4
irradiance,2025,185.3
irradiance,2025,181.2
irradiance,2025,177.1
irradiance,2025,173
irradiance,2025,168.8
irradiance,2025,164.7
irradiance,2025,197.6
irradiance,2025,193.5
irradiance,2025,189.4
irradiance,2025,185.3
irradiance,2025,181.2
irradiance,2025,177.1
irradiance,2025,173
irradiance,2025,168.8
irradiance,2025,164.7
irradiance,2025,160.6
irradiance,2025,197.6
irradiance,2025,193.5
irradiance,2025,189.4
irradiance,2025,185.3
irradiance,2025,181.2
irradiance,2025,177.1
irradiance,2025,173
irradiance,2025,168.8
irradiance,2025,164.7
irradiance,2025,160.6
irradiance,2025,197.6
irradiance,2025,193.5
irradiance,2025,189.4
irradiance,2025,185.3
irradiance,2025,181.2
irradiance,2025,177.1
irradiance,2025,173
irradiance,2025,168.8
irradiance,2025,164.7
irradiance,2025,160.6
irradiance,2025,197.6
irradiance,2025,193.5
irradiance,2025,189.4
irradiance,2025,185.3
irradiance,2025,181.2
irradiance,2025,177.1
irradiance,2025,173
irradiance,2025,168.8
irradiance,2025,164.7
irradiance,2025,160.6
irradiance,2025,193.5
irradiance,2025,189.4
irradiance,2025,185.3
irradiance,2025,181.2
irradiance,2025,177.1
irradiance,2025,173
irradiance,2025,168.8
irradiance,2025,164.7
irradiance,2025,160.6
irradiance,2025,193.5
irradiance,2025,189.4
irradiance,2025,185.3
irradiance,2025,181.2
irradiance,2025,177.1
irradiance,2025,173
irradiance,2025,168.8
irradiance,2025,164.7
irradiance,2025,160.6
irradiance,2025,193.5
irradiance,2025,189.4
irradiance,2025,185.3
irradiance,2025,181.2
irradiance,2025,177.1
irradiance,2025,173
irradiance,2025,168.8
irradiance,2025,164.7
irradiance,2025,160.6
irradiance,2025,156.5
irradiance,2025,193.5
irradiance,2025,189.4
irradiance,2025,185.3
irradiance,2025,181.2
irradiance,2025,177.1
irradiance,2025,173
irradiance,2025,168.8
irradiance,2025,164.7
irradiance,2025,160.6
irradiance,2025,156.5
irradiance,2025,193.5
irradiance,2025,189.4
irradiance,2025,185.3
irradiance,2025,181.2
irradiance,2025,177.1
irradiance,2025,173
irradiance,2025,168.8
irradiance,2025,164.7
irradiance,2025,160.6
irradiance,2025,156.5
irradiance,2025,189.4
irradiance,2025,185.3
irradiance,2025,181.2
irradiance,2025,177.1
irradiance,2025,173
irradiance,2025,168.8
irradiance,2025,164.7
irradiance,2025,160.6
irradiance,2025,156.5
irradiance,2025,189.4
irradiance,2025,185.3
irradiance,2025,181.2
irradiance,2025,177.1
irradiance,2025,173
irradiance,2025,168.8
irradiance,2025,164.7
irradiance,2025,160.6
irradiance,2025,156.5
irradiance,2025,193.5
irradiance,2025,189.4
irradiance,2025,185.3
irradiance,2025,181.2
irradiance,2025,177.1
irradiance,2025,173
irradiance,2025,168.8
irradiance,2025,164.7
irradiance,2025,160.6
irradiance,2025,156.5
irradiance,2025,193.5
irradiance,2025,189.4
irradiance,2025,185.3
irradiance,2025,181.2
irradiance,2025,177.1
irradiance,2025,173
irradiance,2025,168.8
irradiance,2025,164.7
irradiance,2025,160.6
irradiance,2025,156.5
irradiance,2025,197.6
irradiance,2025,193.5
irradiance,2025,189.4
irradiance,2025,185.3
irradiance,2025,181.2
irradiance,2025,177.1
irradiance,2025,173
irradiance,2025,168.8
irradiance,2025,164.7
irradiance,2025,160.6
irradiance,2025,156.5
irradiance,2025,197.6
irradiance,2025,193.5
irradiance,2025,189.4
irradiance,2025,185.3
irradiance,2025,181.2
irradiance,2025,177.1
irradiance,2025,173
irradiance,2025,168.8
irradiance,2025,164.7
irradiance,2025,160.6
irradiance,2025,201.8
irradiance,2025,197.6
irradiance,2025,193.5
irradiance,2025,189.4
irradiance,2025,185.3
irradiance,2025,181.2
irradiance,2025,177.1
irradiance,2025,173
irradiance,2025,168.8
irradiance,2025,164.7
irradiance,2025,160.6
irradiance,2025,201.8
irradiance,2025,197.6
irradiance,2025,193.5
irradiance,2025,189.4
irradiance,2025,185.3
irradiance,2025,181.2
irradiance,2025,177.1
irradiance,2025,173
irradiance,2025,168.8
irradiance,2025,164.7
irradiance,2025,205.9
irradiance,2025,201.8
irradiance,2025,197.6
irradiance,2025,193.5
irradiance,2025,189.4
irradiance,2025,185.3
irradiance,2025,181.2
irradiance,2025,177.1
irradiance,2025,173
irradiance,2025,168.8
irradiance,2025,164.7
irradiance,2025,205.9
irradiance,2025,201.8
irradiance,2025,197.6
irradiance,2025,193.5
irradiance,2025,189.4
irradiance,2025,185.3
irradiance,2025,181.2
irradiance,2025,177.1
irradiance,2025,173
irradiance,2025,168.8
irradiance,2025,210
irradiance,2025,205.9
irradiance,2025,201.8
irradiance,2025,197.6
irradiance,2025,193.5
irradiance,2025,189.4
irradiance,2025,185.3
irradiance,2025,181.2
irradiance,2025,177.1
irradiance,2025,173
irradiance,2025,168.8
irradiance,2025,210
irradiance,2025,205.9
irradiance,2025,201.8
irradiance,2025,197.6
irradiance,2025,193.5
irradiance,2025,189.4
irradiance,2025,185.3
irradiance,2025,181.2
irradiance,2025,177.1
irradiance,2025,173
irradiance,2025,214.1
irradiance,2025,210
irradiance,2025,205.9
irradiance,2025,201.8
irradiance,2025,197.6
irradiance,2025,193.5
irradiance,2025,189.4
irradiance,2025,185.3
irradiance,2025,181.2
irradiance,2025,177.1
irradiance,2025,173
irradiance,2025,214.1
irradiance,2025,210
irradiance,2025,205.9
irradiance,2025,201.8
irradiance,2025,197.6
irradiance,2025,193.5
irradiance,2025,189.4
irradiance,2025,185.3
irradiance,2025,181.2
irradiance,2025,177.1
irradiance,2025,214.1
irradiance,2025,210
irradiance,2025,205.9
irradiance,2025,201.8
irradiance,2025,197.6
irradiance,2025,193.5
irradiance,2025,189.4
irradiance,2025,185.3
irradiance,2025,181.2
irradiance,2025,177.1
irradiance,2025,218.2
irradiance,2025,214.1
irradiance,2025,210
irradiance,2025,205.9
irradiance,2025,201.8
irradiance,2025,197.6
irradiance,2025,193.5
irradiance,2025,189.4
irradiance,2025,185.3
irradiance,2025,181.2
irradiance,2025,218.2
irradiance,2025,214.1
irradiance,2025,210
irradiance,2025,205.9
irradiance,2025,201.8
irradiance,2025,197.6
irradiance,2025,193.5
irradiance,2025,189.4
irradiance,2025,185.3
irradiance,2025,181.2
irradiance,2025,218.2
irradiance,2025,214.1
irradiance,2025,210
irradiance,2025,205.9
irradiance,2025,201.8
irradiance,2025,197.6
irradiance,2025,193.5
irradiance,2025,189.4
irradiance,2025,185.3
irradiance,2025,181.2
irradiance,2025,218.2
irradiance,2025,214.1
irradiance,2025,210
irradiance,2025,205.9
irradiance,2025,201.8
irradiance,2025,197.6
irradiance,2025,193.5
irradiance,2025,189.4
irradiance,2025,185.3
irradiance,2025,181.2
irradiance,2025,218.2
irradiance,2025,214.1
irradiance,2025,210
irradiance,2025,205.9
irradiance,2025,201.8
irradiance,2025,197.6
irradiance,2025,193.5
irradiance,2025,189.4
irradiance,2025,185.3
irradiance,2025,181.2
irradiance,2025,218.2
irradiance,2025,214.1
irradiance,2025,210
irradiance,2025,205.9
irradiance,2025,201.8
irradiance,2025,197.6
irradiance,2025,193.5
irradiance,2025,189.4
irradiance,2025,185.3
irradiance,2025,181.2
irradiance,2025,218.2
irradiance,2025,214.1
irradiance,2025,210
irradiance,2025,205.9
irradiance,2025,201.8
irradiance,2025,197.6
irradiance,2025,193.5
irradiance,2025,189.4
irradiance,2025,185.3
irradiance,2025,181.2
irradiance,2025,218.2
irradiance,2025,214.1
irradiance,2025,210
irradiance,2025,205.9
irradiance,2025,201.8
irradiance,2025,197.6
irradiance,2025,193.5
irradiance,2025,189.4
irradiance,2025,185.3
irradiance,2025,181.2
irradiance,2025,218.2
irradiance,2025,214.1
irradiance,2025,210
irradiance,2025,205.9
irradiance,2025,201.8
irradiance,2025,197.6
irradiance,2025,193.5
irradiance,2025,189.4
irradiance,2025,185.3
irradiance,2025,181.2
irradiance,2025,218.2
irradiance,2025,214.1
irradiance,2025,210
irradiance,2025,205.9
irradiance,2025,201.8
irradiance,2025,197.6
irradiance,2025,193.5
irradiance,2025,189.4
irradiance,2025,185.3
irradiance,2025,181.2
irradiance,2025,218.2
irradiance,2025,214.1
irradiance,2025,210
irradiance,2025,205.9
irradiance,2025,201.8
irradiance,2025,197.6
irradiance,2025,193.5
irradiance,2025,189.4
irradiance,2025,185.3
irradiance,2025,181.2
irradiance,2025,218.2
irradiance,2025,214.1
irradiance,2025,210
irradiance,2025,205.9
irradiance,2025,201.8
irradiance,2025,197.6
irradiance,2025,193.5
irradiance,2025,189.4
irradiance,2025,185.3
irradiance,2025,181.2
irradiance,2025,218.2
irradiance,2025,214.1
irradiance,2025,210
irradiance,2025,205.9
irradiance,2025,201.8
irradiance,2025,197.6
irradiance,2025,193.5
irradiance,2025,189.4
irradiance,2025,185.3
irradiance,2025,181.2
irradiance,2025,218.2
irradiance,2025,214.1
irradiance,2025,210
irradiance,2025,205.9
irradiance,2025,201.8
irradiance,2025,197.6
irradiance,2025,193.5
irradiance,2025,189.4
irradiance,2025,185.3
irradiance,2025,181.2
irradiance,2025,214.1
irradiance,2025,210
irradiance,2025,205.9
irradiance,2025,201.8
irradiance,2025,197.6
irradiance,2025,193.5
irradiance,2025,189.4
irradiance,2025,185.3
irradiance,2025,181.2
irradiance,2025,177.1
irradiance,2025,214.1
irradiance,2025,210
irradiance,2025,205.9
irradiance,2025,201.8
irradiance,2025,197.6
irradiance,2025,193.5
irradiance,2025,189.4
irradiance,2025,185.3
irradiance,2025,181.2
irradiance,2025,177.1
irradiance,2025,214.1
irradiance,2025,210
irradiance,2025,205.9
irradiance,2025,201.8
irradiance,2025,197.6
irradiance,2025,193.5
irradiance,2025,189.4
irradiance,2025,185.3
irradiance,2025,181.2
irradiance,2025,177.1
irradiance,2025,210
irradiance,2025,205.9
irradiance,2025,201.8
irradiance,2025,197.6
irradiance,2025,193.5
irradiance,2025,189.4
irradiance,2025,185.3
irradiance,2025,181.2
irradiance,2025,177.1
irradiance,2025,173
irradiance,2025,210
irradiance,2025,205.9
irradiance,2025,201.8
irradiance,2025,197.6
irradiance,2025,193.5
irradiance,2025,189.4
irradiance,2025,185.3
irradiance,2025,181.2
irradiance,2025,177.1
irradiance,2025,173
irradiance,2025,210
irradiance,2025,205.9
irradiance,2025,201.8
irradiance,2025,197.6
irradiance,2025,193.5
irradiance,2025,189.4
irradiance,2025,185.3
irradiance,2025,181.2
irradiance,2025,177.1
irradiance,2025,173
irradiance,2025,168.8
irradiance,2025,205.9
irradiance,2025,201.8
irradiance,2025,197.6
irradiance,2025,193.5
irradiance,2025,189.4
irradiance,2025,185.3
irradiance,2025,181.2
irradiance,2025,177.1
irradiance,2025,173
irradiance,2025,168.8
irradiance,2025,205.9
irradiance,2025,201.8
irradiance,2025,197.6
irradiance,2025,193.5
irradiance,2025,189.4
irradiance,2025,185.3
irradiance,2025,181.2
irradiance,2025,177.1
irradiance,2025,173
irradiance,2025,168.8
irradiance,2025,205.9
irradiance,2025,201.8
irradiance,2025,197.6
irradiance,2025,193.5
irradiance,2025,189.4
irradiance,2025,185.3
irradiance,2025,181.2
irradiance,2025,177.1
irradiance,2025,173
irradiance,2025,168.8
irradiance,2025,164.7
irradiance,2025,201.8
irradiance,2025,197.6
irradiance,2025,193.5
irradiance,2025,189.4
irradiance,2025,185.3
irradiance,2025,181.2
irradiance,2025,177.1
irradiance,2025,173
irradiance,2025,168.8
irradiance,2025,164.7
irradiance,2025,201.8
irradiance,2025,197.6
irradiance,2025,193.5
irradiance,2025,189.4
irradiance,2025,185.3
irradiance,2025,181.2
irradiance,2025,177.1
irradiance,2025,173
irradiance,2025,168.8
irradiance,2025,164.7
irradiance,2025,197.6
irradiance,2025,193.5
irradiance,2025,189.4
irradiance,2025,185.3
irradiance,2025,181.2
irradiance,2025,177.1
irradiance,2025,173
irradiance,2025,168.8
irradiance,2025,164.7
irradiance,2025,160.6
irradiance,2025,197.6
irradiance,2025,193.5
irradiance,2025,189.4
irradiance,2025,185.3
irradiance,2025,181.2
irradiance,2025,177.1
irradiance,2025,173
irradiance,2025,168.8
irradiance,2025,164.7
irradiance,2025,160.6
irradiance,2025,197.6
irradiance,2025,193.5
irradiance,2025,189.4
irradiance,2025,185.3
irradiance,2025,181.2
irradiance,2025,177.1
irradiance,2025,173
irradiance,2025,168.8
irradiance,2025,164.7
irradiance,2025,160.6
irradiance,2025,193.5
irradiance,2025,189.4
irradiance,2025,185.3
irradiance,2025,181.2
irradiance,2025,177.1
irradiance,2025,173
irradiance,2025,168.8
irradiance,2025,164.7
irradiance,2025,193.5
irradiance,2025,189.4
irradiance,2025,185.3
irradiance,2025,181.2
irradiance,2025,177.1
irradiance,2025,173
irradiance,2025,168.8
irradiance,2025,164.7
