parameter_name,year,value
radiational,2010,-0.4999
radiational,2010,-3.341
radiational,2010,-6.181
radiational,2010,-9.022
radiational,2010,-11.86
radiational,2010,-14.7
radiational,2010,-17.54
radiational,2010,-20.39
radiational,2010,2.341
radiational,2010,-0.4999
radiational,2010,-3.341
radiational,2010,-6.181
radiational,2010,-9.022
radiational,2010,-11.86
radiational,2010,-14.7
radiational,2010,-17.54
radiational,2010,-20.39
radiational,2010,2.341
radiational,2010,-0.4999
radiational,2010,-3.341
radiational,2010,-6.181
radiational,2010,-9.022
radiational,2010,-11.86
radiational,2010,-14.7
radiational,2010,-17.54
radiational,2010,-20.39
radiational,2010,2.341
radiational,2010,-0.4999
radiational,2010,-3.341
radiational,2010,-6.181
radiational,2010,-9.022
radiational,2010,-11.86
radiational,2010,-14.7
radiational,2010,-17.54
radiational,2010,-20.39
radiational,2010,2.341
radiational,2010,-0.4999
radiational,2010,-3.341
radiational,2010,-6.181
radiational,2010,-9.022
radiational,2010,-11.86
radiational,2010,-14.7
radiational,2010,-17.54
radiational,2010,-20.39
radiational,2010,2.341
radiational,2010,-0.4999
radiational,2010,-3.341
radiational,2010,-6.181
radiational,2010,-9.022
radiational,2010,-11.86
radiational,2010,-14.7
radiational,2010,-17.54
radiational,2010,-20.39
radiational,2010,2.341
radiational,2010,-0.4999
radiational,2010,-3.341
radiational,2010,-6.181
radiational,2010,-9.022
radiational,2010,-11.86
radiational,2010,-14.7
radiational,2010,-17.54
radiational,2010,-20.39
radiational,2010,-23.23
radiational,2010,2.341
radiational,2010,-0.4999
radiational,2010,-3.341
radiational,2010,-6.181
radiational,2010,-9.022
radiational,2010,-11.86
radiational,2010,-14.7
radiational,2010,-17.54
radiational,2010,-20.39
radiational,2010,-23.23
radiational,2010,2.341
radiational,2010,-0.4999
radiational,2010,-3.341
radiational,2010,-6.181
radiational,2010,-9.022
radiational,2010,-11.86
radiational,2010,-14.7
radiational,2010,-17.54
radiational,2010,-20.39
radiational,2010,-23.23
radiational,2010,2.341
radiational,2010,-0.4999
radiational,2010,-3.341
radiational,2010,-6.181
radiational,2010,-9.022
radiational,2010,-11.86
radiational,2010,-14.7
radiational,2010,-17.54
radiational,2010,-20.39
radiational,2010,-23.23
radiational,2010,2.341
radiational,2010,-0.4999
radiational,2010,-3.341
radiational,2010,-6.181
radiational,2010,-9.022
radiational,2010,-11.86
radiational,2010,-14.7
radiational,2010,-17.54
radiational,2010,-20.39
radiational,2010,-23.23
radiational,2010,2.341
radiational,2010,-0.4999
radiational,2010,-3.341
radiational,2010,-6.181
radiational,2010,-9.022
radiational,2010,-11.86
radiational,2010,-14.7
radiational,2010,-17.54
radiational,2010,-20.39
radiational,2010,-23.23
radiational,2010,2.341
radiational,2010,-0.4999
radiational,2010,-3.341
radiational,2010,-6.181
radiational,2010,-9.022
radiational,2010,-11.86
radiational,2010,-14.7
radiational,2010,-17.54
radiational,2010,-20.39
radiational,2010,-23.23
radiational,2010,2.341
radiational,2010,-0.4999
radiational,2010,-3.341
radiational,2010,-6.181
radiational,2010,-9.022
radiational,2010,-11.86
radiational,2010,-14.7
radiational,2010,-17.54
radiational,2010,-20.39
radiational,2010,-23.23
radiational,2010,2.341
radiational,2010,-0.4999
radiational,2010,-3.341
radiational,2010,-6.181
radiational,2010,-9.022
radiational,2010,-11.86
radiational,2010,-14.7
radiational,2010,-17.54
radiational,2010,-20.39
radiational,2010,-23.23
radiational,2010,-0.4999
radiational,2010,-3.341
radiational,2010,-6.181
radiational,2010,-9.022
radiational,2010,-11.86
radiational,2010,-14.7
radiational,2010,-17.54
radiational,2010,-20.39
radiational,2010,-0.4999
radiational,2010,-3.341
radiational,2010,-6.181
radiational,2010,-9.022
radiational,2010,-11.86
radiational,2010,-14.7
radiational,2010,-17.54
radiational,2010,-20.39
radiational,2010,-3.341
radiational,2010,-6.181
radiational,2010,-9.022
radiational,2010,-11.86
radiational,2010,-14.7
radiational,2010,-17.54
radiational,2010,-3.341
radiational,2010,-6.181
radiational,2010,-9.022
radiational,2010,-11.86
radiational,2010,-3.341
radiational,2010,-6.181
radiational,2010,-9.022
radiational,2010,-11.86
radiational,2010,-3.341
radiational,2010,-6.181
radiational,2010,-9.022
radiational,2010,-11.86
radiational,2010,-3.341
radiational,2010,-6.181
radiational,2010,-9.022
radiational,2010,-11.86
radiational,2010,-3.341
radiational,2010,-6.181
radiational,2010,-9.022
radiational,2010,-11.86
radiational,2010,-3.341
radiational,2010,-6.181
radiational,2010,-9.022
radiational,2010,-11.86
radiational,2010,-3.341
radiational,2010,-6.181
radiational,2010,-9.022
radiational,2010,-11.86
radiational,2010,-9.022
radiational,2010,-11.86
radiational,2010,-9.022
radiational,2010,-11.86
radiational,2010,-9.022
radiational,2010,-11.86
radiational,2010,-9.022
radiational,2010,-11.86
radiational,2010,-9.022
radiational,2010,-11.86
radiational,2010,-9.022
radiational,2010,-11.86
radiational,2010,-9.022
radiational,2010,-11.86
radiational,2010,-9.022
radiational,2010,-11.86
radiational,2010,-9.022
radiational,2010,-11.86
radiational,2010,-9.022
radiational,2010,-11.86
radiational,2010,-9.022
radiational,2010,-11.86
radiational,2010,-9.022
radiational,2010,-11.86
radiational,2010,-9.022
radiational,2010,-11.86
radiational,2010,-9.022
radiational,2010,-11.86
radiational,2010,-9.022
radiational,2010,-11.86
radiational,2010,-9.022
radiational,2010,-11.86
radiational,2010,-9.022
radiational,2010,-11.86
radiational,2010,-9.022
radiational,2010,-11.86
radiational,2010,-9.022
radiational,2010,-11.86
radiational,2010,-9.022
radiational,2010,-11.86
radiational,2010,-9.022
radiational,2010,-11.86
radiational,2011,493.8
radiational,2011,491
radiational,2011,488.1
radiational,2011,485.3
radiational,2011,493.8
radiational,2011,491
radiational,2011,488.1
radiational,2011,485.3
radiational,2011,493.8
radiational,2011,491
radiational,2011,488.1
radiational,2011,485.3
radiational,2011,493.8
radiational,2011,491
radiational,2011,488.1
radiational,2011,485.3
radiational,2011,493.8
radiational,2011,491
radiational,2011,488.1
radiational,2011,485.3
radiational,2011,493.8
radiational,2011,491
radiational,2011,488.1
radiational,2011,485.3
radiational,2011,493.8
radiational,2011,491
radiational,2011,488.1
radiational,2011,485.3
radiational,2011,493.8
radiational,2011,491
radiational,2011,488.1
radiational,2011,485.3
radiational,2011,493.8
radiational,2011,491
radiational,2011,488.1
radiational,2011,485.3
radiational,2011,493.8
radiational,2011,491
radiational,2011,488.1
radiational,2011,485.3
radiational,2011,493.8
radiational,2011,491
radiational,2011,488.1
radiational,2011,485.3
radiational,2011,493.8
radiational,2011,491
radiational,2011,488.1
radiational,2011,485.3
radiational,2011,493.8
radiational,2011,491
radiational,2011,488.1
radiational,2011,485.3
radiational,2011,493.8
radiational,2011,491
radiational,2011,488.1
radiational,2011,485.3
radiational,2011,493.8
radiational,2011,491
radiational,2011,488.1
radiational,2011,485.3
radiational,2011,493.8
radiational,2011,491
radiational,2011,488.1
radiational,2011,485.3
radiational,2011,493.8
radiational,2011,491
radiational,2011,488.1
radiational,2011,485.3
radiational,2011,493.8
radiational,2011,491
radiational,2011,488.1
radiational,2011,485.3
radiational,2011,493.8
radiational,2011,491
radiational,2011,488.1
radiational,2011,485.3
radiational,2011,493.8
radiational,2011,491
radiational,2011,488.1
radiational,2011,485.3
radiational,2011,493.8
radiational,2011,491
radiational,2011,488.1
radiational,2011,485.3
radiational,2011,493.8
radiational,2011,491
radiational,2011,488.1
radiational,2011,485.3
radiational,2011,493.8
radiational,2011,491
radiational,2011,488.1
radiational,2011,485.3
radiational,2011,493.8
radiational,2011,491
radiational,2011,488.1
radiational,2011,485.3
radiational,2011,493.8
radiational,2011,491
radiational,2011,488.1
radiational,2011,485.3
radiational,2011,493.8
radiational,2011,491
radiational,2011,488.1
radiational,2011,485.3
radiational,2011,493.8
radiational,2011,491
radiational,2011,488.1
radiational,2011,485.3
radiational,2011,493.8
radiational,2011,491
radiational,2011,488.1
radiational,2011,485.3
radiational,2011,428.5
radiational,2011,425.6
radiational,2011,422.8
radiational,2011,419.9
radiational,2011,417.1
radiational,2011,493.8
radiational,2011,491
radiational,2011,488.1
radiational,2011,485.3
radiational,2011,431.3
radiational,2011,428.5
radiational,2011,425.6
radiational,2011,422.8
radiational,2011,419.9
radiational,2011,417.1
radiational,2011,414.3
radiational,2011,411.4
radiational,2011,493.8
radiational,2011,491
radiational,2011,488.1
radiational,2011,485.3
radiational,2011,434.1
radiational,2011,431.3
radiational,2011,428.5
radiational,2011,425.6
radiational,2011,422.8
radiational,2011,419.9
radiational,2011,417.1
radiational,2011,414.3
radiational,2011,411.4
radiational,2011,493.8
radiational,2011,491
radiational,2011,488.1
radiational,2011,485.3
radiational,2011,434.1
radiational,2011,431.3
radiational,2011,428.5
radiational,2011,425.6
radiational,2011,422.8
radiational,2011,419.9
radiational,2011,417.1
radiational,2011,414.3
radiational,2011,411.4
radiational,2011,493.8
radiational,2011,491
radiational,2011,488.1
radiational,2011,485.3
radiational,2011,434.1
radiational,2011,431.3
radiational,2011,428.5
radiational,2011,425.6
radiational,2011,422.8
radiational,2011,419.9
radiational,2011,417.1
radiational,2011,414.3
radiational,2011,411.4
radiational,2011,408.6
radiational,2011,493.8
radiational,2011,491
radiational,2011,488.1
radiational,2011,485.3
radiational,2011,434.1
radiational,2011,431.3
radiational,2011,428.5
radiational,2011,425.6
radiational,2011,422.8
radiational,2011,419.9
radiational,2011,417.1
radiational,2011,414.3
radiational,2011,411.4
radiational,2011,493.8
radiational,2011,491
radiational,2011,488.1
radiational,2011,485.3
radiational,2011,434.1
radiational,2011,431.3
radiational,2011,428.5
radiational,2011,425.6
radiational,2011,422.8
radiational,2011,419.9
radiational,2011,417.1
radiational,2011,414.3
radiational,2011,411.4
radiational,2011,493.8
radiational,2011,491
radiational,2011,488.1
radiational,2011,485.3
radiational,2011,434.1
radiational,2011,431.3
radiational,2011,428.5
radiational,2011,425.6
radiational,2011,422.8
radiational,2011,419.9
radiational,2011,417.1
radiational,2011,414.3
radiational,2011,411.4
radiational,2011,493.8
radiational,2011,491
radiational,2011,488.1
radiational,2011,485.3
radiational,2011,437
radiational,2011,434.1
radiational,2011,431.3
radiational,2011,428.5
radiational,2011,425.6
radiational,2011,422.8
radiational,2011,419.9
radiational,2011,417.1
radiational,2011,414.3
radiational,2011,411.4
radiational,2011,493.8
radiational,2011,491
radiational,2011,488.1
radiational,2011,485.3
radiational,2011,437
radiational,2011,434.1
radiational,2011,431.3
radiational,2011,428.5
radiational,2011,425.6
radiational,2011,422.8
radiational,2011,419.9
radiational,2011,417.1
radiational,2011,414.3
radiational,2011,411.4
radiational,2011,493.8
radiational,2011,491
radiational,2011,488.1
radiational,2011,485.3
radiational,2011,437
radiational,2011,434.1
radiational,2011,431.3
radiational,2011,428.5
radiational,2011,425.6
radiational,2011,422.8
radiational,2011,419.9
radiational,2011,417.1
radiational,2011,414.3
radiational,2011,411.4
radiational,2011,493.8
radiational,2011,491
radiational,2011,488.1
radiational,2011,485.3
radiational,2011,437
radiational,2011,434.1
radiational,2011,431.3
radiational,2011,428.5
radiational,2011,425.6
radiational,2011,422.8
radiational,2011,419.9
radiational,2011,417.1
radiational,2011,414.3
radiational,2011,411.4
radiational,2011,493.8
radiational,2011,491
radiational,2011,488.1
radiational,2011,485.3
radiational,2011,437
radiational,2011,434.1
radiational,2011,431.3
radiational,2011,428.5
radiational,2011,425.6
radiational,2011,422.8
radiational,2011,419.9
radiational,2011,417.1
radiational,2011,414.3
radiational,2011,411.4
radiational,2011,493.8
radiational,2011,491
radiational,2011,488.1
radiational,2011,485.3
radiational,2011,437
radiational,2011,434.1
radiational,2011,431.3
radiational,2011,428.5
radiational,2011,425.6
radiational,2011,422.8
radiational,2011,419.9
radiational,2011,417.1
radiational,2011,414.3
radiational,2011,411.4
radiational,2011,493.8
radiational,2011,491
radiational,2011,488.1
radiational,2011,485.3
radiational,2011,437
radiational,2011,434.1
radiational,2011,431.3
radiational,2011,428.5
radiational,2011,425.6
radiational,2011,422.8
radiational,2011,419.9
radiational,2011,417.1
radiational,2011,414.3
radiational,2011,493.8
radiational,2011,491
radiational,2011,488.1
radiational,2011,485.3
radiational,2011,437
radiational,2011,434.1
radiational,2011,431.3
radiational,2011,428.5
radiational,2011,425.6
radiational,2011,422.8
radiational,2011,419.9
radiational,2011,417.1
radiational,2011,414.3
radiational,2011,493.8
radiational,2011,491
radiational,2011,488.1
radiational,2011,485.3
radiational,2011,437
radiational,2011,434.1
radiational,2011,431.3
radiational,2011,428.5
radiational,2011,425.6
radiational,2011,422.8
radiational,2011,419.9
radiational,2011,417.1
radiational,2011,414.3
radiational,2011,493.8
radiational,2011,491
radiational,2011,488.1
radiational,2011,485.3
radiational,2011,437
radiational,2011,434.1
radiational,2011,431.3
radiational,2011,428.5
radiational,2011,425.6
radiational,2011,422.8
radiational,2011,419.9
radiational,2011,417.1
radiational,2011,414.3
radiational,2011,493.8
radiational,2011,491
radiational,2011,488.1
radiational,2011,485.3
radiational,2011,437
radiational,2011,434.1
radiational,2011,431.3
radiational,2011,428.5
radiational,2011,425.6
radiational,2011,422.8
radiational,2011,419.9
radiational,2011,417.1
radiational,2011,414.3
radiational,2011,411.4
radiational,2011,493.8
radiational,2011,491
radiational,2011,488.1
radiational,2011,485.3
radiational,2011,437
radiational,2011,434.1
radiational,2011,431.3
radiational,2011,428.5
radiational,2011,425.6
radiational,2011,422.8
radiational,2011,419.9
radiational,2011,417.1
radiational,2011,414.3
radiational,2011,411.4
radiational,2011,493.8
radiational,2011,491
radiational,2011,488.1
radiational,2011,485.3
radiational,2011,437
radiational,2011,434.1
radiational,2011,431.3
radiational,2011,428.5
radiational,2011,425.6
radiational,2011,422.8
radiational,2011,419.9
radiational,2011,417.1
radiational,2011,414.3
radiational,2011,411.4
radiational,2011,493.8
radiational,2011,491
radiational,2011,488.1
radiational,2011,485.3
radiational,2011,437
radiational,2011,434.1
radiational,2011,431.3
radiational,2011,428.5
radiational,2011,425.6
radiational,2011,422.8
radiational,2011,419.9
radiational,2011,417.1
radiational,2011,414.3
radiational,2011,411.4
radiational,2011,493.8
radiational,2011,491
radiational,2011,488.1
radiational,2011,485.3
radiational,2011,434.1
radiational,2011,431.3
radiational,2011,428.5
radiational,2011,425.6
radiational,2011,422.8
radiational,2011,419.9
radiational,2011,417.1
radiational,2011,414.3
radiational,2011,411.4
radiational,2011,493.8
radiational,2011,491
radiational,2011,488.1
radiational,2011,485.3
radiational,2011,434.1
radiational,2011,431.3
radiational,2011,428.5
radiational,2011,425.6
radiational,2011,422.8
radiational,2011,419.9
radiational,2011,417.1
radiational,2011,414.3
radiational,2011,411.4
radiational,2011,408.6
radiational,2011,493.8
radiational,2011,491
radiational,2011,488.1
radiational,2011,485.3
radiational,2011,434.1
radiational,2011,431.3
radiational,2011,428.5
radiational,2011,425.6
radiational,2011,422.8
radiational,2011,419.9
radiational,2011,417.1
radiational,2011,414.3
radiational,2011,411.4
radiational,2011,408.6
radiational,2011,493.8
radiational,2011,491
radiational,2011,488.1
radiational,2011,485.3
radiational,2011,434.1
radiational,2011,431.3
radiational,2011,428.5
radiational,2011,425.6
radiational,2011,422.8
radiational,2011,419.9
radiational,2011,417.1
radiational,2011,414.3
radiational,2011,411.4
radiational,2011,408.6
radiational,2011,493.8
radiational,2011,491
radiational,2011,488.1
radiational,2011,485.3
radiational,2011,431.3
radiational,2011,428.5
radiational,2011,425.6
radiational,2011,422.8
radiational,2011,419.9
radiational,2011,417.1
radiational,2011,414.3
radiational,2011,411.4
radiational,2011,408.6
radiational,2011,493.8
radiational,2011,491
radiational,2011,488.1
radiational,2011,485.3
radiational,2011,431.3
radiational,2011,428.5
radiational,2011,425.6
radiational,2011,422.8
radiational,2011,419.9
radiational,2011,417.1
radiational,2011,414.3
radiational,2011,411.4
radiational,2011,408.6
radiational,2011,405.7
radiational,2011,493.8
radiational,2011,491
radiational,2011,488.1
radiational,2011,485.3
radiational,2011,431.3
radiational,2011,428.5
radiational,2011,425.6
radiational,2011,422.8
radiational,2011,419.9
radiational,2011,417.1
radiational,2011,414.3
radiational,2011,411.4
radiational,2011,408.6
radiational,2011,405.7
radiational,2011,493.8
radiational,2011,491
radiational,2011,488.1
radiational,2011,485.3
radiational,2011,431.3
radiational,2011,428.5
radiational,2011,425.6
radiational,2011,422.8
radiational,2011,419.9
radiational,2011,417.1
radiational,2011,414.3
radiational,2011,411.4
radiational,2011,408.6
radiational,2011,405.7
radiational,2011,493.8
radiational,2011,491
radiational,2011,488.1
radiational,2011,485.3
radiational,2011,428.5
radiational,2011,425.6
radiational,2011,422.8
radiational,2011,419.9
radiational,2011,417.1
radiational,2011,414.3
radiational,2011,411.4
radiational,2011,408.6
radiational,2011,405.7
radiational,2011,493.8
radiational,2011,491
radiational,2011,488.1
radiational,2011,485.3
radiational,2011,428.5
radiational,2011,425.6
radiational,2011,422.8
radiational,2011,419.9
radiational,2011,417.1
radiational,2011,414.3
radiational,2011,411.4
radiational,2011,408.6
radiational,2011,405.7
radiational,2011,493.8
radiational,2011,491
radiational,2011,488.1
radiational,2011,485.3
radiational,2011,428.5
radiational,2011,425.6
radiational,2011,422.8
radiational,2011,419.9
radiational,2011,417.1
radiational,2011,414.3
radiational,2011,411.4
radiational,2011,408.6
radiational,2011,405.7
radiational,2011,493.8
radiational,2011,491
radiational,2011,488.1
radiational,2011,485.3
radiational,2011,428.5
radiational,2011,425.6
radiational,2011,422.8
radiational,2011,419.9
radiational,2011,417.1
radiational,2011,414.3
radiational,2011,411.4
radiational,2011,408.6
radiational,2011,405.7
radiational,2011,493.8
radiational,2011,491
radiational,2011,488.1
radiational,2011,485.3
radiational,2011,428.5
radiational,2011,425.6
radiational,2011,422.8
radiational,2011,419.9
radiational,2011,417.1
radiational,2011,414.3
radiational,2011,411.4
radiational,2011,408.6
radiational,2011,405.7
radiational,2011,493.8
radiational,2011,491
radiational,2011,488.1
radiational,2011,485.3
radiational,2011,428.5
radiational,2011,425.6
radiational,2011,422.8
radiational,2011,419.9
radiational,2011,417.1
radiational,2011,414.3
radiational,2011,411.4
radiational,2011,408.6
radiational,2011,405.7
radiational,2011,493.8
radiational,2011,491
radiational,2011,488.1
radiational,2011,485.3
radiational,2011,428.5
radiational,2011,425.6
radiational,2011,422.8
radiational,2011,419.9
radiational,2011,417.1
radiational,2011,414.3
radiational,2011,411.4
radiational,2011,408.6
radiational,2011,405.7
radiational,2011,493.8
radiational,2011,491
radiational,2011,488.1
radiational,2011,485.3
radiational,2011,428.5
radiational,2011,425.6
radiational,2011,422.8
radiational,2011,419.9
radiational,2011,417.1
radiational,2011,414.3
radiational,2011,411.4
radiational,2011,408.6
radiational,2011,405.7
radiational,2011,493.8
radiational,2011,491
radiational,2011,488.1
radiational,2011,485.3
radiational,2011,428.5
radiational,2011,425.6
radiational,2011,422.8
radiational,2011,419.9
radiational,2011,417.1
radiational,2011,414.3
radiational,2011,411.4
radiational,2011,408.6
radiational,2011,405.7
radiational,2011,493.8
radiational,2011,491
radiational,2011,488.1
radiational,2011,485.3
radiational,2011,428.5
radiational,2011,425.6
radiational,2011,422.8
radiational,2011,419.9
radiational,2011,417.1
radiational,2011,414.3
radiational,2011,411.4
radiational,2011,408.6
radiational,2011,405.7
radiational,2011,493.8
radiational,2011,491
radiational,2011,488.1
radiational,2011,485.3
radiational,2011,428.5
radiational,2011,425.6
radiational,2011,422.8
radiational,2011,419.9
radiational,2011,417.1
radiational,2011,414.3
radiational,2011,411.4
radiational,2011,408.6
radiational,2011,405.7
radiational,2011,493.8
radiational,2011,491
radiational,2011,488.1
radiational,2011,485.3
radiational,2011,431.3
radiational,2011,428.5
radiational,2011,425.6
radiational,2011,422.8
radiational,2011,419.9
radiational,2011,417.1
radiational,2011,414.3
radiational,2011,411.4
radiational,2011,408.6
radiational,2011,405.7
radiational,2011,493.8
radiational,2011,491
radiational,2011,488.1
radiational,2011,485.3
radiational,2011,431.3
radiational,2011,428.5
radiational,2011,425.6
radiational,2011,422.8
radiational,2011,419.9
radiational,2011,417.1
radiational,2011,414.3
radiational,2011,411.4
radiational,2011,408.6
radiational,2011,405.7
radiational,2011,493.8
radiational,2011,491
radiational,2011,488.1
radiational,2011,485.3
radiational,2011,431.3
radiational,2011,428.5
radiational,2011,425.6
radiational,2011,422.8
radiational,2011,419.9
radiational,2011,417.1
radiational,2011,414.3
radiational,2011,411.4
radiational,2011,408.6
radiational,2011,405.7
radiational,2011,493.8
radiational,2011,491
radiational,2011,488.1
radiational,2011,485.3
radiational,2011,428.5
radiational,2011,425.6
radiational,2011,422.8
radiational,2011,419.9
radiational,2011,417.1
radiational,2011,414.3
radiational,2011,411.4
radiational,2011,408.6
radiational,2011,405.7
radiational,2011,493.8
radiational,2011,491
radiational,2011,488.1
radiational,2011,485.3
radiational,2011,428.5
radiational,2011,425.6
radiational,2011,422.8
radiational,2011,419.9
radiational,2011,417.1
radiational,2011,414.3
radiational,2011,411.4
radiational,2011,408.6
radiational,2011,405.7
radiational,2011,402.9
radiational,2011,493.8
radiational,2011,491
radiational,2011,488.1
radiational,2011,485.3
radiational,2011,428.5
radiational,2011,425.6
radiational,2011,422.8
radiational,2011,419.9
radiational,2011,417.1
radiational,2011,414.3
radiational,2011,411.4
radiational,2011,408.6
radiational,2011,405.7
radiational,2011,402.9
radiational,2011,493.8
radiational,2011,491
radiational,2011,488.1
radiational,2011,485.3
radiational,2011,428.5
radiational,2011,425.6
radiational,2011,422.8
radiational,2011,419.9
radiational,2011,417.1
radiational,2011,414.3
radiational,2011,411.4
radiational,2011,408.6
radiational,2011,405.7
radiational,2011,402.9
radiational,2011,493.8
radiational,2011,491
radiational,2011,488.1
radiational,2011,485.3
radiational,2011,425.6
radiational,2011,422.8
radiational,2011,419.9
radiational,2011,417.1
radiational,2011,414.3
radiational,2011,411.4
radiational,2011,408.6
radiational,2011,405.7
radiational,2011,402.9
radiational,2011,493.8
radiational,2011,491
radiational,2011,488.1
radiational,2011,485.3
radiational,2011,425.6
radiational,2011,422.8
radiational,2011,419.9
radiational,2011,417.1
radiational,2011,414.3
radiational,2011,411.4
radiational,2011,408.6
radiational,2011,405.7
radiational,2011,402.9
radiational,2011,493.8
radiational,2011,491
radiational,2011,488.1
radiational,2011,485.3
radiational,2011,425.6
radiational,2011,422.8
radiational,2011,419.9
radiational,2011,417.1
radiational,2011,414.3
radiational,2011,411.4
radiational,2011,408.6
radiational,2011,405.7
radiational,2011,402.9
radiational,2011,400
radiational,2011,493.8
radiational,2011,491
radiational,2011,488.1
radiational,2011,485.3
radiational,2011,425.6
radiational,2011,422.8
radiational,2011,419.9
radiational,2011,417.1
radiational,2011,414.3
radiational,2011,411.4
radiational,2011,408.6
radiational,2011,405.7
radiational,2011,402.9
radiational,2011,400
radiational,2011,493.8
radiational,2011,491
radiational,2011,488.1
radiational,2011,485.3
radiational,2011,425.6
radiational,2011,422.8
radiational,2011,419.9
radiational,2011,417.1
radiational,2011,414.3
radiational,2011,411.4
radiational,2011,408.6
radiational,2011,405.7
radiational,2011,402.9
radiational,2011,400
radiational,2011,493.8
radiational,2011,491
radiational,2011,488.1
radiational,2011,485.3
radiational,2011,422.8
radiational,2011,419.9
radiational,2011,417.1
radiational,2011,414.3
radiational,2011,411.4
radiational,2011,408.6
radiational,2011,405.7
radiational,2011,402.9
radiational,2011,400
radiational,2011,493.8
radiational,2011,491
radiational,2011,488.1
radiational,2011,485.3
radiational,2011,422.8
radiational,2011,419.9
radiational,2011,417.1
radiational,2011,414.3
radiational,2011,411.4
radiational,2011,408.6
radiational,2011,405.7
radiational,2011,402.9
radiational,2011,400
radiational,2011,493.8
radiational,2011,491
radiational,2011,488.1
radiational,2011,485.3
radiational,2011,422.8
radiational,2011,419.9
radiational,2011,417.1
radiational,2011,414.3
radiational,2011,411.4
radiational,2011,408.6
radiational,2011,405.7
radiational,2011,402.9
radiational,2011,400
radiational,2011,397.2
radiational,2011,493.8
radiational,2011,491
radiational,2011,488.1
radiational,2011,485.3
radiational,2011,422.8
radiational,2011,419.9
radiational,2011,417.1
radiational,2011,414.3
radiational,2011,411.4
radiational,2011,408.6
radiational,2011,405.7
radiational,2011,402.9
radiational,2011,400
radiational,2011,493.8
radiational,2011,491
radiational,2011,488.1
radiational,2011,485.3
radiational,2011,419.9
radiational,2011,417.1
radiational,2011,414.3
radiational,2011,411.4
radiational,2011,408.6
radiational,2011,405.7
radiational,2011,402.9
radiational,2011,400
radiational,2011,493.8
radiational,2011,491
radiational,2011,488.1
radiational,2011,485.3
radiational,2011,419.9
radiational,2011,417.1
radiational,2011,414.3
radiational,2011,411.4
radiational,2011,408.6
radiational,2011,405.7
radiational,2011,402.9
radiational,2011,400
radiational,2011,493.8
radiational,2011,491
radiational,2011,488.1
radiational,2011,485.3
radiational,2011,417.1
radiational,2011,414.3
radiational,2011,411.4
radiational,2011,408.6
radiational,2011,405.7
radiational,2011,402.9
radiational,2011,493.8
radiational,2011,491
radiational,2011,488.1
radiational,2011,485.3
radiational,2011,411.4
radiational,2011,408.6
radiational,2011,493.8
radiational,2011,491
radiational,2011,488.1
radiational,2011,485.3
radiational,2011,493.8
radiational,2011,491
radiational,2011,488.1
radiational,2011,485.3
radiational,2011,493.8
radiational,2011,491
radiational,2011,488.1
radiational,2011,485.3
radiational,2011,493.8
radiational,2011,491
radiational,2011,488.1
radiational,2011,485.3
radiational,2011,493.8
radiational,2011,491
radiational,2011,488.1
radiational,2011,485.3
radiational,2011,493.8
radiational,2011,491
radiational,2011,488.1
radiational,2011,485.3
radiational,2011,493.8
radiational,2011,491
radiational,2011,488.1
radiational,2011,485.3
radiational,2011,493.8
radiational,2011,491
radiational,2011,488.1
radiational,2011,485.3
radiational,2012,493.8
radiational,2012,491
radiational,2012,488.1
radiational,2012,485.3
radiational,2012,493.8
radiational,2012,491
radiational,2012,488.1
radiational,2012,485.3
radiational,2012,493.8
radiational,2012,491
radiational,2012,488.1
radiational,2012,485.3
radiational,2012,493.8
radiational,2012,491
radiational,2012,488.1
radiational,2012,485.3
radiational,2012,493.8
radiational,2012,491
radiational,2012,488.1
radiational,2012,485.3
radiational,2012,493.8
radiational,2012,491
radiational,2012,488.1
radiational,2012,485.3
radiational,2012,493.8
radiational,2012,491
radiational,2012,488.1
radiational,2012,485.3
radiational,2012,493.8
radiational,2012,491
radiational,2012,488.1
radiational,2012,485.3
radiational,2012,493.8
radiational,2012,491
radiational,2012,488.1
radiational,2012,485.3
radiational,2012,493.8
radiational,2012,491
radiational,2012,488.1
radiational,2012,485.3
radiational,2012,493.8
radiational,2012,491
radiational,2012,488.1
radiational,2012,485.3
radiational,2012,493.8
radiational,2012,491
radiational,2012,488.1
radiational,2012,485.3
radiational,2012,493.8
radiational,2012,491
radiational,2012,488.1
radiational,2012,485.3
radiational,2012,493.8
radiational,2012,491
radiational,2012,488.1
radiational,2012,485.3
radiational,2012,493.8
radiational,2012,491
radiational,2012,488.1
radiational,2012,485.3
radiational,2012,493.8
radiational,2012,491
radiational,2012,488.1
radiational,2012,485.3
radiational,2012,493.8
radiational,2012,491
radiational,2012,488.1
radiational,2012,485.3
radiational,2012,493.8
radiational,2012,491
radiational,2012,488.1
radiational,2012,485.3
radiational,2012,493.8
radiational,2012,491
radiational,2012,488.1
radiational,2012,485.3
radiational,2012,493.8
radiational,2012,491
radiational,2012,488.1
radiational,2012,485.3
radiational,2012,493.8
radiational,2012,491
radiational,2012,488.1
radiational,2012,485.3
radiational,2012,493.8
radiational,2012,491
radiational,2012,488.1
radiational,2012,485.3
radiational,2012,493.8
radiational,2012,491
radiational,2012,488.1
radiational,2012,485.3
radiational,2012,493.8
radiational,2012,491
radiational,2012,488.1
radiational,2012,485.3
radiational,2012,493.8
radiational,2012,491
radiational,2012,488.1
radiational,2012,485.3
radiational,2012,493.8
radiational,2012,491
radiational,2012,488.1
radiational,2012,485.3
radiational,2012,493.8
radiational,2012,491
radiational,2012,488.1
radiational,2012,485.3
radiational,2012,493.8
radiational,2012,491
radiational,2012,488.1
radiational,2012,485.3
radiational,2012,493.8
radiational,2012,491
radiational,2012,488.1
radiational,2012,485.3
radiational,2012,493.8
radiational,2012,491
radiational,2012,488.1
radiational,2012,485.3
radiational,2012,493.8
radiational,2012,491
radiational,2012,488.1
radiational,2012,485.3
radiational,2012,493.8
radiational,2012,491
radiational,2012,488.1
radiational,2012,485.3
radiational,2012,493.8
radiational,2012,491
radiational,2012,488.1
radiational,2012,485.3
radiational,2012,493.8
radiational,2012,491
radiational,2012,488.1
radiational,2012,485.3
radiational,2012,493.8
radiational,2012,491
radiational,2012,488.1
radiational,2012,485.3
radiational,2012,493.8
radiational,2012,491
radiational,2012,488.1
radiational,2012,485.3
radiational,2012,493.8
radiational,2012,491
radiational,2012,488.1
radiational,2012,485.3
radiational,2012,493.8
radiational,2012,491
radiational,2012,488.1
radiational,2012,485.3
radiational,2012,493.8
radiational,2012,491
radiational,2012,488.1
radiational,2012,485.3
radiational,2012,493.8
radiational,2012,491
radiational,2012,488.1
radiational,2012,485.3
radiational,2012,493.8
radiational,2012,491
radiational,2012,488.1
radiational,2012,485.3
radiational,2012,493.8
radiational,2012,491
radiational,2012,488.1
radiational,2012,485.3
radiational,2012,493.8
radiational,2012,491
radiational,2012,488.1
radiational,2012,485.3
radiational,2012,493.8
radiational,2012,491
radiational,2012,488.1
radiational,2012,485.3
radiational,2012,493.8
radiational,2012,491
radiational,2012,488.1
radiational,2012,485.3
radiational,2012,493.8
radiational,2012,491
radiational,2012,488.1
radiational,2012,485.3
radiational,2012,493.8
radiational,2012,491
radiational,2012,488.1
radiational,2012,485.3
radiational,2012,493.8
radiational,2012,491
radiational,2012,488.1
radiational,2012,485.3
radiational,2012,493.8
radiational,2012,491
radiational,2012,488.1
radiational,2012,485.3
radiational,2012,493.8
radiational,2012,491
radiational,2012,488.1
radiational,2012,485.3
radiational,2012,493.8
radiational,2012,491
radiational,2012,488.1
radiational,2012,485.3
radiational,2012,493.8
radiational,2012,491
radiational,2012,488.1
radiational,2012,485.3
radiational,2012,493.8
radiational,2012,491
radiational,2012,488.1
radiational,2012,485.3
radiational,2012,493.8
radiational,2012,491
radiational,2012,488.1
radiational,2012,485.3
radiational,2012,493.8
radiational,2012,491
radiational,2012,488.1
radiational,2012,485.3
radiational,2012,493.8
radiational,2012,491
radiational,2012,488.1
radiational,2012,485.3
radiational,2012,493.8
radiational,2012,491
radiational,2012,488.1
radiational,2012,485.3
radiational,2012,493.8
radiational,2012,491
radiational,2012,488.1
radiational,2012,485.3
radiational,2012,493.8
radiational,2012,491
radiational,2012,488.1
radiational,2012,485.3
radiational,2012,493.8
radiational,2012,491
radiational,2012,488.1
radiational,2012,485.3
radiational,2012,493.8
radiational,2012,491
radiational,2012,488.1
radiational,2012,485.3
radiational,2012,493.8
radiational,2012,491
radiational,2012,488.1
radiational,2012,485.3
radiational,2012,448.3
radiational,2012,445.5
radiational,2012,442.7
radiational,2012,439.8
radiational,2012,437
radiational,2012,493.8
radiational,2012,491
radiational,2012,488.1
radiational,2012,485.3
radiational,2012,451.2
radiational,2012,448.3
radiational,2012,445.5
radiational,2012,442.7
radiational,2012,439.8
radiational,2012,437
radiational,2012,434.1
radiational,2012,431.3
radiational,2012,493.8
radiational,2012,491
radiational,2012,488.1
radiational,2012,485.3
radiational,2012,454
radiational,2012,451.2
radiational,2012,448.3
radiational,2012,445.5
radiational,2012,442.7
radiational,2012,439.8
radiational,2012,437
radiational,2012,434.1
radiational,2012,431.3
radiational,2012,493.8
radiational,2012,491
radiational,2012,488.1
radiational,2012,485.3
radiational,2012,454
radiational,2012,451.2
radiational,2012,448.3
radiational,2012,445.5
radiational,2012,442.7
radiational,2012,439.8
radiational,2012,437
radiational,2012,434.1
radiational,2012,431.3
radiational,2012,428.5
radiational,2012,493.8
radiational,2012,491
radiational,2012,488.1
radiational,2012,485.3
radiational,2012,454
radiational,2012,451.2
radiational,2012,448.3
radiational,2012,445.5
radiational,2012,442.7
radiational,2012,439.8
radiational,2012,437
radiational,2012,434.1
radiational,2012,431.3
radiational,2012,428.5
radiational,2012,493.8
radiational,2012,491
radiational,2012,488.1
radiational,2012,485.3
radiational,2012,454
radiational,2012,451.2
radiational,2012,448.3
radiational,2012,445.5
radiational,2012,442.7
radiational,2012,439.8
radiational,2012,437
radiational,2012,434.1
radiational,2012,431.3
radiational,2012,428.5
radiational,2012,493.8
radiational,2012,491
radiational,2012,488.1
radiational,2012,485.3
radiational,2012,451.2
radiational,2012,448.3
radiational,2012,445.5
radiational,2012,442.7
radiational,2012,439.8
radiational,2012,437
radiational,2012,434.1
radiational,2012,431.3
radiational,2012,428.5
radiational,2012,425.6
radiational,2012,493.8
radiational,2012,491
radiational,2012,488.1
radiational,2012,485.3
radiational,2012,451.2
radiational,2012,448.3
radiational,2012,445.5
radiational,2012,442.7
radiational,2012,439.8
radiational,2012,437
radiational,2012,434.1
radiational,2012,431.3
radiational,2012,428.5
radiational,2012,425.6
radiational,2012,493.8
radiational,2012,491
radiational,2012,488.1
radiational,2012,485.3
radiational,2012,451.2
radiational,2012,448.3
radiational,2012,445.5
radiational,2012,442.7
radiational,2012,439.8
radiational,2012,437
radiational,2012,434.1
radiational,2012,431.3
radiational,2012,428.5
radiational,2012,425.6
radiational,2012,493.8
radiational,2012,491
radiational,2012,488.1
radiational,2012,485.3
radiational,2012,448.3
radiational,2012,445.5
radiational,2012,442.7
radiational,2012,439.8
radiational,2012,437
radiational,2012,434.1
radiational,2012,431.3
radiational,2012,428.5
radiational,2012,425.6
radiational,2012,422.8
radiational,2012,493.8
radiational,2012,491
radiational,2012,488.1
radiational,2012,485.3
radiational,2012,448.3
radiational,2012,445.5
radiational,2012,442.7
radiational,2012,439.8
radiational,2012,437
radiational,2012,434.1
radiational,2012,431.3
radiational,2012,428.5
radiational,2012,425.6
radiational,2012,422.8
radiational,2012,493.8
radiational,2012,491
radiational,2012,488.1
radiational,2012,485.3
radiational,2012,448.3
radiational,2012,445.5
radiational,2012,442.7
radiational,2012,439.8
radiational,2012,437
radiational,2012,434.1
radiational,2012,431.3
radiational,2012,428.5
radiational,2012,425.6
radiational,2012,422.8
radiational,2012,493.8
radiational,2012,491
radiational,2012,488.1
radiational,2012,485.3
radiational,2012,445.5
radiational,2012,442.7
radiational,2012,439.8
radiational,2012,437
radiational,2012,434.1
radiational,2012,431.3
radiational,2012,428.5
radiational,2012,425.6
radiational,2012,422.8
radiational,2012,419.9
radiational,2012,493.8
radiational,2012,491
radiational,2012,488.1
radiational,2012,485.3
radiational,2012,445.5
radiational,2012,442.7
radiational,2012,439.8
radiational,2012,437
radiational,2012,434.1
radiational,2012,431.3
radiational,2012,428.5
radiational,2012,425.6
radiational,2012,422.8
radiational,2012,419.9
radiational,2012,493.8
radiational,2012,491
radiational,2012,488.1
radiational,2012,485.3
radiational,2012,442.7
radiational,2012,439.8
radiational,2012,437
radiational,2012,434.1
radiational,2012,431.3
radiational,2012,428.5
radiational,2012,425.6
radiational,2012,422.8
radiational,2012,419.9
radiational,2012,493.8
radiational,2012,491
radiational,2012,488.1
radiational,2012,485.3
radiational,2012,442.7
radiational,2012,439.8
radiational,2012,437
radiational,2012,434.1
radiational,2012,431.3
radiational,2012,428.5
radiational,2012,425.6
radiational,2012,422.8
radiational,2012,419.9
radiational,2012,417.1
radiational,2012,493.8
radiational,2012,491
radiational,2012,488.1
radiational,2012,485.3
radiational,2012,442.7
radiational,2012,439.8
radiational,2012,437
radiational,2012,434.1
radiational,2012,431.3
radiational,2012,428.5
radiational,2012,425.6
radiational,2012,422.8
radiational,2012,419.9
radiational,2012,417.1
radiational,2012,493.8
radiational,2012,491
radiational,2012,488.1
radiational,2012,485.3
radiational,2012,442.7
radiational,2012,439.8
radiational,2012,437
radiational,2012,434.1
radiational,2012,431.3
radiational,2012,428.5
radiational,2012,425.6
radiational,2012,422.8
radiational,2012,419.9
radiational,2012,417.1
radiational,2012,493.8
radiational,2012,491
radiational,2012,488.1
radiational,2012,485.3
radiational,2012,442.7
radiational,2012,439.8
radiational,2012,437
radiational,2012,434.1
radiational,2012,431.3
radiational,2012,428.5
radiational,2012,425.6
radiational,2012,422.8
radiational,2012,419.9
radiational,2012,417.1
radiational,2012,493.8
radiational,2012,491
radiational,2012,488.1
radiational,2012,485.3
radiational,2012,445.5
radiational,2012,442.7
radiational,2012,439.8
radiational,2012,437
radiational,2012,434.1
radiational,2012,431.3
radiational,2012,428.5
radiational,2012,425.6
radiational,2012,422.8
radiational,2012,419.9
radiational,2012,417.1
radiational,2012,493.8
radiational,2012,491
radiational,2012,488.1
radiational,2012,485.3
radiational,2012,445.5
radiational,2012,442.7
radiational,2012,439.8
radiational,2012,437
radiational,2012,434.1
radiational,2012,431.3
radiational,2012,428.5
radiational,2012,425.6
radiational,2012,422.8
radiational,2012,419.9
radiational,2012,493.8
radiational,2012,491
radiational,2012,488.1
radiational,2012,485.3
radiational,2012,445.5
radiational,2012,442.7
radiational,2012,439.8
radiational,2012,437
radiational,2012,434.1
radiational,2012,431.3
radiational,2012,428.5
radiational,2012,425.6
radiational,2012,422.8
radiational,2012,419.9
radiational,2012,493.8
radiational,2012,491
radiational,2012,488.1
radiational,2012,485.3
radiational,2012,445.5
radiational,2012,442.7
radiational,2012,439.8
radiational,2012,437
radiational,2012,434.1
radiational,2012,431.3
radiational,2012,428.5
radiational,2012,425.6
radiational,2012,422.8
radiational,2012,419.9
radiational,2012,493.8
radiational,2012,491
radiational,2012,488.1
radiational,2012,485.3
radiational,2012,448.3
radiational,2012,445.5
radiational,2012,442.7
radiational,2012,439.8
radiational,2012,437
radiational,2012,434.1
radiational,2012,431.3
radiational,2012,428.5
radiational,2012,425.6
radiational,2012,422.8
radiational,2012,493.8
radiational,2012,491
radiational,2012,488.1
radiational,2012,485.3
radiational,2012,448.3
radiational,2012,445.5
radiational,2012,442.7
radiational,2012,439.8
radiational,2012,437
radiational,2012,434.1
radiational,2012,431.3
radiational,2012,428.5
radiational,2012,425.6
radiational,2012,422.8
radiational,2012,493.8
radiational,2012,491
radiational,2012,488.1
radiational,2012,485.3
radiational,2012,448.3
radiational,2012,445.5
radiational,2012,442.7
radiational,2012,439.8
radiational,2012,437
radiational,2012,434.1
radiational,2012,431.3
radiational,2012,428.5
radiational,2012,425.6
radiational,2012,422.8
radiational,2012,493.8
radiational,2012,491
radiational,2012,488.1
radiational,2012,485.3
radiational,2012,451.2
radiational,2012,448.3
radiational,2012,445.5
radiational,2012,442.7
radiational,2012,439.8
radiational,2012,437
radiational,2012,434.1
radiational,2012,431.3
radiational,2012,428.5
radiational,2012,425.6
radiational,2012,493.8
radiational,2012,491
radiational,2012,488.1
radiational,2012,485.3
radiational,2012,451.2
radiational,2012,448.3
radiational,2012,445.5
radiational,2012,442.7
radiational,2012,439.8
radiational,2012,437
radiational,2012,434.1
radiational,2012,431.3
radiational,2012,428.5
radiational,2012,425.6
radiational,2012,493.8
radiational,2012,491
radiational,2012,488.1
radiational,2012,485.3
radiational,2012,451.2
radiational,2012,448.3
radiational,2012,445.5
radiational,2012,442.7
radiational,2012,439.8
radiational,2012,437
radiational,2012,434.1
radiational,2012,431.3
radiational,2012,428.5
radiational,2012,425.6
radiational,2012,493.8
radiational,2012,491
radiational,2012,488.1
radiational,2012,485.3
radiational,2012,454
radiational,2012,451.2
radiational,2012,448.3
radiational,2012,445.5
radiational,2012,442.7
radiational,2012,439.8
radiational,2012,437
radiational,2012,434.1
radiational,2012,431.3
radiational,2012,428.5
radiational,2012,493.8
radiational,2012,491
radiational,2012,488.1
radiational,2012,485.3
radiational,2012,454
radiational,2012,451.2
radiational,2012,448.3
radiational,2012,445.5
radiational,2012,442.7
radiational,2012,439.8
radiational,2012,437
radiational,2012,434.1
radiational,2012,431.3
radiational,2012,428.5
radiational,2012,425.6
radiational,2012,493.8
radiational,2012,491
radiational,2012,488.1
radiational,2012,485.3
radiational,2012,454
radiational,2012,451.2
radiational,2012,448.3
radiational,2012,445.5
radiational,2012,442.7
radiational,2012,439.8
radiational,2012,437
radiational,2012,434.1
radiational,2012,431.3
radiational,2012,428.5
radiational,2012,425.6
radiational,2012,493.8
radiational,2012,491
radiational,2012,488.1
radiational,2012,485.3
radiational,2012,451.2
radiational,2012,448.3
radiational,2012,445.5
radiational,2012,442.7
radiational,2012,439.8
radiational,2012,437
radiational,2012,434.1
radiational,2012,431.3
radiational,2012,428.5
radiational,2012,425.6
radiational,2012,422.8
radiational,2012,493.8
radiational,2012,491
radiational,2012,488.1
radiational,2012,485.3
radiational,2012,451.2
radiational,2012,448.3
radiational,2012,445.5
radiational,2012,442.7
radiational,2012,439.8
radiational,2012,437
radiational,2012,434.1
radiational,2012,431.3
radiational,2012,428.5
radiational,2012,425.6
radiational,2012,422.8
radiational,2012,419.9
radiational,2012,493.8
radiational,2012,491
radiational,2012,488.1
radiational,2012,485.3
radiational,2012,448.3
radiational,2012,445.5
radiational,2012,442.7
radiational,2012,439.8
radiational,2012,437
radiational,2012,434.1
radiational,2012,431.3
radiational,2012,428.5
radiational,2012,425.6
radiational,2012,422.8
radiational,2012,419.9
radiational,2012,493.8
radiational,2012,491
radiational,2012,488.1
radiational,2012,485.3
radiational,2012,448.3
radiational,2012,445.5
radiational,2012,442.7
radiational,2012,439.8
radiational,2012,437
radiational,2012,434.1
radiational,2012,431.3
radiational,2012,428.5
radiational,2012,425.6
radiational,2012,422.8
radiational,2012,419.9
radiational,2012,417.1
radiational,2012,493.8
radiational,2012,491
radiational,2012,488.1
radiational,2012,485.3
radiational,2012,445.5
radiational,2012,442.7
radiational,2012,439.8
radiational,2012,437
radiational,2012,434.1
radiational,2012,431.3
radiational,2012,428.5
radiational,2012,425.6
radiational,2012,422.8
radiational,2012,419.9
radiational,2012,417.1
radiational,2012,493.8
radiational,2012,491
radiational,2012,488.1
radiational,2012,485.3
radiational,2012,442.7
radiational,2012,439.8
radiational,2012,437
radiational,2012,434.1
radiational,2012,431.3
radiational,2012,428.5
radiational,2012,425.6
radiational,2012,422.8
radiational,2012,419.9
radiational,2012,417.1
radiational,2012,414.3
radiational,2012,493.8
radiational,2012,491
radiational,2012,488.1
radiational,2012,485.3
radiational,2012,442.7
radiational,2012,439.8
radiational,2012,437
radiational,2012,434.1
radiational,2012,431.3
radiational,2012,428.5
radiational,2012,425.6
radiational,2012,422.8
radiational,2012,419.9
radiational,2012,417.1
radiational,2012,414.3
radiational,2012,411.4
radiational,2012,493.8
radiational,2012,491
radiational,2012,488.1
radiational,2012,485.3
radiational,2012,439.8
radiational,2012,437
radiational,2012,434.1
radiational,2012,431.3
radiational,2012,428.5
radiational,2012,425.6
radiational,2012,422.8
radiational,2012,419.9
radiational,2012,417.1
radiational,2012,414.3
radiational,2012,411.4
radiational,2012,493.8
radiational,2012,491
radiational,2012,488.1
radiational,2012,485.3
radiational,2012,437
radiational,2012,434.1
radiational,2012,431.3
radiational,2012,428.5
radiational,2012,425.6
radiational,2012,422.8
radiational,2012,419.9
radiational,2012,417.1
radiational,2012,414.3
radiational,2012,411.4
radiational,2012,408.6
radiational,2012,493.8
radiational,2012,491
radiational,2012,488.1
radiational,2012,485.3
radiational,2012,437
radiational,2012,434.1
radiational,2012,431.3
radiational,2012,428.5
radiational,2012,425.6
radiational,2012,422.8
radiational,2012,419.9
radiational,2012,417.1
radiational,2012,414.3
radiational,2012,411.4
radiational,2012,408.6
radiational,2012,405.7
radiational,2012,493.8
radiational,2012,491
radiational,2012,488.1
radiational,2012,485.3
radiational,2012,434.1
radiational,2012,431.3
radiational,2012,428.5
radiational,2012,425.6
radiational,2012,422.8
radiational,2012,419.9
radiational,2012,417.1
radiational,2012,414.3
radiational,2012,411.4
radiational,2012,408.6
radiational,2012,405.7
radiational,2012,402.9
radiational,2012,493.8
radiational,2012,491
radiational,2012,488.1
radiational,2012,485.3
radiational,2012,431.3
radiational,2012,428.5
radiational,2012,425.6
radiational,2012,422.8
radiational,2012,419.9
radiational,2012,417.1
radiational,2012,414.3
radiational,2012,411.4
radiational,2012,408.6
radiational,2012,405.7
radiational,2012,402.9
radiational,2012,400
radiational,2012,493.8
radiational,2012,491
radiational,2012,488.1
radiational,2012,485.3
radiational,2012,431.3
radiational,2012,428.5
radiational,2012,425.6
radiational,2012,422.8
radiational,2012,419.9
radiational,2012,417.1
radiational,2012,414.3
radiational,2012,411.4
radiational,2012,408.6
radiational,2012,405.7
radiational,2012,402.9
radiational,2012,400
radiational,2012,397.2
radiational,2012,493.8
radiational,2012,491
radiational,2012,488.1
radiational,2012,485.3
radiational,2012,428.5
radiational,2012,425.6
radiational,2012,422.8
radiational,2012,419.9
radiational,2012,417.1
radiational,2012,414.3
radiational,2012,411.4
radiational,2012,408.6
radiational,2012,405.7
radiational,2012,402.9
radiational,2012,400
radiational,2012,397.2
radiational,2012,394.4
radiational,2012,493.8
radiational,2012,491
radiational,2012,488.1
radiational,2012,485.3
radiational,2012,425.6
radiational,2012,422.8
radiational,2012,419.9
radiational,2012,417.1
radiational,2012,414.3
radiational,2012,411.4
radiational,2012,408.6
radiational,2012,405.7
radiational,2012,402.9
radiational,2012,400
radiational,2012,397.2
radiational,2012,394.4
radiational,2012,391.5
radiational,2012,388.7
radiational,2012,493.8
radiational,2012,491
radiational,2012,488.1
radiational,2012,485.3
radiational,2012,422.8
radiational,2012,419.9
radiational,2012,417.1
radiational,2012,414.3
radiational,2012,411.4
radiational,2012,408.6
radiational,2012,405.7
radiational,2012,402.9
radiational,2012,400
radiational,2012,397.2
radiational,2012,394.4
radiational,2012,391.5
radiational,2012,388.7
radiational,2012,385.8
radiational,2012,493.8
radiational,2012,491
radiational,2012,488.1
radiational,2012,485.3
radiational,2012,419.9
radiational,2012,417.1
radiational,2012,414.3
radiational,2012,411.4
radiational,2012,408.6
radiational,2012,405.7
radiational,2012,402.9
radiational,2012,400
radiational,2012,397.2
radiational,2012,394.4
radiational,2012,391.5
radiational,2012,388.7
radiational,2012,385.8
radiational,2012,383
radiational,2012,493.8
radiational,2012,491
radiational,2012,488.1
radiational,2012,485.3
radiational,2012,417.1
radiational,2012,414.3
radiational,2012,411.4
radiational,2012,408.6
radiational,2012,405.7
radiational,2012,402.9
radiational,2012,400
radiational,2012,397.2
radiational,2012,394.4
radiational,2012,391.5
radiational,2012,388.7
radiational,2012,385.8
radiational,2012,383
radiational,2012,380.2
radiational,2012,493.8
radiational,2012,491
radiational,2012,488.1
radiational,2012,485.3
radiational,2012,414.3
radiational,2012,411.4
radiational,2012,408.6
radiational,2012,405.7
radiational,2012,402.9
radiational,2012,400
radiational,2012,397.2
radiational,2012,394.4
radiational,2012,391.5
radiational,2012,388.7
radiational,2012,385.8
radiational,2012,383
radiational,2012,380.2
radiational,2012,377.3
radiational,2012,493.8
radiational,2012,491
radiational,2012,488.1
radiational,2012,485.3
radiational,2012,411.4
radiational,2012,408.6
radiational,2012,405.7
radiational,2012,402.9
radiational,2012,400
radiational,2012,397.2
radiational,2012,394.4
radiational,2012,391.5
radiational,2012,388.7
radiational,2012,385.8
radiational,2012,383
radiational,2012,380.2
radiational,2012,377.3
radiational,2012,374.5
radiational,2012,493.8
radiational,2012,491
radiational,2012,488.1
radiational,2012,485.3
radiational,2012,408.6
radiational,2012,405.7
radiational,2012,402.9
radiational,2012,400
radiational,2012,397.2
radiational,2012,394.4
radiational,2012,391.5
radiational,2012,388.7
radiational,2012,385.8
radiational,2012,383
radiational,2012,380.2
radiational,2012,377.3
radiational,2012,374.5
radiational,2012,371.6
radiational,2012,493.8
radiational,2012,491
radiational,2012,488.1
radiational,2012,485.3
radiational,2012,405.7
radiational,2012,402.9
radiational,2012,400
radiational,2012,397.2
radiational,2012,394.4
radiational,2012,391.5
radiational,2012,388.7
radiational,2012,385.8
radiational,2012,383
radiational,2012,380.2
radiational,2012,377.3
radiational,2012,374.5
radiational,2012,371.6
radiational,2012,368.8
radiational,2012,493.8
radiational,2012,491
radiational,2012,488.1
radiational,2012,485.3
radiational,2012,402.9
radiational,2012,400
radiational,2012,397.2
radiational,2012,394.4
radiational,2012,391.5
radiational,2012,388.7
radiational,2012,385.8
radiational,2012,383
radiational,2012,380.2
radiational,2012,377.3
radiational,2012,374.5
radiational,2012,371.6
radiational,2012,368.8
radiational,2012,493.8
radiational,2012,491
radiational,2012,488.1
radiational,2012,485.3
radiational,2012,400
radiational,2012,397.2
radiational,2012,394.4
radiational,2012,391.5
radiational,2012,388.7
radiational,2012,385.8
radiational,2012,383
radiational,2012,380.2
radiational,2012,377.3
radiational,2012,374.5
radiational,2012,371.6
radiational,2012,368.8
radiational,2012,366
radiational,2012,493.8
radiational,2012,491
radiational,2012,488.1
radiational,2012,485.3
radiational,2012,397.2
radiational,2012,394.4
radiational,2012,391.5
radiational,2012,388.7
radiational,2012,385.8
radiational,2012,383
radiational,2012,380.2
radiational,2012,377.3
radiational,2012,374.5
radiational,2012,371.6
radiational,2012,368.8
radiational,2012,366
radiational,2012,493.8
radiational,2012,491
radiational,2012,488.1
radiational,2012,485.3
radiational,2012,394.4
radiational,2012,391.5
radiational,2012,388.7
radiational,2012,385.8
radiational,2012,383
radiational,2012,380.2
radiational,2012,377.3
radiational,2012,374.5
radiational,2012,371.6
radiational,2012,368.8
radiational,2012,366
radiational,2012,493.8
radiational,2012,491
radiational,2012,488.1
radiational,2012,485.3
radiational,2012,391.5
radiational,2012,388.7
radiational,2012,385.8
radiational,2012,383
radiational,2012,380.2
radiational,2012,377.3
radiational,2012,374.5
radiational,2012,371.6
radiational,2012,368.8
radiational,2012,493.8
radiational,2012,491
radiational,2012,488.1
radiational,2012,485.3
radiational,2012,388.7
radiational,2012,385.8
radiational,2012,383
radiational,2012,380.2
radiational,2012,377.3
radiational,2012,374.5
radiational,2012,371.6
radiational,2012,368.8
radiational,2012,493.8
radiational,2012,491
radiational,2012,488.1
radiational,2012,485.3
radiational,2012,383
radiational,2012,380.2
radiational,2012,377.3
radiational,2012,374.5
radiational,2012,493.8
radiational,2012,491
radiational,2012,488.1
radiational,2012,485.3
radiational,2012,493.8
radiational,2012,491
radiational,2012,488.1
radiational,2012,485.3
radiational,2012,493.8
radiational,2012,491
radiational,2012,488.1
radiational,2012,485.3
radiational,2012,493.8
radiational,2012,491
radiational,2012,488.1
radiational,2012,485.3
radiational,2012,493.8
radiational,2012,491
radiational,2012,488.1
radiational,2012,485.3
radiational,2012,493.8
radiational,2012,491
radiational,2012,488.1
radiational,2012,485.3
radiational,2012,493.8
radiational,2012,491
radiational,2012,488.1
radiational,2012,485.3
radiational,2012,493.8
radiational,2012,491
radiational,2012,488.1
radiational,2012,485.3
radiational,2012,488.1
radiational,2012,485.3
radiational,2012,488.1
radiational,2012,485.3
radiational,2012,488.1
radiational,2012,485.3
radiational,2012,488.1
radiational,2012,485.3
radiational,2012,488.1
radiational,2012,485.3
radiational,2012,488.1
radiational,2012,485.3
radiational,2013,493.8
radiational,2013,491
radiational,2013,493.8
radiational,2013,491
radiational,2013,488.1
radiational,2013,485.3
radiational,2013,493.8
radiational,2013,491
radiational,2013,488.1
radiational,2013,485.3
radiational,2013,493.8
radiational,2013,491
radiational,2013,488.1
radiational,2013,485.3
radiational,2013,493.8
radiational,2013,491
radiational,2013,488.1
radiational,2013,485.3
radiational,2013,493.8
radiational,2013,491
radiational,2013,488.1
radiational,2013,485.3
radiational,2013,493.8
radiational,2013,491
radiational,2013,488.1
radiational,2013,485.3
radiational,2013,493.8
radiational,2013,491
radiational,2013,488.1
radiational,2013,485.3
radiational,2013,493.8
radiational,2013,491
radiational,2013,488.1
radiational,2013,485.3
radiational,2013,493.8
radiational,2013,491
radiational,2013,488.1
radiational,2013,485.3
radiational,2013,493.8
radiational,2013,491
radiational,2013,488.1
radiational,2013,485.3
radiational,2013,493.8
radiational,2013,491
radiational,2013,488.1
radiational,2013,485.3
radiational,2013,493.8
radiational,2013,491
radiational,2013,488.1
radiational,2013,485.3
radiational,2013,493.8
radiational,2013,491
radiational,2013,488.1
radiational,2013,485.3
radiational,2013,493.8
radiational,2013,491
radiational,2013,488.1
radiational,2013,485.3
radiational,2013,493.8
radiational,2013,491
radiational,2013,488.1
radiational,2013,485.3
radiational,2013,493.8
radiational,2013,491
radiational,2013,488.1
radiational,2013,485.3
radiational,2013,493.8
radiational,2013,491
radiational,2013,488.1
radiational,2013,485.3
radiational,2013,493.8
radiational,2013,491
radiational,2013,488.1
radiational,2013,485.3
radiational,2013,493.8
radiational,2013,491
radiational,2013,488.1
radiational,2013,485.3
radiational,2013,493.8
radiational,2013,491
radiational,2013,488.1
radiational,2013,485.3
radiational,2013,493.8
radiational,2013,491
radiational,2013,488.1
radiational,2013,485.3
radiational,2013,473.9
radiational,2013,471.1
radiational,2013,468.2
radiational,2013,465.4
radiational,2013,493.8
radiational,2013,491
radiational,2013,488.1
radiational,2013,485.3
radiational,2013,476.7
radiational,2013,473.9
radiational,2013,471.1
radiational,2013,468.2
radiational,2013,465.4
radiational,2013,462.5
radiational,2013,493.8
radiational,2013,491
radiational,2013,488.1
radiational,2013,485.3
radiational,2013,479.6
radiational,2013,476.7
radiational,2013,473.9
radiational,2013,471.1
radiational,2013,468.2
radiational,2013,465.4
radiational,2013,462.5
radiational,2013,459.7
radiational,2013,493.8
radiational,2013,491
radiational,2013,488.1
radiational,2013,485.3
radiational,2013,482.4
radiational,2013,479.6
radiational,2013,476.7
radiational,2013,473.9
radiational,2013,471.1
radiational,2013,468.2
radiational,2013,465.4
radiational,2013,462.5
radiational,2013,459.7
radiational,2013,493.8
radiational,2013,491
radiational,2013,488.1
radiational,2013,485.3
radiational,2013,482.4
radiational,2013,479.6
radiational,2013,476.7
radiational,2013,473.9
radiational,2013,471.1
radiational,2013,468.2
radiational,2013,465.4
radiational,2013,462.5
radiational,2013,459.7
radiational,2013,456.9
radiational,2013,493.8
radiational,2013,491
radiational,2013,488.1
radiational,2013,485.3
radiational,2013,482.4
radiational,2013,479.6
radiational,2013,476.7
radiational,2013,473.9
radiational,2013,471.1
radiational,2013,468.2
radiational,2013,465.4
radiational,2013,462.5
radiational,2013,459.7
radiational,2013,456.9
radiational,2013,493.8
radiational,2013,491
radiational,2013,488.1
radiational,2013,485.3
radiational,2013,482.4
radiational,2013,479.6
radiational,2013,476.7
radiational,2013,473.9
radiational,2013,471.1
radiational,2013,468.2
radiational,2013,465.4
radiational,2013,462.5
radiational,2013,459.7
radiational,2013,456.9
radiational,2013,493.8
radiational,2013,491
radiational,2013,488.1
radiational,2013,485.3
radiational,2013,482.4
radiational,2013,479.6
radiational,2013,476.7
radiational,2013,473.9
radiational,2013,471.1
radiational,2013,468.2
radiational,2013,465.4
radiational,2013,462.5
radiational,2013,459.7
radiational,2013,456.9
radiational,2013,493.8
radiational,2013,491
radiational,2013,488.1
radiational,2013,485.3
radiational,2013,482.4
radiational,2013,479.6
radiational,2013,476.7
radiational,2013,473.9
radiational,2013,471.1
radiational,2013,468.2
radiational,2013,465.4
radiational,2013,462.5
radiational,2013,459.7
radiational,2013,456.9
radiational,2013,493.8
radiational,2013,491
radiational,2013,488.1
radiational,2013,485.3
radiational,2013,482.4
radiational,2013,479.6
radiational,2013,476.7
radiational,2013,473.9
radiational,2013,471.1
radiational,2013,468.2
radiational,2013,465.4
radiational,2013,462.5
radiational,2013,459.7
radiational,2013,456.9
radiational,2013,493.8
radiational,2013,491
radiational,2013,488.1
radiational,2013,485.3
radiational,2013,482.4
radiational,2013,479.6
radiational,2013,476.7
radiational,2013,473.9
radiational,2013,471.1
radiational,2013,468.2
radiational,2013,465.4
radiational,2013,462.5
radiational,2013,459.7
radiational,2013,456.9
radiational,2013,493.8
radiational,2013,491
radiational,2013,488.1
radiational,2013,485.3
radiational,2013,482.4
radiational,2013,479.6
radiational,2013,476.7
radiational,2013,473.9
radiational,2013,471.1
radiational,2013,468.2
radiational,2013,465.4
radiational,2013,462.5
radiational,2013,459.7
radiational,2013,456.9
radiational,2013,493.8
radiational,2013,491
radiational,2013,488.1
radiational,2013,485.3
radiational,2013,479.6
radiational,2013,476.7
radiational,2013,473.9
radiational,2013,471.1
radiational,2013,468.2
radiational,2013,465.4
radiational,2013,462.5
radiational,2013,459.7
radiational,2013,456.9
radiational,2013,493.8
radiational,2013,491
radiational,2013,488.1
radiational,2013,485.3
radiational,2013,479.6
radiational,2013,476.7
radiational,2013,473.9
radiational,2013,471.1
radiational,2013,468.2
radiational,2013,465.4
radiational,2013,462.5
radiational,2013,459.7
radiational,2013,456.9
radiational,2013,493.8
radiational,2013,491
radiational,2013,488.1
radiational,2013,485.3
radiational,2013,479.6
radiational,2013,476.7
radiational,2013,473.9
radiational,2013,471.1
radiational,2013,468.2
radiational,2013,465.4
radiational,2013,462.5
radiational,2013,459.7
radiational,2013,456.9
radiational,2013,493.8
radiational,2013,491
radiational,2013,488.1
radiational,2013,485.3
radiational,2013,479.6
radiational,2013,476.7
radiational,2013,473.9
radiational,2013,471.1
radiational,2013,468.2
radiational,2013,465.4
radiational,2013,462.5
radiational,2013,459.7
radiational,2013,456.9
radiational,2013,493.8
radiational,2013,491
radiational,2013,488.1
radiational,2013,485.3
radiational,2013,479.6
radiational,2013,476.7
radiational,2013,473.9
radiational,2013,471.1
radiational,2013,468.2
radiational,2013,465.4
radiational,2013,462.5
radiational,2013,459.7
radiational,2013,456.9
radiational,2013,493.8
radiational,2013,491
radiational,2013,488.1
radiational,2013,485.3
radiational,2013,479.6
radiational,2013,476.7
radiational,2013,473.9
radiational,2013,471.1
radiational,2013,468.2
radiational,2013,465.4
radiational,2013,462.5
radiational,2013,459.7
radiational,2013,456.9
radiational,2013,493.8
radiational,2013,491
radiational,2013,488.1
radiational,2013,485.3
radiational,2013,479.6
radiational,2013,476.7
radiational,2013,473.9
radiational,2013,471.1
radiational,2013,468.2
radiational,2013,465.4
radiational,2013,462.5
radiational,2013,459.7
radiational,2013,456.9
radiational,2013,493.8
radiational,2013,491
radiational,2013,488.1
radiational,2013,485.3
radiational,2013,479.6
radiational,2013,476.7
radiational,2013,473.9
radiational,2013,471.1
radiational,2013,468.2
radiational,2013,465.4
radiational,2013,462.5
radiational,2013,459.7
radiational,2013,456.9
radiational,2013,454
radiational,2013,493.8
radiational,2013,491
radiational,2013,488.1
radiational,2013,485.3
radiational,2013,479.6
radiational,2013,476.7
radiational,2013,473.9
radiational,2013,471.1
radiational,2013,468.2
radiational,2013,465.4
radiational,2013,462.5
radiational,2013,459.7
radiational,2013,456.9
radiational,2013,454
radiational,2013,493.8
radiational,2013,491
radiational,2013,488.1
radiational,2013,485.3
radiational,2013,479.6
radiational,2013,476.7
radiational,2013,473.9
radiational,2013,471.1
radiational,2013,468.2
radiational,2013,465.4
radiational,2013,462.5
radiational,2013,459.7
radiational,2013,456.9
radiational,2013,454
radiational,2013,493.8
radiational,2013,491
radiational,2013,488.1
radiational,2013,485.3
radiational,2013,479.6
radiational,2013,476.7
radiational,2013,473.9
radiational,2013,471.1
radiational,2013,468.2
radiational,2013,465.4
radiational,2013,462.5
radiational,2013,459.7
radiational,2013,456.9
radiational,2013,454
radiational,2013,493.8
radiational,2013,491
radiational,2013,488.1
radiational,2013,485.3
radiational,2013,476.7
radiational,2013,473.9
radiational,2013,471.1
radiational,2013,468.2
radiational,2013,465.4
radiational,2013,462.5
radiational,2013,459.7
radiational,2013,456.9
radiational,2013,454
radiational,2013,493.8
radiational,2013,491
radiational,2013,488.1
radiational,2013,485.3
radiational,2013,476.7
radiational,2013,473.9
radiational,2013,471.1
radiational,2013,468.2
radiational,2013,465.4
radiational,2013,462.5
radiational,2013,459.7
radiational,2013,456.9
radiational,2013,454
radiational,2013,451.2
radiational,2013,493.8
radiational,2013,491
radiational,2013,488.1
radiational,2013,485.3
radiational,2013,476.7
radiational,2013,473.9
radiational,2013,471.1
radiational,2013,468.2
radiational,2013,465.4
radiational,2013,462.5
radiational,2013,459.7
radiational,2013,456.9
radiational,2013,454
radiational,2013,451.2
radiational,2013,493.8
radiational,2013,491
radiational,2013,488.1
radiational,2013,485.3
radiational,2013,476.7
radiational,2013,473.9
radiational,2013,471.1
radiational,2013,468.2
radiational,2013,465.4
radiational,2013,462.5
radiational,2013,459.7
radiational,2013,456.9
radiational,2013,454
radiational,2013,451.2
radiational,2013,493.8
radiational,2013,491
radiational,2013,488.1
radiational,2013,485.3
radiational,2013,476.7
radiational,2013,473.9
radiational,2013,471.1
radiational,2013,468.2
radiational,2013,465.4
radiational,2013,462.5
radiational,2013,459.7
radiational,2013,456.9
radiational,2013,454
radiational,2013,451.2
radiational,2013,493.8
radiational,2013,491
radiational,2013,488.1
radiational,2013,485.3
radiational,2013,473.9
radiational,2013,471.1
radiational,2013,468.2
radiational,2013,465.4
radiational,2013,462.5
radiational,2013,459.7
radiational,2013,456.9
radiational,2013,454
radiational,2013,451.2
radiational,2013,493.8
radiational,2013,491
radiational,2013,488.1
radiational,2013,485.3
radiational,2013,473.9
radiational,2013,471.1
radiational,2013,468.2
radiational,2013,465.4
radiational,2013,462.5
radiational,2013,459.7
radiational,2013,456.9
radiational,2013,454
radiational,2013,451.2
radiational,2013,493.8
radiational,2013,491
radiational,2013,488.1
radiational,2013,485.3
radiational,2013,473.9
radiational,2013,471.1
radiational,2013,468.2
radiational,2013,465.4
radiational,2013,462.5
radiational,2013,459.7
radiational,2013,456.9
radiational,2013,454
radiational,2013,451.2
radiational,2013,448.3
radiational,2013,493.8
radiational,2013,491
radiational,2013,488.1
radiational,2013,485.3
radiational,2013,473.9
radiational,2013,471.1
radiational,2013,468.2
radiational,2013,465.4
radiational,2013,462.5
radiational,2013,459.7
radiational,2013,456.9
radiational,2013,454
radiational,2013,451.2
radiational,2013,448.3
radiational,2013,493.8
radiational,2013,491
radiational,2013,488.1
radiational,2013,485.3
radiational,2013,473.9
radiational,2013,471.1
radiational,2013,468.2
radiational,2013,465.4
radiational,2013,462.5
radiational,2013,459.7
radiational,2013,456.9
radiational,2013,454
radiational,2013,451.2
radiational,2013,493.8
radiational,2013,491
radiational,2013,488.1
radiational,2013,485.3
radiational,2013,473.9
radiational,2013,471.1
radiational,2013,468.2
radiational,2013,465.4
radiational,2013,462.5
radiational,2013,459.7
radiational,2013,456.9
radiational,2013,454
radiational,2013,451.2
radiational,2013,493.8
radiational,2013,491
radiational,2013,488.1
radiational,2013,485.3
radiational,2013,473.9
radiational,2013,471.1
radiational,2013,468.2
radiational,2013,465.4
radiational,2013,462.5
radiational,2013,459.7
radiational,2013,456.9
radiational,2013,454
radiational,2013,451.2
radiational,2013,493.8
radiational,2013,491
radiational,2013,488.1
radiational,2013,485.3
radiational,2013,473.9
radiational,2013,471.1
radiational,2013,468.2
radiational,2013,465.4
radiational,2013,462.5
radiational,2013,459.7
radiational,2013,456.9
radiational,2013,454
radiational,2013,451.2
radiational,2013,493.8
radiational,2013,491
radiational,2013,488.1
radiational,2013,485.3
radiational,2013,473.9
radiational,2013,471.1
radiational,2013,468.2
radiational,2013,465.4
radiational,2013,462.5
radiational,2013,459.7
radiational,2013,456.9
radiational,2013,454
radiational,2013,451.2
radiational,2013,493.8
radiational,2013,491
radiational,2013,488.1
radiational,2013,485.3
radiational,2013,473.9
radiational,2013,471.1
radiational,2013,468.2
radiational,2013,465.4
radiational,2013,462.5
radiational,2013,459.7
radiational,2013,456.9
radiational,2013,454
radiational,2013,451.2
radiational,2013,493.8
radiational,2013,491
radiational,2013,488.1
radiational,2013,485.3
radiational,2013,473.9
radiational,2013,471.1
radiational,2013,468.2
radiational,2013,465.4
radiational,2013,462.5
radiational,2013,459.7
radiational,2013,456.9
radiational,2013,454
radiational,2013,451.2
radiational,2013,493.8
radiational,2013,491
radiational,2013,488.1
radiational,2013,485.3
radiational,2013,473.9
radiational,2013,471.1
radiational,2013,468.2
radiational,2013,465.4
radiational,2013,462.5
radiational,2013,459.7
radiational,2013,456.9
radiational,2013,454
radiational,2013,451.2
radiational,2013,493.8
radiational,2013,491
radiational,2013,488.1
radiational,2013,485.3
radiational,2013,473.9
radiational,2013,471.1
radiational,2013,468.2
radiational,2013,465.4
radiational,2013,462.5
radiational,2013,459.7
radiational,2013,456.9
radiational,2013,454
radiational,2013,451.2
radiational,2013,493.8
radiational,2013,491
radiational,2013,488.1
radiational,2013,485.3
radiational,2013,473.9
radiational,2013,471.1
radiational,2013,468.2
radiational,2013,465.4
radiational,2013,462.5
radiational,2013,459.7
radiational,2013,456.9
radiational,2013,454
radiational,2013,451.2
radiational,2013,493.8
radiational,2013,491
radiational,2013,488.1
radiational,2013,485.3
radiational,2013,473.9
radiational,2013,471.1
radiational,2013,468.2
radiational,2013,465.4
radiational,2013,462.5
radiational,2013,459.7
radiational,2013,456.9
radiational,2013,454
radiational,2013,451.2
radiational,2013,493.8
radiational,2013,491
radiational,2013,488.1
radiational,2013,485.3
radiational,2013,476.7
radiational,2013,473.9
radiational,2013,471.1
radiational,2013,468.2
radiational,2013,465.4
radiational,2013,462.5
radiational,2013,459.7
radiational,2013,456.9
radiational,2013,454
radiational,2013,451.2
radiational,2013,493.8
radiational,2013,491
radiational,2013,488.1
radiational,2013,485.3
radiational,2013,476.7
radiational,2013,473.9
radiational,2013,471.1
radiational,2013,468.2
radiational,2013,465.4
radiational,2013,462.5
radiational,2013,459.7
radiational,2013,456.9
radiational,2013,454
radiational,2013,451.2
radiational,2013,493.8
radiational,2013,491
radiational,2013,488.1
radiational,2013,485.3
radiational,2013,476.7
radiational,2013,473.9
radiational,2013,471.1
radiational,2013,468.2
radiational,2013,465.4
radiational,2013,462.5
radiational,2013,459.7
radiational,2013,456.9
radiational,2013,454
radiational,2013,451.2
radiational,2013,493.8
radiational,2013,491
radiational,2013,488.1
radiational,2013,485.3
radiational,2013,473.9
radiational,2013,471.1
radiational,2013,468.2
radiational,2013,465.4
radiational,2013,462.5
radiational,2013,459.7
radiational,2013,456.9
radiational,2013,454
radiational,2013,451.2
radiational,2013,493.8
radiational,2013,491
radiational,2013,488.1
radiational,2013,485.3
radiational,2013,473.9
radiational,2013,471.1
radiational,2013,468.2
radiational,2013,465.4
radiational,2013,462.5
radiational,2013,459.7
radiational,2013,456.9
radiational,2013,454
radiational,2013,451.2
radiational,2013,493.8
radiational,2013,491
radiational,2013,488.1
radiational,2013,485.3
radiational,2013,473.9
radiational,2013,471.1
radiational,2013,468.2
radiational,2013,465.4
radiational,2013,462.5
radiational,2013,459.7
radiational,2013,456.9
radiational,2013,454
radiational,2013,451.2
radiational,2013,493.8
radiational,2013,491
radiational,2013,488.1
radiational,2013,485.3
radiational,2013,473.9
radiational,2013,471.1
radiational,2013,468.2
radiational,2013,465.4
radiational,2013,462.5
radiational,2013,459.7
radiational,2013,456.9
radiational,2013,454
radiational,2013,451.2
radiational,2013,493.8
radiational,2013,491
radiational,2013,488.1
radiational,2013,485.3
radiational,2013,473.9
radiational,2013,471.1
radiational,2013,468.2
radiational,2013,465.4
radiational,2013,462.5
radiational,2013,459.7
radiational,2013,456.9
radiational,2013,454
radiational,2013,451.2
radiational,2013,493.8
radiational,2013,491
radiational,2013,488.1
radiational,2013,485.3
radiational,2013,473.9
radiational,2013,471.1
radiational,2013,468.2
radiational,2013,465.4
radiational,2013,462.5
radiational,2013,459.7
radiational,2013,456.9
radiational,2013,454
radiational,2013,451.2
radiational,2013,493.8
radiational,2013,491
radiational,2013,488.1
radiational,2013,485.3
radiational,2013,473.9
radiational,2013,471.1
radiational,2013,468.2
radiational,2013,465.4
radiational,2013,462.5
radiational,2013,459.7
radiational,2013,456.9
radiational,2013,454
radiational,2013,451.2
radiational,2013,493.8
radiational,2013,491
radiational,2013,488.1
radiational,2013,485.3
radiational,2013,473.9
radiational,2013,471.1
radiational,2013,468.2
radiational,2013,465.4
radiational,2013,462.5
radiational,2013,459.7
radiational,2013,456.9
radiational,2013,454
radiational,2013,451.2
radiational,2013,493.8
radiational,2013,491
radiational,2013,488.1
radiational,2013,485.3
radiational,2013,473.9
radiational,2013,471.1
radiational,2013,468.2
radiational,2013,465.4
radiational,2013,462.5
radiational,2013,459.7
radiational,2013,456.9
radiational,2013,454
radiational,2013,451.2
radiational,2013,493.8
radiational,2013,491
radiational,2013,488.1
radiational,2013,485.3
radiational,2013,473.9
radiational,2013,471.1
radiational,2013,468.2
radiational,2013,465.4
radiational,2013,462.5
radiational,2013,459.7
radiational,2013,456.9
radiational,2013,454
radiational,2013,451.2
radiational,2013,493.8
radiational,2013,491
radiational,2013,488.1
radiational,2013,485.3
radiational,2013,473.9
radiational,2013,471.1
radiational,2013,468.2
radiational,2013,465.4
radiational,2013,462.5
radiational,2013,459.7
radiational,2013,456.9
radiational,2013,454
radiational,2013,451.2
radiational,2013,493.8
radiational,2013,491
radiational,2013,488.1
radiational,2013,485.3
radiational,2013,473.9
radiational,2013,471.1
radiational,2013,468.2
radiational,2013,465.4
radiational,2013,462.5
radiational,2013,459.7
radiational,2013,456.9
radiational,2013,454
radiational,2013,451.2
radiational,2013,493.8
radiational,2013,491
radiational,2013,488.1
radiational,2013,485.3
radiational,2013,473.9
radiational,2013,471.1
radiational,2013,468.2
radiational,2013,465.4
radiational,2013,462.5
radiational,2013,459.7
radiational,2013,456.9
radiational,2013,454
radiational,2013,451.2
radiational,2013,493.8
radiational,2013,491
radiational,2013,488.1
radiational,2013,485.3
radiational,2013,473.9
radiational,2013,471.1
radiational,2013,468.2
radiational,2013,465.4
radiational,2013,462.5
radiational,2013,459.7
radiational,2013,456.9
radiational,2013,454
radiational,2013,451.2
radiational,2013,493.8
radiational,2013,491
radiational,2013,488.1
radiational,2013,485.3
radiational,2013,473.9
radiational,2013,471.1
radiational,2013,468.2
radiational,2013,465.4
radiational,2013,462.5
radiational,2013,459.7
radiational,2013,456.9
radiational,2013,454
radiational,2013,451.2
radiational,2013,493.8
radiational,2013,491
radiational,2013,488.1
radiational,2013,485.3
radiational,2013,473.9
radiational,2013,471.1
radiational,2013,468.2
radiational,2013,465.4
radiational,2013,462.5
radiational,2013,459.7
radiational,2013,456.9
radiational,2013,454
radiational,2013,451.2
radiational,2013,493.8
radiational,2013,491
radiational,2013,488.1
radiational,2013,485.3
radiational,2013,476.7
radiational,2013,473.9
radiational,2013,471.1
radiational,2013,468.2
radiational,2013,465.4
radiational,2013,462.5
radiational,2013,459.7
radiational,2013,456.9
radiational,2013,454
radiational,2013,451.2
radiational,2013,493.8
radiational,2013,491
radiational,2013,488.1
radiational,2013,485.3
radiational,2013,476.7
radiational,2013,473.9
radiational,2013,471.1
radiational,2013,468.2
radiational,2013,465.4
radiational,2013,462.5
radiational,2013,459.7
radiational,2013,456.9
radiational,2013,454
radiational,2013,451.2
radiational,2013,493.8
radiational,2013,491
radiational,2013,488.1
radiational,2013,485.3
radiational,2013,476.7
radiational,2013,473.9
radiational,2013,471.1
radiational,2013,468.2
radiational,2013,465.4
radiational,2013,462.5
radiational,2013,459.7
radiational,2013,456.9
radiational,2013,454
radiational,2013,451.2
radiational,2013,493.8
radiational,2013,491
radiational,2013,488.1
radiational,2013,485.3
radiational,2013,476.7
radiational,2013,473.9
radiational,2013,471.1
radiational,2013,468.2
radiational,2013,465.4
radiational,2013,462.5
radiational,2013,459.7
radiational,2013,456.9
radiational,2013,454
radiational,2013,451.2
radiational,2013,493.8
radiational,2013,491
radiational,2013,488.1
radiational,2013,485.3
radiational,2013,476.7
radiational,2013,473.9
radiational,2013,471.1
radiational,2013,468.2
radiational,2013,465.4
radiational,2013,462.5
radiational,2013,459.7
radiational,2013,456.9
radiational,2013,454
radiational,2013,451.2
radiational,2013,493.8
radiational,2013,491
radiational,2013,488.1
radiational,2013,485.3
radiational,2013,476.7
radiational,2013,473.9
radiational,2013,471.1
radiational,2013,468.2
radiational,2013,465.4
radiational,2013,462.5
radiational,2013,459.7
radiational,2013,456.9
radiational,2013,454
radiational,2013,451.2
radiational,2013,493.8
radiational,2013,491
radiational,2013,488.1
radiational,2013,485.3
radiational,2013,476.7
radiational,2013,473.9
radiational,2013,471.1
radiational,2013,468.2
radiational,2013,465.4
radiational,2013,462.5
radiational,2013,459.7
radiational,2013,456.9
radiational,2013,454
radiational,2013,451.2
radiational,2013,493.8
radiational,2013,491
radiational,2013,488.1
radiational,2013,485.3
radiational,2013,476.7
radiational,2013,473.9
radiational,2013,471.1
radiational,2013,468.2
radiational,2013,465.4
radiational,2013,462.5
radiational,2013,459.7
radiational,2013,456.9
radiational,2013,454
radiational,2013,451.2
radiational,2013,493.8
radiational,2013,491
radiational,2013,488.1
radiational,2013,485.3
radiational,2013,476.7
radiational,2013,473.9
radiational,2013,471.1
radiational,2013,468.2
radiational,2013,465.4
radiational,2013,462.5
radiational,2013,459.7
radiational,2013,456.9
radiational,2013,454
radiational,2013,451.2
radiational,2013,493.8
radiational,2013,491
radiational,2013,488.1
radiational,2013,485.3
radiational,2013,476.7
radiational,2013,473.9
radiational,2013,471.1
radiational,2013,468.2
radiational,2013,465.4
radiational,2013,462.5
radiational,2013,459.7
radiational,2013,456.9
radiational,2013,454
radiational,2013,451.2
radiational,2013,493.8
radiational,2013,491
radiational,2013,488.1
radiational,2013,485.3
radiational,2013,476.7
radiational,2013,473.9
radiational,2013,471.1
radiational,2013,468.2
radiational,2013,465.4
radiational,2013,462.5
radiational,2013,459.7
radiational,2013,456.9
radiational,2013,454
radiational,2013,451.2
radiational,2013,493.8
radiational,2013,491
radiational,2013,488.1
radiational,2013,485.3
radiational,2013,476.7
radiational,2013,473.9
radiational,2013,471.1
radiational,2013,468.2
radiational,2013,465.4
radiational,2013,462.5
radiational,2013,459.7
radiational,2013,456.9
radiational,2013,454
radiational,2013,451.2
radiational,2013,493.8
radiational,2013,491
radiational,2013,488.1
radiational,2013,485.3
radiational,2013,476.7
radiational,2013,473.9
radiational,2013,471.1
radiational,2013,468.2
radiational,2013,465.4
radiational,2013,462.5
radiational,2013,459.7
radiational,2013,456.9
radiational,2013,454
radiational,2013,451.2
radiational,2013,493.8
radiational,2013,491
radiational,2013,488.1
radiational,2013,485.3
radiational,2013,476.7
radiational,2013,473.9
radiational,2013,471.1
radiational,2013,468.2
radiational,2013,465.4
radiational,2013,462.5
radiational,2013,459.7
radiational,2013,456.9
radiational,2013,454
radiational,2013,451.2
radiational,2013,493.8
radiational,2013,491
radiational,2013,488.1
radiational,2013,485.3
radiational,2013,476.7
radiational,2013,473.9
radiational,2013,471.1
radiational,2013,468.2
radiational,2013,465.4
radiational,2013,462.5
radiational,2013,459.7
radiational,2013,456.9
radiational,2013,454
radiational,2013,451.2
radiational,2013,493.8
radiational,2013,491
radiational,2013,488.1
radiational,2013,485.3
radiational,2013,476.7
radiational,2013,473.9
radiational,2013,471.1
radiational,2013,468.2
radiational,2013,465.4
radiational,2013,462.5
radiational,2013,459.7
radiational,2013,456.9
radiational,2013,454
radiational,2013,451.2
radiational,2013,493.8
radiational,2013,491
radiational,2013,488.1
radiational,2013,485.3
radiational,2013,476.7
radiational,2013,473.9
radiational,2013,471.1
radiational,2013,468.2
radiational,2013,465.4
radiational,2013,462.5
radiational,2013,459.7
radiational,2013,456.9
radiational,2013,454
radiational,2013,451.2
radiational,2013,493.8
radiational,2013,491
radiational,2013,488.1
radiational,2013,485.3
radiational,2013,476.7
radiational,2013,473.9
radiational,2013,471.1
radiational,2013,468.2
radiational,2013,465.4
radiational,2013,462.5
radiational,2013,459.7
radiational,2013,456.9
radiational,2013,454
radiational,2013,451.2
radiational,2013,493.8
radiational,2013,491
radiational,2013,488.1
radiational,2013,485.3
radiational,2013,476.7
radiational,2013,473.9
radiational,2013,471.1
radiational,2013,468.2
radiational,2013,465.4
radiational,2013,462.5
radiational,2013,459.7
radiational,2013,456.9
radiational,2013,454
radiational,2013,451.2
radiational,2013,493.8
radiational,2013,491
radiational,2013,488.1
radiational,2013,485.3
radiational,2013,476.7
radiational,2013,473.9
radiational,2013,471.1
radiational,2013,468.2
radiational,2013,465.4
radiational,2013,462.5
radiational,2013,459.7
radiational,2013,456.9
radiational,2013,454
radiational,2013,451.2
radiational,2013,493.8
radiational,2013,491
radiational,2013,488.1
radiational,2013,485.3
radiational,2013,476.7
radiational,2013,473.9
radiational,2013,471.1
radiational,2013,468.2
radiational,2013,465.4
radiational,2013,462.5
radiational,2013,459.7
radiational,2013,456.9
radiational,2013,454
radiational,2013,451.2
radiational,2013,493.8
radiational,2013,491
radiational,2013,488.1
radiational,2013,485.3
radiational,2013,476.7
radiational,2013,473.9
radiational,2013,471.1
radiational,2013,468.2
radiational,2013,465.4
radiational,2013,462.5
radiational,2013,459.7
radiational,2013,456.9
radiational,2013,454
radiational,2013,451.2
radiational,2013,493.8
radiational,2013,491
radiational,2013,488.1
radiational,2013,485.3
radiational,2013,476.7
radiational,2013,473.9
radiational,2013,471.1
radiational,2013,468.2
radiational,2013,465.4
radiational,2013,462.5
radiational,2013,459.7
radiational,2013,456.9
radiational,2013,454
radiational,2013,451.2
radiational,2013,493.8
radiational,2013,491
radiational,2013,488.1
radiational,2013,485.3
radiational,2013,476.7
radiational,2013,473.9
radiational,2013,471.1
radiational,2013,468.2
radiational,2013,465.4
radiational,2013,462.5
radiational,2013,459.7
radiational,2013,456.9
radiational,2013,454
radiational,2013,451.2
radiational,2013,493.8
radiational,2013,491
radiational,2013,488.1
radiational,2013,485.3
radiational,2013,473.9
radiational,2013,471.1
radiational,2013,468.2
radiational,2013,465.4
radiational,2013,462.5
radiational,2013,459.7
radiational,2013,456.9
radiational,2013,454
radiational,2013,451.2
radiational,2013,448.3
radiational,2013,493.8
radiational,2013,491
radiational,2013,488.1
radiational,2013,485.3
radiational,2013,473.9
radiational,2013,471.1
radiational,2013,468.2
radiational,2013,465.4
radiational,2013,462.5
radiational,2013,459.7
radiational,2013,456.9
radiational,2013,454
radiational,2013,451.2
radiational,2013,448.3
radiational,2013,493.8
radiational,2013,491
radiational,2013,488.1
radiational,2013,485.3
radiational,2013,473.9
radiational,2013,471.1
radiational,2013,468.2
radiational,2013,465.4
radiational,2013,462.5
radiational,2013,459.7
radiational,2013,456.9
radiational,2013,454
radiational,2013,451.2
radiational,2013,448.3
radiational,2013,493.8
radiational,2013,491
radiational,2013,488.1
radiational,2013,485.3
radiational,2013,471.1
radiational,2013,468.2
radiational,2013,465.4
radiational,2013,462.5
radiational,2013,459.7
radiational,2013,456.9
radiational,2013,454
radiational,2013,451.2
radiational,2013,448.3
radiational,2013,493.8
radiational,2013,491
radiational,2013,488.1
radiational,2013,485.3
radiational,2013,471.1
radiational,2013,468.2
radiational,2013,465.4
radiational,2013,462.5
radiational,2013,459.7
radiational,2013,456.9
radiational,2013,454
radiational,2013,451.2
radiational,2013,448.3
radiational,2013,445.5
radiational,2013,493.8
radiational,2013,491
radiational,2013,488.1
radiational,2013,485.3
radiational,2013,471.1
radiational,2013,468.2
radiational,2013,465.4
radiational,2013,462.5
radiational,2013,459.7
radiational,2013,456.9
radiational,2013,454
radiational,2013,451.2
radiational,2013,448.3
radiational,2013,445.5
radiational,2013,493.8
radiational,2013,491
radiational,2013,488.1
radiational,2013,485.3
radiational,2013,471.1
radiational,2013,468.2
radiational,2013,465.4
radiational,2013,462.5
radiational,2013,459.7
radiational,2013,456.9
radiational,2013,454
radiational,2013,451.2
radiational,2013,448.3
radiational,2013,445.5
radiational,2013,493.8
radiational,2013,491
radiational,2013,488.1
radiational,2013,485.3
radiational,2013,468.2
radiational,2013,465.4
radiational,2013,462.5
radiational,2013,459.7
radiational,2013,456.9
radiational,2013,454
radiational,2013,451.2
radiational,2013,448.3
radiational,2013,445.5
radiational,2013,493.8
radiational,2013,491
radiational,2013,488.1
radiational,2013,485.3
radiational,2013,468.2
radiational,2013,465.4
radiational,2013,462.5
radiational,2013,459.7
radiational,2013,456.9
radiational,2013,454
radiational,2013,451.2
radiational,2013,448.3
radiational,2013,445.5
radiational,2013,442.7
radiational,2013,493.8
radiational,2013,491
radiational,2013,488.1
radiational,2013,485.3
radiational,2013,468.2
radiational,2013,465.4
radiational,2013,462.5
radiational,2013,459.7
radiational,2013,456.9
radiational,2013,454
radiational,2013,451.2
radiational,2013,448.3
radiational,2013,445.5
radiational,2013,442.7
radiational,2013,493.8
radiational,2013,491
radiational,2013,488.1
radiational,2013,485.3
radiational,2013,465.4
radiational,2013,462.5
radiational,2013,459.7
radiational,2013,456.9
radiational,2013,454
radiational,2013,451.2
radiational,2013,448.3
radiational,2013,445.5
radiational,2013,442.7
radiational,2013,493.8
radiational,2013,491
radiational,2013,488.1
radiational,2013,485.3
radiational,2013,465.4
radiational,2013,462.5
radiational,2013,459.7
radiational,2013,456.9
radiational,2013,454
radiational,2013,451.2
radiational,2013,448.3
radiational,2013,445.5
radiational,2013,442.7
radiational,2013,439.8
radiational,2013,493.8
radiational,2013,491
radiational,2013,488.1
radiational,2013,485.3
radiational,2013,465.4
radiational,2013,462.5
radiational,2013,459.7
radiational,2013,456.9
radiational,2013,454
radiational,2013,451.2
radiational,2013,448.3
radiational,2013,445.5
radiational,2013,442.7
radiational,2013,439.8
radiational,2013,493.8
radiational,2013,491
radiational,2013,488.1
radiational,2013,485.3
radiational,2013,465.4
radiational,2013,462.5
radiational,2013,459.7
radiational,2013,456.9
radiational,2013,454
radiational,2013,451.2
radiational,2013,448.3
radiational,2013,445.5
radiational,2013,442.7
radiational,2013,439.8
radiational,2013,493.8
radiational,2013,491
radiational,2013,488.1
radiational,2013,485.3
radiational,2013,462.5
radiational,2013,459.7
radiational,2013,456.9
radiational,2013,454
radiational,2013,451.2
radiational,2013,448.3
radiational,2013,445.5
radiational,2013,442.7
radiational,2013,439.8
radiational,2013,437
radiational,2013,493.8
radiational,2013,491
radiational,2013,488.1
radiational,2013,485.3
radiational,2013,462.5
radiational,2013,459.7
radiational,2013,456.9
radiational,2013,454
radiational,2013,451.2
radiational,2013,448.3
radiational,2013,445.5
radiational,2013,442.7
radiational,2013,439.8
radiational,2013,437
radiational,2013,493.8
radiational,2013,491
radiational,2013,488.1
radiational,2013,485.3
radiational,2013,462.5
radiational,2013,459.7
radiational,2013,456.9
radiational,2013,454
radiational,2013,451.2
radiational,2013,448.3
radiational,2013,445.5
radiational,2013,442.7
radiational,2013,439.8
radiational,2013,437
radiational,2013,493.8
radiational,2013,491
radiational,2013,488.1
radiational,2013,485.3
radiational,2013,459.7
radiational,2013,456.9
radiational,2013,454
radiational,2013,451.2
radiational,2013,448.3
radiational,2013,445.5
radiational,2013,442.7
radiational,2013,439.8
radiational,2013,437
radiational,2013,434.1
radiational,2013,493.8
radiational,2013,491
radiational,2013,488.1
radiational,2013,485.3
radiational,2013,459.7
radiational,2013,456.9
radiational,2013,454
radiational,2013,451.2
radiational,2013,448.3
radiational,2013,445.5
radiational,2013,442.7
radiational,2013,439.8
radiational,2013,437
radiational,2013,434.1
radiational,2013,493.8
radiational,2013,491
radiational,2013,488.1
radiational,2013,485.3
radiational,2013,459.7
radiational,2013,456.9
radiational,2013,454
radiational,2013,451.2
radiational,2013,448.3
radiational,2013,445.5
radiational,2013,442.7
radiational,2013,439.8
radiational,2013,437
radiational,2013,434.1
radiational,2013,493.8
radiational,2013,491
radiational,2013,488.1
radiational,2013,485.3
radiational,2013,456.9
radiational,2013,454
radiational,2013,451.2
radiational,2013,448.3
radiational,2013,445.5
radiational,2013,442.7
radiational,2013,439.8
radiational,2013,437
radiational,2013,434.1
radiational,2013,431.3
radiational,2013,493.8
radiational,2013,491
radiational,2013,488.1
radiational,2013,485.3
radiational,2013,456.9
radiational,2013,454
radiational,2013,451.2
radiational,2013,448.3
radiational,2013,445.5
radiational,2013,442.7
radiational,2013,439.8
radiational,2013,437
radiational,2013,434.1
radiational,2013,431.3
radiational,2013,493.8
radiational,2013,491
radiational,2013,488.1
radiational,2013,485.3
radiational,2013,456.9
radiational,2013,454
radiational,2013,451.2
radiational,2013,448.3
radiational,2013,445.5
radiational,2013,442.7
radiational,2013,439.8
radiational,2013,437
radiational,2013,434.1
radiational,2013,431.3
radiational,2013,493.8
radiational,2013,491
radiational,2013,488.1
radiational,2013,485.3
radiational,2013,456.9
radiational,2013,454
radiational,2013,451.2
radiational,2013,448.3
radiational,2013,445.5
radiational,2013,442.7
radiational,2013,439.8
radiational,2013,437
radiational,2013,434.1
radiational,2013,431.3
radiational,2013,493.8
radiational,2013,491
radiational,2013,488.1
radiational,2013,485.3
radiational,2013,456.9
radiational,2013,454
radiational,2013,451.2
radiational,2013,448.3
radiational,2013,445.5
radiational,2013,442.7
radiational,2013,439.8
radiational,2013,437
radiational,2013,434.1
radiational,2013,431.3
radiational,2013,493.8
radiational,2013,491
radiational,2013,488.1
radiational,2013,485.3
radiational,2013,456.9
radiational,2013,454
radiational,2013,451.2
radiational,2013,448.3
radiational,2013,445.5
radiational,2013,442.7
radiational,2013,439.8
radiational,2013,437
radiational,2013,434.1
radiational,2013,431.3
radiational,2013,493.8
radiational,2013,491
radiational,2013,488.1
radiational,2013,485.3
radiational,2013,459.7
radiational,2013,456.9
radiational,2013,454
radiational,2013,451.2
radiational,2013,448.3
radiational,2013,445.5
radiational,2013,442.7
radiational,2013,439.8
radiational,2013,437
radiational,2013,434.1
radiational,2013,493.8
radiational,2013,491
radiational,2013,488.1
radiational,2013,485.3
radiational,2013,459.7
radiational,2013,456.9
radiational,2013,454
radiational,2013,451.2
radiational,2013,448.3
radiational,2013,445.5
radiational,2013,442.7
radiational,2013,439.8
radiational,2013,437
radiational,2013,434.1
radiational,2013,493.8
radiational,2013,491
radiational,2013,488.1
radiational,2013,485.3
radiational,2013,459.7
radiational,2013,456.9
radiational,2013,454
radiational,2013,451.2
radiational,2013,448.3
radiational,2013,445.5
radiational,2013,442.7
radiational,2013,439.8
radiational,2013,437
radiational,2013,434.1
radiational,2013,493.8
radiational,2013,491
radiational,2013,488.1
radiational,2013,485.3
radiational,2013,462.5
radiational,2013,459.7
radiational,2013,456.9
radiational,2013,454
radiational,2013,451.2
radiational,2013,448.3
radiational,2013,445.5
radiational,2013,442.7
radiational,2013,439.8
radiational,2013,437
radiational,2013,493.8
radiational,2013,491
radiational,2013,488.1
radiational,2013,485.3
radiational,2013,462.5
radiational,2013,459.7
radiational,2013,456.9
radiational,2013,454
radiational,2013,451.2
radiational,2013,448.3
radiational,2013,445.5
radiational,2013,442.7
radiational,2013,439.8
radiational,2013,437
radiational,2013,493.8
radiational,2013,491
radiational,2013,488.1
radiational,2013,485.3
radiational,2013,465.4
radiational,2013,462.5
radiational,2013,459.7
radiational,2013,456.9
radiational,2013,454
radiational,2013,451.2
radiational,2013,448.3
radiational,2013,445.5
radiational,2013,442.7
radiational,2013,439.8
radiational,2013,493.8
radiational,2013,491
radiational,2013,488.1
radiational,2013,485.3
radiational,2013,465.4
radiational,2013,462.5
radiational,2013,459.7
radiational,2013,456.9
radiational,2013,454
radiational,2013,451.2
radiational,2013,448.3
radiational,2013,445.5
radiational,2013,442.7
radiational,2013,439.8
radiational,2013,493.8
radiational,2013,491
radiational,2013,488.1
radiational,2013,485.3
radiational,2013,465.4
radiational,2013,462.5
radiational,2013,459.7
radiational,2013,456.9
radiational,2013,454
radiational,2013,451.2
radiational,2013,448.3
radiational,2013,445.5
radiational,2013,442.7
radiational,2013,439.8
radiational,2013,493.8
radiational,2013,491
radiational,2013,488.1
radiational,2013,485.3
radiational,2013,468.2
radiational,2013,465.4
radiational,2013,462.5
radiational,2013,459.7
radiational,2013,456.9
radiational,2013,454
radiational,2013,451.2
radiational,2013,448.3
radiational,2013,445.5
radiational,2013,442.7
radiational,2013,493.8
radiational,2013,491
radiational,2013,488.1
radiational,2013,485.3
radiational,2013,468.2
radiational,2013,465.4
radiational,2013,462.5
radiational,2013,459.7
radiational,2013,456.9
radiational,2013,454
radiational,2013,451.2
radiational,2013,448.3
radiational,2013,445.5
radiational,2013,442.7
radiational,2013,493.8
radiational,2013,491
radiational,2013,488.1
radiational,2013,485.3
radiational,2013,468.2
radiational,2013,465.4
radiational,2013,462.5
radiational,2013,459.7
radiational,2013,456.9
radiational,2013,454
radiational,2013,451.2
radiational,2013,448.3
radiational,2013,445.5
radiational,2013,442.7
radiational,2013,493.8
radiational,2013,491
radiational,2013,488.1
radiational,2013,485.3
radiational,2013,468.2
radiational,2013,465.4
radiational,2013,462.5
radiational,2013,459.7
radiational,2013,456.9
radiational,2013,454
radiational,2013,451.2
radiational,2013,448.3
radiational,2013,445.5
radiational,2013,493.8
radiational,2013,491
radiational,2013,488.1
radiational,2013,485.3
radiational,2013,471.1
radiational,2013,468.2
radiational,2013,465.4
radiational,2013,462.5
radiational,2013,459.7
radiational,2013,456.9
radiational,2013,454
radiational,2013,451.2
radiational,2013,448.3
radiational,2013,445.5
radiational,2013,493.8
radiational,2013,491
radiational,2013,488.1
radiational,2013,485.3
radiational,2013,471.1
radiational,2013,468.2
radiational,2013,465.4
radiational,2013,462.5
radiational,2013,459.7
radiational,2013,456.9
radiational,2013,454
radiational,2013,451.2
radiational,2013,448.3
radiational,2013,445.5
radiational,2013,493.8
radiational,2013,491
radiational,2013,488.1
radiational,2013,485.3
radiational,2013,471.1
radiational,2013,468.2
radiational,2013,465.4
radiational,2013,462.5
radiational,2013,459.7
radiational,2013,456.9
radiational,2013,454
radiational,2013,451.2
radiational,2013,448.3
radiational,2013,445.5
radiational,2013,493.8
radiational,2013,491
radiational,2013,488.1
radiational,2013,485.3
radiational,2013,471.1
radiational,2013,468.2
radiational,2013,465.4
radiational,2013,462.5
radiational,2013,459.7
radiational,2013,456.9
radiational,2013,454
radiational,2013,451.2
radiational,2013,448.3
radiational,2013,445.5
radiational,2013,493.8
radiational,2013,491
radiational,2013,488.1
radiational,2013,485.3
radiational,2013,471.1
radiational,2013,468.2
radiational,2013,465.4
radiational,2013,462.5
radiational,2013,459.7
radiational,2013,456.9
radiational,2013,454
radiational,2013,451.2
radiational,2013,448.3
radiational,2013,493.8
radiational,2013,491
radiational,2013,488.1
radiational,2013,485.3
radiational,2013,473.9
radiational,2013,471.1
radiational,2013,468.2
radiational,2013,465.4
radiational,2013,462.5
radiational,2013,459.7
radiational,2013,456.9
radiational,2013,454
radiational,2013,451.2
radiational,2013,448.3
radiational,2013,493.8
radiational,2013,491
radiational,2013,488.1
radiational,2013,485.3
radiational,2013,473.9
radiational,2013,471.1
radiational,2013,468.2
radiational,2013,465.4
radiational,2013,462.5
radiational,2013,459.7
radiational,2013,456.9
radiational,2013,454
radiational,2013,451.2
radiational,2013,448.3
radiational,2013,493.8
radiational,2013,491
radiational,2013,488.1
radiational,2013,485.3
radiational,2013,473.9
radiational,2013,471.1
radiational,2013,468.2
radiational,2013,465.4
radiational,2013,462.5
radiational,2013,459.7
radiational,2013,456.9
radiational,2013,454
radiational,2013,451.2
radiational,2013,448.3
radiational,2014,493.8
radiational,2014,491
radiational,2014,488.1
radiational,2014,485.3
radiational,2014,473.9
radiational,2014,471.1
radiational,2014,468.2
radiational,2014,465.4
radiational,2014,462.5
radiational,2014,459.7
radiational,2014,456.9
radiational,2014,454
radiational,2014,451.2
radiational,2014,493.8
radiational,2014,491
radiational,2014,488.1
radiational,2014,485.3
radiational,2014,476.7
radiational,2014,473.9
radiational,2014,471.1
radiational,2014,468.2
radiational,2014,465.4
radiational,2014,462.5
radiational,2014,459.7
radiational,2014,456.9
radiational,2014,454
radiational,2014,451.2
radiational,2014,493.8
radiational,2014,491
radiational,2014,488.1
radiational,2014,485.3
radiational,2014,476.7
radiational,2014,473.9
radiational,2014,471.1
radiational,2014,468.2
radiational,2014,465.4
radiational,2014,462.5
radiational,2014,459.7
radiational,2014,456.9
radiational,2014,454
radiational,2014,451.2
radiational,2014,493.8
radiational,2014,491
radiational,2014,488.1
radiational,2014,485.3
radiational,2014,476.7
radiational,2014,473.9
radiational,2014,471.1
radiational,2014,468.2
radiational,2014,465.4
radiational,2014,462.5
radiational,2014,459.7
radiational,2014,456.9
radiational,2014,454
radiational,2014,451.2
radiational,2014,493.8
radiational,2014,491
radiational,2014,488.1
radiational,2014,485.3
radiational,2014,476.7
radiational,2014,473.9
radiational,2014,471.1
radiational,2014,468.2
radiational,2014,465.4
radiational,2014,462.5
radiational,2014,459.7
radiational,2014,456.9
radiational,2014,454
radiational,2014,451.2
radiational,2014,493.8
radiational,2014,491
radiational,2014,488.1
radiational,2014,485.3
radiational,2014,479.6
radiational,2014,476.7
radiational,2014,473.9
radiational,2014,471.1
radiational,2014,468.2
radiational,2014,465.4
radiational,2014,462.5
radiational,2014,459.7
radiational,2014,456.9
radiational,2014,454
radiational,2014,493.8
radiational,2014,491
radiational,2014,488.1
radiational,2014,485.3
radiational,2014,479.6
radiational,2014,476.7
radiational,2014,473.9
radiational,2014,471.1
radiational,2014,468.2
radiational,2014,465.4
radiational,2014,462.5
radiational,2014,459.7
radiational,2014,456.9
radiational,2014,454
radiational,2014,493.8
radiational,2014,491
radiational,2014,488.1
radiational,2014,485.3
radiational,2014,479.6
radiational,2014,476.7
radiational,2014,473.9
radiational,2014,471.1
radiational,2014,468.2
radiational,2014,465.4
radiational,2014,462.5
radiational,2014,459.7
radiational,2014,456.9
radiational,2014,454
radiational,2014,493.8
radiational,2014,491
radiational,2014,488.1
radiational,2014,485.3
radiational,2014,479.6
radiational,2014,476.7
radiational,2014,473.9
radiational,2014,471.1
radiational,2014,468.2
radiational,2014,465.4
radiational,2014,462.5
radiational,2014,459.7
radiational,2014,456.9
radiational,2014,493.8
radiational,2014,491
radiational,2014,488.1
radiational,2014,485.3
radiational,2014,482.4
radiational,2014,479.6
radiational,2014,476.7
radiational,2014,473.9
radiational,2014,471.1
radiational,2014,468.2
radiational,2014,465.4
radiational,2014,462.5
radiational,2014,459.7
radiational,2014,456.9
radiational,2014,493.8
radiational,2014,491
radiational,2014,488.1
radiational,2014,485.3
radiational,2014,482.4
radiational,2014,479.6
radiational,2014,476.7
radiational,2014,473.9
radiational,2014,471.1
radiational,2014,468.2
radiational,2014,465.4
radiational,2014,462.5
radiational,2014,459.7
radiational,2014,456.9
radiational,2014,493.8
radiational,2014,491
radiational,2014,488.1
radiational,2014,485.3
radiational,2014,482.4
radiational,2014,479.6
radiational,2014,476.7
radiational,2014,473.9
radiational,2014,471.1
radiational,2014,468.2
radiational,2014,465.4
radiational,2014,462.5
radiational,2014,459.7
radiational,2014,456.9
radiational,2014,493.8
radiational,2014,491
radiational,2014,488.1
radiational,2014,485.3
radiational,2014,482.4
radiational,2014,479.6
radiational,2014,476.7
radiational,2014,473.9
radiational,2014,471.1
radiational,2014,468.2
radiational,2014,465.4
radiational,2014,462.5
radiational,2014,459.7
radiational,2014,493.8
radiational,2014,491
radiational,2014,488.1
radiational,2014,485.3
radiational,2014,482.4
radiational,2014,479.6
radiational,2014,476.7
radiational,2014,473.9
radiational,2014,471.1
radiational,2014,468.2
radiational,2014,465.4
radiational,2014,462.5
radiational,2014,459.7
radiational,2014,493.8
radiational,2014,491
radiational,2014,488.1
radiational,2014,485.3
radiational,2014,482.4
radiational,2014,479.6
radiational,2014,476.7
radiational,2014,473.9
radiational,2014,471.1
radiational,2014,468.2
radiational,2014,465.4
radiational,2014,462.5
radiational,2014,459.7
radiational,2014,493.8
radiational,2014,491
radiational,2014,488.1
radiational,2014,485.3
radiational,2014,482.4
radiational,2014,479.6
radiational,2014,476.7
radiational,2014,473.9
radiational,2014,471.1
radiational,2014,468.2
radiational,2014,465.4
radiational,2014,462.5
radiational,2014,459.7
radiational,2014,493.8
radiational,2014,491
radiational,2014,488.1
radiational,2014,485.3
radiational,2014,482.4
radiational,2014,479.6
radiational,2014,476.7
radiational,2014,473.9
radiational,2014,471.1
radiational,2014,468.2
radiational,2014,465.4
radiational,2014,462.5
radiational,2014,459.7
radiational,2014,493.8
radiational,2014,491
radiational,2014,488.1
radiational,2014,485.3
radiational,2014,482.4
radiational,2014,479.6
radiational,2014,476.7
radiational,2014,473.9
radiational,2014,471.1
radiational,2014,468.2
radiational,2014,465.4
radiational,2014,462.5
radiational,2014,459.7
radiational,2014,493.8
radiational,2014,491
radiational,2014,488.1
radiational,2014,485.3
radiational,2014,482.4
radiational,2014,479.6
radiational,2014,476.7
radiational,2014,473.9
radiational,2014,471.1
radiational,2014,468.2
radiational,2014,465.4
radiational,2014,462.5
radiational,2014,459.7
radiational,2014,493.8
radiational,2014,491
radiational,2014,488.1
radiational,2014,485.3
radiational,2014,482.4
radiational,2014,479.6
radiational,2014,476.7
radiational,2014,473.9
radiational,2014,471.1
radiational,2014,468.2
radiational,2014,465.4
radiational,2014,462.5
radiational,2014,459.7
radiational,2014,493.8
radiational,2014,491
radiational,2014,488.1
radiational,2014,485.3
radiational,2014,482.4
radiational,2014,479.6
radiational,2014,476.7
radiational,2014,473.9
radiational,2014,471.1
radiational,2014,468.2
radiational,2014,465.4
radiational,2014,462.5
radiational,2014,459.7
radiational,2014,493.8
radiational,2014,491
radiational,2014,488.1
radiational,2014,485.3
radiational,2014,482.4
radiational,2014,479.6
radiational,2014,476.7
radiational,2014,473.9
radiational,2014,471.1
radiational,2014,468.2
radiational,2014,465.4
radiational,2014,462.5
radiational,2014,459.7
radiational,2014,493.8
radiational,2014,491
radiational,2014,488.1
radiational,2014,485.3
radiational,2014,482.4
radiational,2014,479.6
radiational,2014,476.7
radiational,2014,473.9
radiational,2014,471.1
radiational,2014,468.2
radiational,2014,465.4
radiational,2014,462.5
radiational,2014,459.7
radiational,2014,493.8
radiational,2014,491
radiational,2014,488.1
radiational,2014,485.3
radiational,2014,482.4
radiational,2014,479.6
radiational,2014,476.7
radiational,2014,473.9
radiational,2014,471.1
radiational,2014,468.2
radiational,2014,465.4
radiational,2014,462.5
radiational,2014,459.7
radiational,2014,493.8
radiational,2014,491
radiational,2014,488.1
radiational,2014,485.3
radiational,2014,482.4
radiational,2014,479.6
radiational,2014,476.7
radiational,2014,473.9
radiational,2014,471.1
radiational,2014,468.2
radiational,2014,465.4
radiational,2014,462.5
radiational,2014,459.7
radiational,2014,493.8
radiational,2014,491
radiational,2014,488.1
radiational,2014,485.3
radiational,2014,482.4
radiational,2014,479.6
radiational,2014,476.7
radiational,2014,473.9
radiational,2014,471.1
radiational,2014,468.2
radiational,2014,465.4
radiational,2014,462.5
radiational,2014,459.7
radiational,2014,493.8
radiational,2014,491
radiational,2014,488.1
radiational,2014,485.3
radiational,2014,482.4
radiational,2014,479.6
radiational,2014,476.7
radiational,2014,473.9
radiational,2014,471.1
radiational,2014,468.2
radiational,2014,465.4
radiational,2014,462.5
radiational,2014,459.7
radiational,2014,493.8
radiational,2014,491
radiational,2014,488.1
radiational,2014,485.3
radiational,2014,482.4
radiational,2014,479.6
radiational,2014,476.7
radiational,2014,473.9
radiational,2014,471.1
radiational,2014,468.2
radiational,2014,465.4
radiational,2014,462.5
radiational,2014,459.7
radiational,2014,493.8
radiational,2014,491
radiational,2014,488.1
radiational,2014,485.3
radiational,2014,482.4
radiational,2014,479.6
radiational,2014,476.7
radiational,2014,473.9
radiational,2014,471.1
radiational,2014,468.2
radiational,2014,465.4
radiational,2014,462.5
radiational,2014,459.7
radiational,2014,493.8
radiational,2014,491
radiational,2014,488.1
radiational,2014,485.3
radiational,2014,482.4
radiational,2014,479.6
radiational,2014,476.7
radiational,2014,473.9
radiational,2014,471.1
radiational,2014,468.2
radiational,2014,465.4
radiational,2014,462.5
radiational,2014,459.7
radiational,2014,493.8
radiational,2014,491
radiational,2014,488.1
radiational,2014,485.3
radiational,2014,482.4
radiational,2014,479.6
radiational,2014,476.7
radiational,2014,473.9
radiational,2014,471.1
radiational,2014,468.2
radiational,2014,465.4
radiational,2014,462.5
radiational,2014,459.7
radiational,2014,493.8
radiational,2014,491
radiational,2014,488.1
radiational,2014,485.3
radiational,2014,482.4
radiational,2014,479.6
radiational,2014,476.7
radiational,2014,473.9
radiational,2014,471.1
radiational,2014,468.2
radiational,2014,465.4
radiational,2014,462.5
radiational,2014,459.7
radiational,2014,493.8
radiational,2014,491
radiational,2014,488.1
radiational,2014,485.3
radiational,2014,482.4
radiational,2014,479.6
radiational,2014,476.7
radiational,2014,473.9
radiational,2014,471.1
radiational,2014,468.2
radiational,2014,465.4
radiational,2014,462.5
radiational,2014,459.7
radiational,2014,493.8
radiational,2014,491
radiational,2014,488.1
radiational,2014,485.3
radiational,2014,482.4
radiational,2014,479.6
radiational,2014,476.7
radiational,2014,473.9
radiational,2014,471.1
radiational,2014,468.2
radiational,2014,465.4
radiational,2014,462.5
radiational,2014,459.7
radiational,2014,493.8
radiational,2014,491
radiational,2014,488.1
radiational,2014,485.3
radiational,2014,482.4
radiational,2014,479.6
radiational,2014,476.7
radiational,2014,473.9
radiational,2014,471.1
radiational,2014,468.2
radiational,2014,465.4
radiational,2014,462.5
radiational,2014,459.7
radiational,2014,493.8
radiational,2014,491
radiational,2014,488.1
radiational,2014,485.3
radiational,2014,482.4
radiational,2014,479.6
radiational,2014,476.7
radiational,2014,473.9
radiational,2014,471.1
radiational,2014,468.2
radiational,2014,465.4
radiational,2014,462.5
radiational,2014,459.7
radiational,2014,493.8
radiational,2014,491
radiational,2014,488.1
radiational,2014,485.3
radiational,2014,482.4
radiational,2014,479.6
radiational,2014,476.7
radiational,2014,473.9
radiational,2014,471.1
radiational,2014,468.2
radiational,2014,465.4
radiational,2014,462.5
radiational,2014,459.7
radiational,2014,493.8
radiational,2014,491
radiational,2014,488.1
radiational,2014,485.3
radiational,2014,482.4
radiational,2014,479.6
radiational,2014,476.7
radiational,2014,473.9
radiational,2014,471.1
radiational,2014,468.2
radiational,2014,465.4
radiational,2014,462.5
radiational,2014,459.7
radiational,2014,493.8
radiational,2014,491
radiational,2014,488.1
radiational,2014,485.3
radiational,2014,482.4
radiational,2014,479.6
radiational,2014,476.7
radiational,2014,473.9
radiational,2014,471.1
radiational,2014,468.2
radiational,2014,465.4
radiational,2014,462.5
radiational,2014,459.7
radiational,2014,493.8
radiational,2014,491
radiational,2014,488.1
radiational,2014,485.3
radiational,2014,482.4
radiational,2014,479.6
radiational,2014,476.7
radiational,2014,473.9
radiational,2014,471.1
radiational,2014,468.2
radiational,2014,465.4
radiational,2014,462.5
radiational,2014,459.7
radiational,2014,493.8
radiational,2014,491
radiational,2014,488.1
radiational,2014,485.3
radiational,2014,482.4
radiational,2014,479.6
radiational,2014,476.7
radiational,2014,473.9
radiational,2014,471.1
radiational,2014,468.2
radiational,2014,465.4
radiational,2014,462.5
radiational,2014,459.7
radiational,2014,493.8
radiational,2014,491
radiational,2014,488.1
radiational,2014,485.3
radiational,2014,482.4
radiational,2014,479.6
radiational,2014,476.7
radiational,2014,473.9
radiational,2014,471.1
radiational,2014,468.2
radiational,2014,465.4
radiational,2014,462.5
radiational,2014,459.7
radiational,2014,493.8
radiational,2014,491
radiational,2014,488.1
radiational,2014,485.3
radiational,2014,482.4
radiational,2014,479.6
radiational,2014,476.7
radiational,2014,473.9
radiational,2014,471.1
radiational,2014,468.2
radiational,2014,465.4
radiational,2014,462.5
radiational,2014,459.7
radiational,2014,493.8
radiational,2014,491
radiational,2014,488.1
radiational,2014,485.3
radiational,2014,482.4
radiational,2014,479.6
radiational,2014,476.7
radiational,2014,473.9
radiational,2014,471.1
radiational,2014,468.2
radiational,2014,465.4
radiational,2014,462.5
radiational,2014,459.7
radiational,2014,493.8
radiational,2014,491
radiational,2014,488.1
radiational,2014,485.3
radiational,2014,482.4
radiational,2014,479.6
radiational,2014,476.7
radiational,2014,473.9
radiational,2014,471.1
radiational,2014,468.2
radiational,2014,465.4
radiational,2014,462.5
radiational,2014,459.7
radiational,2014,493.8
radiational,2014,491
radiational,2014,488.1
radiational,2014,485.3
radiational,2014,482.4
radiational,2014,479.6
radiational,2014,476.7
radiational,2014,473.9
radiational,2014,471.1
radiational,2014,468.2
radiational,2014,465.4
radiational,2014,462.5
radiational,2014,459.7
radiational,2014,493.8
radiational,2014,491
radiational,2014,488.1
radiational,2014,485.3
radiational,2014,482.4
radiational,2014,479.6
radiational,2014,476.7
radiational,2014,473.9
radiational,2014,471.1
radiational,2014,468.2
radiational,2014,465.4
radiational,2014,462.5
radiational,2014,459.7
radiational,2014,493.8
radiational,2014,491
radiational,2014,488.1
radiational,2014,485.3
radiational,2014,482.4
radiational,2014,479.6
radiational,2014,476.7
radiational,2014,473.9
radiational,2014,471.1
radiational,2014,468.2
radiational,2014,465.4
radiational,2014,462.5
radiational,2014,459.7
radiational,2014,493.8
radiational,2014,491
radiational,2014,488.1
radiational,2014,485.3
radiational,2014,482.4
radiational,2014,479.6
radiational,2014,476.7
radiational,2014,473.9
radiational,2014,471.1
radiational,2014,468.2
radiational,2014,465.4
radiational,2014,462.5
radiational,2014,459.7
radiational,2014,493.8
radiational,2014,491
radiational,2014,488.1
radiational,2014,485.3
radiational,2014,482.4
radiational,2014,479.6
radiational,2014,476.7
radiational,2014,473.9
radiational,2014,471.1
radiational,2014,468.2
radiational,2014,465.4
radiational,2014,462.5
radiational,2014,459.7
radiational,2014,493.8
radiational,2014,491
radiational,2014,488.1
radiational,2014,485.3
radiational,2014,482.4
radiational,2014,479.6
radiational,2014,476.7
radiational,2014,473.9
radiational,2014,471.1
radiational,2014,468.2
radiational,2014,465.4
radiational,2014,462.5
radiational,2014,459.7
radiational,2014,493.8
radiational,2014,491
radiational,2014,488.1
radiational,2014,485.3
radiational,2014,482.4
radiational,2014,479.6
radiational,2014,476.7
radiational,2014,473.9
radiational,2014,471.1
radiational,2014,468.2
radiational,2014,465.4
radiational,2014,462.5
radiational,2014,459.7
radiational,2014,493.8
radiational,2014,491
radiational,2014,488.1
radiational,2014,485.3
radiational,2014,482.4
radiational,2014,479.6
radiational,2014,476.7
radiational,2014,473.9
radiational,2014,471.1
radiational,2014,468.2
radiational,2014,465.4
radiational,2014,462.5
radiational,2014,459.7
radiational,2014,493.8
radiational,2014,491
radiational,2014,488.1
radiational,2014,485.3
radiational,2014,482.4
radiational,2014,479.6
radiational,2014,476.7
radiational,2014,473.9
radiational,2014,471.1
radiational,2014,468.2
radiational,2014,465.4
radiational,2014,462.5
radiational,2014,459.7
radiational,2014,493.8
radiational,2014,491
radiational,2014,488.1
radiational,2014,485.3
radiational,2014,482.4
radiational,2014,479.6
radiational,2014,476.7
radiational,2014,473.9
radiational,2014,471.1
radiational,2014,468.2
radiational,2014,465.4
radiational,2014,462.5
radiational,2014,459.7
radiational,2014,493.8
radiational,2014,491
radiational,2014,488.1
radiational,2014,485.3
radiational,2014,482.4
radiational,2014,479.6
radiational,2014,476.7
radiational,2014,473.9
radiational,2014,471.1
radiational,2014,468.2
radiational,2014,465.4
radiational,2014,462.5
radiational,2014,459.7
radiational,2014,493.8
radiational,2014,491
radiational,2014,488.1
radiational,2014,485.3
radiational,2014,482.4
radiational,2014,479.6
radiational,2014,476.7
radiational,2014,473.9
radiational,2014,471.1
radiational,2014,468.2
radiational,2014,465.4
radiational,2014,462.5
radiational,2014,459.7
radiational,2014,493.8
radiational,2014,491
radiational,2014,488.1
radiational,2014,485.3
radiational,2014,482.4
radiational,2014,479.6
radiational,2014,476.7
radiational,2014,473.9
radiational,2014,471.1
radiational,2014,468.2
radiational,2014,465.4
radiational,2014,462.5
radiational,2014,459.7
radiational,2014,493.8
radiational,2014,491
radiational,2014,488.1
radiational,2014,485.3
radiational,2014,482.4
radiational,2014,479.6
radiational,2014,476.7
radiational,2014,473.9
radiational,2014,471.1
radiational,2014,468.2
radiational,2014,465.4
radiational,2014,462.5
radiational,2014,459.7
radiational,2014,493.8
radiational,2014,491
radiational,2014,488.1
radiational,2014,485.3
radiational,2014,482.4
radiational,2014,479.6
radiational,2014,476.7
radiational,2014,473.9
radiational,2014,471.1
radiational,2014,468.2
radiational,2014,465.4
radiational,2014,462.5
radiational,2014,459.7
radiational,2014,493.8
radiational,2014,491
radiational,2014,488.1
radiational,2014,485.3
radiational,2014,482.4
radiational,2014,479.6
radiational,2014,476.7
radiational,2014,473.9
radiational,2014,471.1
radiational,2014,468.2
radiational,2014,465.4
radiational,2014,462.5
radiational,2014,459.7
radiational,2014,493.8
radiational,2014,491
radiational,2014,488.1
radiational,2014,485.3
radiational,2014,482.4
radiational,2014,479.6
radiational,2014,476.7
radiational,2014,473.9
radiational,2014,471.1
radiational,2014,468.2
radiational,2014,465.4
radiational,2014,462.5
radiational,2014,459.7
radiational,2014,493.8
radiational,2014,491
radiational,2014,488.1
radiational,2014,485.3
radiational,2014,482.4
radiational,2014,479.6
radiational,2014,476.7
radiational,2014,473.9
radiational,2014,471.1
radiational,2014,468.2
radiational,2014,465.4
radiational,2014,462.5
radiational,2014,459.7
radiational,2014,493.8
radiational,2014,491
radiational,2014,488.1
radiational,2014,485.3
radiational,2014,482.4
radiational,2014,479.6
radiational,2014,476.7
radiational,2014,473.9
radiational,2014,471.1
radiational,2014,468.2
radiational,2014,465.4
radiational,2014,462.5
radiational,2014,459.7
radiational,2014,493.8
radiational,2014,491
radiational,2014,488.1
radiational,2014,485.3
radiational,2014,482.4
radiational,2014,479.6
radiational,2014,476.7
radiational,2014,473.9
radiational,2014,471.1
radiational,2014,468.2
radiational,2014,465.4
radiational,2014,462.5
radiational,2014,459.7
radiational,2014,493.8
radiational,2014,491
radiational,2014,488.1
radiational,2014,485.3
radiational,2014,482.4
radiational,2014,479.6
radiational,2014,476.7
radiational,2014,473.9
radiational,2014,471.1
radiational,2014,468.2
radiational,2014,465.4
radiational,2014,462.5
radiational,2014,459.7
radiational,2014,493.8
radiational,2014,491
radiational,2014,488.1
radiational,2014,485.3
radiational,2014,482.4
radiational,2014,479.6
radiational,2014,476.7
radiational,2014,473.9
radiational,2014,471.1
radiational,2014,468.2
radiational,2014,465.4
radiational,2014,462.5
radiational,2014,459.7
radiational,2014,493.8
radiational,2014,491
radiational,2014,488.1
radiational,2014,485.3
radiational,2014,482.4
radiational,2014,479.6
radiational,2014,476.7
radiational,2014,473.9
radiational,2014,471.1
radiational,2014,468.2
radiational,2014,465.4
radiational,2014,462.5
radiational,2014,459.7
radiational,2014,493.8
radiational,2014,491
radiational,2014,488.1
radiational,2014,485.3
radiational,2014,482.4
radiational,2014,479.6
radiational,2014,476.7
radiational,2014,473.9
radiational,2014,471.1
radiational,2014,468.2
radiational,2014,465.4
radiational,2014,462.5
radiational,2014,459.7
radiational,2014,493.8
radiational,2014,491
radiational,2014,488.1
radiational,2014,485.3
radiational,2014,482.4
radiational,2014,479.6
radiational,2014,476.7
radiational,2014,473.9
radiational,2014,471.1
radiational,2014,468.2
radiational,2014,465.4
radiational,2014,462.5
radiational,2014,459.7
radiational,2014,493.8
radiational,2014,491
radiational,2014,488.1
radiational,2014,485.3
radiational,2014,482.4
radiational,2014,479.6
radiational,2014,476.7
radiational,2014,473.9
radiational,2014,471.1
radiational,2014,468.2
radiational,2014,465.4
radiational,2014,462.5
radiational,2014,459.7
radiational,2014,493.8
radiational,2014,491
radiational,2014,488.1
radiational,2014,485.3
radiational,2014,482.4
radiational,2014,479.6
radiational,2014,476.7
radiational,2014,473.9
radiational,2014,471.1
radiational,2014,468.2
radiational,2014,465.4
radiational,2014,462.5
radiational,2014,459.7
radiational,2014,493.8
radiational,2014,491
radiational,2014,488.1
radiational,2014,485.3
radiational,2014,482.4
radiational,2014,479.6
radiational,2014,476.7
radiational,2014,473.9
radiational,2014,471.1
radiational,2014,468.2
radiational,2014,465.4
radiational,2014,462.5
radiational,2014,493.8
radiational,2014,491
radiational,2014,488.1
radiational,2014,485.3
radiational,2014,482.4
radiational,2014,479.6
radiational,2014,476.7
radiational,2014,473.9
radiational,2014,471.1
radiational,2014,468.2
radiational,2014,465.4
radiational,2014,462.5
radiational,2014,493.8
radiational,2014,491
radiational,2014,488.1
radiational,2014,485.3
radiational,2014,482.4
radiational,2014,479.6
radiational,2014,476.7
radiational,2014,473.9
radiational,2014,471.1
radiational,2014,468.2
radiational,2014,465.4
radiational,2014,462.5
radiational,2014,493.8
radiational,2014,491
radiational,2014,488.1
radiational,2014,485.3
radiational,2014,482.4
radiational,2014,479.6
radiational,2014,476.7
radiational,2014,473.9
radiational,2014,471.1
radiational,2014,468.2
radiational,2014,465.4
radiational,2014,462.5
radiational,2014,493.8
radiational,2014,491
radiational,2014,488.1
radiational,2014,485.3
radiational,2014,482.4
radiational,2014,479.6
radiational,2014,476.7
radiational,2014,473.9
radiational,2014,471.1
radiational,2014,468.2
radiational,2014,465.4
radiational,2014,462.5
radiational,2014,493.8
radiational,2014,491
radiational,2014,488.1
radiational,2014,485.3
radiational,2014,482.4
radiational,2014,479.6
radiational,2014,476.7
radiational,2014,473.9
radiational,2014,471.1
radiational,2014,468.2
radiational,2014,465.4
radiational,2014,462.5
radiational,2014,493.8
radiational,2014,491
radiational,2014,488.1
radiational,2014,485.3
radiational,2014,482.4
radiational,2014,479.6
radiational,2014,476.7
radiational,2014,473.9
radiational,2014,471.1
radiational,2014,468.2
radiational,2014,465.4
radiational,2014,462.5
radiational,2014,493.8
radiational,2014,491
radiational,2014,488.1
radiational,2014,485.3
radiational,2014,482.4
radiational,2014,479.6
radiational,2014,476.7
radiational,2014,473.9
radiational,2014,471.1
radiational,2014,468.2
radiational,2014,465.4
radiational,2014,462.5
radiational,2014,493.8
radiational,2014,491
radiational,2014,488.1
radiational,2014,485.3
radiational,2014,482.4
radiational,2014,479.6
radiational,2014,476.7
radiational,2014,473.9
radiational,2014,471.1
radiational,2014,468.2
radiational,2014,465.4
radiational,2014,462.5
radiational,2014,493.8
radiational,2014,491
radiational,2014,488.1
radiational,2014,485.3
radiational,2014,482.4
radiational,2014,479.6
radiational,2014,476.7
radiational,2014,473.9
radiational,2014,471.1
radiational,2014,468.2
radiational,2014,465.4
radiational,2014,462.5
radiational,2014,493.8
radiational,2014,491
radiational,2014,488.1
radiational,2014,485.3
radiational,2014,482.4
radiational,2014,479.6
radiational,2014,476.7
radiational,2014,473.9
radiational,2014,471.1
radiational,2014,468.2
radiational,2014,465.4
radiational,2014,462.5
radiational,2014,493.8
radiational,2014,491
radiational,2014,488.1
radiational,2014,485.3
radiational,2014,482.4
radiational,2014,479.6
radiational,2014,476.7
radiational,2014,473.9
radiational,2014,471.1
radiational,2014,468.2
radiational,2014,465.4
radiational,2014,462.5
radiational,2014,493.8
radiational,2014,491
radiational,2014,488.1
radiational,2014,485.3
radiational,2014,482.4
radiational,2014,479.6
radiational,2014,476.7
radiational,2014,473.9
radiational,2014,471.1
radiational,2014,468.2
radiational,2014,465.4
radiational,2014,462.5
radiational,2014,493.8
radiational,2014,491
radiational,2014,488.1
radiational,2014,485.3
radiational,2014,482.4
radiational,2014,479.6
radiational,2014,476.7
radiational,2014,473.9
radiational,2014,471.1
radiational,2014,468.2
radiational,2014,465.4
radiational,2014,462.5
radiational,2014,493.8
radiational,2014,491
radiational,2014,488.1
radiational,2014,485.3
radiational,2014,482.4
radiational,2014,479.6
radiational,2014,476.7
radiational,2014,473.9
radiational,2014,471.1
radiational,2014,468.2
radiational,2014,465.4
radiational,2014,462.5
radiational,2014,493.8
radiational,2014,491
radiational,2014,488.1
radiational,2014,485.3
radiational,2014,482.4
radiational,2014,479.6
radiational,2014,476.7
radiational,2014,473.9
radiational,2014,471.1
radiational,2014,468.2
radiational,2014,465.4
radiational,2014,462.5
radiational,2014,493.8
radiational,2014,491
radiational,2014,488.1
radiational,2014,485.3
radiational,2014,482.4
radiational,2014,479.6
radiational,2014,476.7
radiational,2014,473.9
radiational,2014,471.1
radiational,2014,468.2
radiational,2014,465.4
radiational,2014,462.5
radiational,2014,493.8
radiational,2014,491
radiational,2014,488.1
radiational,2014,485.3
radiational,2014,482.4
radiational,2014,479.6
radiational,2014,476.7
radiational,2014,473.9
radiational,2014,471.1
radiational,2014,468.2
radiational,2014,465.4
radiational,2014,462.5
radiational,2014,493.8
radiational,2014,491
radiational,2014,488.1
radiational,2014,485.3
radiational,2014,482.4
radiational,2014,479.6
radiational,2014,476.7
radiational,2014,473.9
radiational,2014,471.1
radiational,2014,468.2
radiational,2014,465.4
radiational,2014,462.5
radiational,2014,493.8
radiational,2014,491
radiational,2014,488.1
radiational,2014,485.3
radiational,2014,482.4
radiational,2014,479.6
radiational,2014,476.7
radiational,2014,473.9
radiational,2014,471.1
radiational,2014,468.2
radiational,2014,465.4
radiational,2014,462.5
radiational,2014,493.8
radiational,2014,491
radiational,2014,488.1
radiational,2014,485.3
radiational,2014,482.4
radiational,2014,479.6
radiational,2014,476.7
radiational,2014,473.9
radiational,2014,471.1
radiational,2014,468.2
radiational,2014,465.4
radiational,2014,462.5
radiational,2014,493.8
radiational,2014,491
radiational,2014,488.1
radiational,2014,485.3
radiational,2014,482.4
radiational,2014,479.6
radiational,2014,476.7
radiational,2014,473.9
radiational,2014,471.1
radiational,2014,468.2
radiational,2014,465.4
radiational,2014,462.5
radiational,2014,459.7
radiational,2014,493.8
radiational,2014,491
radiational,2014,488.1
radiational,2014,485.3
radiational,2014,482.4
radiational,2014,479.6
radiational,2014,476.7
radiational,2014,473.9
radiational,2014,471.1
radiational,2014,468.2
radiational,2014,465.4
radiational,2014,462.5
radiational,2014,459.7
radiational,2014,493.8
radiational,2014,491
radiational,2014,488.1
radiational,2014,485.3
radiational,2014,482.4
radiational,2014,479.6
radiational,2014,476.7
radiational,2014,473.9
radiational,2014,471.1
radiational,2014,468.2
radiational,2014,465.4
radiational,2014,462.5
radiational,2014,493.8
radiational,2014,491
radiational,2014,488.1
radiational,2014,485.3
radiational,2014,482.4
radiational,2014,479.6
radiational,2014,476.7
radiational,2014,473.9
radiational,2014,471.1
radiational,2014,468.2
radiational,2014,465.4
radiational,2014,462.5
radiational,2014,493.8
radiational,2014,491
radiational,2014,488.1
radiational,2014,485.3
radiational,2014,482.4
radiational,2014,479.6
radiational,2014,476.7
radiational,2014,473.9
radiational,2014,471.1
radiational,2014,468.2
radiational,2014,465.4
radiational,2014,462.5
radiational,2014,493.8
radiational,2014,491
radiational,2014,488.1
radiational,2014,485.3
radiational,2014,482.4
radiational,2014,479.6
radiational,2014,476.7
radiational,2014,473.9
radiational,2014,471.1
radiational,2014,468.2
radiational,2014,465.4
radiational,2014,462.5
radiational,2014,493.8
radiational,2014,491
radiational,2014,488.1
radiational,2014,485.3
radiational,2014,482.4
radiational,2014,479.6
radiational,2014,476.7
radiational,2014,473.9
radiational,2014,471.1
radiational,2014,468.2
radiational,2014,465.4
radiational,2014,462.5
radiational,2014,493.8
radiational,2014,491
radiational,2014,488.1
radiational,2014,485.3
radiational,2014,482.4
radiational,2014,479.6
radiational,2014,476.7
radiational,2014,473.9
radiational,2014,471.1
radiational,2014,468.2
radiational,2014,465.4
radiational,2014,462.5
radiational,2014,493.8
radiational,2014,491
radiational,2014,488.1
radiational,2014,485.3
radiational,2014,482.4
radiational,2014,479.6
radiational,2014,476.7
radiational,2014,473.9
radiational,2014,471.1
radiational,2014,468.2
radiational,2014,465.4
radiational,2014,462.5
radiational,2014,493.8
radiational,2014,491
radiational,2014,488.1
radiational,2014,485.3
radiational,2014,482.4
radiational,2014,479.6
radiational,2014,476.7
radiational,2014,473.9
radiational,2014,471.1
radiational,2014,468.2
radiational,2014,465.4
radiational,2014,462.5
radiational,2014,493.8
radiational,2014,491
radiational,2014,488.1
radiational,2014,485.3
radiational,2014,482.4
radiational,2014,479.6
radiational,2014,476.7
radiational,2014,473.9
radiational,2014,471.1
radiational,2014,468.2
radiational,2014,465.4
radiational,2014,462.5
radiational,2014,493.8
radiational,2014,491
radiational,2014,488.1
radiational,2014,485.3
radiational,2014,482.4
radiational,2014,479.6
radiational,2014,476.7
radiational,2014,473.9
radiational,2014,471.1
radiational,2014,468.2
radiational,2014,465.4
radiational,2014,462.5
radiational,2014,493.8
radiational,2014,491
radiational,2014,488.1
radiational,2014,485.3
radiational,2014,482.4
radiational,2014,479.6
radiational,2014,476.7
radiational,2014,473.9
radiational,2014,471.1
radiational,2014,468.2
radiational,2014,465.4
radiational,2014,462.5
radiational,2014,493.8
radiational,2014,491
radiational,2014,488.1
radiational,2014,485.3
radiational,2014,482.4
radiational,2014,479.6
radiational,2014,476.7
radiational,2014,473.9
radiational,2014,471.1
radiational,2014,468.2
radiational,2014,465.4
radiational,2014,462.5
radiational,2014,493.8
radiational,2014,491
radiational,2014,488.1
radiational,2014,485.3
radiational,2014,482.4
radiational,2014,479.6
radiational,2014,476.7
radiational,2014,473.9
radiational,2014,471.1
radiational,2014,468.2
radiational,2014,465.4
radiational,2014,462.5
radiational,2014,493.8
radiational,2014,491
radiational,2014,488.1
radiational,2014,485.3
radiational,2014,482.4
radiational,2014,479.6
radiational,2014,476.7
radiational,2014,473.9
radiational,2014,471.1
radiational,2014,468.2
radiational,2014,465.4
radiational,2014,462.5
radiational,2014,459.7
radiational,2014,493.8
radiational,2014,491
radiational,2014,488.1
radiational,2014,485.3
radiational,2014,482.4
radiational,2014,479.6
radiational,2014,476.7
radiational,2014,473.9
radiational,2014,471.1
radiational,2014,468.2
radiational,2014,465.4
radiational,2014,462.5
radiational,2014,459.7
radiational,2014,493.8
radiational,2014,491
radiational,2014,488.1
radiational,2014,485.3
radiational,2014,482.4
radiational,2014,479.6
radiational,2014,476.7
radiational,2014,473.9
radiational,2014,471.1
radiational,2014,468.2
radiational,2014,465.4
radiational,2014,462.5
radiational,2014,459.7
radiational,2014,493.8
radiational,2014,491
radiational,2014,488.1
radiational,2014,485.3
radiational,2014,482.4
radiational,2014,479.6
radiational,2014,476.7
radiational,2014,473.9
radiational,2014,471.1
radiational,2014,468.2
radiational,2014,465.4
radiational,2014,462.5
radiational,2014,459.7
radiational,2014,493.8
radiational,2014,491
radiational,2014,488.1
radiational,2014,485.3
radiational,2014,482.4
radiational,2014,479.6
radiational,2014,476.7
radiational,2014,473.9
radiational,2014,471.1
radiational,2014,468.2
radiational,2014,465.4
radiational,2014,462.5
radiational,2014,459.7
radiational,2014,493.8
radiational,2014,491
radiational,2014,488.1
radiational,2014,485.3
radiational,2014,482.4
radiational,2014,479.6
radiational,2014,476.7
radiational,2014,473.9
radiational,2014,471.1
radiational,2014,468.2
radiational,2014,465.4
radiational,2014,462.5
radiational,2014,459.7
radiational,2014,493.8
radiational,2014,491
radiational,2014,488.1
radiational,2014,485.3
radiational,2014,482.4
radiational,2014,479.6
radiational,2014,476.7
radiational,2014,473.9
radiational,2014,471.1
radiational,2014,468.2
radiational,2014,465.4
radiational,2014,462.5
radiational,2014,459.7
radiational,2014,456.9
radiational,2014,493.8
radiational,2014,491
radiational,2014,488.1
radiational,2014,485.3
radiational,2014,482.4
radiational,2014,479.6
radiational,2014,476.7
radiational,2014,473.9
radiational,2014,471.1
radiational,2014,468.2
radiational,2014,465.4
radiational,2014,462.5
radiational,2014,459.7
radiational,2014,456.9
radiational,2014,493.8
radiational,2014,491
radiational,2014,488.1
radiational,2014,485.3
radiational,2014,482.4
radiational,2014,479.6
radiational,2014,476.7
radiational,2014,473.9
radiational,2014,471.1
radiational,2014,468.2
radiational,2014,465.4
radiational,2014,462.5
radiational,2014,459.7
radiational,2014,456.9
radiational,2014,493.8
radiational,2014,491
radiational,2014,488.1
radiational,2014,485.3
radiational,2014,482.4
radiational,2014,479.6
radiational,2014,476.7
radiational,2014,473.9
radiational,2014,471.1
radiational,2014,468.2
radiational,2014,465.4
radiational,2014,462.5
radiational,2014,459.7
radiational,2014,456.9
radiational,2014,493.8
radiational,2014,491
radiational,2014,488.1
radiational,2014,485.3
radiational,2014,479.6
radiational,2014,476.7
radiational,2014,473.9
radiational,2014,471.1
radiational,2014,468.2
radiational,2014,465.4
radiational,2014,462.5
radiational,2014,459.7
radiational,2014,456.9
radiational,2014,493.8
radiational,2014,491
radiational,2014,488.1
radiational,2014,485.3
radiational,2014,479.6
radiational,2014,476.7
radiational,2014,473.9
radiational,2014,471.1
radiational,2014,468.2
radiational,2014,465.4
radiational,2014,462.5
radiational,2014,459.7
radiational,2014,456.9
radiational,2014,454
radiational,2014,493.8
radiational,2014,491
radiational,2014,488.1
radiational,2014,485.3
radiational,2014,479.6
radiational,2014,476.7
radiational,2014,473.9
radiational,2014,471.1
radiational,2014,468.2
radiational,2014,465.4
radiational,2014,462.5
radiational,2014,459.7
radiational,2014,456.9
radiational,2014,454
radiational,2014,493.8
radiational,2014,491
radiational,2014,488.1
radiational,2014,485.3
radiational,2014,479.6
radiational,2014,476.7
radiational,2014,473.9
radiational,2014,471.1
radiational,2014,468.2
radiational,2014,465.4
radiational,2014,462.5
radiational,2014,459.7
radiational,2014,456.9
radiational,2014,454
radiational,2014,493.8
radiational,2014,491
radiational,2014,488.1
radiational,2014,485.3
radiational,2014,479.6
radiational,2014,476.7
radiational,2014,473.9
radiational,2014,471.1
radiational,2014,468.2
radiational,2014,465.4
radiational,2014,462.5
radiational,2014,459.7
radiational,2014,456.9
radiational,2014,454
radiational,2014,493.8
radiational,2014,491
radiational,2014,488.1
radiational,2014,485.3
radiational,2014,479.6
radiational,2014,476.7
radiational,2014,473.9
radiational,2014,471.1
radiational,2014,468.2
radiational,2014,465.4
radiational,2014,462.5
radiational,2014,459.7
radiational,2014,456.9
radiational,2014,454
radiational,2014,493.8
radiational,2014,491
radiational,2014,488.1
radiational,2014,485.3
radiational,2014,479.6
radiational,2014,476.7
radiational,2014,473.9
radiational,2014,471.1
radiational,2014,468.2
radiational,2014,465.4
radiational,2014,462.5
radiational,2014,459.7
radiational,2014,456.9
radiational,2014,454
radiational,2014,493.8
radiational,2014,491
radiational,2014,488.1
radiational,2014,485.3
radiational,2014,479.6
radiational,2014,476.7
radiational,2014,473.9
radiational,2014,471.1
radiational,2014,468.2
radiational,2014,465.4
radiational,2014,462.5
radiational,2014,459.7
radiational,2014,456.9
radiational,2014,454
radiational,2014,493.8
radiational,2014,491
radiational,2014,488.1
radiational,2014,485.3
radiational,2014,479.6
radiational,2014,476.7
radiational,2014,473.9
radiational,2014,471.1
radiational,2014,468.2
radiational,2014,465.4
radiational,2014,462.5
radiational,2014,459.7
radiational,2014,456.9
radiational,2014,454
radiational,2014,493.8
radiational,2014,491
radiational,2014,488.1
radiational,2014,485.3
radiational,2014,479.6
radiational,2014,476.7
radiational,2014,473.9
radiational,2014,471.1
radiational,2014,468.2
radiational,2014,465.4
radiational,2014,462.5
radiational,2014,459.7
radiational,2014,456.9
radiational,2014,454
radiational,2014,493.8
radiational,2014,491
radiational,2014,488.1
radiational,2014,485.3
radiational,2014,479.6
radiational,2014,476.7
radiational,2014,473.9
radiational,2014,471.1
radiational,2014,468.2
radiational,2014,465.4
radiational,2014,462.5
radiational,2014,459.7
radiational,2014,456.9
radiational,2014,454
radiational,2014,493.8
radiational,2014,491
radiational,2014,488.1
radiational,2014,485.3
radiational,2014,476.7
radiational,2014,473.9
radiational,2014,471.1
radiational,2014,468.2
radiational,2014,465.4
radiational,2014,462.5
radiational,2014,459.7
radiational,2014,456.9
radiational,2014,454
radiational,2014,493.8
radiational,2014,491
radiational,2014,488.1
radiational,2014,485.3
radiational,2014,476.7
radiational,2014,473.9
radiational,2014,471.1
radiational,2014,468.2
radiational,2014,465.4
radiational,2014,462.5
radiational,2014,459.7
radiational,2014,456.9
radiational,2014,454
radiational,2014,493.8
radiational,2014,491
radiational,2014,488.1
radiational,2014,485.3
radiational,2014,476.7
radiational,2014,473.9
radiational,2014,471.1
radiational,2014,468.2
radiational,2014,465.4
radiational,2014,462.5
radiational,2014,459.7
radiational,2014,456.9
radiational,2014,454
radiational,2014,493.8
radiational,2014,491
radiational,2014,488.1
radiational,2014,485.3
radiational,2014,476.7
radiational,2014,473.9
radiational,2014,471.1
radiational,2014,468.2
radiational,2014,465.4
radiational,2014,462.5
radiational,2014,459.7
radiational,2014,456.9
radiational,2014,454
radiational,2014,493.8
radiational,2014,491
radiational,2014,488.1
radiational,2014,485.3
radiational,2014,476.7
radiational,2014,473.9
radiational,2014,471.1
radiational,2014,468.2
radiational,2014,465.4
radiational,2014,462.5
radiational,2014,459.7
radiational,2014,456.9
radiational,2014,454
radiational,2014,493.8
radiational,2014,491
radiational,2014,488.1
radiational,2014,485.3
radiational,2014,476.7
radiational,2014,473.9
radiational,2014,471.1
radiational,2014,468.2
radiational,2014,465.4
radiational,2014,462.5
radiational,2014,459.7
radiational,2014,456.9
radiational,2014,454
radiational,2014,493.8
radiational,2014,491
radiational,2014,488.1
radiational,2014,485.3
radiational,2014,476.7
radiational,2014,473.9
radiational,2014,471.1
radiational,2014,468.2
radiational,2014,465.4
radiational,2014,462.5
radiational,2014,459.7
radiational,2014,456.9
radiational,2014,454
radiational,2014,493.8
radiational,2014,491
radiational,2014,488.1
radiational,2014,485.3
radiational,2014,476.7
radiational,2014,473.9
radiational,2014,471.1
radiational,2014,468.2
radiational,2014,465.4
radiational,2014,462.5
radiational,2014,459.7
radiational,2014,456.9
radiational,2014,454
radiational,2014,493.8
radiational,2014,491
radiational,2014,488.1
radiational,2014,485.3
radiational,2014,476.7
radiational,2014,473.9
radiational,2014,471.1
radiational,2014,468.2
radiational,2014,465.4
radiational,2014,462.5
radiational,2014,459.7
radiational,2014,456.9
radiational,2014,454
radiational,2014,493.8
radiational,2014,491
radiational,2014,488.1
radiational,2014,485.3
radiational,2014,479.6
radiational,2014,476.7
radiational,2014,473.9
radiational,2014,471.1
radiational,2014,468.2
radiational,2014,465.4
radiational,2014,462.5
radiational,2014,459.7
radiational,2014,456.9
radiational,2014,454
radiational,2014,493.8
radiational,2014,491
radiational,2014,488.1
radiational,2014,485.3
radiational,2014,479.6
radiational,2014,476.7
radiational,2014,473.9
radiational,2014,471.1
radiational,2014,468.2
radiational,2014,465.4
radiational,2014,462.5
radiational,2014,459.7
radiational,2014,456.9
radiational,2014,454
radiational,2014,493.8
radiational,2014,491
radiational,2014,488.1
radiational,2014,485.3
radiational,2014,479.6
radiational,2014,476.7
radiational,2014,473.9
radiational,2014,471.1
radiational,2014,468.2
radiational,2014,465.4
radiational,2014,462.5
radiational,2014,459.7
radiational,2014,456.9
radiational,2014,454
radiational,2014,493.8
radiational,2014,491
radiational,2014,488.1
radiational,2014,485.3
radiational,2014,479.6
radiational,2014,476.7
radiational,2014,473.9
radiational,2014,471.1
radiational,2014,468.2
radiational,2014,465.4
radiational,2014,462.5
radiational,2014,459.7
radiational,2014,456.9
radiational,2014,454
radiational,2014,493.8
radiational,2014,491
radiational,2014,488.1
radiational,2014,485.3
radiational,2014,479.6
radiational,2014,476.7
radiational,2014,473.9
radiational,2014,471.1
radiational,2014,468.2
radiational,2014,465.4
radiational,2014,462.5
radiational,2014,459.7
radiational,2014,456.9
radiational,2014,454
radiational,2014,493.8
radiational,2014,491
radiational,2014,488.1
radiational,2014,485.3
radiational,2014,479.6
radiational,2014,476.7
radiational,2014,473.9
radiational,2014,471.1
radiational,2014,468.2
radiational,2014,465.4
radiational,2014,462.5
radiational,2014,459.7
radiational,2014,456.9
radiational,2014,454
radiational,2014,493.8
radiational,2014,491
radiational,2014,488.1
radiational,2014,485.3
radiational,2014,479.6
radiational,2014,476.7
radiational,2014,473.9
radiational,2014,471.1
radiational,2014,468.2
radiational,2014,465.4
radiational,2014,462.5
radiational,2014,459.7
radiational,2014,456.9
radiational,2014,454
radiational,2014,493.8
radiational,2014,491
radiational,2014,488.1
radiational,2014,485.3
radiational,2014,479.6
radiational,2014,476.7
radiational,2014,473.9
radiational,2014,471.1
radiational,2014,468.2
radiational,2014,465.4
radiational,2014,462.5
radiational,2014,459.7
radiational,2014,456.9
radiational,2014,454
radiational,2014,493.8
radiational,2014,491
radiational,2014,488.1
radiational,2014,485.3
radiational,2014,479.6
radiational,2014,476.7
radiational,2014,473.9
radiational,2014,471.1
radiational,2014,468.2
radiational,2014,465.4
radiational,2014,462.5
radiational,2014,459.7
radiational,2014,456.9
radiational,2014,493.8
radiational,2014,491
radiational,2014,488.1
radiational,2014,485.3
radiational,2014,482.4
radiational,2014,479.6
radiational,2014,476.7
radiational,2014,473.9
radiational,2014,471.1
radiational,2014,468.2
radiational,2014,465.4
radiational,2014,462.5
radiational,2014,459.7
radiational,2014,456.9
radiational,2014,493.8
radiational,2014,491
radiational,2014,488.1
radiational,2014,485.3
radiational,2014,482.4
radiational,2014,479.6
radiational,2014,476.7
radiational,2014,473.9
radiational,2014,471.1
radiational,2014,468.2
radiational,2014,465.4
radiational,2014,462.5
radiational,2014,459.7
radiational,2014,456.9
radiational,2014,493.8
radiational,2014,491
radiational,2014,488.1
radiational,2014,485.3
radiational,2014,482.4
radiational,2014,479.6
radiational,2014,476.7
radiational,2014,473.9
radiational,2014,471.1
radiational,2014,468.2
radiational,2014,465.4
radiational,2014,462.5
radiational,2014,459.7
radiational,2014,456.9
radiational,2014,493.8
radiational,2014,491
radiational,2014,488.1
radiational,2014,485.3
radiational,2014,482.4
radiational,2014,479.6
radiational,2014,476.7
radiational,2014,473.9
radiational,2014,471.1
radiational,2014,468.2
radiational,2014,465.4
radiational,2014,462.5
radiational,2014,459.7
radiational,2014,456.9
radiational,2014,493.8
radiational,2014,491
radiational,2014,488.1
radiational,2014,485.3
radiational,2014,482.4
radiational,2014,479.6
radiational,2014,476.7
radiational,2014,473.9
radiational,2014,471.1
radiational,2014,468.2
radiational,2014,465.4
radiational,2014,462.5
radiational,2014,459.7
radiational,2014,493.8
radiational,2014,491
radiational,2014,488.1
radiational,2014,485.3
radiational,2014,482.4
radiational,2014,479.6
radiational,2014,476.7
radiational,2014,473.9
radiational,2014,471.1
radiational,2014,468.2
radiational,2014,465.4
radiational,2014,462.5
radiational,2014,459.7
radiational,2014,493.8
radiational,2014,491
radiational,2014,488.1
radiational,2014,485.3
radiational,2014,482.4
radiational,2014,479.6
radiational,2014,476.7
radiational,2014,473.9
radiational,2014,471.1
radiational,2014,468.2
radiational,2014,465.4
radiational,2014,462.5
radiational,2014,459.7
radiational,2014,493.8
radiational,2014,491
radiational,2014,488.1
radiational,2014,485.3
radiational,2014,482.4
radiational,2014,479.6
radiational,2014,476.7
radiational,2014,473.9
radiational,2014,471.1
radiational,2014,468.2
radiational,2014,465.4
radiational,2014,462.5
radiational,2014,459.7
radiational,2015,493.8
radiational,2015,491
radiational,2015,488.1
radiational,2015,485.3
radiational,2015,482.4
radiational,2015,479.6
radiational,2015,476.7
radiational,2015,473.9
radiational,2015,471.1
radiational,2015,468.2
radiational,2015,465.4
radiational,2015,462.5
radiational,2015,459.7
radiational,2015,493.8
radiational,2015,491
radiational,2015,488.1
radiational,2015,485.3
radiational,2015,482.4
radiational,2015,479.6
radiational,2015,476.7
radiational,2015,473.9
radiational,2015,471.1
radiational,2015,468.2
radiational,2015,465.4
radiational,2015,462.5
radiational,2015,493.8
radiational,2015,491
radiational,2015,488.1
radiational,2015,485.3
radiational,2015,482.4
radiational,2015,479.6
radiational,2015,476.7
radiational,2015,473.9
radiational,2015,471.1
radiational,2015,468.2
radiational,2015,465.4
radiational,2015,462.5
radiational,2015,493.8
radiational,2015,491
radiational,2015,488.1
radiational,2015,485.3
radiational,2015,482.4
radiational,2015,479.6
radiational,2015,476.7
radiational,2015,473.9
radiational,2015,471.1
radiational,2015,468.2
radiational,2015,465.4
radiational,2015,462.5
radiational,2015,493.8
radiational,2015,491
radiational,2015,488.1
radiational,2015,485.3
radiational,2015,482.4
radiational,2015,479.6
radiational,2015,476.7
radiational,2015,473.9
radiational,2015,471.1
radiational,2015,468.2
radiational,2015,465.4
radiational,2015,462.5
radiational,2015,493.8
radiational,2015,491
radiational,2015,488.1
radiational,2015,485.3
radiational,2015,482.4
radiational,2015,479.6
radiational,2015,476.7
radiational,2015,473.9
radiational,2015,471.1
radiational,2015,468.2
radiational,2015,465.4
radiational,2015,493.8
radiational,2015,491
radiational,2015,488.1
radiational,2015,485.3
radiational,2015,482.4
radiational,2015,479.6
radiational,2015,476.7
radiational,2015,473.9
radiational,2015,471.1
radiational,2015,468.2
radiational,2015,465.4
radiational,2015,493.8
radiational,2015,491
radiational,2015,488.1
radiational,2015,485.3
radiational,2015,482.4
radiational,2015,479.6
radiational,2015,476.7
radiational,2015,473.9
radiational,2015,471.1
radiational,2015,468.2
radiational,2015,465.4
radiational,2015,493.8
radiational,2015,491
radiational,2015,488.1
radiational,2015,485.3
radiational,2015,482.4
radiational,2015,479.6
radiational,2015,476.7
radiational,2015,473.9
radiational,2015,471.1
radiational,2015,468.2
radiational,2015,465.4
radiational,2015,493.8
radiational,2015,491
radiational,2015,488.1
radiational,2015,485.3
radiational,2015,482.4
radiational,2015,479.6
radiational,2015,476.7
radiational,2015,473.9
radiational,2015,471.1
radiational,2015,468.2
radiational,2015,465.4
radiational,2015,493.8
radiational,2015,491
radiational,2015,488.1
radiational,2015,485.3
radiational,2015,482.4
radiational,2015,479.6
radiational,2015,476.7
radiational,2015,473.9
radiational,2015,471.1
radiational,2015,468.2
radiational,2015,465.4
radiational,2015,493.8
radiational,2015,491
radiational,2015,488.1
radiational,2015,485.3
radiational,2015,482.4
radiational,2015,479.6
radiational,2015,476.7
radiational,2015,473.9
radiational,2015,471.1
radiational,2015,468.2
radiational,2015,493.8
radiational,2015,491
radiational,2015,488.1
radiational,2015,485.3
radiational,2015,482.4
radiational,2015,479.6
radiational,2015,476.7
radiational,2015,473.9
radiational,2015,471.1
radiational,2015,468.2
radiational,2015,493.8
radiational,2015,491
radiational,2015,488.1
radiational,2015,485.3
radiational,2015,482.4
radiational,2015,479.6
radiational,2015,476.7
radiational,2015,473.9
radiational,2015,471.1
radiational,2015,468.2
radiational,2015,493.8
radiational,2015,491
radiational,2015,488.1
radiational,2015,485.3
radiational,2015,482.4
radiational,2015,479.6
radiational,2015,476.7
radiational,2015,473.9
radiational,2015,471.1
radiational,2015,468.2
radiational,2015,465.4
radiational,2015,493.8
radiational,2015,491
radiational,2015,488.1
radiational,2015,485.3
radiational,2015,482.4
radiational,2015,479.6
radiational,2015,476.7
radiational,2015,473.9
radiational,2015,471.1
radiational,2015,468.2
radiational,2015,465.4
radiational,2015,462.5
radiational,2015,493.8
radiational,2015,491
radiational,2015,488.1
radiational,2015,485.3
radiational,2015,482.4
radiational,2015,479.6
radiational,2015,476.7
radiational,2015,473.9
radiational,2015,471.1
radiational,2015,468.2
radiational,2015,465.4
radiational,2015,462.5
radiational,2015,459.7
radiational,2015,493.8
radiational,2015,491
radiational,2015,488.1
radiational,2015,485.3
radiational,2015,482.4
radiational,2015,479.6
radiational,2015,476.7
radiational,2015,473.9
radiational,2015,471.1
radiational,2015,468.2
radiational,2015,465.4
radiational,2015,462.5
radiational,2015,459.7
radiational,2015,456.9
radiational,2015,493.8
radiational,2015,491
radiational,2015,488.1
radiational,2015,485.3
radiational,2015,482.4
radiational,2015,479.6
radiational,2015,476.7
radiational,2015,473.9
radiational,2015,471.1
radiational,2015,468.2
radiational,2015,465.4
radiational,2015,462.5
radiational,2015,459.7
radiational,2015,456.9
radiational,2015,454
radiational,2015,493.8
radiational,2015,491
radiational,2015,488.1
radiational,2015,485.3
radiational,2015,482.4
radiational,2015,479.6
radiational,2015,476.7
radiational,2015,473.9
radiational,2015,471.1
radiational,2015,468.2
radiational,2015,465.4
radiational,2015,462.5
radiational,2015,459.7
radiational,2015,456.9
radiational,2015,454
radiational,2015,451.2
radiational,2015,493.8
radiational,2015,491
radiational,2015,488.1
radiational,2015,485.3
radiational,2015,482.4
radiational,2015,479.6
radiational,2015,476.7
radiational,2015,473.9
radiational,2015,471.1
radiational,2015,468.2
radiational,2015,465.4
radiational,2015,462.5
radiational,2015,459.7
radiational,2015,456.9
radiational,2015,454
radiational,2015,451.2
radiational,2015,448.3
radiational,2015,445.5
radiational,2015,493.8
radiational,2015,491
radiational,2015,488.1
radiational,2015,485.3
radiational,2015,482.4
radiational,2015,479.6
radiational,2015,476.7
radiational,2015,473.9
radiational,2015,471.1
radiational,2015,468.2
radiational,2015,465.4
radiational,2015,462.5
radiational,2015,459.7
radiational,2015,456.9
radiational,2015,454
radiational,2015,451.2
radiational,2015,448.3
radiational,2015,445.5
radiational,2015,442.7
radiational,2015,493.8
radiational,2015,491
radiational,2015,488.1
radiational,2015,485.3
radiational,2015,479.6
radiational,2015,476.7
radiational,2015,473.9
radiational,2015,471.1
radiational,2015,468.2
radiational,2015,465.4
radiational,2015,462.5
radiational,2015,459.7
radiational,2015,456.9
radiational,2015,454
radiational,2015,451.2
radiational,2015,448.3
radiational,2015,445.5
radiational,2015,442.7
radiational,2015,439.8
radiational,2015,493.8
radiational,2015,491
radiational,2015,488.1
radiational,2015,485.3
radiational,2015,476.7
radiational,2015,473.9
radiational,2015,471.1
radiational,2015,468.2
radiational,2015,465.4
radiational,2015,462.5
radiational,2015,459.7
radiational,2015,456.9
radiational,2015,454
radiational,2015,451.2
radiational,2015,448.3
radiational,2015,445.5
radiational,2015,442.7
radiational,2015,439.8
radiational,2015,437
radiational,2015,493.8
radiational,2015,491
radiational,2015,488.1
radiational,2015,485.3
radiational,2015,471.1
radiational,2015,468.2
radiational,2015,465.4
radiational,2015,462.5
radiational,2015,459.7
radiational,2015,456.9
radiational,2015,454
radiational,2015,451.2
radiational,2015,448.3
radiational,2015,445.5
radiational,2015,442.7
radiational,2015,439.8
radiational,2015,437
radiational,2015,434.1
radiational,2015,493.8
radiational,2015,491
radiational,2015,488.1
radiational,2015,485.3
radiational,2015,468.2
radiational,2015,465.4
radiational,2015,462.5
radiational,2015,459.7
radiational,2015,456.9
radiational,2015,454
radiational,2015,451.2
radiational,2015,448.3
radiational,2015,445.5
radiational,2015,442.7
radiational,2015,439.8
radiational,2015,437
radiational,2015,434.1
radiational,2015,431.3
radiational,2015,428.5
radiational,2015,425.6
radiational,2015,493.8
radiational,2015,491
radiational,2015,488.1
radiational,2015,485.3
radiational,2015,465.4
radiational,2015,462.5
radiational,2015,459.7
radiational,2015,456.9
radiational,2015,454
radiational,2015,451.2
radiational,2015,448.3
radiational,2015,445.5
radiational,2015,442.7
radiational,2015,439.8
radiational,2015,437
radiational,2015,434.1
radiational,2015,431.3
radiational,2015,428.5
radiational,2015,425.6
radiational,2015,422.8
radiational,2015,419.9
radiational,2015,417.1
radiational,2015,414.3
radiational,2015,493.8
radiational,2015,491
radiational,2015,488.1
radiational,2015,485.3
radiational,2015,462.5
radiational,2015,459.7
radiational,2015,456.9
radiational,2015,454
radiational,2015,451.2
radiational,2015,448.3
radiational,2015,445.5
radiational,2015,442.7
radiational,2015,439.8
radiational,2015,437
radiational,2015,434.1
radiational,2015,431.3
radiational,2015,428.5
radiational,2015,425.6
radiational,2015,422.8
radiational,2015,419.9
radiational,2015,417.1
radiational,2015,414.3
radiational,2015,411.4
radiational,2015,408.6
radiational,2015,405.7
radiational,2015,402.9
radiational,2015,493.8
radiational,2015,491
radiational,2015,488.1
radiational,2015,485.3
radiational,2015,459.7
radiational,2015,456.9
radiational,2015,454
radiational,2015,451.2
radiational,2015,448.3
radiational,2015,445.5
radiational,2015,442.7
radiational,2015,439.8
radiational,2015,437
radiational,2015,434.1
radiational,2015,431.3
radiational,2015,428.5
radiational,2015,425.6
radiational,2015,422.8
radiational,2015,419.9
radiational,2015,417.1
radiational,2015,414.3
radiational,2015,411.4
radiational,2015,408.6
radiational,2015,405.7
radiational,2015,402.9
radiational,2015,400
radiational,2015,397.2
radiational,2015,394.4
radiational,2015,391.5
radiational,2015,493.8
radiational,2015,491
radiational,2015,488.1
radiational,2015,485.3
radiational,2015,456.9
radiational,2015,454
radiational,2015,451.2
radiational,2015,448.3
radiational,2015,445.5
radiational,2015,442.7
radiational,2015,439.8
radiational,2015,437
radiational,2015,434.1
radiational,2015,431.3
radiational,2015,428.5
radiational,2015,425.6
radiational,2015,422.8
radiational,2015,419.9
radiational,2015,417.1
radiational,2015,414.3
radiational,2015,411.4
radiational,2015,408.6
radiational,2015,405.7
radiational,2015,402.9
radiational,2015,400
radiational,2015,397.2
radiational,2015,394.4
radiational,2015,391.5
radiational,2015,388.7
radiational,2015,385.8
radiational,2015,383
radiational,2015,493.8
radiational,2015,491
radiational,2015,488.1
radiational,2015,485.3
radiational,2015,454
radiational,2015,451.2
radiational,2015,448.3
radiational,2015,445.5
radiational,2015,442.7
radiational,2015,439.8
radiational,2015,437
radiational,2015,434.1
radiational,2015,431.3
radiational,2015,428.5
radiational,2015,425.6
radiational,2015,422.8
radiational,2015,419.9
radiational,2015,417.1
radiational,2015,414.3
radiational,2015,411.4
radiational,2015,408.6
radiational,2015,405.7
radiational,2015,402.9
radiational,2015,400
radiational,2015,397.2
radiational,2015,394.4
radiational,2015,391.5
radiational,2015,388.7
radiational,2015,385.8
radiational,2015,383
radiational,2015,380.2
radiational,2015,377.3
radiational,2015,374.5
radiational,2015,371.6
radiational,2015,493.8
radiational,2015,491
radiational,2015,488.1
radiational,2015,485.3
radiational,2015,448.3
radiational,2015,445.5
radiational,2015,442.7
radiational,2015,439.8
radiational,2015,437
radiational,2015,434.1
radiational,2015,431.3
radiational,2015,428.5
radiational,2015,425.6
radiational,2015,422.8
radiational,2015,419.9
radiational,2015,417.1
radiational,2015,414.3
radiational,2015,411.4
radiational,2015,408.6
radiational,2015,405.7
radiational,2015,402.9
radiational,2015,400
radiational,2015,397.2
radiational,2015,394.4
radiational,2015,391.5
radiational,2015,388.7
radiational,2015,385.8
radiational,2015,383
radiational,2015,380.2
radiational,2015,377.3
radiational,2015,374.5
radiational,2015,371.6
radiational,2015,368.8
radiational,2015,366
radiational,2015,363.1
radiational,2015,360.3
radiational,2015,493.8
radiational,2015,491
radiational,2015,488.1
radiational,2015,485.3
radiational,2015,445.5
radiational,2015,442.7
radiational,2015,439.8
radiational,2015,437
radiational,2015,434.1
radiational,2015,431.3
radiational,2015,428.5
radiational,2015,425.6
radiational,2015,422.8
radiational,2015,419.9
radiational,2015,417.1
radiational,2015,414.3
radiational,2015,411.4
radiational,2015,408.6
radiational,2015,405.7
radiational,2015,402.9
radiational,2015,400
radiational,2015,397.2
radiational,2015,394.4
radiational,2015,391.5
radiational,2015,388.7
radiational,2015,385.8
radiational,2015,383
radiational,2015,380.2
radiational,2015,377.3
radiational,2015,374.5
radiational,2015,371.6
radiational,2015,368.8
radiational,2015,366
radiational,2015,363.1
radiational,2015,360.3
radiational,2015,357.4
radiational,2015,354.6
radiational,2015,351.8
radiational,2015,493.8
radiational,2015,491
radiational,2015,488.1
radiational,2015,485.3
radiational,2015,439.8
radiational,2015,437
radiational,2015,434.1
radiational,2015,431.3
radiational,2015,428.5
radiational,2015,425.6
radiational,2015,422.8
radiational,2015,419.9
radiational,2015,417.1
radiational,2015,414.3
radiational,2015,411.4
radiational,2015,408.6
radiational,2015,405.7
radiational,2015,402.9
radiational,2015,400
radiational,2015,397.2
radiational,2015,394.4
radiational,2015,391.5
radiational,2015,388.7
radiational,2015,385.8
radiational,2015,383
radiational,2015,380.2
radiational,2015,377.3
radiational,2015,374.5
radiational,2015,371.6
radiational,2015,368.8
radiational,2015,366
radiational,2015,363.1
radiational,2015,360.3
radiational,2015,357.4
radiational,2015,354.6
radiational,2015,351.8
radiational,2015,348.9
radiational,2015,346.1
radiational,2015,343.2
radiational,2015,340.4
radiational,2015,493.8
radiational,2015,491
radiational,2015,488.1
radiational,2015,485.3
radiational,2015,431.3
radiational,2015,428.5
radiational,2015,425.6
radiational,2015,422.8
radiational,2015,419.9
radiational,2015,417.1
radiational,2015,414.3
radiational,2015,411.4
radiational,2015,408.6
radiational,2015,405.7
radiational,2015,402.9
radiational,2015,400
radiational,2015,397.2
radiational,2015,394.4
radiational,2015,391.5
radiational,2015,388.7
radiational,2015,385.8
radiational,2015,383
radiational,2015,380.2
radiational,2015,377.3
radiational,2015,374.5
radiational,2015,371.6
radiational,2015,368.8
radiational,2015,366
radiational,2015,363.1
radiational,2015,360.3
radiational,2015,357.4
radiational,2015,354.6
radiational,2015,351.8
radiational,2015,348.9
radiational,2015,346.1
radiational,2015,343.2
radiational,2015,340.4
radiational,2015,337.6
radiational,2015,334.7
radiational,2015,331.9
radiational,2015,329
radiational,2015,493.8
radiational,2015,491
radiational,2015,488.1
radiational,2015,485.3
radiational,2015,419.9
radiational,2015,417.1
radiational,2015,414.3
radiational,2015,411.4
radiational,2015,408.6
radiational,2015,405.7
radiational,2015,402.9
radiational,2015,400
radiational,2015,397.2
radiational,2015,394.4
radiational,2015,391.5
radiational,2015,388.7
radiational,2015,385.8
radiational,2015,383
radiational,2015,380.2
radiational,2015,377.3
radiational,2015,374.5
radiational,2015,371.6
radiational,2015,368.8
radiational,2015,366
radiational,2015,363.1
radiational,2015,360.3
radiational,2015,357.4
radiational,2015,354.6
radiational,2015,351.8
radiational,2015,348.9
radiational,2015,346.1
radiational,2015,343.2
radiational,2015,340.4
radiational,2015,337.6
radiational,2015,334.7
radiational,2015,331.9
radiational,2015,329
radiational,2015,326.2
radiational,2015,323.3
radiational,2015,320.5
radiational,2015,493.8
radiational,2015,491
radiational,2015,488.1
radiational,2015,485.3
radiational,2015,408.6
radiational,2015,405.7
radiational,2015,402.9
radiational,2015,400
radiational,2015,397.2
radiational,2015,394.4
radiational,2015,391.5
radiational,2015,388.7
radiational,2015,385.8
radiational,2015,383
radiational,2015,380.2
radiational,2015,377.3
radiational,2015,374.5
radiational,2015,371.6
radiational,2015,368.8
radiational,2015,366
radiational,2015,363.1
radiational,2015,360.3
radiational,2015,357.4
radiational,2015,354.6
radiational,2015,351.8
radiational,2015,348.9
radiational,2015,346.1
radiational,2015,343.2
radiational,2015,340.4
radiational,2015,337.6
radiational,2015,334.7
radiational,2015,331.9
radiational,2015,329
radiational,2015,326.2
radiational,2015,323.3
radiational,2015,320.5
radiational,2015,317.7
radiational,2015,314.8
radiational,2015,312
radiational,2015,309.1
radiational,2015,493.8
radiational,2015,491
radiational,2015,488.1
radiational,2015,485.3
radiational,2015,400
radiational,2015,397.2
radiational,2015,394.4
radiational,2015,391.5
radiational,2015,388.7
radiational,2015,385.8
radiational,2015,383
radiational,2015,380.2
radiational,2015,377.3
radiational,2015,374.5
radiational,2015,371.6
radiational,2015,368.8
radiational,2015,366
radiational,2015,363.1
radiational,2015,360.3
radiational,2015,357.4
radiational,2015,354.6
radiational,2015,351.8
radiational,2015,348.9
radiational,2015,346.1
radiational,2015,343.2
radiational,2015,340.4
radiational,2015,337.6
radiational,2015,334.7
radiational,2015,331.9
radiational,2015,329
radiational,2015,326.2
radiational,2015,323.3
radiational,2015,320.5
radiational,2015,317.7
radiational,2015,314.8
radiational,2015,312
radiational,2015,309.1
radiational,2015,306.3
radiational,2015,303.5
radiational,2015,300.6
radiational,2015,493.8
radiational,2015,491
radiational,2015,488.1
radiational,2015,485.3
radiational,2015,388.7
radiational,2015,385.8
radiational,2015,383
radiational,2015,380.2
radiational,2015,377.3
radiational,2015,374.5
radiational,2015,371.6
radiational,2015,368.8
radiational,2015,366
radiational,2015,363.1
radiational,2015,360.3
radiational,2015,357.4
radiational,2015,354.6
radiational,2015,351.8
radiational,2015,348.9
radiational,2015,346.1
radiational,2015,343.2
radiational,2015,340.4
radiational,2015,337.6
radiational,2015,334.7
radiational,2015,331.9
radiational,2015,329
radiational,2015,326.2
radiational,2015,323.3
radiational,2015,320.5
radiational,2015,317.7
radiational,2015,314.8
radiational,2015,312
radiational,2015,309.1
radiational,2015,306.3
radiational,2015,303.5
radiational,2015,300.6
radiational,2015,297.8
radiational,2015,294.9
radiational,2015,493.8
radiational,2015,491
radiational,2015,488.1
radiational,2015,485.3
radiational,2015,377.3
radiational,2015,374.5
radiational,2015,371.6
radiational,2015,368.8
radiational,2015,366
radiational,2015,363.1
radiational,2015,360.3
radiational,2015,357.4
radiational,2015,354.6
radiational,2015,351.8
radiational,2015,348.9
radiational,2015,346.1
radiational,2015,343.2
radiational,2015,340.4
radiational,2015,337.6
radiational,2015,334.7
radiational,2015,331.9
radiational,2015,329
radiational,2015,326.2
radiational,2015,323.3
radiational,2015,320.5
radiational,2015,317.7
radiational,2015,314.8
radiational,2015,312
radiational,2015,309.1
radiational,2015,306.3
radiational,2015,303.5
radiational,2015,300.6
radiational,2015,297.8
radiational,2015,294.9
radiational,2015,493.8
radiational,2015,491
radiational,2015,488.1
radiational,2015,485.3
radiational,2015,368.8
radiational,2015,366
radiational,2015,363.1
radiational,2015,360.3
radiational,2015,357.4
radiational,2015,354.6
radiational,2015,351.8
radiational,2015,348.9
radiational,2015,346.1
radiational,2015,343.2
radiational,2015,340.4
radiational,2015,337.6
radiational,2015,334.7
radiational,2015,331.9
radiational,2015,329
radiational,2015,326.2
radiational,2015,323.3
radiational,2015,320.5
radiational,2015,317.7
radiational,2015,314.8
radiational,2015,312
radiational,2015,309.1
radiational,2015,306.3
radiational,2015,303.5
radiational,2015,300.6
radiational,2015,297.8
radiational,2015,294.9
radiational,2015,292.1
radiational,2015,493.8
radiational,2015,491
radiational,2015,488.1
radiational,2015,485.3
radiational,2015,357.4
radiational,2015,354.6
radiational,2015,351.8
radiational,2015,348.9
radiational,2015,346.1
radiational,2015,343.2
radiational,2015,340.4
radiational,2015,337.6
radiational,2015,334.7
radiational,2015,331.9
radiational,2015,329
radiational,2015,326.2
radiational,2015,323.3
radiational,2015,320.5
radiational,2015,317.7
radiational,2015,314.8
radiational,2015,312
radiational,2015,309.1
radiational,2015,306.3
radiational,2015,303.5
radiational,2015,300.6
radiational,2015,297.8
radiational,2015,294.9
radiational,2015,292.1
radiational,2015,289.3
radiational,2015,493.8
radiational,2015,491
radiational,2015,488.1
radiational,2015,485.3
radiational,2015,346.1
radiational,2015,343.2
radiational,2015,340.4
radiational,2015,337.6
radiational,2015,334.7
radiational,2015,331.9
radiational,2015,329
radiational,2015,326.2
radiational,2015,323.3
radiational,2015,320.5
radiational,2015,317.7
radiational,2015,314.8
radiational,2015,312
radiational,2015,309.1
radiational,2015,306.3
radiational,2015,303.5
radiational,2015,300.6
radiational,2015,297.8
radiational,2015,294.9
radiational,2015,292.1
radiational,2015,289.3
radiational,2015,286.4
radiational,2015,493.8
radiational,2015,491
radiational,2015,488.1
radiational,2015,485.3
radiational,2015,337.6
radiational,2015,334.7
radiational,2015,331.9
radiational,2015,329
radiational,2015,326.2
radiational,2015,323.3
radiational,2015,320.5
radiational,2015,317.7
radiational,2015,314.8
radiational,2015,312
radiational,2015,309.1
radiational,2015,306.3
radiational,2015,303.5
radiational,2015,300.6
radiational,2015,297.8
radiational,2015,294.9
radiational,2015,292.1
radiational,2015,289.3
radiational,2015,286.4
radiational,2015,493.8
radiational,2015,491
radiational,2015,488.1
radiational,2015,485.3
radiational,2015,326.2
radiational,2015,323.3
radiational,2015,320.5
radiational,2015,317.7
radiational,2015,314.8
radiational,2015,312
radiational,2015,309.1
radiational,2015,306.3
radiational,2015,303.5
radiational,2015,300.6
radiational,2015,297.8
radiational,2015,294.9
radiational,2015,292.1
radiational,2015,289.3
radiational,2015,286.4
radiational,2015,283.6
radiational,2015,493.8
radiational,2015,491
radiational,2015,488.1
radiational,2015,485.3
radiational,2015,314.8
radiational,2015,312
radiational,2015,309.1
radiational,2015,306.3
radiational,2015,303.5
radiational,2015,300.6
radiational,2015,297.8
radiational,2015,294.9
radiational,2015,292.1
radiational,2015,289.3
radiational,2015,286.4
radiational,2015,283.6
radiational,2015,280.7
radiational,2015,493.8
radiational,2015,491
radiational,2015,488.1
radiational,2015,485.3
radiational,2015,309.1
radiational,2015,306.3
radiational,2015,303.5
radiational,2015,300.6
radiational,2015,297.8
radiational,2015,294.9
radiational,2015,292.1
radiational,2015,289.3
radiational,2015,286.4
radiational,2015,283.6
radiational,2015,280.7
radiational,2015,277.9
radiational,2015,493.8
radiational,2015,491
radiational,2015,488.1
radiational,2015,485.3
radiational,2015,306.3
radiational,2015,303.5
radiational,2015,300.6
radiational,2015,297.8
radiational,2015,294.9
radiational,2015,292.1
radiational,2015,289.3
radiational,2015,286.4
radiational,2015,283.6
radiational,2015,280.7
radiational,2015,277.9
radiational,2015,493.8
radiational,2015,491
radiational,2015,488.1
radiational,2015,485.3
radiational,2015,306.3
radiational,2015,303.5
radiational,2015,300.6
radiational,2015,297.8
radiational,2015,294.9
radiational,2015,292.1
radiational,2015,289.3
radiational,2015,286.4
radiational,2015,283.6
radiational,2015,280.7
radiational,2015,277.9
radiational,2015,275.1
radiational,2015,493.8
radiational,2015,491
radiational,2015,488.1
radiational,2015,485.3
radiational,2015,303.5
radiational,2015,300.6
radiational,2015,297.8
radiational,2015,294.9
radiational,2015,292.1
radiational,2015,289.3
radiational,2015,286.4
radiational,2015,283.6
radiational,2015,280.7
radiational,2015,277.9
radiational,2015,275.1
radiational,2015,272.2
radiational,2015,493.8
radiational,2015,491
radiational,2015,488.1
radiational,2015,485.3
radiational,2015,300.6
radiational,2015,297.8
radiational,2015,294.9
radiational,2015,292.1
radiational,2015,289.3
radiational,2015,286.4
radiational,2015,283.6
radiational,2015,280.7
radiational,2015,277.9
radiational,2015,275.1
radiational,2015,272.2
radiational,2015,269.4
radiational,2015,493.8
radiational,2015,491
radiational,2015,488.1
radiational,2015,485.3
radiational,2015,297.8
radiational,2015,294.9
radiational,2015,292.1
radiational,2015,289.3
radiational,2015,286.4
radiational,2015,283.6
radiational,2015,280.7
radiational,2015,277.9
radiational,2015,275.1
radiational,2015,272.2
radiational,2015,269.4
radiational,2015,493.8
radiational,2015,491
radiational,2015,488.1
radiational,2015,485.3
radiational,2015,297.8
radiational,2015,294.9
radiational,2015,292.1
radiational,2015,289.3
radiational,2015,286.4
radiational,2015,283.6
radiational,2015,280.7
radiational,2015,277.9
radiational,2015,275.1
radiational,2015,272.2
radiational,2015,269.4
radiational,2015,266.5
radiational,2015,493.8
radiational,2015,491
radiational,2015,488.1
radiational,2015,485.3
radiational,2015,294.9
radiational,2015,292.1
radiational,2015,289.3
radiational,2015,286.4
radiational,2015,283.6
radiational,2015,280.7
radiational,2015,277.9
radiational,2015,275.1
radiational,2015,272.2
radiational,2015,269.4
radiational,2015,266.5
radiational,2015,263.7
radiational,2015,493.8
radiational,2015,491
radiational,2015,488.1
radiational,2015,485.3
radiational,2015,292.1
radiational,2015,289.3
radiational,2015,286.4
radiational,2015,283.6
radiational,2015,280.7
radiational,2015,277.9
radiational,2015,275.1
radiational,2015,272.2
radiational,2015,269.4
radiational,2015,266.5
radiational,2015,263.7
radiational,2015,292.1
radiational,2015,289.3
radiational,2015,286.4
radiational,2015,283.6
radiational,2015,280.7
radiational,2015,277.9
radiational,2015,275.1
radiational,2015,272.2
radiational,2015,269.4
radiational,2015,266.5
radiational,2015,263.7
radiational,2015,294.9
radiational,2015,292.1
radiational,2015,289.3
radiational,2015,286.4
radiational,2015,283.6
radiational,2015,280.7
radiational,2015,277.9
radiational,2015,275.1
radiational,2015,272.2
radiational,2015,269.4
radiational,2015,266.5
radiational,2015,263.7
radiational,2015,294.9
radiational,2015,292.1
radiational,2015,289.3
radiational,2015,286.4
radiational,2015,283.6
radiational,2015,280.7
radiational,2015,277.9
radiational,2015,275.1
radiational,2015,272.2
radiational,2015,269.4
radiational,2015,266.5
radiational,2015,297.8
radiational,2015,294.9
radiational,2015,292.1
radiational,2015,289.3
radiational,2015,286.4
radiational,2015,283.6
radiational,2015,280.7
radiational,2015,277.9
radiational,2015,275.1
radiational,2015,272.2
radiational,2015,269.4
radiational,2015,266.5
radiational,2015,300.6
radiational,2015,297.8
radiational,2015,294.9
radiational,2015,292.1
radiational,2015,289.3
radiational,2015,286.4
radiational,2015,283.6
radiational,2015,280.7
radiational,2015,277.9
radiational,2015,275.1
radiational,2015,272.2
radiational,2015,269.4
radiational,2015,300.6
radiational,2015,297.8
radiational,2015,294.9
radiational,2015,292.1
radiational,2015,289.3
radiational,2015,286.4
radiational,2015,283.6
radiational,2015,280.7
radiational,2015,277.9
radiational,2015,275.1
radiational,2015,272.2
radiational,2015,303.5
radiational,2015,300.6
radiational,2015,297.8
radiational,2015,294.9
radiational,2015,292.1
radiational,2015,289.3
radiational,2015,286.4
radiational,2015,283.6
radiational,2015,280.7
radiational,2015,277.9
radiational,2015,275.1
radiational,2015,272.2
radiational,2015,306.3
radiational,2015,303.5
radiational,2015,300.6
radiational,2015,297.8
radiational,2015,294.9
radiational,2015,292.1
radiational,2015,289.3
radiational,2015,286.4
radiational,2015,283.6
radiational,2015,280.7
radiational,2015,277.9
radiational,2015,275.1
radiational,2015,306.3
radiational,2015,303.5
radiational,2015,300.6
radiational,2015,297.8
radiational,2015,294.9
radiational,2015,292.1
radiational,2015,289.3
radiational,2015,286.4
radiational,2015,283.6
radiational,2015,280.7
radiational,2015,277.9
radiational,2015,309.1
radiational,2015,306.3
radiational,2015,303.5
radiational,2015,300.6
radiational,2015,297.8
radiational,2015,294.9
radiational,2015,292.1
radiational,2015,289.3
radiational,2015,286.4
radiational,2015,283.6
radiational,2015,280.7
radiational,2015,277.9
radiational,2015,312
radiational,2015,309.1
radiational,2015,306.3
radiational,2015,303.5
radiational,2015,300.6
radiational,2015,297.8
radiational,2015,294.9
radiational,2015,292.1
radiational,2015,289.3
radiational,2015,286.4
radiational,2015,283.6
radiational,2015,280.7
radiational,2015,312
radiational,2015,309.1
radiational,2015,306.3
radiational,2015,303.5
radiational,2015,300.6
radiational,2015,297.8
radiational,2015,294.9
radiational,2015,292.1
radiational,2015,289.3
radiational,2015,286.4
radiational,2015,283.6
radiational,2015,312
radiational,2015,309.1
radiational,2015,306.3
radiational,2015,303.5
radiational,2015,300.6
radiational,2015,297.8
radiational,2015,294.9
radiational,2015,292.1
radiational,2015,289.3
radiational,2015,286.4
radiational,2015,283.6
radiational,2015,280.7
radiational,2015,277.9
radiational,2015,314.8
radiational,2015,312
radiational,2015,309.1
radiational,2015,306.3
radiational,2015,303.5
radiational,2015,300.6
radiational,2015,297.8
radiational,2015,294.9
radiational,2015,292.1
radiational,2015,289.3
radiational,2015,286.4
radiational,2015,283.6
radiational,2015,280.7
radiational,2015,277.9
radiational,2015,275.1
radiational,2015,272.2
radiational,2015,312
radiational,2015,309.1
radiational,2015,306.3
radiational,2015,303.5
radiational,2015,300.6
radiational,2015,297.8
radiational,2015,294.9
radiational,2015,292.1
radiational,2015,289.3
radiational,2015,286.4
radiational,2015,283.6
radiational,2015,280.7
radiational,2015,277.9
radiational,2015,275.1
radiational,2015,272.2
radiational,2015,269.4
radiational,2015,266.5
radiational,2015,312
radiational,2015,309.1
radiational,2015,306.3
radiational,2015,303.5
radiational,2015,300.6
radiational,2015,297.8
radiational,2015,294.9
radiational,2015,292.1
radiational,2015,289.3
radiational,2015,286.4
radiational,2015,283.6
radiational,2015,280.7
radiational,2015,277.9
radiational,2015,275.1
radiational,2015,272.2
radiational,2015,269.4
radiational,2015,266.5
radiational,2015,263.7
radiational,2015,260.8
radiational,2015,309.1
radiational,2015,306.3
radiational,2015,303.5
radiational,2015,300.6
radiational,2015,297.8
radiational,2015,294.9
radiational,2015,292.1
radiational,2015,289.3
radiational,2015,286.4
radiational,2015,283.6
radiational,2015,280.7
radiational,2015,277.9
radiational,2015,275.1
radiational,2015,272.2
radiational,2015,269.4
radiational,2015,266.5
radiational,2015,263.7
radiational,2015,260.8
radiational,2015,258
radiational,2015,306.3
radiational,2015,303.5
radiational,2015,300.6
radiational,2015,297.8
radiational,2015,294.9
radiational,2015,292.1
radiational,2015,289.3
radiational,2015,286.4
radiational,2015,283.6
radiational,2015,280.7
radiational,2015,277.9
radiational,2015,275.1
radiational,2015,272.2
radiational,2015,269.4
radiational,2015,266.5
radiational,2015,263.7
radiational,2015,260.8
radiational,2015,258
radiational,2015,255.2
radiational,2015,252.3
radiational,2015,300.6
radiational,2015,297.8
radiational,2015,294.9
radiational,2015,292.1
radiational,2015,289.3
radiational,2015,286.4
radiational,2015,283.6
radiational,2015,280.7
radiational,2015,277.9
radiational,2015,275.1
radiational,2015,272.2
radiational,2015,269.4
radiational,2015,266.5
radiational,2015,263.7
radiational,2015,260.8
radiational,2015,258
radiational,2015,255.2
radiational,2015,252.3
radiational,2015,249.5
radiational,2015,246.6
radiational,2015,294.9
radiational,2015,292.1
radiational,2015,289.3
radiational,2015,286.4
radiational,2015,283.6
radiational,2015,280.7
radiational,2015,277.9
radiational,2015,275.1
radiational,2015,272.2
radiational,2015,269.4
radiational,2015,266.5
radiational,2015,263.7
radiational,2015,260.8
radiational,2015,258
radiational,2015,255.2
radiational,2015,252.3
radiational,2015,249.5
radiational,2015,246.6
radiational,2015,243.8
radiational,2015,241
radiational,2015,289.3
radiational,2015,286.4
radiational,2015,283.6
radiational,2015,280.7
radiational,2015,277.9
radiational,2015,275.1
radiational,2015,272.2
radiational,2015,269.4
radiational,2015,266.5
radiational,2015,263.7
radiational,2015,260.8
radiational,2015,258
radiational,2015,255.2
radiational,2015,252.3
radiational,2015,249.5
radiational,2015,246.6
radiational,2015,243.8
radiational,2015,241
radiational,2015,238.1
radiational,2015,235.3
radiational,2015,283.6
radiational,2015,280.7
radiational,2015,277.9
radiational,2015,275.1
radiational,2015,272.2
radiational,2015,269.4
radiational,2015,266.5
radiational,2015,263.7
radiational,2015,260.8
radiational,2015,258
radiational,2015,255.2
radiational,2015,252.3
radiational,2015,249.5
radiational,2015,246.6
radiational,2015,243.8
radiational,2015,241
radiational,2015,238.1
radiational,2015,235.3
radiational,2015,232.4
radiational,2015,229.6
radiational,2015,277.9
radiational,2015,275.1
radiational,2015,272.2
radiational,2015,269.4
radiational,2015,266.5
radiational,2015,263.7
radiational,2015,260.8
radiational,2015,258
radiational,2015,255.2
radiational,2015,252.3
radiational,2015,249.5
radiational,2015,246.6
radiational,2015,243.8
radiational,2015,241
radiational,2015,238.1
radiational,2015,235.3
radiational,2015,232.4
radiational,2015,229.6
radiational,2015,226.8
radiational,2015,275.1
radiational,2015,272.2
radiational,2015,269.4
radiational,2015,266.5
radiational,2015,263.7
radiational,2015,260.8
radiational,2015,258
radiational,2015,255.2
radiational,2015,252.3
radiational,2015,249.5
radiational,2015,246.6
radiational,2015,243.8
radiational,2015,241
radiational,2015,238.1
radiational,2015,235.3
radiational,2015,232.4
radiational,2015,229.6
radiational,2015,226.8
radiational,2015,223.9
radiational,2015,221.1
radiational,2015,269.4
radiational,2015,266.5
radiational,2015,263.7
radiational,2015,260.8
radiational,2015,258
radiational,2015,255.2
radiational,2015,252.3
radiational,2015,249.5
radiational,2015,246.6
radiational,2015,243.8
radiational,2015,241
radiational,2015,238.1
radiational,2015,235.3
radiational,2015,232.4
radiational,2015,229.6
radiational,2015,226.8
radiational,2015,223.9
radiational,2015,221.1
radiational,2015,218.2
radiational,2015,263.7
radiational,2015,260.8
radiational,2015,258
radiational,2015,255.2
radiational,2015,252.3
radiational,2015,249.5
radiational,2015,246.6
radiational,2015,243.8
radiational,2015,241
radiational,2015,238.1
radiational,2015,235.3
radiational,2015,232.4
radiational,2015,229.6
radiational,2015,226.8
radiational,2015,223.9
radiational,2015,221.1
radiational,2015,218.2
radiational,2015,215.4
radiational,2015,212.6
radiational,2015,258
radiational,2015,255.2
radiational,2015,252.3
radiational,2015,249.5
radiational,2015,246.6
radiational,2015,243.8
radiational,2015,241
radiational,2015,238.1
radiational,2015,235.3
radiational,2015,232.4
radiational,2015,229.6
radiational,2015,226.8
radiational,2015,223.9
radiational,2015,221.1
radiational,2015,218.2
radiational,2015,215.4
radiational,2015,212.6
radiational,2015,209.7
radiational,2015,252.3
radiational,2015,249.5
radiational,2015,246.6
radiational,2015,243.8
radiational,2015,241
radiational,2015,238.1
radiational,2015,235.3
radiational,2015,232.4
radiational,2015,229.6
radiational,2015,226.8
radiational,2015,223.9
radiational,2015,221.1
radiational,2015,218.2
radiational,2015,215.4
radiational,2015,212.6
radiational,2015,209.7
radiational,2015,206.9
radiational,2015,204
radiational,2015,246.6
radiational,2015,243.8
radiational,2015,241
radiational,2015,238.1
radiational,2015,235.3
radiational,2015,232.4
radiational,2015,229.6
radiational,2015,226.8
radiational,2015,223.9
radiational,2015,221.1
radiational,2015,218.2
radiational,2015,215.4
radiational,2015,212.6
radiational,2015,209.7
radiational,2015,206.9
radiational,2015,204
radiational,2015,201.2
radiational,2015,243.8
radiational,2015,241
radiational,2015,238.1
radiational,2015,235.3
radiational,2015,232.4
radiational,2015,229.6
radiational,2015,226.8
radiational,2015,223.9
radiational,2015,221.1
radiational,2015,218.2
radiational,2015,215.4
radiational,2015,212.6
radiational,2015,209.7
radiational,2015,206.9
radiational,2015,204
radiational,2015,201.2
radiational,2015,198.4
radiational,2015,195.5
radiational,2015,238.1
radiational,2015,235.3
radiational,2015,232.4
radiational,2015,229.6
radiational,2015,226.8
radiational,2015,223.9
radiational,2015,221.1
radiational,2015,218.2
radiational,2015,215.4
radiational,2015,212.6
radiational,2015,209.7
radiational,2015,206.9
radiational,2015,204
radiational,2015,201.2
radiational,2015,198.4
radiational,2015,195.5
radiational,2015,192.7
radiational,2015,232.4
radiational,2015,229.6
radiational,2015,226.8
radiational,2015,223.9
radiational,2015,221.1
radiational,2015,218.2
radiational,2015,215.4
radiational,2015,212.6
radiational,2015,209.7
radiational,2015,206.9
radiational,2015,204
radiational,2015,201.2
radiational,2015,198.4
radiational,2015,195.5
radiational,2015,192.7
radiational,2015,189.8
radiational,2015,187
radiational,2015,229.6
radiational,2015,226.8
radiational,2015,223.9
radiational,2015,221.1
radiational,2015,218.2
radiational,2015,215.4
radiational,2015,212.6
radiational,2015,209.7
radiational,2015,206.9
radiational,2015,204
radiational,2015,201.2
radiational,2015,198.4
radiational,2015,195.5
radiational,2015,192.7
radiational,2015,189.8
radiational,2015,187
radiational,2015,184.1
radiational,2015,181.3
radiational,2015,223.9
radiational,2015,221.1
radiational,2015,218.2
radiational,2015,215.4
radiational,2015,212.6
radiational,2015,209.7
radiational,2015,206.9
radiational,2015,204
radiational,2015,201.2
radiational,2015,198.4
radiational,2015,195.5
radiational,2015,192.7
radiational,2015,189.8
radiational,2015,187
radiational,2015,184.1
radiational,2015,181.3
radiational,2015,178.5
radiational,2015,221.1
radiational,2015,218.2
radiational,2015,215.4
radiational,2015,212.6
radiational,2015,209.7
radiational,2015,206.9
radiational,2015,204
radiational,2015,201.2
radiational,2015,198.4
radiational,2015,195.5
radiational,2015,192.7
radiational,2015,189.8
radiational,2015,187
radiational,2015,184.1
radiational,2015,181.3
radiational,2015,178.5
radiational,2015,175.6
radiational,2015,172.8
radiational,2015,215.4
radiational,2015,212.6
radiational,2015,209.7
radiational,2015,206.9
radiational,2015,204
radiational,2015,201.2
radiational,2015,198.4
radiational,2015,195.5
radiational,2015,192.7
radiational,2015,189.8
radiational,2015,187
radiational,2015,184.1
radiational,2015,181.3
radiational,2015,178.5
radiational,2015,175.6
radiational,2015,172.8
radiational,2015,169.9
radiational,2015,212.6
radiational,2015,209.7
radiational,2015,206.9
radiational,2015,204
radiational,2015,201.2
radiational,2015,198.4
radiational,2015,195.5
radiational,2015,192.7
radiational,2015,189.8
radiational,2015,187
radiational,2015,184.1
radiational,2015,181.3
radiational,2015,178.5
radiational,2015,175.6
radiational,2015,172.8
radiational,2015,169.9
radiational,2015,167.1
radiational,2015,206.9
radiational,2015,204
radiational,2015,201.2
radiational,2015,198.4
radiational,2015,195.5
radiational,2015,192.7
radiational,2015,189.8
radiational,2015,187
radiational,2015,184.1
radiational,2015,181.3
radiational,2015,178.5
radiational,2015,175.6
radiational,2015,172.8
radiational,2015,169.9
radiational,2015,167.1
radiational,2015,204
radiational,2015,201.2
radiational,2015,198.4
radiational,2015,195.5
radiational,2015,192.7
radiational,2015,189.8
radiational,2015,187
radiational,2015,184.1
radiational,2015,181.3
radiational,2015,178.5
radiational,2015,175.6
radiational,2015,172.8
radiational,2015,169.9
radiational,2015,167.1
radiational,2015,164.3
radiational,2015,198.4
radiational,2015,195.5
radiational,2015,192.7
radiational,2015,189.8
radiational,2015,187
radiational,2015,184.1
radiational,2015,181.3
radiational,2015,178.5
radiational,2015,175.6
radiational,2015,172.8
radiational,2015,169.9
radiational,2015,167.1
radiational,2015,164.3
radiational,2015,195.5
radiational,2015,192.7
radiational,2015,189.8
radiational,2015,187
radiational,2015,184.1
radiational,2015,181.3
radiational,2015,178.5
radiational,2015,175.6
radiational,2015,172.8
radiational,2015,169.9
radiational,2015,167.1
radiational,2015,164.3
radiational,2015,161.4
radiational,2015,189.8
radiational,2015,187
radiational,2015,184.1
radiational,2015,181.3
radiational,2015,178.5
radiational,2015,175.6
radiational,2015,172.8
radiational,2015,169.9
radiational,2015,167.1
radiational,2015,164.3
radiational,2015,161.4
radiational,2015,187
radiational,2015,184.1
radiational,2015,181.3
radiational,2015,178.5
radiational,2015,175.6
radiational,2015,172.8
radiational,2015,169.9
radiational,2015,167.1
radiational,2015,164.3
radiational,2015,161.4
radiational,2015,184.1
radiational,2015,181.3
radiational,2015,178.5
radiational,2015,175.6
radiational,2015,172.8
radiational,2015,169.9
radiational,2015,167.1
radiational,2015,164.3
radiational,2015,161.4
radiational,2015,158.6
radiational,2015,184.1
radiational,2015,181.3
radiational,2015,178.5
radiational,2015,175.6
radiational,2015,172.8
radiational,2015,169.9
radiational,2015,167.1
radiational,2015,164.3
radiational,2015,161.4
radiational,2015,158.6
radiational,2015,184.1
radiational,2015,181.3
radiational,2015,178.5
radiational,2015,175.6
radiational,2015,172.8
radiational,2015,169.9
radiational,2015,167.1
radiational,2015,164.3
radiational,2015,161.4
radiational,2015,158.6
radiational,2015,155.7
radiational,2015,181.3
radiational,2015,178.5
radiational,2015,175.6
radiational,2015,172.8
radiational,2015,169.9
radiational,2015,167.1
radiational,2015,164.3
radiational,2015,161.4
radiational,2015,158.6
radiational,2015,155.7
radiational,2015,181.3
radiational,2015,178.5
radiational,2015,175.6
radiational,2015,172.8
radiational,2015,169.9
radiational,2015,167.1
radiational,2015,164.3
radiational,2015,161.4
radiational,2015,158.6
radiational,2015,155.7
radiational,2015,178.5
radiational,2015,175.6
radiational,2015,172.8
radiational,2015,169.9
radiational,2015,167.1
radiational,2015,164.3
radiational,2015,161.4
radiational,2015,158.6
radiational,2015,155.7
radiational,2015,152.9
radiational,2015,178.5
radiational,2015,175.6
radiational,2015,172.8
radiational,2015,169.9
radiational,2015,167.1
radiational,2015,164.3
radiational,2015,161.4
radiational,2015,158.6
radiational,2015,155.7
radiational,2015,152.9
radiational,2015,178.5
radiational,2015,175.6
radiational,2015,172.8
radiational,2015,169.9
radiational,2015,167.1
radiational,2015,164.3
radiational,2015,161.4
radiational,2015,158.6
radiational,2015,155.7
radiational,2015,152.9
radiational,2015,150.1
radiational,2015,175.6
radiational,2015,172.8
radiational,2015,169.9
radiational,2015,167.1
radiational,2015,164.3
radiational,2015,161.4
radiational,2015,158.6
radiational,2015,155.7
radiational,2015,152.9
radiational,2015,150.1
radiational,2015,175.6
radiational,2015,172.8
radiational,2015,169.9
radiational,2015,167.1
radiational,2015,164.3
radiational,2015,161.4
radiational,2015,158.6
radiational,2015,155.7
radiational,2015,152.9
radiational,2015,150.1
radiational,2015,175.6
radiational,2015,172.8
radiational,2015,169.9
radiational,2015,167.1
radiational,2015,164.3
radiational,2015,161.4
radiational,2015,158.6
radiational,2015,155.7
radiational,2015,152.9
radiational,2015,150.1
radiational,2015,175.6
radiational,2015,172.8
radiational,2015,169.9
radiational,2015,167.1
radiational,2015,164.3
radiational,2015,161.4
radiational,2015,158.6
radiational,2015,155.7
radiational,2015,152.9
radiational,2015,150.1
radiational,2015,175.6
radiational,2015,172.8
radiational,2015,169.9
radiational,2015,167.1
radiational,2015,164.3
radiational,2015,161.4
radiational,2015,158.6
radiational,2015,155.7
radiational,2015,152.9
radiational,2015,150.1
radiational,2015,175.6
radiational,2015,172.8
radiational,2015,169.9
radiational,2015,167.1
radiational,2015,164.3
radiational,2015,161.4
radiational,2015,158.6
radiational,2015,155.7
radiational,2015,152.9
radiational,2015,150.1
radiational,2015,488.1
radiational,2015,485.3
radiational,2015,175.6
radiational,2015,172.8
radiational,2015,169.9
radiational,2015,167.1
radiational,2015,164.3
radiational,2015,161.4
radiational,2015,158.6
radiational,2015,155.7
radiational,2015,152.9
radiational,2015,150.1
radiational,2015,488.1
radiational,2015,485.3
radiational,2015,175.6
radiational,2015,172.8
radiational,2015,169.9
radiational,2015,167.1
radiational,2015,164.3
radiational,2015,161.4
radiational,2015,158.6
radiational,2015,155.7
radiational,2015,152.9
radiational,2015,150.1
radiational,2015,488.1
radiational,2015,485.3
radiational,2015,175.6
radiational,2015,172.8
radiational,2015,169.9
radiational,2015,167.1
radiational,2015,164.3
radiational,2015,161.4
radiational,2015,158.6
radiational,2015,155.7
radiational,2015,152.9
radiational,2015,150.1
radiational,2015,493.8
radiational,2015,491
radiational,2015,488.1
radiational,2015,485.3
radiational,2015,175.6
radiational,2015,172.8
radiational,2015,169.9
radiational,2015,167.1
radiational,2015,164.3
radiational,2015,161.4
radiational,2015,158.6
radiational,2015,155.7
radiational,2015,152.9
radiational,2015,493.8
radiational,2015,491
radiational,2015,488.1
radiational,2015,485.3
radiational,2015,175.6
radiational,2015,172.8
radiational,2015,169.9
radiational,2015,167.1
radiational,2015,164.3
radiational,2015,161.4
radiational,2015,158.6
radiational,2015,155.7
radiational,2015,152.9
radiational,2015,493.8
radiational,2015,491
radiational,2015,488.1
radiational,2015,485.3
radiational,2015,175.6
radiational,2015,172.8
radiational,2015,169.9
radiational,2015,167.1
radiational,2015,164.3
radiational,2015,161.4
radiational,2015,158.6
radiational,2015,155.7
radiational,2015,152.9
radiational,2015,493.8
radiational,2015,491
radiational,2015,488.1
radiational,2015,485.3
radiational,2015,175.6
radiational,2015,172.8
radiational,2015,169.9
radiational,2015,167.1
radiational,2015,164.3
radiational,2015,161.4
radiational,2015,158.6
radiational,2015,155.7
radiational,2015,152.9
radiational,2015,493.8
radiational,2015,491
radiational,2015,488.1
radiational,2015,485.3
radiational,2015,175.6
radiational,2015,172.8
radiational,2015,169.9
radiational,2015,167.1
radiational,2015,164.3
radiational,2015,161.4
radiational,2015,158.6
radiational,2015,155.7
radiational,2015,152.9
radiational,2015,493.8
radiational,2015,491
radiational,2015,488.1
radiational,2015,485.3
radiational,2015,175.6
radiational,2015,172.8
radiational,2015,169.9
radiational,2015,167.1
radiational,2015,164.3
radiational,2015,161.4
radiational,2015,158.6
radiational,2015,155.7
radiational,2015,152.9
radiational,2015,493.8
radiational,2015,491
radiational,2015,488.1
radiational,2015,485.3
radiational,2015,178.5
radiational,2015,175.6
radiational,2015,172.8
radiational,2015,169.9
radiational,2015,167.1
radiational,2015,164.3
radiational,2015,161.4
radiational,2015,158.6
radiational,2015,155.7
radiational,2015,152.9
radiational,2015,493.8
radiational,2015,491
radiational,2015,488.1
radiational,2015,485.3
radiational,2015,178.5
radiational,2015,175.6
radiational,2015,172.8
radiational,2015,169.9
radiational,2015,167.1
radiational,2015,164.3
radiational,2015,161.4
radiational,2015,158.6
radiational,2015,155.7
radiational,2015,152.9
radiational,2015,493.8
radiational,2015,491
radiational,2015,488.1
radiational,2015,485.3
radiational,2015,178.5
radiational,2015,175.6
radiational,2015,172.8
radiational,2015,169.9
radiational,2015,167.1
radiational,2015,164.3
radiational,2015,161.4
radiational,2015,158.6
radiational,2015,155.7
radiational,2015,152.9
radiational,2015,493.8
radiational,2015,491
radiational,2015,488.1
radiational,2015,485.3
radiational,2015,178.5
radiational,2015,175.6
radiational,2015,172.8
radiational,2015,169.9
radiational,2015,167.1
radiational,2015,164.3
radiational,2015,161.4
radiational,2015,158.6
radiational,2015,155.7
radiational,2015,152.9
radiational,2015,493.8
radiational,2015,491
radiational,2015,488.1
radiational,2015,485.3
radiational,2015,178.5
radiational,2015,175.6
radiational,2015,172.8
radiational,2015,169.9
radiational,2015,167.1
radiational,2015,164.3
radiational,2015,161.4
radiational,2015,158.6
radiational,2015,155.7
radiational,2015,493.8
radiational,2015,491
radiational,2015,488.1
radiational,2015,485.3
radiational,2015,178.5
radiational,2015,175.6
radiational,2015,172.8
radiational,2015,169.9
radiational,2015,167.1
radiational,2015,164.3
radiational,2015,161.4
radiational,2015,158.6
radiational,2015,155.7
radiational,2015,493.8
radiational,2015,491
radiational,2015,488.1
radiational,2015,485.3
radiational,2015,181.3
radiational,2015,178.5
radiational,2015,175.6
radiational,2015,172.8
radiational,2015,169.9
radiational,2015,167.1
radiational,2015,164.3
radiational,2015,161.4
radiational,2015,158.6
radiational,2015,155.7
radiational,2015,493.8
radiational,2015,491
radiational,2015,488.1
radiational,2015,485.3
radiational,2015,181.3
radiational,2015,178.5
radiational,2015,175.6
radiational,2015,172.8
radiational,2015,169.9
radiational,2015,167.1
radiational,2015,164.3
radiational,2015,161.4
radiational,2015,158.6
radiational,2015,155.7
radiational,2015,493.8
radiational,2015,491
radiational,2015,488.1
radiational,2015,485.3
radiational,2015,189.8
radiational,2015,187
radiational,2015,184.1
radiational,2015,181.3
radiational,2015,178.5
radiational,2015,175.6
radiational,2015,172.8
radiational,2015,169.9
radiational,2015,167.1
radiational,2015,164.3
radiational,2015,161.4
radiational,2015,158.6
radiational,2015,155.7
radiational,2015,493.8
radiational,2015,491
radiational,2015,488.1
radiational,2015,485.3
radiational,2015,212.6
radiational,2015,209.7
radiational,2015,206.9
radiational,2015,204
radiational,2015,201.2
radiational,2015,198.4
radiational,2015,195.5
radiational,2015,192.7
radiational,2015,189.8
radiational,2015,187
radiational,2015,184.1
radiational,2015,181.3
radiational,2015,178.5
radiational,2015,175.6
radiational,2015,172.8
radiational,2015,169.9
radiational,2015,167.1
radiational,2015,164.3
radiational,2015,161.4
radiational,2015,158.6
radiational,2015,155.7
radiational,2015,493.8
radiational,2015,491
radiational,2015,488.1
radiational,2015,485.3
radiational,2015,238.1
radiational,2015,235.3
radiational,2015,232.4
radiational,2015,229.6
radiational,2015,226.8
radiational,2015,223.9
radiational,2015,221.1
radiational,2015,218.2
radiational,2015,215.4
radiational,2015,212.6
radiational,2015,209.7
radiational,2015,206.9
radiational,2015,204
radiational,2015,201.2
radiational,2015,198.4
radiational,2015,195.5
radiational,2015,192.7
radiational,2015,189.8
radiational,2015,187
radiational,2015,184.1
radiational,2015,181.3
radiational,2015,178.5
radiational,2015,175.6
radiational,2015,172.8
radiational,2015,169.9
radiational,2015,167.1
radiational,2015,164.3
radiational,2015,161.4
radiational,2015,158.6
radiational,2015,493.8
radiational,2015,491
radiational,2015,488.1
radiational,2015,485.3
radiational,2015,260.8
radiational,2015,258
radiational,2015,255.2
radiational,2015,252.3
radiational,2015,249.5
radiational,2015,246.6
radiational,2015,243.8
radiational,2015,241
radiational,2015,238.1
radiational,2015,235.3
radiational,2015,232.4
radiational,2015,229.6
radiational,2015,226.8
radiational,2015,223.9
radiational,2015,221.1
radiational,2015,218.2
radiational,2015,215.4
radiational,2015,212.6
radiational,2015,209.7
radiational,2015,206.9
radiational,2015,204
radiational,2015,201.2
radiational,2015,198.4
radiational,2015,195.5
radiational,2015,192.7
radiational,2015,189.8
radiational,2015,187
radiational,2015,184.1
radiational,2015,181.3
radiational,2015,178.5
radiational,2015,175.6
radiational,2015,172.8
radiational,2015,169.9
radiational,2015,167.1
radiational,2015,164.3
radiational,2015,161.4
radiational,2015,158.6
radiational,2015,493.8
radiational,2015,491
radiational,2015,488.1
radiational,2015,485.3
radiational,2015,283.6
radiational,2015,280.7
radiational,2015,277.9
radiational,2015,275.1
radiational,2015,272.2
radiational,2015,269.4
radiational,2015,266.5
radiational,2015,263.7
radiational,2015,260.8
radiational,2015,258
radiational,2015,255.2
radiational,2015,252.3
radiational,2015,249.5
radiational,2015,246.6
radiational,2015,243.8
radiational,2015,241
radiational,2015,238.1
radiational,2015,235.3
radiational,2015,232.4
radiational,2015,229.6
radiational,2015,226.8
radiational,2015,223.9
radiational,2015,221.1
radiational,2015,218.2
radiational,2015,215.4
radiational,2015,212.6
radiational,2015,209.7
radiational,2015,206.9
radiational,2015,204
radiational,2015,201.2
radiational,2015,198.4
radiational,2015,195.5
radiational,2015,192.7
radiational,2015,189.8
radiational,2015,187
radiational,2015,184.1
radiational,2015,181.3
radiational,2015,178.5
radiational,2015,175.6
radiational,2015,172.8
radiational,2015,169.9
radiational,2015,167.1
radiational,2015,164.3
radiational,2015,161.4
radiational,2015,158.6
radiational,2015,493.8
radiational,2015,491
radiational,2015,488.1
radiational,2015,485.3
radiational,2015,306.3
radiational,2015,303.5
radiational,2015,300.6
radiational,2015,297.8
radiational,2015,294.9
radiational,2015,292.1
radiational,2015,289.3
radiational,2015,286.4
radiational,2015,283.6
radiational,2015,280.7
radiational,2015,277.9
radiational,2015,275.1
radiational,2015,272.2
radiational,2015,269.4
radiational,2015,266.5
radiational,2015,263.7
radiational,2015,260.8
radiational,2015,258
radiational,2015,255.2
radiational,2015,252.3
radiational,2015,249.5
radiational,2015,246.6
radiational,2015,243.8
radiational,2015,241
radiational,2015,238.1
radiational,2015,235.3
radiational,2015,232.4
radiational,2015,229.6
radiational,2015,226.8
radiational,2015,223.9
radiational,2015,221.1
radiational,2015,218.2
radiational,2015,215.4
radiational,2015,212.6
radiational,2015,209.7
radiational,2015,206.9
radiational,2015,204
radiational,2015,201.2
radiational,2015,198.4
radiational,2015,195.5
radiational,2015,192.7
radiational,2015,189.8
radiational,2015,187
radiational,2015,184.1
radiational,2015,181.3
radiational,2015,178.5
radiational,2015,175.6
radiational,2015,172.8
radiational,2015,169.9
radiational,2015,167.1
radiational,2015,164.3
radiational,2015,161.4
radiational,2015,158.6
radiational,2015,493.8
radiational,2015,491
radiational,2015,488.1
radiational,2015,485.3
radiational,2015,329
radiational,2015,326.2
radiational,2015,323.3
radiational,2015,320.5
radiational,2015,317.7
radiational,2015,314.8
radiational,2015,312
radiational,2015,309.1
radiational,2015,306.3
radiational,2015,303.5
radiational,2015,300.6
radiational,2015,297.8
radiational,2015,294.9
radiational,2015,292.1
radiational,2015,289.3
radiational,2015,286.4
radiational,2015,283.6
radiational,2015,280.7
radiational,2015,277.9
radiational,2015,275.1
radiational,2015,272.2
radiational,2015,269.4
radiational,2015,266.5
radiational,2015,263.7
radiational,2015,260.8
radiational,2015,258
radiational,2015,255.2
radiational,2015,252.3
radiational,2015,249.5
radiational,2015,246.6
radiational,2015,243.8
radiational,2015,241
radiational,2015,238.1
radiational,2015,235.3
radiational,2015,232.4
radiational,2015,229.6
radiational,2015,226.8
radiational,2015,223.9
radiational,2015,221.1
radiational,2015,218.2
radiational,2015,215.4
radiational,2015,212.6
radiational,2015,209.7
radiational,2015,206.9
radiational,2015,204
radiational,2015,201.2
radiational,2015,198.4
radiational,2015,195.5
radiational,2015,192.7
radiational,2015,189.8
radiational,2015,187
radiational,2015,184.1
radiational,2015,181.3
radiational,2015,178.5
radiational,2015,175.6
radiational,2015,172.8
radiational,2015,169.9
radiational,2015,167.1
radiational,2015,164.3
radiational,2015,161.4
radiational,2015,158.6
radiational,2015,493.8
radiational,2015,491
radiational,2015,488.1
radiational,2015,485.3
radiational,2015,354.6
radiational,2015,351.8
radiational,2015,348.9
radiational,2015,346.1
radiational,2015,343.2
radiational,2015,340.4
radiational,2015,337.6
radiational,2015,334.7
radiational,2015,331.9
radiational,2015,329
radiational,2015,326.2
radiational,2015,323.3
radiational,2015,320.5
radiational,2015,317.7
radiational,2015,314.8
radiational,2015,312
radiational,2015,309.1
radiational,2015,306.3
radiational,2015,303.5
radiational,2015,300.6
radiational,2015,297.8
radiational,2015,294.9
radiational,2015,292.1
radiational,2015,289.3
radiational,2015,286.4
radiational,2015,283.6
radiational,2015,280.7
radiational,2015,277.9
radiational,2015,275.1
radiational,2015,272.2
radiational,2015,269.4
radiational,2015,266.5
radiational,2015,263.7
radiational,2015,260.8
radiational,2015,258
radiational,2015,255.2
radiational,2015,252.3
radiational,2015,249.5
radiational,2015,246.6
radiational,2015,243.8
radiational,2015,241
radiational,2015,238.1
radiational,2015,235.3
radiational,2015,232.4
radiational,2015,229.6
radiational,2015,226.8
radiational,2015,223.9
radiational,2015,221.1
radiational,2015,218.2
radiational,2015,215.4
radiational,2015,212.6
radiational,2015,209.7
radiational,2015,206.9
radiational,2015,204
radiational,2015,201.2
radiational,2015,198.4
radiational,2015,195.5
radiational,2015,192.7
radiational,2015,189.8
radiational,2015,187
radiational,2015,184.1
radiational,2015,181.3
radiational,2015,178.5
radiational,2015,175.6
radiational,2015,172.8
radiational,2015,169.9
radiational,2015,167.1
radiational,2015,164.3
radiational,2015,161.4
radiational,2015,493.8
radiational,2015,491
radiational,2015,488.1
radiational,2015,485.3
radiational,2015,377.3
radiational,2015,374.5
radiational,2015,371.6
radiational,2015,368.8
radiational,2015,366
radiational,2015,363.1
radiational,2015,360.3
radiational,2015,357.4
radiational,2015,354.6
radiational,2015,351.8
radiational,2015,348.9
radiational,2015,346.1
radiational,2015,343.2
radiational,2015,340.4
radiational,2015,337.6
radiational,2015,334.7
radiational,2015,331.9
radiational,2015,329
radiational,2015,326.2
radiational,2015,323.3
radiational,2015,320.5
radiational,2015,317.7
radiational,2015,314.8
radiational,2015,312
radiational,2015,309.1
radiational,2015,306.3
radiational,2015,303.5
radiational,2015,300.6
radiational,2015,297.8
radiational,2015,294.9
radiational,2015,292.1
radiational,2015,289.3
radiational,2015,286.4
radiational,2015,283.6
radiational,2015,280.7
radiational,2015,277.9
radiational,2015,275.1
radiational,2015,272.2
radiational,2015,269.4
radiational,2015,266.5
radiational,2015,263.7
radiational,2015,260.8
radiational,2015,258
radiational,2015,255.2
radiational,2015,252.3
radiational,2015,249.5
radiational,2015,246.6
radiational,2015,243.8
radiational,2015,241
radiational,2015,238.1
radiational,2015,235.3
radiational,2015,232.4
radiational,2015,229.6
radiational,2015,226.8
radiational,2015,223.9
radiational,2015,221.1
radiational,2015,218.2
radiational,2015,215.4
radiational,2015,212.6
radiational,2015,209.7
radiational,2015,206.9
radiational,2015,204
radiational,2015,201.2
radiational,2015,198.4
radiational,2015,195.5
radiational,2015,192.7
radiational,2015,189.8
radiational,2015,187
radiational,2015,184.1
radiational,2015,181.3
radiational,2015,178.5
radiational,2015,175.6
radiational,2015,172.8
radiational,2015,169.9
radiational,2015,167.1
radiational,2015,164.3
radiational,2015,493.8
radiational,2015,491
radiational,2015,488.1
radiational,2015,485.3
radiational,2015,400
radiational,2015,397.2
radiational,2015,394.4
radiational,2015,391.5
radiational,2015,388.7
radiational,2015,385.8
radiational,2015,383
radiational,2015,380.2
radiational,2015,377.3
radiational,2015,374.5
radiational,2015,371.6
radiational,2015,368.8
radiational,2015,366
radiational,2015,363.1
radiational,2015,360.3
radiational,2015,357.4
radiational,2015,354.6
radiational,2015,351.8
radiational,2015,348.9
radiational,2015,346.1
radiational,2015,343.2
radiational,2015,340.4
radiational,2015,337.6
radiational,2015,334.7
radiational,2015,331.9
radiational,2015,329
radiational,2015,326.2
radiational,2015,323.3
radiational,2015,320.5
radiational,2015,317.7
radiational,2015,314.8
radiational,2015,312
radiational,2015,309.1
radiational,2015,306.3
radiational,2015,303.5
radiational,2015,300.6
radiational,2015,297.8
radiational,2015,294.9
radiational,2015,292.1
radiational,2015,289.3
radiational,2015,286.4
radiational,2015,283.6
radiational,2015,280.7
radiational,2015,277.9
radiational,2015,275.1
radiational,2015,272.2
radiational,2015,269.4
radiational,2015,266.5
radiational,2015,263.7
radiational,2015,260.8
radiational,2015,258
radiational,2015,255.2
radiational,2015,252.3
radiational,2015,249.5
radiational,2015,246.6
radiational,2015,243.8
radiational,2015,241
radiational,2015,238.1
radiational,2015,235.3
radiational,2015,232.4
radiational,2015,229.6
radiational,2015,226.8
radiational,2015,223.9
radiational,2015,221.1
radiational,2015,218.2
radiational,2015,215.4
radiational,2015,212.6
radiational,2015,209.7
radiational,2015,206.9
radiational,2015,204
radiational,2015,201.2
radiational,2015,198.4
radiational,2015,195.5
radiational,2015,192.7
radiational,2015,189.8
radiational,2015,187
radiational,2015,184.1
radiational,2015,181.3
radiational,2015,178.5
radiational,2015,493.8
radiational,2015,491
radiational,2015,488.1
radiational,2015,485.3
radiational,2015,422.8
radiational,2015,419.9
radiational,2015,417.1
radiational,2015,414.3
radiational,2015,411.4
radiational,2015,408.6
radiational,2015,405.7
radiational,2015,402.9
radiational,2015,400
radiational,2015,397.2
radiational,2015,394.4
radiational,2015,391.5
radiational,2015,388.7
radiational,2015,385.8
radiational,2015,383
radiational,2015,380.2
radiational,2015,377.3
radiational,2015,374.5
radiational,2015,371.6
radiational,2015,368.8
radiational,2015,366
radiational,2015,363.1
radiational,2015,360.3
radiational,2015,357.4
radiational,2015,354.6
radiational,2015,351.8
radiational,2015,348.9
radiational,2015,346.1
radiational,2015,343.2
radiational,2015,340.4
radiational,2015,337.6
radiational,2015,334.7
radiational,2015,331.9
radiational,2015,329
radiational,2015,326.2
radiational,2015,323.3
radiational,2015,320.5
radiational,2015,317.7
radiational,2015,314.8
radiational,2015,312
radiational,2015,309.1
radiational,2015,306.3
radiational,2015,303.5
radiational,2015,300.6
radiational,2015,297.8
radiational,2015,294.9
radiational,2015,292.1
radiational,2015,289.3
radiational,2015,286.4
radiational,2015,283.6
radiational,2015,280.7
radiational,2015,277.9
radiational,2015,275.1
radiational,2015,272.2
radiational,2015,269.4
radiational,2015,266.5
radiational,2015,263.7
radiational,2015,260.8
radiational,2015,258
radiational,2015,255.2
radiational,2015,252.3
radiational,2015,249.5
radiational,2015,246.6
radiational,2015,243.8
radiational,2015,241
radiational,2015,238.1
radiational,2015,235.3
radiational,2015,232.4
radiational,2015,229.6
radiational,2015,226.8
radiational,2015,223.9
radiational,2015,221.1
radiational,2015,218.2
radiational,2015,215.4
radiational,2015,212.6
radiational,2015,209.7
radiational,2015,206.9
radiational,2015,204
radiational,2015,201.2
radiational,2015,493.8
radiational,2015,491
radiational,2015,488.1
radiational,2015,485.3
radiational,2015,445.5
radiational,2015,442.7
radiational,2015,439.8
radiational,2015,437
radiational,2015,434.1
radiational,2015,431.3
radiational,2015,428.5
radiational,2015,425.6
radiational,2015,422.8
radiational,2015,419.9
radiational,2015,417.1
radiational,2015,414.3
radiational,2015,411.4
radiational,2015,408.6
radiational,2015,405.7
radiational,2015,402.9
radiational,2015,400
radiational,2015,397.2
radiational,2015,394.4
radiational,2015,391.5
radiational,2015,388.7
radiational,2015,385.8
radiational,2015,383
radiational,2015,380.2
radiational,2015,377.3
radiational,2015,374.5
radiational,2015,371.6
radiational,2015,368.8
radiational,2015,366
radiational,2015,363.1
radiational,2015,360.3
radiational,2015,357.4
radiational,2015,354.6
radiational,2015,351.8
radiational,2015,348.9
radiational,2015,346.1
radiational,2015,343.2
radiational,2015,340.4
radiational,2015,337.6
radiational,2015,334.7
radiational,2015,331.9
radiational,2015,329
radiational,2015,326.2
radiational,2015,323.3
radiational,2015,320.5
radiational,2015,317.7
radiational,2015,314.8
radiational,2015,312
radiational,2015,309.1
radiational,2015,306.3
radiational,2015,303.5
radiational,2015,300.6
radiational,2015,297.8
radiational,2015,294.9
radiational,2015,292.1
radiational,2015,289.3
radiational,2015,286.4
radiational,2015,283.6
radiational,2015,280.7
radiational,2015,277.9
radiational,2015,275.1
radiational,2015,272.2
radiational,2015,269.4
radiational,2015,266.5
radiational,2015,263.7
radiational,2015,260.8
radiational,2015,258
radiational,2015,255.2
radiational,2015,252.3
radiational,2015,249.5
radiational,2015,246.6
radiational,2015,243.8
radiational,2015,241
radiational,2015,238.1
radiational,2015,235.3
radiational,2015,232.4
radiational,2015,229.6
radiational,2015,226.8
radiational,2015,223.9
radiational,2015,493.8
radiational,2015,491
radiational,2015,488.1
radiational,2015,485.3
radiational,2015,462.5
radiational,2015,459.7
radiational,2015,456.9
radiational,2015,454
radiational,2015,451.2
radiational,2015,448.3
radiational,2015,445.5
radiational,2015,442.7
radiational,2015,439.8
radiational,2015,437
radiational,2015,434.1
radiational,2015,431.3
radiational,2015,428.5
radiational,2015,425.6
radiational,2015,422.8
radiational,2015,419.9
radiational,2015,417.1
radiational,2015,414.3
radiational,2015,411.4
radiational,2015,408.6
radiational,2015,405.7
radiational,2015,402.9
radiational,2015,400
radiational,2015,397.2
radiational,2015,394.4
radiational,2015,391.5
radiational,2015,388.7
radiational,2015,385.8
radiational,2015,383
radiational,2015,380.2
radiational,2015,377.3
radiational,2015,374.5
radiational,2015,371.6
radiational,2015,368.8
radiational,2015,366
radiational,2015,363.1
radiational,2015,360.3
radiational,2015,357.4
radiational,2015,354.6
radiational,2015,351.8
radiational,2015,348.9
radiational,2015,346.1
radiational,2015,343.2
radiational,2015,340.4
radiational,2015,337.6
radiational,2015,334.7
radiational,2015,331.9
radiational,2015,329
radiational,2015,326.2
radiational,2015,323.3
radiational,2015,320.5
radiational,2015,317.7
radiational,2015,314.8
radiational,2015,312
radiational,2015,309.1
radiational,2015,306.3
radiational,2015,303.5
radiational,2015,300.6
radiational,2015,297.8
radiational,2015,294.9
radiational,2015,292.1
radiational,2015,289.3
radiational,2015,286.4
radiational,2015,283.6
radiational,2015,280.7
radiational,2015,277.9
radiational,2015,275.1
radiational,2015,272.2
radiational,2015,269.4
radiational,2015,266.5
radiational,2015,263.7
radiational,2015,260.8
radiational,2015,258
radiational,2015,255.2
radiational,2015,252.3
radiational,2015,249.5
radiational,2015,493.8
radiational,2015,491
radiational,2015,488.1
radiational,2015,485.3
radiational,2015,468.2
radiational,2015,465.4
radiational,2015,462.5
radiational,2015,459.7
radiational,2015,456.9
radiational,2015,454
radiational,2015,451.2
radiational,2015,448.3
radiational,2015,445.5
radiational,2015,442.7
radiational,2015,439.8
radiational,2015,437
radiational,2015,434.1
radiational,2015,431.3
radiational,2015,428.5
radiational,2015,425.6
radiational,2015,422.8
radiational,2015,419.9
radiational,2015,417.1
radiational,2015,414.3
radiational,2015,411.4
radiational,2015,408.6
radiational,2015,405.7
radiational,2015,402.9
radiational,2015,400
radiational,2015,397.2
radiational,2015,394.4
radiational,2015,391.5
radiational,2015,388.7
radiational,2015,385.8
radiational,2015,383
radiational,2015,380.2
radiational,2015,377.3
radiational,2015,374.5
radiational,2015,371.6
radiational,2015,368.8
radiational,2015,366
radiational,2015,363.1
radiational,2015,360.3
radiational,2015,357.4
radiational,2015,354.6
radiational,2015,351.8
radiational,2015,348.9
radiational,2015,346.1
radiational,2015,343.2
radiational,2015,340.4
radiational,2015,337.6
radiational,2015,334.7
radiational,2015,331.9
radiational,2015,329
radiational,2015,326.2
radiational,2015,323.3
radiational,2015,320.5
radiational,2015,317.7
radiational,2015,314.8
radiational,2015,312
radiational,2015,309.1
radiational,2015,306.3
radiational,2015,303.5
radiational,2015,300.6
radiational,2015,297.8
radiational,2015,294.9
radiational,2015,292.1
radiational,2015,289.3
radiational,2015,286.4
radiational,2015,283.6
radiational,2015,280.7
radiational,2015,277.9
radiational,2015,275.1
radiational,2015,272.2
radiational,2015,493.8
radiational,2015,491
radiational,2015,488.1
radiational,2015,485.3
radiational,2015,471.1
radiational,2015,468.2
radiational,2015,465.4
radiational,2015,462.5
radiational,2015,459.7
radiational,2015,456.9
radiational,2015,454
radiational,2015,451.2
radiational,2015,448.3
radiational,2015,445.5
radiational,2015,442.7
radiational,2015,439.8
radiational,2015,437
radiational,2015,434.1
radiational,2015,431.3
radiational,2015,428.5
radiational,2015,425.6
radiational,2015,422.8
radiational,2015,419.9
radiational,2015,417.1
radiational,2015,414.3
radiational,2015,411.4
radiational,2015,408.6
radiational,2015,405.7
radiational,2015,402.9
radiational,2015,400
radiational,2015,397.2
radiational,2015,394.4
radiational,2015,391.5
radiational,2015,388.7
radiational,2015,385.8
radiational,2015,383
radiational,2015,380.2
radiational,2015,377.3
radiational,2015,374.5
radiational,2015,371.6
radiational,2015,368.8
radiational,2015,366
radiational,2015,363.1
radiational,2015,360.3
radiational,2015,357.4
radiational,2015,354.6
radiational,2015,351.8
radiational,2015,348.9
radiational,2015,346.1
radiational,2015,343.2
radiational,2015,340.4
radiational,2015,337.6
radiational,2015,334.7
radiational,2015,331.9
radiational,2015,329
radiational,2015,326.2
radiational,2015,323.3
radiational,2015,320.5
radiational,2015,317.7
radiational,2015,314.8
radiational,2015,312
radiational,2015,309.1
radiational,2015,306.3
radiational,2015,303.5
radiational,2015,300.6
radiational,2015,297.8
radiational,2015,294.9
radiational,2015,493.8
radiational,2015,491
radiational,2015,488.1
radiational,2015,485.3
radiational,2015,471.1
radiational,2015,468.2
radiational,2015,465.4
radiational,2015,462.5
radiational,2015,459.7
radiational,2015,456.9
radiational,2015,454
radiational,2015,451.2
radiational,2015,448.3
radiational,2015,445.5
radiational,2015,442.7
radiational,2015,439.8
radiational,2015,437
radiational,2015,434.1
radiational,2015,431.3
radiational,2015,428.5
radiational,2015,425.6
radiational,2015,422.8
radiational,2015,419.9
radiational,2015,417.1
radiational,2015,414.3
radiational,2015,411.4
radiational,2015,408.6
radiational,2015,405.7
radiational,2015,402.9
radiational,2015,400
radiational,2015,397.2
radiational,2015,394.4
radiational,2015,391.5
radiational,2015,388.7
radiational,2015,385.8
radiational,2015,383
radiational,2015,380.2
radiational,2015,377.3
radiational,2015,374.5
radiational,2015,371.6
radiational,2015,368.8
radiational,2015,366
radiational,2015,363.1
radiational,2015,360.3
radiational,2015,357.4
radiational,2015,354.6
radiational,2015,351.8
radiational,2015,348.9
radiational,2015,346.1
radiational,2015,343.2
radiational,2015,340.4
radiational,2015,337.6
radiational,2015,334.7
radiational,2015,331.9
radiational,2015,329
radiational,2015,326.2
radiational,2015,323.3
radiational,2015,320.5
radiational,2015,317.7
radiational,2015,493.8
radiational,2015,491
radiational,2015,488.1
radiational,2015,485.3
radiational,2015,471.1
radiational,2015,468.2
radiational,2015,465.4
radiational,2015,462.5
radiational,2015,459.7
radiational,2015,456.9
radiational,2015,454
radiational,2015,451.2
radiational,2015,448.3
radiational,2015,445.5
radiational,2015,442.7
radiational,2015,439.8
radiational,2015,437
radiational,2015,434.1
radiational,2015,431.3
radiational,2015,428.5
radiational,2015,425.6
radiational,2015,422.8
radiational,2015,419.9
radiational,2015,417.1
radiational,2015,414.3
radiational,2015,411.4
radiational,2015,408.6
radiational,2015,405.7
radiational,2015,402.9
radiational,2015,400
radiational,2015,397.2
radiational,2015,394.4
radiational,2015,391.5
radiational,2015,388.7
radiational,2015,385.8
radiational,2015,383
radiational,2015,380.2
radiational,2015,377.3
radiational,2015,374.5
radiational,2015,371.6
radiational,2015,368.8
radiational,2015,366
radiational,2015,363.1
radiational,2015,360.3
radiational,2015,357.4
radiational,2015,354.6
radiational,2015,351.8
radiational,2015,348.9
radiational,2015,346.1
radiational,2015,343.2
radiational,2015,340.4
radiational,2015,493.8
radiational,2015,491
radiational,2015,488.1
radiational,2015,485.3
radiational,2015,471.1
radiational,2015,468.2
radiational,2015,465.4
radiational,2015,462.5
radiational,2015,459.7
radiational,2015,456.9
radiational,2015,454
radiational,2015,451.2
radiational,2015,448.3
radiational,2015,445.5
radiational,2015,442.7
radiational,2015,439.8
radiational,2015,437
radiational,2015,434.1
radiational,2015,431.3
radiational,2015,428.5
radiational,2015,425.6
radiational,2015,422.8
radiational,2015,419.9
radiational,2015,417.1
radiational,2015,414.3
radiational,2015,411.4
radiational,2015,408.6
radiational,2015,405.7
radiational,2015,402.9
radiational,2015,400
radiational,2015,397.2
radiational,2015,394.4
radiational,2015,391.5
radiational,2015,388.7
radiational,2015,385.8
radiational,2015,383
radiational,2015,380.2
radiational,2015,377.3
radiational,2015,374.5
radiational,2015,371.6
radiational,2015,368.8
radiational,2015,366
radiational,2015,493.8
radiational,2015,491
radiational,2015,488.1
radiational,2015,485.3
radiational,2015,471.1
radiational,2015,468.2
radiational,2015,465.4
radiational,2015,462.5
radiational,2015,459.7
radiational,2015,456.9
radiational,2015,454
radiational,2015,451.2
radiational,2015,448.3
radiational,2015,445.5
radiational,2015,442.7
radiational,2015,439.8
radiational,2015,437
radiational,2015,434.1
radiational,2015,431.3
radiational,2015,428.5
radiational,2015,425.6
radiational,2015,422.8
radiational,2015,419.9
radiational,2015,417.1
radiational,2015,414.3
radiational,2015,411.4
radiational,2015,408.6
radiational,2015,405.7
radiational,2015,402.9
radiational,2015,400
radiational,2015,397.2
radiational,2015,394.4
radiational,2015,391.5
radiational,2015,388.7
radiational,2015,493.8
radiational,2015,491
radiational,2015,488.1
radiational,2015,485.3
radiational,2015,471.1
radiational,2015,468.2
radiational,2015,465.4
radiational,2015,462.5
radiational,2015,459.7
radiational,2015,456.9
radiational,2015,454
radiational,2015,451.2
radiational,2015,448.3
radiational,2015,445.5
radiational,2015,442.7
radiational,2015,439.8
radiational,2015,437
radiational,2015,434.1
radiational,2015,431.3
radiational,2015,428.5
radiational,2015,425.6
radiational,2015,422.8
radiational,2015,419.9
radiational,2015,417.1
radiational,2015,414.3
radiational,2015,411.4
radiational,2015,493.8
radiational,2015,491
radiational,2015,488.1
radiational,2015,485.3
radiational,2015,471.1
radiational,2015,468.2
radiational,2015,465.4
radiational,2015,462.5
radiational,2015,459.7
radiational,2015,456.9
radiational,2015,454
radiational,2015,451.2
radiational,2015,448.3
radiational,2015,445.5
radiational,2015,442.7
radiational,2015,439.8
radiational,2015,437
radiational,2015,434.1
radiational,2015,493.8
radiational,2015,491
radiational,2015,488.1
radiational,2015,485.3
radiational,2015,471.1
radiational,2015,468.2
radiational,2015,465.4
radiational,2015,462.5
radiational,2015,459.7
radiational,2015,456.9
radiational,2015,454
radiational,2015,451.2
radiational,2015,448.3
radiational,2015,493.8
radiational,2015,491
radiational,2015,488.1
radiational,2015,485.3
radiational,2015,471.1
radiational,2015,468.2
radiational,2015,465.4
radiational,2015,462.5
radiational,2015,459.7
radiational,2015,456.9
radiational,2015,454
radiational,2015,451.2
radiational,2015,448.3
radiational,2015,493.8
radiational,2015,491
radiational,2015,488.1
radiational,2015,485.3
radiational,2015,471.1
radiational,2015,468.2
radiational,2015,465.4
radiational,2015,462.5
radiational,2015,459.7
radiational,2015,456.9
radiational,2015,454
radiational,2015,451.2
radiational,2015,448.3
radiational,2015,493.8
radiational,2015,491
radiational,2015,488.1
radiational,2015,485.3
radiational,2015,471.1
radiational,2015,468.2
radiational,2015,465.4
radiational,2015,462.5
radiational,2015,459.7
radiational,2015,456.9
radiational,2015,454
radiational,2015,451.2
radiational,2015,448.3
radiational,2015,493.8
radiational,2015,491
radiational,2015,488.1
radiational,2015,485.3
radiational,2015,471.1
radiational,2015,468.2
radiational,2015,465.4
radiational,2015,462.5
radiational,2015,459.7
radiational,2015,456.9
radiational,2015,454
radiational,2015,451.2
radiational,2015,448.3
radiational,2016,493.8
radiational,2016,491
radiational,2016,488.1
radiational,2016,485.3
radiational,2016,471.1
radiational,2016,468.2
radiational,2016,465.4
radiational,2016,462.5
radiational,2016,459.7
radiational,2016,456.9
radiational,2016,454
radiational,2016,451.2
radiational,2016,448.3
radiational,2016,493.8
radiational,2016,491
radiational,2016,488.1
radiational,2016,485.3
radiational,2016,471.1
radiational,2016,468.2
radiational,2016,465.4
radiational,2016,462.5
radiational,2016,459.7
radiational,2016,456.9
radiational,2016,454
radiational,2016,451.2
radiational,2016,448.3
radiational,2016,493.8
radiational,2016,491
radiational,2016,488.1
radiational,2016,485.3
radiational,2016,471.1
radiational,2016,468.2
radiational,2016,465.4
radiational,2016,462.5
radiational,2016,459.7
radiational,2016,456.9
radiational,2016,454
radiational,2016,451.2
radiational,2016,448.3
radiational,2016,493.8
radiational,2016,491
radiational,2016,488.1
radiational,2016,485.3
radiational,2016,473.9
radiational,2016,471.1
radiational,2016,468.2
radiational,2016,465.4
radiational,2016,462.5
radiational,2016,459.7
radiational,2016,456.9
radiational,2016,454
radiational,2016,451.2
radiational,2016,448.3
radiational,2016,493.8
radiational,2016,491
radiational,2016,488.1
radiational,2016,485.3
radiational,2016,473.9
radiational,2016,471.1
radiational,2016,468.2
radiational,2016,465.4
radiational,2016,462.5
radiational,2016,459.7
radiational,2016,456.9
radiational,2016,454
radiational,2016,451.2
radiational,2016,448.3
radiational,2016,493.8
radiational,2016,491
radiational,2016,488.1
radiational,2016,485.3
radiational,2016,473.9
radiational,2016,471.1
radiational,2016,468.2
radiational,2016,465.4
radiational,2016,462.5
radiational,2016,459.7
radiational,2016,456.9
radiational,2016,454
radiational,2016,451.2
radiational,2016,448.3
radiational,2016,493.8
radiational,2016,491
radiational,2016,488.1
radiational,2016,485.3
radiational,2016,473.9
radiational,2016,471.1
radiational,2016,468.2
radiational,2016,465.4
radiational,2016,462.5
radiational,2016,459.7
radiational,2016,456.9
radiational,2016,454
radiational,2016,451.2
radiational,2016,448.3
radiational,2016,493.8
radiational,2016,491
radiational,2016,488.1
radiational,2016,485.3
radiational,2016,473.9
radiational,2016,471.1
radiational,2016,468.2
radiational,2016,465.4
radiational,2016,462.5
radiational,2016,459.7
radiational,2016,456.9
radiational,2016,454
radiational,2016,451.2
radiational,2016,493.8
radiational,2016,491
radiational,2016,488.1
radiational,2016,485.3
radiational,2016,476.7
radiational,2016,473.9
radiational,2016,471.1
radiational,2016,468.2
radiational,2016,465.4
radiational,2016,462.5
radiational,2016,459.7
radiational,2016,456.9
radiational,2016,454
radiational,2016,451.2
radiational,2016,493.8
radiational,2016,491
radiational,2016,488.1
radiational,2016,485.3
radiational,2016,476.7
radiational,2016,473.9
radiational,2016,471.1
radiational,2016,468.2
radiational,2016,465.4
radiational,2016,462.5
radiational,2016,459.7
radiational,2016,456.9
radiational,2016,454
radiational,2016,451.2
radiational,2016,493.8
radiational,2016,491
radiational,2016,488.1
radiational,2016,485.3
radiational,2016,476.7
radiational,2016,473.9
radiational,2016,471.1
radiational,2016,468.2
radiational,2016,465.4
radiational,2016,462.5
radiational,2016,459.7
radiational,2016,456.9
radiational,2016,454
radiational,2016,451.2
radiational,2016,493.8
radiational,2016,491
radiational,2016,488.1
radiational,2016,485.3
radiational,2016,476.7
radiational,2016,473.9
radiational,2016,471.1
radiational,2016,468.2
radiational,2016,465.4
radiational,2016,462.5
radiational,2016,459.7
radiational,2016,456.9
radiational,2016,454
radiational,2016,493.8
radiational,2016,491
radiational,2016,488.1
radiational,2016,485.3
radiational,2016,479.6
radiational,2016,476.7
radiational,2016,473.9
radiational,2016,471.1
radiational,2016,468.2
radiational,2016,465.4
radiational,2016,462.5
radiational,2016,459.7
radiational,2016,456.9
radiational,2016,454
radiational,2016,493.8
radiational,2016,491
radiational,2016,488.1
radiational,2016,485.3
radiational,2016,479.6
radiational,2016,476.7
radiational,2016,473.9
radiational,2016,471.1
radiational,2016,468.2
radiational,2016,465.4
radiational,2016,462.5
radiational,2016,459.7
radiational,2016,456.9
radiational,2016,454
radiational,2016,493.8
radiational,2016,491
radiational,2016,488.1
radiational,2016,485.3
radiational,2016,479.6
radiational,2016,476.7
radiational,2016,473.9
radiational,2016,471.1
radiational,2016,468.2
radiational,2016,465.4
radiational,2016,462.5
radiational,2016,459.7
radiational,2016,456.9
radiational,2016,454
radiational,2016,493.8
radiational,2016,491
radiational,2016,488.1
radiational,2016,485.3
radiational,2016,479.6
radiational,2016,476.7
radiational,2016,473.9
radiational,2016,471.1
radiational,2016,468.2
radiational,2016,465.4
radiational,2016,462.5
radiational,2016,459.7
radiational,2016,456.9
radiational,2016,493.8
radiational,2016,491
radiational,2016,488.1
radiational,2016,485.3
radiational,2016,482.4
radiational,2016,479.6
radiational,2016,476.7
radiational,2016,473.9
radiational,2016,471.1
radiational,2016,468.2
radiational,2016,465.4
radiational,2016,462.5
radiational,2016,459.7
radiational,2016,456.9
radiational,2016,493.8
radiational,2016,491
radiational,2016,488.1
radiational,2016,485.3
radiational,2016,482.4
radiational,2016,479.6
radiational,2016,476.7
radiational,2016,473.9
radiational,2016,471.1
radiational,2016,468.2
radiational,2016,465.4
radiational,2016,462.5
radiational,2016,459.7
radiational,2016,456.9
radiational,2016,493.8
radiational,2016,491
radiational,2016,488.1
radiational,2016,485.3
radiational,2016,479.6
radiational,2016,476.7
radiational,2016,473.9
radiational,2016,471.1
radiational,2016,468.2
radiational,2016,465.4
radiational,2016,462.5
radiational,2016,459.7
radiational,2016,456.9
radiational,2016,493.8
radiational,2016,491
radiational,2016,488.1
radiational,2016,485.3
radiational,2016,479.6
radiational,2016,476.7
radiational,2016,473.9
radiational,2016,471.1
radiational,2016,468.2
radiational,2016,465.4
radiational,2016,462.5
radiational,2016,459.7
radiational,2016,456.9
radiational,2016,493.8
radiational,2016,491
radiational,2016,488.1
radiational,2016,485.3
radiational,2016,479.6
radiational,2016,476.7
radiational,2016,473.9
radiational,2016,471.1
radiational,2016,468.2
radiational,2016,465.4
radiational,2016,462.5
radiational,2016,459.7
radiational,2016,456.9
radiational,2016,454
radiational,2016,493.8
radiational,2016,491
radiational,2016,488.1
radiational,2016,485.3
radiational,2016,479.6
radiational,2016,476.7
radiational,2016,473.9
radiational,2016,471.1
radiational,2016,468.2
radiational,2016,465.4
radiational,2016,462.5
radiational,2016,459.7
radiational,2016,456.9
radiational,2016,454
radiational,2016,493.8
radiational,2016,491
radiational,2016,488.1
radiational,2016,485.3
radiational,2016,479.6
radiational,2016,476.7
radiational,2016,473.9
radiational,2016,471.1
radiational,2016,468.2
radiational,2016,465.4
radiational,2016,462.5
radiational,2016,459.7
radiational,2016,456.9
radiational,2016,454
radiational,2016,493.8
radiational,2016,491
radiational,2016,488.1
radiational,2016,485.3
radiational,2016,479.6
radiational,2016,476.7
radiational,2016,473.9
radiational,2016,471.1
radiational,2016,468.2
radiational,2016,465.4
radiational,2016,462.5
radiational,2016,459.7
radiational,2016,456.9
radiational,2016,454
radiational,2016,493.8
radiational,2016,491
radiational,2016,488.1
radiational,2016,485.3
radiational,2016,479.6
radiational,2016,476.7
radiational,2016,473.9
radiational,2016,471.1
radiational,2016,468.2
radiational,2016,465.4
radiational,2016,462.5
radiational,2016,459.7
radiational,2016,456.9
radiational,2016,454
radiational,2016,493.8
radiational,2016,491
radiational,2016,488.1
radiational,2016,485.3
radiational,2016,476.7
radiational,2016,473.9
radiational,2016,471.1
radiational,2016,468.2
radiational,2016,465.4
radiational,2016,462.5
radiational,2016,459.7
radiational,2016,456.9
radiational,2016,454
radiational,2016,493.8
radiational,2016,491
radiational,2016,488.1
radiational,2016,485.3
radiational,2016,476.7
radiational,2016,473.9
radiational,2016,471.1
radiational,2016,468.2
radiational,2016,465.4
radiational,2016,462.5
radiational,2016,459.7
radiational,2016,456.9
radiational,2016,454
radiational,2016,493.8
radiational,2016,491
radiational,2016,488.1
radiational,2016,485.3
radiational,2016,476.7
radiational,2016,473.9
radiational,2016,471.1
radiational,2016,468.2
radiational,2016,465.4
radiational,2016,462.5
radiational,2016,459.7
radiational,2016,456.9
radiational,2016,454
radiational,2016,451.2
radiational,2016,493.8
radiational,2016,491
radiational,2016,488.1
radiational,2016,485.3
radiational,2016,476.7
radiational,2016,473.9
radiational,2016,471.1
radiational,2016,468.2
radiational,2016,465.4
radiational,2016,462.5
radiational,2016,459.7
radiational,2016,456.9
radiational,2016,454
radiational,2016,451.2
radiational,2016,493.8
radiational,2016,491
radiational,2016,488.1
radiational,2016,485.3
radiational,2016,476.7
radiational,2016,473.9
radiational,2016,471.1
radiational,2016,468.2
radiational,2016,465.4
radiational,2016,462.5
radiational,2016,459.7
radiational,2016,456.9
radiational,2016,454
radiational,2016,451.2
radiational,2016,493.8
radiational,2016,491
radiational,2016,488.1
radiational,2016,485.3
radiational,2016,476.7
radiational,2016,473.9
radiational,2016,471.1
radiational,2016,468.2
radiational,2016,465.4
radiational,2016,462.5
radiational,2016,459.7
radiational,2016,456.9
radiational,2016,454
radiational,2016,451.2
radiational,2016,493.8
radiational,2016,491
radiational,2016,488.1
radiational,2016,485.3
radiational,2016,476.7
radiational,2016,473.9
radiational,2016,471.1
radiational,2016,468.2
radiational,2016,465.4
radiational,2016,462.5
radiational,2016,459.7
radiational,2016,456.9
radiational,2016,454
radiational,2016,451.2
radiational,2016,493.8
radiational,2016,491
radiational,2016,488.1
radiational,2016,485.3
radiational,2016,476.7
radiational,2016,473.9
radiational,2016,471.1
radiational,2016,468.2
radiational,2016,465.4
radiational,2016,462.5
radiational,2016,459.7
radiational,2016,456.9
radiational,2016,454
radiational,2016,451.2
radiational,2016,493.8
radiational,2016,491
radiational,2016,488.1
radiational,2016,485.3
radiational,2016,476.7
radiational,2016,473.9
radiational,2016,471.1
radiational,2016,468.2
radiational,2016,465.4
radiational,2016,462.5
radiational,2016,459.7
radiational,2016,456.9
radiational,2016,454
radiational,2016,451.2
radiational,2016,493.8
radiational,2016,491
radiational,2016,488.1
radiational,2016,485.3
radiational,2016,476.7
radiational,2016,473.9
radiational,2016,471.1
radiational,2016,468.2
radiational,2016,465.4
radiational,2016,462.5
radiational,2016,459.7
radiational,2016,456.9
radiational,2016,454
radiational,2016,451.2
radiational,2016,493.8
radiational,2016,491
radiational,2016,488.1
radiational,2016,485.3
radiational,2016,476.7
radiational,2016,473.9
radiational,2016,471.1
radiational,2016,468.2
radiational,2016,465.4
radiational,2016,462.5
radiational,2016,459.7
radiational,2016,456.9
radiational,2016,454
radiational,2016,451.2
radiational,2016,493.8
radiational,2016,491
radiational,2016,488.1
radiational,2016,485.3
radiational,2016,476.7
radiational,2016,473.9
radiational,2016,471.1
radiational,2016,468.2
radiational,2016,465.4
radiational,2016,462.5
radiational,2016,459.7
radiational,2016,456.9
radiational,2016,454
radiational,2016,451.2
radiational,2016,493.8
radiational,2016,491
radiational,2016,488.1
radiational,2016,485.3
radiational,2016,476.7
radiational,2016,473.9
radiational,2016,471.1
radiational,2016,468.2
radiational,2016,465.4
radiational,2016,462.5
radiational,2016,459.7
radiational,2016,456.9
radiational,2016,454
radiational,2016,451.2
radiational,2016,493.8
radiational,2016,491
radiational,2016,488.1
radiational,2016,485.3
radiational,2016,476.7
radiational,2016,473.9
radiational,2016,471.1
radiational,2016,468.2
radiational,2016,465.4
radiational,2016,462.5
radiational,2016,459.7
radiational,2016,456.9
radiational,2016,454
radiational,2016,451.2
radiational,2016,493.8
radiational,2016,491
radiational,2016,488.1
radiational,2016,485.3
radiational,2016,476.7
radiational,2016,473.9
radiational,2016,471.1
radiational,2016,468.2
radiational,2016,465.4
radiational,2016,462.5
radiational,2016,459.7
radiational,2016,456.9
radiational,2016,454
radiational,2016,451.2
radiational,2016,493.8
radiational,2016,491
radiational,2016,488.1
radiational,2016,485.3
radiational,2016,476.7
radiational,2016,473.9
radiational,2016,471.1
radiational,2016,468.2
radiational,2016,465.4
radiational,2016,462.5
radiational,2016,459.7
radiational,2016,456.9
radiational,2016,454
radiational,2016,451.2
radiational,2016,493.8
radiational,2016,491
radiational,2016,488.1
radiational,2016,485.3
radiational,2016,476.7
radiational,2016,473.9
radiational,2016,471.1
radiational,2016,468.2
radiational,2016,465.4
radiational,2016,462.5
radiational,2016,459.7
radiational,2016,456.9
radiational,2016,454
radiational,2016,451.2
radiational,2016,493.8
radiational,2016,491
radiational,2016,488.1
radiational,2016,485.3
radiational,2016,476.7
radiational,2016,473.9
radiational,2016,471.1
radiational,2016,468.2
radiational,2016,465.4
radiational,2016,462.5
radiational,2016,459.7
radiational,2016,456.9
radiational,2016,454
radiational,2016,451.2
radiational,2016,493.8
radiational,2016,491
radiational,2016,488.1
radiational,2016,485.3
radiational,2016,476.7
radiational,2016,473.9
radiational,2016,471.1
radiational,2016,468.2
radiational,2016,465.4
radiational,2016,462.5
radiational,2016,459.7
radiational,2016,456.9
radiational,2016,454
radiational,2016,451.2
radiational,2016,493.8
radiational,2016,491
radiational,2016,488.1
radiational,2016,485.3
radiational,2016,473.9
radiational,2016,471.1
radiational,2016,468.2
radiational,2016,465.4
radiational,2016,462.5
radiational,2016,459.7
radiational,2016,456.9
radiational,2016,454
radiational,2016,451.2
radiational,2016,493.8
radiational,2016,491
radiational,2016,488.1
radiational,2016,485.3
radiational,2016,473.9
radiational,2016,471.1
radiational,2016,468.2
radiational,2016,465.4
radiational,2016,462.5
radiational,2016,459.7
radiational,2016,456.9
radiational,2016,454
radiational,2016,451.2
radiational,2016,493.8
radiational,2016,491
radiational,2016,488.1
radiational,2016,485.3
radiational,2016,473.9
radiational,2016,471.1
radiational,2016,468.2
radiational,2016,465.4
radiational,2016,462.5
radiational,2016,459.7
radiational,2016,456.9
radiational,2016,454
radiational,2016,451.2
radiational,2016,493.8
radiational,2016,491
radiational,2016,488.1
radiational,2016,485.3
radiational,2016,473.9
radiational,2016,471.1
radiational,2016,468.2
radiational,2016,465.4
radiational,2016,462.5
radiational,2016,459.7
radiational,2016,456.9
radiational,2016,454
radiational,2016,451.2
radiational,2016,493.8
radiational,2016,491
radiational,2016,488.1
radiational,2016,485.3
radiational,2016,473.9
radiational,2016,471.1
radiational,2016,468.2
radiational,2016,465.4
radiational,2016,462.5
radiational,2016,459.7
radiational,2016,456.9
radiational,2016,454
radiational,2016,451.2
radiational,2016,493.8
radiational,2016,491
radiational,2016,488.1
radiational,2016,485.3
radiational,2016,473.9
radiational,2016,471.1
radiational,2016,468.2
radiational,2016,465.4
radiational,2016,462.5
radiational,2016,459.7
radiational,2016,456.9
radiational,2016,454
radiational,2016,451.2
radiational,2016,493.8
radiational,2016,491
radiational,2016,488.1
radiational,2016,485.3
radiational,2016,473.9
radiational,2016,471.1
radiational,2016,468.2
radiational,2016,465.4
radiational,2016,462.5
radiational,2016,459.7
radiational,2016,456.9
radiational,2016,454
radiational,2016,451.2
radiational,2016,493.8
radiational,2016,491
radiational,2016,488.1
radiational,2016,485.3
radiational,2016,473.9
radiational,2016,471.1
radiational,2016,468.2
radiational,2016,465.4
radiational,2016,462.5
radiational,2016,459.7
radiational,2016,456.9
radiational,2016,454
radiational,2016,451.2
radiational,2016,493.8
radiational,2016,491
radiational,2016,488.1
radiational,2016,485.3
radiational,2016,473.9
radiational,2016,471.1
radiational,2016,468.2
radiational,2016,465.4
radiational,2016,462.5
radiational,2016,459.7
radiational,2016,456.9
radiational,2016,454
radiational,2016,451.2
radiational,2016,493.8
radiational,2016,491
radiational,2016,488.1
radiational,2016,485.3
radiational,2016,473.9
radiational,2016,471.1
radiational,2016,468.2
radiational,2016,465.4
radiational,2016,462.5
radiational,2016,459.7
radiational,2016,456.9
radiational,2016,454
radiational,2016,451.2
radiational,2016,493.8
radiational,2016,491
radiational,2016,488.1
radiational,2016,485.3
radiational,2016,473.9
radiational,2016,471.1
radiational,2016,468.2
radiational,2016,465.4
radiational,2016,462.5
radiational,2016,459.7
radiational,2016,456.9
radiational,2016,454
radiational,2016,451.2
radiational,2016,493.8
radiational,2016,491
radiational,2016,488.1
radiational,2016,485.3
radiational,2016,473.9
radiational,2016,471.1
radiational,2016,468.2
radiational,2016,465.4
radiational,2016,462.5
radiational,2016,459.7
radiational,2016,456.9
radiational,2016,454
radiational,2016,451.2
radiational,2016,448.3
radiational,2016,493.8
radiational,2016,491
radiational,2016,488.1
radiational,2016,485.3
radiational,2016,473.9
radiational,2016,471.1
radiational,2016,468.2
radiational,2016,465.4
radiational,2016,462.5
radiational,2016,459.7
radiational,2016,456.9
radiational,2016,454
radiational,2016,451.2
radiational,2016,448.3
radiational,2016,493.8
radiational,2016,491
radiational,2016,488.1
radiational,2016,485.3
radiational,2016,473.9
radiational,2016,471.1
radiational,2016,468.2
radiational,2016,465.4
radiational,2016,462.5
radiational,2016,459.7
radiational,2016,456.9
radiational,2016,454
radiational,2016,451.2
radiational,2016,448.3
radiational,2016,493.8
radiational,2016,491
radiational,2016,488.1
radiational,2016,485.3
radiational,2016,473.9
radiational,2016,471.1
radiational,2016,468.2
radiational,2016,465.4
radiational,2016,462.5
radiational,2016,459.7
radiational,2016,456.9
radiational,2016,454
radiational,2016,451.2
radiational,2016,448.3
radiational,2016,493.8
radiational,2016,491
radiational,2016,488.1
radiational,2016,485.3
radiational,2016,473.9
radiational,2016,471.1
radiational,2016,468.2
radiational,2016,465.4
radiational,2016,462.5
radiational,2016,459.7
radiational,2016,456.9
radiational,2016,454
radiational,2016,451.2
radiational,2016,448.3
radiational,2016,493.8
radiational,2016,491
radiational,2016,488.1
radiational,2016,485.3
radiational,2016,473.9
radiational,2016,471.1
radiational,2016,468.2
radiational,2016,465.4
radiational,2016,462.5
radiational,2016,459.7
radiational,2016,456.9
radiational,2016,454
radiational,2016,451.2
radiational,2016,448.3
radiational,2016,493.8
radiational,2016,491
radiational,2016,488.1
radiational,2016,485.3
radiational,2016,473.9
radiational,2016,471.1
radiational,2016,468.2
radiational,2016,465.4
radiational,2016,462.5
radiational,2016,459.7
radiational,2016,456.9
radiational,2016,454
radiational,2016,451.2
radiational,2016,448.3
radiational,2016,493.8
radiational,2016,491
radiational,2016,488.1
radiational,2016,485.3
radiational,2016,473.9
radiational,2016,471.1
radiational,2016,468.2
radiational,2016,465.4
radiational,2016,462.5
radiational,2016,459.7
radiational,2016,456.9
radiational,2016,454
radiational,2016,451.2
radiational,2016,448.3
radiational,2016,493.8
radiational,2016,491
radiational,2016,488.1
radiational,2016,485.3
radiational,2016,473.9
radiational,2016,471.1
radiational,2016,468.2
radiational,2016,465.4
radiational,2016,462.5
radiational,2016,459.7
radiational,2016,456.9
radiational,2016,454
radiational,2016,451.2
radiational,2016,448.3
radiational,2016,493.8
radiational,2016,491
radiational,2016,488.1
radiational,2016,485.3
radiational,2016,473.9
radiational,2016,471.1
radiational,2016,468.2
radiational,2016,465.4
radiational,2016,462.5
radiational,2016,459.7
radiational,2016,456.9
radiational,2016,454
radiational,2016,451.2
radiational,2016,448.3
radiational,2016,493.8
radiational,2016,491
radiational,2016,488.1
radiational,2016,485.3
radiational,2016,473.9
radiational,2016,471.1
radiational,2016,468.2
radiational,2016,465.4
radiational,2016,462.5
radiational,2016,459.7
radiational,2016,456.9
radiational,2016,454
radiational,2016,451.2
radiational,2016,448.3
radiational,2016,493.8
radiational,2016,491
radiational,2016,488.1
radiational,2016,485.3
radiational,2016,473.9
radiational,2016,471.1
radiational,2016,468.2
radiational,2016,465.4
radiational,2016,462.5
radiational,2016,459.7
radiational,2016,456.9
radiational,2016,454
radiational,2016,451.2
radiational,2016,448.3
radiational,2016,493.8
radiational,2016,491
radiational,2016,488.1
radiational,2016,485.3
radiational,2016,473.9
radiational,2016,471.1
radiational,2016,468.2
radiational,2016,465.4
radiational,2016,462.5
radiational,2016,459.7
radiational,2016,456.9
radiational,2016,454
radiational,2016,451.2
radiational,2016,448.3
radiational,2016,493.8
radiational,2016,491
radiational,2016,488.1
radiational,2016,485.3
radiational,2016,473.9
radiational,2016,471.1
radiational,2016,468.2
radiational,2016,465.4
radiational,2016,462.5
radiational,2016,459.7
radiational,2016,456.9
radiational,2016,454
radiational,2016,451.2
radiational,2016,448.3
radiational,2016,493.8
radiational,2016,491
radiational,2016,488.1
radiational,2016,485.3
radiational,2016,473.9
radiational,2016,471.1
radiational,2016,468.2
radiational,2016,465.4
radiational,2016,462.5
radiational,2016,459.7
radiational,2016,456.9
radiational,2016,454
radiational,2016,451.2
radiational,2016,448.3
radiational,2016,493.8
radiational,2016,491
radiational,2016,488.1
radiational,2016,485.3
radiational,2016,473.9
radiational,2016,471.1
radiational,2016,468.2
radiational,2016,465.4
radiational,2016,462.5
radiational,2016,459.7
radiational,2016,456.9
radiational,2016,454
radiational,2016,451.2
radiational,2016,448.3
radiational,2016,493.8
radiational,2016,491
radiational,2016,488.1
radiational,2016,485.3
radiational,2016,473.9
radiational,2016,471.1
radiational,2016,468.2
radiational,2016,465.4
radiational,2016,462.5
radiational,2016,459.7
radiational,2016,456.9
radiational,2016,454
radiational,2016,451.2
radiational,2016,448.3
radiational,2016,493.8
radiational,2016,491
radiational,2016,488.1
radiational,2016,485.3
radiational,2016,471.1
radiational,2016,468.2
radiational,2016,465.4
radiational,2016,462.5
radiational,2016,459.7
radiational,2016,456.9
radiational,2016,454
radiational,2016,451.2
radiational,2016,448.3
radiational,2016,493.8
radiational,2016,491
radiational,2016,488.1
radiational,2016,485.3
radiational,2016,471.1
radiational,2016,468.2
radiational,2016,465.4
radiational,2016,462.5
radiational,2016,459.7
radiational,2016,456.9
radiational,2016,454
radiational,2016,451.2
radiational,2016,448.3
radiational,2016,445.5
radiational,2016,493.8
radiational,2016,491
radiational,2016,488.1
radiational,2016,485.3
radiational,2016,471.1
radiational,2016,468.2
radiational,2016,465.4
radiational,2016,462.5
radiational,2016,459.7
radiational,2016,456.9
radiational,2016,454
radiational,2016,451.2
radiational,2016,448.3
radiational,2016,445.5
radiational,2016,493.8
radiational,2016,491
radiational,2016,488.1
radiational,2016,485.3
radiational,2016,471.1
radiational,2016,468.2
radiational,2016,465.4
radiational,2016,462.5
radiational,2016,459.7
radiational,2016,456.9
radiational,2016,454
radiational,2016,451.2
radiational,2016,448.3
radiational,2016,445.5
radiational,2016,493.8
radiational,2016,491
radiational,2016,488.1
radiational,2016,485.3
radiational,2016,471.1
radiational,2016,468.2
radiational,2016,465.4
radiational,2016,462.5
radiational,2016,459.7
radiational,2016,456.9
radiational,2016,454
radiational,2016,451.2
radiational,2016,448.3
radiational,2016,445.5
radiational,2016,493.8
radiational,2016,491
radiational,2016,488.1
radiational,2016,485.3
radiational,2016,471.1
radiational,2016,468.2
radiational,2016,465.4
radiational,2016,462.5
radiational,2016,459.7
radiational,2016,456.9
radiational,2016,454
radiational,2016,451.2
radiational,2016,448.3
radiational,2016,445.5
radiational,2016,493.8
radiational,2016,491
radiational,2016,488.1
radiational,2016,485.3
radiational,2016,468.2
radiational,2016,465.4
radiational,2016,462.5
radiational,2016,459.7
radiational,2016,456.9
radiational,2016,454
radiational,2016,451.2
radiational,2016,448.3
radiational,2016,445.5
radiational,2016,493.8
radiational,2016,491
radiational,2016,488.1
radiational,2016,485.3
radiational,2016,468.2
radiational,2016,465.4
radiational,2016,462.5
radiational,2016,459.7
radiational,2016,456.9
radiational,2016,454
radiational,2016,451.2
radiational,2016,448.3
radiational,2016,445.5
radiational,2016,442.7
radiational,2016,493.8
radiational,2016,491
radiational,2016,488.1
radiational,2016,485.3
radiational,2016,468.2
radiational,2016,465.4
radiational,2016,462.5
radiational,2016,459.7
radiational,2016,456.9
radiational,2016,454
radiational,2016,451.2
radiational,2016,448.3
radiational,2016,445.5
radiational,2016,442.7
radiational,2016,493.8
radiational,2016,491
radiational,2016,488.1
radiational,2016,485.3
radiational,2016,468.2
radiational,2016,465.4
radiational,2016,462.5
radiational,2016,459.7
radiational,2016,456.9
radiational,2016,454
radiational,2016,451.2
radiational,2016,448.3
radiational,2016,445.5
radiational,2016,442.7
radiational,2016,493.8
radiational,2016,491
radiational,2016,488.1
radiational,2016,485.3
radiational,2016,468.2
radiational,2016,465.4
radiational,2016,462.5
radiational,2016,459.7
radiational,2016,456.9
radiational,2016,454
radiational,2016,451.2
radiational,2016,448.3
radiational,2016,445.5
radiational,2016,442.7
radiational,2016,493.8
radiational,2016,491
radiational,2016,488.1
radiational,2016,485.3
radiational,2016,468.2
radiational,2016,465.4
radiational,2016,462.5
radiational,2016,459.7
radiational,2016,456.9
radiational,2016,454
radiational,2016,451.2
radiational,2016,448.3
radiational,2016,445.5
radiational,2016,442.7
radiational,2016,493.8
radiational,2016,491
radiational,2016,488.1
radiational,2016,485.3
radiational,2016,468.2
radiational,2016,465.4
radiational,2016,462.5
radiational,2016,459.7
radiational,2016,456.9
radiational,2016,454
radiational,2016,451.2
radiational,2016,448.3
radiational,2016,445.5
radiational,2016,442.7
radiational,2016,493.8
radiational,2016,491
radiational,2016,488.1
radiational,2016,485.3
radiational,2016,468.2
radiational,2016,465.4
radiational,2016,462.5
radiational,2016,459.7
radiational,2016,456.9
radiational,2016,454
radiational,2016,451.2
radiational,2016,448.3
radiational,2016,445.5
radiational,2016,442.7
radiational,2016,493.8
radiational,2016,491
radiational,2016,488.1
radiational,2016,485.3
radiational,2016,468.2
radiational,2016,465.4
radiational,2016,462.5
radiational,2016,459.7
radiational,2016,456.9
radiational,2016,454
radiational,2016,451.2
radiational,2016,448.3
radiational,2016,445.5
radiational,2016,442.7
radiational,2016,493.8
radiational,2016,491
radiational,2016,488.1
radiational,2016,485.3
radiational,2016,468.2
radiational,2016,465.4
radiational,2016,462.5
radiational,2016,459.7
radiational,2016,456.9
radiational,2016,454
radiational,2016,451.2
radiational,2016,448.3
radiational,2016,445.5
radiational,2016,442.7
radiational,2016,493.8
radiational,2016,491
radiational,2016,488.1
radiational,2016,485.3
radiational,2016,468.2
radiational,2016,465.4
radiational,2016,462.5
radiational,2016,459.7
radiational,2016,456.9
radiational,2016,454
radiational,2016,451.2
radiational,2016,448.3
radiational,2016,445.5
radiational,2016,442.7
radiational,2016,493.8
radiational,2016,491
radiational,2016,488.1
radiational,2016,485.3
radiational,2016,468.2
radiational,2016,465.4
radiational,2016,462.5
radiational,2016,459.7
radiational,2016,456.9
radiational,2016,454
radiational,2016,451.2
radiational,2016,448.3
radiational,2016,445.5
radiational,2016,442.7
radiational,2016,493.8
radiational,2016,491
radiational,2016,488.1
radiational,2016,485.3
radiational,2016,468.2
radiational,2016,465.4
radiational,2016,462.5
radiational,2016,459.7
radiational,2016,456.9
radiational,2016,454
radiational,2016,451.2
radiational,2016,448.3
radiational,2016,445.5
radiational,2016,442.7
radiational,2016,493.8
radiational,2016,491
radiational,2016,488.1
radiational,2016,485.3
radiational,2016,468.2
radiational,2016,465.4
radiational,2016,462.5
radiational,2016,459.7
radiational,2016,456.9
radiational,2016,454
radiational,2016,451.2
radiational,2016,448.3
radiational,2016,445.5
radiational,2016,442.7
radiational,2016,493.8
radiational,2016,491
radiational,2016,488.1
radiational,2016,485.3
radiational,2016,468.2
radiational,2016,465.4
radiational,2016,462.5
radiational,2016,459.7
radiational,2016,456.9
radiational,2016,454
radiational,2016,451.2
radiational,2016,448.3
radiational,2016,445.5
radiational,2016,442.7
radiational,2016,493.8
radiational,2016,491
radiational,2016,488.1
radiational,2016,485.3
radiational,2016,468.2
radiational,2016,465.4
radiational,2016,462.5
radiational,2016,459.7
radiational,2016,456.9
radiational,2016,454
radiational,2016,451.2
radiational,2016,448.3
radiational,2016,445.5
radiational,2016,442.7
radiational,2016,493.8
radiational,2016,491
radiational,2016,488.1
radiational,2016,485.3
radiational,2016,468.2
radiational,2016,465.4
radiational,2016,462.5
radiational,2016,459.7
radiational,2016,456.9
radiational,2016,454
radiational,2016,451.2
radiational,2016,448.3
radiational,2016,445.5
radiational,2016,442.7
radiational,2016,493.8
radiational,2016,491
radiational,2016,488.1
radiational,2016,485.3
radiational,2016,468.2
radiational,2016,465.4
radiational,2016,462.5
radiational,2016,459.7
radiational,2016,456.9
radiational,2016,454
radiational,2016,451.2
radiational,2016,448.3
radiational,2016,445.5
radiational,2016,442.7
radiational,2016,493.8
radiational,2016,491
radiational,2016,488.1
radiational,2016,485.3
radiational,2016,468.2
radiational,2016,465.4
radiational,2016,462.5
radiational,2016,459.7
radiational,2016,456.9
radiational,2016,454
radiational,2016,451.2
radiational,2016,448.3
radiational,2016,445.5
radiational,2016,442.7
radiational,2016,493.8
radiational,2016,491
radiational,2016,488.1
radiational,2016,485.3
radiational,2016,468.2
radiational,2016,465.4
radiational,2016,462.5
radiational,2016,459.7
radiational,2016,456.9
radiational,2016,454
radiational,2016,451.2
radiational,2016,448.3
radiational,2016,445.5
radiational,2016,442.7
radiational,2016,493.8
radiational,2016,491
radiational,2016,488.1
radiational,2016,485.3
radiational,2016,468.2
radiational,2016,465.4
radiational,2016,462.5
radiational,2016,459.7
radiational,2016,456.9
radiational,2016,454
radiational,2016,451.2
radiational,2016,448.3
radiational,2016,445.5
radiational,2016,442.7
radiational,2016,493.8
radiational,2016,491
radiational,2016,488.1
radiational,2016,485.3
radiational,2016,468.2
radiational,2016,465.4
radiational,2016,462.5
radiational,2016,459.7
radiational,2016,456.9
radiational,2016,454
radiational,2016,451.2
radiational,2016,448.3
radiational,2016,445.5
radiational,2016,442.7
radiational,2016,493.8
radiational,2016,491
radiational,2016,488.1
radiational,2016,485.3
radiational,2016,468.2
radiational,2016,465.4
radiational,2016,462.5
radiational,2016,459.7
radiational,2016,456.9
radiational,2016,454
radiational,2016,451.2
radiational,2016,448.3
radiational,2016,445.5
radiational,2016,442.7
radiational,2016,493.8
radiational,2016,491
radiational,2016,488.1
radiational,2016,485.3
radiational,2016,465.4
radiational,2016,462.5
radiational,2016,459.7
radiational,2016,456.9
radiational,2016,454
radiational,2016,451.2
radiational,2016,448.3
radiational,2016,445.5
radiational,2016,442.7
radiational,2016,493.8
radiational,2016,491
radiational,2016,488.1
radiational,2016,485.3
radiational,2016,465.4
radiational,2016,462.5
radiational,2016,459.7
radiational,2016,456.9
radiational,2016,454
radiational,2016,451.2
radiational,2016,448.3
radiational,2016,445.5
radiational,2016,442.7
radiational,2016,493.8
radiational,2016,491
radiational,2016,488.1
radiational,2016,485.3
radiational,2016,465.4
radiational,2016,462.5
radiational,2016,459.7
radiational,2016,456.9
radiational,2016,454
radiational,2016,451.2
radiational,2016,448.3
radiational,2016,445.5
radiational,2016,442.7
radiational,2016,493.8
radiational,2016,491
radiational,2016,488.1
radiational,2016,485.3
radiational,2016,465.4
radiational,2016,462.5
radiational,2016,459.7
radiational,2016,456.9
radiational,2016,454
radiational,2016,451.2
radiational,2016,448.3
radiational,2016,445.5
radiational,2016,442.7
radiational,2016,493.8
radiational,2016,491
radiational,2016,488.1
radiational,2016,485.3
radiational,2016,465.4
radiational,2016,462.5
radiational,2016,459.7
radiational,2016,456.9
radiational,2016,454
radiational,2016,451.2
radiational,2016,448.3
radiational,2016,445.5
radiational,2016,442.7
radiational,2016,493.8
radiational,2016,491
radiational,2016,488.1
radiational,2016,485.3
radiational,2016,465.4
radiational,2016,462.5
radiational,2016,459.7
radiational,2016,456.9
radiational,2016,454
radiational,2016,451.2
radiational,2016,448.3
radiational,2016,445.5
radiational,2016,442.7
radiational,2016,493.8
radiational,2016,491
radiational,2016,488.1
radiational,2016,485.3
radiational,2016,465.4
radiational,2016,462.5
radiational,2016,459.7
radiational,2016,456.9
radiational,2016,454
radiational,2016,451.2
radiational,2016,448.3
radiational,2016,445.5
radiational,2016,442.7
radiational,2016,439.8
radiational,2016,493.8
radiational,2016,491
radiational,2016,488.1
radiational,2016,485.3
radiational,2016,465.4
radiational,2016,462.5
radiational,2016,459.7
radiational,2016,456.9
radiational,2016,454
radiational,2016,451.2
radiational,2016,448.3
radiational,2016,445.5
radiational,2016,442.7
radiational,2016,439.8
radiational,2016,493.8
radiational,2016,491
radiational,2016,488.1
radiational,2016,485.3
radiational,2016,465.4
radiational,2016,462.5
radiational,2016,459.7
radiational,2016,456.9
radiational,2016,454
radiational,2016,451.2
radiational,2016,448.3
radiational,2016,445.5
radiational,2016,442.7
radiational,2016,439.8
radiational,2016,493.8
radiational,2016,491
radiational,2016,488.1
radiational,2016,485.3
radiational,2016,465.4
radiational,2016,462.5
radiational,2016,459.7
radiational,2016,456.9
radiational,2016,454
radiational,2016,451.2
radiational,2016,448.3
radiational,2016,445.5
radiational,2016,442.7
radiational,2016,439.8
radiational,2016,493.8
radiational,2016,491
radiational,2016,488.1
radiational,2016,485.3
radiational,2016,465.4
radiational,2016,462.5
radiational,2016,459.7
radiational,2016,456.9
radiational,2016,454
radiational,2016,451.2
radiational,2016,448.3
radiational,2016,445.5
radiational,2016,442.7
radiational,2016,439.8
radiational,2016,493.8
radiational,2016,491
radiational,2016,488.1
radiational,2016,485.3
radiational,2016,465.4
radiational,2016,462.5
radiational,2016,459.7
radiational,2016,456.9
radiational,2016,454
radiational,2016,451.2
radiational,2016,448.3
radiational,2016,445.5
radiational,2016,442.7
radiational,2016,439.8
radiational,2016,493.8
radiational,2016,491
radiational,2016,488.1
radiational,2016,485.3
radiational,2016,462.5
radiational,2016,459.7
radiational,2016,456.9
radiational,2016,454
radiational,2016,451.2
radiational,2016,448.3
radiational,2016,445.5
radiational,2016,442.7
radiational,2016,439.8
radiational,2016,493.8
radiational,2016,491
radiational,2016,488.1
radiational,2016,485.3
radiational,2016,462.5
radiational,2016,459.7
radiational,2016,456.9
radiational,2016,454
radiational,2016,451.2
radiational,2016,448.3
radiational,2016,445.5
radiational,2016,442.7
radiational,2016,439.8
radiational,2016,493.8
radiational,2016,491
radiational,2016,488.1
radiational,2016,485.3
radiational,2016,462.5
radiational,2016,459.7
radiational,2016,456.9
radiational,2016,454
radiational,2016,451.2
radiational,2016,448.3
radiational,2016,445.5
radiational,2016,442.7
radiational,2016,439.8
radiational,2016,493.8
radiational,2016,491
radiational,2016,488.1
radiational,2016,485.3
radiational,2016,462.5
radiational,2016,459.7
radiational,2016,456.9
radiational,2016,454
radiational,2016,451.2
radiational,2016,448.3
radiational,2016,445.5
radiational,2016,442.7
radiational,2016,439.8
radiational,2016,437
radiational,2016,493.8
radiational,2016,491
radiational,2016,488.1
radiational,2016,485.3
radiational,2016,462.5
radiational,2016,459.7
radiational,2016,456.9
radiational,2016,454
radiational,2016,451.2
radiational,2016,448.3
radiational,2016,445.5
radiational,2016,442.7
radiational,2016,439.8
radiational,2016,437
radiational,2016,434.1
radiational,2016,431.3
radiational,2016,428.5
radiational,2016,493.8
radiational,2016,491
radiational,2016,488.1
radiational,2016,485.3
radiational,2016,462.5
radiational,2016,459.7
radiational,2016,456.9
radiational,2016,454
radiational,2016,451.2
radiational,2016,448.3
radiational,2016,445.5
radiational,2016,442.7
radiational,2016,439.8
radiational,2016,437
radiational,2016,434.1
radiational,2016,431.3
radiational,2016,428.5
radiational,2016,425.6
radiational,2016,422.8
radiational,2016,419.9
radiational,2016,417.1
radiational,2016,414.3
radiational,2016,411.4
radiational,2016,408.6
radiational,2016,405.7
radiational,2016,493.8
radiational,2016,491
radiational,2016,488.1
radiational,2016,485.3
radiational,2016,462.5
radiational,2016,459.7
radiational,2016,456.9
radiational,2016,454
radiational,2016,451.2
radiational,2016,448.3
radiational,2016,445.5
radiational,2016,442.7
radiational,2016,439.8
radiational,2016,437
radiational,2016,434.1
radiational,2016,431.3
radiational,2016,428.5
radiational,2016,425.6
radiational,2016,422.8
radiational,2016,419.9
radiational,2016,417.1
radiational,2016,414.3
radiational,2016,411.4
radiational,2016,408.6
radiational,2016,405.7
radiational,2016,402.9
radiational,2016,400
radiational,2016,397.2
radiational,2016,394.4
radiational,2016,391.5
radiational,2016,388.7
radiational,2016,385.8
radiational,2016,493.8
radiational,2016,491
radiational,2016,488.1
radiational,2016,485.3
radiational,2016,462.5
radiational,2016,459.7
radiational,2016,456.9
radiational,2016,454
radiational,2016,451.2
radiational,2016,448.3
radiational,2016,445.5
radiational,2016,442.7
radiational,2016,439.8
radiational,2016,437
radiational,2016,434.1
radiational,2016,431.3
radiational,2016,428.5
radiational,2016,425.6
radiational,2016,422.8
radiational,2016,419.9
radiational,2016,417.1
radiational,2016,414.3
radiational,2016,411.4
radiational,2016,408.6
radiational,2016,405.7
radiational,2016,402.9
radiational,2016,400
radiational,2016,397.2
radiational,2016,394.4
radiational,2016,391.5
radiational,2016,388.7
radiational,2016,385.8
radiational,2016,383
radiational,2016,380.2
radiational,2016,377.3
radiational,2016,374.5
radiational,2016,371.6
radiational,2016,368.8
radiational,2016,366
radiational,2016,493.8
radiational,2016,491
radiational,2016,488.1
radiational,2016,485.3
radiational,2016,462.5
radiational,2016,459.7
radiational,2016,456.9
radiational,2016,454
radiational,2016,451.2
radiational,2016,448.3
radiational,2016,445.5
radiational,2016,442.7
radiational,2016,439.8
radiational,2016,437
radiational,2016,434.1
radiational,2016,431.3
radiational,2016,428.5
radiational,2016,425.6
radiational,2016,422.8
radiational,2016,419.9
radiational,2016,417.1
radiational,2016,414.3
radiational,2016,411.4
radiational,2016,408.6
radiational,2016,405.7
radiational,2016,402.9
radiational,2016,400
radiational,2016,397.2
radiational,2016,394.4
radiational,2016,391.5
radiational,2016,388.7
radiational,2016,385.8
radiational,2016,383
radiational,2016,380.2
radiational,2016,377.3
radiational,2016,374.5
radiational,2016,371.6
radiational,2016,368.8
radiational,2016,366
radiational,2016,363.1
radiational,2016,360.3
radiational,2016,357.4
radiational,2016,354.6
radiational,2016,351.8
radiational,2016,348.9
radiational,2016,346.1
radiational,2016,493.8
radiational,2016,491
radiational,2016,488.1
radiational,2016,485.3
radiational,2016,459.7
radiational,2016,456.9
radiational,2016,454
radiational,2016,451.2
radiational,2016,448.3
radiational,2016,445.5
radiational,2016,442.7
radiational,2016,439.8
radiational,2016,437
radiational,2016,434.1
radiational,2016,431.3
radiational,2016,428.5
radiational,2016,425.6
radiational,2016,422.8
radiational,2016,419.9
radiational,2016,417.1
radiational,2016,414.3
radiational,2016,411.4
radiational,2016,408.6
radiational,2016,405.7
radiational,2016,402.9
radiational,2016,400
radiational,2016,397.2
radiational,2016,394.4
radiational,2016,391.5
radiational,2016,388.7
radiational,2016,385.8
radiational,2016,383
radiational,2016,380.2
radiational,2016,377.3
radiational,2016,374.5
radiational,2016,371.6
radiational,2016,368.8
radiational,2016,366
radiational,2016,363.1
radiational,2016,360.3
radiational,2016,357.4
radiational,2016,354.6
radiational,2016,351.8
radiational,2016,348.9
radiational,2016,346.1
radiational,2016,343.2
radiational,2016,340.4
radiational,2016,337.6
radiational,2016,334.7
radiational,2016,331.9
radiational,2016,329
radiational,2016,326.2
radiational,2016,323.3
radiational,2016,493.8
radiational,2016,491
radiational,2016,488.1
radiational,2016,485.3
radiational,2016,459.7
radiational,2016,456.9
radiational,2016,454
radiational,2016,451.2
radiational,2016,448.3
radiational,2016,445.5
radiational,2016,442.7
radiational,2016,439.8
radiational,2016,437
radiational,2016,434.1
radiational,2016,431.3
radiational,2016,428.5
radiational,2016,425.6
radiational,2016,422.8
radiational,2016,419.9
radiational,2016,417.1
radiational,2016,414.3
radiational,2016,411.4
radiational,2016,408.6
radiational,2016,405.7
radiational,2016,402.9
radiational,2016,400
radiational,2016,397.2
radiational,2016,394.4
radiational,2016,391.5
radiational,2016,388.7
radiational,2016,385.8
radiational,2016,383
radiational,2016,380.2
radiational,2016,377.3
radiational,2016,374.5
radiational,2016,371.6
radiational,2016,368.8
radiational,2016,366
radiational,2016,363.1
radiational,2016,360.3
radiational,2016,357.4
radiational,2016,354.6
radiational,2016,351.8
radiational,2016,348.9
radiational,2016,346.1
radiational,2016,343.2
radiational,2016,340.4
radiational,2016,337.6
radiational,2016,334.7
radiational,2016,331.9
radiational,2016,329
radiational,2016,326.2
radiational,2016,323.3
radiational,2016,320.5
radiational,2016,317.7
radiational,2016,314.8
radiational,2016,312
radiational,2016,309.1
radiational,2016,306.3
radiational,2016,303.5
radiational,2016,493.8
radiational,2016,491
radiational,2016,488.1
radiational,2016,485.3
radiational,2016,456.9
radiational,2016,454
radiational,2016,451.2
radiational,2016,448.3
radiational,2016,445.5
radiational,2016,442.7
radiational,2016,439.8
radiational,2016,437
radiational,2016,434.1
radiational,2016,431.3
radiational,2016,428.5
radiational,2016,425.6
radiational,2016,422.8
radiational,2016,419.9
radiational,2016,417.1
radiational,2016,414.3
radiational,2016,411.4
radiational,2016,408.6
radiational,2016,405.7
radiational,2016,402.9
radiational,2016,400
radiational,2016,397.2
radiational,2016,394.4
radiational,2016,391.5
radiational,2016,388.7
radiational,2016,385.8
radiational,2016,383
radiational,2016,380.2
radiational,2016,377.3
radiational,2016,374.5
radiational,2016,371.6
radiational,2016,368.8
radiational,2016,366
radiational,2016,363.1
radiational,2016,360.3
radiational,2016,357.4
radiational,2016,354.6
radiational,2016,351.8
radiational,2016,348.9
radiational,2016,346.1
radiational,2016,343.2
radiational,2016,340.4
radiational,2016,337.6
radiational,2016,334.7
radiational,2016,331.9
radiational,2016,329
radiational,2016,326.2
radiational,2016,323.3
radiational,2016,320.5
radiational,2016,317.7
radiational,2016,314.8
radiational,2016,312
radiational,2016,309.1
radiational,2016,306.3
radiational,2016,303.5
radiational,2016,300.6
radiational,2016,297.8
radiational,2016,294.9
radiational,2016,292.1
radiational,2016,289.3
radiational,2016,286.4
radiational,2016,283.6
radiational,2016,493.8
radiational,2016,491
radiational,2016,488.1
radiational,2016,485.3
radiational,2016,454
radiational,2016,451.2
radiational,2016,448.3
radiational,2016,445.5
radiational,2016,442.7
radiational,2016,439.8
radiational,2016,437
radiational,2016,434.1
radiational,2016,431.3
radiational,2016,428.5
radiational,2016,425.6
radiational,2016,422.8
radiational,2016,419.9
radiational,2016,417.1
radiational,2016,414.3
radiational,2016,411.4
radiational,2016,408.6
radiational,2016,405.7
radiational,2016,402.9
radiational,2016,400
radiational,2016,397.2
radiational,2016,394.4
radiational,2016,391.5
radiational,2016,388.7
radiational,2016,385.8
radiational,2016,383
radiational,2016,380.2
radiational,2016,377.3
radiational,2016,374.5
radiational,2016,371.6
radiational,2016,368.8
radiational,2016,366
radiational,2016,363.1
radiational,2016,360.3
radiational,2016,357.4
radiational,2016,354.6
radiational,2016,351.8
radiational,2016,348.9
radiational,2016,346.1
radiational,2016,343.2
radiational,2016,340.4
radiational,2016,337.6
radiational,2016,334.7
radiational,2016,331.9
radiational,2016,329
radiational,2016,326.2
radiational,2016,323.3
radiational,2016,320.5
radiational,2016,317.7
radiational,2016,314.8
radiational,2016,312
radiational,2016,309.1
radiational,2016,306.3
radiational,2016,303.5
radiational,2016,300.6
radiational,2016,297.8
radiational,2016,294.9
radiational,2016,292.1
radiational,2016,289.3
radiational,2016,286.4
radiational,2016,283.6
radiational,2016,280.7
radiational,2016,277.9
radiational,2016,275.1
radiational,2016,272.2
radiational,2016,269.4
radiational,2016,266.5
radiational,2016,263.7
radiational,2016,493.8
radiational,2016,491
radiational,2016,488.1
radiational,2016,485.3
radiational,2016,437
radiational,2016,434.1
radiational,2016,431.3
radiational,2016,428.5
radiational,2016,425.6
radiational,2016,422.8
radiational,2016,419.9
radiational,2016,417.1
radiational,2016,414.3
radiational,2016,411.4
radiational,2016,408.6
radiational,2016,405.7
radiational,2016,402.9
radiational,2016,400
radiational,2016,397.2
radiational,2016,394.4
radiational,2016,391.5
radiational,2016,388.7
radiational,2016,385.8
radiational,2016,383
radiational,2016,380.2
radiational,2016,377.3
radiational,2016,374.5
radiational,2016,371.6
radiational,2016,368.8
radiational,2016,366
radiational,2016,363.1
radiational,2016,360.3
radiational,2016,357.4
radiational,2016,354.6
radiational,2016,351.8
radiational,2016,348.9
radiational,2016,346.1
radiational,2016,343.2
radiational,2016,340.4
radiational,2016,337.6
radiational,2016,334.7
radiational,2016,331.9
radiational,2016,329
radiational,2016,326.2
radiational,2016,323.3
radiational,2016,320.5
radiational,2016,317.7
radiational,2016,314.8
radiational,2016,312
radiational,2016,309.1
radiational,2016,306.3
radiational,2016,303.5
radiational,2016,300.6
radiational,2016,297.8
radiational,2016,294.9
radiational,2016,292.1
radiational,2016,289.3
radiational,2016,286.4
radiational,2016,283.6
radiational,2016,280.7
radiational,2016,277.9
radiational,2016,275.1
radiational,2016,272.2
radiational,2016,269.4
radiational,2016,266.5
radiational,2016,263.7
radiational,2016,260.8
radiational,2016,258
radiational,2016,255.2
radiational,2016,252.3
radiational,2016,249.5
radiational,2016,246.6
radiational,2016,243.8
radiational,2016,241
radiational,2016,493.8
radiational,2016,491
radiational,2016,488.1
radiational,2016,485.3
radiational,2016,417.1
radiational,2016,414.3
radiational,2016,411.4
radiational,2016,408.6
radiational,2016,405.7
radiational,2016,402.9
radiational,2016,400
radiational,2016,397.2
radiational,2016,394.4
radiational,2016,391.5
radiational,2016,388.7
radiational,2016,385.8
radiational,2016,383
radiational,2016,380.2
radiational,2016,377.3
radiational,2016,374.5
radiational,2016,371.6
radiational,2016,368.8
radiational,2016,366
radiational,2016,363.1
radiational,2016,360.3
radiational,2016,357.4
radiational,2016,354.6
radiational,2016,351.8
radiational,2016,348.9
radiational,2016,346.1
radiational,2016,343.2
radiational,2016,340.4
radiational,2016,337.6
radiational,2016,334.7
radiational,2016,331.9
radiational,2016,329
radiational,2016,326.2
radiational,2016,323.3
radiational,2016,320.5
radiational,2016,317.7
radiational,2016,314.8
radiational,2016,312
radiational,2016,309.1
radiational,2016,306.3
radiational,2016,303.5
radiational,2016,300.6
radiational,2016,297.8
radiational,2016,294.9
radiational,2016,292.1
radiational,2016,289.3
radiational,2016,286.4
radiational,2016,283.6
radiational,2016,280.7
radiational,2016,277.9
radiational,2016,275.1
radiational,2016,272.2
radiational,2016,269.4
radiational,2016,266.5
radiational,2016,263.7
radiational,2016,260.8
radiational,2016,258
radiational,2016,255.2
radiational,2016,252.3
radiational,2016,249.5
radiational,2016,246.6
radiational,2016,243.8
radiational,2016,241
radiational,2016,238.1
radiational,2016,235.3
radiational,2016,232.4
radiational,2016,229.6
radiational,2016,226.8
radiational,2016,223.9
radiational,2016,221.1
radiational,2016,493.8
radiational,2016,491
radiational,2016,488.1
radiational,2016,485.3
radiational,2016,397.2
radiational,2016,394.4
radiational,2016,391.5
radiational,2016,388.7
radiational,2016,385.8
radiational,2016,383
radiational,2016,380.2
radiational,2016,377.3
radiational,2016,374.5
radiational,2016,371.6
radiational,2016,368.8
radiational,2016,366
radiational,2016,363.1
radiational,2016,360.3
radiational,2016,357.4
radiational,2016,354.6
radiational,2016,351.8
radiational,2016,348.9
radiational,2016,346.1
radiational,2016,343.2
radiational,2016,340.4
radiational,2016,337.6
radiational,2016,334.7
radiational,2016,331.9
radiational,2016,329
radiational,2016,326.2
radiational,2016,323.3
radiational,2016,320.5
radiational,2016,317.7
radiational,2016,314.8
radiational,2016,312
radiational,2016,309.1
radiational,2016,306.3
radiational,2016,303.5
radiational,2016,300.6
radiational,2016,297.8
radiational,2016,294.9
radiational,2016,292.1
radiational,2016,289.3
radiational,2016,286.4
radiational,2016,283.6
radiational,2016,280.7
radiational,2016,277.9
radiational,2016,275.1
radiational,2016,272.2
radiational,2016,269.4
radiational,2016,266.5
radiational,2016,263.7
radiational,2016,260.8
radiational,2016,258
radiational,2016,255.2
radiational,2016,252.3
radiational,2016,249.5
radiational,2016,246.6
radiational,2016,243.8
radiational,2016,241
radiational,2016,238.1
radiational,2016,235.3
radiational,2016,232.4
radiational,2016,229.6
radiational,2016,226.8
radiational,2016,223.9
radiational,2016,221.1
radiational,2016,218.2
radiational,2016,215.4
radiational,2016,212.6
radiational,2016,209.7
radiational,2016,206.9
radiational,2016,204
radiational,2016,201.2
radiational,2016,493.8
radiational,2016,491
radiational,2016,488.1
radiational,2016,485.3
radiational,2016,377.3
radiational,2016,374.5
radiational,2016,371.6
radiational,2016,368.8
radiational,2016,366
radiational,2016,363.1
radiational,2016,360.3
radiational,2016,357.4
radiational,2016,354.6
radiational,2016,351.8
radiational,2016,348.9
radiational,2016,346.1
radiational,2016,343.2
radiational,2016,340.4
radiational,2016,337.6
radiational,2016,334.7
radiational,2016,331.9
radiational,2016,329
radiational,2016,326.2
radiational,2016,323.3
radiational,2016,320.5
radiational,2016,317.7
radiational,2016,314.8
radiational,2016,312
radiational,2016,309.1
radiational,2016,306.3
radiational,2016,303.5
radiational,2016,300.6
radiational,2016,297.8
radiational,2016,294.9
radiational,2016,292.1
radiational,2016,289.3
radiational,2016,286.4
radiational,2016,283.6
radiational,2016,280.7
radiational,2016,277.9
radiational,2016,275.1
radiational,2016,272.2
radiational,2016,269.4
radiational,2016,266.5
radiational,2016,263.7
radiational,2016,260.8
radiational,2016,258
radiational,2016,255.2
radiational,2016,252.3
radiational,2016,249.5
radiational,2016,246.6
radiational,2016,243.8
radiational,2016,241
radiational,2016,238.1
radiational,2016,235.3
radiational,2016,232.4
radiational,2016,229.6
radiational,2016,226.8
radiational,2016,223.9
radiational,2016,221.1
radiational,2016,218.2
radiational,2016,215.4
radiational,2016,212.6
radiational,2016,209.7
radiational,2016,206.9
radiational,2016,204
radiational,2016,201.2
radiational,2016,198.4
radiational,2016,195.5
radiational,2016,192.7
radiational,2016,189.8
radiational,2016,187
radiational,2016,184.1
radiational,2016,181.3
radiational,2016,178.5
radiational,2016,493.8
radiational,2016,491
radiational,2016,488.1
radiational,2016,485.3
radiational,2016,354.6
radiational,2016,351.8
radiational,2016,348.9
radiational,2016,346.1
radiational,2016,343.2
radiational,2016,340.4
radiational,2016,337.6
radiational,2016,334.7
radiational,2016,331.9
radiational,2016,329
radiational,2016,326.2
radiational,2016,323.3
radiational,2016,320.5
radiational,2016,317.7
radiational,2016,314.8
radiational,2016,312
radiational,2016,309.1
radiational,2016,306.3
radiational,2016,303.5
radiational,2016,300.6
radiational,2016,297.8
radiational,2016,294.9
radiational,2016,292.1
radiational,2016,289.3
radiational,2016,286.4
radiational,2016,283.6
radiational,2016,280.7
radiational,2016,277.9
radiational,2016,275.1
radiational,2016,272.2
radiational,2016,269.4
radiational,2016,266.5
radiational,2016,263.7
radiational,2016,260.8
radiational,2016,258
radiational,2016,255.2
radiational,2016,252.3
radiational,2016,249.5
radiational,2016,246.6
radiational,2016,243.8
radiational,2016,241
radiational,2016,238.1
radiational,2016,235.3
radiational,2016,232.4
radiational,2016,229.6
radiational,2016,226.8
radiational,2016,223.9
radiational,2016,221.1
radiational,2016,218.2
radiational,2016,215.4
radiational,2016,212.6
radiational,2016,209.7
radiational,2016,206.9
radiational,2016,204
radiational,2016,201.2
radiational,2016,198.4
radiational,2016,195.5
radiational,2016,192.7
radiational,2016,189.8
radiational,2016,187
radiational,2016,184.1
radiational,2016,181.3
radiational,2016,178.5
radiational,2016,175.6
radiational,2016,172.8
radiational,2016,169.9
radiational,2016,493.8
radiational,2016,491
radiational,2016,488.1
radiational,2016,485.3
radiational,2016,334.7
radiational,2016,331.9
radiational,2016,329
radiational,2016,326.2
radiational,2016,323.3
radiational,2016,320.5
radiational,2016,317.7
radiational,2016,314.8
radiational,2016,312
radiational,2016,309.1
radiational,2016,306.3
radiational,2016,303.5
radiational,2016,300.6
radiational,2016,297.8
radiational,2016,294.9
radiational,2016,292.1
radiational,2016,289.3
radiational,2016,286.4
radiational,2016,283.6
radiational,2016,280.7
radiational,2016,277.9
radiational,2016,275.1
radiational,2016,272.2
radiational,2016,269.4
radiational,2016,266.5
radiational,2016,263.7
radiational,2016,260.8
radiational,2016,258
radiational,2016,255.2
radiational,2016,252.3
radiational,2016,249.5
radiational,2016,246.6
radiational,2016,243.8
radiational,2016,241
radiational,2016,238.1
radiational,2016,235.3
radiational,2016,232.4
radiational,2016,229.6
radiational,2016,226.8
radiational,2016,223.9
radiational,2016,221.1
radiational,2016,218.2
radiational,2016,215.4
radiational,2016,212.6
radiational,2016,209.7
radiational,2016,206.9
radiational,2016,204
radiational,2016,201.2
radiational,2016,198.4
radiational,2016,195.5
radiational,2016,192.7
radiational,2016,189.8
radiational,2016,187
radiational,2016,184.1
radiational,2016,181.3
radiational,2016,178.5
radiational,2016,175.6
radiational,2016,172.8
radiational,2016,169.9
radiational,2016,167.1
radiational,2016,493.8
radiational,2016,491
radiational,2016,488.1
radiational,2016,485.3
radiational,2016,343.2
radiational,2016,340.4
radiational,2016,337.6
radiational,2016,334.7
radiational,2016,331.9
radiational,2016,329
radiational,2016,326.2
radiational,2016,323.3
radiational,2016,320.5
radiational,2016,317.7
radiational,2016,314.8
radiational,2016,312
radiational,2016,309.1
radiational,2016,306.3
radiational,2016,303.5
radiational,2016,300.6
radiational,2016,297.8
radiational,2016,294.9
radiational,2016,292.1
radiational,2016,289.3
radiational,2016,286.4
radiational,2016,283.6
radiational,2016,280.7
radiational,2016,277.9
radiational,2016,275.1
radiational,2016,272.2
radiational,2016,269.4
radiational,2016,266.5
radiational,2016,263.7
radiational,2016,260.8
radiational,2016,258
radiational,2016,255.2
radiational,2016,252.3
radiational,2016,249.5
radiational,2016,246.6
radiational,2016,243.8
radiational,2016,241
radiational,2016,238.1
radiational,2016,235.3
radiational,2016,232.4
radiational,2016,229.6
radiational,2016,226.8
radiational,2016,223.9
radiational,2016,221.1
radiational,2016,218.2
radiational,2016,215.4
radiational,2016,212.6
radiational,2016,209.7
radiational,2016,206.9
radiational,2016,204
radiational,2016,201.2
radiational,2016,198.4
radiational,2016,195.5
radiational,2016,192.7
radiational,2016,189.8
radiational,2016,187
radiational,2016,184.1
radiational,2016,181.3
radiational,2016,178.5
radiational,2016,175.6
radiational,2016,172.8
radiational,2016,169.9
radiational,2016,167.1
radiational,2016,164.3
radiational,2016,493.8
radiational,2016,491
radiational,2016,488.1
radiational,2016,485.3
radiational,2016,402.9
radiational,2016,400
radiational,2016,397.2
radiational,2016,394.4
radiational,2016,391.5
radiational,2016,388.7
radiational,2016,385.8
radiational,2016,383
radiational,2016,380.2
radiational,2016,377.3
radiational,2016,374.5
radiational,2016,371.6
radiational,2016,368.8
radiational,2016,366
radiational,2016,363.1
radiational,2016,360.3
radiational,2016,357.4
radiational,2016,354.6
radiational,2016,351.8
radiational,2016,348.9
radiational,2016,346.1
radiational,2016,343.2
radiational,2016,340.4
radiational,2016,337.6
radiational,2016,334.7
radiational,2016,331.9
radiational,2016,329
radiational,2016,326.2
radiational,2016,323.3
radiational,2016,320.5
radiational,2016,317.7
radiational,2016,314.8
radiational,2016,312
radiational,2016,309.1
radiational,2016,306.3
radiational,2016,303.5
radiational,2016,300.6
radiational,2016,297.8
radiational,2016,294.9
radiational,2016,292.1
radiational,2016,289.3
radiational,2016,286.4
radiational,2016,283.6
radiational,2016,280.7
radiational,2016,277.9
radiational,2016,275.1
radiational,2016,272.2
radiational,2016,269.4
radiational,2016,266.5
radiational,2016,263.7
radiational,2016,260.8
radiational,2016,258
radiational,2016,255.2
radiational,2016,252.3
radiational,2016,249.5
radiational,2016,246.6
radiational,2016,243.8
radiational,2016,241
radiational,2016,238.1
radiational,2016,235.3
radiational,2016,232.4
radiational,2016,229.6
radiational,2016,226.8
radiational,2016,223.9
radiational,2016,221.1
radiational,2016,218.2
radiational,2016,215.4
radiational,2016,212.6
radiational,2016,209.7
radiational,2016,206.9
radiational,2016,204
radiational,2016,201.2
radiational,2016,198.4
radiational,2016,195.5
radiational,2016,192.7
radiational,2016,189.8
radiational,2016,187
radiational,2016,184.1
radiational,2016,181.3
radiational,2016,178.5
radiational,2016,175.6
radiational,2016,172.8
radiational,2016,169.9
radiational,2016,167.1
radiational,2016,164.3
radiational,2016,493.8
radiational,2016,491
radiational,2016,488.1
radiational,2016,485.3
radiational,2016,465.4
radiational,2016,462.5
radiational,2016,459.7
radiational,2016,456.9
radiational,2016,454
radiational,2016,451.2
radiational,2016,448.3
radiational,2016,445.5
radiational,2016,442.7
radiational,2016,439.8
radiational,2016,437
radiational,2016,434.1
radiational,2016,431.3
radiational,2016,428.5
radiational,2016,425.6
radiational,2016,422.8
radiational,2016,419.9
radiational,2016,417.1
radiational,2016,414.3
radiational,2016,411.4
radiational,2016,408.6
radiational,2016,405.7
radiational,2016,402.9
radiational,2016,400
radiational,2016,397.2
radiational,2016,394.4
radiational,2016,391.5
radiational,2016,388.7
radiational,2016,385.8
radiational,2016,383
radiational,2016,380.2
radiational,2016,377.3
radiational,2016,374.5
radiational,2016,371.6
radiational,2016,368.8
radiational,2016,366
radiational,2016,363.1
radiational,2016,360.3
radiational,2016,357.4
radiational,2016,354.6
radiational,2016,351.8
radiational,2016,348.9
radiational,2016,346.1
radiational,2016,343.2
radiational,2016,340.4
radiational,2016,337.6
radiational,2016,334.7
radiational,2016,331.9
radiational,2016,329
radiational,2016,326.2
radiational,2016,323.3
radiational,2016,320.5
radiational,2016,317.7
radiational,2016,314.8
radiational,2016,312
radiational,2016,309.1
radiational,2016,306.3
radiational,2016,303.5
radiational,2016,300.6
radiational,2016,297.8
radiational,2016,294.9
radiational,2016,292.1
radiational,2016,289.3
radiational,2016,286.4
radiational,2016,283.6
radiational,2016,280.7
radiational,2016,277.9
radiational,2016,275.1
radiational,2016,272.2
radiational,2016,269.4
radiational,2016,266.5
radiational,2016,263.7
radiational,2016,260.8
radiational,2016,258
radiational,2016,255.2
radiational,2016,252.3
radiational,2016,249.5
radiational,2016,246.6
radiational,2016,243.8
radiational,2016,241
radiational,2016,238.1
radiational,2016,235.3
radiational,2016,232.4
radiational,2016,229.6
radiational,2016,226.8
radiational,2016,223.9
radiational,2016,221.1
radiational,2016,218.2
radiational,2016,215.4
radiational,2016,212.6
radiational,2016,209.7
radiational,2016,206.9
radiational,2016,204
radiational,2016,201.2
radiational,2016,198.4
radiational,2016,195.5
radiational,2016,192.7
radiational,2016,189.8
radiational,2016,187
radiational,2016,184.1
radiational,2016,181.3
radiational,2016,178.5
radiational,2016,175.6
radiational,2016,172.8
radiational,2016,169.9
radiational,2016,167.1
radiational,2016,164.3
radiational,2016,525
radiational,2016,522.2
radiational,2016,519.4
radiational,2016,516.5
radiational,2016,513.7
radiational,2016,510.8
radiational,2016,508
radiational,2016,505.2
radiational,2016,502.3
radiational,2016,499.5
radiational,2016,496.6
radiational,2016,493.8
radiational,2016,491
radiational,2016,488.1
radiational,2016,485.3
radiational,2016,482.4
radiational,2016,479.6
radiational,2016,476.7
radiational,2016,473.9
radiational,2016,471.1
radiational,2016,468.2
radiational,2016,465.4
radiational,2016,462.5
radiational,2016,459.7
radiational,2016,456.9
radiational,2016,454
radiational,2016,451.2
radiational,2016,448.3
radiational,2016,445.5
radiational,2016,442.7
radiational,2016,439.8
radiational,2016,437
radiational,2016,434.1
radiational,2016,431.3
radiational,2016,428.5
radiational,2016,425.6
radiational,2016,422.8
radiational,2016,419.9
radiational,2016,417.1
radiational,2016,414.3
radiational,2016,411.4
radiational,2016,408.6
radiational,2016,405.7
radiational,2016,402.9
radiational,2016,400
radiational,2016,397.2
radiational,2016,394.4
radiational,2016,391.5
radiational,2016,388.7
radiational,2016,385.8
radiational,2016,383
radiational,2016,380.2
radiational,2016,377.3
radiational,2016,374.5
radiational,2016,371.6
radiational,2016,368.8
radiational,2016,366
radiational,2016,363.1
radiational,2016,360.3
radiational,2016,357.4
radiational,2016,354.6
radiational,2016,351.8
radiational,2016,348.9
radiational,2016,346.1
radiational,2016,343.2
radiational,2016,340.4
radiational,2016,337.6
radiational,2016,334.7
radiational,2016,331.9
radiational,2016,329
radiational,2016,326.2
radiational,2016,323.3
radiational,2016,320.5
radiational,2016,317.7
radiational,2016,314.8
radiational,2016,312
radiational,2016,309.1
radiational,2016,306.3
radiational,2016,303.5
radiational,2016,300.6
radiational,2016,297.8
radiational,2016,294.9
radiational,2016,292.1
radiational,2016,289.3
radiational,2016,286.4
radiational,2016,283.6
radiational,2016,280.7
radiational,2016,277.9
radiational,2016,275.1
radiational,2016,272.2
radiational,2016,269.4
radiational,2016,266.5
radiational,2016,263.7
radiational,2016,260.8
radiational,2016,258
radiational,2016,255.2
radiational,2016,252.3
radiational,2016,249.5
radiational,2016,246.6
radiational,2016,243.8
radiational,2016,241
radiational,2016,238.1
radiational,2016,235.3
radiational,2016,232.4
radiational,2016,229.6
radiational,2016,226.8
radiational,2016,223.9
radiational,2016,221.1
radiational,2016,218.2
radiational,2016,215.4
radiational,2016,212.6
radiational,2016,209.7
radiational,2016,206.9
radiational,2016,204
radiational,2016,201.2
radiational,2016,198.4
radiational,2016,195.5
radiational,2016,192.7
radiational,2016,189.8
radiational,2016,187
radiational,2016,184.1
radiational,2016,181.3
radiational,2016,178.5
radiational,2016,175.6
radiational,2016,172.8
radiational,2016,169.9
radiational,2016,167.1
radiational,2016,164.3
radiational,2016,584.7
radiational,2016,581.9
radiational,2016,579
radiational,2016,576.2
radiational,2016,573.3
radiational,2016,570.5
radiational,2016,567.7
radiational,2016,564.8
radiational,2016,562
radiational,2016,559.1
radiational,2016,556.3
radiational,2016,553.4
radiational,2016,550.6
radiational,2016,547.8
radiational,2016,544.9
radiational,2016,542.1
radiational,2016,539.2
radiational,2016,536.4
radiational,2016,533.6
radiational,2016,530.7
radiational,2016,527.9
radiational,2016,525
radiational,2016,522.2
radiational,2016,519.4
radiational,2016,516.5
radiational,2016,513.7
radiational,2016,510.8
radiational,2016,508
radiational,2016,505.2
radiational,2016,502.3
radiational,2016,499.5
radiational,2016,496.6
radiational,2016,493.8
radiational,2016,491
radiational,2016,488.1
radiational,2016,485.3
radiational,2016,482.4
radiational,2016,479.6
radiational,2016,476.7
radiational,2016,473.9
radiational,2016,471.1
radiational,2016,468.2
radiational,2016,465.4
radiational,2016,462.5
radiational,2016,459.7
radiational,2016,456.9
radiational,2016,454
radiational,2016,451.2
radiational,2016,448.3
radiational,2016,445.5
radiational,2016,442.7
radiational,2016,439.8
radiational,2016,437
radiational,2016,434.1
radiational,2016,431.3
radiational,2016,428.5
radiational,2016,425.6
radiational,2016,422.8
radiational,2016,419.9
radiational,2016,417.1
radiational,2016,414.3
radiational,2016,411.4
radiational,2016,408.6
radiational,2016,405.7
radiational,2016,402.9
radiational,2016,400
radiational,2016,397.2
radiational,2016,394.4
radiational,2016,391.5
radiational,2016,388.7
radiational,2016,385.8
radiational,2016,383
radiational,2016,380.2
radiational,2016,377.3
radiational,2016,374.5
radiational,2016,371.6
radiational,2016,368.8
radiational,2016,366
radiational,2016,363.1
radiational,2016,360.3
radiational,2016,357.4
radiational,2016,354.6
radiational,2016,351.8
radiational,2016,348.9
radiational,2016,346.1
radiational,2016,343.2
radiational,2016,340.4
radiational,2016,337.6
radiational,2016,334.7
radiational,2016,331.9
radiational,2016,329
radiational,2016,326.2
radiational,2016,323.3
radiational,2016,320.5
radiational,2016,317.7
radiational,2016,314.8
radiational,2016,312
radiational,2016,309.1
radiational,2016,306.3
radiational,2016,303.5
radiational,2016,300.6
radiational,2016,297.8
radiational,2016,294.9
radiational,2016,292.1
radiational,2016,289.3
radiational,2016,286.4
radiational,2016,283.6
radiational,2016,280.7
radiational,2016,277.9
radiational,2016,275.1
radiational,2016,272.2
radiational,2016,269.4
radiational,2016,266.5
radiational,2016,263.7
radiational,2016,260.8
radiational,2016,258
radiational,2016,255.2
radiational,2016,252.3
radiational,2016,249.5
radiational,2016,246.6
radiational,2016,243.8
radiational,2016,241
radiational,2016,238.1
radiational,2016,235.3
radiational,2016,232.4
radiational,2016,229.6
radiational,2016,226.8
radiational,2016,223.9
radiational,2016,221.1
radiational,2016,218.2
radiational,2016,215.4
radiational,2016,212.6
radiational,2016,209.7
radiational,2016,206.9
radiational,2016,204
radiational,2016,201.2
radiational,2016,198.4
radiational,2016,195.5
radiational,2016,192.7
radiational,2016,189.8
radiational,2016,187
radiational,2016,184.1
radiational,2016,181.3
radiational,2016,178.5
radiational,2016,175.6
radiational,2016,172.8
radiational,2016,169.9
radiational,2016,167.1
radiational,2016,164.3
radiational,2016,644.4
radiational,2016,641.5
radiational,2016,638.7
radiational,2016,635.8
radiational,2016,633
radiational,2016,630.1
radiational,2016,627.3
radiational,2016,624.5
radiational,2016,621.6
radiational,2016,618.8
radiational,2016,615.9
radiational,2016,613.1
radiational,2016,610.3
radiational,2016,607.4
radiational,2016,604.6
radiational,2016,601.7
radiational,2016,598.9
radiational,2016,596.1
radiational,2016,593.2
radiational,2016,590.4
radiational,2016,587.5
radiational,2016,584.7
radiational,2016,581.9
radiational,2016,579
radiational,2016,576.2
radiational,2016,573.3
radiational,2016,570.5
radiational,2016,567.7
radiational,2016,564.8
radiational,2016,562
radiational,2016,559.1
radiational,2016,556.3
radiational,2016,553.4
radiational,2016,550.6
radiational,2016,547.8
radiational,2016,544.9
radiational,2016,542.1
radiational,2016,539.2
radiational,2016,536.4
radiational,2016,533.6
radiational,2016,530.7
radiational,2016,527.9
radiational,2016,525
radiational,2016,522.2
radiational,2016,519.4
radiational,2016,516.5
radiational,2016,513.7
radiational,2016,510.8
radiational,2016,508
radiational,2016,505.2
radiational,2016,502.3
radiational,2016,499.5
radiational,2016,496.6
radiational,2016,493.8
radiational,2016,491
radiational,2016,488.1
radiational,2016,485.3
radiational,2016,482.4
radiational,2016,479.6
radiational,2016,476.7
radiational,2016,473.9
radiational,2016,471.1
radiational,2016,468.2
radiational,2016,465.4
radiational,2016,462.5
radiational,2016,459.7
radiational,2016,456.9
radiational,2016,454
radiational,2016,451.2
radiational,2016,448.3
radiational,2016,445.5
radiational,2016,442.7
radiational,2016,439.8
radiational,2016,437
radiational,2016,434.1
radiational,2016,431.3
radiational,2016,428.5
radiational,2016,425.6
radiational,2016,422.8
radiational,2016,419.9
radiational,2016,417.1
radiational,2016,414.3
radiational,2016,411.4
radiational,2016,408.6
radiational,2016,405.7
radiational,2016,402.9
radiational,2016,400
radiational,2016,397.2
radiational,2016,394.4
radiational,2016,391.5
radiational,2016,388.7
radiational,2016,385.8
radiational,2016,383
radiational,2016,380.2
radiational,2016,377.3
radiational,2016,374.5
radiational,2016,371.6
radiational,2016,368.8
radiational,2016,366
radiational,2016,363.1
radiational,2016,360.3
radiational,2016,357.4
radiational,2016,354.6
radiational,2016,351.8
radiational,2016,348.9
radiational,2016,346.1
radiational,2016,343.2
radiational,2016,340.4
radiational,2016,337.6
radiational,2016,334.7
radiational,2016,331.9
radiational,2016,329
radiational,2016,326.2
radiational,2016,323.3
radiational,2016,320.5
radiational,2016,317.7
radiational,2016,314.8
radiational,2016,312
radiational,2016,309.1
radiational,2016,306.3
radiational,2016,303.5
radiational,2016,300.6
radiational,2016,297.8
radiational,2016,294.9
radiational,2016,292.1
radiational,2016,289.3
radiational,2016,286.4
radiational,2016,283.6
radiational,2016,280.7
radiational,2016,277.9
radiational,2016,275.1
radiational,2016,272.2
radiational,2016,269.4
radiational,2016,266.5
radiational,2016,263.7
radiational,2016,260.8
radiational,2016,258
radiational,2016,255.2
radiational,2016,252.3
radiational,2016,249.5
radiational,2016,246.6
radiational,2016,243.8
radiational,2016,241
radiational,2016,238.1
radiational,2016,235.3
radiational,2016,232.4
radiational,2016,229.6
radiational,2016,226.8
radiational,2016,223.9
radiational,2016,221.1
radiational,2016,218.2
radiational,2016,215.4
radiational,2016,212.6
radiational,2016,209.7
radiational,2016,206.9
radiational,2016,204
radiational,2016,201.2
radiational,2016,198.4
radiational,2016,195.5
radiational,2016,192.7
radiational,2016,189.8
radiational,2016,187
radiational,2016,184.1
radiational,2016,181.3
radiational,2016,178.5
radiational,2016,175.6
radiational,2016,172.8
radiational,2016,169.9
radiational,2016,167.1
radiational,2016,704
radiational,2016,701.2
radiational,2016,698.3
radiational,2016,695.5
radiational,2016,692.6
radiational,2016,689.8
radiational,2016,687
radiational,2016,684.1
radiational,2016,681.3
radiational,2016,678.4
radiational,2016,675.6
radiational,2016,672.8
radiational,2016,669.9
radiational,2016,667.1
radiational,2016,664.2
radiational,2016,661.4
radiational,2016,658.6
radiational,2016,655.7
radiational,2016,652.9
radiational,2016,650
radiational,2016,647.2
radiational,2016,644.4
radiational,2016,641.5
radiational,2016,638.7
radiational,2016,635.8
radiational,2016,633
radiational,2016,630.1
radiational,2016,627.3
radiational,2016,624.5
radiational,2016,621.6
radiational,2016,618.8
radiational,2016,615.9
radiational,2016,613.1
radiational,2016,610.3
radiational,2016,607.4
radiational,2016,604.6
radiational,2016,601.7
radiational,2016,598.9
radiational,2016,596.1
radiational,2016,593.2
radiational,2016,590.4
radiational,2016,587.5
radiational,2016,584.7
radiational,2016,581.9
radiational,2016,579
radiational,2016,576.2
radiational,2016,573.3
radiational,2016,570.5
radiational,2016,567.7
radiational,2016,564.8
radiational,2016,562
radiational,2016,559.1
radiational,2016,556.3
radiational,2016,553.4
radiational,2016,550.6
radiational,2016,547.8
radiational,2016,544.9
radiational,2016,542.1
radiational,2016,539.2
radiational,2016,536.4
radiational,2016,533.6
radiational,2016,530.7
radiational,2016,527.9
radiational,2016,525
radiational,2016,522.2
radiational,2016,519.4
radiational,2016,516.5
radiational,2016,513.7
radiational,2016,510.8
radiational,2016,508
radiational,2016,505.2
radiational,2016,502.3
radiational,2016,499.5
radiational,2016,496.6
radiational,2016,493.8
radiational,2016,491
radiational,2016,488.1
radiational,2016,485.3
radiational,2016,482.4
radiational,2016,479.6
radiational,2016,476.7
radiational,2016,473.9
radiational,2016,471.1
radiational,2016,468.2
radiational,2016,465.4
radiational,2016,462.5
radiational,2016,459.7
radiational,2016,456.9
radiational,2016,454
radiational,2016,451.2
radiational,2016,448.3
radiational,2016,445.5
radiational,2016,442.7
radiational,2016,439.8
radiational,2016,437
radiational,2016,434.1
radiational,2016,431.3
radiational,2016,428.5
radiational,2016,425.6
radiational,2016,422.8
radiational,2016,419.9
radiational,2016,417.1
radiational,2016,414.3
radiational,2016,411.4
radiational,2016,408.6
radiational,2016,405.7
radiational,2016,402.9
radiational,2016,400
radiational,2016,397.2
radiational,2016,394.4
radiational,2016,391.5
radiational,2016,388.7
radiational,2016,385.8
radiational,2016,383
radiational,2016,380.2
radiational,2016,377.3
radiational,2016,374.5
radiational,2016,371.6
radiational,2016,368.8
radiational,2016,366
radiational,2016,363.1
radiational,2016,360.3
radiational,2016,357.4
radiational,2016,354.6
radiational,2016,351.8
radiational,2016,348.9
radiational,2016,346.1
radiational,2016,343.2
radiational,2016,340.4
radiational,2016,337.6
radiational,2016,334.7
radiational,2016,331.9
radiational,2016,329
radiational,2016,326.2
radiational,2016,323.3
radiational,2016,320.5
radiational,2016,317.7
radiational,2016,314.8
radiational,2016,312
radiational,2016,309.1
radiational,2016,306.3
radiational,2016,303.5
radiational,2016,300.6
radiational,2016,297.8
radiational,2016,294.9
radiational,2016,292.1
radiational,2016,289.3
radiational,2016,286.4
radiational,2016,283.6
radiational,2016,280.7
radiational,2016,277.9
radiational,2016,275.1
radiational,2016,272.2
radiational,2016,269.4
radiational,2016,266.5
radiational,2016,263.7
radiational,2016,260.8
radiational,2016,258
radiational,2016,255.2
radiational,2016,252.3
radiational,2016,249.5
radiational,2016,246.6
radiational,2016,243.8
radiational,2016,241
radiational,2016,238.1
radiational,2016,235.3
radiational,2016,232.4
radiational,2016,229.6
radiational,2016,226.8
radiational,2016,223.9
radiational,2016,221.1
radiational,2016,218.2
radiational,2016,215.4
radiational,2016,212.6
radiational,2016,209.7
radiational,2016,206.9
radiational,2016,204
radiational,2016,201.2
radiational,2016,198.4
radiational,2016,195.5
radiational,2016,192.7
radiational,2016,189.8
radiational,2016,187
radiational,2016,184.1
radiational,2016,181.3
radiational,2016,178.5
radiational,2016,175.6
radiational,2016,172.8
radiational,2016,169.9
radiational,2016,763.7
radiational,2016,760.8
radiational,2016,758
radiational,2016,755.1
radiational,2016,752.3
radiational,2016,749.5
radiational,2016,746.6
radiational,2016,743.8
radiational,2016,740.9
radiational,2016,738.1
radiational,2016,735.3
radiational,2016,732.4
radiational,2016,729.6
radiational,2016,726.7
radiational,2016,723.9
radiational,2016,721.1
radiational,2016,718.2
radiational,2016,715.4
radiational,2016,712.5
radiational,2016,709.7
radiational,2016,706.8
radiational,2016,704
radiational,2016,701.2
radiational,2016,698.3
radiational,2016,695.5
radiational,2016,692.6
radiational,2016,689.8
radiational,2016,687
radiational,2016,684.1
radiational,2016,681.3
radiational,2016,678.4
radiational,2016,675.6
radiational,2016,672.8
radiational,2016,669.9
radiational,2016,667.1
radiational,2016,664.2
radiational,2016,661.4
radiational,2016,658.6
radiational,2016,655.7
radiational,2016,652.9
radiational,2016,650
radiational,2016,647.2
radiational,2016,644.4
radiational,2016,641.5
radiational,2016,638.7
radiational,2016,635.8
radiational,2016,633
radiational,2016,630.1
radiational,2016,627.3
radiational,2016,624.5
radiational,2016,621.6
radiational,2016,618.8
radiational,2016,615.9
radiational,2016,613.1
radiational,2016,610.3
radiational,2016,607.4
radiational,2016,604.6
radiational,2016,601.7
radiational,2016,598.9
radiational,2016,596.1
radiational,2016,593.2
radiational,2016,590.4
radiational,2016,587.5
radiational,2016,584.7
radiational,2016,581.9
radiational,2016,579
radiational,2016,576.2
radiational,2016,573.3
radiational,2016,570.5
radiational,2016,567.7
radiational,2016,564.8
radiational,2016,562
radiational,2016,559.1
radiational,2016,556.3
radiational,2016,553.4
radiational,2016,550.6
radiational,2016,547.8
radiational,2016,544.9
radiational,2016,542.1
radiational,2016,539.2
radiational,2016,536.4
radiational,2016,533.6
radiational,2016,530.7
radiational,2016,527.9
radiational,2016,525
radiational,2016,522.2
radiational,2016,519.4
radiational,2016,516.5
radiational,2016,513.7
radiational,2016,510.8
radiational,2016,508
radiational,2016,505.2
radiational,2016,502.3
radiational,2016,499.5
radiational,2016,496.6
radiational,2016,493.8
radiational,2016,491
radiational,2016,488.1
radiational,2016,485.3
radiational,2016,482.4
radiational,2016,479.6
radiational,2016,476.7
radiational,2016,473.9
radiational,2016,471.1
radiational,2016,468.2
radiational,2016,465.4
radiational,2016,462.5
radiational,2016,459.7
radiational,2016,456.9
radiational,2016,454
radiational,2016,451.2
radiational,2016,448.3
radiational,2016,445.5
radiational,2016,442.7
radiational,2016,439.8
radiational,2016,437
radiational,2016,434.1
radiational,2016,431.3
radiational,2016,428.5
radiational,2016,425.6
radiational,2016,422.8
radiational,2016,419.9
radiational,2016,417.1
radiational,2016,414.3
radiational,2016,411.4
radiational,2016,408.6
radiational,2016,405.7
radiational,2016,402.9
radiational,2016,400
radiational,2016,397.2
radiational,2016,394.4
radiational,2016,391.5
radiational,2016,388.7
radiational,2016,385.8
radiational,2016,383
radiational,2016,380.2
radiational,2016,377.3
radiational,2016,374.5
radiational,2016,371.6
radiational,2016,368.8
radiational,2016,366
radiational,2016,363.1
radiational,2016,360.3
radiational,2016,357.4
radiational,2016,354.6
radiational,2016,351.8
radiational,2016,348.9
radiational,2016,346.1
radiational,2016,343.2
radiational,2016,340.4
radiational,2016,337.6
radiational,2016,334.7
radiational,2016,331.9
radiational,2016,329
radiational,2016,326.2
radiational,2016,323.3
radiational,2016,320.5
radiational,2016,317.7
radiational,2016,314.8
radiational,2016,312
radiational,2016,309.1
radiational,2016,306.3
radiational,2016,303.5
radiational,2016,300.6
radiational,2016,297.8
radiational,2016,294.9
radiational,2016,292.1
radiational,2016,289.3
radiational,2016,286.4
radiational,2016,283.6
radiational,2016,280.7
radiational,2016,277.9
radiational,2016,275.1
radiational,2016,272.2
radiational,2016,269.4
radiational,2016,266.5
radiational,2016,263.7
radiational,2016,260.8
radiational,2016,258
radiational,2016,255.2
radiational,2016,252.3
radiational,2016,249.5
radiational,2016,246.6
radiational,2016,243.8
radiational,2016,241
radiational,2016,238.1
radiational,2016,235.3
radiational,2016,232.4
radiational,2016,229.6
radiational,2016,226.8
radiational,2016,223.9
radiational,2016,221.1
radiational,2016,218.2
radiational,2016,215.4
radiational,2016,212.6
radiational,2016,209.7
radiational,2016,206.9
radiational,2016,204
radiational,2016,201.2
radiational,2016,198.4
radiational,2016,195.5
radiational,2016,192.7
radiational,2016,823.3
radiational,2016,820.5
radiational,2016,817.6
radiational,2016,814.8
radiational,2016,812
radiational,2016,809.1
radiational,2016,806.3
radiational,2016,803.4
radiational,2016,800.6
radiational,2016,797.8
radiational,2016,794.9
radiational,2016,792.1
radiational,2016,789.2
radiational,2016,786.4
radiational,2016,783.5
radiational,2016,780.7
radiational,2016,777.9
radiational,2016,775
radiational,2016,772.2
radiational,2016,769.3
radiational,2016,766.5
radiational,2016,763.7
radiational,2016,760.8
radiational,2016,758
radiational,2016,755.1
radiational,2016,752.3
radiational,2016,749.5
radiational,2016,746.6
radiational,2016,743.8
radiational,2016,740.9
radiational,2016,738.1
radiational,2016,735.3
radiational,2016,732.4
radiational,2016,729.6
radiational,2016,726.7
radiational,2016,723.9
radiational,2016,721.1
radiational,2016,718.2
radiational,2016,715.4
radiational,2016,712.5
radiational,2016,709.7
radiational,2016,706.8
radiational,2016,704
radiational,2016,701.2
radiational,2016,698.3
radiational,2016,695.5
radiational,2016,692.6
radiational,2016,689.8
radiational,2016,687
radiational,2016,684.1
radiational,2016,681.3
radiational,2016,678.4
radiational,2016,675.6
radiational,2016,672.8
radiational,2016,669.9
radiational,2016,667.1
radiational,2016,664.2
radiational,2016,661.4
radiational,2016,658.6
radiational,2016,655.7
radiational,2016,652.9
radiational,2016,650
radiational,2016,647.2
radiational,2016,644.4
radiational,2016,641.5
radiational,2016,638.7
radiational,2016,635.8
radiational,2016,633
radiational,2016,630.1
radiational,2016,627.3
radiational,2016,624.5
radiational,2016,621.6
radiational,2016,618.8
radiational,2016,615.9
radiational,2016,613.1
radiational,2016,610.3
radiational,2016,607.4
radiational,2016,604.6
radiational,2016,601.7
radiational,2016,598.9
radiational,2016,596.1
radiational,2016,593.2
radiational,2016,590.4
radiational,2016,587.5
radiational,2016,584.7
radiational,2016,581.9
radiational,2016,579
radiational,2016,576.2
radiational,2016,573.3
radiational,2016,570.5
radiational,2016,567.7
radiational,2016,564.8
radiational,2016,562
radiational,2016,559.1
radiational,2016,556.3
radiational,2016,553.4
radiational,2016,550.6
radiational,2016,547.8
radiational,2016,544.9
radiational,2016,542.1
radiational,2016,539.2
radiational,2016,536.4
radiational,2016,533.6
radiational,2016,530.7
radiational,2016,527.9
radiational,2016,525
radiational,2016,522.2
radiational,2016,519.4
radiational,2016,516.5
radiational,2016,513.7
radiational,2016,510.8
radiational,2016,508
radiational,2016,505.2
radiational,2016,502.3
radiational,2016,499.5
radiational,2016,496.6
radiational,2016,493.8
radiational,2016,491
radiational,2016,488.1
radiational,2016,485.3
radiational,2016,482.4
radiational,2016,479.6
radiational,2016,476.7
radiational,2016,473.9
radiational,2016,471.1
radiational,2016,468.2
radiational,2016,465.4
radiational,2016,462.5
radiational,2016,459.7
radiational,2016,456.9
radiational,2016,454
radiational,2016,451.2
radiational,2016,448.3
radiational,2016,445.5
radiational,2016,442.7
radiational,2016,439.8
radiational,2016,437
radiational,2016,434.1
radiational,2016,431.3
radiational,2016,428.5
radiational,2016,425.6
radiational,2016,422.8
radiational,2016,419.9
radiational,2016,417.1
radiational,2016,414.3
radiational,2016,411.4
radiational,2016,408.6
radiational,2016,405.7
radiational,2016,402.9
radiational,2016,400
radiational,2016,397.2
radiational,2016,394.4
radiational,2016,391.5
radiational,2016,388.7
radiational,2016,385.8
radiational,2016,383
radiational,2016,380.2
radiational,2016,377.3
radiational,2016,374.5
radiational,2016,371.6
radiational,2016,368.8
radiational,2016,366
radiational,2016,363.1
radiational,2016,360.3
radiational,2016,357.4
radiational,2016,354.6
radiational,2016,351.8
radiational,2016,348.9
radiational,2016,346.1
radiational,2016,343.2
radiational,2016,340.4
radiational,2016,337.6
radiational,2016,334.7
radiational,2016,331.9
radiational,2016,329
radiational,2016,326.2
radiational,2016,323.3
radiational,2016,320.5
radiational,2016,317.7
radiational,2016,314.8
radiational,2016,312
radiational,2016,309.1
radiational,2016,306.3
radiational,2016,303.5
radiational,2016,300.6
radiational,2016,297.8
radiational,2016,294.9
radiational,2016,292.1
radiational,2016,289.3
radiational,2016,286.4
radiational,2016,283.6
radiational,2016,280.7
radiational,2016,277.9
radiational,2016,275.1
radiational,2016,272.2
radiational,2016,269.4
radiational,2016,266.5
radiational,2016,263.7
radiational,2016,260.8
radiational,2016,258
radiational,2016,255.2
radiational,2016,252.3
radiational,2016,996.6
radiational,2016,885.8
radiational,2016,883
radiational,2016,880.1
radiational,2016,877.3
radiational,2016,874.5
radiational,2016,871.6
radiational,2016,868.8
radiational,2016,865.9
radiational,2016,863.1
radiational,2016,860.3
radiational,2016,857.4
radiational,2016,854.6
radiational,2016,851.7
radiational,2016,848.9
radiational,2016,846
radiational,2016,843.2
radiational,2016,840.4
radiational,2016,837.5
radiational,2016,834.7
radiational,2016,831.8
radiational,2016,829
radiational,2016,826.2
radiational,2016,823.3
radiational,2016,820.5
radiational,2016,817.6
radiational,2016,814.8
radiational,2016,812
radiational,2016,809.1
radiational,2016,806.3
radiational,2016,803.4
radiational,2016,800.6
radiational,2016,797.8
radiational,2016,794.9
radiational,2016,792.1
radiational,2016,789.2
radiational,2016,786.4
radiational,2016,783.5
radiational,2016,780.7
radiational,2016,777.9
radiational,2016,775
radiational,2016,772.2
radiational,2016,769.3
radiational,2016,766.5
radiational,2016,763.7
radiational,2016,760.8
radiational,2016,758
radiational,2016,755.1
radiational,2016,752.3
radiational,2016,749.5
radiational,2016,746.6
radiational,2016,743.8
radiational,2016,740.9
radiational,2016,738.1
radiational,2016,735.3
radiational,2016,732.4
radiational,2016,729.6
radiational,2016,726.7
radiational,2016,723.9
radiational,2016,721.1
radiational,2016,718.2
radiational,2016,715.4
radiational,2016,712.5
radiational,2016,709.7
radiational,2016,706.8
radiational,2016,704
radiational,2016,701.2
radiational,2016,698.3
radiational,2016,695.5
radiational,2016,692.6
radiational,2016,689.8
radiational,2016,687
radiational,2016,684.1
radiational,2016,681.3
radiational,2016,678.4
radiational,2016,675.6
radiational,2016,672.8
radiational,2016,669.9
radiational,2016,667.1
radiational,2016,664.2
radiational,2016,661.4
radiational,2016,658.6
radiational,2016,655.7
radiational,2016,652.9
radiational,2016,650
radiational,2016,647.2
radiational,2016,644.4
radiational,2016,641.5
radiational,2016,638.7
radiational,2016,635.8
radiational,2016,633
radiational,2016,630.1
radiational,2016,627.3
radiational,2016,624.5
radiational,2016,621.6
radiational,2016,618.8
radiational,2016,615.9
radiational,2016,613.1
radiational,2016,610.3
radiational,2016,607.4
radiational,2016,604.6
radiational,2016,601.7
radiational,2016,598.9
radiational,2016,596.1
radiational,2016,593.2
radiational,2016,590.4
radiational,2016,587.5
radiational,2016,584.7
radiational,2016,581.9
radiational,2016,579
radiational,2016,576.2
radiational,2016,573.3
radiational,2016,570.5
radiational,2016,567.7
radiational,2016,564.8
radiational,2016,562
radiational,2016,559.1
radiational,2016,556.3
radiational,2016,553.4
radiational,2016,550.6
radiational,2016,547.8
radiational,2016,544.9
radiational,2016,542.1
radiational,2016,539.2
radiational,2016,536.4
radiational,2016,533.6
radiational,2016,530.7
radiational,2016,527.9
radiational,2016,525
radiational,2016,522.2
radiational,2016,519.4
radiational,2016,516.5
radiational,2016,513.7
radiational,2016,510.8
radiational,2016,508
radiational,2016,505.2
radiational,2016,502.3
radiational,2016,499.5
radiational,2016,496.6
radiational,2016,493.8
radiational,2016,491
radiational,2016,488.1
radiational,2016,485.3
radiational,2016,482.4
radiational,2016,479.6
radiational,2016,476.7
radiational,2016,473.9
radiational,2016,471.1
radiational,2016,468.2
radiational,2016,465.4
radiational,2016,462.5
radiational,2016,459.7
radiational,2016,456.9
radiational,2016,454
radiational,2016,451.2
radiational,2016,448.3
radiational,2016,445.5
radiational,2016,442.7
radiational,2016,439.8
radiational,2016,437
radiational,2016,434.1
radiational,2016,431.3
radiational,2016,428.5
radiational,2016,425.6
radiational,2016,422.8
radiational,2016,419.9
radiational,2016,417.1
radiational,2016,414.3
radiational,2016,411.4
radiational,2016,408.6
radiational,2016,405.7
radiational,2016,402.9
radiational,2016,400
radiational,2016,397.2
radiational,2016,394.4
radiational,2016,391.5
radiational,2016,388.7
radiational,2016,385.8
radiational,2016,383
radiational,2016,380.2
radiational,2016,377.3
radiational,2016,374.5
radiational,2016,371.6
radiational,2016,368.8
radiational,2016,366
radiational,2016,363.1
radiational,2016,360.3
radiational,2016,357.4
radiational,2016,354.6
radiational,2016,351.8
radiational,2016,348.9
radiational,2016,346.1
radiational,2016,343.2
radiational,2016,340.4
radiational,2016,337.6
radiational,2016,334.7
radiational,2016,331.9
radiational,2016,329
radiational,2016,326.2
radiational,2016,323.3
radiational,2016,320.5
radiational,2016,317.7
radiational,2016,314.8
radiational,2016,312
radiational,2016,999.4
radiational,2016,996.6
radiational,2016,900
radiational,2016,897.2
radiational,2016,894.3
radiational,2016,891.5
radiational,2016,888.7
radiational,2016,885.8
radiational,2016,883
radiational,2016,880.1
radiational,2016,877.3
radiational,2016,874.5
radiational,2016,871.6
radiational,2016,868.8
radiational,2016,865.9
radiational,2016,863.1
radiational,2016,860.3
radiational,2016,857.4
radiational,2016,854.6
radiational,2016,851.7
radiational,2016,848.9
radiational,2016,846
radiational,2016,843.2
radiational,2016,840.4
radiational,2016,837.5
radiational,2016,834.7
radiational,2016,831.8
radiational,2016,829
radiational,2016,826.2
radiational,2016,823.3
radiational,2016,820.5
radiational,2016,817.6
radiational,2016,814.8
radiational,2016,812
radiational,2016,809.1
radiational,2016,806.3
radiational,2016,803.4
radiational,2016,800.6
radiational,2016,797.8
radiational,2016,794.9
radiational,2016,792.1
radiational,2016,789.2
radiational,2016,786.4
radiational,2016,783.5
radiational,2016,780.7
radiational,2016,777.9
radiational,2016,775
radiational,2016,772.2
radiational,2016,769.3
radiational,2016,766.5
radiational,2016,763.7
radiational,2016,760.8
radiational,2016,758
radiational,2016,755.1
radiational,2016,752.3
radiational,2016,749.5
radiational,2016,746.6
radiational,2016,743.8
radiational,2016,740.9
radiational,2016,738.1
radiational,2016,735.3
radiational,2016,732.4
radiational,2016,729.6
radiational,2016,726.7
radiational,2016,723.9
radiational,2016,721.1
radiational,2016,718.2
radiational,2016,715.4
radiational,2016,712.5
radiational,2016,709.7
radiational,2016,706.8
radiational,2016,704
radiational,2016,701.2
radiational,2016,698.3
radiational,2016,695.5
radiational,2016,692.6
radiational,2016,689.8
radiational,2016,687
radiational,2016,684.1
radiational,2016,681.3
radiational,2016,678.4
radiational,2016,675.6
radiational,2016,672.8
radiational,2016,669.9
radiational,2016,667.1
radiational,2016,664.2
radiational,2016,661.4
radiational,2016,658.6
radiational,2016,655.7
radiational,2016,652.9
radiational,2016,650
radiational,2016,647.2
radiational,2016,644.4
radiational,2016,641.5
radiational,2016,638.7
radiational,2016,635.8
radiational,2016,633
radiational,2016,630.1
radiational,2016,627.3
radiational,2016,624.5
radiational,2016,621.6
radiational,2016,618.8
radiational,2016,615.9
radiational,2016,613.1
radiational,2016,610.3
radiational,2016,607.4
radiational,2016,604.6
radiational,2016,601.7
radiational,2016,598.9
radiational,2016,596.1
radiational,2016,593.2
radiational,2016,590.4
radiational,2016,587.5
radiational,2016,584.7
radiational,2016,581.9
radiational,2016,579
radiational,2016,576.2
radiational,2016,573.3
radiational,2016,570.5
radiational,2016,567.7
radiational,2016,564.8
radiational,2016,562
radiational,2016,559.1
radiational,2016,556.3
radiational,2016,553.4
radiational,2016,550.6
radiational,2016,547.8
radiational,2016,544.9
radiational,2016,542.1
radiational,2016,539.2
radiational,2016,536.4
radiational,2016,533.6
radiational,2016,530.7
radiational,2016,527.9
radiational,2016,525
radiational,2016,522.2
radiational,2016,519.4
radiational,2016,516.5
radiational,2016,513.7
radiational,2016,510.8
radiational,2016,508
radiational,2016,505.2
radiational,2016,502.3
radiational,2016,499.5
radiational,2016,496.6
radiational,2016,493.8
radiational,2016,491
radiational,2016,488.1
radiational,2016,485.3
radiational,2016,482.4
radiational,2016,479.6
radiational,2016,476.7
radiational,2016,473.9
radiational,2016,471.1
radiational,2016,468.2
radiational,2016,465.4
radiational,2016,462.5
radiational,2016,459.7
radiational,2016,456.9
radiational,2016,454
radiational,2016,451.2
radiational,2016,448.3
radiational,2016,445.5
radiational,2016,442.7
radiational,2016,439.8
radiational,2016,437
radiational,2016,434.1
radiational,2016,431.3
radiational,2016,428.5
radiational,2016,425.6
radiational,2016,422.8
radiational,2016,419.9
radiational,2016,417.1
radiational,2016,414.3
radiational,2016,411.4
radiational,2016,408.6
radiational,2016,405.7
radiational,2016,402.9
radiational,2016,400
radiational,2016,397.2
radiational,2016,394.4
radiational,2016,391.5
radiational,2016,388.7
radiational,2016,385.8
radiational,2016,383
radiational,2016,380.2
radiational,2016,377.3
radiational,2016,374.5
radiational,2016,371.6
radiational,2016,1002
radiational,2016,999.4
radiational,2016,996.6
radiational,2016,908.5
radiational,2016,905.7
radiational,2016,902.9
radiational,2016,900
radiational,2016,897.2
radiational,2016,894.3
radiational,2016,891.5
radiational,2016,888.7
radiational,2016,885.8
radiational,2016,883
radiational,2016,880.1
radiational,2016,877.3
radiational,2016,874.5
radiational,2016,871.6
radiational,2016,868.8
radiational,2016,865.9
radiational,2016,863.1
radiational,2016,860.3
radiational,2016,857.4
radiational,2016,854.6
radiational,2016,851.7
radiational,2016,848.9
radiational,2016,846
radiational,2016,843.2
radiational,2016,840.4
radiational,2016,837.5
radiational,2016,834.7
radiational,2016,831.8
radiational,2016,829
radiational,2016,826.2
radiational,2016,823.3
radiational,2016,820.5
radiational,2016,817.6
radiational,2016,814.8
radiational,2016,812
radiational,2016,809.1
radiational,2016,806.3
radiational,2016,803.4
radiational,2016,800.6
radiational,2016,797.8
radiational,2016,794.9
radiational,2016,792.1
radiational,2016,789.2
radiational,2016,786.4
radiational,2016,783.5
radiational,2016,780.7
radiational,2016,777.9
radiational,2016,775
radiational,2016,772.2
radiational,2016,769.3
radiational,2016,766.5
radiational,2016,763.7
radiational,2016,760.8
radiational,2016,758
radiational,2016,755.1
radiational,2016,752.3
radiational,2016,749.5
radiational,2016,746.6
radiational,2016,743.8
radiational,2016,740.9
radiational,2016,738.1
radiational,2016,735.3
radiational,2016,732.4
radiational,2016,729.6
radiational,2016,726.7
radiational,2016,723.9
radiational,2016,721.1
radiational,2016,718.2
radiational,2016,715.4
radiational,2016,712.5
radiational,2016,709.7
radiational,2016,706.8
radiational,2016,704
radiational,2016,701.2
radiational,2016,698.3
radiational,2016,695.5
radiational,2016,692.6
radiational,2016,689.8
radiational,2016,687
radiational,2016,684.1
radiational,2016,681.3
radiational,2016,678.4
radiational,2016,675.6
radiational,2016,672.8
radiational,2016,669.9
radiational,2016,667.1
radiational,2016,664.2
radiational,2016,661.4
radiational,2016,658.6
radiational,2016,655.7
radiational,2016,652.9
radiational,2016,650
radiational,2016,647.2
radiational,2016,644.4
radiational,2016,641.5
radiational,2016,638.7
radiational,2016,635.8
radiational,2016,633
radiational,2016,630.1
radiational,2016,627.3
radiational,2016,624.5
radiational,2016,621.6
radiational,2016,618.8
radiational,2016,615.9
radiational,2016,613.1
radiational,2016,610.3
radiational,2016,607.4
radiational,2016,604.6
radiational,2016,601.7
radiational,2016,598.9
radiational,2016,596.1
radiational,2016,593.2
radiational,2016,590.4
radiational,2016,587.5
radiational,2016,584.7
radiational,2016,581.9
radiational,2016,579
radiational,2016,576.2
radiational,2016,573.3
radiational,2016,570.5
radiational,2016,567.7
radiational,2016,564.8
radiational,2016,562
radiational,2016,559.1
radiational,2016,556.3
radiational,2016,553.4
radiational,2016,550.6
radiational,2016,547.8
radiational,2016,544.9
radiational,2016,542.1
radiational,2016,539.2
radiational,2016,536.4
radiational,2016,533.6
radiational,2016,530.7
radiational,2016,527.9
radiational,2016,525
radiational,2016,522.2
radiational,2016,519.4
radiational,2016,516.5
radiational,2016,513.7
radiational,2016,510.8
radiational,2016,508
radiational,2016,505.2
radiational,2016,502.3
radiational,2016,499.5
radiational,2016,496.6
radiational,2016,493.8
radiational,2016,491
radiational,2016,488.1
radiational,2016,485.3
radiational,2016,482.4
radiational,2016,479.6
radiational,2016,476.7
radiational,2016,473.9
radiational,2016,471.1
radiational,2016,468.2
radiational,2016,465.4
radiational,2016,462.5
radiational,2016,459.7
radiational,2016,456.9
radiational,2016,454
radiational,2016,451.2
radiational,2016,448.3
radiational,2016,445.5
radiational,2016,442.7
radiational,2016,439.8
radiational,2016,437
radiational,2016,434.1
radiational,2016,1005
radiational,2016,1002
radiational,2016,999.4
radiational,2016,996.6
radiational,2016,917.1
radiational,2016,914.2
radiational,2016,911.4
radiational,2016,908.5
radiational,2016,905.7
radiational,2016,902.9
radiational,2016,900
radiational,2016,897.2
radiational,2016,894.3
radiational,2016,891.5
radiational,2016,888.7
radiational,2016,885.8
radiational,2016,883
radiational,2016,880.1
radiational,2016,877.3
radiational,2016,874.5
radiational,2016,871.6
radiational,2016,868.8
radiational,2016,865.9
radiational,2016,863.1
radiational,2016,860.3
radiational,2016,857.4
radiational,2016,854.6
radiational,2016,851.7
radiational,2016,848.9
radiational,2016,846
radiational,2016,843.2
radiational,2016,840.4
radiational,2016,837.5
radiational,2016,834.7
radiational,2016,831.8
radiational,2016,829
radiational,2016,826.2
radiational,2016,823.3
radiational,2016,820.5
radiational,2016,817.6
radiational,2016,814.8
radiational,2016,812
radiational,2016,809.1
radiational,2016,806.3
radiational,2016,803.4
radiational,2016,800.6
radiational,2016,797.8
radiational,2016,794.9
radiational,2016,792.1
radiational,2016,789.2
radiational,2016,786.4
radiational,2016,783.5
radiational,2016,780.7
radiational,2016,777.9
radiational,2016,775
radiational,2016,772.2
radiational,2016,769.3
radiational,2016,766.5
radiational,2016,763.7
radiational,2016,760.8
radiational,2016,758
radiational,2016,755.1
radiational,2016,752.3
radiational,2016,749.5
radiational,2016,746.6
radiational,2016,743.8
radiational,2016,740.9
radiational,2016,738.1
radiational,2016,735.3
radiational,2016,732.4
radiational,2016,729.6
radiational,2016,726.7
radiational,2016,723.9
radiational,2016,721.1
radiational,2016,718.2
radiational,2016,715.4
radiational,2016,712.5
radiational,2016,709.7
radiational,2016,706.8
radiational,2016,704
radiational,2016,701.2
radiational,2016,698.3
radiational,2016,695.5
radiational,2016,692.6
radiational,2016,689.8
radiational,2016,687
radiational,2016,684.1
radiational,2016,681.3
radiational,2016,678.4
radiational,2016,675.6
radiational,2016,672.8
radiational,2016,669.9
radiational,2016,667.1
radiational,2016,664.2
radiational,2016,661.4
radiational,2016,658.6
radiational,2016,655.7
radiational,2016,652.9
radiational,2016,650
radiational,2016,647.2
radiational,2016,644.4
radiational,2016,641.5
radiational,2016,638.7
radiational,2016,635.8
radiational,2016,633
radiational,2016,630.1
radiational,2016,627.3
radiational,2016,624.5
radiational,2016,621.6
radiational,2016,618.8
radiational,2016,615.9
radiational,2016,613.1
radiational,2016,610.3
radiational,2016,607.4
radiational,2016,604.6
radiational,2016,601.7
radiational,2016,598.9
radiational,2016,596.1
radiational,2016,593.2
radiational,2016,590.4
radiational,2016,587.5
radiational,2016,584.7
radiational,2016,581.9
radiational,2016,579
radiational,2016,576.2
radiational,2016,573.3
radiational,2016,570.5
radiational,2016,567.7
radiational,2016,564.8
radiational,2016,562
radiational,2016,559.1
radiational,2016,556.3
radiational,2016,553.4
radiational,2016,550.6
radiational,2016,547.8
radiational,2016,544.9
radiational,2016,542.1
radiational,2016,539.2
radiational,2016,536.4
radiational,2016,533.6
radiational,2016,530.7
radiational,2016,527.9
radiational,2016,525
radiational,2016,522.2
radiational,2016,519.4
radiational,2016,516.5
radiational,2016,513.7
radiational,2016,510.8
radiational,2016,508
radiational,2016,505.2
radiational,2016,502.3
radiational,2016,499.5
radiational,2016,496.6
radiational,2016,493.8
radiational,2016,491
radiational,2016,488.1
radiational,2016,485.3
radiational,2016,1005
radiational,2016,1002
radiational,2016,999.4
radiational,2016,996.6
radiational,2016,925.6
radiational,2016,922.7
radiational,2016,919.9
radiational,2016,917.1
radiational,2016,914.2
radiational,2016,911.4
radiational,2016,908.5
radiational,2016,905.7
radiational,2016,902.9
radiational,2016,900
radiational,2016,897.2
radiational,2016,894.3
radiational,2016,891.5
radiational,2016,888.7
radiational,2016,885.8
radiational,2016,883
radiational,2016,880.1
radiational,2016,877.3
radiational,2016,874.5
radiational,2016,871.6
radiational,2016,868.8
radiational,2016,865.9
radiational,2016,863.1
radiational,2016,860.3
radiational,2016,857.4
radiational,2016,854.6
radiational,2016,851.7
radiational,2016,848.9
radiational,2016,846
radiational,2016,843.2
radiational,2016,840.4
radiational,2016,837.5
radiational,2016,834.7
radiational,2016,831.8
radiational,2016,829
radiational,2016,826.2
radiational,2016,823.3
radiational,2016,820.5
radiational,2016,817.6
radiational,2016,814.8
radiational,2016,812
radiational,2016,809.1
radiational,2016,806.3
radiational,2016,803.4
radiational,2016,800.6
radiational,2016,797.8
radiational,2016,794.9
radiational,2016,792.1
radiational,2016,789.2
radiational,2016,786.4
radiational,2016,783.5
radiational,2016,780.7
radiational,2016,777.9
radiational,2016,775
radiational,2016,772.2
radiational,2016,769.3
radiational,2016,766.5
radiational,2016,763.7
radiational,2016,760.8
radiational,2016,758
radiational,2016,755.1
radiational,2016,752.3
radiational,2016,749.5
radiational,2016,746.6
radiational,2016,743.8
radiational,2016,740.9
radiational,2016,738.1
radiational,2016,735.3
radiational,2016,732.4
radiational,2016,729.6
radiational,2016,726.7
radiational,2016,723.9
radiational,2016,721.1
radiational,2016,718.2
radiational,2016,715.4
radiational,2016,712.5
radiational,2016,709.7
radiational,2016,706.8
radiational,2016,704
radiational,2016,701.2
radiational,2016,698.3
radiational,2016,695.5
radiational,2016,692.6
radiational,2016,689.8
radiational,2016,687
radiational,2016,684.1
radiational,2016,681.3
radiational,2016,678.4
radiational,2016,675.6
radiational,2016,672.8
radiational,2016,669.9
radiational,2016,667.1
radiational,2016,664.2
radiational,2016,661.4
radiational,2016,658.6
radiational,2016,655.7
radiational,2016,652.9
radiational,2016,650
radiational,2016,647.2
radiational,2016,644.4
radiational,2016,641.5
radiational,2016,638.7
radiational,2016,635.8
radiational,2016,633
radiational,2016,630.1
radiational,2016,627.3
radiational,2016,624.5
radiational,2016,621.6
radiational,2016,618.8
radiational,2016,615.9
radiational,2016,613.1
radiational,2016,610.3
radiational,2016,607.4
radiational,2016,604.6
radiational,2016,601.7
radiational,2016,598.9
radiational,2016,596.1
radiational,2016,593.2
radiational,2016,590.4
radiational,2016,587.5
radiational,2016,584.7
radiational,2016,581.9
radiational,2016,579
radiational,2016,576.2
radiational,2016,573.3
radiational,2016,570.5
radiational,2016,567.7
radiational,2016,564.8
radiational,2016,562
radiational,2016,559.1
radiational,2016,556.3
radiational,2016,553.4
radiational,2016,493.8
radiational,2016,491
radiational,2016,488.1
radiational,2016,485.3
radiational,2016,1005
radiational,2016,1002
radiational,2016,999.4
radiational,2016,996.6
radiational,2016,934.1
radiational,2016,931.3
radiational,2016,928.4
radiational,2016,925.6
radiational,2016,922.7
radiational,2016,919.9
radiational,2016,917.1
radiational,2016,914.2
radiational,2016,911.4
radiational,2016,908.5
radiational,2016,905.7
radiational,2016,902.9
radiational,2016,900
radiational,2016,897.2
radiational,2016,894.3
radiational,2016,891.5
radiational,2016,888.7
radiational,2016,885.8
radiational,2016,883
radiational,2016,880.1
radiational,2016,877.3
radiational,2016,874.5
radiational,2016,871.6
radiational,2016,868.8
radiational,2016,865.9
radiational,2016,863.1
radiational,2016,860.3
radiational,2016,857.4
radiational,2016,854.6
radiational,2016,851.7
radiational,2016,848.9
radiational,2016,846
radiational,2016,843.2
radiational,2016,840.4
radiational,2016,837.5
radiational,2016,834.7
radiational,2016,831.8
radiational,2016,829
radiational,2016,826.2
radiational,2016,823.3
radiational,2016,820.5
radiational,2016,817.6
radiational,2016,814.8
radiational,2016,812
radiational,2016,809.1
radiational,2016,806.3
radiational,2016,803.4
radiational,2016,800.6
radiational,2016,797.8
radiational,2016,794.9
radiational,2016,792.1
radiational,2016,789.2
radiational,2016,786.4
radiational,2016,783.5
radiational,2016,780.7
radiational,2016,777.9
radiational,2016,775
radiational,2016,772.2
radiational,2016,769.3
radiational,2016,766.5
radiational,2016,763.7
radiational,2016,760.8
radiational,2016,758
radiational,2016,755.1
radiational,2016,752.3
radiational,2016,749.5
radiational,2016,746.6
radiational,2016,743.8
radiational,2016,740.9
radiational,2016,738.1
radiational,2016,735.3
radiational,2016,732.4
radiational,2016,729.6
radiational,2016,726.7
radiational,2016,723.9
radiational,2016,721.1
radiational,2016,718.2
radiational,2016,715.4
radiational,2016,712.5
radiational,2016,709.7
radiational,2016,706.8
radiational,2016,704
radiational,2016,701.2
radiational,2016,698.3
radiational,2016,695.5
radiational,2016,692.6
radiational,2016,689.8
radiational,2016,687
radiational,2016,684.1
radiational,2016,681.3
radiational,2016,678.4
radiational,2016,675.6
radiational,2016,672.8
radiational,2016,669.9
radiational,2016,667.1
radiational,2016,664.2
radiational,2016,661.4
radiational,2016,658.6
radiational,2016,655.7
radiational,2016,652.9
radiational,2016,650
radiational,2016,647.2
radiational,2016,644.4
radiational,2016,641.5
radiational,2016,638.7
radiational,2016,635.8
radiational,2016,633
radiational,2016,630.1
radiational,2016,627.3
radiational,2016,624.5
radiational,2016,621.6
radiational,2016,618.8
radiational,2016,615.9
radiational,2016,613.1
radiational,2016,493.8
radiational,2016,491
radiational,2016,488.1
radiational,2016,485.3
radiational,2016,1005
radiational,2016,1002
radiational,2016,999.4
radiational,2016,996.6
radiational,2016,942.6
radiational,2016,939.8
radiational,2016,937
radiational,2016,934.1
radiational,2016,931.3
radiational,2016,928.4
radiational,2016,925.6
radiational,2016,922.7
radiational,2016,919.9
radiational,2016,917.1
radiational,2016,914.2
radiational,2016,911.4
radiational,2016,908.5
radiational,2016,905.7
radiational,2016,902.9
radiational,2016,900
radiational,2016,897.2
radiational,2016,894.3
radiational,2016,891.5
radiational,2016,888.7
radiational,2016,885.8
radiational,2016,883
radiational,2016,880.1
radiational,2016,877.3
radiational,2016,874.5
radiational,2016,871.6
radiational,2016,868.8
radiational,2016,865.9
radiational,2016,863.1
radiational,2016,860.3
radiational,2016,857.4
radiational,2016,854.6
radiational,2016,851.7
radiational,2016,848.9
radiational,2016,846
radiational,2016,843.2
radiational,2016,840.4
radiational,2016,837.5
radiational,2016,834.7
radiational,2016,831.8
radiational,2016,829
radiational,2016,826.2
radiational,2016,823.3
radiational,2016,820.5
radiational,2016,817.6
radiational,2016,814.8
radiational,2016,812
radiational,2016,809.1
radiational,2016,806.3
radiational,2016,803.4
radiational,2016,800.6
radiational,2016,797.8
radiational,2016,794.9
radiational,2016,792.1
radiational,2016,789.2
radiational,2016,786.4
radiational,2016,783.5
radiational,2016,780.7
radiational,2016,777.9
radiational,2016,775
radiational,2016,772.2
radiational,2016,769.3
radiational,2016,766.5
radiational,2016,763.7
radiational,2016,760.8
radiational,2016,758
radiational,2016,755.1
radiational,2016,752.3
radiational,2016,749.5
radiational,2016,746.6
radiational,2016,743.8
radiational,2016,740.9
radiational,2016,738.1
radiational,2016,735.3
radiational,2016,732.4
radiational,2016,729.6
radiational,2016,726.7
radiational,2016,723.9
radiational,2016,721.1
radiational,2016,718.2
radiational,2016,715.4
radiational,2016,712.5
radiational,2016,709.7
radiational,2016,706.8
radiational,2016,704
radiational,2016,701.2
radiational,2016,698.3
radiational,2016,695.5
radiational,2016,692.6
radiational,2016,689.8
radiational,2016,687
radiational,2016,684.1
radiational,2016,681.3
radiational,2016,678.4
radiational,2016,675.6
radiational,2016,672.8
radiational,2016,493.8
radiational,2016,491
radiational,2016,488.1
radiational,2016,485.3
radiational,2016,1005
radiational,2016,1002
radiational,2016,999.4
radiational,2016,996.6
radiational,2016,951.2
radiational,2016,948.3
radiational,2016,945.5
radiational,2016,942.6
radiational,2016,939.8
radiational,2016,937
radiational,2016,934.1
radiational,2016,931.3
radiational,2016,928.4
radiational,2016,925.6
radiational,2016,922.7
radiational,2016,919.9
radiational,2016,917.1
radiational,2016,914.2
radiational,2016,911.4
radiational,2016,908.5
radiational,2016,905.7
radiational,2016,902.9
radiational,2016,900
radiational,2016,897.2
radiational,2016,894.3
radiational,2016,891.5
radiational,2016,888.7
radiational,2016,885.8
radiational,2016,883
radiational,2016,880.1
radiational,2016,877.3
radiational,2016,874.5
radiational,2016,871.6
radiational,2016,868.8
radiational,2016,865.9
radiational,2016,863.1
radiational,2016,860.3
radiational,2016,857.4
radiational,2016,854.6
radiational,2016,851.7
radiational,2016,848.9
radiational,2016,846
radiational,2016,843.2
radiational,2016,840.4
radiational,2016,837.5
radiational,2016,834.7
radiational,2016,831.8
radiational,2016,829
radiational,2016,826.2
radiational,2016,823.3
radiational,2016,820.5
radiational,2016,817.6
radiational,2016,814.8
radiational,2016,812
radiational,2016,809.1
radiational,2016,806.3
radiational,2016,803.4
radiational,2016,800.6
radiational,2016,797.8
radiational,2016,794.9
radiational,2016,792.1
radiational,2016,789.2
radiational,2016,786.4
radiational,2016,783.5
radiational,2016,780.7
radiational,2016,777.9
radiational,2016,775
radiational,2016,772.2
radiational,2016,769.3
radiational,2016,766.5
radiational,2016,763.7
radiational,2016,760.8
radiational,2016,758
radiational,2016,755.1
radiational,2016,752.3
radiational,2016,749.5
radiational,2016,746.6
radiational,2016,743.8
radiational,2016,740.9
radiational,2016,738.1
radiational,2016,735.3
radiational,2016,732.4
radiational,2016,493.8
radiational,2016,491
radiational,2016,488.1
radiational,2016,485.3
radiational,2016,1005
radiational,2016,1002
radiational,2016,999.4
radiational,2016,996.6
radiational,2016,959.7
radiational,2016,956.8
radiational,2016,954
radiational,2016,951.2
radiational,2016,948.3
radiational,2016,945.5
radiational,2016,942.6
radiational,2016,939.8
radiational,2016,937
radiational,2016,934.1
radiational,2016,931.3
radiational,2016,928.4
radiational,2016,925.6
radiational,2016,922.7
radiational,2016,919.9
radiational,2016,917.1
radiational,2016,914.2
radiational,2016,911.4
radiational,2016,908.5
radiational,2016,905.7
radiational,2016,902.9
radiational,2016,900
radiational,2016,897.2
radiational,2016,894.3
radiational,2016,891.5
radiational,2016,888.7
radiational,2016,885.8
radiational,2016,883
radiational,2016,880.1
radiational,2016,877.3
radiational,2016,874.5
radiational,2016,871.6
radiational,2016,868.8
radiational,2016,865.9
radiational,2016,863.1
radiational,2016,860.3
radiational,2016,857.4
radiational,2016,854.6
radiational,2016,851.7
radiational,2016,848.9
radiational,2016,846
radiational,2016,843.2
radiational,2016,840.4
radiational,2016,837.5
radiational,2016,834.7
radiational,2016,831.8
radiational,2016,829
radiational,2016,826.2
radiational,2016,823.3
radiational,2016,820.5
radiational,2016,817.6
radiational,2016,814.8
radiational,2016,812
radiational,2016,809.1
radiational,2016,806.3
radiational,2016,803.4
radiational,2016,800.6
radiational,2016,797.8
radiational,2016,794.9
radiational,2016,792.1
radiational,2016,493.8
radiational,2016,491
radiational,2016,488.1
radiational,2016,485.3
radiational,2016,1005
radiational,2016,1002
radiational,2016,999.4
radiational,2016,996.6
radiational,2016,968.2
radiational,2016,965.4
radiational,2016,962.5
radiational,2016,959.7
radiational,2016,956.8
radiational,2016,954
radiational,2016,951.2
radiational,2016,948.3
radiational,2016,945.5
radiational,2016,942.6
radiational,2016,939.8
radiational,2016,937
radiational,2016,934.1
radiational,2016,931.3
radiational,2016,928.4
radiational,2016,925.6
radiational,2016,922.7
radiational,2016,919.9
radiational,2016,917.1
radiational,2016,914.2
radiational,2016,911.4
radiational,2016,908.5
radiational,2016,905.7
radiational,2016,902.9
radiational,2016,900
radiational,2016,897.2
radiational,2016,894.3
radiational,2016,891.5
radiational,2016,888.7
radiational,2016,885.8
radiational,2016,883
radiational,2016,880.1
radiational,2016,877.3
radiational,2016,874.5
radiational,2016,871.6
radiational,2016,868.8
radiational,2016,865.9
radiational,2016,863.1
radiational,2016,860.3
radiational,2016,857.4
radiational,2016,854.6
radiational,2016,851.7
radiational,2016,493.8
radiational,2016,491
radiational,2016,488.1
radiational,2016,485.3
radiational,2016,1005
radiational,2016,1002
radiational,2016,999.4
radiational,2016,996.6
radiational,2016,976.7
radiational,2016,973.9
radiational,2016,971
radiational,2016,968.2
radiational,2016,965.4
radiational,2016,962.5
radiational,2016,959.7
radiational,2016,956.8
radiational,2016,954
radiational,2016,951.2
radiational,2016,948.3
radiational,2016,945.5
radiational,2016,942.6
radiational,2016,939.8
radiational,2016,937
radiational,2016,934.1
radiational,2016,931.3
radiational,2016,928.4
radiational,2016,925.6
radiational,2016,922.7
radiational,2016,919.9
radiational,2016,917.1
radiational,2016,914.2
radiational,2016,911.4
radiational,2016,908.5
radiational,2016,905.7
radiational,2016,902.9
radiational,2016,900
radiational,2016,897.2
radiational,2016,894.3
radiational,2016,1005
radiational,2016,1002
radiational,2016,999.4
radiational,2016,996.6
radiational,2016,985.2
radiational,2016,982.4
radiational,2016,979.6
radiational,2016,976.7
radiational,2016,973.9
radiational,2016,971
radiational,2016,968.2
radiational,2016,965.4
radiational,2016,962.5
radiational,2016,959.7
radiational,2016,956.8
radiational,2016,954
radiational,2016,951.2
radiational,2016,948.3
radiational,2016,945.5
radiational,2016,942.6
radiational,2016,939.8
radiational,2016,937
radiational,2016,934.1
radiational,2016,931.3
radiational,2016,928.4
radiational,2016,925.6
radiational,2016,922.7
radiational,2016,919.9
radiational,2016,917.1
radiational,2016,914.2
radiational,2016,911.4
radiational,2016,908.5
radiational,2016,905.7
radiational,2016,902.9
radiational,2016,1005
radiational,2016,1002
radiational,2016,999.4
radiational,2016,996.6
radiational,2016,993.8
radiational,2016,990.9
radiational,2016,988.1
radiational,2016,985.2
radiational,2016,982.4
radiational,2016,979.6
radiational,2016,976.7
radiational,2016,973.9
radiational,2016,971
radiational,2016,968.2
radiational,2016,965.4
radiational,2016,962.5
radiational,2016,959.7
radiational,2016,956.8
radiational,2016,954
radiational,2016,951.2
radiational,2016,948.3
radiational,2016,945.5
radiational,2016,942.6
radiational,2016,939.8
radiational,2016,937
radiational,2016,934.1
radiational,2016,931.3
radiational,2016,928.4
radiational,2016,925.6
radiational,2016,922.7
radiational,2016,919.9
radiational,2016,917.1
radiational,2016,914.2
radiational,2016,911.4
radiational,2016,1005
radiational,2016,1002
radiational,2016,999.4
radiational,2016,996.6
radiational,2016,993.8
radiational,2016,990.9
radiational,2016,988.1
radiational,2016,985.2
radiational,2016,982.4
radiational,2016,979.6
radiational,2016,976.7
radiational,2016,973.9
radiational,2016,971
radiational,2016,968.2
radiational,2016,965.4
radiational,2016,962.5
radiational,2016,959.7
radiational,2016,956.8
radiational,2016,954
radiational,2016,951.2
radiational,2016,948.3
radiational,2016,945.5
radiational,2016,942.6
radiational,2016,939.8
radiational,2016,937
radiational,2016,934.1
radiational,2016,931.3
radiational,2016,928.4
radiational,2016,925.6
radiational,2016,922.7
radiational,2016,919.9
radiational,2017,1011
radiational,2017,1008
radiational,2017,1005
radiational,2017,1002
radiational,2017,999.4
radiational,2017,996.6
radiational,2017,993.8
radiational,2017,990.9
radiational,2017,988.1
radiational,2017,985.2
radiational,2017,982.4
radiational,2017,979.6
radiational,2017,976.7
radiational,2017,973.9
radiational,2017,971
radiational,2017,968.2
radiational,2017,965.4
radiational,2017,962.5
radiational,2017,959.7
radiational,2017,956.8
radiational,2017,954
radiational,2017,951.2
radiational,2017,948.3
radiational,2017,945.5
radiational,2017,942.6
radiational,2017,939.8
radiational,2017,937
radiational,2017,934.1
radiational,2017,931.3
radiational,2017,928.4
radiational,2017,1014
radiational,2017,1011
radiational,2017,1008
radiational,2017,1005
radiational,2017,1002
radiational,2017,999.4
radiational,2017,996.6
radiational,2017,993.8
radiational,2017,990.9
radiational,2017,988.1
radiational,2017,985.2
radiational,2017,982.4
radiational,2017,979.6
radiational,2017,976.7
radiational,2017,973.9
radiational,2017,971
radiational,2017,968.2
radiational,2017,965.4
radiational,2017,962.5
radiational,2017,959.7
radiational,2017,956.8
radiational,2017,954
radiational,2017,951.2
radiational,2017,948.3
radiational,2017,945.5
radiational,2017,942.6
radiational,2017,939.8
radiational,2017,937
radiational,2017,1016
radiational,2017,1014
radiational,2017,1011
radiational,2017,1008
radiational,2017,1005
radiational,2017,1002
radiational,2017,999.4
radiational,2017,996.6
radiational,2017,993.8
radiational,2017,990.9
radiational,2017,988.1
radiational,2017,985.2
radiational,2017,982.4
radiational,2017,979.6
radiational,2017,976.7
radiational,2017,973.9
radiational,2017,971
radiational,2017,968.2
radiational,2017,965.4
radiational,2017,962.5
radiational,2017,959.7
radiational,2017,956.8
radiational,2017,954
radiational,2017,951.2
radiational,2017,948.3
radiational,2017,945.5
radiational,2017,1016
radiational,2017,1014
radiational,2017,1011
radiational,2017,1008
radiational,2017,1005
radiational,2017,1002
radiational,2017,999.4
radiational,2017,996.6
radiational,2017,993.8
radiational,2017,990.9
radiational,2017,988.1
radiational,2017,985.2
radiational,2017,982.4
radiational,2017,979.6
radiational,2017,976.7
radiational,2017,973.9
radiational,2017,971
radiational,2017,968.2
radiational,2017,965.4
radiational,2017,962.5
radiational,2017,959.7
radiational,2017,956.8
radiational,2017,954
radiational,2017,1016
radiational,2017,1014
radiational,2017,1011
radiational,2017,1008
radiational,2017,1005
radiational,2017,1002
radiational,2017,999.4
radiational,2017,996.6
radiational,2017,993.8
radiational,2017,990.9
radiational,2017,988.1
radiational,2017,985.2
radiational,2017,982.4
radiational,2017,979.6
radiational,2017,976.7
radiational,2017,973.9
radiational,2017,971
radiational,2017,968.2
radiational,2017,965.4
radiational,2017,962.5
radiational,2017,1016
radiational,2017,1014
radiational,2017,1011
radiational,2017,1008
radiational,2017,1005
radiational,2017,1002
radiational,2017,999.4
radiational,2017,996.6
radiational,2017,993.8
radiational,2017,990.9
radiational,2017,988.1
radiational,2017,985.2
radiational,2017,982.4
radiational,2017,979.6
radiational,2017,976.7
radiational,2017,973.9
radiational,2017,971
radiational,2017,1016
radiational,2017,1014
radiational,2017,1011
radiational,2017,1008
radiational,2017,1005
radiational,2017,1002
radiational,2017,999.4
radiational,2017,996.6
radiational,2017,993.8
radiational,2017,990.9
radiational,2017,988.1
radiational,2017,985.2
radiational,2017,982.4
radiational,2017,979.6
radiational,2017,1016
radiational,2017,1014
radiational,2017,1011
radiational,2017,1008
radiational,2017,1005
radiational,2017,1002
radiational,2017,999.4
radiational,2017,996.6
radiational,2017,993.8
radiational,2017,990.9
radiational,2017,988.1
radiational,2017,1016
radiational,2017,1014
radiational,2017,1011
radiational,2017,1008
radiational,2017,1005
radiational,2017,1002
radiational,2017,999.4
radiational,2017,996.6
radiational,2017,993.8
radiational,2017,990.9
radiational,2017,1016
radiational,2017,1014
radiational,2017,1011
radiational,2017,1008
radiational,2017,1005
radiational,2017,1002
radiational,2017,999.4
radiational,2017,996.6
radiational,2017,993.8
radiational,2017,990.9
radiational,2017,1016
radiational,2017,1014
radiational,2017,1011
radiational,2017,1008
radiational,2017,1005
radiational,2017,1002
radiational,2017,999.4
radiational,2017,996.6
radiational,2017,993.8
radiational,2017,990.9
radiational,2017,1016
radiational,2017,1014
radiational,2017,1011
radiational,2017,1008
radiational,2017,1005
radiational,2017,1002
radiational,2017,999.4
radiational,2017,996.6
radiational,2017,993.8
radiational,2017,990.9
radiational,2017,1016
radiational,2017,1014
radiational,2017,1011
radiational,2017,1008
radiational,2017,1005
radiational,2017,1002
radiational,2017,999.4
radiational,2017,996.6
radiational,2017,993.8
radiational,2017,990.9
radiational,2017,1016
radiational,2017,1014
radiational,2017,1011
radiational,2017,1008
radiational,2017,1005
radiational,2017,1002
radiational,2017,999.4
radiational,2017,996.6
radiational,2017,993.8
radiational,2017,990.9
radiational,2017,1016
radiational,2017,1014
radiational,2017,1011
radiational,2017,1008
radiational,2017,1005
radiational,2017,1002
radiational,2017,999.4
radiational,2017,996.6
radiational,2017,993.8
radiational,2017,990.9
radiational,2017,1016
radiational,2017,1014
radiational,2017,1011
radiational,2017,1008
radiational,2017,1005
radiational,2017,1002
radiational,2017,999.4
radiational,2017,996.6
radiational,2017,993.8
radiational,2017,990.9
radiational,2017,1016
radiational,2017,1014
radiational,2017,1011
radiational,2017,1008
radiational,2017,1005
radiational,2017,1002
radiational,2017,999.4
radiational,2017,996.6
radiational,2017,993.8
radiational,2017,990.9
radiational,2017,1016
radiational,2017,1014
radiational,2017,1011
radiational,2017,1008
radiational,2017,1005
radiational,2017,1002
radiational,2017,999.4
radiational,2017,996.6
radiational,2017,993.8
radiational,2017,990.9
radiational,2017,1016
radiational,2017,1014
radiational,2017,1011
radiational,2017,1008
radiational,2017,1005
radiational,2017,1002
radiational,2017,999.4
radiational,2017,996.6
radiational,2017,993.8
radiational,2017,990.9
radiational,2017,1016
radiational,2017,1014
radiational,2017,1011
radiational,2017,1008
radiational,2017,1005
radiational,2017,1002
radiational,2017,999.4
radiational,2017,996.6
radiational,2017,993.8
radiational,2017,990.9
radiational,2017,1016
radiational,2017,1014
radiational,2017,1011
radiational,2017,1008
radiational,2017,1005
radiational,2017,1002
radiational,2017,999.4
radiational,2017,996.6
radiational,2017,993.8
radiational,2017,990.9
radiational,2017,1016
radiational,2017,1014
radiational,2017,1011
radiational,2017,1008
radiational,2017,1005
radiational,2017,1002
radiational,2017,999.4
radiational,2017,996.6
radiational,2017,993.8
radiational,2017,990.9
radiational,2017,1016
radiational,2017,1014
radiational,2017,1011
radiational,2017,1008
radiational,2017,1005
radiational,2017,1002
radiational,2017,999.4
radiational,2017,996.6
radiational,2017,993.8
radiational,2017,990.9
radiational,2017,1016
radiational,2017,1014
radiational,2017,1011
radiational,2017,1008
radiational,2017,1005
radiational,2017,1002
radiational,2017,999.4
radiational,2017,996.6
radiational,2017,993.8
radiational,2017,990.9
radiational,2017,1016
radiational,2017,1014
radiational,2017,1011
radiational,2017,1008
radiational,2017,1005
radiational,2017,1002
radiational,2017,999.4
radiational,2017,996.6
radiational,2017,993.8
radiational,2017,990.9
radiational,2017,1016
radiational,2017,1014
radiational,2017,1011
radiational,2017,1008
radiational,2017,1005
radiational,2017,1002
radiational,2017,999.4
radiational,2017,996.6
radiational,2017,993.8
radiational,2017,990.9
radiational,2017,1016
radiational,2017,1014
radiational,2017,1011
radiational,2017,1008
radiational,2017,1005
radiational,2017,1002
radiational,2017,999.4
radiational,2017,996.6
radiational,2017,993.8
radiational,2017,990.9
radiational,2017,1016
radiational,2017,1014
radiational,2017,1011
radiational,2017,1008
radiational,2017,1005
radiational,2017,1002
radiational,2017,999.4
radiational,2017,996.6
radiational,2017,993.8
radiational,2017,990.9
radiational,2017,1016
radiational,2017,1014
radiational,2017,1011
radiational,2017,1008
radiational,2017,1005
radiational,2017,1002
radiational,2017,999.4
radiational,2017,996.6
radiational,2017,993.8
radiational,2017,990.9
radiational,2017,1016
radiational,2017,1014
radiational,2017,1011
radiational,2017,1008
radiational,2017,1005
radiational,2017,1002
radiational,2017,999.4
radiational,2017,996.6
radiational,2017,993.8
radiational,2017,990.9
radiational,2017,1016
radiational,2017,1014
radiational,2017,1011
radiational,2017,1008
radiational,2017,1005
radiational,2017,1002
radiational,2017,999.4
radiational,2017,996.6
radiational,2017,993.8
radiational,2017,990.9
radiational,2017,1016
radiational,2017,1014
radiational,2017,1011
radiational,2017,1008
radiational,2017,1005
radiational,2017,1002
radiational,2017,999.4
radiational,2017,996.6
radiational,2017,993.8
radiational,2017,990.9
radiational,2017,1016
radiational,2017,1014
radiational,2017,1011
radiational,2017,1008
radiational,2017,1005
radiational,2017,1002
radiational,2017,999.4
radiational,2017,996.6
radiational,2017,993.8
radiational,2017,990.9
radiational,2017,1016
radiational,2017,1014
radiational,2017,1011
radiational,2017,1008
radiational,2017,1005
radiational,2017,1002
radiational,2017,999.4
radiational,2017,996.6
radiational,2017,993.8
radiational,2017,990.9
radiational,2017,1016
radiational,2017,1014
radiational,2017,1011
radiational,2017,1008
radiational,2017,1005
radiational,2017,1002
radiational,2017,999.4
radiational,2017,996.6
radiational,2017,993.8
radiational,2017,990.9
radiational,2017,1016
radiational,2017,1014
radiational,2017,1011
radiational,2017,1008
radiational,2017,1005
radiational,2017,1002
radiational,2017,999.4
radiational,2017,996.6
radiational,2017,993.8
radiational,2017,990.9
radiational,2017,1016
radiational,2017,1014
radiational,2017,1011
radiational,2017,1008
radiational,2017,1005
radiational,2017,1002
radiational,2017,999.4
radiational,2017,996.6
radiational,2017,993.8
radiational,2017,990.9
radiational,2017,1016
radiational,2017,1014
radiational,2017,1011
radiational,2017,1008
radiational,2017,1005
radiational,2017,1002
radiational,2017,999.4
radiational,2017,996.6
radiational,2017,993.8
radiational,2017,990.9
radiational,2017,1016
radiational,2017,1014
radiational,2017,1011
radiational,2017,1008
radiational,2017,1005
radiational,2017,1002
radiational,2017,999.4
radiational,2017,996.6
radiational,2017,993.8
radiational,2017,990.9
radiational,2017,1016
radiational,2017,1014
radiational,2017,1011
radiational,2017,1008
radiational,2017,1005
radiational,2017,1002
radiational,2017,999.4
radiational,2017,996.6
radiational,2017,993.8
radiational,2017,990.9
radiational,2017,1016
radiational,2017,1014
radiational,2017,1011
radiational,2017,1008
radiational,2017,1005
radiational,2017,1002
radiational,2017,999.4
radiational,2017,996.6
radiational,2017,993.8
radiational,2017,990.9
radiational,2017,1016
radiational,2017,1014
radiational,2017,1011
radiational,2017,1008
radiational,2017,1005
radiational,2017,1002
radiational,2017,999.4
radiational,2017,996.6
radiational,2017,993.8
radiational,2017,990.9
radiational,2017,1016
radiational,2017,1014
radiational,2017,1011
radiational,2017,1008
radiational,2017,1005
radiational,2017,1002
radiational,2017,999.4
radiational,2017,996.6
radiational,2017,993.8
radiational,2017,990.9
radiational,2017,1016
radiational,2017,1014
radiational,2017,1011
radiational,2017,1008
radiational,2017,1005
radiational,2017,1002
radiational,2017,999.4
radiational,2017,996.6
radiational,2017,993.8
radiational,2017,990.9
radiational,2017,1016
radiational,2017,1014
radiational,2017,1011
radiational,2017,1008
radiational,2017,1005
radiational,2017,1002
radiational,2017,999.4
radiational,2017,996.6
radiational,2017,993.8
radiational,2017,990.9
radiational,2017,1016
radiational,2017,1014
radiational,2017,1011
radiational,2017,1008
radiational,2017,1005
radiational,2017,1002
radiational,2017,999.4
radiational,2017,996.6
radiational,2017,993.8
radiational,2017,990.9
radiational,2017,1016
radiational,2017,1014
radiational,2017,1011
radiational,2017,1008
radiational,2017,1005
radiational,2017,1002
radiational,2017,999.4
radiational,2017,996.6
radiational,2017,993.8
radiational,2017,990.9
radiational,2017,1016
radiational,2017,1014
radiational,2017,1011
radiational,2017,1008
radiational,2017,1005
radiational,2017,1002
radiational,2017,999.4
radiational,2017,996.6
radiational,2017,993.8
radiational,2017,990.9
radiational,2017,1016
radiational,2017,1014
radiational,2017,1011
radiational,2017,1008
radiational,2017,1005
radiational,2017,1002
radiational,2017,999.4
radiational,2017,996.6
radiational,2017,993.8
radiational,2017,990.9
radiational,2017,1016
radiational,2017,1014
radiational,2017,1011
radiational,2017,1008
radiational,2017,1005
radiational,2017,1002
radiational,2017,999.4
radiational,2017,996.6
radiational,2017,993.8
radiational,2017,990.9
radiational,2017,1016
radiational,2017,1014
radiational,2017,1011
radiational,2017,1008
radiational,2017,1005
radiational,2017,1002
radiational,2017,999.4
radiational,2017,996.6
radiational,2017,993.8
radiational,2017,990.9
radiational,2017,1016
radiational,2017,1014
radiational,2017,1011
radiational,2017,1008
radiational,2017,1005
radiational,2017,1002
radiational,2017,999.4
radiational,2017,996.6
radiational,2017,993.8
radiational,2017,990.9
radiational,2017,1016
radiational,2017,1014
radiational,2017,1011
radiational,2017,1008
radiational,2017,1005
radiational,2017,1002
radiational,2017,999.4
radiational,2017,996.6
radiational,2017,993.8
radiational,2017,990.9
radiational,2017,1016
radiational,2017,1014
radiational,2017,1011
radiational,2017,1008
radiational,2017,1005
radiational,2017,1002
radiational,2017,999.4
radiational,2017,996.6
radiational,2017,993.8
radiational,2017,990.9
radiational,2017,1016
radiational,2017,1014
radiational,2017,1011
radiational,2017,1008
radiational,2017,1005
radiational,2017,1002
radiational,2017,999.4
radiational,2017,996.6
radiational,2017,993.8
radiational,2017,990.9
radiational,2017,1016
radiational,2017,1014
radiational,2017,1011
radiational,2017,1008
radiational,2017,1005
radiational,2017,1002
radiational,2017,999.4
radiational,2017,996.6
radiational,2017,993.8
radiational,2017,990.9
radiational,2017,1016
radiational,2017,1014
radiational,2017,1011
radiational,2017,1008
radiational,2017,1005
radiational,2017,1002
radiational,2017,999.4
radiational,2017,996.6
radiational,2017,993.8
radiational,2017,990.9
radiational,2017,1016
radiational,2017,1014
radiational,2017,1011
radiational,2017,1008
radiational,2017,1005
radiational,2017,1002
radiational,2017,999.4
radiational,2017,996.6
radiational,2017,993.8
radiational,2017,990.9
radiational,2017,1016
radiational,2017,1014
radiational,2017,1011
radiational,2017,1008
radiational,2017,1005
radiational,2017,1002
radiational,2017,999.4
radiational,2017,996.6
radiational,2017,993.8
radiational,2017,990.9
radiational,2017,1016
radiational,2017,1014
radiational,2017,1011
radiational,2017,1008
radiational,2017,1005
radiational,2017,1002
radiational,2017,999.4
radiational,2017,996.6
radiational,2017,993.8
radiational,2017,990.9
radiational,2017,1016
radiational,2017,1014
radiational,2017,1011
radiational,2017,1008
radiational,2017,1005
radiational,2017,1002
radiational,2017,999.4
radiational,2017,996.6
radiational,2017,993.8
radiational,2017,990.9
radiational,2017,1016
radiational,2017,1014
radiational,2017,1011
radiational,2017,1008
radiational,2017,1005
radiational,2017,1002
radiational,2017,999.4
radiational,2017,996.6
radiational,2017,993.8
radiational,2017,990.9
radiational,2017,1016
radiational,2017,1014
radiational,2017,1011
radiational,2017,1008
radiational,2017,1005
radiational,2017,1002
radiational,2017,999.4
radiational,2017,996.6
radiational,2017,993.8
radiational,2017,990.9
radiational,2017,1016
radiational,2017,1014
radiational,2017,1011
radiational,2017,1008
radiational,2017,1005
radiational,2017,1002
radiational,2017,999.4
radiational,2017,996.6
radiational,2017,993.8
radiational,2017,990.9
radiational,2017,1016
radiational,2017,1014
radiational,2017,1011
radiational,2017,1008
radiational,2017,1005
radiational,2017,1002
radiational,2017,999.4
radiational,2017,996.6
radiational,2017,993.8
radiational,2017,990.9
radiational,2017,1016
radiational,2017,1014
radiational,2017,1011
radiational,2017,1008
radiational,2017,1005
radiational,2017,1002
radiational,2017,999.4
radiational,2017,996.6
radiational,2017,993.8
radiational,2017,990.9
radiational,2017,1016
radiational,2017,1014
radiational,2017,1011
radiational,2017,1008
radiational,2017,1005
radiational,2017,1002
radiational,2017,999.4
radiational,2017,996.6
radiational,2017,993.8
radiational,2017,990.9
radiational,2017,1016
radiational,2017,1014
radiational,2017,1011
radiational,2017,1008
radiational,2017,1005
radiational,2017,1002
radiational,2017,999.4
radiational,2017,996.6
radiational,2017,993.8
radiational,2017,990.9
radiational,2017,1016
radiational,2017,1014
radiational,2017,1011
radiational,2017,1008
radiational,2017,1005
radiational,2017,1002
radiational,2017,999.4
radiational,2017,996.6
radiational,2017,993.8
radiational,2017,990.9
radiational,2017,1016
radiational,2017,1014
radiational,2017,1011
radiational,2017,1008
radiational,2017,1005
radiational,2017,1002
radiational,2017,999.4
radiational,2017,996.6
radiational,2017,993.8
radiational,2017,990.9
radiational,2017,1016
radiational,2017,1014
radiational,2017,1011
radiational,2017,1008
radiational,2017,1005
radiational,2017,1002
radiational,2017,999.4
radiational,2017,996.6
radiational,2017,993.8
radiational,2017,990.9
radiational,2017,1016
radiational,2017,1014
radiational,2017,1011
radiational,2017,1008
radiational,2017,1005
radiational,2017,1002
radiational,2017,999.4
radiational,2017,996.6
radiational,2017,993.8
radiational,2017,990.9
radiational,2017,1016
radiational,2017,1014
radiational,2017,1011
radiational,2017,1008
radiational,2017,1005
radiational,2017,1002
radiational,2017,999.4
radiational,2017,996.6
radiational,2017,993.8
radiational,2017,990.9
radiational,2017,1016
radiational,2017,1014
radiational,2017,1011
radiational,2017,1008
radiational,2017,1005
radiational,2017,1002
radiational,2017,999.4
radiational,2017,996.6
radiational,2017,993.8
radiational,2017,990.9
radiational,2017,1016
radiational,2017,1014
radiational,2017,1011
radiational,2017,1008
radiational,2017,1005
radiational,2017,1002
radiational,2017,999.4
radiational,2017,996.6
radiational,2017,993.8
radiational,2017,990.9
radiational,2017,1016
radiational,2017,1014
radiational,2017,1011
radiational,2017,1008
radiational,2017,1005
radiational,2017,1002
radiational,2017,999.4
radiational,2017,996.6
radiational,2017,993.8
radiational,2017,990.9
radiational,2017,1016
radiational,2017,1014
radiational,2017,1011
radiational,2017,1008
radiational,2017,1005
radiational,2017,1002
radiational,2017,999.4
radiational,2017,996.6
radiational,2017,993.8
radiational,2017,990.9
radiational,2017,1016
radiational,2017,1014
radiational,2017,1011
radiational,2017,1008
radiational,2017,1005
radiational,2017,1002
radiational,2017,999.4
radiational,2017,996.6
radiational,2017,993.8
radiational,2017,990.9
radiational,2017,1016
radiational,2017,1014
radiational,2017,1011
radiational,2017,1008
radiational,2017,1005
radiational,2017,1002
radiational,2017,999.4
radiational,2017,996.6
radiational,2017,993.8
radiational,2017,990.9
radiational,2017,1016
radiational,2017,1014
radiational,2017,1011
radiational,2017,1008
radiational,2017,1005
radiational,2017,1002
radiational,2017,999.4
radiational,2017,996.6
radiational,2017,993.8
radiational,2017,990.9
radiational,2017,1016
radiational,2017,1014
radiational,2017,1011
radiational,2017,1008
radiational,2017,1005
radiational,2017,1002
radiational,2017,999.4
radiational,2017,996.6
radiational,2017,993.8
radiational,2017,990.9
radiational,2017,1016
radiational,2017,1014
radiational,2017,1011
radiational,2017,1008
radiational,2017,1005
radiational,2017,1002
radiational,2017,999.4
radiational,2017,996.6
radiational,2017,993.8
radiational,2017,990.9
radiational,2017,1016
radiational,2017,1014
radiational,2017,1011
radiational,2017,1008
radiational,2017,1005
radiational,2017,1002
radiational,2017,999.4
radiational,2017,996.6
radiational,2017,993.8
radiational,2017,990.9
radiational,2017,1016
radiational,2017,1014
radiational,2017,1011
radiational,2017,1008
radiational,2017,1005
radiational,2017,1002
radiational,2017,999.4
radiational,2017,996.6
radiational,2017,993.8
radiational,2017,990.9
radiational,2017,1016
radiational,2017,1014
radiational,2017,1011
radiational,2017,1008
radiational,2017,1005
radiational,2017,1002
radiational,2017,999.4
radiational,2017,996.6
radiational,2017,993.8
radiational,2017,990.9
radiational,2017,1016
radiational,2017,1014
radiational,2017,1011
radiational,2017,1008
radiational,2017,1005
radiational,2017,1002
radiational,2017,999.4
radiational,2017,996.6
radiational,2017,993.8
radiational,2017,990.9
radiational,2017,1016
radiational,2017,1014
radiational,2017,1011
radiational,2017,1008
radiational,2017,1005
radiational,2017,1002
radiational,2017,999.4
radiational,2017,996.6
radiational,2017,993.8
radiational,2017,990.9
radiational,2017,1016
radiational,2017,1014
radiational,2017,1011
radiational,2017,1008
radiational,2017,1005
radiational,2017,1002
radiational,2017,999.4
radiational,2017,996.6
radiational,2017,993.8
radiational,2017,990.9
radiational,2017,1016
radiational,2017,1014
radiational,2017,1011
radiational,2017,1008
radiational,2017,1005
radiational,2017,1002
radiational,2017,999.4
radiational,2017,996.6
radiational,2017,993.8
radiational,2017,990.9
radiational,2017,1016
radiational,2017,1014
radiational,2017,1011
radiational,2017,1008
radiational,2017,1005
radiational,2017,1002
radiational,2017,999.4
radiational,2017,996.6
radiational,2017,993.8
radiational,2017,990.9
radiational,2017,1016
radiational,2017,1014
radiational,2017,1011
radiational,2017,1008
radiational,2017,1005
radiational,2017,1002
radiational,2017,999.4
radiational,2017,996.6
radiational,2017,993.8
radiational,2017,990.9
radiational,2017,1016
radiational,2017,1014
radiational,2017,1011
radiational,2017,1008
radiational,2017,1005
radiational,2017,1002
radiational,2017,999.4
radiational,2017,996.6
radiational,2017,993.8
radiational,2017,990.9
radiational,2017,1016
radiational,2017,1014
radiational,2017,1011
radiational,2017,1008
radiational,2017,1005
radiational,2017,1002
radiational,2017,999.4
radiational,2017,996.6
radiational,2017,993.8
radiational,2017,990.9
radiational,2017,1016
radiational,2017,1014
radiational,2017,1011
radiational,2017,1008
radiational,2017,1005
radiational,2017,1002
radiational,2017,999.4
radiational,2017,996.6
radiational,2017,993.8
radiational,2017,990.9
radiational,2017,1016
radiational,2017,1014
radiational,2017,1011
radiational,2017,1008
radiational,2017,1005
radiational,2017,1002
radiational,2017,999.4
radiational,2017,996.6
radiational,2017,993.8
radiational,2017,990.9
radiational,2017,1016
radiational,2017,1014
radiational,2017,1011
radiational,2017,1008
radiational,2017,1005
radiational,2017,1002
radiational,2017,999.4
radiational,2017,996.6
radiational,2017,993.8
radiational,2017,990.9
radiational,2017,1016
radiational,2017,1014
radiational,2017,1011
radiational,2017,1008
radiational,2017,1005
radiational,2017,1002
radiational,2017,999.4
radiational,2017,996.6
radiational,2017,993.8
radiational,2017,990.9
radiational,2017,1016
radiational,2017,1014
radiational,2017,1011
radiational,2017,1008
radiational,2017,1005
radiational,2017,1002
radiational,2017,999.4
radiational,2017,996.6
radiational,2017,993.8
radiational,2017,990.9
radiational,2017,1016
radiational,2017,1014
radiational,2017,1011
radiational,2017,1008
radiational,2017,1005
radiational,2017,1002
radiational,2017,999.4
radiational,2017,996.6
radiational,2017,993.8
radiational,2017,990.9
radiational,2017,1016
radiational,2017,1014
radiational,2017,1011
radiational,2017,1008
radiational,2017,1005
radiational,2017,1002
radiational,2017,999.4
radiational,2017,996.6
radiational,2017,993.8
radiational,2017,990.9
radiational,2017,1016
radiational,2017,1014
radiational,2017,1011
radiational,2017,1008
radiational,2017,1005
radiational,2017,1002
radiational,2017,999.4
radiational,2017,996.6
radiational,2017,993.8
radiational,2017,990.9
radiational,2017,1016
radiational,2017,1014
radiational,2017,1011
radiational,2017,1008
radiational,2017,1005
radiational,2017,1002
radiational,2017,999.4
radiational,2017,996.6
radiational,2017,993.8
radiational,2017,990.9
radiational,2017,1016
radiational,2017,1014
radiational,2017,1011
radiational,2017,1008
radiational,2017,1005
radiational,2017,1002
radiational,2017,999.4
radiational,2017,996.6
radiational,2017,993.8
radiational,2017,990.9
radiational,2017,1016
radiational,2017,1014
radiational,2017,1011
radiational,2017,1008
radiational,2017,1005
radiational,2017,1002
radiational,2017,999.4
radiational,2017,996.6
radiational,2017,993.8
radiational,2017,990.9
radiational,2017,1016
radiational,2017,1014
radiational,2017,1011
radiational,2017,1008
radiational,2017,1005
radiational,2017,1002
radiational,2017,999.4
radiational,2017,996.6
radiational,2017,993.8
radiational,2017,990.9
radiational,2017,1016
radiational,2017,1014
radiational,2017,1011
radiational,2017,1008
radiational,2017,1005
radiational,2017,1002
radiational,2017,999.4
radiational,2017,996.6
radiational,2017,993.8
radiational,2017,990.9
radiational,2017,1016
radiational,2017,1014
radiational,2017,1011
radiational,2017,1008
radiational,2017,1005
radiational,2017,1002
radiational,2017,999.4
radiational,2017,996.6
radiational,2017,993.8
radiational,2017,990.9
radiational,2017,1016
radiational,2017,1014
radiational,2017,1011
radiational,2017,1008
radiational,2017,1005
radiational,2017,1002
radiational,2017,999.4
radiational,2017,996.6
radiational,2017,993.8
radiational,2017,990.9
radiational,2017,493.8
radiational,2017,1016
radiational,2017,1014
radiational,2017,1011
radiational,2017,1008
radiational,2017,1005
radiational,2017,1002
radiational,2017,999.4
radiational,2017,996.6
radiational,2017,993.8
radiational,2017,990.9
radiational,2017,493.8
radiational,2017,491
radiational,2017,1016
radiational,2017,1014
radiational,2017,1011
radiational,2017,1008
radiational,2017,1005
radiational,2017,1002
radiational,2017,999.4
radiational,2017,996.6
radiational,2017,993.8
radiational,2017,990.9
radiational,2017,493.8
radiational,2017,491
radiational,2017,488.1
radiational,2017,1016
radiational,2017,1014
radiational,2017,1011
radiational,2017,1008
radiational,2017,1005
radiational,2017,1002
radiational,2017,999.4
radiational,2017,996.6
radiational,2017,993.8
radiational,2017,990.9
radiational,2017,493.8
radiational,2017,491
radiational,2017,488.1
radiational,2017,485.3
radiational,2017,1016
radiational,2017,1014
radiational,2017,1011
radiational,2017,1008
radiational,2017,1005
radiational,2017,1002
radiational,2017,999.4
radiational,2017,996.6
radiational,2017,993.8
radiational,2017,990.9
radiational,2017,493.8
radiational,2017,491
radiational,2017,488.1
radiational,2017,485.3
radiational,2017,1016
radiational,2017,1014
radiational,2017,1011
radiational,2017,1008
radiational,2017,1005
radiational,2017,1002
radiational,2017,999.4
radiational,2017,996.6
radiational,2017,993.8
radiational,2017,990.9
radiational,2017,493.8
radiational,2017,491
radiational,2017,488.1
radiational,2017,485.3
radiational,2017,1016
radiational,2017,1014
radiational,2017,1011
radiational,2017,1008
radiational,2017,1005
radiational,2017,1002
radiational,2017,999.4
radiational,2017,996.6
radiational,2017,993.8
radiational,2017,990.9
radiational,2017,493.8
radiational,2017,491
radiational,2017,488.1
radiational,2017,485.3
radiational,2017,1016
radiational,2017,1014
radiational,2017,1011
radiational,2017,1008
radiational,2017,1005
radiational,2017,1002
radiational,2017,999.4
radiational,2017,996.6
radiational,2017,993.8
radiational,2017,990.9
radiational,2017,493.8
radiational,2017,491
radiational,2017,488.1
radiational,2017,485.3
radiational,2017,1016
radiational,2017,1014
radiational,2017,1011
radiational,2017,1008
radiational,2017,1005
radiational,2017,1002
radiational,2017,999.4
radiational,2017,996.6
radiational,2017,993.8
radiational,2017,990.9
radiational,2017,493.8
radiational,2017,491
radiational,2017,488.1
radiational,2017,485.3
radiational,2017,1016
radiational,2017,1014
radiational,2017,1011
radiational,2017,1008
radiational,2017,1005
radiational,2017,1002
radiational,2017,999.4
radiational,2017,996.6
radiational,2017,993.8
radiational,2017,990.9
radiational,2017,493.8
radiational,2017,491
radiational,2017,488.1
radiational,2017,485.3
radiational,2017,1016
radiational,2017,1014
radiational,2017,1011
radiational,2017,1008
radiational,2017,1005
radiational,2017,1002
radiational,2017,999.4
radiational,2017,996.6
radiational,2017,993.8
radiational,2017,990.9
radiational,2017,493.8
radiational,2017,491
radiational,2017,488.1
radiational,2017,485.3
radiational,2017,-3.341
radiational,2017,-6.181
radiational,2017,-9.022
radiational,2017,-11.86
radiational,2017,1016
radiational,2017,1014
radiational,2017,1011
radiational,2017,1008
radiational,2017,1005
radiational,2017,1002
radiational,2017,999.4
radiational,2017,996.6
radiational,2017,993.8
radiational,2017,990.9
radiational,2017,493.8
radiational,2017,491
radiational,2017,488.1
radiational,2017,485.3
radiational,2017,-3.341
radiational,2017,-6.181
radiational,2017,-9.022
radiational,2017,-11.86
radiational,2017,1016
radiational,2017,1014
radiational,2017,1011
radiational,2017,1008
radiational,2017,1005
radiational,2017,1002
radiational,2017,999.4
radiational,2017,996.6
radiational,2017,993.8
radiational,2017,990.9
radiational,2017,493.8
radiational,2017,491
radiational,2017,488.1
radiational,2017,485.3
radiational,2017,-3.341
radiational,2017,-6.181
radiational,2017,-9.022
radiational,2017,-11.86
radiational,2017,1016
radiational,2017,1014
radiational,2017,1011
radiational,2017,1008
radiational,2017,1005
radiational,2017,1002
radiational,2017,999.4
radiational,2017,996.6
radiational,2017,993.8
radiational,2017,990.9
radiational,2017,493.8
radiational,2017,491
radiational,2017,488.1
radiational,2017,485.3
radiational,2017,-3.341
radiational,2017,-6.181
radiational,2017,-9.022
radiational,2017,-11.86
radiational,2017,1016
radiational,2017,1014
radiational,2017,1011
radiational,2017,1008
radiational,2017,1005
radiational,2017,1002
radiational,2017,999.4
radiational,2017,996.6
radiational,2017,993.8
radiational,2017,990.9
radiational,2017,493.8
radiational,2017,491
radiational,2017,488.1
radiational,2017,485.3
radiational,2017,-3.341
radiational,2017,-6.181
radiational,2017,-9.022
radiational,2017,-11.86
radiational,2017,1016
radiational,2017,1014
radiational,2017,1011
radiational,2017,1008
radiational,2017,1005
radiational,2017,1002
radiational,2017,999.4
radiational,2017,996.6
radiational,2017,993.8
radiational,2017,990.9
radiational,2017,493.8
radiational,2017,491
radiational,2017,488.1
radiational,2017,485.3
radiational,2017,-3.341
radiational,2017,-6.181
radiational,2017,-9.022
radiational,2017,-11.86
radiational,2017,1016
radiational,2017,1014
radiational,2017,1011
radiational,2017,1008
radiational,2017,1005
radiational,2017,1002
radiational,2017,999.4
radiational,2017,996.6
radiational,2017,993.8
radiational,2017,990.9
radiational,2017,493.8
radiational,2017,491
radiational,2017,488.1
radiational,2017,485.3
radiational,2017,-3.341
radiational,2017,-6.181
radiational,2017,-9.022
radiational,2017,-11.86
radiational,2017,1016
radiational,2017,1014
radiational,2017,1011
radiational,2017,1008
radiational,2017,1005
radiational,2017,1002
radiational,2017,999.4
radiational,2017,996.6
radiational,2017,993.8
radiational,2017,990.9
radiational,2017,493.8
radiational,2017,491
radiational,2017,488.1
radiational,2017,485.3
radiational,2017,-3.341
radiational,2017,-6.181
radiational,2017,-9.022
radiational,2017,-11.86
radiational,2017,1016
radiational,2017,1014
radiational,2017,1011
radiational,2017,1008
radiational,2017,1005
radiational,2017,1002
radiational,2017,999.4
radiational,2017,996.6
radiational,2017,993.8
radiational,2017,990.9
radiational,2017,493.8
radiational,2017,491
radiational,2017,488.1
radiational,2017,485.3
radiational,2017,-3.341
radiational,2017,-6.181
radiational,2017,-9.022
radiational,2017,-11.86
radiational,2017,1016
radiational,2017,1014
radiational,2017,1011
radiational,2017,1008
radiational,2017,1005
radiational,2017,1002
radiational,2017,999.4
radiational,2017,996.6
radiational,2017,993.8
radiational,2017,990.9
radiational,2017,493.8
radiational,2017,491
radiational,2017,488.1
radiational,2017,485.3
radiational,2017,-3.341
radiational,2017,-6.181
radiational,2017,-9.022
radiational,2017,-11.86
radiational,2017,1016
radiational,2017,1014
radiational,2017,1011
radiational,2017,1008
radiational,2017,1005
radiational,2017,1002
radiational,2017,999.4
radiational,2017,996.6
radiational,2017,993.8
radiational,2017,990.9
radiational,2017,493.8
radiational,2017,491
radiational,2017,488.1
radiational,2017,485.3
radiational,2017,-3.341
radiational,2017,-6.181
radiational,2017,-9.022
radiational,2017,-11.86
radiational,2017,1016
radiational,2017,1014
radiational,2017,1011
radiational,2017,1008
radiational,2017,1005
radiational,2017,1002
radiational,2017,999.4
radiational,2017,996.6
radiational,2017,993.8
radiational,2017,990.9
radiational,2017,493.8
radiational,2017,491
radiational,2017,488.1
radiational,2017,485.3
radiational,2017,-3.341
radiational,2017,-6.181
radiational,2017,-9.022
radiational,2017,-11.86
radiational,2017,1016
radiational,2017,1014
radiational,2017,1011
radiational,2017,1008
radiational,2017,1005
radiational,2017,1002
radiational,2017,999.4
radiational,2017,996.6
radiational,2017,993.8
radiational,2017,990.9
radiational,2017,493.8
radiational,2017,491
radiational,2017,488.1
radiational,2017,485.3
radiational,2017,-3.341
radiational,2017,-6.181
radiational,2017,-9.022
radiational,2017,-11.86
radiational,2017,1016
radiational,2017,1014
radiational,2017,1011
radiational,2017,1008
radiational,2017,1005
radiational,2017,1002
radiational,2017,999.4
radiational,2017,996.6
radiational,2017,993.8
radiational,2017,990.9
radiational,2017,988.1
radiational,2017,985.2
radiational,2017,982.4
radiational,2017,493.8
radiational,2017,491
radiational,2017,488.1
radiational,2017,485.3
radiational,2017,-3.341
radiational,2017,-6.181
radiational,2017,-9.022
radiational,2017,-11.86
radiational,2017,1016
radiational,2017,1014
radiational,2017,1011
radiational,2017,1008
radiational,2017,1005
radiational,2017,1002
radiational,2017,999.4
radiational,2017,996.6
radiational,2017,993.8
radiational,2017,990.9
radiational,2017,988.1
radiational,2017,985.2
radiational,2017,982.4
radiational,2017,979.6
radiational,2017,976.7
radiational,2017,973.9
radiational,2017,971
radiational,2017,968.2
radiational,2017,965.4
radiational,2017,962.5
radiational,2017,959.7
radiational,2017,956.8
radiational,2017,954
radiational,2017,951.2
radiational,2017,948.3
radiational,2017,945.5
radiational,2017,942.6
radiational,2017,939.8
radiational,2017,937
radiational,2017,934.1
radiational,2017,931.3
radiational,2017,928.4
radiational,2017,925.6
radiational,2017,922.7
radiational,2017,919.9
radiational,2017,917.1
radiational,2017,914.2
radiational,2017,911.4
radiational,2017,908.5
radiational,2017,905.7
radiational,2017,902.9
radiational,2017,900
radiational,2017,897.2
radiational,2017,894.3
radiational,2017,891.5
radiational,2017,888.7
radiational,2017,885.8
radiational,2017,883
radiational,2017,880.1
radiational,2017,493.8
radiational,2017,491
radiational,2017,488.1
radiational,2017,485.3
radiational,2017,-3.341
radiational,2017,-6.181
radiational,2017,-9.022
radiational,2017,-11.86
radiational,2017,1016
radiational,2017,1014
radiational,2017,1011
radiational,2017,1008
radiational,2017,1005
radiational,2017,1002
radiational,2017,999.4
radiational,2017,996.6
radiational,2017,993.8
radiational,2017,990.9
radiational,2017,988.1
radiational,2017,985.2
radiational,2017,982.4
radiational,2017,979.6
radiational,2017,976.7
radiational,2017,973.9
radiational,2017,971
radiational,2017,968.2
radiational,2017,965.4
radiational,2017,962.5
radiational,2017,959.7
radiational,2017,956.8
radiational,2017,954
radiational,2017,951.2
radiational,2017,948.3
radiational,2017,945.5
radiational,2017,942.6
radiational,2017,939.8
radiational,2017,937
radiational,2017,934.1
radiational,2017,931.3
radiational,2017,928.4
radiational,2017,925.6
radiational,2017,922.7
radiational,2017,919.9
radiational,2017,917.1
radiational,2017,914.2
radiational,2017,911.4
radiational,2017,908.5
radiational,2017,905.7
radiational,2017,902.9
radiational,2017,900
radiational,2017,897.2
radiational,2017,894.3
radiational,2017,891.5
radiational,2017,888.7
radiational,2017,885.8
radiational,2017,883
radiational,2017,880.1
radiational,2017,877.3
radiational,2017,874.5
radiational,2017,871.6
radiational,2017,868.8
radiational,2017,865.9
radiational,2017,863.1
radiational,2017,860.3
radiational,2017,857.4
radiational,2017,854.6
radiational,2017,851.7
radiational,2017,848.9
radiational,2017,846
radiational,2017,843.2
radiational,2017,840.4
radiational,2017,837.5
radiational,2017,834.7
radiational,2017,831.8
radiational,2017,829
radiational,2017,826.2
radiational,2017,823.3
radiational,2017,820.5
radiational,2017,817.6
radiational,2017,814.8
radiational,2017,812
radiational,2017,809.1
radiational,2017,806.3
radiational,2017,803.4
radiational,2017,800.6
radiational,2017,797.8
radiational,2017,794.9
radiational,2017,792.1
radiational,2017,789.2
radiational,2017,786.4
radiational,2017,783.5
radiational,2017,780.7
radiational,2017,777.9
radiational,2017,493.8
radiational,2017,491
radiational,2017,488.1
radiational,2017,485.3
radiational,2017,-3.341
radiational,2017,-6.181
radiational,2017,-9.022
radiational,2017,-11.86
radiational,2017,1016
radiational,2017,1014
radiational,2017,1011
radiational,2017,1008
radiational,2017,1005
radiational,2017,1002
radiational,2017,999.4
radiational,2017,996.6
radiational,2017,993.8
radiational,2017,990.9
radiational,2017,988.1
radiational,2017,985.2
radiational,2017,982.4
radiational,2017,979.6
radiational,2017,976.7
radiational,2017,973.9
radiational,2017,971
radiational,2017,968.2
radiational,2017,965.4
radiational,2017,962.5
radiational,2017,959.7
radiational,2017,956.8
radiational,2017,954
radiational,2017,951.2
radiational,2017,948.3
radiational,2017,945.5
radiational,2017,942.6
radiational,2017,939.8
radiational,2017,937
radiational,2017,934.1
radiational,2017,931.3
radiational,2017,928.4
radiational,2017,925.6
radiational,2017,922.7
radiational,2017,919.9
radiational,2017,917.1
radiational,2017,914.2
radiational,2017,911.4
radiational,2017,908.5
radiational,2017,905.7
radiational,2017,902.9
radiational,2017,900
radiational,2017,897.2
radiational,2017,894.3
radiational,2017,891.5
radiational,2017,888.7
radiational,2017,885.8
radiational,2017,883
radiational,2017,880.1
radiational,2017,877.3
radiational,2017,874.5
radiational,2017,871.6
radiational,2017,868.8
radiational,2017,865.9
radiational,2017,863.1
radiational,2017,860.3
radiational,2017,857.4
radiational,2017,854.6
radiational,2017,851.7
radiational,2017,848.9
radiational,2017,846
radiational,2017,843.2
radiational,2017,840.4
radiational,2017,837.5
radiational,2017,834.7
radiational,2017,831.8
radiational,2017,829
radiational,2017,826.2
radiational,2017,823.3
radiational,2017,820.5
radiational,2017,817.6
radiational,2017,814.8
radiational,2017,812
radiational,2017,809.1
radiational,2017,806.3
radiational,2017,803.4
radiational,2017,800.6
radiational,2017,797.8
radiational,2017,794.9
radiational,2017,792.1
radiational,2017,789.2
radiational,2017,786.4
radiational,2017,783.5
radiational,2017,780.7
radiational,2017,777.9
radiational,2017,775
radiational,2017,772.2
radiational,2017,769.3
radiational,2017,766.5
radiational,2017,763.7
radiational,2017,760.8
radiational,2017,758
radiational,2017,755.1
radiational,2017,752.3
radiational,2017,749.5
radiational,2017,746.6
radiational,2017,743.8
radiational,2017,740.9
radiational,2017,738.1
radiational,2017,735.3
radiational,2017,732.4
radiational,2017,729.6
radiational,2017,726.7
radiational,2017,723.9
radiational,2017,721.1
radiational,2017,718.2
radiational,2017,715.4
radiational,2017,712.5
radiational,2017,709.7
radiational,2017,706.8
radiational,2017,704
radiational,2017,701.2
radiational,2017,698.3
radiational,2017,695.5
radiational,2017,692.6
radiational,2017,689.8
radiational,2017,687
radiational,2017,684.1
radiational,2017,681.3
radiational,2017,678.4
radiational,2017,675.6
radiational,2017,672.8
radiational,2017,493.8
radiational,2017,491
radiational,2017,488.1
radiational,2017,485.3
radiational,2017,-3.341
radiational,2017,-6.181
radiational,2017,-9.022
radiational,2017,-11.86
radiational,2017,1016
radiational,2017,1014
radiational,2017,1011
radiational,2017,1008
radiational,2017,1005
radiational,2017,1002
radiational,2017,999.4
radiational,2017,996.6
radiational,2017,993.8
radiational,2017,990.9
radiational,2017,988.1
radiational,2017,985.2
radiational,2017,982.4
radiational,2017,979.6
radiational,2017,976.7
radiational,2017,973.9
radiational,2017,971
radiational,2017,968.2
radiational,2017,965.4
radiational,2017,962.5
radiational,2017,959.7
radiational,2017,956.8
radiational,2017,954
radiational,2017,951.2
radiational,2017,948.3
radiational,2017,945.5
radiational,2017,942.6
radiational,2017,939.8
radiational,2017,937
radiational,2017,934.1
radiational,2017,931.3
radiational,2017,928.4
radiational,2017,925.6
radiational,2017,922.7
radiational,2017,919.9
radiational,2017,917.1
radiational,2017,914.2
radiational,2017,911.4
radiational,2017,908.5
radiational,2017,905.7
radiational,2017,902.9
radiational,2017,900
radiational,2017,897.2
radiational,2017,894.3
radiational,2017,891.5
radiational,2017,888.7
radiational,2017,885.8
radiational,2017,883
radiational,2017,880.1
radiational,2017,877.3
radiational,2017,874.5
radiational,2017,871.6
radiational,2017,868.8
radiational,2017,865.9
radiational,2017,863.1
radiational,2017,860.3
radiational,2017,857.4
radiational,2017,854.6
radiational,2017,851.7
radiational,2017,848.9
radiational,2017,846
radiational,2017,843.2
radiational,2017,840.4
radiational,2017,837.5
radiational,2017,834.7
radiational,2017,831.8
radiational,2017,829
radiational,2017,826.2
radiational,2017,823.3
radiational,2017,820.5
radiational,2017,817.6
radiational,2017,814.8
radiational,2017,812
radiational,2017,809.1
radiational,2017,806.3
radiational,2017,803.4
radiational,2017,800.6
radiational,2017,797.8
radiational,2017,794.9
radiational,2017,792.1
radiational,2017,789.2
radiational,2017,786.4
radiational,2017,783.5
radiational,2017,780.7
radiational,2017,777.9
radiational,2017,775
radiational,2017,772.2
radiational,2017,769.3
radiational,2017,766.5
radiational,2017,763.7
radiational,2017,760.8
radiational,2017,758
radiational,2017,755.1
radiational,2017,752.3
radiational,2017,749.5
radiational,2017,746.6
radiational,2017,743.8
radiational,2017,740.9
radiational,2017,738.1
radiational,2017,735.3
radiational,2017,732.4
radiational,2017,729.6
radiational,2017,726.7
radiational,2017,723.9
radiational,2017,721.1
radiational,2017,718.2
radiational,2017,715.4
radiational,2017,712.5
radiational,2017,709.7
radiational,2017,706.8
radiational,2017,704
radiational,2017,701.2
radiational,2017,698.3
radiational,2017,695.5
radiational,2017,692.6
radiational,2017,689.8
radiational,2017,687
radiational,2017,684.1
radiational,2017,681.3
radiational,2017,678.4
radiational,2017,675.6
radiational,2017,672.8
radiational,2017,669.9
radiational,2017,667.1
radiational,2017,664.2
radiational,2017,661.4
radiational,2017,658.6
radiational,2017,655.7
radiational,2017,652.9
radiational,2017,650
radiational,2017,647.2
radiational,2017,644.4
radiational,2017,641.5
radiational,2017,638.7
radiational,2017,635.8
radiational,2017,633
radiational,2017,630.1
radiational,2017,627.3
radiational,2017,624.5
radiational,2017,621.6
radiational,2017,618.8
radiational,2017,615.9
radiational,2017,613.1
radiational,2017,610.3
radiational,2017,607.4
radiational,2017,604.6
radiational,2017,601.7
radiational,2017,598.9
radiational,2017,596.1
radiational,2017,593.2
radiational,2017,590.4
radiational,2017,587.5
radiational,2017,584.7
radiational,2017,581.9
radiational,2017,579
radiational,2017,576.2
radiational,2017,573.3
radiational,2017,570.5
radiational,2017,493.8
radiational,2017,491
radiational,2017,488.1
radiational,2017,485.3
radiational,2017,-3.341
radiational,2017,-6.181
radiational,2017,-9.022
radiational,2017,-11.86
radiational,2017,1016
radiational,2017,1014
radiational,2017,1011
radiational,2017,1008
radiational,2017,1005
radiational,2017,1002
radiational,2017,999.4
radiational,2017,996.6
radiational,2017,993.8
radiational,2017,990.9
radiational,2017,988.1
radiational,2017,985.2
radiational,2017,982.4
radiational,2017,979.6
radiational,2017,976.7
radiational,2017,973.9
radiational,2017,971
radiational,2017,968.2
radiational,2017,965.4
radiational,2017,962.5
radiational,2017,959.7
radiational,2017,956.8
radiational,2017,954
radiational,2017,951.2
radiational,2017,948.3
radiational,2017,945.5
radiational,2017,942.6
radiational,2017,939.8
radiational,2017,937
radiational,2017,934.1
radiational,2017,931.3
radiational,2017,928.4
radiational,2017,925.6
radiational,2017,922.7
radiational,2017,919.9
radiational,2017,917.1
radiational,2017,914.2
radiational,2017,911.4
radiational,2017,908.5
radiational,2017,905.7
radiational,2017,902.9
radiational,2017,900
radiational,2017,897.2
radiational,2017,894.3
radiational,2017,891.5
radiational,2017,888.7
radiational,2017,885.8
radiational,2017,883
radiational,2017,880.1
radiational,2017,877.3
radiational,2017,874.5
radiational,2017,871.6
radiational,2017,868.8
radiational,2017,865.9
radiational,2017,863.1
radiational,2017,860.3
radiational,2017,857.4
radiational,2017,854.6
radiational,2017,851.7
radiational,2017,848.9
radiational,2017,846
radiational,2017,843.2
radiational,2017,840.4
radiational,2017,837.5
radiational,2017,834.7
radiational,2017,831.8
radiational,2017,829
radiational,2017,826.2
radiational,2017,823.3
radiational,2017,820.5
radiational,2017,817.6
radiational,2017,814.8
radiational,2017,812
radiational,2017,809.1
radiational,2017,806.3
radiational,2017,803.4
radiational,2017,800.6
radiational,2017,797.8
radiational,2017,794.9
radiational,2017,792.1
radiational,2017,789.2
radiational,2017,786.4
radiational,2017,783.5
radiational,2017,780.7
radiational,2017,777.9
radiational,2017,775
radiational,2017,772.2
radiational,2017,769.3
radiational,2017,766.5
radiational,2017,763.7
radiational,2017,760.8
radiational,2017,758
radiational,2017,755.1
radiational,2017,752.3
radiational,2017,749.5
radiational,2017,746.6
radiational,2017,743.8
radiational,2017,740.9
radiational,2017,738.1
radiational,2017,735.3
radiational,2017,732.4
radiational,2017,729.6
radiational,2017,726.7
radiational,2017,723.9
radiational,2017,721.1
radiational,2017,718.2
radiational,2017,715.4
radiational,2017,712.5
radiational,2017,709.7
radiational,2017,706.8
radiational,2017,704
radiational,2017,701.2
radiational,2017,698.3
radiational,2017,695.5
radiational,2017,692.6
radiational,2017,689.8
radiational,2017,687
radiational,2017,684.1
radiational,2017,681.3
radiational,2017,678.4
radiational,2017,675.6
radiational,2017,672.8
radiational,2017,669.9
radiational,2017,667.1
radiational,2017,664.2
radiational,2017,661.4
radiational,2017,658.6
radiational,2017,655.7
radiational,2017,652.9
radiational,2017,650
radiational,2017,647.2
radiational,2017,644.4
radiational,2017,641.5
radiational,2017,638.7
radiational,2017,635.8
radiational,2017,633
radiational,2017,630.1
radiational,2017,627.3
radiational,2017,624.5
radiational,2017,621.6
radiational,2017,618.8
radiational,2017,615.9
radiational,2017,613.1
radiational,2017,610.3
radiational,2017,607.4
radiational,2017,604.6
radiational,2017,601.7
radiational,2017,598.9
radiational,2017,596.1
radiational,2017,593.2
radiational,2017,590.4
radiational,2017,587.5
radiational,2017,584.7
radiational,2017,581.9
radiational,2017,579
radiational,2017,576.2
radiational,2017,573.3
radiational,2017,570.5
radiational,2017,567.7
radiational,2017,564.8
radiational,2017,562
radiational,2017,559.1
radiational,2017,556.3
radiational,2017,553.4
radiational,2017,550.6
radiational,2017,547.8
radiational,2017,544.9
radiational,2017,542.1
radiational,2017,539.2
radiational,2017,536.4
radiational,2017,533.6
radiational,2017,530.7
radiational,2017,527.9
radiational,2017,525
radiational,2017,522.2
radiational,2017,519.4
radiational,2017,516.5
radiational,2017,513.7
radiational,2017,510.8
radiational,2017,508
radiational,2017,505.2
radiational,2017,502.3
radiational,2017,499.5
radiational,2017,496.6
radiational,2017,493.8
radiational,2017,491
radiational,2017,488.1
radiational,2017,485.3
radiational,2017,482.4
radiational,2017,479.6
radiational,2017,476.7
radiational,2017,473.9
radiational,2017,471.1
radiational,2017,468.2
radiational,2017,-3.341
radiational,2017,-6.181
radiational,2017,-9.022
radiational,2017,-11.86
radiational,2017,1016
radiational,2017,1014
radiational,2017,1011
radiational,2017,1008
radiational,2017,1005
radiational,2017,1002
radiational,2017,999.4
radiational,2017,996.6
radiational,2017,993.8
radiational,2017,990.9
radiational,2017,988.1
radiational,2017,985.2
radiational,2017,982.4
radiational,2017,979.6
radiational,2017,976.7
radiational,2017,973.9
radiational,2017,971
radiational,2017,968.2
radiational,2017,965.4
radiational,2017,962.5
radiational,2017,959.7
radiational,2017,956.8
radiational,2017,954
radiational,2017,951.2
radiational,2017,948.3
radiational,2017,945.5
radiational,2017,942.6
radiational,2017,939.8
radiational,2017,937
radiational,2017,934.1
radiational,2017,931.3
radiational,2017,928.4
radiational,2017,925.6
radiational,2017,922.7
radiational,2017,919.9
radiational,2017,917.1
radiational,2017,914.2
radiational,2017,911.4
radiational,2017,908.5
radiational,2017,905.7
radiational,2017,902.9
radiational,2017,900
radiational,2017,897.2
radiational,2017,894.3
radiational,2017,891.5
radiational,2017,888.7
radiational,2017,885.8
radiational,2017,883
radiational,2017,880.1
radiational,2017,877.3
radiational,2017,874.5
radiational,2017,871.6
radiational,2017,868.8
radiational,2017,865.9
radiational,2017,863.1
radiational,2017,860.3
radiational,2017,857.4
radiational,2017,854.6
radiational,2017,851.7
radiational,2017,848.9
radiational,2017,846
radiational,2017,843.2
radiational,2017,840.4
radiational,2017,837.5
radiational,2017,834.7
radiational,2017,831.8
radiational,2017,829
radiational,2017,826.2
radiational,2017,823.3
radiational,2017,820.5
radiational,2017,817.6
radiational,2017,814.8
radiational,2017,812
radiational,2017,809.1
radiational,2017,806.3
radiational,2017,803.4
radiational,2017,800.6
radiational,2017,797.8
radiational,2017,794.9
radiational,2017,792.1
radiational,2017,789.2
radiational,2017,786.4
radiational,2017,783.5
radiational,2017,780.7
radiational,2017,777.9
radiational,2017,775
radiational,2017,772.2
radiational,2017,769.3
radiational,2017,766.5
radiational,2017,763.7
radiational,2017,760.8
radiational,2017,758
radiational,2017,755.1
radiational,2017,752.3
radiational,2017,749.5
radiational,2017,746.6
radiational,2017,743.8
radiational,2017,740.9
radiational,2017,738.1
radiational,2017,735.3
radiational,2017,732.4
radiational,2017,729.6
radiational,2017,726.7
radiational,2017,723.9
radiational,2017,721.1
radiational,2017,718.2
radiational,2017,715.4
radiational,2017,712.5
radiational,2017,709.7
radiational,2017,706.8
radiational,2017,704
radiational,2017,701.2
radiational,2017,698.3
radiational,2017,695.5
radiational,2017,692.6
radiational,2017,689.8
radiational,2017,687
radiational,2017,684.1
radiational,2017,681.3
radiational,2017,678.4
radiational,2017,675.6
radiational,2017,672.8
radiational,2017,669.9
radiational,2017,667.1
radiational,2017,664.2
radiational,2017,661.4
radiational,2017,658.6
radiational,2017,655.7
radiational,2017,652.9
radiational,2017,650
radiational,2017,647.2
radiational,2017,644.4
radiational,2017,641.5
radiational,2017,638.7
radiational,2017,635.8
radiational,2017,633
radiational,2017,630.1
radiational,2017,627.3
radiational,2017,624.5
radiational,2017,621.6
radiational,2017,618.8
radiational,2017,615.9
radiational,2017,613.1
radiational,2017,610.3
radiational,2017,607.4
radiational,2017,604.6
radiational,2017,601.7
radiational,2017,598.9
radiational,2017,596.1
radiational,2017,593.2
radiational,2017,590.4
radiational,2017,587.5
radiational,2017,584.7
radiational,2017,581.9
radiational,2017,579
radiational,2017,576.2
radiational,2017,573.3
radiational,2017,570.5
radiational,2017,567.7
radiational,2017,564.8
radiational,2017,562
radiational,2017,559.1
radiational,2017,556.3
radiational,2017,553.4
radiational,2017,550.6
radiational,2017,547.8
radiational,2017,544.9
radiational,2017,542.1
radiational,2017,539.2
radiational,2017,536.4
radiational,2017,533.6
radiational,2017,530.7
radiational,2017,527.9
radiational,2017,525
radiational,2017,522.2
radiational,2017,519.4
radiational,2017,516.5
radiational,2017,513.7
radiational,2017,510.8
radiational,2017,508
radiational,2017,505.2
radiational,2017,502.3
radiational,2017,499.5
radiational,2017,496.6
radiational,2017,493.8
radiational,2017,491
radiational,2017,488.1
radiational,2017,485.3
radiational,2017,482.4
radiational,2017,479.6
radiational,2017,476.7
radiational,2017,473.9
radiational,2017,471.1
radiational,2017,468.2
radiational,2017,465.4
radiational,2017,462.5
radiational,2017,459.7
radiational,2017,456.9
radiational,2017,454
radiational,2017,451.2
radiational,2017,448.3
radiational,2017,445.5
radiational,2017,442.7
radiational,2017,439.8
radiational,2017,437
radiational,2017,434.1
radiational,2017,431.3
radiational,2017,428.5
radiational,2017,425.6
radiational,2017,422.8
radiational,2017,419.9
radiational,2017,417.1
radiational,2017,414.3
radiational,2017,411.4
radiational,2017,408.6
radiational,2017,405.7
radiational,2017,402.9
radiational,2017,400
radiational,2017,397.2
radiational,2017,394.4
radiational,2017,391.5
radiational,2017,388.7
radiational,2017,385.8
radiational,2017,383
radiational,2017,380.2
radiational,2017,377.3
radiational,2017,374.5
radiational,2017,371.6
radiational,2017,368.8
radiational,2017,366
radiational,2017,-3.341
radiational,2017,-6.181
radiational,2017,-9.022
radiational,2017,-11.86
radiational,2017,1014
radiational,2017,1011
radiational,2017,1008
radiational,2017,1005
radiational,2017,1002
radiational,2017,999.4
radiational,2017,996.6
radiational,2017,993.8
radiational,2017,990.9
radiational,2017,988.1
radiational,2017,985.2
radiational,2017,982.4
radiational,2017,979.6
radiational,2017,976.7
radiational,2017,973.9
radiational,2017,971
radiational,2017,968.2
radiational,2017,965.4
radiational,2017,962.5
radiational,2017,959.7
radiational,2017,956.8
radiational,2017,954
radiational,2017,951.2
radiational,2017,948.3
radiational,2017,945.5
radiational,2017,942.6
radiational,2017,939.8
radiational,2017,937
radiational,2017,934.1
radiational,2017,931.3
radiational,2017,928.4
radiational,2017,925.6
radiational,2017,922.7
radiational,2017,919.9
radiational,2017,917.1
radiational,2017,914.2
radiational,2017,911.4
radiational,2017,908.5
radiational,2017,905.7
radiational,2017,902.9
radiational,2017,900
radiational,2017,897.2
radiational,2017,894.3
radiational,2017,891.5
radiational,2017,888.7
radiational,2017,885.8
radiational,2017,883
radiational,2017,880.1
radiational,2017,877.3
radiational,2017,874.5
radiational,2017,871.6
radiational,2017,868.8
radiational,2017,865.9
radiational,2017,863.1
radiational,2017,860.3
radiational,2017,857.4
radiational,2017,854.6
radiational,2017,851.7
radiational,2017,848.9
radiational,2017,846
radiational,2017,843.2
radiational,2017,840.4
radiational,2017,837.5
radiational,2017,834.7
radiational,2017,831.8
radiational,2017,829
radiational,2017,826.2
radiational,2017,823.3
radiational,2017,820.5
radiational,2017,817.6
radiational,2017,814.8
radiational,2017,812
radiational,2017,809.1
radiational,2017,806.3
radiational,2017,803.4
radiational,2017,800.6
radiational,2017,797.8
radiational,2017,794.9
radiational,2017,792.1
radiational,2017,789.2
radiational,2017,786.4
radiational,2017,783.5
radiational,2017,780.7
radiational,2017,777.9
radiational,2017,775
radiational,2017,772.2
radiational,2017,769.3
radiational,2017,766.5
radiational,2017,763.7
radiational,2017,760.8
radiational,2017,758
radiational,2017,755.1
radiational,2017,752.3
radiational,2017,749.5
radiational,2017,746.6
radiational,2017,743.8
radiational,2017,740.9
radiational,2017,738.1
radiational,2017,735.3
radiational,2017,732.4
radiational,2017,729.6
radiational,2017,726.7
radiational,2017,723.9
radiational,2017,721.1
radiational,2017,718.2
radiational,2017,715.4
radiational,2017,712.5
radiational,2017,709.7
radiational,2017,706.8
radiational,2017,704
radiational,2017,701.2
radiational,2017,698.3
radiational,2017,695.5
radiational,2017,692.6
radiational,2017,689.8
radiational,2017,687
radiational,2017,684.1
radiational,2017,681.3
radiational,2017,678.4
radiational,2017,675.6
radiational,2017,672.8
radiational,2017,669.9
radiational,2017,667.1
radiational,2017,664.2
radiational,2017,661.4
radiational,2017,658.6
radiational,2017,655.7
radiational,2017,652.9
radiational,2017,650
radiational,2017,647.2
radiational,2017,644.4
radiational,2017,641.5
radiational,2017,638.7
radiational,2017,635.8
radiational,2017,633
radiational,2017,630.1
radiational,2017,627.3
radiational,2017,624.5
radiational,2017,621.6
radiational,2017,618.8
radiational,2017,615.9
radiational,2017,613.1
radiational,2017,610.3
radiational,2017,607.4
radiational,2017,604.6
radiational,2017,601.7
radiational,2017,598.9
radiational,2017,596.1
radiational,2017,593.2
radiational,2017,590.4
radiational,2017,587.5
radiational,2017,584.7
radiational,2017,581.9
radiational,2017,579
radiational,2017,576.2
radiational,2017,573.3
radiational,2017,570.5
radiational,2017,567.7
radiational,2017,564.8
radiational,2017,562
radiational,2017,559.1
radiational,2017,556.3
radiational,2017,553.4
radiational,2017,550.6
radiational,2017,547.8
radiational,2017,544.9
radiational,2017,542.1
radiational,2017,539.2
radiational,2017,536.4
radiational,2017,533.6
radiational,2017,530.7
radiational,2017,527.9
radiational,2017,525
radiational,2017,522.2
radiational,2017,519.4
radiational,2017,516.5
radiational,2017,513.7
radiational,2017,510.8
radiational,2017,508
radiational,2017,505.2
radiational,2017,502.3
radiational,2017,499.5
radiational,2017,496.6
radiational,2017,493.8
radiational,2017,491
radiational,2017,488.1
radiational,2017,485.3
radiational,2017,482.4
radiational,2017,479.6
radiational,2017,476.7
radiational,2017,473.9
radiational,2017,471.1
radiational,2017,468.2
radiational,2017,465.4
radiational,2017,462.5
radiational,2017,459.7
radiational,2017,456.9
radiational,2017,454
radiational,2017,451.2
radiational,2017,448.3
radiational,2017,445.5
radiational,2017,442.7
radiational,2017,439.8
radiational,2017,437
radiational,2017,434.1
radiational,2017,431.3
radiational,2017,428.5
radiational,2017,425.6
radiational,2017,422.8
radiational,2017,419.9
radiational,2017,417.1
radiational,2017,414.3
radiational,2017,411.4
radiational,2017,408.6
radiational,2017,405.7
radiational,2017,402.9
radiational,2017,400
radiational,2017,397.2
radiational,2017,394.4
radiational,2017,391.5
radiational,2017,388.7
radiational,2017,385.8
radiational,2017,383
radiational,2017,380.2
radiational,2017,377.3
radiational,2017,374.5
radiational,2017,371.6
radiational,2017,368.8
radiational,2017,366
radiational,2017,363.1
radiational,2017,360.3
radiational,2017,357.4
radiational,2017,354.6
radiational,2017,351.8
radiational,2017,348.9
radiational,2017,346.1
radiational,2017,343.2
radiational,2017,340.4
radiational,2017,337.6
radiational,2017,334.7
radiational,2017,331.9
radiational,2017,329
radiational,2017,326.2
radiational,2017,323.3
radiational,2017,320.5
radiational,2017,317.7
radiational,2017,314.8
radiational,2017,312
radiational,2017,309.1
radiational,2017,306.3
radiational,2017,303.5
radiational,2017,300.6
radiational,2017,297.8
radiational,2017,294.9
radiational,2017,292.1
radiational,2017,289.3
radiational,2017,286.4
radiational,2017,283.6
radiational,2017,280.7
radiational,2017,277.9
radiational,2017,275.1
radiational,2017,272.2
radiational,2017,269.4
radiational,2017,266.5
radiational,2017,263.7
radiational,2017,260.8
radiational,2017,-3.341
radiational,2017,-6.181
radiational,2017,-9.022
radiational,2017,-11.86
radiational,2017,1011
radiational,2017,1008
radiational,2017,1005
radiational,2017,1002
radiational,2017,999.4
radiational,2017,996.6
radiational,2017,993.8
radiational,2017,990.9
radiational,2017,988.1
radiational,2017,985.2
radiational,2017,982.4
radiational,2017,979.6
radiational,2017,976.7
radiational,2017,973.9
radiational,2017,971
radiational,2017,968.2
radiational,2017,965.4
radiational,2017,962.5
radiational,2017,959.7
radiational,2017,956.8
radiational,2017,954
radiational,2017,951.2
radiational,2017,948.3
radiational,2017,945.5
radiational,2017,942.6
radiational,2017,939.8
radiational,2017,937
radiational,2017,934.1
radiational,2017,931.3
radiational,2017,928.4
radiational,2017,925.6
radiational,2017,922.7
radiational,2017,919.9
radiational,2017,917.1
radiational,2017,914.2
radiational,2017,911.4
radiational,2017,908.5
radiational,2017,905.7
radiational,2017,902.9
radiational,2017,900
radiational,2017,897.2
radiational,2017,894.3
radiational,2017,891.5
radiational,2017,888.7
radiational,2017,885.8
radiational,2017,883
radiational,2017,880.1
radiational,2017,877.3
radiational,2017,874.5
radiational,2017,871.6
radiational,2017,868.8
radiational,2017,865.9
radiational,2017,863.1
radiational,2017,860.3
radiational,2017,857.4
radiational,2017,854.6
radiational,2017,851.7
radiational,2017,848.9
radiational,2017,846
radiational,2017,843.2
radiational,2017,840.4
radiational,2017,837.5
radiational,2017,834.7
radiational,2017,831.8
radiational,2017,829
radiational,2017,826.2
radiational,2017,823.3
radiational,2017,820.5
radiational,2017,817.6
radiational,2017,814.8
radiational,2017,812
radiational,2017,809.1
radiational,2017,806.3
radiational,2017,803.4
radiational,2017,800.6
radiational,2017,797.8
radiational,2017,794.9
radiational,2017,792.1
radiational,2017,789.2
radiational,2017,786.4
radiational,2017,783.5
radiational,2017,780.7
radiational,2017,777.9
radiational,2017,775
radiational,2017,772.2
radiational,2017,769.3
radiational,2017,766.5
radiational,2017,763.7
radiational,2017,760.8
radiational,2017,758
radiational,2017,755.1
radiational,2017,752.3
radiational,2017,749.5
radiational,2017,746.6
radiational,2017,743.8
radiational,2017,740.9
radiational,2017,738.1
radiational,2017,735.3
radiational,2017,732.4
radiational,2017,729.6
radiational,2017,726.7
radiational,2017,723.9
radiational,2017,721.1
radiational,2017,718.2
radiational,2017,715.4
radiational,2017,712.5
radiational,2017,709.7
radiational,2017,706.8
radiational,2017,704
radiational,2017,701.2
radiational,2017,698.3
radiational,2017,695.5
radiational,2017,692.6
radiational,2017,689.8
radiational,2017,687
radiational,2017,684.1
radiational,2017,681.3
radiational,2017,678.4
radiational,2017,675.6
radiational,2017,672.8
radiational,2017,669.9
radiational,2017,667.1
radiational,2017,664.2
radiational,2017,661.4
radiational,2017,658.6
radiational,2017,655.7
radiational,2017,652.9
radiational,2017,650
radiational,2017,647.2
radiational,2017,644.4
radiational,2017,641.5
radiational,2017,638.7
radiational,2017,635.8
radiational,2017,633
radiational,2017,630.1
radiational,2017,627.3
radiational,2017,624.5
radiational,2017,621.6
radiational,2017,618.8
radiational,2017,615.9
radiational,2017,613.1
radiational,2017,610.3
radiational,2017,607.4
radiational,2017,604.6
radiational,2017,601.7
radiational,2017,598.9
radiational,2017,596.1
radiational,2017,593.2
radiational,2017,590.4
radiational,2017,587.5
radiational,2017,584.7
radiational,2017,581.9
radiational,2017,579
radiational,2017,576.2
radiational,2017,573.3
radiational,2017,570.5
radiational,2017,567.7
radiational,2017,564.8
radiational,2017,562
radiational,2017,559.1
radiational,2017,556.3
radiational,2017,553.4
radiational,2017,550.6
radiational,2017,547.8
radiational,2017,544.9
radiational,2017,542.1
radiational,2017,539.2
radiational,2017,536.4
radiational,2017,533.6
radiational,2017,530.7
radiational,2017,527.9
radiational,2017,525
radiational,2017,522.2
radiational,2017,519.4
radiational,2017,516.5
radiational,2017,513.7
radiational,2017,510.8
radiational,2017,508
radiational,2017,505.2
radiational,2017,502.3
radiational,2017,499.5
radiational,2017,496.6
radiational,2017,493.8
radiational,2017,491
radiational,2017,488.1
radiational,2017,485.3
radiational,2017,482.4
radiational,2017,479.6
radiational,2017,476.7
radiational,2017,473.9
radiational,2017,471.1
radiational,2017,468.2
radiational,2017,465.4
radiational,2017,462.5
radiational,2017,459.7
radiational,2017,456.9
radiational,2017,454
radiational,2017,451.2
radiational,2017,448.3
radiational,2017,445.5
radiational,2017,442.7
radiational,2017,439.8
radiational,2017,437
radiational,2017,434.1
radiational,2017,431.3
radiational,2017,428.5
radiational,2017,425.6
radiational,2017,422.8
radiational,2017,419.9
radiational,2017,417.1
radiational,2017,414.3
radiational,2017,411.4
radiational,2017,408.6
radiational,2017,405.7
radiational,2017,402.9
radiational,2017,400
radiational,2017,397.2
radiational,2017,394.4
radiational,2017,391.5
radiational,2017,388.7
radiational,2017,385.8
radiational,2017,383
radiational,2017,380.2
radiational,2017,377.3
radiational,2017,374.5
radiational,2017,371.6
radiational,2017,368.8
radiational,2017,366
radiational,2017,363.1
radiational,2017,360.3
radiational,2017,357.4
radiational,2017,354.6
radiational,2017,351.8
radiational,2017,348.9
radiational,2017,346.1
radiational,2017,343.2
radiational,2017,340.4
radiational,2017,337.6
radiational,2017,334.7
radiational,2017,331.9
radiational,2017,329
radiational,2017,326.2
radiational,2017,323.3
radiational,2017,320.5
radiational,2017,317.7
radiational,2017,314.8
radiational,2017,312
radiational,2017,309.1
radiational,2017,306.3
radiational,2017,303.5
radiational,2017,300.6
radiational,2017,297.8
radiational,2017,294.9
radiational,2017,292.1
radiational,2017,289.3
radiational,2017,286.4
radiational,2017,283.6
radiational,2017,280.7
radiational,2017,277.9
radiational,2017,275.1
radiational,2017,272.2
radiational,2017,269.4
radiational,2017,266.5
radiational,2017,263.7
radiational,2017,260.8
radiational,2017,258
radiational,2017,255.2
radiational,2017,252.3
radiational,2017,249.5
radiational,2017,246.6
radiational,2017,243.8
radiational,2017,241
radiational,2017,238.1
radiational,2017,235.3
radiational,2017,232.4
radiational,2017,229.6
radiational,2017,226.8
radiational,2017,223.9
radiational,2017,221.1
radiational,2017,218.2
radiational,2017,215.4
radiational,2017,212.6
radiational,2017,209.7
radiational,2017,206.9
radiational,2017,204
radiational,2017,201.2
radiational,2017,198.4
radiational,2017,195.5
radiational,2017,192.7
radiational,2017,189.8
radiational,2017,187
radiational,2017,184.1
radiational,2017,181.3
radiational,2017,178.5
radiational,2017,175.6
radiational,2017,172.8
radiational,2017,169.9
radiational,2017,167.1
radiational,2017,164.3
radiational,2017,161.4
radiational,2017,158.6
radiational,2017,-3.341
radiational,2017,-6.181
radiational,2017,-9.022
radiational,2017,-11.86
radiational,2017,1008
radiational,2017,1005
radiational,2017,1002
radiational,2017,999.4
radiational,2017,996.6
radiational,2017,993.8
radiational,2017,990.9
radiational,2017,988.1
radiational,2017,985.2
radiational,2017,982.4
radiational,2017,979.6
radiational,2017,976.7
radiational,2017,973.9
radiational,2017,971
radiational,2017,968.2
radiational,2017,965.4
radiational,2017,962.5
radiational,2017,959.7
radiational,2017,956.8
radiational,2017,954
radiational,2017,951.2
radiational,2017,948.3
radiational,2017,945.5
radiational,2017,942.6
radiational,2017,939.8
radiational,2017,937
radiational,2017,934.1
radiational,2017,931.3
radiational,2017,928.4
radiational,2017,925.6
radiational,2017,922.7
radiational,2017,919.9
radiational,2017,917.1
radiational,2017,914.2
radiational,2017,911.4
radiational,2017,908.5
radiational,2017,905.7
radiational,2017,902.9
radiational,2017,900
radiational,2017,897.2
radiational,2017,894.3
radiational,2017,891.5
radiational,2017,888.7
radiational,2017,885.8
radiational,2017,883
radiational,2017,880.1
radiational,2017,877.3
radiational,2017,874.5
radiational,2017,871.6
radiational,2017,868.8
radiational,2017,865.9
radiational,2017,863.1
radiational,2017,860.3
radiational,2017,857.4
radiational,2017,854.6
radiational,2017,851.7
radiational,2017,848.9
radiational,2017,846
radiational,2017,843.2
radiational,2017,840.4
radiational,2017,837.5
radiational,2017,834.7
radiational,2017,831.8
radiational,2017,829
radiational,2017,826.2
radiational,2017,823.3
radiational,2017,820.5
radiational,2017,817.6
radiational,2017,814.8
radiational,2017,812
radiational,2017,809.1
radiational,2017,806.3
radiational,2017,803.4
radiational,2017,800.6
radiational,2017,797.8
radiational,2017,794.9
radiational,2017,792.1
radiational,2017,789.2
radiational,2017,786.4
radiational,2017,783.5
radiational,2017,780.7
radiational,2017,777.9
radiational,2017,775
radiational,2017,772.2
radiational,2017,769.3
radiational,2017,766.5
radiational,2017,763.7
radiational,2017,760.8
radiational,2017,758
radiational,2017,755.1
radiational,2017,752.3
radiational,2017,749.5
radiational,2017,746.6
radiational,2017,743.8
radiational,2017,740.9
radiational,2017,738.1
radiational,2017,735.3
radiational,2017,732.4
radiational,2017,729.6
radiational,2017,726.7
radiational,2017,723.9
radiational,2017,721.1
radiational,2017,718.2
radiational,2017,715.4
radiational,2017,712.5
radiational,2017,709.7
radiational,2017,706.8
radiational,2017,704
radiational,2017,701.2
radiational,2017,698.3
radiational,2017,695.5
radiational,2017,692.6
radiational,2017,689.8
radiational,2017,687
radiational,2017,684.1
radiational,2017,681.3
radiational,2017,678.4
radiational,2017,675.6
radiational,2017,672.8
radiational,2017,669.9
radiational,2017,667.1
radiational,2017,664.2
radiational,2017,661.4
radiational,2017,658.6
radiational,2017,655.7
radiational,2017,652.9
radiational,2017,650
radiational,2017,647.2
radiational,2017,644.4
radiational,2017,641.5
radiational,2017,638.7
radiational,2017,635.8
radiational,2017,633
radiational,2017,630.1
radiational,2017,627.3
radiational,2017,624.5
radiational,2017,621.6
radiational,2017,618.8
radiational,2017,615.9
radiational,2017,613.1
radiational,2017,610.3
radiational,2017,607.4
radiational,2017,604.6
radiational,2017,601.7
radiational,2017,598.9
radiational,2017,596.1
radiational,2017,593.2
radiational,2017,590.4
radiational,2017,587.5
radiational,2017,584.7
radiational,2017,581.9
radiational,2017,579
radiational,2017,576.2
radiational,2017,573.3
radiational,2017,570.5
radiational,2017,567.7
radiational,2017,564.8
radiational,2017,562
radiational,2017,559.1
radiational,2017,556.3
radiational,2017,553.4
radiational,2017,550.6
radiational,2017,547.8
radiational,2017,544.9
radiational,2017,542.1
radiational,2017,539.2
radiational,2017,536.4
radiational,2017,533.6
radiational,2017,530.7
radiational,2017,527.9
radiational,2017,525
radiational,2017,522.2
radiational,2017,519.4
radiational,2017,516.5
radiational,2017,513.7
radiational,2017,510.8
radiational,2017,508
radiational,2017,505.2
radiational,2017,502.3
radiational,2017,499.5
radiational,2017,496.6
radiational,2017,493.8
radiational,2017,491
radiational,2017,488.1
radiational,2017,485.3
radiational,2017,482.4
radiational,2017,479.6
radiational,2017,476.7
radiational,2017,473.9
radiational,2017,471.1
radiational,2017,468.2
radiational,2017,465.4
radiational,2017,462.5
radiational,2017,459.7
radiational,2017,456.9
radiational,2017,454
radiational,2017,451.2
radiational,2017,448.3
radiational,2017,445.5
radiational,2017,442.7
radiational,2017,439.8
radiational,2017,437
radiational,2017,434.1
radiational,2017,431.3
radiational,2017,428.5
radiational,2017,425.6
radiational,2017,422.8
radiational,2017,419.9
radiational,2017,417.1
radiational,2017,414.3
radiational,2017,411.4
radiational,2017,408.6
radiational,2017,405.7
radiational,2017,402.9
radiational,2017,400
radiational,2017,397.2
radiational,2017,394.4
radiational,2017,391.5
radiational,2017,388.7
radiational,2017,385.8
radiational,2017,383
radiational,2017,380.2
radiational,2017,377.3
radiational,2017,374.5
radiational,2017,371.6
radiational,2017,368.8
radiational,2017,366
radiational,2017,363.1
radiational,2017,360.3
radiational,2017,357.4
radiational,2017,354.6
radiational,2017,351.8
radiational,2017,348.9
radiational,2017,346.1
radiational,2017,343.2
radiational,2017,340.4
radiational,2017,337.6
radiational,2017,334.7
radiational,2017,331.9
radiational,2017,329
radiational,2017,326.2
radiational,2017,323.3
radiational,2017,320.5
radiational,2017,317.7
radiational,2017,314.8
radiational,2017,312
radiational,2017,309.1
radiational,2017,306.3
radiational,2017,303.5
radiational,2017,300.6
radiational,2017,297.8
radiational,2017,294.9
radiational,2017,292.1
radiational,2017,289.3
radiational,2017,286.4
radiational,2017,283.6
radiational,2017,280.7
radiational,2017,277.9
radiational,2017,275.1
radiational,2017,272.2
radiational,2017,269.4
radiational,2017,266.5
radiational,2017,263.7
radiational,2017,260.8
radiational,2017,258
radiational,2017,255.2
radiational,2017,252.3
radiational,2017,249.5
radiational,2017,246.6
radiational,2017,243.8
radiational,2017,241
radiational,2017,238.1
radiational,2017,235.3
radiational,2017,232.4
radiational,2017,229.6
radiational,2017,226.8
radiational,2017,223.9
radiational,2017,221.1
radiational,2017,218.2
radiational,2017,215.4
radiational,2017,212.6
radiational,2017,209.7
radiational,2017,206.9
radiational,2017,204
radiational,2017,201.2
radiational,2017,198.4
radiational,2017,195.5
radiational,2017,192.7
radiational,2017,189.8
radiational,2017,187
radiational,2017,184.1
radiational,2017,181.3
radiational,2017,178.5
radiational,2017,175.6
radiational,2017,172.8
radiational,2017,169.9
radiational,2017,167.1
radiational,2017,164.3
radiational,2017,161.4
radiational,2017,158.6
radiational,2017,155.7
radiational,2017,152.9
radiational,2017,150.1
radiational,2017,147.2
radiational,2017,144.4
radiational,2017,141.5
radiational,2017,138.7
radiational,2017,135.9
radiational,2017,133
radiational,2017,130.2
radiational,2017,127.3
radiational,2017,124.5
radiational,2017,121.7
radiational,2017,118.8
radiational,2017,116
radiational,2017,113.1
radiational,2017,110.3
radiational,2017,107.4
radiational,2017,104.6
radiational,2017,101.8
radiational,2017,98.93
radiational,2017,96.09
radiational,2017,93.25
radiational,2017,90.4
radiational,2017,87.56
radiational,2017,84.72
radiational,2017,81.88
radiational,2017,79.04
radiational,2017,76.2
radiational,2017,73.36
radiational,2017,70.52
radiational,2017,67.68
radiational,2017,64.84
radiational,2017,62
radiational,2017,59.16
radiational,2017,56.32
radiational,2017,53.47
radiational,2017,-3.341
radiational,2017,-6.181
radiational,2017,-9.022
radiational,2017,-11.86
radiational,2017,1005
radiational,2017,1002
radiational,2017,999.4
radiational,2017,996.6
radiational,2017,937
radiational,2017,934.1
radiational,2017,931.3
radiational,2017,928.4
radiational,2017,925.6
radiational,2017,922.7
radiational,2017,919.9
radiational,2017,917.1
radiational,2017,914.2
radiational,2017,911.4
radiational,2017,908.5
radiational,2017,905.7
radiational,2017,902.9
radiational,2017,900
radiational,2017,897.2
radiational,2017,894.3
radiational,2017,891.5
radiational,2017,888.7
radiational,2017,885.8
radiational,2017,883
radiational,2017,880.1
radiational,2017,877.3
radiational,2017,874.5
radiational,2017,871.6
radiational,2017,868.8
radiational,2017,865.9
radiational,2017,863.1
radiational,2017,860.3
radiational,2017,857.4
radiational,2017,854.6
radiational,2017,851.7
radiational,2017,848.9
radiational,2017,846
radiational,2017,843.2
radiational,2017,840.4
radiational,2017,837.5
radiational,2017,834.7
radiational,2017,831.8
radiational,2017,829
radiational,2017,826.2
radiational,2017,823.3
radiational,2017,820.5
radiational,2017,817.6
radiational,2017,814.8
radiational,2017,812
radiational,2017,809.1
radiational,2017,806.3
radiational,2017,803.4
radiational,2017,800.6
radiational,2017,797.8
radiational,2017,794.9
radiational,2017,792.1
radiational,2017,789.2
radiational,2017,786.4
radiational,2017,783.5
radiational,2017,780.7
radiational,2017,777.9
radiational,2017,775
radiational,2017,772.2
radiational,2017,769.3
radiational,2017,766.5
radiational,2017,763.7
radiational,2017,760.8
radiational,2017,758
radiational,2017,755.1
radiational,2017,752.3
radiational,2017,749.5
radiational,2017,746.6
radiational,2017,743.8
radiational,2017,740.9
radiational,2017,738.1
radiational,2017,735.3
radiational,2017,732.4
radiational,2017,729.6
radiational,2017,726.7
radiational,2017,723.9
radiational,2017,721.1
radiational,2017,718.2
radiational,2017,715.4
radiational,2017,712.5
radiational,2017,709.7
radiational,2017,706.8
radiational,2017,704
radiational,2017,701.2
radiational,2017,698.3
radiational,2017,695.5
radiational,2017,692.6
radiational,2017,689.8
radiational,2017,687
radiational,2017,684.1
radiational,2017,681.3
radiational,2017,678.4
radiational,2017,675.6
radiational,2017,672.8
radiational,2017,669.9
radiational,2017,667.1
radiational,2017,664.2
radiational,2017,661.4
radiational,2017,658.6
radiational,2017,655.7
radiational,2017,652.9
radiational,2017,650
radiational,2017,647.2
radiational,2017,644.4
radiational,2017,641.5
radiational,2017,638.7
radiational,2017,635.8
radiational,2017,633
radiational,2017,630.1
radiational,2017,627.3
radiational,2017,624.5
radiational,2017,621.6
radiational,2017,618.8
radiational,2017,615.9
radiational,2017,613.1
radiational,2017,610.3
radiational,2017,607.4
radiational,2017,604.6
radiational,2017,601.7
radiational,2017,598.9
radiational,2017,596.1
radiational,2017,593.2
radiational,2017,590.4
radiational,2017,587.5
radiational,2017,584.7
radiational,2017,581.9
radiational,2017,579
radiational,2017,576.2
radiational,2017,573.3
radiational,2017,570.5
radiational,2017,567.7
radiational,2017,564.8
radiational,2017,562
radiational,2017,559.1
radiational,2017,556.3
radiational,2017,553.4
radiational,2017,550.6
radiational,2017,547.8
radiational,2017,544.9
radiational,2017,542.1
radiational,2017,539.2
radiational,2017,536.4
radiational,2017,533.6
radiational,2017,530.7
radiational,2017,527.9
radiational,2017,525
radiational,2017,522.2
radiational,2017,519.4
radiational,2017,516.5
radiational,2017,513.7
radiational,2017,510.8
radiational,2017,508
radiational,2017,505.2
radiational,2017,502.3
radiational,2017,499.5
radiational,2017,496.6
radiational,2017,493.8
radiational,2017,491
radiational,2017,488.1
radiational,2017,485.3
radiational,2017,482.4
radiational,2017,479.6
radiational,2017,476.7
radiational,2017,473.9
radiational,2017,471.1
radiational,2017,468.2
radiational,2017,465.4
radiational,2017,462.5
radiational,2017,459.7
radiational,2017,456.9
radiational,2017,454
radiational,2017,451.2
radiational,2017,448.3
radiational,2017,445.5
radiational,2017,442.7
radiational,2017,439.8
radiational,2017,437
radiational,2017,434.1
radiational,2017,431.3
radiational,2017,428.5
radiational,2017,425.6
radiational,2017,422.8
radiational,2017,419.9
radiational,2017,417.1
radiational,2017,414.3
radiational,2017,411.4
radiational,2017,408.6
radiational,2017,405.7
radiational,2017,402.9
radiational,2017,400
radiational,2017,397.2
radiational,2017,394.4
radiational,2017,391.5
radiational,2017,388.7
radiational,2017,385.8
radiational,2017,383
radiational,2017,380.2
radiational,2017,377.3
radiational,2017,374.5
radiational,2017,371.6
radiational,2017,368.8
radiational,2017,366
radiational,2017,363.1
radiational,2017,360.3
radiational,2017,357.4
radiational,2017,354.6
radiational,2017,351.8
radiational,2017,348.9
radiational,2017,346.1
radiational,2017,343.2
radiational,2017,340.4
radiational,2017,337.6
radiational,2017,334.7
radiational,2017,331.9
radiational,2017,329
radiational,2017,326.2
radiational,2017,323.3
radiational,2017,320.5
radiational,2017,317.7
radiational,2017,314.8
radiational,2017,312
radiational,2017,309.1
radiational,2017,306.3
radiational,2017,303.5
radiational,2017,300.6
radiational,2017,297.8
radiational,2017,294.9
radiational,2017,292.1
radiational,2017,289.3
radiational,2017,286.4
radiational,2017,283.6
radiational,2017,280.7
radiational,2017,277.9
radiational,2017,275.1
radiational,2017,272.2
radiational,2017,269.4
radiational,2017,266.5
radiational,2017,263.7
radiational,2017,260.8
radiational,2017,258
radiational,2017,255.2
radiational,2017,252.3
radiational,2017,249.5
radiational,2017,246.6
radiational,2017,243.8
radiational,2017,241
radiational,2017,238.1
radiational,2017,235.3
radiational,2017,232.4
radiational,2017,229.6
radiational,2017,226.8
radiational,2017,223.9
radiational,2017,221.1
radiational,2017,218.2
radiational,2017,215.4
radiational,2017,212.6
radiational,2017,209.7
radiational,2017,206.9
radiational,2017,204
radiational,2017,201.2
radiational,2017,198.4
radiational,2017,195.5
radiational,2017,192.7
radiational,2017,189.8
radiational,2017,187
radiational,2017,184.1
radiational,2017,181.3
radiational,2017,178.5
radiational,2017,175.6
radiational,2017,172.8
radiational,2017,169.9
radiational,2017,167.1
radiational,2017,164.3
radiational,2017,161.4
radiational,2017,158.6
radiational,2017,155.7
radiational,2017,152.9
radiational,2017,150.1
radiational,2017,147.2
radiational,2017,144.4
radiational,2017,141.5
radiational,2017,138.7
radiational,2017,135.9
radiational,2017,133
radiational,2017,130.2
radiational,2017,127.3
radiational,2017,124.5
radiational,2017,121.7
radiational,2017,118.8
radiational,2017,116
radiational,2017,113.1
radiational,2017,110.3
radiational,2017,107.4
radiational,2017,104.6
radiational,2017,101.8
radiational,2017,98.93
radiational,2017,96.09
radiational,2017,93.25
radiational,2017,90.4
radiational,2017,87.56
radiational,2017,84.72
radiational,2017,81.88
radiational,2017,79.04
radiational,2017,76.2
radiational,2017,73.36
radiational,2017,70.52
radiational,2017,67.68
radiational,2017,64.84
radiational,2017,62
radiational,2017,59.16
radiational,2017,56.32
radiational,2017,53.47
radiational,2017,50.63
radiational,2017,47.79
radiational,2017,44.95
radiational,2017,42.11
radiational,2017,39.27
radiational,2017,36.43
radiational,2017,33.59
radiational,2017,30.75
radiational,2017,27.91
radiational,2017,25.07
radiational,2017,22.23
radiational,2017,19.39
radiational,2017,16.54
radiational,2017,13.7
radiational,2017,10.86
radiational,2017,8.022
radiational,2017,5.182
radiational,2017,2.341
radiational,2017,-0.4999
radiational,2017,-3.341
radiational,2017,-6.181
radiational,2017,-9.022
radiational,2017,-11.86
radiational,2017,-14.7
radiational,2017,-17.54
radiational,2017,-20.39
radiational,2017,-23.23
radiational,2017,-26.07
radiational,2017,-28.91
radiational,2017,-31.75
radiational,2017,-34.59
radiational,2017,-37.43
radiational,2017,-40.27
radiational,2017,-43.11
radiational,2017,-45.95
radiational,2017,-48.79
radiational,2017,1005
radiational,2017,1002
radiational,2017,999.4
radiational,2017,996.6
radiational,2017,834.7
radiational,2017,831.8
radiational,2017,829
radiational,2017,826.2
radiational,2017,823.3
radiational,2017,820.5
radiational,2017,817.6
radiational,2017,814.8
radiational,2017,812
radiational,2017,809.1
radiational,2017,806.3
radiational,2017,803.4
radiational,2017,800.6
radiational,2017,797.8
radiational,2017,794.9
radiational,2017,792.1
radiational,2017,789.2
radiational,2017,786.4
radiational,2017,783.5
radiational,2017,780.7
radiational,2017,777.9
radiational,2017,775
radiational,2017,772.2
radiational,2017,769.3
radiational,2017,766.5
radiational,2017,763.7
radiational,2017,760.8
radiational,2017,758
radiational,2017,755.1
radiational,2017,752.3
radiational,2017,749.5
radiational,2017,746.6
radiational,2017,743.8
radiational,2017,740.9
radiational,2017,738.1
radiational,2017,735.3
radiational,2017,732.4
radiational,2017,729.6
radiational,2017,726.7
radiational,2017,723.9
radiational,2017,721.1
radiational,2017,718.2
radiational,2017,715.4
radiational,2017,712.5
radiational,2017,709.7
radiational,2017,706.8
radiational,2017,704
radiational,2017,701.2
radiational,2017,698.3
radiational,2017,695.5
radiational,2017,692.6
radiational,2017,689.8
radiational,2017,687
radiational,2017,684.1
radiational,2017,681.3
radiational,2017,678.4
radiational,2017,675.6
radiational,2017,672.8
radiational,2017,669.9
radiational,2017,667.1
radiational,2017,664.2
radiational,2017,661.4
radiational,2017,658.6
radiational,2017,655.7
radiational,2017,652.9
radiational,2017,650
radiational,2017,647.2
radiational,2017,644.4
radiational,2017,641.5
radiational,2017,638.7
radiational,2017,635.8
radiational,2017,633
radiational,2017,630.1
radiational,2017,627.3
radiational,2017,624.5
radiational,2017,621.6
radiational,2017,618.8
radiational,2017,615.9
radiational,2017,613.1
radiational,2017,610.3
radiational,2017,607.4
radiational,2017,604.6
radiational,2017,601.7
radiational,2017,598.9
radiational,2017,596.1
radiational,2017,593.2
radiational,2017,590.4
radiational,2017,587.5
radiational,2017,584.7
radiational,2017,581.9
radiational,2017,579
radiational,2017,576.2
radiational,2017,573.3
radiational,2017,570.5
radiational,2017,567.7
radiational,2017,564.8
radiational,2017,562
radiational,2017,559.1
radiational,2017,556.3
radiational,2017,553.4
radiational,2017,550.6
radiational,2017,547.8
radiational,2017,544.9
radiational,2017,542.1
radiational,2017,539.2
radiational,2017,536.4
radiational,2017,533.6
radiational,2017,530.7
radiational,2017,527.9
radiational,2017,525
radiational,2017,522.2
radiational,2017,519.4
radiational,2017,516.5
radiational,2017,513.7
radiational,2017,510.8
radiational,2017,508
radiational,2017,505.2
radiational,2017,502.3
radiational,2017,499.5
radiational,2017,496.6
radiational,2017,493.8
radiational,2017,491
radiational,2017,488.1
radiational,2017,485.3
radiational,2017,482.4
radiational,2017,479.6
radiational,2017,476.7
radiational,2017,473.9
radiational,2017,471.1
radiational,2017,468.2
radiational,2017,465.4
radiational,2017,462.5
radiational,2017,459.7
radiational,2017,456.9
radiational,2017,454
radiational,2017,451.2
radiational,2017,448.3
radiational,2017,445.5
radiational,2017,442.7
radiational,2017,439.8
radiational,2017,437
radiational,2017,434.1
radiational,2017,431.3
radiational,2017,428.5
radiational,2017,425.6
radiational,2017,422.8
radiational,2017,419.9
radiational,2017,417.1
radiational,2017,414.3
radiational,2017,411.4
radiational,2017,408.6
radiational,2017,405.7
radiational,2017,402.9
radiational,2017,400
radiational,2017,397.2
radiational,2017,394.4
radiational,2017,391.5
radiational,2017,388.7
radiational,2017,385.8
radiational,2017,383
radiational,2017,380.2
radiational,2017,377.3
radiational,2017,374.5
radiational,2017,371.6
radiational,2017,368.8
radiational,2017,366
radiational,2017,363.1
radiational,2017,360.3
radiational,2017,357.4
radiational,2017,354.6
radiational,2017,351.8
radiational,2017,348.9
radiational,2017,346.1
radiational,2017,343.2
radiational,2017,340.4
radiational,2017,337.6
radiational,2017,334.7
radiational,2017,331.9
radiational,2017,329
radiational,2017,326.2
radiational,2017,323.3
radiational,2017,320.5
radiational,2017,317.7
radiational,2017,314.8
radiational,2017,312
radiational,2017,309.1
radiational,2017,306.3
radiational,2017,303.5
radiational,2017,300.6
radiational,2017,297.8
radiational,2017,294.9
radiational,2017,292.1
radiational,2017,289.3
radiational,2017,286.4
radiational,2017,283.6
radiational,2017,280.7
radiational,2017,277.9
radiational,2017,275.1
radiational,2017,272.2
radiational,2017,269.4
radiational,2017,266.5
radiational,2017,263.7
radiational,2017,260.8
radiational,2017,258
radiational,2017,255.2
radiational,2017,252.3
radiational,2017,249.5
radiational,2017,246.6
radiational,2017,243.8
radiational,2017,241
radiational,2017,238.1
radiational,2017,235.3
radiational,2017,232.4
radiational,2017,229.6
radiational,2017,226.8
radiational,2017,223.9
radiational,2017,221.1
radiational,2017,218.2
radiational,2017,215.4
radiational,2017,212.6
radiational,2017,209.7
radiational,2017,206.9
radiational,2017,204
radiational,2017,201.2
radiational,2017,198.4
radiational,2017,195.5
radiational,2017,192.7
radiational,2017,189.8
radiational,2017,187
radiational,2017,184.1
radiational,2017,181.3
radiational,2017,178.5
radiational,2017,175.6
radiational,2017,172.8
radiational,2017,169.9
radiational,2017,167.1
radiational,2017,164.3
radiational,2017,161.4
radiational,2017,158.6
radiational,2017,155.7
radiational,2017,152.9
radiational,2017,150.1
radiational,2017,147.2
radiational,2017,144.4
radiational,2017,141.5
radiational,2017,138.7
radiational,2017,135.9
radiational,2017,133
radiational,2017,130.2
radiational,2017,127.3
radiational,2017,124.5
radiational,2017,121.7
radiational,2017,118.8
radiational,2017,116
radiational,2017,113.1
radiational,2017,110.3
radiational,2017,107.4
radiational,2017,104.6
radiational,2017,101.8
radiational,2017,98.93
radiational,2017,96.09
radiational,2017,93.25
radiational,2017,90.4
radiational,2017,87.56
radiational,2017,84.72
radiational,2017,81.88
radiational,2017,79.04
radiational,2017,76.2
radiational,2017,73.36
radiational,2017,70.52
radiational,2017,67.68
radiational,2017,64.84
radiational,2017,62
radiational,2017,59.16
radiational,2017,56.32
radiational,2017,53.47
radiational,2017,50.63
radiational,2017,47.79
radiational,2017,44.95
radiational,2017,42.11
radiational,2017,39.27
radiational,2017,36.43
radiational,2017,33.59
radiational,2017,30.75
radiational,2017,27.91
radiational,2017,25.07
radiational,2017,22.23
radiational,2017,19.39
radiational,2017,16.54
radiational,2017,13.7
radiational,2017,10.86
radiational,2017,8.022
radiational,2017,5.182
radiational,2017,2.341
radiational,2017,-0.4999
radiational,2017,-3.341
radiational,2017,-6.181
radiational,2017,-9.022
radiational,2017,-11.86
radiational,2017,-14.7
radiational,2017,-17.54
radiational,2017,-20.39
radiational,2017,-23.23
radiational,2017,-26.07
radiational,2017,-28.91
radiational,2017,-31.75
radiational,2017,-34.59
radiational,2017,-37.43
radiational,2017,-40.27
radiational,2017,-43.11
radiational,2017,-45.95
radiational,2017,-48.79
radiational,2017,-51.63
radiational,2017,-54.47
radiational,2017,-57.32
radiational,2017,-60.16
radiational,2017,-63
radiational,2017,-65.84
radiational,2017,-68.68
radiational,2017,-71.52
radiational,2017,-74.36
radiational,2017,-77.2
radiational,2017,-80.04
radiational,2017,-82.88
radiational,2017,-85.72
radiational,2017,-88.56
radiational,2017,-91.4
radiational,2017,-94.24
radiational,2017,-97.09
radiational,2017,-99.93
radiational,2017,-102.8
radiational,2017,-105.6
radiational,2017,-108.4
radiational,2017,-111.3
radiational,2017,-114.1
radiational,2017,-117
radiational,2017,-119.8
radiational,2017,-122.7
radiational,2017,-125.5
radiational,2017,-128.3
radiational,2017,-131.2
radiational,2017,-134
radiational,2017,-136.9
radiational,2017,-139.7
radiational,2017,-142.5
radiational,2017,-145.4
radiational,2017,-148.2
radiational,2017,-151.1
radiational,2017,1005
radiational,2017,1002
radiational,2017,999.4
radiational,2017,996.6
radiational,2017,732.4
radiational,2017,729.6
radiational,2017,726.7
radiational,2017,723.9
radiational,2017,721.1
radiational,2017,718.2
radiational,2017,715.4
radiational,2017,712.5
radiational,2017,709.7
radiational,2017,706.8
radiational,2017,704
radiational,2017,701.2
radiational,2017,698.3
radiational,2017,695.5
radiational,2017,692.6
radiational,2017,689.8
radiational,2017,687
radiational,2017,684.1
radiational,2017,681.3
radiational,2017,678.4
radiational,2017,675.6
radiational,2017,672.8
radiational,2017,669.9
radiational,2017,667.1
radiational,2017,664.2
radiational,2017,661.4
radiational,2017,658.6
radiational,2017,655.7
radiational,2017,652.9
radiational,2017,650
radiational,2017,647.2
radiational,2017,644.4
radiational,2017,641.5
radiational,2017,638.7
radiational,2017,635.8
radiational,2017,633
radiational,2017,630.1
radiational,2017,627.3
radiational,2017,624.5
radiational,2017,621.6
radiational,2017,618.8
radiational,2017,615.9
radiational,2017,613.1
radiational,2017,610.3
radiational,2017,607.4
radiational,2017,604.6
radiational,2017,601.7
radiational,2017,598.9
radiational,2017,596.1
radiational,2017,593.2
radiational,2017,590.4
radiational,2017,587.5
radiational,2017,584.7
radiational,2017,581.9
radiational,2017,579
radiational,2017,576.2
radiational,2017,573.3
radiational,2017,570.5
radiational,2017,567.7
radiational,2017,564.8
radiational,2017,562
radiational,2017,559.1
radiational,2017,556.3
radiational,2017,553.4
radiational,2017,550.6
radiational,2017,547.8
radiational,2017,544.9
radiational,2017,542.1
radiational,2017,539.2
radiational,2017,536.4
radiational,2017,533.6
radiational,2017,530.7
radiational,2017,527.9
radiational,2017,525
radiational,2017,522.2
radiational,2017,519.4
radiational,2017,516.5
radiational,2017,513.7
radiational,2017,510.8
radiational,2017,508
radiational,2017,505.2
radiational,2017,502.3
radiational,2017,499.5
radiational,2017,496.6
radiational,2017,493.8
radiational,2017,491
radiational,2017,488.1
radiational,2017,485.3
radiational,2017,482.4
radiational,2017,479.6
radiational,2017,476.7
radiational,2017,473.9
radiational,2017,471.1
radiational,2017,468.2
radiational,2017,465.4
radiational,2017,462.5
radiational,2017,459.7
radiational,2017,456.9
radiational,2017,454
radiational,2017,451.2
radiational,2017,448.3
radiational,2017,445.5
radiational,2017,442.7
radiational,2017,439.8
radiational,2017,437
radiational,2017,434.1
radiational,2017,431.3
radiational,2017,428.5
radiational,2017,425.6
radiational,2017,422.8
radiational,2017,419.9
radiational,2017,417.1
radiational,2017,414.3
radiational,2017,411.4
radiational,2017,408.6
radiational,2017,405.7
radiational,2017,402.9
radiational,2017,400
radiational,2017,397.2
radiational,2017,394.4
radiational,2017,391.5
radiational,2017,388.7
radiational,2017,385.8
radiational,2017,383
radiational,2017,380.2
radiational,2017,377.3
radiational,2017,374.5
radiational,2017,371.6
radiational,2017,368.8
radiational,2017,366
radiational,2017,363.1
radiational,2017,360.3
radiational,2017,357.4
radiational,2017,354.6
radiational,2017,351.8
radiational,2017,348.9
radiational,2017,346.1
radiational,2017,343.2
radiational,2017,340.4
radiational,2017,337.6
radiational,2017,334.7
radiational,2017,331.9
radiational,2017,329
radiational,2017,326.2
radiational,2017,323.3
radiational,2017,320.5
radiational,2017,317.7
radiational,2017,314.8
radiational,2017,312
radiational,2017,309.1
radiational,2017,306.3
radiational,2017,303.5
radiational,2017,300.6
radiational,2017,297.8
radiational,2017,294.9
radiational,2017,292.1
radiational,2017,289.3
radiational,2017,286.4
radiational,2017,283.6
radiational,2017,280.7
radiational,2017,277.9
radiational,2017,275.1
radiational,2017,272.2
radiational,2017,269.4
radiational,2017,266.5
radiational,2017,263.7
radiational,2017,260.8
radiational,2017,258
radiational,2017,255.2
radiational,2017,252.3
radiational,2017,249.5
radiational,2017,246.6
radiational,2017,243.8
radiational,2017,241
radiational,2017,238.1
radiational,2017,235.3
radiational,2017,232.4
radiational,2017,229.6
radiational,2017,226.8
radiational,2017,223.9
radiational,2017,221.1
radiational,2017,218.2
radiational,2017,215.4
radiational,2017,212.6
radiational,2017,209.7
radiational,2017,206.9
radiational,2017,204
radiational,2017,201.2
radiational,2017,198.4
radiational,2017,195.5
radiational,2017,192.7
radiational,2017,189.8
radiational,2017,187
radiational,2017,184.1
radiational,2017,181.3
radiational,2017,178.5
radiational,2017,175.6
radiational,2017,172.8
radiational,2017,169.9
radiational,2017,167.1
radiational,2017,164.3
radiational,2017,161.4
radiational,2017,158.6
radiational,2017,155.7
radiational,2017,152.9
radiational,2017,150.1
radiational,2017,147.2
radiational,2017,144.4
radiational,2017,141.5
radiational,2017,138.7
radiational,2017,135.9
radiational,2017,133
radiational,2017,130.2
radiational,2017,127.3
radiational,2017,124.5
radiational,2017,121.7
radiational,2017,118.8
radiational,2017,116
radiational,2017,113.1
radiational,2017,110.3
radiational,2017,107.4
radiational,2017,104.6
radiational,2017,101.8
radiational,2017,98.93
radiational,2017,96.09
radiational,2017,93.25
radiational,2017,90.4
radiational,2017,87.56
radiational,2017,84.72
radiational,2017,81.88
radiational,2017,79.04
radiational,2017,76.2
radiational,2017,73.36
radiational,2017,70.52
radiational,2017,67.68
radiational,2017,64.84
radiational,2017,62
radiational,2017,59.16
radiational,2017,56.32
radiational,2017,53.47
radiational,2017,50.63
radiational,2017,47.79
radiational,2017,44.95
radiational,2017,42.11
radiational,2017,39.27
radiational,2017,36.43
radiational,2017,33.59
radiational,2017,30.75
radiational,2017,27.91
radiational,2017,25.07
radiational,2017,22.23
radiational,2017,19.39
radiational,2017,16.54
radiational,2017,13.7
radiational,2017,10.86
radiational,2017,8.022
radiational,2017,5.182
radiational,2017,2.341
radiational,2017,-0.4999
radiational,2017,-3.341
radiational,2017,-6.181
radiational,2017,-9.022
radiational,2017,-11.86
radiational,2017,-14.7
radiational,2017,-17.54
radiational,2017,-20.39
radiational,2017,-23.23
radiational,2017,-26.07
radiational,2017,-28.91
radiational,2017,-31.75
radiational,2017,-34.59
radiational,2017,-37.43
radiational,2017,-40.27
radiational,2017,-43.11
radiational,2017,-45.95
radiational,2017,-48.79
radiational,2017,-51.63
radiational,2017,-54.47
radiational,2017,-57.32
radiational,2017,-60.16
radiational,2017,-63
radiational,2017,-65.84
radiational,2017,-68.68
radiational,2017,-71.52
radiational,2017,-74.36
radiational,2017,-77.2
radiational,2017,-80.04
radiational,2017,-82.88
radiational,2017,-85.72
radiational,2017,-88.56
radiational,2017,-91.4
radiational,2017,-94.24
radiational,2017,-97.09
radiational,2017,-99.93
radiational,2017,-102.8
radiational,2017,-105.6
radiational,2017,-108.4
radiational,2017,-111.3
radiational,2017,-114.1
radiational,2017,-117
radiational,2017,-119.8
radiational,2017,-122.7
radiational,2017,-125.5
radiational,2017,-128.3
radiational,2017,-131.2
radiational,2017,-134
radiational,2017,-136.9
radiational,2017,-139.7
radiational,2017,-142.5
radiational,2017,-145.4
radiational,2017,-148.2
radiational,2017,-151.1
radiational,2017,-153.9
radiational,2017,-156.7
radiational,2017,-159.6
radiational,2017,-162.4
radiational,2017,-165.3
radiational,2017,-168.1
radiational,2017,-170.9
radiational,2017,-173.8
radiational,2017,-176.6
radiational,2017,-179.5
radiational,2017,-182.3
radiational,2017,-185.1
radiational,2017,-188
radiational,2017,-190.8
radiational,2017,-193.7
radiational,2017,-196.5
radiational,2017,-199.4
radiational,2017,-202.2
radiational,2017,-205
radiational,2017,-207.9
radiational,2017,-210.7
radiational,2017,-213.6
radiational,2017,-216.4
radiational,2017,-219.2
radiational,2017,-222.1
radiational,2017,-224.9
radiational,2017,-227.8
radiational,2017,1005
radiational,2017,1002
radiational,2017,999.4
radiational,2017,996.6
radiational,2017,627.3
radiational,2017,624.5
radiational,2017,621.6
radiational,2017,618.8
radiational,2017,615.9
radiational,2017,613.1
radiational,2017,610.3
radiational,2017,607.4
radiational,2017,604.6
radiational,2017,601.7
radiational,2017,598.9
radiational,2017,596.1
radiational,2017,593.2
radiational,2017,590.4
radiational,2017,587.5
radiational,2017,584.7
radiational,2017,581.9
radiational,2017,579
radiational,2017,576.2
radiational,2017,573.3
radiational,2017,570.5
radiational,2017,567.7
radiational,2017,564.8
radiational,2017,562
radiational,2017,559.1
radiational,2017,556.3
radiational,2017,553.4
radiational,2017,550.6
radiational,2017,547.8
radiational,2017,544.9
radiational,2017,542.1
radiational,2017,539.2
radiational,2017,536.4
radiational,2017,533.6
radiational,2017,530.7
radiational,2017,527.9
radiational,2017,525
radiational,2017,522.2
radiational,2017,519.4
radiational,2017,516.5
radiational,2017,513.7
radiational,2017,510.8
radiational,2017,508
radiational,2017,505.2
radiational,2017,502.3
radiational,2017,499.5
radiational,2017,496.6
radiational,2017,493.8
radiational,2017,491
radiational,2017,488.1
radiational,2017,485.3
radiational,2017,482.4
radiational,2017,479.6
radiational,2017,476.7
radiational,2017,473.9
radiational,2017,471.1
radiational,2017,468.2
radiational,2017,465.4
radiational,2017,462.5
radiational,2017,459.7
radiational,2017,456.9
radiational,2017,454
radiational,2017,451.2
radiational,2017,448.3
radiational,2017,445.5
radiational,2017,442.7
radiational,2017,439.8
radiational,2017,437
radiational,2017,434.1
radiational,2017,431.3
radiational,2017,428.5
radiational,2017,425.6
radiational,2017,422.8
radiational,2017,419.9
radiational,2017,417.1
radiational,2017,414.3
radiational,2017,411.4
radiational,2017,408.6
radiational,2017,405.7
radiational,2017,402.9
radiational,2017,400
radiational,2017,397.2
radiational,2017,394.4
radiational,2017,391.5
radiational,2017,388.7
radiational,2017,385.8
radiational,2017,383
radiational,2017,380.2
radiational,2017,377.3
radiational,2017,374.5
radiational,2017,371.6
radiational,2017,368.8
radiational,2017,366
radiational,2017,363.1
radiational,2017,360.3
radiational,2017,357.4
radiational,2017,354.6
radiational,2017,351.8
radiational,2017,348.9
radiational,2017,346.1
radiational,2017,343.2
radiational,2017,340.4
radiational,2017,337.6
radiational,2017,334.7
radiational,2017,331.9
radiational,2017,329
radiational,2017,326.2
radiational,2017,323.3
radiational,2017,320.5
radiational,2017,317.7
radiational,2017,314.8
radiational,2017,312
radiational,2017,309.1
radiational,2017,306.3
radiational,2017,303.5
radiational,2017,300.6
radiational,2017,297.8
radiational,2017,294.9
radiational,2017,292.1
radiational,2017,289.3
radiational,2017,286.4
radiational,2017,283.6
radiational,2017,280.7
radiational,2017,277.9
radiational,2017,275.1
radiational,2017,272.2
radiational,2017,269.4
radiational,2017,266.5
radiational,2017,263.7
radiational,2017,260.8
radiational,2017,258
radiational,2017,255.2
radiational,2017,252.3
radiational,2017,249.5
radiational,2017,246.6
radiational,2017,243.8
radiational,2017,241
radiational,2017,238.1
radiational,2017,235.3
radiational,2017,232.4
radiational,2017,229.6
radiational,2017,226.8
radiational,2017,223.9
radiational,2017,221.1
radiational,2017,218.2
radiational,2017,215.4
radiational,2017,212.6
radiational,2017,209.7
radiational,2017,206.9
radiational,2017,204
radiational,2017,201.2
radiational,2017,198.4
radiational,2017,195.5
radiational,2017,192.7
radiational,2017,189.8
radiational,2017,187
radiational,2017,184.1
radiational,2017,181.3
radiational,2017,178.5
radiational,2017,175.6
radiational,2017,172.8
radiational,2017,169.9
radiational,2017,167.1
radiational,2017,164.3
radiational,2017,161.4
radiational,2017,158.6
radiational,2017,155.7
radiational,2017,152.9
radiational,2017,150.1
radiational,2017,147.2
radiational,2017,144.4
radiational,2017,141.5
radiational,2017,138.7
radiational,2017,135.9
radiational,2017,133
radiational,2017,130.2
radiational,2017,127.3
radiational,2017,124.5
radiational,2017,121.7
radiational,2017,118.8
radiational,2017,116
radiational,2017,113.1
radiational,2017,110.3
radiational,2017,107.4
radiational,2017,104.6
radiational,2017,101.8
radiational,2017,98.93
radiational,2017,96.09
radiational,2017,93.25
radiational,2017,90.4
radiational,2017,87.56
radiational,2017,84.72
radiational,2017,81.88
radiational,2017,79.04
radiational,2017,76.2
radiational,2017,73.36
radiational,2017,70.52
radiational,2017,67.68
radiational,2017,64.84
radiational,2017,62
radiational,2017,59.16
radiational,2017,56.32
radiational,2017,53.47
radiational,2017,50.63
radiational,2017,47.79
radiational,2017,44.95
radiational,2017,42.11
radiational,2017,39.27
radiational,2017,36.43
radiational,2017,33.59
radiational,2017,30.75
radiational,2017,27.91
radiational,2017,25.07
radiational,2017,22.23
radiational,2017,19.39
radiational,2017,16.54
radiational,2017,13.7
radiational,2017,10.86
radiational,2017,8.022
radiational,2017,5.182
radiational,2017,2.341
radiational,2017,-0.4999
radiational,2017,-3.341
radiational,2017,-6.181
radiational,2017,-9.022
radiational,2017,-11.86
radiational,2017,-14.7
radiational,2017,-17.54
radiational,2017,-20.39
radiational,2017,-23.23
radiational,2017,-26.07
radiational,2017,-28.91
radiational,2017,-31.75
radiational,2017,-34.59
radiational,2017,-37.43
radiational,2017,-40.27
radiational,2017,-43.11
radiational,2017,-45.95
radiational,2017,-48.79
radiational,2017,-51.63
radiational,2017,-54.47
radiational,2017,-57.32
radiational,2017,-60.16
radiational,2017,-63
radiational,2017,-65.84
radiational,2017,-68.68
radiational,2017,-71.52
radiational,2017,-74.36
radiational,2017,-77.2
radiational,2017,-80.04
radiational,2017,-82.88
radiational,2017,-85.72
radiational,2017,-88.56
radiational,2017,-91.4
radiational,2017,-94.24
radiational,2017,-97.09
radiational,2017,-99.93
radiational,2017,-102.8
radiational,2017,-105.6
radiational,2017,-108.4
radiational,2017,-111.3
radiational,2017,-114.1
radiational,2017,-117
radiational,2017,-119.8
radiational,2017,-122.7
radiational,2017,-125.5
radiational,2017,-128.3
radiational,2017,-131.2
radiational,2017,-134
radiational,2017,-136.9
radiational,2017,-139.7
radiational,2017,-142.5
radiational,2017,-145.4
radiational,2017,-148.2
radiational,2017,-151.1
radiational,2017,-153.9
radiational,2017,-156.7
radiational,2017,-159.6
radiational,2017,-162.4
radiational,2017,-165.3
radiational,2017,-168.1
radiational,2017,-170.9
radiational,2017,-173.8
radiational,2017,-176.6
radiational,2017,-179.5
radiational,2017,-182.3
radiational,2017,-185.1
radiational,2017,-188
radiational,2017,-190.8
radiational,2017,-193.7
radiational,2017,-196.5
radiational,2017,-199.4
radiational,2017,-202.2
radiational,2017,-205
radiational,2017,-207.9
radiational,2017,-210.7
radiational,2017,-213.6
radiational,2017,-216.4
radiational,2017,-219.2
radiational,2017,-222.1
radiational,2017,-224.9
radiational,2017,-227.8
radiational,2017,-230.6
radiational,2017,-233.4
radiational,2017,1005
radiational,2017,1002
radiational,2017,999.4
radiational,2017,996.6
radiational,2017,525
radiational,2017,522.2
radiational,2017,519.4
radiational,2017,516.5
radiational,2017,513.7
radiational,2017,510.8
radiational,2017,508
radiational,2017,505.2
radiational,2017,502.3
radiational,2017,499.5
radiational,2017,496.6
radiational,2017,493.8
radiational,2017,491
radiational,2017,488.1
radiational,2017,485.3
radiational,2017,482.4
radiational,2017,479.6
radiational,2017,476.7
radiational,2017,473.9
radiational,2017,471.1
radiational,2017,468.2
radiational,2017,465.4
radiational,2017,462.5
radiational,2017,459.7
radiational,2017,456.9
radiational,2017,454
radiational,2017,451.2
radiational,2017,448.3
radiational,2017,445.5
radiational,2017,442.7
radiational,2017,439.8
radiational,2017,437
radiational,2017,434.1
radiational,2017,431.3
radiational,2017,428.5
radiational,2017,425.6
radiational,2017,422.8
radiational,2017,419.9
radiational,2017,417.1
radiational,2017,414.3
radiational,2017,411.4
radiational,2017,408.6
radiational,2017,405.7
radiational,2017,402.9
radiational,2017,400
radiational,2017,397.2
radiational,2017,394.4
radiational,2017,391.5
radiational,2017,388.7
radiational,2017,385.8
radiational,2017,383
radiational,2017,380.2
radiational,2017,377.3
radiational,2017,374.5
radiational,2017,371.6
radiational,2017,368.8
radiational,2017,366
radiational,2017,363.1
radiational,2017,360.3
radiational,2017,357.4
radiational,2017,354.6
radiational,2017,351.8
radiational,2017,348.9
radiational,2017,346.1
radiational,2017,343.2
radiational,2017,340.4
radiational,2017,337.6
radiational,2017,334.7
radiational,2017,331.9
radiational,2017,329
radiational,2017,326.2
radiational,2017,323.3
radiational,2017,320.5
radiational,2017,317.7
radiational,2017,314.8
radiational,2017,312
radiational,2017,309.1
radiational,2017,306.3
radiational,2017,303.5
radiational,2017,300.6
radiational,2017,297.8
radiational,2017,294.9
radiational,2017,292.1
radiational,2017,289.3
radiational,2017,286.4
radiational,2017,283.6
radiational,2017,280.7
radiational,2017,277.9
radiational,2017,275.1
radiational,2017,272.2
radiational,2017,269.4
radiational,2017,266.5
radiational,2017,263.7
radiational,2017,260.8
radiational,2017,258
radiational,2017,255.2
radiational,2017,252.3
radiational,2017,249.5
radiational,2017,246.6
radiational,2017,243.8
radiational,2017,241
radiational,2017,238.1
radiational,2017,235.3
radiational,2017,232.4
radiational,2017,229.6
radiational,2017,226.8
radiational,2017,223.9
radiational,2017,221.1
radiational,2017,218.2
radiational,2017,215.4
radiational,2017,212.6
radiational,2017,209.7
radiational,2017,206.9
radiational,2017,204
radiational,2017,201.2
radiational,2017,198.4
radiational,2017,195.5
radiational,2017,192.7
radiational,2017,189.8
radiational,2017,187
radiational,2017,184.1
radiational,2017,181.3
radiational,2017,178.5
radiational,2017,175.6
radiational,2017,172.8
radiational,2017,169.9
radiational,2017,167.1
radiational,2017,164.3
radiational,2017,161.4
radiational,2017,158.6
radiational,2017,155.7
radiational,2017,152.9
radiational,2017,150.1
radiational,2017,147.2
radiational,2017,144.4
radiational,2017,141.5
radiational,2017,138.7
radiational,2017,135.9
radiational,2017,133
radiational,2017,130.2
radiational,2017,127.3
radiational,2017,124.5
radiational,2017,121.7
radiational,2017,118.8
radiational,2017,116
radiational,2017,113.1
radiational,2017,110.3
radiational,2017,107.4
radiational,2017,104.6
radiational,2017,101.8
radiational,2017,98.93
radiational,2017,96.09
radiational,2017,93.25
radiational,2017,90.4
radiational,2017,87.56
radiational,2017,84.72
radiational,2017,81.88
radiational,2017,79.04
radiational,2017,76.2
radiational,2017,73.36
radiational,2017,70.52
radiational,2017,67.68
radiational,2017,64.84
radiational,2017,62
radiational,2017,59.16
radiational,2017,56.32
radiational,2017,53.47
radiational,2017,50.63
radiational,2017,47.79
radiational,2017,44.95
radiational,2017,42.11
radiational,2017,39.27
radiational,2017,36.43
radiational,2017,33.59
radiational,2017,30.75
radiational,2017,27.91
radiational,2017,25.07
radiational,2017,22.23
radiational,2017,19.39
radiational,2017,16.54
radiational,2017,13.7
radiational,2017,10.86
radiational,2017,8.022
radiational,2017,5.182
radiational,2017,2.341
radiational,2017,-0.4999
radiational,2017,-3.341
radiational,2017,-6.181
radiational,2017,-9.022
radiational,2017,-11.86
radiational,2017,-14.7
radiational,2017,-17.54
radiational,2017,-20.39
radiational,2017,-23.23
radiational,2017,-26.07
radiational,2017,-28.91
radiational,2017,-31.75
radiational,2017,-34.59
radiational,2017,-37.43
radiational,2017,-40.27
radiational,2017,-43.11
radiational,2017,-45.95
radiational,2017,-48.79
radiational,2017,-51.63
radiational,2017,-54.47
radiational,2017,-57.32
radiational,2017,-60.16
radiational,2017,-63
radiational,2017,-65.84
radiational,2017,-68.68
radiational,2017,-71.52
radiational,2017,-74.36
radiational,2017,-77.2
radiational,2017,-80.04
radiational,2017,-82.88
radiational,2017,-85.72
radiational,2017,-88.56
radiational,2017,-91.4
radiational,2017,-94.24
radiational,2017,-97.09
radiational,2017,-99.93
radiational,2017,-102.8
radiational,2017,-105.6
radiational,2017,-108.4
radiational,2017,-111.3
radiational,2017,-114.1
radiational,2017,-117
radiational,2017,-119.8
radiational,2017,-122.7
radiational,2017,-125.5
radiational,2017,-128.3
radiational,2017,-131.2
radiational,2017,-134
radiational,2017,-136.9
radiational,2017,-139.7
radiational,2017,-142.5
radiational,2017,-145.4
radiational,2017,-148.2
radiational,2017,-151.1
radiational,2017,-153.9
radiational,2017,-156.7
radiational,2017,-159.6
radiational,2017,-162.4
radiational,2017,-165.3
radiational,2017,-168.1
radiational,2017,-170.9
radiational,2017,-173.8
radiational,2017,-176.6
radiational,2017,-179.5
radiational,2017,-182.3
radiational,2017,-185.1
radiational,2017,-188
radiational,2017,-190.8
radiational,2017,-193.7
radiational,2017,-196.5
radiational,2017,-199.4
radiational,2017,-202.2
radiational,2017,-205
radiational,2017,-207.9
radiational,2017,-210.7
radiational,2017,-213.6
radiational,2017,-216.4
radiational,2017,-219.2
radiational,2017,-222.1
radiational,2017,-224.9
radiational,2017,-227.8
radiational,2017,-230.6
radiational,2017,-233.4
radiational,2017,-236.3
radiational,2017,1005
radiational,2017,1002
radiational,2017,999.4
radiational,2017,996.6
radiational,2017,493.8
radiational,2017,491
radiational,2017,488.1
radiational,2017,485.3
radiational,2017,419.9
radiational,2017,417.1
radiational,2017,414.3
radiational,2017,411.4
radiational,2017,408.6
radiational,2017,405.7
radiational,2017,402.9
radiational,2017,400
radiational,2017,397.2
radiational,2017,394.4
radiational,2017,391.5
radiational,2017,388.7
radiational,2017,385.8
radiational,2017,383
radiational,2017,380.2
radiational,2017,377.3
radiational,2017,374.5
radiational,2017,371.6
radiational,2017,368.8
radiational,2017,366
radiational,2017,363.1
radiational,2017,360.3
radiational,2017,357.4
radiational,2017,354.6
radiational,2017,351.8
radiational,2017,348.9
radiational,2017,346.1
radiational,2017,343.2
radiational,2017,340.4
radiational,2017,337.6
radiational,2017,334.7
radiational,2017,331.9
radiational,2017,329
radiational,2017,326.2
radiational,2017,323.3
radiational,2017,320.5
radiational,2017,317.7
radiational,2017,314.8
radiational,2017,312
radiational,2017,309.1
radiational,2017,306.3
radiational,2017,303.5
radiational,2017,300.6
radiational,2017,297.8
radiational,2017,294.9
radiational,2017,292.1
radiational,2017,289.3
radiational,2017,286.4
radiational,2017,283.6
radiational,2017,280.7
radiational,2017,277.9
radiational,2017,275.1
radiational,2017,272.2
radiational,2017,269.4
radiational,2017,266.5
radiational,2017,263.7
radiational,2017,260.8
radiational,2017,258
radiational,2017,255.2
radiational,2017,252.3
radiational,2017,249.5
radiational,2017,246.6
radiational,2017,243.8
radiational,2017,241
radiational,2017,238.1
radiational,2017,235.3
radiational,2017,232.4
radiational,2017,229.6
radiational,2017,226.8
radiational,2017,223.9
radiational,2017,221.1
radiational,2017,218.2
radiational,2017,215.4
radiational,2017,212.6
radiational,2017,209.7
radiational,2017,206.9
radiational,2017,204
radiational,2017,201.2
radiational,2017,198.4
radiational,2017,195.5
radiational,2017,192.7
radiational,2017,189.8
radiational,2017,187
radiational,2017,184.1
radiational,2017,181.3
radiational,2017,178.5
radiational,2017,175.6
radiational,2017,172.8
radiational,2017,169.9
radiational,2017,167.1
radiational,2017,164.3
radiational,2017,161.4
radiational,2017,158.6
radiational,2017,155.7
radiational,2017,152.9
radiational,2017,150.1
radiational,2017,147.2
radiational,2017,144.4
radiational,2017,141.5
radiational,2017,138.7
radiational,2017,135.9
radiational,2017,133
radiational,2017,130.2
radiational,2017,127.3
radiational,2017,124.5
radiational,2017,121.7
radiational,2017,118.8
radiational,2017,116
radiational,2017,113.1
radiational,2017,110.3
radiational,2017,107.4
radiational,2017,104.6
radiational,2017,101.8
radiational,2017,98.93
radiational,2017,96.09
radiational,2017,93.25
radiational,2017,90.4
radiational,2017,87.56
radiational,2017,84.72
radiational,2017,81.88
radiational,2017,79.04
radiational,2017,76.2
radiational,2017,73.36
radiational,2017,70.52
radiational,2017,67.68
radiational,2017,64.84
radiational,2017,62
radiational,2017,59.16
radiational,2017,56.32
radiational,2017,53.47
radiational,2017,50.63
radiational,2017,47.79
radiational,2017,44.95
radiational,2017,42.11
radiational,2017,39.27
radiational,2017,36.43
radiational,2017,33.59
radiational,2017,30.75
radiational,2017,27.91
radiational,2017,25.07
radiational,2017,22.23
radiational,2017,19.39
radiational,2017,16.54
radiational,2017,13.7
radiational,2017,10.86
radiational,2017,8.022
radiational,2017,5.182
radiational,2017,2.341
radiational,2017,-0.4999
radiational,2017,-3.341
radiational,2017,-6.181
radiational,2017,-9.022
radiational,2017,-11.86
radiational,2017,-14.7
radiational,2017,-17.54
radiational,2017,-20.39
radiational,2017,-23.23
radiational,2017,-26.07
radiational,2017,-28.91
radiational,2017,-31.75
radiational,2017,-34.59
radiational,2017,-37.43
radiational,2017,-40.27
radiational,2017,-43.11
radiational,2017,-45.95
radiational,2017,-48.79
radiational,2017,-51.63
radiational,2017,-54.47
radiational,2017,-57.32
radiational,2017,-60.16
radiational,2017,-63
radiational,2017,-65.84
radiational,2017,-68.68
radiational,2017,-71.52
radiational,2017,-74.36
radiational,2017,-77.2
radiational,2017,-80.04
radiational,2017,-82.88
radiational,2017,-85.72
radiational,2017,-88.56
radiational,2017,-91.4
radiational,2017,-94.24
radiational,2017,-97.09
radiational,2017,-99.93
radiational,2017,-102.8
radiational,2017,-105.6
radiational,2017,-108.4
radiational,2017,-111.3
radiational,2017,-114.1
radiational,2017,-117
radiational,2017,-119.8
radiational,2017,-122.7
radiational,2017,-125.5
radiational,2017,-128.3
radiational,2017,-131.2
radiational,2017,-134
radiational,2017,-136.9
radiational,2017,-139.7
radiational,2017,-142.5
radiational,2017,-145.4
radiational,2017,-148.2
radiational,2017,-151.1
radiational,2017,-153.9
radiational,2017,-156.7
radiational,2017,-159.6
radiational,2017,-162.4
radiational,2017,-165.3
radiational,2017,-168.1
radiational,2017,-170.9
radiational,2017,-173.8
radiational,2017,-176.6
radiational,2017,-179.5
radiational,2017,-182.3
radiational,2017,-185.1
radiational,2017,-188
radiational,2017,-190.8
radiational,2017,-193.7
radiational,2017,-196.5
radiational,2017,-199.4
radiational,2017,-202.2
radiational,2017,-205
radiational,2017,-207.9
radiational,2017,-210.7
radiational,2017,-213.6
radiational,2017,-216.4
radiational,2017,-219.2
radiational,2017,-222.1
radiational,2017,-224.9
radiational,2017,-227.8
radiational,2017,-230.6
radiational,2017,-233.4
radiational,2017,-236.3
radiational,2017,-239.1
radiational,2017,1005
radiational,2017,1002
radiational,2017,999.4
radiational,2017,996.6
radiational,2017,493.8
radiational,2017,491
radiational,2017,488.1
radiational,2017,485.3
radiational,2017,317.7
radiational,2017,314.8
radiational,2017,312
radiational,2017,309.1
radiational,2017,306.3
radiational,2017,303.5
radiational,2017,300.6
radiational,2017,297.8
radiational,2017,294.9
radiational,2017,292.1
radiational,2017,289.3
radiational,2017,286.4
radiational,2017,283.6
radiational,2017,280.7
radiational,2017,277.9
radiational,2017,275.1
radiational,2017,272.2
radiational,2017,269.4
radiational,2017,266.5
radiational,2017,263.7
radiational,2017,260.8
radiational,2017,258
radiational,2017,255.2
radiational,2017,252.3
radiational,2017,249.5
radiational,2017,246.6
radiational,2017,243.8
radiational,2017,241
radiational,2017,238.1
radiational,2017,235.3
radiational,2017,232.4
radiational,2017,229.6
radiational,2017,226.8
radiational,2017,223.9
radiational,2017,221.1
radiational,2017,218.2
radiational,2017,215.4
radiational,2017,212.6
radiational,2017,209.7
radiational,2017,206.9
radiational,2017,204
radiational,2017,201.2
radiational,2017,198.4
radiational,2017,195.5
radiational,2017,192.7
radiational,2017,189.8
radiational,2017,187
radiational,2017,184.1
radiational,2017,181.3
radiational,2017,178.5
radiational,2017,175.6
radiational,2017,172.8
radiational,2017,169.9
radiational,2017,167.1
radiational,2017,164.3
radiational,2017,161.4
radiational,2017,158.6
radiational,2017,155.7
radiational,2017,152.9
radiational,2017,150.1
radiational,2017,147.2
radiational,2017,144.4
radiational,2017,141.5
radiational,2017,138.7
radiational,2017,135.9
radiational,2017,133
radiational,2017,130.2
radiational,2017,127.3
radiational,2017,124.5
radiational,2017,121.7
radiational,2017,118.8
radiational,2017,116
radiational,2017,113.1
radiational,2017,110.3
radiational,2017,107.4
radiational,2017,104.6
radiational,2017,101.8
radiational,2017,98.93
radiational,2017,96.09
radiational,2017,93.25
radiational,2017,90.4
radiational,2017,87.56
radiational,2017,84.72
radiational,2017,81.88
radiational,2017,79.04
radiational,2017,76.2
radiational,2017,73.36
radiational,2017,70.52
radiational,2017,67.68
radiational,2017,64.84
radiational,2017,62
radiational,2017,59.16
radiational,2017,56.32
radiational,2017,53.47
radiational,2017,50.63
radiational,2017,47.79
radiational,2017,44.95
radiational,2017,42.11
radiational,2017,39.27
radiational,2017,36.43
radiational,2017,33.59
radiational,2017,30.75
radiational,2017,27.91
radiational,2017,25.07
radiational,2017,22.23
radiational,2017,19.39
radiational,2017,16.54
radiational,2017,13.7
radiational,2017,10.86
radiational,2017,8.022
radiational,2017,5.182
radiational,2017,2.341
radiational,2017,-0.4999
radiational,2017,-3.341
radiational,2017,-6.181
radiational,2017,-9.022
radiational,2017,-11.86
radiational,2017,-14.7
radiational,2017,-17.54
radiational,2017,-20.39
radiational,2017,-23.23
radiational,2017,-26.07
radiational,2017,-28.91
radiational,2017,-31.75
radiational,2017,-34.59
radiational,2017,-37.43
radiational,2017,-40.27
radiational,2017,-43.11
radiational,2017,-45.95
radiational,2017,-48.79
radiational,2017,-51.63
radiational,2017,-54.47
radiational,2017,-57.32
radiational,2017,-60.16
radiational,2017,-63
radiational,2017,-65.84
radiational,2017,-68.68
radiational,2017,-71.52
radiational,2017,-74.36
radiational,2017,-77.2
radiational,2017,-80.04
radiational,2017,-82.88
radiational,2017,-85.72
radiational,2017,-88.56
radiational,2017,-91.4
radiational,2017,-94.24
radiational,2017,-97.09
radiational,2017,-99.93
radiational,2017,-102.8
radiational,2017,-105.6
radiational,2017,-108.4
radiational,2017,-111.3
radiational,2017,-114.1
radiational,2017,-117
radiational,2017,-119.8
radiational,2017,-122.7
radiational,2017,-125.5
radiational,2017,-128.3
radiational,2017,-131.2
radiational,2017,-134
radiational,2017,-136.9
radiational,2017,-139.7
radiational,2017,-142.5
radiational,2017,-145.4
radiational,2017,-148.2
radiational,2017,-151.1
radiational,2017,-153.9
radiational,2017,-156.7
radiational,2017,-159.6
radiational,2017,-162.4
radiational,2017,-165.3
radiational,2017,-168.1
radiational,2017,-170.9
radiational,2017,-173.8
radiational,2017,-176.6
radiational,2017,-179.5
radiational,2017,-182.3
radiational,2017,-185.1
radiational,2017,-188
radiational,2017,-190.8
radiational,2017,-193.7
radiational,2017,-196.5
radiational,2017,-199.4
radiational,2017,-202.2
radiational,2017,-205
radiational,2017,-207.9
radiational,2017,-210.7
radiational,2017,-213.6
radiational,2017,-216.4
radiational,2017,-219.2
radiational,2017,-222.1
radiational,2017,-224.9
radiational,2017,-227.8
radiational,2017,-230.6
radiational,2017,-233.4
radiational,2017,-236.3
radiational,2017,-239.1
radiational,2017,-242
radiational,2017,1005
radiational,2017,1002
radiational,2017,999.4
radiational,2017,996.6
radiational,2017,493.8
radiational,2017,491
radiational,2017,488.1
radiational,2017,485.3
radiational,2017,215.4
radiational,2017,212.6
radiational,2017,209.7
radiational,2017,206.9
radiational,2017,204
radiational,2017,201.2
radiational,2017,198.4
radiational,2017,195.5
radiational,2017,192.7
radiational,2017,189.8
radiational,2017,187
radiational,2017,184.1
radiational,2017,181.3
radiational,2017,178.5
radiational,2017,175.6
radiational,2017,172.8
radiational,2017,169.9
radiational,2017,167.1
radiational,2017,164.3
radiational,2017,161.4
radiational,2017,158.6
radiational,2017,155.7
radiational,2017,152.9
radiational,2017,150.1
radiational,2017,147.2
radiational,2017,144.4
radiational,2017,141.5
radiational,2017,138.7
radiational,2017,135.9
radiational,2017,133
radiational,2017,130.2
radiational,2017,127.3
radiational,2017,124.5
radiational,2017,121.7
radiational,2017,118.8
radiational,2017,116
radiational,2017,113.1
radiational,2017,110.3
radiational,2017,107.4
radiational,2017,104.6
radiational,2017,101.8
radiational,2017,98.93
radiational,2017,96.09
radiational,2017,93.25
radiational,2017,90.4
radiational,2017,87.56
radiational,2017,84.72
radiational,2017,81.88
radiational,2017,79.04
radiational,2017,76.2
radiational,2017,73.36
radiational,2017,70.52
radiational,2017,67.68
radiational,2017,64.84
radiational,2017,62
radiational,2017,59.16
radiational,2017,56.32
radiational,2017,53.47
radiational,2017,50.63
radiational,2017,47.79
radiational,2017,44.95
radiational,2017,42.11
radiational,2017,39.27
radiational,2017,36.43
radiational,2017,33.59
radiational,2017,30.75
radiational,2017,27.91
radiational,2017,25.07
radiational,2017,22.23
radiational,2017,19.39
radiational,2017,16.54
radiational,2017,13.7
radiational,2017,10.86
radiational,2017,8.022
radiational,2017,5.182
radiational,2017,2.341
radiational,2017,-0.4999
radiational,2017,-3.341
radiational,2017,-6.181
radiational,2017,-9.022
radiational,2017,-11.86
radiational,2017,-14.7
radiational,2017,-17.54
radiational,2017,-20.39
radiational,2017,-23.23
radiational,2017,-26.07
radiational,2017,-28.91
radiational,2017,-31.75
radiational,2017,-34.59
radiational,2017,-37.43
radiational,2017,-40.27
radiational,2017,-43.11
radiational,2017,-45.95
radiational,2017,-48.79
radiational,2017,-51.63
radiational,2017,-54.47
radiational,2017,-57.32
radiational,2017,-60.16
radiational,2017,-63
radiational,2017,-65.84
radiational,2017,-68.68
radiational,2017,-71.52
radiational,2017,-74.36
radiational,2017,-77.2
radiational,2017,-80.04
radiational,2017,-82.88
radiational,2017,-85.72
radiational,2017,-88.56
radiational,2017,-91.4
radiational,2017,-94.24
radiational,2017,-97.09
radiational,2017,-99.93
radiational,2017,-102.8
radiational,2017,-105.6
radiational,2017,-108.4
radiational,2017,-111.3
radiational,2017,-114.1
radiational,2017,-117
radiational,2017,-119.8
radiational,2017,-122.7
radiational,2017,-125.5
radiational,2017,-128.3
radiational,2017,-131.2
radiational,2017,-134
radiational,2017,-136.9
radiational,2017,-139.7
radiational,2017,-142.5
radiational,2017,-145.4
radiational,2017,-148.2
radiational,2017,-151.1
radiational,2017,-153.9
radiational,2017,-156.7
radiational,2017,-159.6
radiational,2017,-162.4
radiational,2017,-165.3
radiational,2017,-168.1
radiational,2017,-170.9
radiational,2017,-173.8
radiational,2017,-176.6
radiational,2017,-179.5
radiational,2017,-182.3
radiational,2017,-185.1
radiational,2017,-188
radiational,2017,-190.8
radiational,2017,-193.7
radiational,2017,-196.5
radiational,2017,-199.4
radiational,2017,-202.2
radiational,2017,-205
radiational,2017,-207.9
radiational,2017,-210.7
radiational,2017,-213.6
radiational,2017,-216.4
radiational,2017,-219.2
radiational,2017,-222.1
radiational,2017,-224.9
radiational,2017,-227.8
radiational,2017,-230.6
radiational,2017,-233.4
radiational,2017,-236.3
radiational,2017,-239.1
radiational,2017,-242
radiational,2017,-244.8
radiational,2017,1005
radiational,2017,1002
radiational,2017,999.4
radiational,2017,996.6
radiational,2017,493.8
radiational,2017,491
radiational,2017,488.1
radiational,2017,485.3
radiational,2017,113.1
radiational,2017,110.3
radiational,2017,107.4
radiational,2017,104.6
radiational,2017,101.8
radiational,2017,98.93
radiational,2017,96.09
radiational,2017,93.25
radiational,2017,90.4
radiational,2017,87.56
radiational,2017,84.72
radiational,2017,81.88
radiational,2017,79.04
radiational,2017,76.2
radiational,2017,73.36
radiational,2017,70.52
radiational,2017,67.68
radiational,2017,64.84
radiational,2017,62
radiational,2017,59.16
radiational,2017,56.32
radiational,2017,53.47
radiational,2017,50.63
radiational,2017,47.79
radiational,2017,44.95
radiational,2017,42.11
radiational,2017,39.27
radiational,2017,36.43
radiational,2017,33.59
radiational,2017,30.75
radiational,2017,27.91
radiational,2017,25.07
radiational,2017,22.23
radiational,2017,19.39
radiational,2017,16.54
radiational,2017,13.7
radiational,2017,10.86
radiational,2017,8.022
radiational,2017,5.182
radiational,2017,2.341
radiational,2017,-0.4999
radiational,2017,-3.341
radiational,2017,-6.181
radiational,2017,-9.022
radiational,2017,-11.86
radiational,2017,-14.7
radiational,2017,-17.54
radiational,2017,-20.39
radiational,2017,-23.23
radiational,2017,-26.07
radiational,2017,-28.91
radiational,2017,-31.75
radiational,2017,-34.59
radiational,2017,-37.43
radiational,2017,-40.27
radiational,2017,-43.11
radiational,2017,-45.95
radiational,2017,-48.79
radiational,2017,-51.63
radiational,2017,-54.47
radiational,2017,-57.32
radiational,2017,-60.16
radiational,2017,-63
radiational,2017,-65.84
radiational,2017,-68.68
radiational,2017,-71.52
radiational,2017,-74.36
radiational,2017,-77.2
radiational,2017,-80.04
radiational,2017,-82.88
radiational,2017,-85.72
radiational,2017,-88.56
radiational,2017,-91.4
radiational,2017,-94.24
radiational,2017,-97.09
radiational,2017,-99.93
radiational,2017,-102.8
radiational,2017,-105.6
radiational,2017,-108.4
radiational,2017,-111.3
radiational,2017,-114.1
radiational,2017,-117
radiational,2017,-119.8
radiational,2017,-122.7
radiational,2017,-125.5
radiational,2017,-128.3
radiational,2017,-131.2
radiational,2017,-134
radiational,2017,-136.9
radiational,2017,-139.7
radiational,2017,-142.5
radiational,2017,-145.4
radiational,2017,-148.2
radiational,2017,-151.1
radiational,2017,-153.9
radiational,2017,-156.7
radiational,2017,-159.6
radiational,2017,-162.4
radiational,2017,-165.3
radiational,2017,-168.1
radiational,2017,-170.9
radiational,2017,-173.8
radiational,2017,-176.6
radiational,2017,-179.5
radiational,2017,-182.3
radiational,2017,-185.1
radiational,2017,-188
radiational,2017,-190.8
radiational,2017,-193.7
radiational,2017,-196.5
radiational,2017,-199.4
radiational,2017,-202.2
radiational,2017,-205
radiational,2017,-207.9
radiational,2017,-210.7
radiational,2017,-213.6
radiational,2017,-216.4
radiational,2017,-219.2
radiational,2017,-222.1
radiational,2017,-224.9
radiational,2017,-227.8
radiational,2017,-230.6
radiational,2017,-233.4
radiational,2017,-236.3
radiational,2017,-239.1
radiational,2017,-242
radiational,2017,-244.8
radiational,2017,-247.6
radiational,2017,1005
radiational,2017,1002
radiational,2017,999.4
radiational,2017,996.6
radiational,2017,493.8
radiational,2017,491
radiational,2017,488.1
radiational,2017,485.3
radiational,2017,8.022
radiational,2017,5.182
radiational,2017,2.341
radiational,2017,-0.4999
radiational,2017,-3.341
radiational,2017,-6.181
radiational,2017,-9.022
radiational,2017,-11.86
radiational,2017,-14.7
radiational,2017,-17.54
radiational,2017,-20.39
radiational,2017,-23.23
radiational,2017,-26.07
radiational,2017,-28.91
radiational,2017,-31.75
radiational,2017,-34.59
radiational,2017,-37.43
radiational,2017,-40.27
radiational,2017,-43.11
radiational,2017,-45.95
radiational,2017,-48.79
radiational,2017,-51.63
radiational,2017,-54.47
radiational,2017,-57.32
radiational,2017,-60.16
radiational,2017,-63
radiational,2017,-65.84
radiational,2017,-68.68
radiational,2017,-71.52
radiational,2017,-74.36
radiational,2017,-77.2
radiational,2017,-80.04
radiational,2017,-82.88
radiational,2017,-85.72
radiational,2017,-88.56
radiational,2017,-91.4
radiational,2017,-94.24
radiational,2017,-97.09
radiational,2017,-99.93
radiational,2017,-102.8
radiational,2017,-105.6
radiational,2017,-108.4
radiational,2017,-111.3
radiational,2017,-114.1
radiational,2017,-117
radiational,2017,-119.8
radiational,2017,-122.7
radiational,2017,-125.5
radiational,2017,-128.3
radiational,2017,-131.2
radiational,2017,-134
radiational,2017,-136.9
radiational,2017,-139.7
radiational,2017,-142.5
radiational,2017,-145.4
radiational,2017,-148.2
radiational,2017,-151.1
radiational,2017,-153.9
radiational,2017,-156.7
radiational,2017,-159.6
radiational,2017,-162.4
radiational,2017,-165.3
radiational,2017,-168.1
radiational,2017,-170.9
radiational,2017,-173.8
radiational,2017,-176.6
radiational,2017,-179.5
radiational,2017,-182.3
radiational,2017,-185.1
radiational,2017,-188
radiational,2017,-190.8
radiational,2017,-193.7
radiational,2017,-196.5
radiational,2017,-199.4
radiational,2017,-202.2
radiational,2017,-205
radiational,2017,-207.9
radiational,2017,-210.7
radiational,2017,-213.6
radiational,2017,-216.4
radiational,2017,-219.2
radiational,2017,-222.1
radiational,2017,-224.9
radiational,2017,-227.8
radiational,2017,-230.6
radiational,2017,-233.4
radiational,2017,-236.3
radiational,2017,-239.1
radiational,2017,-242
radiational,2017,-244.8
radiational,2017,-247.6
radiational,2017,-250.5
radiational,2017,1005
radiational,2017,1002
radiational,2017,999.4
radiational,2017,996.6
radiational,2017,493.8
radiational,2017,491
radiational,2017,488.1
radiational,2017,485.3
radiational,2017,-3.341
radiational,2017,-6.181
radiational,2017,-9.022
radiational,2017,-11.86
radiational,2017,-94.24
radiational,2017,-97.09
radiational,2017,-99.93
radiational,2017,-102.8
radiational,2017,-105.6
radiational,2017,-108.4
radiational,2017,-111.3
radiational,2017,-114.1
radiational,2017,-117
radiational,2017,-119.8
radiational,2017,-122.7
radiational,2017,-125.5
radiational,2017,-128.3
radiational,2017,-131.2
radiational,2017,-134
radiational,2017,-136.9
radiational,2017,-139.7
radiational,2017,-142.5
radiational,2017,-145.4
radiational,2017,-148.2
radiational,2017,-151.1
radiational,2017,-153.9
radiational,2017,-156.7
radiational,2017,-159.6
radiational,2017,-162.4
radiational,2017,-165.3
radiational,2017,-168.1
radiational,2017,-170.9
radiational,2017,-173.8
radiational,2017,-176.6
radiational,2017,-179.5
radiational,2017,-182.3
radiational,2017,-185.1
radiational,2017,-188
radiational,2017,-190.8
radiational,2017,-193.7
radiational,2017,-196.5
radiational,2017,-199.4
radiational,2017,-202.2
radiational,2017,-205
radiational,2017,-207.9
radiational,2017,-210.7
radiational,2017,-213.6
radiational,2017,-216.4
radiational,2017,-219.2
radiational,2017,-222.1
radiational,2017,-224.9
radiational,2017,-227.8
radiational,2017,-230.6
radiational,2017,-233.4
radiational,2017,-236.3
radiational,2017,-239.1
radiational,2017,-242
radiational,2017,-244.8
radiational,2017,-247.6
radiational,2017,-250.5
radiational,2017,1005
radiational,2017,1002
radiational,2017,999.4
radiational,2017,996.6
radiational,2017,493.8
radiational,2017,491
radiational,2017,488.1
radiational,2017,485.3
radiational,2017,-3.341
radiational,2017,-6.181
radiational,2017,-9.022
radiational,2017,-11.86
radiational,2017,-196.5
radiational,2017,-199.4
radiational,2017,-202.2
radiational,2017,-205
radiational,2017,-207.9
radiational,2017,-210.7
radiational,2017,-213.6
radiational,2017,-216.4
radiational,2017,-219.2
radiational,2017,-222.1
radiational,2017,-224.9
radiational,2017,-227.8
radiational,2017,-230.6
radiational,2017,-233.4
radiational,2017,-236.3
radiational,2017,-239.1
radiational,2017,-242
radiational,2017,-244.8
radiational,2017,-247.6
radiational,2017,-250.5
radiational,2017,-253.3
radiational,2017,1005
radiational,2017,1002
radiational,2017,999.4
radiational,2017,996.6
radiational,2017,493.8
radiational,2017,491
radiational,2017,488.1
radiational,2017,485.3
radiational,2017,-3.341
radiational,2017,-6.181
radiational,2017,-9.022
radiational,2017,-11.86
radiational,2017,-224.9
radiational,2017,-227.8
radiational,2017,-230.6
radiational,2017,-233.4
radiational,2017,-236.3
radiational,2017,-239.1
radiational,2017,-242
radiational,2017,-244.8
radiational,2017,-247.6
radiational,2017,-250.5
radiational,2017,-253.3
radiational,2017,-256.2
radiational,2017,1005
radiational,2017,1002
radiational,2017,999.4
radiational,2017,996.6
radiational,2017,493.8
radiational,2017,491
radiational,2017,488.1
radiational,2017,485.3
radiational,2017,-3.341
radiational,2017,-6.181
radiational,2017,-9.022
radiational,2017,-11.86
radiational,2017,-227.8
radiational,2017,-230.6
radiational,2017,-233.4
radiational,2017,-236.3
radiational,2017,-239.1
radiational,2017,-242
radiational,2017,-244.8
radiational,2017,-247.6
radiational,2017,-250.5
radiational,2017,-253.3
radiational,2017,-256.2
radiational,2017,-259
radiational,2018,1005
radiational,2018,1002
radiational,2018,999.4
radiational,2018,996.6
radiational,2018,493.8
radiational,2018,491
radiational,2018,488.1
radiational,2018,485.3
radiational,2018,-3.341
radiational,2018,-6.181
radiational,2018,-9.022
radiational,2018,-11.86
radiational,2018,-227.8
radiational,2018,-230.6
radiational,2018,-233.4
radiational,2018,-236.3
radiational,2018,-239.1
radiational,2018,-242
radiational,2018,-244.8
radiational,2018,-247.6
radiational,2018,-250.5
radiational,2018,-253.3
radiational,2018,-256.2
radiational,2018,-259
radiational,2018,-261.8
radiational,2018,1005
radiational,2018,1002
radiational,2018,999.4
radiational,2018,996.6
radiational,2018,493.8
radiational,2018,491
radiational,2018,488.1
radiational,2018,485.3
radiational,2018,-3.341
radiational,2018,-6.181
radiational,2018,-9.022
radiational,2018,-11.86
radiational,2018,-230.6
radiational,2018,-233.4
radiational,2018,-236.3
radiational,2018,-239.1
radiational,2018,-242
radiational,2018,-244.8
radiational,2018,-247.6
radiational,2018,-250.5
radiational,2018,-253.3
radiational,2018,-256.2
radiational,2018,-259
radiational,2018,-261.8
radiational,2018,-264.7
radiational,2018,1005
radiational,2018,1002
radiational,2018,999.4
radiational,2018,996.6
radiational,2018,493.8
radiational,2018,491
radiational,2018,488.1
radiational,2018,485.3
radiational,2018,-3.341
radiational,2018,-6.181
radiational,2018,-9.022
radiational,2018,-11.86
radiational,2018,-233.4
radiational,2018,-236.3
radiational,2018,-239.1
radiational,2018,-242
radiational,2018,-244.8
radiational,2018,-247.6
radiational,2018,-250.5
radiational,2018,-253.3
radiational,2018,-256.2
radiational,2018,-259
radiational,2018,-261.8
radiational,2018,-264.7
radiational,2018,-267.5
radiational,2018,1005
radiational,2018,1002
radiational,2018,999.4
radiational,2018,996.6
radiational,2018,493.8
radiational,2018,491
radiational,2018,488.1
radiational,2018,485.3
radiational,2018,-3.341
radiational,2018,-6.181
radiational,2018,-9.022
radiational,2018,-11.86
radiational,2018,-236.3
radiational,2018,-239.1
radiational,2018,-242
radiational,2018,-244.8
radiational,2018,-247.6
radiational,2018,-250.5
radiational,2018,-253.3
radiational,2018,-256.2
radiational,2018,-259
radiational,2018,-261.8
radiational,2018,-264.7
radiational,2018,-267.5
radiational,2018,-270.4
radiational,2018,1005
radiational,2018,1002
radiational,2018,999.4
radiational,2018,996.6
radiational,2018,493.8
radiational,2018,491
radiational,2018,488.1
radiational,2018,485.3
radiational,2018,-3.341
radiational,2018,-6.181
radiational,2018,-9.022
radiational,2018,-11.86
radiational,2018,-239.1
radiational,2018,-242
radiational,2018,-244.8
radiational,2018,-247.6
radiational,2018,-250.5
radiational,2018,-253.3
radiational,2018,-256.2
radiational,2018,-259
radiational,2018,-261.8
radiational,2018,-264.7
radiational,2018,-267.5
radiational,2018,-270.4
radiational,2018,1005
radiational,2018,1002
radiational,2018,999.4
radiational,2018,996.6
radiational,2018,493.8
radiational,2018,491
radiational,2018,488.1
radiational,2018,485.3
radiational,2018,-3.341
radiational,2018,-6.181
radiational,2018,-9.022
radiational,2018,-11.86
radiational,2018,-242
radiational,2018,-244.8
radiational,2018,-247.6
radiational,2018,-250.5
radiational,2018,-253.3
radiational,2018,-256.2
radiational,2018,-259
radiational,2018,-261.8
radiational,2018,-264.7
radiational,2018,-267.5
radiational,2018,-270.4
radiational,2018,-273.2
radiational,2018,1005
radiational,2018,1002
radiational,2018,999.4
radiational,2018,996.6
radiational,2018,493.8
radiational,2018,491
radiational,2018,488.1
radiational,2018,485.3
radiational,2018,-3.341
radiational,2018,-6.181
radiational,2018,-9.022
radiational,2018,-11.86
radiational,2018,-244.8
radiational,2018,-247.6
radiational,2018,-250.5
radiational,2018,-253.3
radiational,2018,-256.2
radiational,2018,-259
radiational,2018,-261.8
radiational,2018,-264.7
radiational,2018,-267.5
radiational,2018,-270.4
radiational,2018,-273.2
radiational,2018,1005
radiational,2018,1002
radiational,2018,999.4
radiational,2018,996.6
radiational,2018,493.8
radiational,2018,491
radiational,2018,488.1
radiational,2018,485.3
radiational,2018,-3.341
radiational,2018,-6.181
radiational,2018,-9.022
radiational,2018,-11.86
radiational,2018,-247.6
radiational,2018,-250.5
radiational,2018,-253.3
radiational,2018,-256.2
radiational,2018,-259
radiational,2018,-261.8
radiational,2018,-264.7
radiational,2018,-267.5
radiational,2018,-270.4
radiational,2018,-273.2
radiational,2018,-276.1
radiational,2018,1005
radiational,2018,1002
radiational,2018,999.4
radiational,2018,996.6
radiational,2018,493.8
radiational,2018,491
radiational,2018,488.1
radiational,2018,485.3
radiational,2018,-3.341
radiational,2018,-6.181
radiational,2018,-9.022
radiational,2018,-11.86
radiational,2018,-250.5
radiational,2018,-253.3
radiational,2018,-256.2
radiational,2018,-259
radiational,2018,-261.8
radiational,2018,-264.7
radiational,2018,-267.5
radiational,2018,-270.4
radiational,2018,-273.2
radiational,2018,-276.1
radiational,2018,1005
radiational,2018,1002
radiational,2018,999.4
radiational,2018,996.6
radiational,2018,493.8
radiational,2018,491
radiational,2018,488.1
radiational,2018,485.3
radiational,2018,-3.341
radiational,2018,-6.181
radiational,2018,-9.022
radiational,2018,-11.86
radiational,2018,-250.5
radiational,2018,-253.3
radiational,2018,-256.2
radiational,2018,-259
radiational,2018,-261.8
radiational,2018,-264.7
radiational,2018,-267.5
radiational,2018,-270.4
radiational,2018,-273.2
radiational,2018,-276.1
radiational,2018,1005
radiational,2018,1002
radiational,2018,999.4
radiational,2018,996.6
radiational,2018,-3.341
radiational,2018,-6.181
radiational,2018,-9.022
radiational,2018,-11.86
radiational,2018,-250.5
radiational,2018,-253.3
radiational,2018,-256.2
radiational,2018,-259
radiational,2018,-261.8
radiational,2018,-264.7
radiational,2018,-267.5
radiational,2018,-270.4
radiational,2018,-273.2
radiational,2018,-276.1
radiational,2018,-278.9
radiational,2018,1005
radiational,2018,1002
radiational,2018,999.4
radiational,2018,996.6
radiational,2018,-3.341
radiational,2018,-6.181
radiational,2018,-9.022
radiational,2018,-11.86
radiational,2018,-253.3
radiational,2018,-256.2
radiational,2018,-259
radiational,2018,-261.8
radiational,2018,-264.7
radiational,2018,-267.5
radiational,2018,-270.4
radiational,2018,-273.2
radiational,2018,-276.1
radiational,2018,-278.9
radiational,2018,1005
radiational,2018,1002
radiational,2018,999.4
radiational,2018,996.6
radiational,2018,-253.3
radiational,2018,-256.2
radiational,2018,-259
radiational,2018,-261.8
radiational,2018,-264.7
radiational,2018,-267.5
radiational,2018,-270.4
radiational,2018,-273.2
radiational,2018,-276.1
radiational,2018,-278.9
radiational,2018,1005
radiational,2018,1002
radiational,2018,999.4
radiational,2018,996.6
radiational,2018,-256.2
radiational,2018,-259
radiational,2018,-261.8
radiational,2018,-264.7
radiational,2018,-267.5
radiational,2018,-270.4
radiational,2018,-273.2
radiational,2018,-276.1
radiational,2018,-278.9
radiational,2018,-281.7
radiational,2018,1005
radiational,2018,1002
radiational,2018,999.4
radiational,2018,996.6
radiational,2018,-256.2
radiational,2018,-259
radiational,2018,-261.8
radiational,2018,-264.7
radiational,2018,-267.5
radiational,2018,-270.4
radiational,2018,-273.2
radiational,2018,-276.1
radiational,2018,-278.9
radiational,2018,-281.7
radiational,2018,1005
radiational,2018,1002
radiational,2018,999.4
radiational,2018,996.6
radiational,2018,-256.2
radiational,2018,-259
radiational,2018,-261.8
radiational,2018,-264.7
radiational,2018,-267.5
radiational,2018,-270.4
radiational,2018,-273.2
radiational,2018,-276.1
radiational,2018,-278.9
radiational,2018,-281.7
radiational,2018,-284.6
radiational,2018,1005
radiational,2018,1002
radiational,2018,999.4
radiational,2018,996.6
radiational,2018,-256.2
radiational,2018,-259
radiational,2018,-261.8
radiational,2018,-264.7
radiational,2018,-267.5
radiational,2018,-270.4
radiational,2018,-273.2
radiational,2018,-276.1
radiational,2018,-278.9
radiational,2018,-281.7
radiational,2018,-284.6
radiational,2018,1005
radiational,2018,1002
radiational,2018,999.4
radiational,2018,996.6
radiational,2018,-250.5
radiational,2018,-253.3
radiational,2018,-256.2
radiational,2018,-259
radiational,2018,-261.8
radiational,2018,-264.7
radiational,2018,-267.5
radiational,2018,-270.4
radiational,2018,-273.2
radiational,2018,-276.1
radiational,2018,-278.9
radiational,2018,-281.7
radiational,2018,-284.6
radiational,2018,1005
radiational,2018,1002
radiational,2018,999.4
radiational,2018,996.6
radiational,2018,-244.8
radiational,2018,-247.6
radiational,2018,-250.5
radiational,2018,-253.3
radiational,2018,-256.2
radiational,2018,-259
radiational,2018,-261.8
radiational,2018,-264.7
radiational,2018,-267.5
radiational,2018,-270.4
radiational,2018,-273.2
radiational,2018,-276.1
radiational,2018,-278.9
radiational,2018,-281.7
radiational,2018,-284.6
radiational,2018,-287.4
radiational,2018,1005
radiational,2018,1002
radiational,2018,999.4
radiational,2018,996.6
radiational,2018,-236.3
radiational,2018,-239.1
radiational,2018,-242
radiational,2018,-244.8
radiational,2018,-247.6
radiational,2018,-250.5
radiational,2018,-253.3
radiational,2018,-256.2
radiational,2018,-259
radiational,2018,-261.8
radiational,2018,-264.7
radiational,2018,-267.5
radiational,2018,-270.4
radiational,2018,-273.2
radiational,2018,-276.1
radiational,2018,-278.9
radiational,2018,-281.7
radiational,2018,-284.6
radiational,2018,-287.4
radiational,2018,1005
radiational,2018,1002
radiational,2018,999.4
radiational,2018,996.6
radiational,2018,-230.6
radiational,2018,-233.4
radiational,2018,-236.3
radiational,2018,-239.1
radiational,2018,-242
radiational,2018,-244.8
radiational,2018,-247.6
radiational,2018,-250.5
radiational,2018,-253.3
radiational,2018,-256.2
radiational,2018,-259
radiational,2018,-261.8
radiational,2018,-264.7
radiational,2018,-267.5
radiational,2018,-270.4
radiational,2018,-273.2
radiational,2018,-276.1
radiational,2018,-278.9
radiational,2018,-281.7
radiational,2018,-284.6
radiational,2018,1005
radiational,2018,1002
radiational,2018,999.4
radiational,2018,996.6
radiational,2018,-224.9
radiational,2018,-227.8
radiational,2018,-230.6
radiational,2018,-233.4
radiational,2018,-236.3
radiational,2018,-239.1
radiational,2018,-242
radiational,2018,-244.8
radiational,2018,-247.6
radiational,2018,-250.5
radiational,2018,-253.3
radiational,2018,-256.2
radiational,2018,-259
radiational,2018,-261.8
radiational,2018,-264.7
radiational,2018,-267.5
radiational,2018,-270.4
radiational,2018,-273.2
radiational,2018,-276.1
radiational,2018,-278.9
radiational,2018,-281.7
radiational,2018,-284.6
radiational,2018,1005
radiational,2018,1002
radiational,2018,999.4
radiational,2018,996.6
radiational,2018,-216.4
radiational,2018,-219.2
radiational,2018,-222.1
radiational,2018,-224.9
radiational,2018,-227.8
radiational,2018,-230.6
radiational,2018,-233.4
radiational,2018,-236.3
radiational,2018,-239.1
radiational,2018,-242
radiational,2018,-244.8
radiational,2018,-247.6
radiational,2018,-250.5
radiational,2018,-253.3
radiational,2018,-256.2
radiational,2018,-259
radiational,2018,-261.8
radiational,2018,-264.7
radiational,2018,-267.5
radiational,2018,-270.4
radiational,2018,-273.2
radiational,2018,-276.1
radiational,2018,-278.9
radiational,2018,-281.7
radiational,2018,1005
radiational,2018,1002
radiational,2018,999.4
radiational,2018,996.6
radiational,2018,-210.7
radiational,2018,-213.6
radiational,2018,-216.4
radiational,2018,-219.2
radiational,2018,-222.1
radiational,2018,-224.9
radiational,2018,-227.8
radiational,2018,-230.6
radiational,2018,-233.4
radiational,2018,-236.3
radiational,2018,-239.1
radiational,2018,-242
radiational,2018,-244.8
radiational,2018,-247.6
radiational,2018,-250.5
radiational,2018,-253.3
radiational,2018,-256.2
radiational,2018,-259
radiational,2018,-261.8
radiational,2018,-264.7
radiational,2018,-267.5
radiational,2018,-270.4
radiational,2018,-273.2
radiational,2018,-276.1
radiational,2018,1005
radiational,2018,1002
radiational,2018,999.4
radiational,2018,996.6
radiational,2018,-202.2
radiational,2018,-205
radiational,2018,-207.9
radiational,2018,-210.7
radiational,2018,-213.6
radiational,2018,-216.4
radiational,2018,-219.2
radiational,2018,-222.1
radiational,2018,-224.9
radiational,2018,-227.8
radiational,2018,-230.6
radiational,2018,-233.4
radiational,2018,-236.3
radiational,2018,-239.1
radiational,2018,-242
radiational,2018,-244.8
radiational,2018,-247.6
radiational,2018,-250.5
radiational,2018,-253.3
radiational,2018,-256.2
radiational,2018,-259
radiational,2018,-261.8
radiational,2018,-264.7
radiational,2018,-267.5
radiational,2018,-270.4
radiational,2018,1005
radiational,2018,1002
radiational,2018,999.4
radiational,2018,996.6
radiational,2018,-196.5
radiational,2018,-199.4
radiational,2018,-202.2
radiational,2018,-205
radiational,2018,-207.9
radiational,2018,-210.7
radiational,2018,-213.6
radiational,2018,-216.4
radiational,2018,-219.2
radiational,2018,-222.1
radiational,2018,-224.9
radiational,2018,-227.8
radiational,2018,-230.6
radiational,2018,-233.4
radiational,2018,-236.3
radiational,2018,-239.1
radiational,2018,-242
radiational,2018,-244.8
radiational,2018,-247.6
radiational,2018,-250.5
radiational,2018,-253.3
radiational,2018,-256.2
radiational,2018,-259
radiational,2018,-261.8
radiational,2018,-264.7
radiational,2018,1005
radiational,2018,1002
radiational,2018,999.4
radiational,2018,996.6
radiational,2018,-190.8
radiational,2018,-193.7
radiational,2018,-196.5
radiational,2018,-199.4
radiational,2018,-202.2
radiational,2018,-205
radiational,2018,-207.9
radiational,2018,-210.7
radiational,2018,-213.6
radiational,2018,-216.4
radiational,2018,-219.2
radiational,2018,-222.1
radiational,2018,-224.9
radiational,2018,-227.8
radiational,2018,-230.6
radiational,2018,-233.4
radiational,2018,-236.3
radiational,2018,-239.1
radiational,2018,-242
radiational,2018,-244.8
radiational,2018,-247.6
radiational,2018,-250.5
radiational,2018,-253.3
radiational,2018,-256.2
radiational,2018,1005
radiational,2018,1002
radiational,2018,999.4
radiational,2018,996.6
radiational,2018,-182.3
radiational,2018,-185.1
radiational,2018,-188
radiational,2018,-190.8
radiational,2018,-193.7
radiational,2018,-196.5
radiational,2018,-199.4
radiational,2018,-202.2
radiational,2018,-205
radiational,2018,-207.9
radiational,2018,-210.7
radiational,2018,-213.6
radiational,2018,-216.4
radiational,2018,-219.2
radiational,2018,-222.1
radiational,2018,-224.9
radiational,2018,-227.8
radiational,2018,-230.6
radiational,2018,-233.4
radiational,2018,-236.3
radiational,2018,-239.1
radiational,2018,-242
radiational,2018,-244.8
radiational,2018,-247.6
radiational,2018,-250.5
radiational,2018,1005
radiational,2018,1002
radiational,2018,999.4
radiational,2018,996.6
radiational,2018,-176.6
radiational,2018,-179.5
radiational,2018,-182.3
radiational,2018,-185.1
radiational,2018,-188
radiational,2018,-190.8
radiational,2018,-193.7
radiational,2018,-196.5
radiational,2018,-199.4
radiational,2018,-202.2
radiational,2018,-205
radiational,2018,-207.9
radiational,2018,-210.7
radiational,2018,-213.6
radiational,2018,-216.4
radiational,2018,-219.2
radiational,2018,-222.1
radiational,2018,-224.9
radiational,2018,-227.8
radiational,2018,-230.6
radiational,2018,-233.4
radiational,2018,-236.3
radiational,2018,-239.1
radiational,2018,-242
radiational,2018,1005
radiational,2018,1002
radiational,2018,999.4
radiational,2018,996.6
radiational,2018,-173.8
radiational,2018,-176.6
radiational,2018,-179.5
radiational,2018,-182.3
radiational,2018,-185.1
radiational,2018,-188
radiational,2018,-190.8
radiational,2018,-193.7
radiational,2018,-196.5
radiational,2018,-199.4
radiational,2018,-202.2
radiational,2018,-205
radiational,2018,-207.9
radiational,2018,-210.7
radiational,2018,-213.6
radiational,2018,-216.4
radiational,2018,-219.2
radiational,2018,-222.1
radiational,2018,-224.9
radiational,2018,-227.8
radiational,2018,-230.6
radiational,2018,-233.4
radiational,2018,-236.3
radiational,2018,1005
radiational,2018,1002
radiational,2018,999.4
radiational,2018,996.6
radiational,2018,-173.8
radiational,2018,-176.6
radiational,2018,-179.5
radiational,2018,-182.3
radiational,2018,-185.1
radiational,2018,-188
radiational,2018,-190.8
radiational,2018,-193.7
radiational,2018,-196.5
radiational,2018,-199.4
radiational,2018,-202.2
radiational,2018,-205
radiational,2018,-207.9
radiational,2018,-210.7
radiational,2018,-213.6
radiational,2018,-216.4
radiational,2018,-219.2
radiational,2018,-222.1
radiational,2018,-224.9
radiational,2018,-227.8
radiational,2018,-230.6
radiational,2018,1005
radiational,2018,1002
radiational,2018,999.4
radiational,2018,996.6
radiational,2018,-173.8
radiational,2018,-176.6
radiational,2018,-179.5
radiational,2018,-182.3
radiational,2018,-185.1
radiational,2018,-188
radiational,2018,-190.8
radiational,2018,-193.7
radiational,2018,-196.5
radiational,2018,-199.4
radiational,2018,-202.2
radiational,2018,-205
radiational,2018,-207.9
radiational,2018,-210.7
radiational,2018,-213.6
radiational,2018,-216.4
radiational,2018,-219.2
radiational,2018,-222.1
radiational,2018,1005
radiational,2018,1002
radiational,2018,999.4
radiational,2018,996.6
radiational,2018,-170.9
radiational,2018,-173.8
radiational,2018,-176.6
radiational,2018,-179.5
radiational,2018,-182.3
radiational,2018,-185.1
radiational,2018,-188
radiational,2018,-190.8
radiational,2018,-193.7
radiational,2018,-196.5
radiational,2018,-199.4
radiational,2018,-202.2
radiational,2018,-205
radiational,2018,-207.9
radiational,2018,-210.7
radiational,2018,-213.6
radiational,2018,-216.4
radiational,2018,1005
radiational,2018,1002
radiational,2018,999.4
radiational,2018,996.6
radiational,2018,-173.8
radiational,2018,-176.6
radiational,2018,-179.5
radiational,2018,-182.3
radiational,2018,-185.1
radiational,2018,-188
radiational,2018,-190.8
radiational,2018,-193.7
radiational,2018,-196.5
radiational,2018,-199.4
radiational,2018,-202.2
radiational,2018,-205
radiational,2018,-207.9
radiational,2018,-210.7
radiational,2018,1005
radiational,2018,1002
radiational,2018,999.4
radiational,2018,996.6
radiational,2018,-173.8
radiational,2018,-176.6
radiational,2018,-179.5
radiational,2018,-182.3
radiational,2018,-185.1
radiational,2018,-188
radiational,2018,-190.8
radiational,2018,-193.7
radiational,2018,-196.5
radiational,2018,-199.4
radiational,2018,-202.2
radiational,2018,-205
radiational,2018,1005
radiational,2018,1002
radiational,2018,999.4
radiational,2018,996.6
radiational,2018,-176.6
radiational,2018,-179.5
radiational,2018,-182.3
radiational,2018,-185.1
radiational,2018,-188
radiational,2018,-190.8
radiational,2018,-193.7
radiational,2018,-196.5
radiational,2018,-199.4
radiational,2018,-202.2
radiational,2018,-205
radiational,2018,1005
radiational,2018,1002
radiational,2018,999.4
radiational,2018,996.6
radiational,2018,-176.6
radiational,2018,-179.5
radiational,2018,-182.3
radiational,2018,-185.1
radiational,2018,-188
radiational,2018,-190.8
radiational,2018,-193.7
radiational,2018,-196.5
radiational,2018,-199.4
radiational,2018,-202.2
radiational,2018,-205
radiational,2018,-207.9
radiational,2018,1005
radiational,2018,1002
radiational,2018,999.4
radiational,2018,996.6
radiational,2018,-179.5
radiational,2018,-182.3
radiational,2018,-185.1
radiational,2018,-188
radiational,2018,-190.8
radiational,2018,-193.7
radiational,2018,-196.5
radiational,2018,-199.4
radiational,2018,-202.2
radiational,2018,-205
radiational,2018,-207.9
radiational,2018,-210.7
radiational,2018,1005
radiational,2018,1002
radiational,2018,999.4
radiational,2018,996.6
radiational,2018,-182.3
radiational,2018,-185.1
radiational,2018,-188
radiational,2018,-190.8
radiational,2018,-193.7
radiational,2018,-196.5
radiational,2018,-199.4
radiational,2018,-202.2
radiational,2018,-205
radiational,2018,-207.9
radiational,2018,-210.7
radiational,2018,1005
radiational,2018,1002
radiational,2018,999.4
radiational,2018,996.6
radiational,2018,-185.1
radiational,2018,-188
radiational,2018,-190.8
radiational,2018,-193.7
radiational,2018,-196.5
radiational,2018,-199.4
radiational,2018,-202.2
radiational,2018,-205
radiational,2018,-207.9
radiational,2018,-210.7
radiational,2018,-213.6
radiational,2018,1005
radiational,2018,1002
radiational,2018,999.4
radiational,2018,996.6
radiational,2018,-185.1
radiational,2018,-188
radiational,2018,-190.8
radiational,2018,-193.7
radiational,2018,-196.5
radiational,2018,-199.4
radiational,2018,-202.2
radiational,2018,-205
radiational,2018,-207.9
radiational,2018,-210.7
radiational,2018,-213.6
radiational,2018,-216.4
radiational,2018,1005
radiational,2018,1002
radiational,2018,999.4
radiational,2018,996.6
radiational,2018,-188
radiational,2018,-190.8
radiational,2018,-193.7
radiational,2018,-196.5
radiational,2018,-199.4
radiational,2018,-202.2
radiational,2018,-205
radiational,2018,-207.9
radiational,2018,-210.7
radiational,2018,-213.6
radiational,2018,-216.4
radiational,2018,1005
radiational,2018,1002
radiational,2018,999.4
radiational,2018,996.6
radiational,2018,-190.8
radiational,2018,-193.7
radiational,2018,-196.5
radiational,2018,-199.4
radiational,2018,-202.2
radiational,2018,-205
radiational,2018,-207.9
radiational,2018,-210.7
radiational,2018,-213.6
radiational,2018,-216.4
radiational,2018,-219.2
radiational,2018,1005
radiational,2018,1002
radiational,2018,999.4
radiational,2018,996.6
radiational,2018,-190.8
radiational,2018,-193.7
radiational,2018,-196.5
radiational,2018,-199.4
radiational,2018,-202.2
radiational,2018,-205
radiational,2018,-207.9
radiational,2018,-210.7
radiational,2018,-213.6
radiational,2018,-216.4
radiational,2018,-219.2
radiational,2018,-222.1
radiational,2018,-224.9
radiational,2018,1005
radiational,2018,1002
radiational,2018,999.4
radiational,2018,996.6
radiational,2018,-193.7
radiational,2018,-196.5
radiational,2018,-199.4
radiational,2018,-202.2
radiational,2018,-205
radiational,2018,-207.9
radiational,2018,-210.7
radiational,2018,-213.6
radiational,2018,-216.4
radiational,2018,-219.2
radiational,2018,-222.1
radiational,2018,-224.9
radiational,2018,-227.8
radiational,2018,1005
radiational,2018,1002
radiational,2018,999.4
radiational,2018,996.6
radiational,2018,-196.5
radiational,2018,-199.4
radiational,2018,-202.2
radiational,2018,-205
radiational,2018,-207.9
radiational,2018,-210.7
radiational,2018,-213.6
radiational,2018,-216.4
radiational,2018,-219.2
radiational,2018,-222.1
radiational,2018,-224.9
radiational,2018,-227.8
radiational,2018,-230.6
radiational,2018,1005
radiational,2018,1002
radiational,2018,999.4
radiational,2018,996.6
radiational,2018,-196.5
radiational,2018,-199.4
radiational,2018,-202.2
radiational,2018,-205
radiational,2018,-207.9
radiational,2018,-210.7
radiational,2018,-213.6
radiational,2018,-216.4
radiational,2018,-219.2
radiational,2018,-222.1
radiational,2018,-224.9
radiational,2018,-227.8
radiational,2018,-230.6
radiational,2018,-233.4
radiational,2018,1005
radiational,2018,1002
radiational,2018,999.4
radiational,2018,996.6
radiational,2018,-199.4
radiational,2018,-202.2
radiational,2018,-205
radiational,2018,-207.9
radiational,2018,-210.7
radiational,2018,-213.6
radiational,2018,-216.4
radiational,2018,-219.2
radiational,2018,-222.1
radiational,2018,-224.9
radiational,2018,-227.8
radiational,2018,-230.6
radiational,2018,-233.4
radiational,2018,-236.3
radiational,2018,1005
radiational,2018,1002
radiational,2018,999.4
radiational,2018,996.6
radiational,2018,-202.2
radiational,2018,-205
radiational,2018,-207.9
radiational,2018,-210.7
radiational,2018,-213.6
radiational,2018,-216.4
radiational,2018,-219.2
radiational,2018,-222.1
radiational,2018,-224.9
radiational,2018,-227.8
radiational,2018,-230.6
radiational,2018,-233.4
radiational,2018,-236.3
radiational,2018,-239.1
radiational,2018,1005
radiational,2018,1002
radiational,2018,999.4
radiational,2018,996.6
radiational,2018,-205
radiational,2018,-207.9
radiational,2018,-210.7
radiational,2018,-213.6
radiational,2018,-216.4
radiational,2018,-219.2
radiational,2018,-222.1
radiational,2018,-224.9
radiational,2018,-227.8
radiational,2018,-230.6
radiational,2018,-233.4
radiational,2018,-236.3
radiational,2018,-239.1
radiational,2018,-242
radiational,2018,-244.8
radiational,2018,1005
radiational,2018,1002
radiational,2018,999.4
radiational,2018,996.6
radiational,2018,-207.9
radiational,2018,-210.7
radiational,2018,-213.6
radiational,2018,-216.4
radiational,2018,-219.2
radiational,2018,-222.1
radiational,2018,-224.9
radiational,2018,-227.8
radiational,2018,-230.6
radiational,2018,-233.4
radiational,2018,-236.3
radiational,2018,-239.1
radiational,2018,-242
radiational,2018,-244.8
radiational,2018,-247.6
radiational,2018,1005
radiational,2018,1002
radiational,2018,999.4
radiational,2018,996.6
radiational,2018,-210.7
radiational,2018,-213.6
radiational,2018,-216.4
radiational,2018,-219.2
radiational,2018,-222.1
radiational,2018,-224.9
radiational,2018,-227.8
radiational,2018,-230.6
radiational,2018,-233.4
radiational,2018,-236.3
radiational,2018,-239.1
radiational,2018,-242
radiational,2018,-244.8
radiational,2018,-247.6
radiational,2018,-250.5
radiational,2018,1005
radiational,2018,1002
radiational,2018,999.4
radiational,2018,996.6
radiational,2018,-216.4
radiational,2018,-219.2
radiational,2018,-222.1
radiational,2018,-224.9
radiational,2018,-227.8
radiational,2018,-230.6
radiational,2018,-233.4
radiational,2018,-236.3
radiational,2018,-239.1
radiational,2018,-242
radiational,2018,-244.8
radiational,2018,-247.6
radiational,2018,-250.5
radiational,2018,-253.3
radiational,2018,1005
radiational,2018,1002
radiational,2018,999.4
radiational,2018,996.6
radiational,2018,-219.2
radiational,2018,-222.1
radiational,2018,-224.9
radiational,2018,-227.8
radiational,2018,-230.6
radiational,2018,-233.4
radiational,2018,-236.3
radiational,2018,-239.1
radiational,2018,-242
radiational,2018,-244.8
radiational,2018,-247.6
radiational,2018,-250.5
radiational,2018,-253.3
radiational,2018,-256.2
radiational,2018,1005
radiational,2018,1002
radiational,2018,999.4
radiational,2018,996.6
radiational,2018,-222.1
radiational,2018,-224.9
radiational,2018,-227.8
radiational,2018,-230.6
radiational,2018,-233.4
radiational,2018,-236.3
radiational,2018,-239.1
radiational,2018,-242
radiational,2018,-244.8
radiational,2018,-247.6
radiational,2018,-250.5
radiational,2018,-253.3
radiational,2018,-256.2
radiational,2018,-259
radiational,2018,-261.8
radiational,2018,1005
radiational,2018,1002
radiational,2018,999.4
radiational,2018,996.6
radiational,2018,-224.9
radiational,2018,-227.8
radiational,2018,-230.6
radiational,2018,-233.4
radiational,2018,-236.3
radiational,2018,-239.1
radiational,2018,-242
radiational,2018,-244.8
radiational,2018,-247.6
radiational,2018,-250.5
radiational,2018,-253.3
radiational,2018,-256.2
radiational,2018,-259
radiational,2018,-261.8
radiational,2018,1005
radiational,2018,1002
radiational,2018,999.4
radiational,2018,996.6
radiational,2018,-227.8
radiational,2018,-230.6
radiational,2018,-233.4
radiational,2018,-236.3
radiational,2018,-239.1
radiational,2018,-242
radiational,2018,-244.8
radiational,2018,-247.6
radiational,2018,-250.5
radiational,2018,-253.3
radiational,2018,-256.2
radiational,2018,-259
radiational,2018,-261.8
radiational,2018,-264.7
radiational,2018,1005
radiational,2018,1002
radiational,2018,999.4
radiational,2018,996.6
radiational,2018,-230.6
radiational,2018,-233.4
radiational,2018,-236.3
radiational,2018,-239.1
radiational,2018,-242
radiational,2018,-244.8
radiational,2018,-247.6
radiational,2018,-250.5
radiational,2018,-253.3
radiational,2018,-256.2
radiational,2018,-259
radiational,2018,-261.8
radiational,2018,-264.7
radiational,2018,1005
radiational,2018,1002
radiational,2018,999.4
radiational,2018,996.6
radiational,2018,-236.3
radiational,2018,-239.1
radiational,2018,-242
radiational,2018,-244.8
radiational,2018,-247.6
radiational,2018,-250.5
radiational,2018,-253.3
radiational,2018,-256.2
radiational,2018,-259
radiational,2018,-261.8
radiational,2018,-264.7
radiational,2018,-267.5
radiational,2018,-500.5
radiational,2018,-503.3
radiational,2018,-506.2
radiational,2018,-509
radiational,2018,-511.8
radiational,2018,1005
radiational,2018,1002
radiational,2018,999.4
radiational,2018,996.6
radiational,2018,-236.3
radiational,2018,-239.1
radiational,2018,-242
radiational,2018,-244.8
radiational,2018,-247.6
radiational,2018,-250.5
radiational,2018,-253.3
radiational,2018,-256.2
radiational,2018,-259
radiational,2018,-261.8
radiational,2018,-264.7
radiational,2018,-500.5
radiational,2018,-503.3
radiational,2018,-506.2
radiational,2018,-509
radiational,2018,-511.8
radiational,2018,1005
radiational,2018,1002
radiational,2018,999.4
radiational,2018,996.6
radiational,2018,-233.4
radiational,2018,-236.3
radiational,2018,-239.1
radiational,2018,-242
radiational,2018,-244.8
radiational,2018,-247.6
radiational,2018,-250.5
radiational,2018,-253.3
radiational,2018,-256.2
radiational,2018,-259
radiational,2018,-261.8
radiational,2018,-264.7
radiational,2018,-500.5
radiational,2018,-503.3
radiational,2018,-506.2
radiational,2018,-509
radiational,2018,-511.8
radiational,2018,1005
radiational,2018,1002
radiational,2018,999.4
radiational,2018,996.6
radiational,2018,-233.4
radiational,2018,-236.3
radiational,2018,-239.1
radiational,2018,-242
radiational,2018,-244.8
radiational,2018,-247.6
radiational,2018,-250.5
radiational,2018,-253.3
radiational,2018,-256.2
radiational,2018,-259
radiational,2018,-261.8
radiational,2018,-500.5
radiational,2018,-503.3
radiational,2018,-506.2
radiational,2018,-509
radiational,2018,-511.8
radiational,2018,1005
radiational,2018,1002
radiational,2018,999.4
radiational,2018,996.6
radiational,2018,-230.6
radiational,2018,-233.4
radiational,2018,-236.3
radiational,2018,-239.1
radiational,2018,-242
radiational,2018,-244.8
radiational,2018,-247.6
radiational,2018,-250.5
radiational,2018,-253.3
radiational,2018,-256.2
radiational,2018,-259
radiational,2018,-261.8
radiational,2018,-500.5
radiational,2018,-503.3
radiational,2018,-506.2
radiational,2018,-509
radiational,2018,-511.8
radiational,2018,1005
radiational,2018,1002
radiational,2018,999.4
radiational,2018,996.6
radiational,2018,-227.8
radiational,2018,-230.6
radiational,2018,-233.4
radiational,2018,-236.3
radiational,2018,-239.1
radiational,2018,-242
radiational,2018,-244.8
radiational,2018,-247.6
radiational,2018,-250.5
radiational,2018,-253.3
radiational,2018,-256.2
radiational,2018,-259
radiational,2018,-500.5
radiational,2018,-503.3
radiational,2018,-506.2
radiational,2018,-509
radiational,2018,-511.8
radiational,2018,1005
radiational,2018,1002
radiational,2018,999.4
radiational,2018,996.6
radiational,2018,-227.8
radiational,2018,-230.6
radiational,2018,-233.4
radiational,2018,-236.3
radiational,2018,-239.1
radiational,2018,-242
radiational,2018,-244.8
radiational,2018,-247.6
radiational,2018,-250.5
radiational,2018,-253.3
radiational,2018,-256.2
radiational,2018,-500.5
radiational,2018,-503.3
radiational,2018,-506.2
radiational,2018,-509
radiational,2018,-511.8
radiational,2018,1005
radiational,2018,1002
radiational,2018,999.4
radiational,2018,996.6
radiational,2018,-224.9
radiational,2018,-227.8
radiational,2018,-230.6
radiational,2018,-233.4
radiational,2018,-236.3
radiational,2018,-239.1
radiational,2018,-242
radiational,2018,-244.8
radiational,2018,-247.6
radiational,2018,-250.5
radiational,2018,-253.3
radiational,2018,-256.2
radiational,2018,-500.5
radiational,2018,-503.3
radiational,2018,-506.2
radiational,2018,-509
radiational,2018,-511.8
radiational,2018,1005
radiational,2018,1002
radiational,2018,999.4
radiational,2018,996.6
radiational,2018,-222.1
radiational,2018,-224.9
radiational,2018,-227.8
radiational,2018,-230.6
radiational,2018,-233.4
radiational,2018,-236.3
radiational,2018,-239.1
radiational,2018,-242
radiational,2018,-244.8
radiational,2018,-247.6
radiational,2018,-250.5
radiational,2018,-253.3
radiational,2018,-500.5
radiational,2018,-503.3
radiational,2018,-506.2
radiational,2018,-509
radiational,2018,-511.8
radiational,2018,1005
radiational,2018,1002
radiational,2018,999.4
radiational,2018,996.6
radiational,2018,-222.1
radiational,2018,-224.9
radiational,2018,-227.8
radiational,2018,-230.6
radiational,2018,-233.4
radiational,2018,-236.3
radiational,2018,-239.1
radiational,2018,-242
radiational,2018,-244.8
radiational,2018,-247.6
radiational,2018,-250.5
radiational,2018,-500.5
radiational,2018,-503.3
radiational,2018,-506.2
radiational,2018,-509
radiational,2018,-511.8
radiational,2018,1005
radiational,2018,1002
radiational,2018,999.4
radiational,2018,996.6
radiational,2018,-219.2
radiational,2018,-222.1
radiational,2018,-224.9
radiational,2018,-227.8
radiational,2018,-230.6
radiational,2018,-233.4
radiational,2018,-236.3
radiational,2018,-239.1
radiational,2018,-242
radiational,2018,-244.8
radiational,2018,-247.6
radiational,2018,-250.5
radiational,2018,-500.5
radiational,2018,-503.3
radiational,2018,-506.2
radiational,2018,-509
radiational,2018,-511.8
radiational,2018,1005
radiational,2018,1002
radiational,2018,999.4
radiational,2018,996.6
radiational,2018,-216.4
radiational,2018,-219.2
radiational,2018,-222.1
radiational,2018,-224.9
radiational,2018,-227.8
radiational,2018,-230.6
radiational,2018,-233.4
radiational,2018,-236.3
radiational,2018,-239.1
radiational,2018,-242
radiational,2018,-244.8
radiational,2018,-247.6
radiational,2018,-500.5
radiational,2018,-503.3
radiational,2018,-506.2
radiational,2018,-509
radiational,2018,-511.8
radiational,2018,1005
radiational,2018,1002
radiational,2018,999.4
radiational,2018,996.6
radiational,2018,-216.4
radiational,2018,-219.2
radiational,2018,-222.1
radiational,2018,-224.9
radiational,2018,-227.8
radiational,2018,-230.6
radiational,2018,-233.4
radiational,2018,-236.3
radiational,2018,-239.1
radiational,2018,-242
radiational,2018,-244.8
radiational,2018,-500.5
radiational,2018,-503.3
radiational,2018,-506.2
radiational,2018,-509
radiational,2018,-511.8
radiational,2018,1005
radiational,2018,1002
radiational,2018,999.4
radiational,2018,996.6
radiational,2018,-216.4
radiational,2018,-219.2
radiational,2018,-222.1
radiational,2018,-224.9
radiational,2018,-227.8
radiational,2018,-230.6
radiational,2018,-233.4
radiational,2018,-236.3
radiational,2018,-239.1
radiational,2018,-242
radiational,2018,-500.5
radiational,2018,-503.3
radiational,2018,-506.2
radiational,2018,-509
radiational,2018,-511.8
radiational,2018,1005
radiational,2018,1002
radiational,2018,999.4
radiational,2018,996.6
radiational,2018,-216.4
radiational,2018,-219.2
radiational,2018,-222.1
radiational,2018,-224.9
radiational,2018,-227.8
radiational,2018,-230.6
radiational,2018,-233.4
radiational,2018,-236.3
radiational,2018,-239.1
radiational,2018,-242
radiational,2018,-500.5
radiational,2018,-503.3
radiational,2018,-506.2
radiational,2018,-509
radiational,2018,-511.8
radiational,2018,1005
radiational,2018,1002
radiational,2018,999.4
radiational,2018,996.6
radiational,2018,-216.4
radiational,2018,-219.2
radiational,2018,-222.1
radiational,2018,-224.9
radiational,2018,-227.8
radiational,2018,-230.6
radiational,2018,-233.4
radiational,2018,-236.3
radiational,2018,-239.1
radiational,2018,-242
radiational,2018,-500.5
radiational,2018,-503.3
radiational,2018,-506.2
radiational,2018,-509
radiational,2018,-511.8
radiational,2018,1005
radiational,2018,1002
radiational,2018,999.4
radiational,2018,996.6
radiational,2018,-216.4
radiational,2018,-219.2
radiational,2018,-222.1
radiational,2018,-224.9
radiational,2018,-227.8
radiational,2018,-230.6
radiational,2018,-233.4
radiational,2018,-236.3
radiational,2018,-239.1
radiational,2018,-242
radiational,2018,-500.5
radiational,2018,-503.3
radiational,2018,-506.2
radiational,2018,-509
radiational,2018,-511.8
radiational,2018,1005
radiational,2018,1002
radiational,2018,999.4
radiational,2018,996.6
radiational,2018,-216.4
radiational,2018,-219.2
radiational,2018,-222.1
radiational,2018,-224.9
radiational,2018,-227.8
radiational,2018,-230.6
radiational,2018,-233.4
radiational,2018,-236.3
radiational,2018,-239.1
radiational,2018,-242
radiational,2018,-500.5
radiational,2018,-503.3
radiational,2018,-506.2
radiational,2018,-509
radiational,2018,-511.8
radiational,2018,1005
radiational,2018,1002
radiational,2018,999.4
radiational,2018,996.6
radiational,2018,-216.4
radiational,2018,-219.2
radiational,2018,-222.1
radiational,2018,-224.9
radiational,2018,-227.8
radiational,2018,-230.6
radiational,2018,-233.4
radiational,2018,-236.3
radiational,2018,-239.1
radiational,2018,-242
radiational,2018,-500.5
radiational,2018,-503.3
radiational,2018,-506.2
radiational,2018,-509
radiational,2018,-511.8
radiational,2018,1005
radiational,2018,1002
radiational,2018,999.4
radiational,2018,996.6
radiational,2018,-216.4
radiational,2018,-219.2
radiational,2018,-222.1
radiational,2018,-224.9
radiational,2018,-227.8
radiational,2018,-230.6
radiational,2018,-233.4
radiational,2018,-236.3
radiational,2018,-239.1
radiational,2018,-242
radiational,2018,-500.5
radiational,2018,-503.3
radiational,2018,-506.2
radiational,2018,-509
radiational,2018,-511.8
radiational,2018,1005
radiational,2018,1002
radiational,2018,999.4
radiational,2018,996.6
radiational,2018,-216.4
radiational,2018,-219.2
radiational,2018,-222.1
radiational,2018,-224.9
radiational,2018,-227.8
radiational,2018,-230.6
radiational,2018,-233.4
radiational,2018,-236.3
radiational,2018,-239.1
radiational,2018,-242
radiational,2018,-500.5
radiational,2018,-503.3
radiational,2018,-506.2
radiational,2018,-509
radiational,2018,-511.8
radiational,2018,1005
radiational,2018,1002
radiational,2018,999.4
radiational,2018,996.6
radiational,2018,-216.4
radiational,2018,-219.2
radiational,2018,-222.1
radiational,2018,-224.9
radiational,2018,-227.8
radiational,2018,-230.6
radiational,2018,-233.4
radiational,2018,-236.3
radiational,2018,-239.1
radiational,2018,-242
radiational,2018,-500.5
radiational,2018,-503.3
radiational,2018,-506.2
radiational,2018,-509
radiational,2018,-511.8
radiational,2018,1005
radiational,2018,1002
radiational,2018,999.4
radiational,2018,996.6
radiational,2018,-216.4
radiational,2018,-219.2
radiational,2018,-222.1
radiational,2018,-224.9
radiational,2018,-227.8
radiational,2018,-230.6
radiational,2018,-233.4
radiational,2018,-236.3
radiational,2018,-239.1
radiational,2018,-242
radiational,2018,-500.5
radiational,2018,-503.3
radiational,2018,-506.2
radiational,2018,-509
radiational,2018,-511.8
radiational,2018,1005
radiational,2018,1002
radiational,2018,999.4
radiational,2018,996.6
radiational,2018,-216.4
radiational,2018,-219.2
radiational,2018,-222.1
radiational,2018,-224.9
radiational,2018,-227.8
radiational,2018,-230.6
radiational,2018,-233.4
radiational,2018,-236.3
radiational,2018,-239.1
radiational,2018,-242
radiational,2018,-500.5
radiational,2018,-503.3
radiational,2018,-506.2
radiational,2018,-509
radiational,2018,-511.8
radiational,2018,1005
radiational,2018,1002
radiational,2018,999.4
radiational,2018,996.6
radiational,2018,-216.4
radiational,2018,-219.2
radiational,2018,-222.1
radiational,2018,-224.9
radiational,2018,-227.8
radiational,2018,-230.6
radiational,2018,-233.4
radiational,2018,-236.3
radiational,2018,-239.1
radiational,2018,-242
radiational,2018,-500.5
radiational,2018,-503.3
radiational,2018,-506.2
radiational,2018,1005
radiational,2018,1002
radiational,2018,999.4
radiational,2018,996.6
radiational,2018,-216.4
radiational,2018,-219.2
radiational,2018,-222.1
radiational,2018,-224.9
radiational,2018,-227.8
radiational,2018,-230.6
radiational,2018,-233.4
radiational,2018,-236.3
radiational,2018,-239.1
radiational,2018,-242
radiational,2018,-500.5
radiational,2018,1005
radiational,2018,1002
radiational,2018,999.4
radiational,2018,996.6
radiational,2018,-216.4
radiational,2018,-219.2
radiational,2018,-222.1
radiational,2018,-224.9
radiational,2018,-227.8
radiational,2018,-230.6
radiational,2018,-233.4
radiational,2018,-236.3
radiational,2018,-239.1
radiational,2018,-242
radiational,2018,1005
radiational,2018,1002
radiational,2018,999.4
radiational,2018,996.6
radiational,2018,-216.4
radiational,2018,-219.2
radiational,2018,-222.1
radiational,2018,-224.9
radiational,2018,-227.8
radiational,2018,-230.6
radiational,2018,-233.4
radiational,2018,-236.3
radiational,2018,-239.1
radiational,2018,-242
radiational,2018,1005
radiational,2018,1002
radiational,2018,999.4
radiational,2018,996.6
radiational,2018,-216.4
radiational,2018,-219.2
radiational,2018,-222.1
radiational,2018,-224.9
radiational,2018,-227.8
radiational,2018,-230.6
radiational,2018,-233.4
radiational,2018,-236.3
radiational,2018,-239.1
radiational,2018,-242
radiational,2018,1005
radiational,2018,1002
radiational,2018,999.4
radiational,2018,996.6
radiational,2018,-219.2
radiational,2018,-222.1
radiational,2018,-224.9
radiational,2018,-227.8
radiational,2018,-230.6
radiational,2018,-233.4
radiational,2018,-236.3
radiational,2018,-239.1
radiational,2018,-242
radiational,2018,1005
radiational,2018,1002
radiational,2018,999.4
radiational,2018,996.6
radiational,2018,-219.2
radiational,2018,-222.1
radiational,2018,-224.9
radiational,2018,-227.8
radiational,2018,-230.6
radiational,2018,-233.4
radiational,2018,-236.3
radiational,2018,-239.1
radiational,2018,-242
radiational,2018,1005
radiational,2018,1002
radiational,2018,999.4
radiational,2018,996.6
radiational,2018,-219.2
radiational,2018,-222.1
radiational,2018,-224.9
radiational,2018,-227.8
radiational,2018,-230.6
radiational,2018,-233.4
radiational,2018,-236.3
radiational,2018,-239.1
radiational,2018,-242
radiational,2018,1005
radiational,2018,1002
radiational,2018,999.4
radiational,2018,996.6
radiational,2018,-219.2
radiational,2018,-222.1
radiational,2018,-224.9
radiational,2018,-227.8
radiational,2018,-230.6
radiational,2018,-233.4
radiational,2018,-236.3
radiational,2018,-239.1
radiational,2018,-242
radiational,2018,1005
radiational,2018,1002
radiational,2018,999.4
radiational,2018,996.6
radiational,2018,-219.2
radiational,2018,-222.1
radiational,2018,-224.9
radiational,2018,-227.8
radiational,2018,-230.6
radiational,2018,-233.4
radiational,2018,-236.3
radiational,2018,-239.1
radiational,2018,-242
radiational,2018,1005
radiational,2018,1002
radiational,2018,999.4
radiational,2018,996.6
radiational,2018,-219.2
radiational,2018,-222.1
radiational,2018,-224.9
radiational,2018,-227.8
radiational,2018,-230.6
radiational,2018,-233.4
radiational,2018,-236.3
radiational,2018,-239.1
radiational,2018,-242
radiational,2018,1005
radiational,2018,1002
radiational,2018,999.4
radiational,2018,996.6
radiational,2018,-219.2
radiational,2018,-222.1
radiational,2018,-224.9
radiational,2018,-227.8
radiational,2018,-230.6
radiational,2018,-233.4
radiational,2018,-236.3
radiational,2018,-239.1
radiational,2018,-242
radiational,2018,1005
radiational,2018,1002
radiational,2018,999.4
radiational,2018,996.6
radiational,2018,-219.2
radiational,2018,-222.1
radiational,2018,-224.9
radiational,2018,-227.8
radiational,2018,-230.6
radiational,2018,-233.4
radiational,2018,-236.3
radiational,2018,-239.1
radiational,2018,-242
radiational,2018,1005
radiational,2018,1002
radiational,2018,999.4
radiational,2018,996.6
radiational,2018,-219.2
radiational,2018,-222.1
radiational,2018,-224.9
radiational,2018,-227.8
radiational,2018,-230.6
radiational,2018,-233.4
radiational,2018,-236.3
radiational,2018,-239.1
radiational,2018,-242
radiational,2018,-244.8
radiational,2018,1005
radiational,2018,1002
radiational,2018,999.4
radiational,2018,996.6
radiational,2018,-219.2
radiational,2018,-222.1
radiational,2018,-224.9
radiational,2018,-227.8
radiational,2018,-230.6
radiational,2018,-233.4
radiational,2018,-236.3
radiational,2018,-239.1
radiational,2018,-242
radiational,2018,-244.8
radiational,2018,-247.6
radiational,2018,-250.5
radiational,2018,1005
radiational,2018,1002
radiational,2018,999.4
radiational,2018,996.6
radiational,2018,-219.2
radiational,2018,-222.1
radiational,2018,-224.9
radiational,2018,-227.8
radiational,2018,-230.6
radiational,2018,-233.4
radiational,2018,-236.3
radiational,2018,-239.1
radiational,2018,-242
radiational,2018,-244.8
radiational,2018,-247.6
radiational,2018,-250.5
radiational,2018,-253.3
radiational,2018,1005
radiational,2018,1002
radiational,2018,999.4
radiational,2018,996.6
radiational,2018,-219.2
radiational,2018,-222.1
radiational,2018,-224.9
radiational,2018,-227.8
radiational,2018,-230.6
radiational,2018,-233.4
radiational,2018,-236.3
radiational,2018,-239.1
radiational,2018,-242
radiational,2018,-244.8
radiational,2018,-247.6
radiational,2018,-250.5
radiational,2018,-253.3
radiational,2018,-256.2
radiational,2018,-259
radiational,2018,1005
radiational,2018,1002
radiational,2018,999.4
radiational,2018,996.6
radiational,2018,-219.2
radiational,2018,-222.1
radiational,2018,-224.9
radiational,2018,-227.8
radiational,2018,-230.6
radiational,2018,-233.4
radiational,2018,-236.3
radiational,2018,-239.1
radiational,2018,-242
radiational,2018,-244.8
radiational,2018,-247.6
radiational,2018,-250.5
radiational,2018,-253.3
radiational,2018,-256.2
radiational,2018,-259
radiational,2018,-261.8
radiational,2018,1005
radiational,2018,1002
radiational,2018,999.4
radiational,2018,996.6
radiational,2018,-222.1
radiational,2018,-224.9
radiational,2018,-227.8
radiational,2018,-230.6
radiational,2018,-233.4
radiational,2018,-236.3
radiational,2018,-239.1
radiational,2018,-242
radiational,2018,-244.8
radiational,2018,-247.6
radiational,2018,-250.5
radiational,2018,-253.3
radiational,2018,-256.2
radiational,2018,-259
radiational,2018,-261.8
radiational,2018,-264.7
radiational,2018,-267.5
radiational,2018,1005
radiational,2018,1002
radiational,2018,999.4
radiational,2018,996.6
radiational,2018,-224.9
radiational,2018,-227.8
radiational,2018,-230.6
radiational,2018,-233.4
radiational,2018,-236.3
radiational,2018,-239.1
radiational,2018,-242
radiational,2018,-244.8
radiational,2018,-247.6
radiational,2018,-250.5
radiational,2018,-253.3
radiational,2018,-256.2
radiational,2018,-259
radiational,2018,-261.8
radiational,2018,-264.7
radiational,2018,-267.5
radiational,2018,-270.4
radiational,2018,1005
radiational,2018,1002
radiational,2018,999.4
radiational,2018,996.6
radiational,2018,-230.6
radiational,2018,-233.4
radiational,2018,-236.3
radiational,2018,-239.1
radiational,2018,-242
radiational,2018,-244.8
radiational,2018,-247.6
radiational,2018,-250.5
radiational,2018,-253.3
radiational,2018,-256.2
radiational,2018,-259
radiational,2018,-261.8
radiational,2018,-264.7
radiational,2018,-267.5
radiational,2018,-270.4
radiational,2018,-273.2
radiational,2018,-276.1
radiational,2018,1005
radiational,2018,1002
radiational,2018,999.4
radiational,2018,996.6
radiational,2018,-233.4
radiational,2018,-236.3
radiational,2018,-239.1
radiational,2018,-242
radiational,2018,-244.8
radiational,2018,-247.6
radiational,2018,-250.5
radiational,2018,-253.3
radiational,2018,-256.2
radiational,2018,-259
radiational,2018,-261.8
radiational,2018,-264.7
radiational,2018,-267.5
radiational,2018,-270.4
radiational,2018,-273.2
radiational,2018,-276.1
radiational,2018,-278.9
radiational,2018,1005
radiational,2018,1002
radiational,2018,999.4
radiational,2018,996.6
radiational,2018,-239.1
radiational,2018,-242
radiational,2018,-244.8
radiational,2018,-247.6
radiational,2018,-250.5
radiational,2018,-253.3
radiational,2018,-256.2
radiational,2018,-259
radiational,2018,-261.8
radiational,2018,-264.7
radiational,2018,-267.5
radiational,2018,-270.4
radiational,2018,-273.2
radiational,2018,-276.1
radiational,2018,-278.9
radiational,2018,-281.7
radiational,2018,-284.6
radiational,2018,1005
radiational,2018,1002
radiational,2018,999.4
radiational,2018,996.6
radiational,2018,-242
radiational,2018,-244.8
radiational,2018,-247.6
radiational,2018,-250.5
radiational,2018,-253.3
radiational,2018,-256.2
radiational,2018,-259
radiational,2018,-261.8
radiational,2018,-264.7
radiational,2018,-267.5
radiational,2018,-270.4
radiational,2018,-273.2
radiational,2018,-276.1
radiational,2018,-278.9
radiational,2018,-281.7
radiational,2018,-284.6
radiational,2018,-287.4
radiational,2018,1005
radiational,2018,1002
radiational,2018,999.4
radiational,2018,996.6
radiational,2018,-247.6
radiational,2018,-250.5
radiational,2018,-253.3
radiational,2018,-256.2
radiational,2018,-259
radiational,2018,-261.8
radiational,2018,-264.7
radiational,2018,-267.5
radiational,2018,-270.4
radiational,2018,-273.2
radiational,2018,-276.1
radiational,2018,-278.9
radiational,2018,-281.7
radiational,2018,-284.6
radiational,2018,-287.4
radiational,2018,-290.3
radiational,2018,-293.1
radiational,2018,1005
radiational,2018,1002
radiational,2018,999.4
radiational,2018,996.6
radiational,2018,-250.5
radiational,2018,-253.3
radiational,2018,-256.2
radiational,2018,-259
radiational,2018,-261.8
radiational,2018,-264.7
radiational,2018,-267.5
radiational,2018,-270.4
radiational,2018,-273.2
radiational,2018,-276.1
radiational,2018,-278.9
radiational,2018,-281.7
radiational,2018,-284.6
radiational,2018,-287.4
radiational,2018,-290.3
radiational,2018,-293.1
radiational,2018,-295.9
radiational,2018,1005
radiational,2018,1002
radiational,2018,999.4
radiational,2018,996.6
radiational,2018,-256.2
radiational,2018,-259
radiational,2018,-261.8
radiational,2018,-264.7
radiational,2018,-267.5
radiational,2018,-270.4
radiational,2018,-273.2
radiational,2018,-276.1
radiational,2018,-278.9
radiational,2018,-281.7
radiational,2018,-284.6
radiational,2018,-287.4
radiational,2018,-290.3
radiational,2018,-293.1
radiational,2018,-295.9
radiational,2018,1005
radiational,2018,1002
radiational,2018,999.4
radiational,2018,996.6
radiational,2018,-259
radiational,2018,-261.8
radiational,2018,-264.7
radiational,2018,-267.5
radiational,2018,-270.4
radiational,2018,-273.2
radiational,2018,-276.1
radiational,2018,-278.9
radiational,2018,-281.7
radiational,2018,-284.6
radiational,2018,-287.4
radiational,2018,-290.3
radiational,2018,-293.1
radiational,2018,-295.9
radiational,2018,-298.8
radiational,2018,1005
radiational,2018,1002
radiational,2018,999.4
radiational,2018,996.6
radiational,2018,-264.7
radiational,2018,-267.5
radiational,2018,-270.4
radiational,2018,-273.2
radiational,2018,-276.1
radiational,2018,-278.9
radiational,2018,-281.7
radiational,2018,-284.6
radiational,2018,-287.4
radiational,2018,-290.3
radiational,2018,-293.1
radiational,2018,-295.9
radiational,2018,-298.8
radiational,2018,1005
radiational,2018,1002
radiational,2018,999.4
radiational,2018,996.6
radiational,2018,-267.5
radiational,2018,-270.4
radiational,2018,-273.2
radiational,2018,-276.1
radiational,2018,-278.9
radiational,2018,-281.7
radiational,2018,-284.6
radiational,2018,-287.4
radiational,2018,-290.3
radiational,2018,-293.1
radiational,2018,-295.9
radiational,2018,-298.8
radiational,2018,1005
radiational,2018,1002
radiational,2018,999.4
radiational,2018,996.6
radiational,2018,-273.2
radiational,2018,-276.1
radiational,2018,-278.9
radiational,2018,-281.7
radiational,2018,-284.6
radiational,2018,-287.4
radiational,2018,-290.3
radiational,2018,-293.1
radiational,2018,-295.9
radiational,2018,1005
radiational,2018,1002
radiational,2018,999.4
radiational,2018,996.6
radiational,2018,-278.9
radiational,2018,-281.7
radiational,2018,-284.6
radiational,2018,-287.4
radiational,2018,-290.3
radiational,2018,-293.1
radiational,2018,1005
radiational,2018,1002
radiational,2018,999.4
radiational,2018,996.6
radiational,2018,-281.7
radiational,2018,-284.6
radiational,2018,-287.4
radiational,2018,-290.3
radiational,2018,1005
radiational,2018,1002
radiational,2018,999.4
radiational,2018,996.6
radiational,2018,1005
radiational,2018,1002
radiational,2018,999.4
radiational,2018,996.6
radiational,2018,1005
radiational,2018,1002
radiational,2018,999.4
radiational,2018,996.6
radiational,2018,1005
radiational,2018,1002
radiational,2018,999.4
radiational,2018,996.6
radiational,2018,1005
radiational,2018,1002
radiational,2018,999.4
radiational,2018,996.6
radiational,2018,1005
radiational,2018,1002
radiational,2018,999.4
radiational,2018,996.6
radiational,2018,1005
radiational,2018,1002
radiational,2018,999.4
radiational,2018,996.6
radiational,2018,1005
radiational,2018,1002
radiational,2018,999.4
radiational,2018,996.6
radiational,2018,1005
radiational,2018,1002
radiational,2018,999.4
radiational,2018,996.6
radiational,2018,-11.86
radiational,2018,-9.022
radiational,2018,-11.86
radiational,2018,-6.181
radiational,2018,-9.022
radiational,2018,-11.86
radiational,2018,-3.341
radiational,2018,-6.181
radiational,2018,-9.022
radiational,2018,-11.86
radiational,2018,-3.341
radiational,2018,-6.181
radiational,2018,-9.022
radiational,2018,-11.86
radiational,2018,-3.341
radiational,2018,-6.181
radiational,2018,-9.022
radiational,2018,-11.86
radiational,2018,-3.341
radiational,2018,-6.181
radiational,2018,-9.022
radiational,2018,-11.86
radiational,2018,-3.341
radiational,2018,-6.181
radiational,2018,-9.022
radiational,2018,-11.86
radiational,2018,-3.341
radiational,2018,-6.181
radiational,2018,-9.022
radiational,2018,-11.86
radiational,2018,-3.341
radiational,2018,-6.181
radiational,2018,-9.022
radiational,2018,-11.86
radiational,2018,-3.341
radiational,2018,-6.181
radiational,2018,-9.022
radiational,2018,-11.86
radiational,2018,383
radiational,2018,380.2
radiational,2018,377.3
radiational,2018,374.5
radiational,2018,-3.341
radiational,2018,-6.181
radiational,2018,-9.022
radiational,2018,-11.86
radiational,2018,388.7
radiational,2018,385.8
radiational,2018,383
radiational,2018,380.2
radiational,2018,377.3
radiational,2018,374.5
radiational,2018,371.6
radiational,2018,-3.341
radiational,2018,-6.181
radiational,2018,-9.022
radiational,2018,-11.86
radiational,2018,388.7
radiational,2018,385.8
radiational,2018,383
radiational,2018,380.2
radiational,2018,377.3
radiational,2018,374.5
radiational,2018,371.6
radiational,2018,368.8
radiational,2018,-3.341
radiational,2018,-6.181
radiational,2018,-9.022
radiational,2018,-11.86
radiational,2018,391.5
radiational,2018,388.7
radiational,2018,385.8
radiational,2018,383
radiational,2018,380.2
radiational,2018,377.3
radiational,2018,374.5
radiational,2018,371.6
radiational,2018,368.8
radiational,2018,-3.341
radiational,2018,-6.181
radiational,2018,-9.022
radiational,2018,-11.86
radiational,2018,394.4
radiational,2018,391.5
radiational,2018,388.7
radiational,2018,385.8
radiational,2018,383
radiational,2018,380.2
radiational,2018,377.3
radiational,2018,374.5
radiational,2018,371.6
radiational,2018,368.8
radiational,2018,366
radiational,2018,-3.341
radiational,2018,-6.181
radiational,2018,-9.022
radiational,2018,-11.86
radiational,2018,394.4
radiational,2018,391.5
radiational,2018,388.7
radiational,2018,385.8
radiational,2018,383
radiational,2018,380.2
radiational,2018,377.3
radiational,2018,374.5
radiational,2018,371.6
radiational,2018,368.8
radiational,2018,366
radiational,2018,-3.341
radiational,2018,-6.181
radiational,2018,-9.022
radiational,2018,-11.86
radiational,2018,397.2
radiational,2018,394.4
radiational,2018,391.5
radiational,2018,388.7
radiational,2018,385.8
radiational,2018,383
radiational,2018,380.2
radiational,2018,377.3
radiational,2018,374.5
radiational,2018,371.6
radiational,2018,368.8
radiational,2018,-3.341
radiational,2018,-6.181
radiational,2018,-9.022
radiational,2018,-11.86
radiational,2018,397.2
radiational,2018,394.4
radiational,2018,391.5
radiational,2018,388.7
radiational,2018,385.8
radiational,2018,383
radiational,2018,380.2
radiational,2018,377.3
radiational,2018,374.5
radiational,2018,371.6
radiational,2018,368.8
radiational,2018,-3.341
radiational,2018,-6.181
radiational,2018,-9.022
radiational,2018,-11.86
radiational,2018,400
radiational,2018,397.2
radiational,2018,394.4
radiational,2018,391.5
radiational,2018,388.7
radiational,2018,385.8
radiational,2018,383
radiational,2018,380.2
radiational,2018,377.3
radiational,2018,374.5
radiational,2018,371.6
radiational,2018,-3.341
radiational,2018,-6.181
radiational,2018,-9.022
radiational,2018,-11.86
radiational,2018,402.9
radiational,2018,400
radiational,2018,397.2
radiational,2018,394.4
radiational,2018,391.5
radiational,2018,388.7
radiational,2018,385.8
radiational,2018,383
radiational,2018,380.2
radiational,2018,377.3
radiational,2018,374.5
radiational,2018,-3.341
radiational,2018,-6.181
radiational,2018,-9.022
radiational,2018,-11.86
radiational,2018,402.9
radiational,2018,400
radiational,2018,397.2
radiational,2018,394.4
radiational,2018,391.5
radiational,2018,388.7
radiational,2018,385.8
radiational,2018,383
radiational,2018,380.2
radiational,2018,377.3
radiational,2018,374.5
radiational,2018,-3.341
radiational,2018,-6.181
radiational,2018,-9.022
radiational,2018,-11.86
radiational,2019,405.7
radiational,2019,402.9
radiational,2019,400
radiational,2019,397.2
radiational,2019,394.4
radiational,2019,391.5
radiational,2019,388.7
radiational,2019,385.8
radiational,2019,383
radiational,2019,380.2
radiational,2019,377.3
radiational,2019,-3.341
radiational,2019,-6.181
radiational,2019,-9.022
radiational,2019,-11.86
radiational,2019,405.7
radiational,2019,402.9
radiational,2019,400
radiational,2019,397.2
radiational,2019,394.4
radiational,2019,391.5
radiational,2019,388.7
radiational,2019,385.8
radiational,2019,383
radiational,2019,380.2
radiational,2019,377.3
radiational,2019,-3.341
radiational,2019,-6.181
radiational,2019,-9.022
radiational,2019,-11.86
radiational,2019,408.6
radiational,2019,405.7
radiational,2019,402.9
radiational,2019,400
radiational,2019,397.2
radiational,2019,394.4
radiational,2019,391.5
radiational,2019,388.7
radiational,2019,385.8
radiational,2019,383
radiational,2019,380.2
radiational,2019,-3.341
radiational,2019,-6.181
radiational,2019,-9.022
radiational,2019,-11.86
radiational,2019,411.4
radiational,2019,408.6
radiational,2019,405.7
radiational,2019,402.9
radiational,2019,400
radiational,2019,397.2
radiational,2019,394.4
radiational,2019,391.5
radiational,2019,388.7
radiational,2019,385.8
radiational,2019,383
radiational,2019,-3.341
radiational,2019,-6.181
radiational,2019,-9.022
radiational,2019,-11.86
radiational,2019,411.4
radiational,2019,408.6
radiational,2019,405.7
radiational,2019,402.9
radiational,2019,400
radiational,2019,397.2
radiational,2019,394.4
radiational,2019,391.5
radiational,2019,388.7
radiational,2019,385.8
radiational,2019,383
radiational,2019,-3.341
radiational,2019,-6.181
radiational,2019,-9.022
radiational,2019,-11.86
radiational,2019,414.3
radiational,2019,411.4
radiational,2019,408.6
radiational,2019,405.7
radiational,2019,402.9
radiational,2019,400
radiational,2019,397.2
radiational,2019,394.4
radiational,2019,391.5
radiational,2019,388.7
radiational,2019,385.8
radiational,2019,-3.341
radiational,2019,414.3
radiational,2019,411.4
radiational,2019,408.6
radiational,2019,405.7
radiational,2019,402.9
radiational,2019,400
radiational,2019,397.2
radiational,2019,394.4
radiational,2019,391.5
radiational,2019,388.7
radiational,2019,385.8
radiational,2019,414.3
radiational,2019,411.4
radiational,2019,408.6
radiational,2019,405.7
radiational,2019,402.9
radiational,2019,400
radiational,2019,397.2
radiational,2019,394.4
radiational,2019,391.5
radiational,2019,388.7
radiational,2019,411.4
radiational,2019,408.6
radiational,2019,405.7
radiational,2019,402.9
radiational,2019,400
radiational,2019,397.2
radiational,2019,394.4
radiational,2019,391.5
radiational,2019,388.7
radiational,2019,385.8
radiational,2019,411.4
radiational,2019,408.6
radiational,2019,405.7
radiational,2019,402.9
radiational,2019,400
radiational,2019,397.2
radiational,2019,394.4
radiational,2019,391.5
radiational,2019,388.7
radiational,2019,385.8
radiational,2019,411.4
radiational,2019,408.6
radiational,2019,405.7
radiational,2019,402.9
radiational,2019,400
radiational,2019,397.2
radiational,2019,394.4
radiational,2019,391.5
radiational,2019,388.7
radiational,2019,385.8
radiational,2019,408.6
radiational,2019,405.7
radiational,2019,402.9
radiational,2019,400
radiational,2019,397.2
radiational,2019,394.4
radiational,2019,391.5
radiational,2019,388.7
radiational,2019,385.8
radiational,2019,383
radiational,2019,408.6
radiational,2019,405.7
radiational,2019,402.9
radiational,2019,400
radiational,2019,397.2
radiational,2019,394.4
radiational,2019,391.5
radiational,2019,388.7
radiational,2019,385.8
radiational,2019,383
radiational,2019,408.6
radiational,2019,405.7
radiational,2019,402.9
radiational,2019,400
radiational,2019,397.2
radiational,2019,394.4
radiational,2019,391.5
radiational,2019,388.7
radiational,2019,385.8
radiational,2019,383
radiational,2019,380.2
radiational,2019,405.7
radiational,2019,402.9
radiational,2019,400
radiational,2019,397.2
radiational,2019,394.4
radiational,2019,391.5
radiational,2019,388.7
radiational,2019,385.8
radiational,2019,383
radiational,2019,380.2
radiational,2019,405.7
radiational,2019,402.9
radiational,2019,400
radiational,2019,397.2
radiational,2019,394.4
radiational,2019,391.5
radiational,2019,388.7
radiational,2019,385.8
radiational,2019,383
radiational,2019,380.2
radiational,2019,405.7
radiational,2019,402.9
radiational,2019,400
radiational,2019,397.2
radiational,2019,394.4
radiational,2019,391.5
radiational,2019,388.7
radiational,2019,385.8
radiational,2019,383
radiational,2019,380.2
radiational,2019,377.3
radiational,2019,402.9
radiational,2019,400
radiational,2019,397.2
radiational,2019,394.4
radiational,2019,391.5
radiational,2019,388.7
radiational,2019,385.8
radiational,2019,383
radiational,2019,380.2
radiational,2019,377.3
radiational,2019,402.9
radiational,2019,400
radiational,2019,397.2
radiational,2019,394.4
radiational,2019,391.5
radiational,2019,388.7
radiational,2019,385.8
radiational,2019,383
radiational,2019,380.2
radiational,2019,377.3
radiational,2019,400
radiational,2019,397.2
radiational,2019,394.4
radiational,2019,391.5
radiational,2019,388.7
radiational,2019,385.8
radiational,2019,383
radiational,2019,380.2
radiational,2019,377.3
radiational,2019,374.5
radiational,2019,400
radiational,2019,397.2
radiational,2019,394.4
radiational,2019,391.5
radiational,2019,388.7
radiational,2019,385.8
radiational,2019,383
radiational,2019,380.2
radiational,2019,377.3
radiational,2019,374.5
radiational,2019,400
radiational,2019,397.2
radiational,2019,394.4
radiational,2019,391.5
radiational,2019,388.7
radiational,2019,385.8
radiational,2019,383
radiational,2019,380.2
radiational,2019,377.3
radiational,2019,374.5
radiational,2019,397.2
radiational,2019,394.4
radiational,2019,391.5
radiational,2019,388.7
radiational,2019,385.8
radiational,2019,383
radiational,2019,380.2
radiational,2019,377.3
radiational,2019,374.5
radiational,2019,371.6
radiational,2019,397.2
radiational,2019,394.4
radiational,2019,391.5
radiational,2019,388.7
radiational,2019,385.8
radiational,2019,383
radiational,2019,380.2
radiational,2019,377.3
radiational,2019,374.5
radiational,2019,371.6
radiational,2019,397.2
radiational,2019,394.4
radiational,2019,391.5
radiational,2019,388.7
radiational,2019,385.8
radiational,2019,383
radiational,2019,380.2
radiational,2019,377.3
radiational,2019,374.5
radiational,2019,371.6
radiational,2019,394.4
radiational,2019,391.5
radiational,2019,388.7
radiational,2019,385.8
radiational,2019,383
radiational,2019,380.2
radiational,2019,377.3
radiational,2019,374.5
radiational,2019,371.6
radiational,2019,368.8
radiational,2019,394.4
radiational,2019,391.5
radiational,2019,388.7
radiational,2019,385.8
radiational,2019,383
radiational,2019,380.2
radiational,2019,377.3
radiational,2019,374.5
radiational,2019,371.6
radiational,2019,368.8
radiational,2019,394.4
radiational,2019,391.5
radiational,2019,388.7
radiational,2019,385.8
radiational,2019,383
radiational,2019,380.2
radiational,2019,377.3
radiational,2019,374.5
radiational,2019,371.6
radiational,2019,368.8
radiational,2019,394.4
radiational,2019,391.5
radiational,2019,388.7
radiational,2019,385.8
radiational,2019,383
radiational,2019,380.2
radiational,2019,377.3
radiational,2019,374.5
radiational,2019,371.6
radiational,2019,368.8
radiational,2019,366
radiational,2019,391.5
radiational,2019,388.7
radiational,2019,385.8
radiational,2019,383
radiational,2019,380.2
radiational,2019,377.3
radiational,2019,374.5
radiational,2019,371.6
radiational,2019,368.8
radiational,2019,366
radiational,2019,391.5
radiational,2019,388.7
radiational,2019,385.8
radiational,2019,383
radiational,2019,380.2
radiational,2019,377.3
radiational,2019,374.5
radiational,2019,371.6
radiational,2019,368.8
radiational,2019,366
radiational,2019,391.5
radiational,2019,388.7
radiational,2019,385.8
radiational,2019,383
radiational,2019,380.2
radiational,2019,377.3
radiational,2019,374.5
radiational,2019,371.6
radiational,2019,368.8
radiational,2019,366
radiational,2019,363.1
radiational,2019,388.7
radiational,2019,385.8
radiational,2019,383
radiational,2019,380.2
radiational,2019,377.3
radiational,2019,374.5
radiational,2019,371.6
radiational,2019,368.8
radiational,2019,366
radiational,2019,363.1
radiational,2019,391.5
radiational,2019,388.7
radiational,2019,385.8
radiational,2019,383
radiational,2019,380.2
radiational,2019,377.3
radiational,2019,374.5
radiational,2019,371.6
radiational,2019,368.8
radiational,2019,366
radiational,2019,363.1
radiational,2019,391.5
radiational,2019,388.7
radiational,2019,385.8
radiational,2019,383
radiational,2019,380.2
radiational,2019,377.3
radiational,2019,374.5
radiational,2019,371.6
radiational,2019,368.8
radiational,2019,366
radiational,2019,391.5
radiational,2019,388.7
radiational,2019,385.8
radiational,2019,383
radiational,2019,380.2
radiational,2019,377.3
radiational,2019,374.5
radiational,2019,371.6
radiational,2019,368.8
radiational,2019,366
radiational,2019,394.4
radiational,2019,391.5
radiational,2019,388.7
radiational,2019,385.8
radiational,2019,383
radiational,2019,380.2
radiational,2019,377.3
radiational,2019,374.5
radiational,2019,371.6
radiational,2019,368.8
radiational,2019,394.4
radiational,2019,391.5
radiational,2019,388.7
radiational,2019,385.8
radiational,2019,383
radiational,2019,380.2
radiational,2019,377.3
radiational,2019,374.5
radiational,2019,371.6
radiational,2019,368.8
radiational,2019,397.2
radiational,2019,394.4
radiational,2019,391.5
radiational,2019,388.7
radiational,2019,385.8
radiational,2019,383
radiational,2019,380.2
radiational,2019,377.3
radiational,2019,374.5
radiational,2019,371.6
radiational,2019,368.8
radiational,2019,397.2
radiational,2019,394.4
radiational,2019,391.5
radiational,2019,388.7
radiational,2019,385.8
radiational,2019,383
radiational,2019,380.2
radiational,2019,377.3
radiational,2019,374.5
radiational,2019,371.6
radiational,2019,400
radiational,2019,397.2
radiational,2019,394.4
radiational,2019,391.5
radiational,2019,388.7
radiational,2019,385.8
radiational,2019,383
radiational,2019,380.2
radiational,2019,377.3
radiational,2019,374.5
radiational,2019,371.6
radiational,2019,400
radiational,2019,397.2
radiational,2019,394.4
radiational,2019,391.5
radiational,2019,388.7
radiational,2019,385.8
radiational,2019,383
radiational,2019,380.2
radiational,2019,377.3
radiational,2019,374.5
radiational,2019,400
radiational,2019,397.2
radiational,2019,394.4
radiational,2019,391.5
radiational,2019,388.7
radiational,2019,385.8
radiational,2019,383
radiational,2019,380.2
radiational,2019,377.3
radiational,2019,374.5
radiational,2019,402.9
radiational,2019,400
radiational,2019,397.2
radiational,2019,394.4
radiational,2019,391.5
radiational,2019,388.7
radiational,2019,385.8
radiational,2019,383
radiational,2019,380.2
radiational,2019,377.3
radiational,2019,402.9
radiational,2019,400
radiational,2019,397.2
radiational,2019,394.4
radiational,2019,391.5
radiational,2019,388.7
radiational,2019,385.8
radiational,2019,383
radiational,2019,380.2
radiational,2019,377.3
radiational,2019,405.7
radiational,2019,402.9
radiational,2019,400
radiational,2019,397.2
radiational,2019,394.4
radiational,2019,391.5
radiational,2019,388.7
radiational,2019,385.8
radiational,2019,383
radiational,2019,380.2
radiational,2019,377.3
radiational,2019,405.7
radiational,2019,402.9
radiational,2019,400
radiational,2019,397.2
radiational,2019,394.4
radiational,2019,391.5
radiational,2019,388.7
radiational,2019,385.8
radiational,2019,383
radiational,2019,380.2
radiational,2019,405.7
radiational,2019,402.9
radiational,2019,400
radiational,2019,397.2
radiational,2019,394.4
radiational,2019,391.5
radiational,2019,388.7
radiational,2019,385.8
radiational,2019,383
radiational,2019,380.2
radiational,2019,405.7
radiational,2019,402.9
radiational,2019,400
radiational,2019,397.2
radiational,2019,394.4
radiational,2019,391.5
radiational,2019,388.7
radiational,2019,385.8
radiational,2019,383
radiational,2019,380.2
radiational,2019,405.7
radiational,2019,402.9
radiational,2019,400
radiational,2019,397.2
radiational,2019,394.4
radiational,2019,391.5
radiational,2019,388.7
radiational,2019,385.8
radiational,2019,383
radiational,2019,380.2
radiational,2019,405.7
radiational,2019,402.9
radiational,2019,400
radiational,2019,397.2
radiational,2019,394.4
radiational,2019,391.5
radiational,2019,388.7
radiational,2019,385.8
radiational,2019,383
radiational,2019,380.2
radiational,2019,405.7
radiational,2019,402.9
radiational,2019,400
radiational,2019,397.2
radiational,2019,394.4
radiational,2019,391.5
radiational,2019,388.7
radiational,2019,385.8
radiational,2019,383
radiational,2019,380.2
radiational,2019,405.7
radiational,2019,402.9
radiational,2019,400
radiational,2019,397.2
radiational,2019,394.4
radiational,2019,391.5
radiational,2019,388.7
radiational,2019,385.8
radiational,2019,383
radiational,2019,380.2
radiational,2019,405.7
radiational,2019,402.9
radiational,2019,400
radiational,2019,397.2
radiational,2019,394.4
radiational,2019,391.5
radiational,2019,388.7
radiational,2019,385.8
radiational,2019,383
radiational,2019,380.2
radiational,2019,405.7
radiational,2019,402.9
radiational,2019,400
radiational,2019,397.2
radiational,2019,394.4
radiational,2019,391.5
radiational,2019,388.7
radiational,2019,385.8
radiational,2019,383
radiational,2019,380.2
radiational,2019,405.7
radiational,2019,402.9
radiational,2019,400
radiational,2019,397.2
radiational,2019,394.4
radiational,2019,391.5
radiational,2019,388.7
radiational,2019,385.8
radiational,2019,383
radiational,2019,380.2
radiational,2019,405.7
radiational,2019,402.9
radiational,2019,400
radiational,2019,397.2
radiational,2019,394.4
radiational,2019,391.5
radiational,2019,388.7
radiational,2019,385.8
radiational,2019,383
radiational,2019,380.2
radiational,2019,405.7
radiational,2019,402.9
radiational,2019,400
radiational,2019,397.2
radiational,2019,394.4
radiational,2019,391.5
radiational,2019,388.7
radiational,2019,385.8
radiational,2019,383
radiational,2019,380.2
radiational,2019,405.7
radiational,2019,402.9
radiational,2019,400
radiational,2019,397.2
radiational,2019,394.4
radiational,2019,391.5
radiational,2019,388.7
radiational,2019,385.8
radiational,2019,383
radiational,2019,380.2
radiational,2019,405.7
radiational,2019,402.9
radiational,2019,400
radiational,2019,397.2
radiational,2019,394.4
radiational,2019,391.5
radiational,2019,388.7
radiational,2019,385.8
radiational,2019,383
radiational,2019,380.2
radiational,2019,405.7
radiational,2019,402.9
radiational,2019,400
radiational,2019,397.2
radiational,2019,394.4
radiational,2019,391.5
radiational,2019,388.7
radiational,2019,385.8
radiational,2019,383
radiational,2019,380.2
radiational,2019,405.7
radiational,2019,402.9
radiational,2019,400
radiational,2019,397.2
radiational,2019,394.4
radiational,2019,391.5
radiational,2019,388.7
radiational,2019,385.8
radiational,2019,383
radiational,2019,380.2
radiational,2019,405.7
radiational,2019,402.9
radiational,2019,400
radiational,2019,397.2
radiational,2019,394.4
radiational,2019,391.5
radiational,2019,388.7
radiational,2019,385.8
radiational,2019,383
radiational,2019,380.2
radiational,2019,405.7
radiational,2019,402.9
radiational,2019,400
radiational,2019,397.2
radiational,2019,394.4
radiational,2019,391.5
radiational,2019,388.7
radiational,2019,385.8
radiational,2019,383
radiational,2019,380.2
radiational,2019,405.7
radiational,2019,402.9
radiational,2019,400
radiational,2019,397.2
radiational,2019,394.4
radiational,2019,391.5
radiational,2019,388.7
radiational,2019,385.8
radiational,2019,383
radiational,2019,380.2
radiational,2019,405.7
radiational,2019,402.9
radiational,2019,400
radiational,2019,397.2
radiational,2019,394.4
radiational,2019,391.5
radiational,2019,388.7
radiational,2019,385.8
radiational,2019,383
radiational,2019,380.2
radiational,2019,405.7
radiational,2019,402.9
radiational,2019,400
radiational,2019,397.2
radiational,2019,394.4
radiational,2019,391.5
radiational,2019,388.7
radiational,2019,385.8
radiational,2019,383
radiational,2019,380.2
radiational,2019,405.7
radiational,2019,402.9
radiational,2019,400
radiational,2019,397.2
radiational,2019,394.4
radiational,2019,391.5
radiational,2019,388.7
radiational,2019,385.8
radiational,2019,383
radiational,2019,380.2
radiational,2019,405.7
radiational,2019,402.9
radiational,2019,400
radiational,2019,397.2
radiational,2019,394.4
radiational,2019,391.5
radiational,2019,388.7
radiational,2019,385.8
radiational,2019,383
radiational,2019,380.2
radiational,2019,405.7
radiational,2019,402.9
radiational,2019,400
radiational,2019,397.2
radiational,2019,394.4
radiational,2019,391.5
radiational,2019,388.7
radiational,2019,385.8
radiational,2019,383
radiational,2019,380.2
radiational,2019,405.7
radiational,2019,402.9
radiational,2019,400
radiational,2019,397.2
radiational,2019,394.4
radiational,2019,391.5
radiational,2019,388.7
radiational,2019,385.8
radiational,2019,383
radiational,2019,380.2
radiational,2019,405.7
radiational,2019,402.9
radiational,2019,400
radiational,2019,397.2
radiational,2019,394.4
radiational,2019,391.5
radiational,2019,388.7
radiational,2019,385.8
radiational,2019,383
radiational,2019,380.2
radiational,2019,402.9
radiational,2019,400
radiational,2019,397.2
radiational,2019,394.4
radiational,2019,391.5
radiational,2019,388.7
radiational,2019,385.8
radiational,2019,383
radiational,2019,380.2
radiational,2019,402.9
radiational,2019,400
radiational,2019,397.2
radiational,2019,394.4
radiational,2019,391.5
radiational,2019,388.7
radiational,2019,385.8
radiational,2019,383
radiational,2019,380.2
radiational,2019,402.9
radiational,2019,400
radiational,2019,397.2
radiational,2019,394.4
radiational,2019,391.5
radiational,2019,388.7
radiational,2019,385.8
radiational,2019,383
radiational,2019,380.2
radiational,2019,402.9
radiational,2019,400
radiational,2019,397.2
radiational,2019,394.4
radiational,2019,391.5
radiational,2019,388.7
radiational,2019,385.8
radiational,2019,383
radiational,2019,380.2
radiational,2019,402.9
radiational,2019,400
radiational,2019,397.2
radiational,2019,394.4
radiational,2019,391.5
radiational,2019,388.7
radiational,2019,385.8
radiational,2019,383
radiational,2019,380.2
radiational,2019,402.9
radiational,2019,400
radiational,2019,397.2
radiational,2019,394.4
radiational,2019,391.5
radiational,2019,388.7
radiational,2019,385.8
radiational,2019,383
radiational,2019,380.2
radiational,2019,402.9
radiational,2019,400
radiational,2019,397.2
radiational,2019,394.4
radiational,2019,391.5
radiational,2019,388.7
radiational,2019,385.8
radiational,2019,383
radiational,2019,380.2
radiational,2019,402.9
radiational,2019,400
radiational,2019,397.2
radiational,2019,394.4
radiational,2019,391.5
radiational,2019,388.7
radiational,2019,385.8
radiational,2019,383
radiational,2019,380.2
radiational,2019,402.9
radiational,2019,400
radiational,2019,397.2
radiational,2019,394.4
radiational,2019,391.5
radiational,2019,388.7
radiational,2019,385.8
radiational,2019,383
radiational,2019,380.2
radiational,2019,402.9
radiational,2019,400
radiational,2019,397.2
radiational,2019,394.4
radiational,2019,391.5
radiational,2019,388.7
radiational,2019,385.8
radiational,2019,383
radiational,2019,380.2
radiational,2019,402.9
radiational,2019,400
radiational,2019,397.2
radiational,2019,394.4
radiational,2019,391.5
radiational,2019,388.7
radiational,2019,385.8
radiational,2019,383
radiational,2019,380.2
radiational,2019,402.9
radiational,2019,400
radiational,2019,397.2
radiational,2019,394.4
radiational,2019,391.5
radiational,2019,388.7
radiational,2019,385.8
radiational,2019,383
radiational,2019,380.2
radiational,2019,402.9
radiational,2019,400
radiational,2019,397.2
radiational,2019,394.4
radiational,2019,391.5
radiational,2019,388.7
radiational,2019,385.8
radiational,2019,383
radiational,2019,380.2
radiational,2019,402.9
radiational,2019,400
radiational,2019,397.2
radiational,2019,394.4
radiational,2019,391.5
radiational,2019,388.7
radiational,2019,385.8
radiational,2019,383
radiational,2019,380.2
radiational,2019,405.7
radiational,2019,402.9
radiational,2019,400
radiational,2019,397.2
radiational,2019,394.4
radiational,2019,391.5
radiational,2019,388.7
radiational,2019,385.8
radiational,2019,383
radiational,2019,380.2
radiational,2019,405.7
radiational,2019,402.9
radiational,2019,400
radiational,2019,397.2
radiational,2019,394.4
radiational,2019,391.5
radiational,2019,388.7
radiational,2019,385.8
radiational,2019,383
radiational,2019,380.2
radiational,2019,405.7
radiational,2019,402.9
radiational,2019,400
radiational,2019,397.2
radiational,2019,394.4
radiational,2019,391.5
radiational,2019,388.7
radiational,2019,385.8
radiational,2019,383
radiational,2019,380.2
radiational,2019,405.7
radiational,2019,402.9
radiational,2019,400
radiational,2019,397.2
radiational,2019,394.4
radiational,2019,391.5
radiational,2019,388.7
radiational,2019,385.8
radiational,2019,383
radiational,2019,380.2
radiational,2019,405.7
radiational,2019,402.9
radiational,2019,400
radiational,2019,397.2
radiational,2019,394.4
radiational,2019,391.5
radiational,2019,388.7
radiational,2019,385.8
radiational,2019,383
radiational,2019,380.2
radiational,2019,405.7
radiational,2019,402.9
radiational,2019,400
radiational,2019,397.2
radiational,2019,394.4
radiational,2019,391.5
radiational,2019,388.7
radiational,2019,385.8
radiational,2019,383
radiational,2019,408.6
radiational,2019,405.7
radiational,2019,402.9
radiational,2019,400
radiational,2019,397.2
radiational,2019,394.4
radiational,2019,391.5
radiational,2019,388.7
radiational,2019,385.8
radiational,2019,383
radiational,2019,408.6
radiational,2019,405.7
radiational,2019,402.9
radiational,2019,400
radiational,2019,397.2
radiational,2019,394.4
radiational,2019,391.5
radiational,2019,388.7
radiational,2019,385.8
radiational,2019,383
radiational,2019,408.6
radiational,2019,405.7
radiational,2019,402.9
radiational,2019,400
radiational,2019,397.2
radiational,2019,394.4
radiational,2019,391.5
radiational,2019,388.7
radiational,2019,385.8
radiational,2019,383
radiational,2019,408.6
radiational,2019,405.7
radiational,2019,402.9
radiational,2019,400
radiational,2019,397.2
radiational,2019,394.4
radiational,2019,391.5
radiational,2019,388.7
radiational,2019,385.8
radiational,2019,383
radiational,2019,411.4
radiational,2019,408.6
radiational,2019,405.7
radiational,2019,402.9
radiational,2019,400
radiational,2019,397.2
radiational,2019,394.4
radiational,2019,391.5
radiational,2019,388.7
radiational,2019,385.8
radiational,2019,383
radiational,2019,414.3
radiational,2019,411.4
radiational,2019,408.6
radiational,2019,405.7
radiational,2019,402.9
radiational,2019,400
radiational,2019,397.2
radiational,2019,394.4
radiational,2019,391.5
radiational,2019,388.7
radiational,2019,385.8
radiational,2019,417.1
radiational,2019,414.3
radiational,2019,411.4
radiational,2019,408.6
radiational,2019,405.7
radiational,2019,402.9
radiational,2019,400
radiational,2019,397.2
radiational,2019,394.4
radiational,2019,391.5
radiational,2019,388.7
radiational,2019,385.8
radiational,2019,422.8
radiational,2019,419.9
radiational,2019,417.1
radiational,2019,414.3
radiational,2019,411.4
radiational,2019,408.6
radiational,2019,405.7
radiational,2019,402.9
radiational,2019,400
radiational,2019,397.2
radiational,2019,394.4
radiational,2019,391.5
radiational,2019,388.7
radiational,2019,385.8
radiational,2019,485.3
radiational,2019,425.6
radiational,2019,422.8
radiational,2019,419.9
radiational,2019,417.1
radiational,2019,414.3
radiational,2019,411.4
radiational,2019,408.6
radiational,2019,405.7
radiational,2019,402.9
radiational,2019,400
radiational,2019,397.2
radiational,2019,394.4
radiational,2019,391.5
radiational,2019,388.7
radiational,2019,385.8
radiational,2019,488.1
radiational,2019,485.3
radiational,2019,428.5
radiational,2019,425.6
radiational,2019,422.8
radiational,2019,419.9
radiational,2019,417.1
radiational,2019,414.3
radiational,2019,411.4
radiational,2019,408.6
radiational,2019,405.7
radiational,2019,402.9
radiational,2019,400
radiational,2019,397.2
radiational,2019,394.4
radiational,2019,391.5
radiational,2019,388.7
radiational,2019,488.1
radiational,2019,485.3
radiational,2019,431.3
radiational,2019,428.5
radiational,2019,425.6
radiational,2019,422.8
radiational,2019,419.9
radiational,2019,417.1
radiational,2019,414.3
radiational,2019,411.4
radiational,2019,408.6
radiational,2019,405.7
radiational,2019,402.9
radiational,2019,400
radiational,2019,397.2
radiational,2019,394.4
radiational,2019,391.5
radiational,2019,488.1
radiational,2019,485.3
radiational,2019,434.1
radiational,2019,431.3
radiational,2019,428.5
radiational,2019,425.6
radiational,2019,422.8
radiational,2019,419.9
radiational,2019,417.1
radiational,2019,414.3
radiational,2019,411.4
radiational,2019,408.6
radiational,2019,405.7
radiational,2019,402.9
radiational,2019,400
radiational,2019,397.2
radiational,2019,488.1
radiational,2019,485.3
radiational,2019,437
radiational,2019,434.1
radiational,2019,431.3
radiational,2019,428.5
radiational,2019,425.6
radiational,2019,422.8
radiational,2019,419.9
radiational,2019,417.1
radiational,2019,414.3
radiational,2019,411.4
radiational,2019,408.6
radiational,2019,405.7
radiational,2019,402.9
radiational,2019,400
radiational,2019,488.1
radiational,2019,485.3
radiational,2019,442.7
radiational,2019,439.8
radiational,2019,437
radiational,2019,434.1
radiational,2019,431.3
radiational,2019,428.5
radiational,2019,425.6
radiational,2019,422.8
radiational,2019,419.9
radiational,2019,417.1
radiational,2019,414.3
radiational,2019,411.4
radiational,2019,408.6
radiational,2019,405.7
radiational,2019,402.9
radiational,2019,488.1
radiational,2019,485.3
radiational,2019,445.5
radiational,2019,442.7
radiational,2019,439.8
radiational,2019,437
radiational,2019,434.1
radiational,2019,431.3
radiational,2019,428.5
radiational,2019,425.6
radiational,2019,422.8
radiational,2019,419.9
radiational,2019,417.1
radiational,2019,414.3
radiational,2019,411.4
radiational,2019,408.6
radiational,2019,405.7
radiational,2019,488.1
radiational,2019,485.3
radiational,2019,448.3
radiational,2019,445.5
radiational,2019,442.7
radiational,2019,439.8
radiational,2019,437
radiational,2019,434.1
radiational,2019,431.3
radiational,2019,428.5
radiational,2019,425.6
radiational,2019,422.8
radiational,2019,419.9
radiational,2019,417.1
radiational,2019,414.3
radiational,2019,411.4
radiational,2019,408.6
radiational,2019,488.1
radiational,2019,485.3
radiational,2019,451.2
radiational,2019,448.3
radiational,2019,445.5
radiational,2019,442.7
radiational,2019,439.8
radiational,2019,437
radiational,2019,434.1
radiational,2019,431.3
radiational,2019,428.5
radiational,2019,425.6
radiational,2019,422.8
radiational,2019,419.9
radiational,2019,417.1
radiational,2019,414.3
radiational,2019,411.4
radiational,2019,488.1
radiational,2019,485.3
radiational,2019,451.2
radiational,2019,448.3
radiational,2019,445.5
radiational,2019,442.7
radiational,2019,439.8
radiational,2019,437
radiational,2019,434.1
radiational,2019,431.3
radiational,2019,428.5
radiational,2019,425.6
radiational,2019,422.8
radiational,2019,419.9
radiational,2019,417.1
radiational,2019,488.1
radiational,2019,485.3
radiational,2019,451.2
radiational,2019,448.3
radiational,2019,445.5
radiational,2019,442.7
radiational,2019,439.8
radiational,2019,437
radiational,2019,434.1
radiational,2019,431.3
radiational,2019,428.5
radiational,2019,425.6
radiational,2019,422.8
radiational,2019,419.9
radiational,2019,488.1
radiational,2019,485.3
radiational,2019,454
radiational,2019,451.2
radiational,2019,448.3
radiational,2019,445.5
radiational,2019,442.7
radiational,2019,439.8
radiational,2019,437
radiational,2019,434.1
radiational,2019,431.3
radiational,2019,428.5
radiational,2019,425.6
radiational,2019,422.8
radiational,2019,488.1
radiational,2019,485.3
radiational,2019,454
radiational,2019,451.2
radiational,2019,448.3
radiational,2019,445.5
radiational,2019,442.7
radiational,2019,439.8
radiational,2019,437
radiational,2019,434.1
radiational,2019,431.3
radiational,2019,428.5
radiational,2019,425.6
radiational,2019,488.1
radiational,2019,485.3
radiational,2019,454
radiational,2019,451.2
radiational,2019,448.3
radiational,2019,445.5
radiational,2019,442.7
radiational,2019,439.8
radiational,2019,437
radiational,2019,434.1
radiational,2019,431.3
radiational,2019,428.5
radiational,2019,493.8
radiational,2019,491
radiational,2019,488.1
radiational,2019,485.3
radiational,2019,454
radiational,2019,451.2
radiational,2019,448.3
radiational,2019,445.5
radiational,2019,442.7
radiational,2019,439.8
radiational,2019,437
radiational,2019,434.1
radiational,2019,431.3
radiational,2019,428.5
radiational,2019,493.8
radiational,2019,491
radiational,2019,488.1
radiational,2019,485.3
radiational,2019,454
radiational,2019,451.2
radiational,2019,448.3
radiational,2019,445.5
radiational,2019,442.7
radiational,2019,439.8
radiational,2019,437
radiational,2019,434.1
radiational,2019,431.3
radiational,2019,428.5
radiational,2019,493.8
radiational,2019,491
radiational,2019,488.1
radiational,2019,485.3
radiational,2019,454
radiational,2019,451.2
radiational,2019,448.3
radiational,2019,445.5
radiational,2019,442.7
radiational,2019,439.8
radiational,2019,437
radiational,2019,434.1
radiational,2019,431.3
radiational,2019,428.5
radiational,2019,493.8
radiational,2019,491
radiational,2019,488.1
radiational,2019,485.3
radiational,2019,454
radiational,2019,451.2
radiational,2019,448.3
radiational,2019,445.5
radiational,2019,442.7
radiational,2019,439.8
radiational,2019,437
radiational,2019,434.1
radiational,2019,431.3
radiational,2019,428.5
radiational,2019,493.8
radiational,2019,491
radiational,2019,488.1
radiational,2019,485.3
radiational,2019,454
radiational,2019,451.2
radiational,2019,448.3
radiational,2019,445.5
radiational,2019,442.7
radiational,2019,439.8
radiational,2019,437
radiational,2019,434.1
radiational,2019,431.3
radiational,2019,428.5
radiational,2019,493.8
radiational,2019,491
radiational,2019,488.1
radiational,2019,485.3
radiational,2019,454
radiational,2019,451.2
radiational,2019,448.3
radiational,2019,445.5
radiational,2019,442.7
radiational,2019,439.8
radiational,2019,437
radiational,2019,434.1
radiational,2019,431.3
radiational,2019,428.5
radiational,2019,493.8
radiational,2019,491
radiational,2019,488.1
radiational,2019,485.3
radiational,2019,454
radiational,2019,451.2
radiational,2019,448.3
radiational,2019,445.5
radiational,2019,442.7
radiational,2019,439.8
radiational,2019,437
radiational,2019,434.1
radiational,2019,431.3
radiational,2019,428.5
radiational,2019,493.8
radiational,2019,491
radiational,2019,488.1
radiational,2019,485.3
radiational,2019,454
radiational,2019,451.2
radiational,2019,448.3
radiational,2019,445.5
radiational,2019,442.7
radiational,2019,439.8
radiational,2019,437
radiational,2019,434.1
radiational,2019,431.3
radiational,2019,428.5
radiational,2019,493.8
radiational,2019,491
radiational,2019,488.1
radiational,2019,485.3
radiational,2019,454
radiational,2019,451.2
radiational,2019,448.3
radiational,2019,445.5
radiational,2019,442.7
radiational,2019,439.8
radiational,2019,437
radiational,2019,434.1
radiational,2019,431.3
radiational,2019,428.5
radiational,2019,493.8
radiational,2019,491
radiational,2019,488.1
radiational,2019,485.3
radiational,2019,454
radiational,2019,451.2
radiational,2019,448.3
radiational,2019,445.5
radiational,2019,442.7
radiational,2019,439.8
radiational,2019,437
radiational,2019,434.1
radiational,2019,431.3
radiational,2019,428.5
radiational,2019,493.8
radiational,2019,491
radiational,2019,488.1
radiational,2019,485.3
radiational,2019,454
radiational,2019,451.2
radiational,2019,448.3
radiational,2019,445.5
radiational,2019,442.7
radiational,2019,439.8
radiational,2019,437
radiational,2019,434.1
radiational,2019,431.3
radiational,2019,428.5
radiational,2019,493.8
radiational,2019,491
radiational,2019,488.1
radiational,2019,485.3
radiational,2019,454
radiational,2019,451.2
radiational,2019,448.3
radiational,2019,445.5
radiational,2019,442.7
radiational,2019,439.8
radiational,2019,437
radiational,2019,434.1
radiational,2019,431.3
radiational,2019,428.5
radiational,2019,493.8
radiational,2019,491
radiational,2019,488.1
radiational,2019,485.3
radiational,2019,454
radiational,2019,451.2
radiational,2019,448.3
radiational,2019,445.5
radiational,2019,442.7
radiational,2019,439.8
radiational,2019,437
radiational,2019,434.1
radiational,2019,431.3
radiational,2019,428.5
radiational,2019,493.8
radiational,2019,491
radiational,2019,488.1
radiational,2019,485.3
radiational,2019,454
radiational,2019,451.2
radiational,2019,448.3
radiational,2019,445.5
radiational,2019,442.7
radiational,2019,439.8
radiational,2019,437
radiational,2019,434.1
radiational,2019,431.3
radiational,2019,428.5
radiational,2019,493.8
radiational,2019,491
radiational,2019,488.1
radiational,2019,485.3
radiational,2019,454
radiational,2019,451.2
radiational,2019,448.3
radiational,2019,445.5
radiational,2019,442.7
radiational,2019,439.8
radiational,2019,437
radiational,2019,434.1
radiational,2019,431.3
radiational,2019,428.5
radiational,2019,493.8
radiational,2019,491
radiational,2019,488.1
radiational,2019,485.3
radiational,2019,454
radiational,2019,451.2
radiational,2019,448.3
radiational,2019,445.5
radiational,2019,442.7
radiational,2019,439.8
radiational,2019,437
radiational,2019,434.1
radiational,2019,431.3
radiational,2019,428.5
radiational,2019,493.8
radiational,2019,491
radiational,2019,488.1
radiational,2019,485.3
radiational,2019,454
radiational,2019,451.2
radiational,2019,448.3
radiational,2019,445.5
radiational,2019,442.7
radiational,2019,439.8
radiational,2019,437
radiational,2019,434.1
radiational,2019,431.3
radiational,2019,428.5
radiational,2019,493.8
radiational,2019,491
radiational,2019,488.1
radiational,2019,485.3
radiational,2019,454
radiational,2019,451.2
radiational,2019,448.3
radiational,2019,445.5
radiational,2019,442.7
radiational,2019,439.8
radiational,2019,437
radiational,2019,434.1
radiational,2019,431.3
radiational,2019,428.5
radiational,2019,493.8
radiational,2019,491
radiational,2019,488.1
radiational,2019,485.3
radiational,2019,454
radiational,2019,451.2
radiational,2019,448.3
radiational,2019,445.5
radiational,2019,442.7
radiational,2019,439.8
radiational,2019,437
radiational,2019,434.1
radiational,2019,431.3
radiational,2019,428.5
radiational,2019,493.8
radiational,2019,491
radiational,2019,488.1
radiational,2019,485.3
radiational,2019,454
radiational,2019,451.2
radiational,2019,448.3
radiational,2019,445.5
radiational,2019,442.7
radiational,2019,439.8
radiational,2019,437
radiational,2019,434.1
radiational,2019,431.3
radiational,2019,428.5
radiational,2019,493.8
radiational,2019,491
radiational,2019,488.1
radiational,2019,485.3
radiational,2019,454
radiational,2019,451.2
radiational,2019,448.3
radiational,2019,445.5
radiational,2019,442.7
radiational,2019,439.8
radiational,2019,437
radiational,2019,434.1
radiational,2019,431.3
radiational,2019,428.5
radiational,2019,493.8
radiational,2019,491
radiational,2019,488.1
radiational,2019,485.3
radiational,2019,454
radiational,2019,451.2
radiational,2019,448.3
radiational,2019,445.5
radiational,2019,442.7
radiational,2019,439.8
radiational,2019,437
radiational,2019,434.1
radiational,2019,431.3
radiational,2019,428.5
radiational,2019,493.8
radiational,2019,491
radiational,2019,488.1
radiational,2019,485.3
radiational,2019,454
radiational,2019,451.2
radiational,2019,448.3
radiational,2019,445.5
radiational,2019,442.7
radiational,2019,439.8
radiational,2019,437
radiational,2019,434.1
radiational,2019,431.3
radiational,2019,428.5
radiational,2019,493.8
radiational,2019,491
radiational,2019,488.1
radiational,2019,485.3
radiational,2019,454
radiational,2019,451.2
radiational,2019,448.3
radiational,2019,445.5
radiational,2019,442.7
radiational,2019,439.8
radiational,2019,437
radiational,2019,434.1
radiational,2019,431.3
radiational,2019,428.5
radiational,2019,493.8
radiational,2019,491
radiational,2019,488.1
radiational,2019,485.3
radiational,2019,454
radiational,2019,451.2
radiational,2019,448.3
radiational,2019,445.5
radiational,2019,442.7
radiational,2019,439.8
radiational,2019,437
radiational,2019,434.1
radiational,2019,431.3
radiational,2019,428.5
radiational,2019,493.8
radiational,2019,491
radiational,2019,488.1
radiational,2019,485.3
radiational,2019,454
radiational,2019,451.2
radiational,2019,448.3
radiational,2019,445.5
radiational,2019,442.7
radiational,2019,439.8
radiational,2019,437
radiational,2019,434.1
radiational,2019,431.3
radiational,2019,428.5
radiational,2019,493.8
radiational,2019,491
radiational,2019,488.1
radiational,2019,485.3
radiational,2019,454
radiational,2019,451.2
radiational,2019,448.3
radiational,2019,445.5
radiational,2019,442.7
radiational,2019,439.8
radiational,2019,437
radiational,2019,434.1
radiational,2019,431.3
radiational,2019,428.5
radiational,2019,493.8
radiational,2019,491
radiational,2019,488.1
radiational,2019,485.3
radiational,2019,454
radiational,2019,451.2
radiational,2019,448.3
radiational,2019,445.5
radiational,2019,442.7
radiational,2019,439.8
radiational,2019,437
radiational,2019,434.1
radiational,2019,431.3
radiational,2019,428.5
radiational,2019,493.8
radiational,2019,491
radiational,2019,488.1
radiational,2019,485.3
radiational,2019,454
radiational,2019,451.2
radiational,2019,448.3
radiational,2019,445.5
radiational,2019,442.7
radiational,2019,439.8
radiational,2019,437
radiational,2019,434.1
radiational,2019,431.3
radiational,2019,428.5
radiational,2019,493.8
radiational,2019,491
radiational,2019,488.1
radiational,2019,485.3
radiational,2019,454
radiational,2019,451.2
radiational,2019,448.3
radiational,2019,445.5
radiational,2019,442.7
radiational,2019,439.8
radiational,2019,437
radiational,2019,434.1
radiational,2019,431.3
radiational,2019,428.5
radiational,2019,493.8
radiational,2019,491
radiational,2019,488.1
radiational,2019,485.3
radiational,2019,454
radiational,2019,451.2
radiational,2019,448.3
radiational,2019,445.5
radiational,2019,442.7
radiational,2019,439.8
radiational,2019,437
radiational,2019,434.1
radiational,2019,431.3
radiational,2019,428.5
radiational,2019,493.8
radiational,2019,491
radiational,2019,488.1
radiational,2019,485.3
radiational,2019,454
radiational,2019,451.2
radiational,2019,448.3
radiational,2019,445.5
radiational,2019,442.7
radiational,2019,439.8
radiational,2019,437
radiational,2019,434.1
radiational,2019,431.3
radiational,2019,428.5
radiational,2019,493.8
radiational,2019,491
radiational,2019,488.1
radiational,2019,485.3
radiational,2019,454
radiational,2019,451.2
radiational,2019,448.3
radiational,2019,445.5
radiational,2019,442.7
radiational,2019,439.8
radiational,2019,437
radiational,2019,434.1
radiational,2019,431.3
radiational,2019,428.5
radiational,2019,493.8
radiational,2019,491
radiational,2019,488.1
radiational,2019,485.3
radiational,2019,454
radiational,2019,451.2
radiational,2019,448.3
radiational,2019,445.5
radiational,2019,442.7
radiational,2019,439.8
radiational,2019,437
radiational,2019,434.1
radiational,2019,431.3
radiational,2019,428.5
radiational,2019,493.8
radiational,2019,491
radiational,2019,488.1
radiational,2019,485.3
radiational,2019,454
radiational,2019,451.2
radiational,2019,448.3
radiational,2019,445.5
radiational,2019,442.7
radiational,2019,439.8
radiational,2019,437
radiational,2019,434.1
radiational,2019,431.3
radiational,2019,428.5
radiational,2019,493.8
radiational,2019,491
radiational,2019,488.1
radiational,2019,485.3
radiational,2019,454
radiational,2019,451.2
radiational,2019,448.3
radiational,2019,445.5
radiational,2019,442.7
radiational,2019,439.8
radiational,2019,437
radiational,2019,434.1
radiational,2019,431.3
radiational,2019,428.5
radiational,2019,493.8
radiational,2019,491
radiational,2019,488.1
radiational,2019,485.3
radiational,2019,454
radiational,2019,451.2
radiational,2019,448.3
radiational,2019,445.5
radiational,2019,442.7
radiational,2019,439.8
radiational,2019,437
radiational,2019,434.1
radiational,2019,431.3
radiational,2019,428.5
radiational,2019,493.8
radiational,2019,491
radiational,2019,488.1
radiational,2019,485.3
radiational,2019,454
radiational,2019,451.2
radiational,2019,448.3
radiational,2019,445.5
radiational,2019,442.7
radiational,2019,439.8
radiational,2019,437
radiational,2019,434.1
radiational,2019,431.3
radiational,2019,428.5
radiational,2019,493.8
radiational,2019,491
radiational,2019,488.1
radiational,2019,485.3
radiational,2019,454
radiational,2019,451.2
radiational,2019,448.3
radiational,2019,445.5
radiational,2019,442.7
radiational,2019,439.8
radiational,2019,437
radiational,2019,434.1
radiational,2019,431.3
radiational,2019,428.5
radiational,2019,493.8
radiational,2019,491
radiational,2019,488.1
radiational,2019,485.3
radiational,2019,454
radiational,2019,451.2
radiational,2019,448.3
radiational,2019,445.5
radiational,2019,442.7
radiational,2019,439.8
radiational,2019,437
radiational,2019,434.1
radiational,2019,431.3
radiational,2019,428.5
radiational,2019,493.8
radiational,2019,491
radiational,2019,488.1
radiational,2019,485.3
radiational,2019,454
radiational,2019,451.2
radiational,2019,448.3
radiational,2019,445.5
radiational,2019,442.7
radiational,2019,439.8
radiational,2019,437
radiational,2019,434.1
radiational,2019,431.3
radiational,2019,428.5
radiational,2020,493.8
radiational,2020,491
radiational,2020,488.1
radiational,2020,485.3
radiational,2020,454
radiational,2020,451.2
radiational,2020,448.3
radiational,2020,445.5
radiational,2020,442.7
radiational,2020,439.8
radiational,2020,437
radiational,2020,434.1
radiational,2020,431.3
radiational,2020,428.5
radiational,2020,493.8
radiational,2020,491
radiational,2020,488.1
radiational,2020,485.3
radiational,2020,454
radiational,2020,451.2
radiational,2020,448.3
radiational,2020,445.5
radiational,2020,442.7
radiational,2020,439.8
radiational,2020,437
radiational,2020,434.1
radiational,2020,431.3
radiational,2020,428.5
radiational,2020,493.8
radiational,2020,491
radiational,2020,488.1
radiational,2020,485.3
radiational,2020,454
radiational,2020,451.2
radiational,2020,448.3
radiational,2020,445.5
radiational,2020,442.7
radiational,2020,439.8
radiational,2020,437
radiational,2020,434.1
radiational,2020,431.3
radiational,2020,428.5
radiational,2020,493.8
radiational,2020,491
radiational,2020,488.1
radiational,2020,485.3
radiational,2020,454
radiational,2020,451.2
radiational,2020,448.3
radiational,2020,445.5
radiational,2020,442.7
radiational,2020,439.8
radiational,2020,437
radiational,2020,434.1
radiational,2020,431.3
radiational,2020,428.5
radiational,2020,493.8
radiational,2020,491
radiational,2020,488.1
radiational,2020,485.3
radiational,2020,454
radiational,2020,451.2
radiational,2020,448.3
radiational,2020,445.5
radiational,2020,442.7
radiational,2020,439.8
radiational,2020,437
radiational,2020,434.1
radiational,2020,431.3
radiational,2020,428.5
radiational,2020,493.8
radiational,2020,491
radiational,2020,488.1
radiational,2020,485.3
radiational,2020,454
radiational,2020,451.2
radiational,2020,448.3
radiational,2020,445.5
radiational,2020,442.7
radiational,2020,439.8
radiational,2020,437
radiational,2020,434.1
radiational,2020,431.3
radiational,2020,428.5
radiational,2020,493.8
radiational,2020,491
radiational,2020,488.1
radiational,2020,485.3
radiational,2020,454
radiational,2020,451.2
radiational,2020,448.3
radiational,2020,445.5
radiational,2020,442.7
radiational,2020,439.8
radiational,2020,437
radiational,2020,434.1
radiational,2020,431.3
radiational,2020,428.5
radiational,2020,493.8
radiational,2020,491
radiational,2020,488.1
radiational,2020,485.3
radiational,2020,454
radiational,2020,451.2
radiational,2020,448.3
radiational,2020,445.5
radiational,2020,442.7
radiational,2020,439.8
radiational,2020,437
radiational,2020,434.1
radiational,2020,431.3
radiational,2020,428.5
radiational,2020,493.8
radiational,2020,491
radiational,2020,488.1
radiational,2020,485.3
radiational,2020,454
radiational,2020,451.2
radiational,2020,448.3
radiational,2020,445.5
radiational,2020,442.7
radiational,2020,439.8
radiational,2020,437
radiational,2020,434.1
radiational,2020,431.3
radiational,2020,428.5
radiational,2020,493.8
radiational,2020,491
radiational,2020,488.1
radiational,2020,485.3
radiational,2020,454
radiational,2020,451.2
radiational,2020,448.3
radiational,2020,445.5
radiational,2020,442.7
radiational,2020,439.8
radiational,2020,437
radiational,2020,434.1
radiational,2020,431.3
radiational,2020,428.5
radiational,2020,493.8
radiational,2020,491
radiational,2020,488.1
radiational,2020,485.3
radiational,2020,454
radiational,2020,451.2
radiational,2020,448.3
radiational,2020,445.5
radiational,2020,442.7
radiational,2020,439.8
radiational,2020,437
radiational,2020,434.1
radiational,2020,431.3
radiational,2020,428.5
radiational,2020,493.8
radiational,2020,491
radiational,2020,488.1
radiational,2020,485.3
radiational,2020,454
radiational,2020,451.2
radiational,2020,448.3
radiational,2020,445.5
radiational,2020,442.7
radiational,2020,439.8
radiational,2020,437
radiational,2020,434.1
radiational,2020,431.3
radiational,2020,428.5
radiational,2020,493.8
radiational,2020,491
radiational,2020,488.1
radiational,2020,485.3
radiational,2020,454
radiational,2020,451.2
radiational,2020,448.3
radiational,2020,445.5
radiational,2020,442.7
radiational,2020,439.8
radiational,2020,437
radiational,2020,434.1
radiational,2020,431.3
radiational,2020,428.5
radiational,2020,493.8
radiational,2020,491
radiational,2020,488.1
radiational,2020,485.3
radiational,2020,454
radiational,2020,451.2
radiational,2020,448.3
radiational,2020,445.5
radiational,2020,442.7
radiational,2020,439.8
radiational,2020,437
radiational,2020,434.1
radiational,2020,431.3
radiational,2020,428.5
radiational,2020,493.8
radiational,2020,491
radiational,2020,488.1
radiational,2020,485.3
radiational,2020,454
radiational,2020,451.2
radiational,2020,448.3
radiational,2020,445.5
radiational,2020,442.7
radiational,2020,439.8
radiational,2020,437
radiational,2020,434.1
radiational,2020,431.3
radiational,2020,428.5
radiational,2020,493.8
radiational,2020,491
radiational,2020,488.1
radiational,2020,485.3
radiational,2020,454
radiational,2020,451.2
radiational,2020,448.3
radiational,2020,445.5
radiational,2020,442.7
radiational,2020,439.8
radiational,2020,437
radiational,2020,434.1
radiational,2020,431.3
radiational,2020,428.5
radiational,2020,493.8
radiational,2020,491
radiational,2020,488.1
radiational,2020,485.3
radiational,2020,454
radiational,2020,451.2
radiational,2020,448.3
radiational,2020,445.5
radiational,2020,442.7
radiational,2020,439.8
radiational,2020,437
radiational,2020,434.1
radiational,2020,431.3
radiational,2020,428.5
radiational,2020,493.8
radiational,2020,491
radiational,2020,488.1
radiational,2020,485.3
radiational,2020,454
radiational,2020,451.2
radiational,2020,448.3
radiational,2020,445.5
radiational,2020,442.7
radiational,2020,439.8
radiational,2020,437
radiational,2020,434.1
radiational,2020,431.3
radiational,2020,428.5
radiational,2020,493.8
radiational,2020,491
radiational,2020,488.1
radiational,2020,485.3
radiational,2020,454
radiational,2020,451.2
radiational,2020,448.3
radiational,2020,445.5
radiational,2020,442.7
radiational,2020,439.8
radiational,2020,437
radiational,2020,434.1
radiational,2020,431.3
radiational,2020,428.5
radiational,2020,493.8
radiational,2020,491
radiational,2020,488.1
radiational,2020,485.3
radiational,2020,454
radiational,2020,451.2
radiational,2020,448.3
radiational,2020,445.5
radiational,2020,442.7
radiational,2020,439.8
radiational,2020,437
radiational,2020,434.1
radiational,2020,431.3
radiational,2020,428.5
radiational,2020,493.8
radiational,2020,491
radiational,2020,488.1
radiational,2020,485.3
radiational,2020,454
radiational,2020,451.2
radiational,2020,448.3
radiational,2020,445.5
radiational,2020,442.7
radiational,2020,439.8
radiational,2020,437
radiational,2020,434.1
radiational,2020,431.3
radiational,2020,428.5
radiational,2020,493.8
radiational,2020,491
radiational,2020,488.1
radiational,2020,485.3
radiational,2020,454
radiational,2020,451.2
radiational,2020,448.3
radiational,2020,445.5
radiational,2020,442.7
radiational,2020,439.8
radiational,2020,437
radiational,2020,434.1
radiational,2020,431.3
radiational,2020,428.5
radiational,2020,493.8
radiational,2020,491
radiational,2020,488.1
radiational,2020,485.3
radiational,2020,454
radiational,2020,451.2
radiational,2020,448.3
radiational,2020,445.5
radiational,2020,442.7
radiational,2020,439.8
radiational,2020,437
radiational,2020,434.1
radiational,2020,431.3
radiational,2020,428.5
radiational,2020,493.8
radiational,2020,491
radiational,2020,488.1
radiational,2020,485.3
radiational,2020,454
radiational,2020,451.2
radiational,2020,448.3
radiational,2020,445.5
radiational,2020,442.7
radiational,2020,439.8
radiational,2020,437
radiational,2020,434.1
radiational,2020,431.3
radiational,2020,428.5
radiational,2020,493.8
radiational,2020,491
radiational,2020,488.1
radiational,2020,485.3
radiational,2020,454
radiational,2020,451.2
radiational,2020,448.3
radiational,2020,445.5
radiational,2020,442.7
radiational,2020,439.8
radiational,2020,437
radiational,2020,434.1
radiational,2020,431.3
radiational,2020,428.5
radiational,2020,493.8
radiational,2020,491
radiational,2020,488.1
radiational,2020,485.3
radiational,2020,454
radiational,2020,451.2
radiational,2020,448.3
radiational,2020,445.5
radiational,2020,442.7
radiational,2020,439.8
radiational,2020,437
radiational,2020,434.1
radiational,2020,431.3
radiational,2020,428.5
radiational,2020,493.8
radiational,2020,491
radiational,2020,488.1
radiational,2020,485.3
radiational,2020,454
radiational,2020,451.2
radiational,2020,448.3
radiational,2020,445.5
radiational,2020,442.7
radiational,2020,439.8
radiational,2020,437
radiational,2020,434.1
radiational,2020,431.3
radiational,2020,428.5
radiational,2020,493.8
radiational,2020,491
radiational,2020,488.1
radiational,2020,485.3
radiational,2020,454
radiational,2020,451.2
radiational,2020,448.3
radiational,2020,445.5
radiational,2020,442.7
radiational,2020,439.8
radiational,2020,437
radiational,2020,434.1
radiational,2020,431.3
radiational,2020,428.5
radiational,2020,493.8
radiational,2020,491
radiational,2020,488.1
radiational,2020,485.3
radiational,2020,454
radiational,2020,451.2
radiational,2020,448.3
radiational,2020,445.5
radiational,2020,442.7
radiational,2020,439.8
radiational,2020,437
radiational,2020,434.1
radiational,2020,431.3
radiational,2020,428.5
radiational,2020,493.8
radiational,2020,491
radiational,2020,488.1
radiational,2020,485.3
radiational,2020,454
radiational,2020,451.2
radiational,2020,448.3
radiational,2020,445.5
radiational,2020,442.7
radiational,2020,439.8
radiational,2020,437
radiational,2020,434.1
radiational,2020,431.3
radiational,2020,428.5
radiational,2020,493.8
radiational,2020,491
radiational,2020,488.1
radiational,2020,485.3
radiational,2020,454
radiational,2020,451.2
radiational,2020,448.3
radiational,2020,445.5
radiational,2020,442.7
radiational,2020,439.8
radiational,2020,437
radiational,2020,434.1
radiational,2020,431.3
radiational,2020,428.5
radiational,2020,493.8
radiational,2020,491
radiational,2020,488.1
radiational,2020,485.3
radiational,2020,454
radiational,2020,451.2
radiational,2020,448.3
radiational,2020,445.5
radiational,2020,442.7
radiational,2020,439.8
radiational,2020,437
radiational,2020,434.1
radiational,2020,431.3
radiational,2020,428.5
radiational,2020,493.8
radiational,2020,491
radiational,2020,488.1
radiational,2020,485.3
radiational,2020,454
radiational,2020,451.2
radiational,2020,448.3
radiational,2020,445.5
radiational,2020,442.7
radiational,2020,439.8
radiational,2020,437
radiational,2020,434.1
radiational,2020,431.3
radiational,2020,428.5
radiational,2020,493.8
radiational,2020,491
radiational,2020,488.1
radiational,2020,485.3
radiational,2020,454
radiational,2020,451.2
radiational,2020,448.3
radiational,2020,445.5
radiational,2020,442.7
radiational,2020,439.8
radiational,2020,437
radiational,2020,434.1
radiational,2020,431.3
radiational,2020,428.5
radiational,2020,493.8
radiational,2020,491
radiational,2020,488.1
radiational,2020,485.3
radiational,2020,454
radiational,2020,451.2
radiational,2020,448.3
radiational,2020,445.5
radiational,2020,442.7
radiational,2020,439.8
radiational,2020,437
radiational,2020,434.1
radiational,2020,431.3
radiational,2020,428.5
radiational,2020,493.8
radiational,2020,491
radiational,2020,488.1
radiational,2020,485.3
radiational,2020,454
radiational,2020,451.2
radiational,2020,448.3
radiational,2020,445.5
radiational,2020,442.7
radiational,2020,439.8
radiational,2020,437
radiational,2020,434.1
radiational,2020,431.3
radiational,2020,428.5
radiational,2020,493.8
radiational,2020,491
radiational,2020,488.1
radiational,2020,485.3
radiational,2020,454
radiational,2020,451.2
radiational,2020,448.3
radiational,2020,445.5
radiational,2020,442.7
radiational,2020,439.8
radiational,2020,437
radiational,2020,434.1
radiational,2020,431.3
radiational,2020,428.5
radiational,2020,493.8
radiational,2020,491
radiational,2020,488.1
radiational,2020,485.3
radiational,2020,454
radiational,2020,451.2
radiational,2020,448.3
radiational,2020,445.5
radiational,2020,442.7
radiational,2020,439.8
radiational,2020,437
radiational,2020,434.1
radiational,2020,431.3
radiational,2020,428.5
radiational,2020,493.8
radiational,2020,491
radiational,2020,488.1
radiational,2020,485.3
radiational,2020,454
radiational,2020,451.2
radiational,2020,448.3
radiational,2020,445.5
radiational,2020,442.7
radiational,2020,439.8
radiational,2020,437
radiational,2020,434.1
radiational,2020,431.3
radiational,2020,428.5
radiational,2020,493.8
radiational,2020,491
radiational,2020,488.1
radiational,2020,485.3
radiational,2020,454
radiational,2020,451.2
radiational,2020,448.3
radiational,2020,445.5
radiational,2020,442.7
radiational,2020,439.8
radiational,2020,437
radiational,2020,434.1
radiational,2020,431.3
radiational,2020,428.5
radiational,2020,493.8
radiational,2020,491
radiational,2020,488.1
radiational,2020,485.3
radiational,2020,454
radiational,2020,451.2
radiational,2020,448.3
radiational,2020,445.5
radiational,2020,442.7
radiational,2020,439.8
radiational,2020,437
radiational,2020,434.1
radiational,2020,431.3
radiational,2020,428.5
radiational,2020,493.8
radiational,2020,491
radiational,2020,488.1
radiational,2020,485.3
radiational,2020,454
radiational,2020,451.2
radiational,2020,448.3
radiational,2020,445.5
radiational,2020,442.7
radiational,2020,439.8
radiational,2020,437
radiational,2020,434.1
radiational,2020,431.3
radiational,2020,428.5
radiational,2020,493.8
radiational,2020,491
radiational,2020,488.1
radiational,2020,485.3
radiational,2020,454
radiational,2020,451.2
radiational,2020,448.3
radiational,2020,445.5
radiational,2020,442.7
radiational,2020,439.8
radiational,2020,437
radiational,2020,434.1
radiational,2020,431.3
radiational,2020,428.5
radiational,2020,493.8
radiational,2020,491
radiational,2020,488.1
radiational,2020,485.3
radiational,2020,454
radiational,2020,451.2
radiational,2020,448.3
radiational,2020,445.5
radiational,2020,442.7
radiational,2020,439.8
radiational,2020,437
radiational,2020,434.1
radiational,2020,431.3
radiational,2020,428.5
radiational,2020,493.8
radiational,2020,491
radiational,2020,488.1
radiational,2020,485.3
radiational,2020,454
radiational,2020,451.2
radiational,2020,448.3
radiational,2020,445.5
radiational,2020,442.7
radiational,2020,439.8
radiational,2020,437
radiational,2020,434.1
radiational,2020,431.3
radiational,2020,428.5
radiational,2020,493.8
radiational,2020,491
radiational,2020,488.1
radiational,2020,485.3
radiational,2020,454
radiational,2020,451.2
radiational,2020,448.3
radiational,2020,445.5
radiational,2020,442.7
radiational,2020,439.8
radiational,2020,437
radiational,2020,434.1
radiational,2020,431.3
radiational,2020,428.5
radiational,2020,493.8
radiational,2020,491
radiational,2020,488.1
radiational,2020,485.3
radiational,2020,454
radiational,2020,451.2
radiational,2020,448.3
radiational,2020,445.5
radiational,2020,442.7
radiational,2020,439.8
radiational,2020,437
radiational,2020,434.1
radiational,2020,431.3
radiational,2020,428.5
radiational,2020,493.8
radiational,2020,491
radiational,2020,488.1
radiational,2020,485.3
radiational,2020,454
radiational,2020,451.2
radiational,2020,448.3
radiational,2020,445.5
radiational,2020,442.7
radiational,2020,439.8
radiational,2020,437
radiational,2020,434.1
radiational,2020,431.3
radiational,2020,428.5
radiational,2020,493.8
radiational,2020,491
radiational,2020,488.1
radiational,2020,485.3
radiational,2020,454
radiational,2020,451.2
radiational,2020,448.3
radiational,2020,445.5
radiational,2020,442.7
radiational,2020,439.8
radiational,2020,437
radiational,2020,434.1
radiational,2020,431.3
radiational,2020,428.5
radiational,2020,493.8
radiational,2020,491
radiational,2020,488.1
radiational,2020,485.3
radiational,2020,454
radiational,2020,451.2
radiational,2020,448.3
radiational,2020,445.5
radiational,2020,442.7
radiational,2020,439.8
radiational,2020,437
radiational,2020,434.1
radiational,2020,431.3
radiational,2020,428.5
radiational,2020,493.8
radiational,2020,491
radiational,2020,488.1
radiational,2020,485.3
radiational,2020,454
radiational,2020,451.2
radiational,2020,448.3
radiational,2020,445.5
radiational,2020,442.7
radiational,2020,439.8
radiational,2020,437
radiational,2020,434.1
radiational,2020,431.3
radiational,2020,428.5
radiational,2020,493.8
radiational,2020,491
radiational,2020,488.1
radiational,2020,485.3
radiational,2020,454
radiational,2020,451.2
radiational,2020,448.3
radiational,2020,445.5
radiational,2020,442.7
radiational,2020,439.8
radiational,2020,437
radiational,2020,434.1
radiational,2020,431.3
radiational,2020,428.5
radiational,2020,493.8
radiational,2020,491
radiational,2020,488.1
radiational,2020,485.3
radiational,2020,454
radiational,2020,451.2
radiational,2020,448.3
radiational,2020,445.5
radiational,2020,442.7
radiational,2020,439.8
radiational,2020,437
radiational,2020,434.1
radiational,2020,431.3
radiational,2020,428.5
radiational,2020,493.8
radiational,2020,491
radiational,2020,488.1
radiational,2020,485.3
radiational,2020,454
radiational,2020,451.2
radiational,2020,448.3
radiational,2020,445.5
radiational,2020,442.7
radiational,2020,439.8
radiational,2020,437
radiational,2020,434.1
radiational,2020,431.3
radiational,2020,428.5
radiational,2020,493.8
radiational,2020,491
radiational,2020,488.1
radiational,2020,485.3
radiational,2020,454
radiational,2020,451.2
radiational,2020,448.3
radiational,2020,445.5
radiational,2020,442.7
radiational,2020,439.8
radiational,2020,437
radiational,2020,434.1
radiational,2020,431.3
radiational,2020,428.5
radiational,2020,493.8
radiational,2020,491
radiational,2020,488.1
radiational,2020,485.3
radiational,2020,454
radiational,2020,451.2
radiational,2020,448.3
radiational,2020,445.5
radiational,2020,442.7
radiational,2020,439.8
radiational,2020,437
radiational,2020,434.1
radiational,2020,431.3
radiational,2020,428.5
radiational,2020,493.8
radiational,2020,491
radiational,2020,488.1
radiational,2020,485.3
radiational,2020,454
radiational,2020,451.2
radiational,2020,448.3
radiational,2020,445.5
radiational,2020,442.7
radiational,2020,439.8
radiational,2020,437
radiational,2020,434.1
radiational,2020,431.3
radiational,2020,428.5
radiational,2020,493.8
radiational,2020,491
radiational,2020,488.1
radiational,2020,485.3
radiational,2020,454
radiational,2020,451.2
radiational,2020,448.3
radiational,2020,445.5
radiational,2020,442.7
radiational,2020,439.8
radiational,2020,437
radiational,2020,434.1
radiational,2020,431.3
radiational,2020,428.5
radiational,2020,493.8
radiational,2020,491
radiational,2020,488.1
radiational,2020,485.3
radiational,2020,454
radiational,2020,451.2
radiational,2020,448.3
radiational,2020,445.5
radiational,2020,442.7
radiational,2020,439.8
radiational,2020,437
radiational,2020,434.1
radiational,2020,431.3
radiational,2020,428.5
radiational,2020,493.8
radiational,2020,491
radiational,2020,488.1
radiational,2020,485.3
radiational,2020,454
radiational,2020,451.2
radiational,2020,448.3
radiational,2020,445.5
radiational,2020,442.7
radiational,2020,439.8
radiational,2020,437
radiational,2020,434.1
radiational,2020,431.3
radiational,2020,428.5
radiational,2020,493.8
radiational,2020,491
radiational,2020,488.1
radiational,2020,485.3
radiational,2020,454
radiational,2020,451.2
radiational,2020,448.3
radiational,2020,445.5
radiational,2020,442.7
radiational,2020,439.8
radiational,2020,437
radiational,2020,434.1
radiational,2020,431.3
radiational,2020,428.5
radiational,2020,493.8
radiational,2020,491
radiational,2020,488.1
radiational,2020,485.3
radiational,2020,454
radiational,2020,451.2
radiational,2020,448.3
radiational,2020,445.5
radiational,2020,442.7
radiational,2020,439.8
radiational,2020,437
radiational,2020,434.1
radiational,2020,431.3
radiational,2020,428.5
radiational,2020,493.8
radiational,2020,491
radiational,2020,488.1
radiational,2020,485.3
radiational,2020,454
radiational,2020,451.2
radiational,2020,448.3
radiational,2020,445.5
radiational,2020,442.7
radiational,2020,439.8
radiational,2020,437
radiational,2020,434.1
radiational,2020,431.3
radiational,2020,428.5
radiational,2020,493.8
radiational,2020,491
radiational,2020,488.1
radiational,2020,485.3
radiational,2020,454
radiational,2020,451.2
radiational,2020,448.3
radiational,2020,445.5
radiational,2020,442.7
radiational,2020,439.8
radiational,2020,437
radiational,2020,434.1
radiational,2020,431.3
radiational,2020,428.5
radiational,2020,493.8
radiational,2020,491
radiational,2020,488.1
radiational,2020,485.3
radiational,2020,454
radiational,2020,451.2
radiational,2020,448.3
radiational,2020,445.5
radiational,2020,442.7
radiational,2020,439.8
radiational,2020,437
radiational,2020,434.1
radiational,2020,431.3
radiational,2020,428.5
radiational,2020,493.8
radiational,2020,491
radiational,2020,488.1
radiational,2020,485.3
radiational,2020,454
radiational,2020,451.2
radiational,2020,448.3
radiational,2020,445.5
radiational,2020,442.7
radiational,2020,439.8
radiational,2020,437
radiational,2020,434.1
radiational,2020,431.3
radiational,2020,428.5
radiational,2020,493.8
radiational,2020,491
radiational,2020,488.1
radiational,2020,485.3
radiational,2020,454
radiational,2020,451.2
radiational,2020,448.3
radiational,2020,445.5
radiational,2020,442.7
radiational,2020,439.8
radiational,2020,437
radiational,2020,434.1
radiational,2020,431.3
radiational,2020,428.5
radiational,2020,493.8
radiational,2020,491
radiational,2020,488.1
radiational,2020,485.3
radiational,2020,454
radiational,2020,451.2
radiational,2020,448.3
radiational,2020,445.5
radiational,2020,442.7
radiational,2020,439.8
radiational,2020,437
radiational,2020,434.1
radiational,2020,431.3
radiational,2020,428.5
radiational,2020,493.8
radiational,2020,491
radiational,2020,488.1
radiational,2020,485.3
radiational,2020,454
radiational,2020,451.2
radiational,2020,448.3
radiational,2020,445.5
radiational,2020,442.7
radiational,2020,439.8
radiational,2020,437
radiational,2020,434.1
radiational,2020,431.3
radiational,2020,428.5
radiational,2020,493.8
radiational,2020,491
radiational,2020,488.1
radiational,2020,485.3
radiational,2020,454
radiational,2020,451.2
radiational,2020,448.3
radiational,2020,445.5
radiational,2020,442.7
radiational,2020,439.8
radiational,2020,437
radiational,2020,434.1
radiational,2020,431.3
radiational,2020,428.5
radiational,2020,493.8
radiational,2020,491
radiational,2020,488.1
radiational,2020,485.3
radiational,2020,454
radiational,2020,451.2
radiational,2020,448.3
radiational,2020,445.5
radiational,2020,442.7
radiational,2020,439.8
radiational,2020,437
radiational,2020,434.1
radiational,2020,431.3
radiational,2020,428.5
radiational,2020,493.8
radiational,2020,491
radiational,2020,488.1
radiational,2020,485.3
radiational,2020,454
radiational,2020,451.2
radiational,2020,448.3
radiational,2020,445.5
radiational,2020,442.7
radiational,2020,439.8
radiational,2020,437
radiational,2020,434.1
radiational,2020,431.3
radiational,2020,428.5
radiational,2020,493.8
radiational,2020,491
radiational,2020,488.1
radiational,2020,485.3
radiational,2020,454
radiational,2020,451.2
radiational,2020,448.3
radiational,2020,445.5
radiational,2020,442.7
radiational,2020,439.8
radiational,2020,437
radiational,2020,434.1
radiational,2020,431.3
radiational,2020,428.5
radiational,2020,493.8
radiational,2020,491
radiational,2020,488.1
radiational,2020,485.3
radiational,2020,454
radiational,2020,451.2
radiational,2020,448.3
radiational,2020,445.5
radiational,2020,442.7
radiational,2020,439.8
radiational,2020,437
radiational,2020,434.1
radiational,2020,431.3
radiational,2020,428.5
radiational,2020,493.8
radiational,2020,491
radiational,2020,488.1
radiational,2020,485.3
radiational,2020,454
radiational,2020,451.2
radiational,2020,448.3
radiational,2020,445.5
radiational,2020,442.7
radiational,2020,439.8
radiational,2020,437
radiational,2020,434.1
radiational,2020,431.3
radiational,2020,428.5
radiational,2020,493.8
radiational,2020,491
radiational,2020,488.1
radiational,2020,485.3
radiational,2020,454
radiational,2020,451.2
radiational,2020,448.3
radiational,2020,445.5
radiational,2020,442.7
radiational,2020,439.8
radiational,2020,437
radiational,2020,434.1
radiational,2020,431.3
radiational,2020,428.5
radiational,2020,493.8
radiational,2020,491
radiational,2020,488.1
radiational,2020,485.3
radiational,2020,454
radiational,2020,451.2
radiational,2020,448.3
radiational,2020,445.5
radiational,2020,442.7
radiational,2020,439.8
radiational,2020,437
radiational,2020,434.1
radiational,2020,431.3
radiational,2020,428.5
radiational,2020,493.8
radiational,2020,491
radiational,2020,488.1
radiational,2020,485.3
radiational,2020,454
radiational,2020,451.2
radiational,2020,448.3
radiational,2020,445.5
radiational,2020,442.7
radiational,2020,439.8
radiational,2020,437
radiational,2020,434.1
radiational,2020,431.3
radiational,2020,428.5
radiational,2020,493.8
radiational,2020,491
radiational,2020,488.1
radiational,2020,485.3
radiational,2020,454
radiational,2020,451.2
radiational,2020,448.3
radiational,2020,445.5
radiational,2020,442.7
radiational,2020,439.8
radiational,2020,437
radiational,2020,434.1
radiational,2020,431.3
radiational,2020,428.5
radiational,2020,493.8
radiational,2020,491
radiational,2020,488.1
radiational,2020,485.3
radiational,2020,454
radiational,2020,451.2
radiational,2020,448.3
radiational,2020,445.5
radiational,2020,442.7
radiational,2020,439.8
radiational,2020,437
radiational,2020,434.1
radiational,2020,431.3
radiational,2020,428.5
radiational,2020,493.8
radiational,2020,491
radiational,2020,488.1
radiational,2020,485.3
radiational,2020,454
radiational,2020,451.2
radiational,2020,448.3
radiational,2020,445.5
radiational,2020,442.7
radiational,2020,439.8
radiational,2020,437
radiational,2020,434.1
radiational,2020,431.3
radiational,2020,428.5
radiational,2020,493.8
radiational,2020,491
radiational,2020,488.1
radiational,2020,485.3
radiational,2020,454
radiational,2020,451.2
radiational,2020,448.3
radiational,2020,445.5
radiational,2020,442.7
radiational,2020,439.8
radiational,2020,437
radiational,2020,434.1
radiational,2020,431.3
radiational,2020,428.5
radiational,2020,493.8
radiational,2020,491
radiational,2020,488.1
radiational,2020,485.3
radiational,2020,454
radiational,2020,451.2
radiational,2020,448.3
radiational,2020,445.5
radiational,2020,442.7
radiational,2020,439.8
radiational,2020,437
radiational,2020,434.1
radiational,2020,431.3
radiational,2020,428.5
radiational,2020,493.8
radiational,2020,491
radiational,2020,488.1
radiational,2020,485.3
radiational,2020,454
radiational,2020,451.2
radiational,2020,448.3
radiational,2020,445.5
radiational,2020,442.7
radiational,2020,439.8
radiational,2020,437
radiational,2020,434.1
radiational,2020,431.3
radiational,2020,428.5
radiational,2020,493.8
radiational,2020,491
radiational,2020,488.1
radiational,2020,485.3
radiational,2020,454
radiational,2020,451.2
radiational,2020,448.3
radiational,2020,445.5
radiational,2020,442.7
radiational,2020,439.8
radiational,2020,437
radiational,2020,434.1
radiational,2020,431.3
radiational,2020,428.5
radiational,2020,493.8
radiational,2020,491
radiational,2020,488.1
radiational,2020,485.3
radiational,2020,454
radiational,2020,451.2
radiational,2020,448.3
radiational,2020,445.5
radiational,2020,442.7
radiational,2020,439.8
radiational,2020,437
radiational,2020,434.1
radiational,2020,431.3
radiational,2020,428.5
radiational,2020,493.8
radiational,2020,491
radiational,2020,488.1
radiational,2020,485.3
radiational,2020,454
radiational,2020,451.2
radiational,2020,448.3
radiational,2020,445.5
radiational,2020,442.7
radiational,2020,439.8
radiational,2020,437
radiational,2020,434.1
radiational,2020,431.3
radiational,2020,428.5
radiational,2020,493.8
radiational,2020,491
radiational,2020,488.1
radiational,2020,485.3
radiational,2020,454
radiational,2020,451.2
radiational,2020,448.3
radiational,2020,445.5
radiational,2020,442.7
radiational,2020,439.8
radiational,2020,437
radiational,2020,434.1
radiational,2020,431.3
radiational,2020,428.5
radiational,2020,493.8
radiational,2020,491
radiational,2020,488.1
radiational,2020,485.3
radiational,2020,451.2
radiational,2020,448.3
radiational,2020,445.5
radiational,2020,442.7
radiational,2020,439.8
radiational,2020,437
radiational,2020,434.1
radiational,2020,431.3
radiational,2020,493.8
radiational,2020,491
radiational,2020,488.1
radiational,2020,485.3
radiational,2020,448.3
radiational,2020,445.5
radiational,2020,442.7
radiational,2020,439.8
radiational,2020,437
radiational,2020,434.1
radiational,2020,493.8
radiational,2020,491
radiational,2020,488.1
radiational,2020,485.3
radiational,2020,442.7
radiational,2020,439.8
radiational,2020,493.8
radiational,2020,491
radiational,2020,488.1
radiational,2020,485.3
radiational,2020,493.8
radiational,2020,491
radiational,2020,488.1
radiational,2020,485.3
radiational,2020,493.8
radiational,2020,491
radiational,2020,488.1
radiational,2020,485.3
radiational,2020,493.8
radiational,2020,491
radiational,2020,488.1
radiational,2020,485.3
radiational,2020,493.8
radiational,2020,491
radiational,2020,488.1
radiational,2020,485.3
radiational,2020,493.8
radiational,2020,491
radiational,2020,488.1
radiational,2020,485.3
radiational,2020,493.8
radiational,2020,491
radiational,2020,488.1
radiational,2020,485.3
radiational,2020,493.8
radiational,2020,491
radiational,2020,488.1
radiational,2020,485.3
radiational,2020,493.8
radiational,2020,491
radiational,2020,488.1
radiational,2020,485.3
radiational,2020,493.8
radiational,2020,491
radiational,2020,488.1
radiational,2020,485.3
radiational,2020,493.8
radiational,2020,491
radiational,2020,488.1
radiational,2020,485.3
radiational,2020,493.8
radiational,2020,491
radiational,2020,488.1
radiational,2020,485.3
radiational,2021,493.8
radiational,2021,491
radiational,2021,488.1
radiational,2021,485.3
radiational,2021,493.8
radiational,2021,491
radiational,2021,488.1
radiational,2021,485.3
radiational,2021,493.8
radiational,2021,491
radiational,2021,488.1
radiational,2021,485.3
radiational,2021,493.8
radiational,2021,491
radiational,2021,488.1
radiational,2021,485.3
radiational,2021,493.8
radiational,2021,491
radiational,2021,488.1
radiational,2021,485.3
radiational,2021,493.8
radiational,2021,491
radiational,2021,488.1
radiational,2021,485.3
radiational,2021,493.8
radiational,2021,491
radiational,2021,488.1
radiational,2021,485.3
radiational,2021,493.8
radiational,2021,491
radiational,2021,488.1
radiational,2021,485.3
radiational,2021,493.8
radiational,2021,491
radiational,2021,488.1
radiational,2021,485.3
radiational,2021,493.8
radiational,2021,491
radiational,2021,488.1
radiational,2021,485.3
radiational,2021,493.8
radiational,2021,491
radiational,2021,488.1
radiational,2021,485.3
radiational,2021,493.8
radiational,2021,491
radiational,2021,488.1
radiational,2021,485.3
radiational,2021,493.8
radiational,2021,491
radiational,2021,488.1
radiational,2021,485.3
radiational,2021,493.8
radiational,2021,491
radiational,2021,488.1
radiational,2021,485.3
radiational,2021,493.8
radiational,2021,491
radiational,2021,488.1
radiational,2021,485.3
radiational,2021,493.8
radiational,2021,491
radiational,2021,488.1
radiational,2021,485.3
radiational,2021,493.8
radiational,2021,491
radiational,2021,488.1
radiational,2021,485.3
radiational,2021,493.8
radiational,2021,491
radiational,2021,488.1
radiational,2021,485.3
radiational,2021,493.8
radiational,2021,491
radiational,2021,488.1
radiational,2021,485.3
radiational,2021,493.8
radiational,2021,491
radiational,2021,488.1
radiational,2021,485.3
radiational,2021,493.8
radiational,2021,491
radiational,2021,488.1
radiational,2021,485.3
radiational,2021,493.8
radiational,2021,491
radiational,2021,488.1
radiational,2021,485.3
radiational,2021,493.8
radiational,2021,491
radiational,2021,488.1
radiational,2021,485.3
radiational,2021,493.8
radiational,2021,491
radiational,2021,488.1
radiational,2021,485.3
radiational,2021,493.8
radiational,2021,491
radiational,2021,488.1
radiational,2021,485.3
radiational,2021,411.4
radiational,2021,408.6
radiational,2021,405.7
radiational,2021,402.9
radiational,2021,400
radiational,2021,493.8
radiational,2021,491
radiational,2021,488.1
radiational,2021,485.3
radiational,2021,414.3
radiational,2021,411.4
radiational,2021,408.6
radiational,2021,405.7
radiational,2021,402.9
radiational,2021,400
radiational,2021,397.2
radiational,2021,493.8
radiational,2021,491
radiational,2021,488.1
radiational,2021,485.3
radiational,2021,417.1
radiational,2021,414.3
radiational,2021,411.4
radiational,2021,408.6
radiational,2021,405.7
radiational,2021,402.9
radiational,2021,400
radiational,2021,397.2
radiational,2021,394.4
radiational,2021,493.8
radiational,2021,491
radiational,2021,488.1
radiational,2021,485.3
radiational,2021,417.1
radiational,2021,414.3
radiational,2021,411.4
radiational,2021,408.6
radiational,2021,405.7
radiational,2021,402.9
radiational,2021,400
radiational,2021,397.2
radiational,2021,394.4
radiational,2021,493.8
radiational,2021,491
radiational,2021,488.1
radiational,2021,485.3
radiational,2021,419.9
radiational,2021,417.1
radiational,2021,414.3
radiational,2021,411.4
radiational,2021,408.6
radiational,2021,405.7
radiational,2021,402.9
radiational,2021,400
radiational,2021,397.2
radiational,2021,394.4
radiational,2021,493.8
radiational,2021,491
radiational,2021,488.1
radiational,2021,485.3
radiational,2021,419.9
radiational,2021,417.1
radiational,2021,414.3
radiational,2021,411.4
radiational,2021,408.6
radiational,2021,405.7
radiational,2021,402.9
radiational,2021,400
radiational,2021,397.2
radiational,2021,394.4
radiational,2021,493.8
radiational,2021,491
radiational,2021,488.1
radiational,2021,485.3
radiational,2021,422.8
radiational,2021,419.9
radiational,2021,417.1
radiational,2021,414.3
radiational,2021,411.4
radiational,2021,408.6
radiational,2021,405.7
radiational,2021,402.9
radiational,2021,400
radiational,2021,397.2
radiational,2021,394.4
radiational,2021,493.8
radiational,2021,491
radiational,2021,488.1
radiational,2021,485.3
radiational,2021,422.8
radiational,2021,419.9
radiational,2021,417.1
radiational,2021,414.3
radiational,2021,411.4
radiational,2021,408.6
radiational,2021,405.7
radiational,2021,402.9
radiational,2021,400
radiational,2021,397.2
radiational,2021,493.8
radiational,2021,491
radiational,2021,488.1
radiational,2021,485.3
radiational,2021,422.8
radiational,2021,419.9
radiational,2021,417.1
radiational,2021,414.3
radiational,2021,411.4
radiational,2021,408.6
radiational,2021,405.7
radiational,2021,402.9
radiational,2021,400
radiational,2021,397.2
radiational,2021,493.8
radiational,2021,491
radiational,2021,488.1
radiational,2021,485.3
radiational,2021,425.6
radiational,2021,422.8
radiational,2021,419.9
radiational,2021,417.1
radiational,2021,414.3
radiational,2021,411.4
radiational,2021,408.6
radiational,2021,405.7
radiational,2021,402.9
radiational,2021,400
radiational,2021,493.8
radiational,2021,491
radiational,2021,488.1
radiational,2021,485.3
radiational,2021,425.6
radiational,2021,422.8
radiational,2021,419.9
radiational,2021,417.1
radiational,2021,414.3
radiational,2021,411.4
radiational,2021,408.6
radiational,2021,405.7
radiational,2021,402.9
radiational,2021,400
radiational,2021,493.8
radiational,2021,491
radiational,2021,488.1
radiational,2021,485.3
radiational,2021,428.5
radiational,2021,425.6
radiational,2021,422.8
radiational,2021,419.9
radiational,2021,417.1
radiational,2021,414.3
radiational,2021,411.4
radiational,2021,408.6
radiational,2021,405.7
radiational,2021,402.9
radiational,2021,400
radiational,2021,493.8
radiational,2021,491
radiational,2021,488.1
radiational,2021,485.3
radiational,2021,428.5
radiational,2021,425.6
radiational,2021,422.8
radiational,2021,419.9
radiational,2021,417.1
radiational,2021,414.3
radiational,2021,411.4
radiational,2021,408.6
radiational,2021,405.7
radiational,2021,402.9
radiational,2021,493.8
radiational,2021,491
radiational,2021,488.1
radiational,2021,485.3
radiational,2021,428.5
radiational,2021,425.6
radiational,2021,422.8
radiational,2021,419.9
radiational,2021,417.1
radiational,2021,414.3
radiational,2021,411.4
radiational,2021,408.6
radiational,2021,405.7
radiational,2021,402.9
radiational,2021,493.8
radiational,2021,491
radiational,2021,488.1
radiational,2021,485.3
radiational,2021,431.3
radiational,2021,428.5
radiational,2021,425.6
radiational,2021,422.8
radiational,2021,419.9
radiational,2021,417.1
radiational,2021,414.3
radiational,2021,411.4
radiational,2021,408.6
radiational,2021,405.7
radiational,2021,493.8
radiational,2021,491
radiational,2021,488.1
radiational,2021,485.3
radiational,2021,431.3
radiational,2021,428.5
radiational,2021,425.6
radiational,2021,422.8
radiational,2021,419.9
radiational,2021,417.1
radiational,2021,414.3
radiational,2021,411.4
radiational,2021,408.6
radiational,2021,405.7
radiational,2021,493.8
radiational,2021,491
radiational,2021,488.1
radiational,2021,485.3
radiational,2021,434.1
radiational,2021,431.3
radiational,2021,428.5
radiational,2021,425.6
radiational,2021,422.8
radiational,2021,419.9
radiational,2021,417.1
radiational,2021,414.3
radiational,2021,411.4
radiational,2021,408.6
radiational,2021,405.7
radiational,2021,493.8
radiational,2021,491
radiational,2021,488.1
radiational,2021,485.3
radiational,2021,434.1
radiational,2021,431.3
radiational,2021,428.5
radiational,2021,425.6
radiational,2021,422.8
radiational,2021,419.9
radiational,2021,417.1
radiational,2021,414.3
radiational,2021,411.4
radiational,2021,408.6
radiational,2021,493.8
radiational,2021,491
radiational,2021,488.1
radiational,2021,485.3
radiational,2021,437
radiational,2021,434.1
radiational,2021,431.3
radiational,2021,428.5
radiational,2021,425.6
radiational,2021,422.8
radiational,2021,419.9
radiational,2021,417.1
radiational,2021,414.3
radiational,2021,411.4
radiational,2021,408.6
radiational,2021,493.8
radiational,2021,491
radiational,2021,488.1
radiational,2021,485.3
radiational,2021,439.8
radiational,2021,437
radiational,2021,434.1
radiational,2021,431.3
radiational,2021,428.5
radiational,2021,425.6
radiational,2021,422.8
radiational,2021,419.9
radiational,2021,417.1
radiational,2021,414.3
radiational,2021,411.4
radiational,2021,493.8
radiational,2021,491
radiational,2021,488.1
radiational,2021,485.3
radiational,2021,439.8
radiational,2021,437
radiational,2021,434.1
radiational,2021,431.3
radiational,2021,428.5
radiational,2021,425.6
radiational,2021,422.8
radiational,2021,419.9
radiational,2021,417.1
radiational,2021,414.3
radiational,2021,411.4
radiational,2021,493.8
radiational,2021,491
radiational,2021,488.1
radiational,2021,485.3
radiational,2021,442.7
radiational,2021,439.8
radiational,2021,437
radiational,2021,434.1
radiational,2021,431.3
radiational,2021,428.5
radiational,2021,425.6
radiational,2021,422.8
radiational,2021,419.9
radiational,2021,417.1
radiational,2021,414.3
radiational,2021,493.8
radiational,2021,491
radiational,2021,488.1
radiational,2021,485.3
radiational,2021,442.7
radiational,2021,439.8
radiational,2021,437
radiational,2021,434.1
radiational,2021,431.3
radiational,2021,428.5
radiational,2021,425.6
radiational,2021,422.8
radiational,2021,419.9
radiational,2021,417.1
radiational,2021,414.3
radiational,2021,493.8
radiational,2021,491
radiational,2021,488.1
radiational,2021,485.3
radiational,2021,445.5
radiational,2021,442.7
radiational,2021,439.8
radiational,2021,437
radiational,2021,434.1
radiational,2021,431.3
radiational,2021,428.5
radiational,2021,425.6
radiational,2021,422.8
radiational,2021,419.9
radiational,2021,417.1
radiational,2021,493.8
radiational,2021,491
radiational,2021,488.1
radiational,2021,485.3
radiational,2021,445.5
radiational,2021,442.7
radiational,2021,439.8
radiational,2021,437
radiational,2021,434.1
radiational,2021,431.3
radiational,2021,428.5
radiational,2021,425.6
radiational,2021,422.8
radiational,2021,419.9
radiational,2021,493.8
radiational,2021,491
radiational,2021,488.1
radiational,2021,485.3
radiational,2021,448.3
radiational,2021,445.5
radiational,2021,442.7
radiational,2021,439.8
radiational,2021,437
radiational,2021,434.1
radiational,2021,431.3
radiational,2021,428.5
radiational,2021,425.6
radiational,2021,422.8
radiational,2021,419.9
radiational,2021,493.8
radiational,2021,491
radiational,2021,488.1
radiational,2021,485.3
radiational,2021,451.2
radiational,2021,448.3
radiational,2021,445.5
radiational,2021,442.7
radiational,2021,439.8
radiational,2021,437
radiational,2021,434.1
radiational,2021,431.3
radiational,2021,428.5
radiational,2021,425.6
radiational,2021,422.8
radiational,2021,493.8
radiational,2021,491
radiational,2021,488.1
radiational,2021,485.3
radiational,2021,451.2
radiational,2021,448.3
radiational,2021,445.5
radiational,2021,442.7
radiational,2021,439.8
radiational,2021,437
radiational,2021,434.1
radiational,2021,431.3
radiational,2021,428.5
radiational,2021,425.6
radiational,2021,422.8
radiational,2021,493.8
radiational,2021,491
radiational,2021,488.1
radiational,2021,485.3
radiational,2021,454
radiational,2021,451.2
radiational,2021,448.3
radiational,2021,445.5
radiational,2021,442.7
radiational,2021,439.8
radiational,2021,437
radiational,2021,434.1
radiational,2021,431.3
radiational,2021,428.5
radiational,2021,425.6
radiational,2021,422.8
radiational,2021,419.9
radiational,2021,417.1
radiational,2021,414.3
radiational,2021,411.4
radiational,2021,493.8
radiational,2021,491
radiational,2021,488.1
radiational,2021,485.3
radiational,2021,454
radiational,2021,451.2
radiational,2021,448.3
radiational,2021,445.5
radiational,2021,442.7
radiational,2021,439.8
radiational,2021,437
radiational,2021,434.1
radiational,2021,431.3
radiational,2021,428.5
radiational,2021,425.6
radiational,2021,422.8
radiational,2021,419.9
radiational,2021,417.1
radiational,2021,414.3
radiational,2021,411.4
radiational,2021,408.6
radiational,2021,405.7
radiational,2021,402.9
radiational,2021,400
radiational,2021,493.8
radiational,2021,491
radiational,2021,488.1
radiational,2021,485.3
radiational,2021,454
radiational,2021,451.2
radiational,2021,448.3
radiational,2021,445.5
radiational,2021,442.7
radiational,2021,439.8
radiational,2021,437
radiational,2021,434.1
radiational,2021,431.3
radiational,2021,428.5
radiational,2021,425.6
radiational,2021,422.8
radiational,2021,419.9
radiational,2021,417.1
radiational,2021,414.3
radiational,2021,411.4
radiational,2021,408.6
radiational,2021,405.7
radiational,2021,402.9
radiational,2021,400
radiational,2021,397.2
radiational,2021,394.4
radiational,2021,391.5
radiational,2021,388.7
radiational,2021,493.8
radiational,2021,491
radiational,2021,488.1
radiational,2021,485.3
radiational,2021,454
radiational,2021,451.2
radiational,2021,448.3
radiational,2021,445.5
radiational,2021,442.7
radiational,2021,439.8
radiational,2021,437
radiational,2021,434.1
radiational,2021,431.3
radiational,2021,428.5
radiational,2021,425.6
radiational,2021,422.8
radiational,2021,419.9
radiational,2021,417.1
radiational,2021,414.3
radiational,2021,411.4
radiational,2021,408.6
radiational,2021,405.7
radiational,2021,402.9
radiational,2021,400
radiational,2021,397.2
radiational,2021,394.4
radiational,2021,391.5
radiational,2021,388.7
radiational,2021,385.8
radiational,2021,383
radiational,2021,380.2
radiational,2021,377.3
radiational,2021,493.8
radiational,2021,491
radiational,2021,488.1
radiational,2021,485.3
radiational,2021,454
radiational,2021,451.2
radiational,2021,448.3
radiational,2021,445.5
radiational,2021,442.7
radiational,2021,439.8
radiational,2021,437
radiational,2021,434.1
radiational,2021,431.3
radiational,2021,428.5
radiational,2021,425.6
radiational,2021,422.8
radiational,2021,419.9
radiational,2021,417.1
radiational,2021,414.3
radiational,2021,411.4
radiational,2021,408.6
radiational,2021,405.7
radiational,2021,402.9
radiational,2021,400
radiational,2021,397.2
radiational,2021,394.4
radiational,2021,391.5
radiational,2021,388.7
radiational,2021,385.8
radiational,2021,383
radiational,2021,380.2
radiational,2021,377.3
radiational,2021,374.5
radiational,2021,371.6
radiational,2021,368.8
radiational,2021,366
radiational,2021,493.8
radiational,2021,491
radiational,2021,488.1
radiational,2021,485.3
radiational,2021,451.2
radiational,2021,448.3
radiational,2021,445.5
radiational,2021,442.7
radiational,2021,439.8
radiational,2021,437
radiational,2021,434.1
radiational,2021,431.3
radiational,2021,428.5
radiational,2021,425.6
radiational,2021,422.8
radiational,2021,419.9
radiational,2021,417.1
radiational,2021,414.3
radiational,2021,411.4
radiational,2021,408.6
radiational,2021,405.7
radiational,2021,402.9
radiational,2021,400
radiational,2021,397.2
radiational,2021,394.4
radiational,2021,391.5
radiational,2021,388.7
radiational,2021,385.8
radiational,2021,383
radiational,2021,380.2
radiational,2021,377.3
radiational,2021,374.5
radiational,2021,371.6
radiational,2021,368.8
radiational,2021,366
radiational,2021,363.1
radiational,2021,360.3
radiational,2021,357.4
radiational,2021,354.6
radiational,2021,493.8
radiational,2021,491
radiational,2021,488.1
radiational,2021,485.3
radiational,2021,448.3
radiational,2021,445.5
radiational,2021,442.7
radiational,2021,439.8
radiational,2021,437
radiational,2021,434.1
radiational,2021,431.3
radiational,2021,428.5
radiational,2021,425.6
radiational,2021,422.8
radiational,2021,419.9
radiational,2021,417.1
radiational,2021,414.3
radiational,2021,411.4
radiational,2021,408.6
radiational,2021,405.7
radiational,2021,402.9
radiational,2021,400
radiational,2021,397.2
radiational,2021,394.4
radiational,2021,391.5
radiational,2021,388.7
radiational,2021,385.8
radiational,2021,383
radiational,2021,380.2
radiational,2021,377.3
radiational,2021,374.5
radiational,2021,371.6
radiational,2021,368.8
radiational,2021,366
radiational,2021,363.1
radiational,2021,360.3
radiational,2021,357.4
radiational,2021,354.6
radiational,2021,351.8
radiational,2021,348.9
radiational,2021,346.1
radiational,2021,343.2
radiational,2021,493.8
radiational,2021,491
radiational,2021,488.1
radiational,2021,485.3
radiational,2021,439.8
radiational,2021,437
radiational,2021,434.1
radiational,2021,431.3
radiational,2021,428.5
radiational,2021,425.6
radiational,2021,422.8
radiational,2021,419.9
radiational,2021,417.1
radiational,2021,414.3
radiational,2021,411.4
radiational,2021,408.6
radiational,2021,405.7
radiational,2021,402.9
radiational,2021,400
radiational,2021,397.2
radiational,2021,394.4
radiational,2021,391.5
radiational,2021,388.7
radiational,2021,385.8
radiational,2021,383
radiational,2021,380.2
radiational,2021,377.3
radiational,2021,374.5
radiational,2021,371.6
radiational,2021,368.8
radiational,2021,366
radiational,2021,363.1
radiational,2021,360.3
radiational,2021,357.4
radiational,2021,354.6
radiational,2021,351.8
radiational,2021,348.9
radiational,2021,346.1
radiational,2021,343.2
radiational,2021,340.4
radiational,2021,337.6
radiational,2021,334.7
radiational,2021,331.9
radiational,2021,493.8
radiational,2021,491
radiational,2021,488.1
radiational,2021,485.3
radiational,2021,428.5
radiational,2021,425.6
radiational,2021,422.8
radiational,2021,419.9
radiational,2021,417.1
radiational,2021,414.3
radiational,2021,411.4
radiational,2021,408.6
radiational,2021,405.7
radiational,2021,402.9
radiational,2021,400
radiational,2021,397.2
radiational,2021,394.4
radiational,2021,391.5
radiational,2021,388.7
radiational,2021,385.8
radiational,2021,383
radiational,2021,380.2
radiational,2021,377.3
radiational,2021,374.5
radiational,2021,371.6
radiational,2021,368.8
radiational,2021,366
radiational,2021,363.1
radiational,2021,360.3
radiational,2021,357.4
radiational,2021,354.6
radiational,2021,351.8
radiational,2021,348.9
radiational,2021,346.1
radiational,2021,343.2
radiational,2021,340.4
radiational,2021,337.6
radiational,2021,334.7
radiational,2021,331.9
radiational,2021,329
radiational,2021,326.2
radiational,2021,323.3
radiational,2021,320.5
radiational,2021,493.8
radiational,2021,491
radiational,2021,488.1
radiational,2021,485.3
radiational,2021,417.1
radiational,2021,414.3
radiational,2021,411.4
radiational,2021,408.6
radiational,2021,405.7
radiational,2021,402.9
radiational,2021,400
radiational,2021,397.2
radiational,2021,394.4
radiational,2021,391.5
radiational,2021,388.7
radiational,2021,385.8
radiational,2021,383
radiational,2021,380.2
radiational,2021,377.3
radiational,2021,374.5
radiational,2021,371.6
radiational,2021,368.8
radiational,2021,366
radiational,2021,363.1
radiational,2021,360.3
radiational,2021,357.4
radiational,2021,354.6
radiational,2021,351.8
radiational,2021,348.9
radiational,2021,346.1
radiational,2021,343.2
radiational,2021,340.4
radiational,2021,337.6
radiational,2021,334.7
radiational,2021,331.9
radiational,2021,329
radiational,2021,326.2
radiational,2021,323.3
radiational,2021,320.5
radiational,2021,317.7
radiational,2021,314.8
radiational,2021,312
radiational,2021,309.1
radiational,2021,493.8
radiational,2021,491
radiational,2021,488.1
radiational,2021,485.3
radiational,2021,405.7
radiational,2021,402.9
radiational,2021,400
radiational,2021,397.2
radiational,2021,394.4
radiational,2021,391.5
radiational,2021,388.7
radiational,2021,385.8
radiational,2021,383
radiational,2021,380.2
radiational,2021,377.3
radiational,2021,374.5
radiational,2021,371.6
radiational,2021,368.8
radiational,2021,366
radiational,2021,363.1
radiational,2021,360.3
radiational,2021,357.4
radiational,2021,354.6
radiational,2021,351.8
radiational,2021,348.9
radiational,2021,346.1
radiational,2021,343.2
radiational,2021,340.4
radiational,2021,337.6
radiational,2021,334.7
radiational,2021,331.9
radiational,2021,329
radiational,2021,326.2
radiational,2021,323.3
radiational,2021,320.5
radiational,2021,317.7
radiational,2021,314.8
radiational,2021,312
radiational,2021,309.1
radiational,2021,306.3
radiational,2021,303.5
radiational,2021,300.6
radiational,2021,297.8
radiational,2021,493.8
radiational,2021,491
radiational,2021,488.1
radiational,2021,485.3
radiational,2021,394.4
radiational,2021,391.5
radiational,2021,388.7
radiational,2021,385.8
radiational,2021,383
radiational,2021,380.2
radiational,2021,377.3
radiational,2021,374.5
radiational,2021,371.6
radiational,2021,368.8
radiational,2021,366
radiational,2021,363.1
radiational,2021,360.3
radiational,2021,357.4
radiational,2021,354.6
radiational,2021,351.8
radiational,2021,348.9
radiational,2021,346.1
radiational,2021,343.2
radiational,2021,340.4
radiational,2021,337.6
radiational,2021,334.7
radiational,2021,331.9
radiational,2021,329
radiational,2021,326.2
radiational,2021,323.3
radiational,2021,320.5
radiational,2021,317.7
radiational,2021,314.8
radiational,2021,312
radiational,2021,309.1
radiational,2021,306.3
radiational,2021,303.5
radiational,2021,300.6
radiational,2021,297.8
radiational,2021,294.9
radiational,2021,292.1
radiational,2021,289.3
radiational,2021,493.8
radiational,2021,491
radiational,2021,488.1
radiational,2021,485.3
radiational,2021,383
radiational,2021,380.2
radiational,2021,377.3
radiational,2021,374.5
radiational,2021,371.6
radiational,2021,368.8
radiational,2021,366
radiational,2021,363.1
radiational,2021,360.3
radiational,2021,357.4
radiational,2021,354.6
radiational,2021,351.8
radiational,2021,348.9
radiational,2021,346.1
radiational,2021,343.2
radiational,2021,340.4
radiational,2021,337.6
radiational,2021,334.7
radiational,2021,331.9
radiational,2021,329
radiational,2021,326.2
radiational,2021,323.3
radiational,2021,320.5
radiational,2021,317.7
radiational,2021,314.8
radiational,2021,312
radiational,2021,309.1
radiational,2021,306.3
radiational,2021,303.5
radiational,2021,300.6
radiational,2021,297.8
radiational,2021,294.9
radiational,2021,292.1
radiational,2021,289.3
radiational,2021,286.4
radiational,2021,283.6
radiational,2021,493.8
radiational,2021,491
radiational,2021,488.1
radiational,2021,485.3
radiational,2021,371.6
radiational,2021,368.8
radiational,2021,366
radiational,2021,363.1
radiational,2021,360.3
radiational,2021,357.4
radiational,2021,354.6
radiational,2021,351.8
radiational,2021,348.9
radiational,2021,346.1
radiational,2021,343.2
radiational,2021,340.4
radiational,2021,337.6
radiational,2021,334.7
radiational,2021,331.9
radiational,2021,329
radiational,2021,326.2
radiational,2021,323.3
radiational,2021,320.5
radiational,2021,317.7
radiational,2021,314.8
radiational,2021,312
radiational,2021,309.1
radiational,2021,306.3
radiational,2021,303.5
radiational,2021,300.6
radiational,2021,297.8
radiational,2021,294.9
radiational,2021,292.1
radiational,2021,289.3
radiational,2021,286.4
radiational,2021,283.6
radiational,2021,280.7
radiational,2021,493.8
radiational,2021,491
radiational,2021,488.1
radiational,2021,485.3
radiational,2021,360.3
radiational,2021,357.4
radiational,2021,354.6
radiational,2021,351.8
radiational,2021,348.9
radiational,2021,346.1
radiational,2021,343.2
radiational,2021,340.4
radiational,2021,337.6
radiational,2021,334.7
radiational,2021,331.9
radiational,2021,329
radiational,2021,326.2
radiational,2021,323.3
radiational,2021,320.5
radiational,2021,317.7
radiational,2021,314.8
radiational,2021,312
radiational,2021,309.1
radiational,2021,306.3
radiational,2021,303.5
radiational,2021,300.6
radiational,2021,297.8
radiational,2021,294.9
radiational,2021,292.1
radiational,2021,289.3
radiational,2021,286.4
radiational,2021,283.6
radiational,2021,280.7
radiational,2021,493.8
radiational,2021,491
radiational,2021,488.1
radiational,2021,485.3
radiational,2021,348.9
radiational,2021,346.1
radiational,2021,343.2
radiational,2021,340.4
radiational,2021,337.6
radiational,2021,334.7
radiational,2021,331.9
radiational,2021,329
radiational,2021,326.2
radiational,2021,323.3
radiational,2021,320.5
radiational,2021,317.7
radiational,2021,314.8
radiational,2021,312
radiational,2021,309.1
radiational,2021,306.3
radiational,2021,303.5
radiational,2021,300.6
radiational,2021,297.8
radiational,2021,294.9
radiational,2021,292.1
radiational,2021,289.3
radiational,2021,286.4
radiational,2021,283.6
radiational,2021,280.7
radiational,2021,493.8
radiational,2021,491
radiational,2021,488.1
radiational,2021,485.3
radiational,2021,337.6
radiational,2021,334.7
radiational,2021,331.9
radiational,2021,329
radiational,2021,326.2
radiational,2021,323.3
radiational,2021,320.5
radiational,2021,317.7
radiational,2021,314.8
radiational,2021,312
radiational,2021,309.1
radiational,2021,306.3
radiational,2021,303.5
radiational,2021,300.6
radiational,2021,297.8
radiational,2021,294.9
radiational,2021,292.1
radiational,2021,289.3
radiational,2021,286.4
radiational,2021,283.6
radiational,2021,280.7
radiational,2021,493.8
radiational,2021,491
radiational,2021,488.1
radiational,2021,485.3
radiational,2021,326.2
radiational,2021,323.3
radiational,2021,320.5
radiational,2021,317.7
radiational,2021,314.8
radiational,2021,312
radiational,2021,309.1
radiational,2021,306.3
radiational,2021,303.5
radiational,2021,300.6
radiational,2021,297.8
radiational,2021,294.9
radiational,2021,292.1
radiational,2021,289.3
radiational,2021,286.4
radiational,2021,283.6
radiational,2021,280.7
radiational,2021,493.8
radiational,2021,491
radiational,2021,488.1
radiational,2021,485.3
radiational,2021,326.2
radiational,2021,323.3
radiational,2021,320.5
radiational,2021,317.7
radiational,2021,314.8
radiational,2021,312
radiational,2021,309.1
radiational,2021,306.3
radiational,2021,303.5
radiational,2021,300.6
radiational,2021,297.8
radiational,2021,294.9
radiational,2021,292.1
radiational,2021,289.3
radiational,2021,286.4
radiational,2021,283.6
radiational,2021,331.9
radiational,2021,329
radiational,2021,326.2
radiational,2021,323.3
radiational,2021,320.5
radiational,2021,317.7
radiational,2021,314.8
radiational,2021,312
radiational,2021,309.1
radiational,2021,306.3
radiational,2021,303.5
radiational,2021,300.6
radiational,2021,297.8
radiational,2021,294.9
radiational,2021,292.1
radiational,2021,289.3
radiational,2021,286.4
radiational,2021,334.7
radiational,2021,331.9
radiational,2021,329
radiational,2021,326.2
radiational,2021,323.3
radiational,2021,320.5
radiational,2021,317.7
radiational,2021,314.8
radiational,2021,312
radiational,2021,309.1
radiational,2021,306.3
radiational,2021,303.5
radiational,2021,300.6
radiational,2021,297.8
radiational,2021,294.9
radiational,2021,292.1
radiational,2021,289.3
radiational,2021,340.4
radiational,2021,337.6
radiational,2021,334.7
radiational,2021,331.9
radiational,2021,329
radiational,2021,326.2
radiational,2021,323.3
radiational,2021,320.5
radiational,2021,317.7
radiational,2021,314.8
radiational,2021,312
radiational,2021,309.1
radiational,2021,306.3
radiational,2021,303.5
radiational,2021,300.6
radiational,2021,297.8
radiational,2021,294.9
radiational,2021,343.2
radiational,2021,340.4
radiational,2021,337.6
radiational,2021,334.7
radiational,2021,331.9
radiational,2021,329
radiational,2021,326.2
radiational,2021,323.3
radiational,2021,320.5
radiational,2021,317.7
radiational,2021,314.8
radiational,2021,312
radiational,2021,309.1
radiational,2021,306.3
radiational,2021,303.5
radiational,2021,300.6
radiational,2021,297.8
radiational,2021,348.9
radiational,2021,346.1
radiational,2021,343.2
radiational,2021,340.4
radiational,2021,337.6
radiational,2021,334.7
radiational,2021,331.9
radiational,2021,329
radiational,2021,326.2
radiational,2021,323.3
radiational,2021,320.5
radiational,2021,317.7
radiational,2021,314.8
radiational,2021,312
radiational,2021,309.1
radiational,2021,306.3
radiational,2021,303.5
radiational,2021,351.8
radiational,2021,348.9
radiational,2021,346.1
radiational,2021,343.2
radiational,2021,340.4
radiational,2021,337.6
radiational,2021,334.7
radiational,2021,331.9
radiational,2021,329
radiational,2021,326.2
radiational,2021,323.3
radiational,2021,320.5
radiational,2021,317.7
radiational,2021,314.8
radiational,2021,312
radiational,2021,309.1
radiational,2021,306.3
radiational,2021,354.6
radiational,2021,351.8
radiational,2021,348.9
radiational,2021,346.1
radiational,2021,343.2
radiational,2021,340.4
radiational,2021,337.6
radiational,2021,334.7
radiational,2021,331.9
radiational,2021,329
radiational,2021,326.2
radiational,2021,323.3
radiational,2021,320.5
radiational,2021,317.7
radiational,2021,314.8
radiational,2021,312
radiational,2021,357.4
radiational,2021,354.6
radiational,2021,351.8
radiational,2021,348.9
radiational,2021,346.1
radiational,2021,343.2
radiational,2021,340.4
radiational,2021,337.6
radiational,2021,334.7
radiational,2021,331.9
radiational,2021,329
radiational,2021,326.2
radiational,2021,323.3
radiational,2021,320.5
radiational,2021,317.7
radiational,2021,314.8
radiational,2021,357.4
radiational,2021,354.6
radiational,2021,351.8
radiational,2021,348.9
radiational,2021,346.1
radiational,2021,343.2
radiational,2021,340.4
radiational,2021,337.6
radiational,2021,334.7
radiational,2021,331.9
radiational,2021,329
radiational,2021,326.2
radiational,2021,323.3
radiational,2021,320.5
radiational,2021,357.4
radiational,2021,354.6
radiational,2021,351.8
radiational,2021,348.9
radiational,2021,346.1
radiational,2021,343.2
radiational,2021,340.4
radiational,2021,337.6
radiational,2021,334.7
radiational,2021,331.9
radiational,2021,329
radiational,2021,326.2
radiational,2021,323.3
radiational,2021,360.3
radiational,2021,357.4
radiational,2021,354.6
radiational,2021,351.8
radiational,2021,348.9
radiational,2021,346.1
radiational,2021,343.2
radiational,2021,340.4
radiational,2021,337.6
radiational,2021,334.7
radiational,2021,331.9
radiational,2021,329
radiational,2021,360.3
radiational,2021,357.4
radiational,2021,354.6
radiational,2021,351.8
radiational,2021,348.9
radiational,2021,346.1
radiational,2021,343.2
radiational,2021,340.4
radiational,2021,337.6
radiational,2021,334.7
radiational,2021,331.9
radiational,2021,360.3
radiational,2021,357.4
radiational,2021,354.6
radiational,2021,351.8
radiational,2021,348.9
radiational,2021,346.1
radiational,2021,343.2
radiational,2021,340.4
radiational,2021,337.6
radiational,2021,334.7
radiational,2021,360.3
radiational,2021,357.4
radiational,2021,354.6
radiational,2021,351.8
radiational,2021,348.9
radiational,2021,346.1
radiational,2021,343.2
radiational,2021,340.4
radiational,2021,337.6
radiational,2021,334.7
radiational,2021,360.3
radiational,2021,357.4
radiational,2021,354.6
radiational,2021,351.8
radiational,2021,348.9
radiational,2021,346.1
radiational,2021,343.2
radiational,2021,340.4
radiational,2021,337.6
radiational,2021,363.1
radiational,2021,360.3
radiational,2021,357.4
radiational,2021,354.6
radiational,2021,351.8
radiational,2021,348.9
radiational,2021,346.1
radiational,2021,343.2
radiational,2021,340.4
radiational,2021,337.6
radiational,2021,363.1
radiational,2021,360.3
radiational,2021,357.4
radiational,2021,354.6
radiational,2021,351.8
radiational,2021,348.9
radiational,2021,346.1
radiational,2021,343.2
radiational,2021,340.4
radiational,2021,337.6
radiational,2021,363.1
radiational,2021,360.3
radiational,2021,357.4
radiational,2021,354.6
radiational,2021,351.8
radiational,2021,348.9
radiational,2021,346.1
radiational,2021,343.2
radiational,2021,340.4
radiational,2021,337.6
radiational,2021,363.1
radiational,2021,360.3
radiational,2021,357.4
radiational,2021,354.6
radiational,2021,351.8
radiational,2021,348.9
radiational,2021,346.1
radiational,2021,343.2
radiational,2021,340.4
radiational,2021,337.6
radiational,2021,363.1
radiational,2021,360.3
radiational,2021,357.4
radiational,2021,354.6
radiational,2021,351.8
radiational,2021,348.9
radiational,2021,346.1
radiational,2021,343.2
radiational,2021,340.4
radiational,2021,366
radiational,2021,363.1
radiational,2021,360.3
radiational,2021,357.4
radiational,2021,354.6
radiational,2021,351.8
radiational,2021,348.9
radiational,2021,346.1
radiational,2021,343.2
radiational,2021,340.4
radiational,2021,366
radiational,2021,363.1
radiational,2021,360.3
radiational,2021,357.4
radiational,2021,354.6
radiational,2021,351.8
radiational,2021,348.9
radiational,2021,346.1
radiational,2021,343.2
radiational,2021,340.4
radiational,2021,366
radiational,2021,363.1
radiational,2021,360.3
radiational,2021,357.4
radiational,2021,354.6
radiational,2021,351.8
radiational,2021,348.9
radiational,2021,346.1
radiational,2021,343.2
radiational,2021,340.4
radiational,2021,366
radiational,2021,363.1
radiational,2021,360.3
radiational,2021,357.4
radiational,2021,354.6
radiational,2021,351.8
radiational,2021,348.9
radiational,2021,346.1
radiational,2021,343.2
radiational,2021,340.4
radiational,2021,366
radiational,2021,363.1
radiational,2021,360.3
radiational,2021,357.4
radiational,2021,354.6
radiational,2021,351.8
radiational,2021,348.9
radiational,2021,346.1
radiational,2021,343.2
radiational,2021,340.4
radiational,2021,366
radiational,2021,363.1
radiational,2021,360.3
radiational,2021,357.4
radiational,2021,354.6
radiational,2021,351.8
radiational,2021,348.9
radiational,2021,346.1
radiational,2021,343.2
radiational,2021,340.4
radiational,2021,366
radiational,2021,363.1
radiational,2021,360.3
radiational,2021,357.4
radiational,2021,354.6
radiational,2021,351.8
radiational,2021,348.9
radiational,2021,346.1
radiational,2021,343.2
radiational,2021,340.4
radiational,2021,366
radiational,2021,363.1
radiational,2021,360.3
radiational,2021,357.4
radiational,2021,354.6
radiational,2021,351.8
radiational,2021,348.9
radiational,2021,346.1
radiational,2021,343.2
radiational,2021,340.4
radiational,2021,366
radiational,2021,363.1
radiational,2021,360.3
radiational,2021,357.4
radiational,2021,354.6
radiational,2021,351.8
radiational,2021,348.9
radiational,2021,346.1
radiational,2021,343.2
radiational,2021,340.4
radiational,2021,366
radiational,2021,363.1
radiational,2021,360.3
radiational,2021,357.4
radiational,2021,354.6
radiational,2021,351.8
radiational,2021,348.9
radiational,2021,346.1
radiational,2021,343.2
radiational,2021,340.4
radiational,2021,366
radiational,2021,363.1
radiational,2021,360.3
radiational,2021,357.4
radiational,2021,354.6
radiational,2021,351.8
radiational,2021,348.9
radiational,2021,346.1
radiational,2021,343.2
radiational,2021,340.4
radiational,2021,366
radiational,2021,363.1
radiational,2021,360.3
radiational,2021,357.4
radiational,2021,354.6
radiational,2021,351.8
radiational,2021,348.9
radiational,2021,346.1
radiational,2021,343.2
radiational,2021,340.4
radiational,2021,366
radiational,2021,363.1
radiational,2021,360.3
radiational,2021,357.4
radiational,2021,354.6
radiational,2021,351.8
radiational,2021,348.9
radiational,2021,346.1
radiational,2021,343.2
radiational,2021,340.4
radiational,2021,366
radiational,2021,363.1
radiational,2021,360.3
radiational,2021,357.4
radiational,2021,354.6
radiational,2021,351.8
radiational,2021,348.9
radiational,2021,346.1
radiational,2021,343.2
radiational,2021,340.4
radiational,2021,366
radiational,2021,363.1
radiational,2021,360.3
radiational,2021,357.4
radiational,2021,354.6
radiational,2021,351.8
radiational,2021,348.9
radiational,2021,346.1
radiational,2021,343.2
radiational,2021,340.4
radiational,2021,366
radiational,2021,363.1
radiational,2021,360.3
radiational,2021,357.4
radiational,2021,354.6
radiational,2021,351.8
radiational,2021,348.9
radiational,2021,346.1
radiational,2021,343.2
radiational,2021,340.4
radiational,2021,366
radiational,2021,363.1
radiational,2021,360.3
radiational,2021,357.4
radiational,2021,354.6
radiational,2021,351.8
radiational,2021,348.9
radiational,2021,346.1
radiational,2021,343.2
radiational,2021,340.4
radiational,2021,366
radiational,2021,363.1
radiational,2021,360.3
radiational,2021,357.4
radiational,2021,354.6
radiational,2021,351.8
radiational,2021,348.9
radiational,2021,346.1
radiational,2021,343.2
radiational,2021,340.4
radiational,2021,366
radiational,2021,363.1
radiational,2021,360.3
radiational,2021,357.4
radiational,2021,354.6
radiational,2021,351.8
radiational,2021,348.9
radiational,2021,346.1
radiational,2021,343.2
radiational,2021,340.4
radiational,2021,366
radiational,2021,363.1
radiational,2021,360.3
radiational,2021,357.4
radiational,2021,354.6
radiational,2021,351.8
radiational,2021,348.9
radiational,2021,346.1
radiational,2021,343.2
radiational,2021,340.4
radiational,2021,366
radiational,2021,363.1
radiational,2021,360.3
radiational,2021,357.4
radiational,2021,354.6
radiational,2021,351.8
radiational,2021,348.9
radiational,2021,346.1
radiational,2021,343.2
radiational,2021,340.4
radiational,2021,366
radiational,2021,363.1
radiational,2021,360.3
radiational,2021,357.4
radiational,2021,354.6
radiational,2021,351.8
radiational,2021,348.9
radiational,2021,346.1
radiational,2021,343.2
radiational,2021,340.4
radiational,2021,366
radiational,2021,363.1
radiational,2021,360.3
radiational,2021,357.4
radiational,2021,354.6
radiational,2021,351.8
radiational,2021,348.9
radiational,2021,346.1
radiational,2021,343.2
radiational,2021,340.4
radiational,2021,366
radiational,2021,363.1
radiational,2021,360.3
radiational,2021,357.4
radiational,2021,354.6
radiational,2021,351.8
radiational,2021,348.9
radiational,2021,346.1
radiational,2021,343.2
radiational,2021,340.4
radiational,2021,366
radiational,2021,363.1
radiational,2021,360.3
radiational,2021,357.4
radiational,2021,354.6
radiational,2021,351.8
radiational,2021,348.9
radiational,2021,346.1
radiational,2021,343.2
radiational,2021,340.4
radiational,2021,366
radiational,2021,363.1
radiational,2021,360.3
radiational,2021,357.4
radiational,2021,354.6
radiational,2021,351.8
radiational,2021,348.9
radiational,2021,346.1
radiational,2021,343.2
radiational,2021,340.4
radiational,2021,366
radiational,2021,363.1
radiational,2021,360.3
radiational,2021,357.4
radiational,2021,354.6
radiational,2021,351.8
radiational,2021,348.9
radiational,2021,346.1
radiational,2021,343.2
radiational,2021,340.4
radiational,2021,366
radiational,2021,363.1
radiational,2021,360.3
radiational,2021,357.4
radiational,2021,354.6
radiational,2021,351.8
radiational,2021,348.9
radiational,2021,346.1
radiational,2021,343.2
radiational,2021,340.4
radiational,2021,366
radiational,2021,363.1
radiational,2021,360.3
radiational,2021,357.4
radiational,2021,354.6
radiational,2021,351.8
radiational,2021,348.9
radiational,2021,346.1
radiational,2021,343.2
radiational,2021,340.4
radiational,2021,366
radiational,2021,363.1
radiational,2021,360.3
radiational,2021,357.4
radiational,2021,354.6
radiational,2021,351.8
radiational,2021,348.9
radiational,2021,346.1
radiational,2021,343.2
radiational,2021,340.4
radiational,2021,366
radiational,2021,363.1
radiational,2021,360.3
radiational,2021,357.4
radiational,2021,354.6
radiational,2021,351.8
radiational,2021,348.9
radiational,2021,346.1
radiational,2021,343.2
radiational,2021,340.4
radiational,2021,366
radiational,2021,363.1
radiational,2021,360.3
radiational,2021,357.4
radiational,2021,354.6
radiational,2021,351.8
radiational,2021,348.9
radiational,2021,346.1
radiational,2021,343.2
radiational,2021,340.4
radiational,2021,366
radiational,2021,363.1
radiational,2021,360.3
radiational,2021,357.4
radiational,2021,354.6
radiational,2021,351.8
radiational,2021,348.9
radiational,2021,346.1
radiational,2021,343.2
radiational,2021,340.4
radiational,2021,366
radiational,2021,363.1
radiational,2021,360.3
radiational,2021,357.4
radiational,2021,354.6
radiational,2021,351.8
radiational,2021,348.9
radiational,2021,346.1
radiational,2021,343.2
radiational,2021,340.4
radiational,2021,366
radiational,2021,363.1
radiational,2021,360.3
radiational,2021,357.4
radiational,2021,354.6
radiational,2021,351.8
radiational,2021,348.9
radiational,2021,346.1
radiational,2021,343.2
radiational,2021,340.4
radiational,2021,366
radiational,2021,363.1
radiational,2021,360.3
radiational,2021,357.4
radiational,2021,354.6
radiational,2021,351.8
radiational,2021,348.9
radiational,2021,346.1
radiational,2021,343.2
radiational,2021,340.4
radiational,2021,366
radiational,2021,363.1
radiational,2021,360.3
radiational,2021,357.4
radiational,2021,354.6
radiational,2021,351.8
radiational,2021,348.9
radiational,2021,346.1
radiational,2021,343.2
radiational,2021,340.4
radiational,2021,366
radiational,2021,363.1
radiational,2021,360.3
radiational,2021,357.4
radiational,2021,354.6
radiational,2021,351.8
radiational,2021,348.9
radiational,2021,346.1
radiational,2021,343.2
radiational,2021,340.4
radiational,2021,366
radiational,2021,363.1
radiational,2021,360.3
radiational,2021,357.4
radiational,2021,354.6
radiational,2021,351.8
radiational,2021,348.9
radiational,2021,346.1
radiational,2021,343.2
radiational,2021,340.4
radiational,2021,366
radiational,2021,363.1
radiational,2021,360.3
radiational,2021,357.4
radiational,2021,354.6
radiational,2021,351.8
radiational,2021,348.9
radiational,2021,346.1
radiational,2021,343.2
radiational,2021,340.4
radiational,2021,366
radiational,2021,363.1
radiational,2021,360.3
radiational,2021,357.4
radiational,2021,354.6
radiational,2021,351.8
radiational,2021,348.9
radiational,2021,346.1
radiational,2021,343.2
radiational,2021,340.4
radiational,2021,366
radiational,2021,363.1
radiational,2021,360.3
radiational,2021,357.4
radiational,2021,354.6
radiational,2021,351.8
radiational,2021,348.9
radiational,2021,346.1
radiational,2021,343.2
radiational,2021,340.4
radiational,2021,366
radiational,2021,363.1
radiational,2021,360.3
radiational,2021,357.4
radiational,2021,354.6
radiational,2021,351.8
radiational,2021,348.9
radiational,2021,346.1
radiational,2021,343.2
radiational,2021,340.4
radiational,2021,366
radiational,2021,363.1
radiational,2021,360.3
radiational,2021,357.4
radiational,2021,354.6
radiational,2021,351.8
radiational,2021,348.9
radiational,2021,346.1
radiational,2021,343.2
radiational,2021,340.4
radiational,2021,366
radiational,2021,363.1
radiational,2021,360.3
radiational,2021,357.4
radiational,2021,354.6
radiational,2021,351.8
radiational,2021,348.9
radiational,2021,346.1
radiational,2021,343.2
radiational,2021,340.4
radiational,2021,366
radiational,2021,363.1
radiational,2021,360.3
radiational,2021,357.4
radiational,2021,354.6
radiational,2021,351.8
radiational,2021,348.9
radiational,2021,346.1
radiational,2021,343.2
radiational,2021,340.4
radiational,2021,366
radiational,2021,363.1
radiational,2021,360.3
radiational,2021,357.4
radiational,2021,354.6
radiational,2021,351.8
radiational,2021,348.9
radiational,2021,346.1
radiational,2021,343.2
radiational,2021,340.4
radiational,2021,366
radiational,2021,363.1
radiational,2021,360.3
radiational,2021,357.4
radiational,2021,354.6
radiational,2021,351.8
radiational,2021,348.9
radiational,2021,346.1
radiational,2021,343.2
radiational,2021,340.4
radiational,2021,366
radiational,2021,363.1
radiational,2021,360.3
radiational,2021,357.4
radiational,2021,354.6
radiational,2021,351.8
radiational,2021,348.9
radiational,2021,346.1
radiational,2021,343.2
radiational,2021,340.4
radiational,2021,366
radiational,2021,363.1
radiational,2021,360.3
radiational,2021,357.4
radiational,2021,354.6
radiational,2021,351.8
radiational,2021,348.9
radiational,2021,346.1
radiational,2021,343.2
radiational,2021,340.4
radiational,2021,366
radiational,2021,363.1
radiational,2021,360.3
radiational,2021,357.4
radiational,2021,354.6
radiational,2021,351.8
radiational,2021,348.9
radiational,2021,346.1
radiational,2021,343.2
radiational,2021,340.4
radiational,2021,363.1
radiational,2021,360.3
radiational,2021,357.4
radiational,2021,354.6
radiational,2021,351.8
radiational,2021,348.9
radiational,2021,346.1
radiational,2021,343.2
radiational,2021,340.4
radiational,2021,363.1
radiational,2021,360.3
radiational,2021,357.4
radiational,2021,354.6
radiational,2021,351.8
radiational,2021,348.9
radiational,2021,346.1
radiational,2021,343.2
radiational,2021,340.4
radiational,2021,363.1
radiational,2021,360.3
radiational,2021,357.4
radiational,2021,354.6
radiational,2021,351.8
radiational,2021,348.9
radiational,2021,346.1
radiational,2021,343.2
radiational,2021,340.4
radiational,2021,363.1
radiational,2021,360.3
radiational,2021,357.4
radiational,2021,354.6
radiational,2021,351.8
radiational,2021,348.9
radiational,2021,346.1
radiational,2021,343.2
radiational,2021,340.4
radiational,2021,363.1
radiational,2021,360.3
radiational,2021,357.4
radiational,2021,354.6
radiational,2021,351.8
radiational,2021,348.9
radiational,2021,346.1
radiational,2021,343.2
radiational,2021,340.4
radiational,2021,366
radiational,2021,363.1
radiational,2021,360.3
radiational,2021,357.4
radiational,2021,354.6
radiational,2021,351.8
radiational,2021,348.9
radiational,2021,346.1
radiational,2021,343.2
radiational,2021,340.4
radiational,2021,366
radiational,2021,363.1
radiational,2021,360.3
radiational,2021,357.4
radiational,2021,354.6
radiational,2021,351.8
radiational,2021,348.9
radiational,2021,346.1
radiational,2021,343.2
radiational,2021,340.4
radiational,2022,366
radiational,2022,363.1
radiational,2022,360.3
radiational,2022,357.4
radiational,2022,354.6
radiational,2022,351.8
radiational,2022,348.9
radiational,2022,346.1
radiational,2022,343.2
radiational,2022,340.4
radiational,2022,366
radiational,2022,363.1
radiational,2022,360.3
radiational,2022,357.4
radiational,2022,354.6
radiational,2022,351.8
radiational,2022,348.9
radiational,2022,346.1
radiational,2022,343.2
radiational,2022,340.4
radiational,2022,366
radiational,2022,363.1
radiational,2022,360.3
radiational,2022,357.4
radiational,2022,354.6
radiational,2022,351.8
radiational,2022,348.9
radiational,2022,346.1
radiational,2022,343.2
radiational,2022,340.4
radiational,2022,366
radiational,2022,363.1
radiational,2022,360.3
radiational,2022,357.4
radiational,2022,354.6
radiational,2022,351.8
radiational,2022,348.9
radiational,2022,346.1
radiational,2022,343.2
radiational,2022,340.4
radiational,2022,366
radiational,2022,363.1
radiational,2022,360.3
radiational,2022,357.4
radiational,2022,354.6
radiational,2022,351.8
radiational,2022,348.9
radiational,2022,346.1
radiational,2022,343.2
radiational,2022,340.4
radiational,2022,366
radiational,2022,363.1
radiational,2022,360.3
radiational,2022,357.4
radiational,2022,354.6
radiational,2022,351.8
radiational,2022,348.9
radiational,2022,346.1
radiational,2022,343.2
radiational,2022,366
radiational,2022,363.1
radiational,2022,360.3
radiational,2022,357.4
radiational,2022,354.6
radiational,2022,351.8
radiational,2022,348.9
radiational,2022,346.1
radiational,2022,343.2
radiational,2022,366
radiational,2022,363.1
radiational,2022,360.3
radiational,2022,357.4
radiational,2022,354.6
radiational,2022,351.8
radiational,2022,348.9
radiational,2022,346.1
radiational,2022,343.2
radiational,2022,368.8
radiational,2022,366
radiational,2022,363.1
radiational,2022,360.3
radiational,2022,357.4
radiational,2022,354.6
radiational,2022,351.8
radiational,2022,348.9
radiational,2022,346.1
radiational,2022,343.2
radiational,2022,366
radiational,2022,363.1
radiational,2022,360.3
radiational,2022,357.4
radiational,2022,354.6
radiational,2022,351.8
radiational,2022,348.9
radiational,2022,346.1
radiational,2022,343.2
radiational,2022,366
radiational,2022,363.1
radiational,2022,360.3
radiational,2022,357.4
radiational,2022,354.6
radiational,2022,351.8
radiational,2022,348.9
radiational,2022,346.1
radiational,2022,343.2
radiational,2022,366
radiational,2022,363.1
radiational,2022,360.3
radiational,2022,357.4
radiational,2022,354.6
radiational,2022,351.8
radiational,2022,348.9
radiational,2022,346.1
radiational,2022,363.1
radiational,2022,360.3
radiational,2022,357.4
radiational,2022,354.6
radiational,2022,351.8
radiational,2022,348.9
radiational,2022,346.1
radiational,2022,357.4
radiational,2022,354.6
radiational,2022,351.8
radiational,2022,485.3
radiational,2022,485.3
radiational,2022,488.1
radiational,2022,485.3
radiational,2022,488.1
radiational,2022,485.3
radiational,2022,419.9
radiational,2022,417.1
radiational,2022,414.3
radiational,2022,411.4
radiational,2022,488.1
radiational,2022,485.3
radiational,2022,425.6
radiational,2022,422.8
radiational,2022,419.9
radiational,2022,417.1
radiational,2022,414.3
radiational,2022,411.4
radiational,2022,408.6
radiational,2022,488.1
radiational,2022,485.3
radiational,2022,425.6
radiational,2022,422.8
radiational,2022,419.9
radiational,2022,417.1
radiational,2022,414.3
radiational,2022,411.4
radiational,2022,408.6
radiational,2022,405.7
radiational,2022,488.1
radiational,2022,485.3
radiational,2022,428.5
radiational,2022,425.6
radiational,2022,422.8
radiational,2022,419.9
radiational,2022,417.1
radiational,2022,414.3
radiational,2022,411.4
radiational,2022,408.6
radiational,2022,405.7
radiational,2022,488.1
radiational,2022,485.3
radiational,2022,428.5
radiational,2022,425.6
radiational,2022,422.8
radiational,2022,419.9
radiational,2022,417.1
radiational,2022,414.3
radiational,2022,411.4
radiational,2022,408.6
radiational,2022,405.7
radiational,2022,402.9
radiational,2022,488.1
radiational,2022,485.3
radiational,2022,428.5
radiational,2022,425.6
radiational,2022,422.8
radiational,2022,419.9
radiational,2022,417.1
radiational,2022,414.3
radiational,2022,411.4
radiational,2022,408.6
radiational,2022,405.7
radiational,2022,402.9
radiational,2022,488.1
radiational,2022,485.3
radiational,2022,428.5
radiational,2022,425.6
radiational,2022,422.8
radiational,2022,419.9
radiational,2022,417.1
radiational,2022,414.3
radiational,2022,411.4
radiational,2022,408.6
radiational,2022,405.7
radiational,2022,402.9
radiational,2022,488.1
radiational,2022,485.3
radiational,2022,428.5
radiational,2022,425.6
radiational,2022,422.8
radiational,2022,419.9
radiational,2022,417.1
radiational,2022,414.3
radiational,2022,411.4
radiational,2022,408.6
radiational,2022,405.7
radiational,2022,402.9
radiational,2022,488.1
radiational,2022,485.3
radiational,2022,428.5
radiational,2022,425.6
radiational,2022,422.8
radiational,2022,419.9
radiational,2022,417.1
radiational,2022,414.3
radiational,2022,411.4
radiational,2022,408.6
radiational,2022,405.7
radiational,2022,402.9
radiational,2022,488.1
radiational,2022,485.3
radiational,2022,428.5
radiational,2022,425.6
radiational,2022,422.8
radiational,2022,419.9
radiational,2022,417.1
radiational,2022,414.3
radiational,2022,411.4
radiational,2022,408.6
radiational,2022,405.7
radiational,2022,402.9
radiational,2022,488.1
radiational,2022,485.3
radiational,2022,428.5
radiational,2022,425.6
radiational,2022,422.8
radiational,2022,419.9
radiational,2022,417.1
radiational,2022,414.3
radiational,2022,411.4
radiational,2022,408.6
radiational,2022,405.7
radiational,2022,488.1
radiational,2022,485.3
radiational,2022,428.5
radiational,2022,425.6
radiational,2022,422.8
radiational,2022,419.9
radiational,2022,417.1
radiational,2022,414.3
radiational,2022,411.4
radiational,2022,408.6
radiational,2022,405.7
radiational,2022,488.1
radiational,2022,485.3
radiational,2022,428.5
radiational,2022,425.6
radiational,2022,422.8
radiational,2022,419.9
radiational,2022,417.1
radiational,2022,414.3
radiational,2022,411.4
radiational,2022,408.6
radiational,2022,405.7
radiational,2022,488.1
radiational,2022,485.3
radiational,2022,428.5
radiational,2022,425.6
radiational,2022,422.8
radiational,2022,419.9
radiational,2022,417.1
radiational,2022,414.3
radiational,2022,411.4
radiational,2022,408.6
radiational,2022,405.7
radiational,2022,488.1
radiational,2022,485.3
radiational,2022,428.5
radiational,2022,425.6
radiational,2022,422.8
radiational,2022,419.9
radiational,2022,417.1
radiational,2022,414.3
radiational,2022,411.4
radiational,2022,408.6
radiational,2022,405.7
radiational,2022,488.1
radiational,2022,485.3
radiational,2022,428.5
radiational,2022,425.6
radiational,2022,422.8
radiational,2022,419.9
radiational,2022,417.1
radiational,2022,414.3
radiational,2022,411.4
radiational,2022,408.6
radiational,2022,405.7
radiational,2022,488.1
radiational,2022,485.3
radiational,2022,431.3
radiational,2022,428.5
radiational,2022,425.6
radiational,2022,422.8
radiational,2022,419.9
radiational,2022,417.1
radiational,2022,414.3
radiational,2022,411.4
radiational,2022,408.6
radiational,2022,405.7
radiational,2022,488.1
radiational,2022,485.3
radiational,2022,431.3
radiational,2022,428.5
radiational,2022,425.6
radiational,2022,422.8
radiational,2022,419.9
radiational,2022,417.1
radiational,2022,414.3
radiational,2022,411.4
radiational,2022,408.6
radiational,2022,405.7
radiational,2022,488.1
radiational,2022,485.3
radiational,2022,431.3
radiational,2022,428.5
radiational,2022,425.6
radiational,2022,422.8
radiational,2022,419.9
radiational,2022,417.1
radiational,2022,414.3
radiational,2022,411.4
radiational,2022,408.6
radiational,2022,405.7
radiational,2023,488.1
radiational,2023,485.3
radiational,2023,431.3
radiational,2023,428.5
radiational,2023,425.6
radiational,2023,422.8
radiational,2023,419.9
radiational,2023,417.1
radiational,2023,414.3
radiational,2023,411.4
radiational,2023,408.6
radiational,2023,405.7
radiational,2023,488.1
radiational,2023,485.3
radiational,2023,431.3
radiational,2023,428.5
radiational,2023,425.6
radiational,2023,422.8
radiational,2023,419.9
radiational,2023,417.1
radiational,2023,414.3
radiational,2023,411.4
radiational,2023,408.6
radiational,2023,405.7
radiational,2023,491
radiational,2023,488.1
radiational,2023,485.3
radiational,2023,431.3
radiational,2023,428.5
radiational,2023,425.6
radiational,2023,422.8
radiational,2023,419.9
radiational,2023,417.1
radiational,2023,414.3
radiational,2023,411.4
radiational,2023,408.6
radiational,2023,405.7
radiational,2023,491
radiational,2023,488.1
radiational,2023,485.3
radiational,2023,431.3
radiational,2023,428.5
radiational,2023,425.6
radiational,2023,422.8
radiational,2023,419.9
radiational,2023,417.1
radiational,2023,414.3
radiational,2023,411.4
radiational,2023,408.6
radiational,2023,405.7
radiational,2023,493.8
radiational,2023,491
radiational,2023,488.1
radiational,2023,485.3
radiational,2023,431.3
radiational,2023,428.5
radiational,2023,425.6
radiational,2023,422.8
radiational,2023,419.9
radiational,2023,417.1
radiational,2023,414.3
radiational,2023,411.4
radiational,2023,408.6
radiational,2023,405.7
radiational,2023,493.8
radiational,2023,491
radiational,2023,488.1
radiational,2023,485.3
radiational,2023,431.3
radiational,2023,428.5
radiational,2023,425.6
radiational,2023,422.8
radiational,2023,419.9
radiational,2023,417.1
radiational,2023,414.3
radiational,2023,411.4
radiational,2023,408.6
radiational,2023,405.7
radiational,2023,493.8
radiational,2023,491
radiational,2023,488.1
radiational,2023,485.3
radiational,2023,431.3
radiational,2023,428.5
radiational,2023,425.6
radiational,2023,422.8
radiational,2023,419.9
radiational,2023,417.1
radiational,2023,414.3
radiational,2023,411.4
radiational,2023,408.6
radiational,2023,405.7
radiational,2023,493.8
radiational,2023,491
radiational,2023,488.1
radiational,2023,485.3
radiational,2023,431.3
radiational,2023,428.5
radiational,2023,425.6
radiational,2023,422.8
radiational,2023,419.9
radiational,2023,417.1
radiational,2023,414.3
radiational,2023,411.4
radiational,2023,408.6
radiational,2023,405.7
radiational,2023,493.8
radiational,2023,491
radiational,2023,488.1
radiational,2023,485.3
radiational,2023,431.3
radiational,2023,428.5
radiational,2023,425.6
radiational,2023,422.8
radiational,2023,419.9
radiational,2023,417.1
radiational,2023,414.3
radiational,2023,411.4
radiational,2023,408.6
radiational,2023,405.7
radiational,2023,493.8
radiational,2023,491
radiational,2023,488.1
radiational,2023,485.3
radiational,2023,431.3
radiational,2023,428.5
radiational,2023,425.6
radiational,2023,422.8
radiational,2023,419.9
radiational,2023,417.1
radiational,2023,414.3
radiational,2023,411.4
radiational,2023,408.6
radiational,2023,405.7
radiational,2023,493.8
radiational,2023,491
radiational,2023,488.1
radiational,2023,485.3
radiational,2023,431.3
radiational,2023,428.5
radiational,2023,425.6
radiational,2023,422.8
radiational,2023,419.9
radiational,2023,417.1
radiational,2023,414.3
radiational,2023,411.4
radiational,2023,408.6
radiational,2023,405.7
radiational,2023,493.8
radiational,2023,491
radiational,2023,488.1
radiational,2023,485.3
radiational,2023,431.3
radiational,2023,428.5
radiational,2023,425.6
radiational,2023,422.8
radiational,2023,419.9
radiational,2023,417.1
radiational,2023,414.3
radiational,2023,411.4
radiational,2023,408.6
radiational,2023,405.7
radiational,2023,493.8
radiational,2023,491
radiational,2023,488.1
radiational,2023,485.3
radiational,2023,428.5
radiational,2023,425.6
radiational,2023,422.8
radiational,2023,419.9
radiational,2023,417.1
radiational,2023,414.3
radiational,2023,411.4
radiational,2023,408.6
radiational,2023,493.8
radiational,2023,491
radiational,2023,488.1
radiational,2023,485.3
radiational,2023,428.5
radiational,2023,425.6
radiational,2023,422.8
radiational,2023,419.9
radiational,2023,417.1
radiational,2023,414.3
radiational,2023,411.4
radiational,2023,408.6
radiational,2023,493.8
radiational,2023,491
radiational,2023,488.1
radiational,2023,485.3
radiational,2023,425.6
radiational,2023,422.8
radiational,2023,419.9
radiational,2023,417.1
radiational,2023,414.3
radiational,2023,411.4
radiational,2023,493.8
radiational,2023,491
radiational,2023,488.1
radiational,2023,485.3
radiational,2023,493.8
radiational,2023,491
radiational,2023,488.1
radiational,2023,485.3
radiational,2023,493.8
radiational,2023,491
radiational,2023,488.1
radiational,2023,485.3
radiational,2023,493.8
radiational,2023,491
radiational,2023,488.1
radiational,2023,485.3
radiational,2023,493.8
radiational,2023,491
radiational,2023,488.1
radiational,2023,485.3
radiational,2023,493.8
radiational,2023,491
radiational,2023,488.1
radiational,2023,485.3
radiational,2023,493.8
radiational,2023,491
radiational,2023,488.1
radiational,2023,485.3
radiational,2023,493.8
radiational,2023,491
radiational,2023,488.1
radiational,2023,485.3
radiational,2023,493.8
radiational,2023,491
radiational,2023,488.1
radiational,2023,485.3
radiational,2023,493.8
radiational,2023,491
radiational,2023,488.1
radiational,2023,485.3
radiational,2023,493.8
radiational,2023,491
radiational,2023,488.1
radiational,2023,485.3
radiational,2023,493.8
radiational,2023,491
radiational,2023,488.1
radiational,2023,485.3
radiational,2023,493.8
radiational,2023,491
radiational,2023,488.1
radiational,2023,485.3
radiational,2023,493.8
radiational,2023,491
radiational,2023,488.1
radiational,2023,485.3
radiational,2023,493.8
radiational,2023,491
radiational,2023,488.1
radiational,2023,485.3
radiational,2023,493.8
radiational,2023,491
radiational,2023,488.1
radiational,2023,485.3
radiational,2023,493.8
radiational,2023,491
radiational,2023,488.1
radiational,2023,485.3
radiational,2023,493.8
radiational,2023,491
radiational,2023,488.1
radiational,2023,485.3
radiational,2023,493.8
radiational,2023,491
radiational,2023,488.1
radiational,2023,485.3
radiational,2023,493.8
radiational,2023,491
radiational,2023,488.1
radiational,2023,485.3
radiational,2023,493.8
radiational,2023,491
radiational,2023,488.1
radiational,2023,485.3
radiational,2023,493.8
radiational,2023,491
radiational,2023,488.1
radiational,2023,485.3
radiational,2023,493.8
radiational,2023,491
radiational,2023,488.1
radiational,2023,485.3
radiational,2023,493.8
radiational,2023,491
radiational,2023,488.1
radiational,2023,485.3
radiational,2023,493.8
radiational,2023,491
radiational,2023,488.1
radiational,2023,485.3
radiational,2023,493.8
radiational,2023,491
radiational,2023,488.1
radiational,2023,485.3
radiational,2023,493.8
radiational,2023,491
radiational,2023,488.1
radiational,2023,485.3
radiational,2023,493.8
radiational,2023,491
radiational,2023,488.1
radiational,2023,485.3
radiational,2023,493.8
radiational,2023,491
radiational,2023,488.1
radiational,2023,485.3
radiational,2023,493.8
radiational,2023,491
radiational,2023,488.1
radiational,2023,485.3
radiational,2023,493.8
radiational,2023,491
radiational,2023,488.1
radiational,2023,485.3
radiational,2023,493.8
radiational,2023,491
radiational,2023,488.1
radiational,2023,485.3
radiational,2023,493.8
radiational,2023,491
radiational,2023,488.1
radiational,2023,485.3
radiational,2023,493.8
radiational,2023,491
radiational,2023,488.1
radiational,2023,485.3
radiational,2023,493.8
radiational,2023,491
radiational,2023,488.1
radiational,2023,485.3
radiational,2023,493.8
radiational,2023,491
radiational,2023,488.1
radiational,2023,485.3
radiational,2023,493.8
radiational,2023,491
radiational,2023,488.1
radiational,2023,485.3
radiational,2023,493.8
radiational,2023,491
radiational,2023,488.1
radiational,2023,485.3
radiational,2023,493.8
radiational,2023,491
radiational,2023,488.1
radiational,2023,485.3
radiational,2023,493.8
radiational,2023,491
radiational,2023,488.1
radiational,2023,485.3
radiational,2023,493.8
radiational,2023,491
radiational,2023,488.1
radiational,2023,485.3
radiational,2023,493.8
radiational,2023,491
radiational,2023,488.1
radiational,2023,485.3
radiational,2023,493.8
radiational,2023,491
radiational,2023,488.1
radiational,2023,485.3
radiational,2023,493.8
radiational,2023,491
radiational,2023,488.1
radiational,2023,485.3
radiational,2023,493.8
radiational,2023,491
radiational,2023,488.1
radiational,2023,485.3
radiational,2023,493.8
radiational,2023,491
radiational,2023,488.1
radiational,2023,485.3
radiational,2023,493.8
radiational,2023,491
radiational,2023,488.1
radiational,2023,485.3
radiational,2023,493.8
radiational,2023,491
radiational,2023,488.1
radiational,2023,485.3
radiational,2023,493.8
radiational,2023,491
radiational,2023,488.1
radiational,2023,485.3
radiational,2023,493.8
radiational,2023,491
radiational,2023,488.1
radiational,2023,485.3
radiational,2023,493.8
radiational,2023,491
radiational,2023,488.1
radiational,2023,485.3
radiational,2023,493.8
radiational,2023,491
radiational,2023,488.1
radiational,2023,485.3
radiational,2023,493.8
radiational,2023,491
radiational,2023,488.1
radiational,2023,485.3
radiational,2023,493.8
radiational,2023,491
radiational,2023,488.1
radiational,2023,485.3
radiational,2023,493.8
radiational,2023,491
radiational,2023,488.1
radiational,2023,485.3
radiational,2023,493.8
radiational,2023,491
radiational,2023,488.1
radiational,2023,485.3
radiational,2023,493.8
radiational,2023,491
radiational,2023,488.1
radiational,2023,485.3
radiational,2023,445.5
radiational,2023,442.7
radiational,2023,439.8
radiational,2023,437
radiational,2023,493.8
radiational,2023,491
radiational,2023,488.1
radiational,2023,485.3
radiational,2023,448.3
radiational,2023,445.5
radiational,2023,442.7
radiational,2023,439.8
radiational,2023,437
radiational,2023,434.1
radiational,2023,493.8
radiational,2023,491
radiational,2023,488.1
radiational,2023,485.3
radiational,2023,451.2
radiational,2023,448.3
radiational,2023,445.5
radiational,2023,442.7
radiational,2023,439.8
radiational,2023,437
radiational,2023,434.1
radiational,2023,431.3
radiational,2023,493.8
radiational,2023,491
radiational,2023,488.1
radiational,2023,485.3
radiational,2023,451.2
radiational,2023,448.3
radiational,2023,445.5
radiational,2023,442.7
radiational,2023,439.8
radiational,2023,437
radiational,2023,434.1
radiational,2023,431.3
radiational,2023,493.8
radiational,2023,491
radiational,2023,488.1
radiational,2023,485.3
radiational,2023,454
radiational,2023,451.2
radiational,2023,448.3
radiational,2023,445.5
radiational,2023,442.7
radiational,2023,439.8
radiational,2023,437
radiational,2023,434.1
radiational,2023,431.3
radiational,2023,428.5
radiational,2023,493.8
radiational,2023,491
radiational,2023,488.1
radiational,2023,485.3
radiational,2023,454
radiational,2023,451.2
radiational,2023,448.3
radiational,2023,445.5
radiational,2023,442.7
radiational,2023,439.8
radiational,2023,437
radiational,2023,434.1
radiational,2023,431.3
radiational,2023,428.5
radiational,2023,493.8
radiational,2023,491
radiational,2023,488.1
radiational,2023,485.3
radiational,2023,454
radiational,2023,451.2
radiational,2023,448.3
radiational,2023,445.5
radiational,2023,442.7
radiational,2023,439.8
radiational,2023,437
radiational,2023,434.1
radiational,2023,431.3
radiational,2023,428.5
radiational,2023,493.8
radiational,2023,491
radiational,2023,488.1
radiational,2023,485.3
radiational,2023,451.2
radiational,2023,448.3
radiational,2023,445.5
radiational,2023,442.7
radiational,2023,439.8
radiational,2023,437
radiational,2023,434.1
radiational,2023,431.3
radiational,2023,428.5
radiational,2023,493.8
radiational,2023,491
radiational,2023,488.1
radiational,2023,485.3
radiational,2023,451.2
radiational,2023,448.3
radiational,2023,445.5
radiational,2023,442.7
radiational,2023,439.8
radiational,2023,437
radiational,2023,434.1
radiational,2023,431.3
radiational,2023,428.5
radiational,2023,425.6
radiational,2023,493.8
radiational,2023,491
radiational,2023,488.1
radiational,2023,485.3
radiational,2023,451.2
radiational,2023,448.3
radiational,2023,445.5
radiational,2023,442.7
radiational,2023,439.8
radiational,2023,437
radiational,2023,434.1
radiational,2023,431.3
radiational,2023,428.5
radiational,2023,425.6
radiational,2023,493.8
radiational,2023,491
radiational,2023,488.1
radiational,2023,485.3
radiational,2023,451.2
radiational,2023,448.3
radiational,2023,445.5
radiational,2023,442.7
radiational,2023,439.8
radiational,2023,437
radiational,2023,434.1
radiational,2023,431.3
radiational,2023,428.5
radiational,2023,425.6
radiational,2023,493.8
radiational,2023,491
radiational,2023,488.1
radiational,2023,485.3
radiational,2023,451.2
radiational,2023,448.3
radiational,2023,445.5
radiational,2023,442.7
radiational,2023,439.8
radiational,2023,437
radiational,2023,434.1
radiational,2023,431.3
radiational,2023,428.5
radiational,2023,425.6
radiational,2023,493.8
radiational,2023,491
radiational,2023,488.1
radiational,2023,485.3
radiational,2023,448.3
radiational,2023,445.5
radiational,2023,442.7
radiational,2023,439.8
radiational,2023,437
radiational,2023,434.1
radiational,2023,431.3
radiational,2023,428.5
radiational,2023,425.6
radiational,2023,493.8
radiational,2023,491
radiational,2023,488.1
radiational,2023,485.3
radiational,2023,448.3
radiational,2023,445.5
radiational,2023,442.7
radiational,2023,439.8
radiational,2023,437
radiational,2023,434.1
radiational,2023,431.3
radiational,2023,428.5
radiational,2023,425.6
radiational,2023,422.8
radiational,2023,493.8
radiational,2023,491
radiational,2023,488.1
radiational,2023,485.3
radiational,2023,448.3
radiational,2023,445.5
radiational,2023,442.7
radiational,2023,439.8
radiational,2023,437
radiational,2023,434.1
radiational,2023,431.3
radiational,2023,428.5
radiational,2023,425.6
radiational,2023,422.8
radiational,2023,493.8
radiational,2023,491
radiational,2023,488.1
radiational,2023,485.3
radiational,2023,448.3
radiational,2023,445.5
radiational,2023,442.7
radiational,2023,439.8
radiational,2023,437
radiational,2023,434.1
radiational,2023,431.3
radiational,2023,428.5
radiational,2023,425.6
radiational,2023,422.8
radiational,2023,493.8
radiational,2023,491
radiational,2023,488.1
radiational,2023,485.3
radiational,2023,448.3
radiational,2023,445.5
radiational,2023,442.7
radiational,2023,439.8
radiational,2023,437
radiational,2023,434.1
radiational,2023,431.3
radiational,2023,428.5
radiational,2023,425.6
radiational,2023,422.8
radiational,2023,493.8
radiational,2023,491
radiational,2023,488.1
radiational,2023,485.3
radiational,2023,448.3
radiational,2023,445.5
radiational,2023,442.7
radiational,2023,439.8
radiational,2023,437
radiational,2023,434.1
radiational,2023,431.3
radiational,2023,428.5
radiational,2023,425.6
radiational,2023,422.8
radiational,2023,493.8
radiational,2023,491
radiational,2023,488.1
radiational,2023,485.3
radiational,2023,445.5
radiational,2023,442.7
radiational,2023,439.8
radiational,2023,437
radiational,2023,434.1
radiational,2023,431.3
radiational,2023,428.5
radiational,2023,425.6
radiational,2023,422.8
radiational,2023,493.8
radiational,2023,491
radiational,2023,488.1
radiational,2023,485.3
radiational,2023,445.5
radiational,2023,442.7
radiational,2023,439.8
radiational,2023,437
radiational,2023,434.1
radiational,2023,431.3
radiational,2023,428.5
radiational,2023,425.6
radiational,2023,422.8
radiational,2023,493.8
radiational,2023,491
radiational,2023,488.1
radiational,2023,485.3
radiational,2023,445.5
radiational,2023,442.7
radiational,2023,439.8
radiational,2023,437
radiational,2023,434.1
radiational,2023,431.3
radiational,2023,428.5
radiational,2023,425.6
radiational,2023,422.8
radiational,2023,493.8
radiational,2023,491
radiational,2023,488.1
radiational,2023,485.3
radiational,2023,448.3
radiational,2023,445.5
radiational,2023,442.7
radiational,2023,439.8
radiational,2023,437
radiational,2023,434.1
radiational,2023,431.3
radiational,2023,428.5
radiational,2023,425.6
radiational,2023,422.8
radiational,2023,493.8
radiational,2023,491
radiational,2023,488.1
radiational,2023,485.3
radiational,2023,448.3
radiational,2023,445.5
radiational,2023,442.7
radiational,2023,439.8
radiational,2023,437
radiational,2023,434.1
radiational,2023,431.3
radiational,2023,428.5
radiational,2023,425.6
radiational,2023,422.8
radiational,2023,493.8
radiational,2023,491
radiational,2023,488.1
radiational,2023,485.3
radiational,2023,448.3
radiational,2023,445.5
radiational,2023,442.7
radiational,2023,439.8
radiational,2023,437
radiational,2023,434.1
radiational,2023,431.3
radiational,2023,428.5
radiational,2023,425.6
radiational,2023,422.8
radiational,2023,493.8
radiational,2023,491
radiational,2023,488.1
radiational,2023,485.3
radiational,2023,448.3
radiational,2023,445.5
radiational,2023,442.7
radiational,2023,439.8
radiational,2023,437
radiational,2023,434.1
radiational,2023,431.3
radiational,2023,428.5
radiational,2023,425.6
radiational,2023,422.8
radiational,2023,493.8
radiational,2023,491
radiational,2023,488.1
radiational,2023,485.3
radiational,2023,448.3
radiational,2023,445.5
radiational,2023,442.7
radiational,2023,439.8
radiational,2023,437
radiational,2023,434.1
radiational,2023,431.3
radiational,2023,428.5
radiational,2023,425.6
radiational,2023,422.8
radiational,2023,493.8
radiational,2023,491
radiational,2023,488.1
radiational,2023,485.3
radiational,2023,448.3
radiational,2023,445.5
radiational,2023,442.7
radiational,2023,439.8
radiational,2023,437
radiational,2023,434.1
radiational,2023,431.3
radiational,2023,428.5
radiational,2023,425.6
radiational,2023,422.8
radiational,2023,493.8
radiational,2023,491
radiational,2023,488.1
radiational,2023,485.3
radiational,2023,448.3
radiational,2023,445.5
radiational,2023,442.7
radiational,2023,439.8
radiational,2023,437
radiational,2023,434.1
radiational,2023,431.3
radiational,2023,428.5
radiational,2023,425.6
radiational,2023,422.8
radiational,2023,493.8
radiational,2023,491
radiational,2023,488.1
radiational,2023,485.3
radiational,2023,448.3
radiational,2023,445.5
radiational,2023,442.7
radiational,2023,439.8
radiational,2023,437
radiational,2023,434.1
radiational,2023,431.3
radiational,2023,428.5
radiational,2023,425.6
radiational,2023,422.8
radiational,2023,493.8
radiational,2023,491
radiational,2023,488.1
radiational,2023,485.3
radiational,2023,448.3
radiational,2023,445.5
radiational,2023,442.7
radiational,2023,439.8
radiational,2023,437
radiational,2023,434.1
radiational,2023,431.3
radiational,2023,428.5
radiational,2023,425.6
radiational,2023,422.8
radiational,2023,493.8
radiational,2023,491
radiational,2023,488.1
radiational,2023,485.3
radiational,2023,448.3
radiational,2023,445.5
radiational,2023,442.7
radiational,2023,439.8
radiational,2023,437
radiational,2023,434.1
radiational,2023,431.3
radiational,2023,428.5
radiational,2023,425.6
radiational,2023,422.8
radiational,2023,493.8
radiational,2023,491
radiational,2023,488.1
radiational,2023,485.3
radiational,2023,448.3
radiational,2023,445.5
radiational,2023,442.7
radiational,2023,439.8
radiational,2023,437
radiational,2023,434.1
radiational,2023,431.3
radiational,2023,428.5
radiational,2023,425.6
radiational,2023,422.8
radiational,2023,493.8
radiational,2023,491
radiational,2023,488.1
radiational,2023,485.3
radiational,2023,448.3
radiational,2023,445.5
radiational,2023,442.7
radiational,2023,439.8
radiational,2023,437
radiational,2023,434.1
radiational,2023,431.3
radiational,2023,428.5
radiational,2023,425.6
radiational,2023,422.8
radiational,2023,493.8
radiational,2023,491
radiational,2023,488.1
radiational,2023,485.3
radiational,2023,448.3
radiational,2023,445.5
radiational,2023,442.7
radiational,2023,439.8
radiational,2023,437
radiational,2023,434.1
radiational,2023,431.3
radiational,2023,428.5
radiational,2023,425.6
radiational,2023,422.8
radiational,2023,493.8
radiational,2023,491
radiational,2023,488.1
radiational,2023,485.3
radiational,2023,448.3
radiational,2023,445.5
radiational,2023,442.7
radiational,2023,439.8
radiational,2023,437
radiational,2023,434.1
radiational,2023,431.3
radiational,2023,428.5
radiational,2023,425.6
radiational,2023,422.8
radiational,2023,493.8
radiational,2023,491
radiational,2023,488.1
radiational,2023,485.3
radiational,2023,448.3
radiational,2023,445.5
radiational,2023,442.7
radiational,2023,439.8
radiational,2023,437
radiational,2023,434.1
radiational,2023,431.3
radiational,2023,428.5
radiational,2023,425.6
radiational,2023,422.8
radiational,2023,493.8
radiational,2023,491
radiational,2023,488.1
radiational,2023,485.3
radiational,2023,448.3
radiational,2023,445.5
radiational,2023,442.7
radiational,2023,439.8
radiational,2023,437
radiational,2023,434.1
radiational,2023,431.3
radiational,2023,428.5
radiational,2023,425.6
radiational,2023,422.8
radiational,2023,493.8
radiational,2023,491
radiational,2023,488.1
radiational,2023,485.3
radiational,2023,448.3
radiational,2023,445.5
radiational,2023,442.7
radiational,2023,439.8
radiational,2023,437
radiational,2023,434.1
radiational,2023,431.3
radiational,2023,428.5
radiational,2023,425.6
radiational,2023,422.8
radiational,2023,493.8
radiational,2023,491
radiational,2023,488.1
radiational,2023,485.3
radiational,2023,448.3
radiational,2023,445.5
radiational,2023,442.7
radiational,2023,439.8
radiational,2023,437
radiational,2023,434.1
radiational,2023,431.3
radiational,2023,428.5
radiational,2023,425.6
radiational,2023,422.8
radiational,2023,493.8
radiational,2023,491
radiational,2023,488.1
radiational,2023,485.3
radiational,2023,448.3
radiational,2023,445.5
radiational,2023,442.7
radiational,2023,439.8
radiational,2023,437
radiational,2023,434.1
radiational,2023,431.3
radiational,2023,428.5
radiational,2023,425.6
radiational,2023,422.8
radiational,2023,493.8
radiational,2023,491
radiational,2023,488.1
radiational,2023,485.3
radiational,2023,448.3
radiational,2023,445.5
radiational,2023,442.7
radiational,2023,439.8
radiational,2023,437
radiational,2023,434.1
radiational,2023,431.3
radiational,2023,428.5
radiational,2023,425.6
radiational,2023,422.8
radiational,2023,493.8
radiational,2023,491
radiational,2023,488.1
radiational,2023,485.3
radiational,2023,448.3
radiational,2023,445.5
radiational,2023,442.7
radiational,2023,439.8
radiational,2023,437
radiational,2023,434.1
radiational,2023,431.3
radiational,2023,428.5
radiational,2023,425.6
radiational,2023,422.8
radiational,2023,493.8
radiational,2023,491
radiational,2023,488.1
radiational,2023,485.3
radiational,2023,448.3
radiational,2023,445.5
radiational,2023,442.7
radiational,2023,439.8
radiational,2023,437
radiational,2023,434.1
radiational,2023,431.3
radiational,2023,428.5
radiational,2023,425.6
radiational,2023,422.8
radiational,2023,493.8
radiational,2023,491
radiational,2023,488.1
radiational,2023,485.3
radiational,2023,448.3
radiational,2023,445.5
radiational,2023,442.7
radiational,2023,439.8
radiational,2023,437
radiational,2023,434.1
radiational,2023,431.3
radiational,2023,428.5
radiational,2023,425.6
radiational,2023,422.8
radiational,2023,493.8
radiational,2023,491
radiational,2023,488.1
radiational,2023,485.3
radiational,2023,448.3
radiational,2023,445.5
radiational,2023,442.7
radiational,2023,439.8
radiational,2023,437
radiational,2023,434.1
radiational,2023,431.3
radiational,2023,428.5
radiational,2023,425.6
radiational,2023,422.8
radiational,2023,493.8
radiational,2023,491
radiational,2023,488.1
radiational,2023,485.3
radiational,2023,448.3
radiational,2023,445.5
radiational,2023,442.7
radiational,2023,439.8
radiational,2023,437
radiational,2023,434.1
radiational,2023,431.3
radiational,2023,428.5
radiational,2023,425.6
radiational,2023,422.8
radiational,2023,493.8
radiational,2023,491
radiational,2023,488.1
radiational,2023,485.3
radiational,2023,445.5
radiational,2023,442.7
radiational,2023,439.8
radiational,2023,437
radiational,2023,434.1
radiational,2023,431.3
radiational,2023,428.5
radiational,2023,425.6
radiational,2023,422.8
radiational,2023,493.8
radiational,2023,491
radiational,2023,488.1
radiational,2023,485.3
radiational,2023,445.5
radiational,2023,442.7
radiational,2023,439.8
radiational,2023,437
radiational,2023,434.1
radiational,2023,431.3
radiational,2023,428.5
radiational,2023,425.6
radiational,2023,422.8
radiational,2023,493.8
radiational,2023,491
radiational,2023,488.1
radiational,2023,485.3
radiational,2023,445.5
radiational,2023,442.7
radiational,2023,439.8
radiational,2023,437
radiational,2023,434.1
radiational,2023,431.3
radiational,2023,428.5
radiational,2023,425.6
radiational,2023,422.8
radiational,2023,419.9
radiational,2023,493.8
radiational,2023,491
radiational,2023,488.1
radiational,2023,485.3
radiational,2023,445.5
radiational,2023,442.7
radiational,2023,439.8
radiational,2023,437
radiational,2023,434.1
radiational,2023,431.3
radiational,2023,428.5
radiational,2023,425.6
radiational,2023,422.8
radiational,2023,419.9
radiational,2023,493.8
radiational,2023,491
radiational,2023,488.1
radiational,2023,485.3
radiational,2023,445.5
radiational,2023,442.7
radiational,2023,439.8
radiational,2023,437
radiational,2023,434.1
radiational,2023,431.3
radiational,2023,428.5
radiational,2023,425.6
radiational,2023,422.8
radiational,2023,419.9
radiational,2023,493.8
radiational,2023,491
radiational,2023,488.1
radiational,2023,485.3
radiational,2023,445.5
radiational,2023,442.7
radiational,2023,439.8
radiational,2023,437
radiational,2023,434.1
radiational,2023,431.3
radiational,2023,428.5
radiational,2023,425.6
radiational,2023,422.8
radiational,2023,419.9
radiational,2023,493.8
radiational,2023,491
radiational,2023,488.1
radiational,2023,485.3
radiational,2023,445.5
radiational,2023,442.7
radiational,2023,439.8
radiational,2023,437
radiational,2023,434.1
radiational,2023,431.3
radiational,2023,428.5
radiational,2023,425.6
radiational,2023,422.8
radiational,2023,419.9
radiational,2023,493.8
radiational,2023,491
radiational,2023,488.1
radiational,2023,485.3
radiational,2023,442.7
radiational,2023,439.8
radiational,2023,437
radiational,2023,434.1
radiational,2023,431.3
radiational,2023,428.5
radiational,2023,425.6
radiational,2023,422.8
radiational,2023,419.9
radiational,2023,493.8
radiational,2023,491
radiational,2023,488.1
radiational,2023,485.3
radiational,2023,442.7
radiational,2023,439.8
radiational,2023,437
radiational,2023,434.1
radiational,2023,431.3
radiational,2023,428.5
radiational,2023,425.6
radiational,2023,422.8
radiational,2023,419.9
radiational,2023,417.1
radiational,2023,493.8
radiational,2023,491
radiational,2023,488.1
radiational,2023,485.3
radiational,2023,442.7
radiational,2023,439.8
radiational,2023,437
radiational,2023,434.1
radiational,2023,431.3
radiational,2023,428.5
radiational,2023,425.6
radiational,2023,422.8
radiational,2023,419.9
radiational,2023,417.1
radiational,2023,493.8
radiational,2023,491
radiational,2023,488.1
radiational,2023,485.3
radiational,2023,442.7
radiational,2023,439.8
radiational,2023,437
radiational,2023,434.1
radiational,2023,431.3
radiational,2023,428.5
radiational,2023,425.6
radiational,2023,422.8
radiational,2023,419.9
radiational,2023,417.1
radiational,2023,493.8
radiational,2023,491
radiational,2023,488.1
radiational,2023,485.3
radiational,2023,442.7
radiational,2023,439.8
radiational,2023,437
radiational,2023,434.1
radiational,2023,431.3
radiational,2023,428.5
radiational,2023,425.6
radiational,2023,422.8
radiational,2023,419.9
radiational,2023,417.1
radiational,2023,493.8
radiational,2023,491
radiational,2023,488.1
radiational,2023,485.3
radiational,2023,442.7
radiational,2023,439.8
radiational,2023,437
radiational,2023,434.1
radiational,2023,431.3
radiational,2023,428.5
radiational,2023,425.6
radiational,2023,422.8
radiational,2023,419.9
radiational,2023,417.1
radiational,2023,493.8
radiational,2023,491
radiational,2023,488.1
radiational,2023,485.3
radiational,2023,442.7
radiational,2023,439.8
radiational,2023,437
radiational,2023,434.1
radiational,2023,431.3
radiational,2023,428.5
radiational,2023,425.6
radiational,2023,422.8
radiational,2023,419.9
radiational,2023,417.1
radiational,2023,493.8
radiational,2023,491
radiational,2023,488.1
radiational,2023,485.3
radiational,2023,439.8
radiational,2023,437
radiational,2023,434.1
radiational,2023,431.3
radiational,2023,428.5
radiational,2023,425.6
radiational,2023,422.8
radiational,2023,419.9
radiational,2023,417.1
radiational,2023,493.8
radiational,2023,491
radiational,2023,488.1
radiational,2023,485.3
radiational,2023,439.8
radiational,2023,437
radiational,2023,434.1
radiational,2023,431.3
radiational,2023,428.5
radiational,2023,425.6
radiational,2023,422.8
radiational,2023,419.9
radiational,2023,417.1
radiational,2023,493.8
radiational,2023,491
radiational,2023,488.1
radiational,2023,485.3
radiational,2023,439.8
radiational,2023,437
radiational,2023,434.1
radiational,2023,431.3
radiational,2023,428.5
radiational,2023,425.6
radiational,2023,422.8
radiational,2023,419.9
radiational,2023,417.1
radiational,2023,493.8
radiational,2023,491
radiational,2023,488.1
radiational,2023,485.3
radiational,2023,439.8
radiational,2023,437
radiational,2023,434.1
radiational,2023,431.3
radiational,2023,428.5
radiational,2023,425.6
radiational,2023,422.8
radiational,2023,419.9
radiational,2023,417.1
radiational,2023,414.3
radiational,2023,493.8
radiational,2023,491
radiational,2023,488.1
radiational,2023,485.3
radiational,2023,439.8
radiational,2023,437
radiational,2023,434.1
radiational,2023,431.3
radiational,2023,428.5
radiational,2023,425.6
radiational,2023,422.8
radiational,2023,419.9
radiational,2023,417.1
radiational,2023,414.3
radiational,2023,493.8
radiational,2023,491
radiational,2023,488.1
radiational,2023,485.3
radiational,2023,439.8
radiational,2023,437
radiational,2023,434.1
radiational,2023,431.3
radiational,2023,428.5
radiational,2023,425.6
radiational,2023,422.8
radiational,2023,419.9
radiational,2023,417.1
radiational,2023,414.3
radiational,2023,493.8
radiational,2023,491
radiational,2023,488.1
radiational,2023,485.3
radiational,2023,439.8
radiational,2023,437
radiational,2023,434.1
radiational,2023,431.3
radiational,2023,428.5
radiational,2023,425.6
radiational,2023,422.8
radiational,2023,419.9
radiational,2023,417.1
radiational,2023,414.3
radiational,2023,493.8
radiational,2023,491
radiational,2023,488.1
radiational,2023,485.3
radiational,2023,439.8
radiational,2023,437
radiational,2023,434.1
radiational,2023,431.3
radiational,2023,428.5
radiational,2023,425.6
radiational,2023,422.8
radiational,2023,419.9
radiational,2023,417.1
radiational,2023,414.3
radiational,2023,493.8
radiational,2023,491
radiational,2023,488.1
radiational,2023,485.3
radiational,2023,439.8
radiational,2023,437
radiational,2023,434.1
radiational,2023,431.3
radiational,2023,428.5
radiational,2023,425.6
radiational,2023,422.8
radiational,2023,419.9
radiational,2023,417.1
radiational,2023,414.3
radiational,2023,493.8
radiational,2023,491
radiational,2023,488.1
radiational,2023,485.3
radiational,2023,437
radiational,2023,434.1
radiational,2023,431.3
radiational,2023,428.5
radiational,2023,425.6
radiational,2023,422.8
radiational,2023,419.9
radiational,2023,417.1
radiational,2023,414.3
radiational,2023,493.8
radiational,2023,491
radiational,2023,488.1
radiational,2023,485.3
radiational,2023,437
radiational,2023,434.1
radiational,2023,431.3
radiational,2023,428.5
radiational,2023,425.6
radiational,2023,422.8
radiational,2023,419.9
radiational,2023,417.1
radiational,2023,414.3
radiational,2023,493.8
radiational,2023,491
radiational,2023,488.1
radiational,2023,485.3
radiational,2023,439.8
radiational,2023,437
radiational,2023,434.1
radiational,2023,431.3
radiational,2023,428.5
radiational,2023,425.6
radiational,2023,422.8
radiational,2023,419.9
radiational,2023,417.1
radiational,2023,414.3
radiational,2023,493.8
radiational,2023,491
radiational,2023,488.1
radiational,2023,485.3
radiational,2023,439.8
radiational,2023,437
radiational,2023,434.1
radiational,2023,431.3
radiational,2023,428.5
radiational,2023,425.6
radiational,2023,422.8
radiational,2023,419.9
radiational,2023,417.1
radiational,2023,414.3
radiational,2023,493.8
radiational,2023,491
radiational,2023,488.1
radiational,2023,485.3
radiational,2023,439.8
radiational,2023,437
radiational,2023,434.1
radiational,2023,431.3
radiational,2023,428.5
radiational,2023,425.6
radiational,2023,422.8
radiational,2023,419.9
radiational,2023,417.1
radiational,2023,414.3
radiational,2023,493.8
radiational,2023,491
radiational,2023,488.1
radiational,2023,485.3
radiational,2023,439.8
radiational,2023,437
radiational,2023,434.1
radiational,2023,431.3
radiational,2023,428.5
radiational,2023,425.6
radiational,2023,422.8
radiational,2023,419.9
radiational,2023,417.1
radiational,2023,414.3
radiational,2023,493.8
radiational,2023,491
radiational,2023,488.1
radiational,2023,485.3
radiational,2023,439.8
radiational,2023,437
radiational,2023,434.1
radiational,2023,431.3
radiational,2023,428.5
radiational,2023,425.6
radiational,2023,422.8
radiational,2023,419.9
radiational,2023,417.1
radiational,2023,414.3
radiational,2023,493.8
radiational,2023,491
radiational,2023,488.1
radiational,2023,485.3
radiational,2023,439.8
radiational,2023,437
radiational,2023,434.1
radiational,2023,431.3
radiational,2023,428.5
radiational,2023,425.6
radiational,2023,422.8
radiational,2023,419.9
radiational,2023,417.1
radiational,2023,414.3
radiational,2023,493.8
radiational,2023,491
radiational,2023,488.1
radiational,2023,485.3
radiational,2023,439.8
radiational,2023,437
radiational,2023,434.1
radiational,2023,431.3
radiational,2023,428.5
radiational,2023,425.6
radiational,2023,422.8
radiational,2023,419.9
radiational,2023,417.1
radiational,2023,493.8
radiational,2023,491
radiational,2023,488.1
radiational,2023,485.3
radiational,2023,439.8
radiational,2023,437
radiational,2023,434.1
radiational,2023,431.3
radiational,2023,428.5
radiational,2023,425.6
radiational,2023,422.8
radiational,2023,419.9
radiational,2023,417.1
radiational,2023,493.8
radiational,2023,491
radiational,2023,488.1
radiational,2023,485.3
radiational,2023,439.8
radiational,2023,437
radiational,2023,434.1
radiational,2023,431.3
radiational,2023,428.5
radiational,2023,425.6
radiational,2023,422.8
radiational,2023,419.9
radiational,2023,417.1
radiational,2023,493.8
radiational,2023,491
radiational,2023,488.1
radiational,2023,485.3
radiational,2023,442.7
radiational,2023,439.8
radiational,2023,437
radiational,2023,434.1
radiational,2023,431.3
radiational,2023,428.5
radiational,2023,425.6
radiational,2023,422.8
radiational,2023,419.9
radiational,2023,417.1
radiational,2023,493.8
radiational,2023,491
radiational,2023,488.1
radiational,2023,485.3
radiational,2023,442.7
radiational,2023,439.8
radiational,2023,437
radiational,2023,434.1
radiational,2023,431.3
radiational,2023,428.5
radiational,2023,425.6
radiational,2023,422.8
radiational,2023,419.9
radiational,2023,417.1
radiational,2023,493.8
radiational,2023,491
radiational,2023,488.1
radiational,2023,485.3
radiational,2023,442.7
radiational,2023,439.8
radiational,2023,437
radiational,2023,434.1
radiational,2023,431.3
radiational,2023,428.5
radiational,2023,425.6
radiational,2023,422.8
radiational,2023,419.9
radiational,2023,417.1
radiational,2023,493.8
radiational,2023,491
radiational,2023,488.1
radiational,2023,485.3
radiational,2023,442.7
radiational,2023,439.8
radiational,2023,437
radiational,2023,434.1
radiational,2023,431.3
radiational,2023,428.5
radiational,2023,425.6
radiational,2023,422.8
radiational,2023,419.9
radiational,2023,417.1
radiational,2024,493.8
radiational,2024,491
radiational,2024,488.1
radiational,2024,485.3
radiational,2024,442.7
radiational,2024,439.8
radiational,2024,437
radiational,2024,434.1
radiational,2024,431.3
radiational,2024,428.5
radiational,2024,425.6
radiational,2024,422.8
radiational,2024,419.9
radiational,2024,417.1
radiational,2024,493.8
radiational,2024,491
radiational,2024,488.1
radiational,2024,485.3
radiational,2024,442.7
radiational,2024,439.8
radiational,2024,437
radiational,2024,434.1
radiational,2024,431.3
radiational,2024,428.5
radiational,2024,425.6
radiational,2024,422.8
radiational,2024,419.9
radiational,2024,417.1
radiational,2024,493.8
radiational,2024,491
radiational,2024,488.1
radiational,2024,485.3
radiational,2024,442.7
radiational,2024,439.8
radiational,2024,437
radiational,2024,434.1
radiational,2024,431.3
radiational,2024,428.5
radiational,2024,425.6
radiational,2024,422.8
radiational,2024,419.9
radiational,2024,417.1
radiational,2024,493.8
radiational,2024,491
radiational,2024,488.1
radiational,2024,485.3
radiational,2024,442.7
radiational,2024,439.8
radiational,2024,437
radiational,2024,434.1
radiational,2024,431.3
radiational,2024,428.5
radiational,2024,425.6
radiational,2024,422.8
radiational,2024,419.9
radiational,2024,417.1
radiational,2024,493.8
radiational,2024,491
radiational,2024,488.1
radiational,2024,485.3
radiational,2024,439.8
radiational,2024,437
radiational,2024,434.1
radiational,2024,431.3
radiational,2024,428.5
radiational,2024,425.6
radiational,2024,422.8
radiational,2024,419.9
radiational,2024,417.1
radiational,2024,493.8
radiational,2024,491
radiational,2024,488.1
radiational,2024,485.3
radiational,2024,439.8
radiational,2024,437
radiational,2024,434.1
radiational,2024,431.3
radiational,2024,428.5
radiational,2024,425.6
radiational,2024,422.8
radiational,2024,419.9
radiational,2024,417.1
radiational,2024,493.8
radiational,2024,491
radiational,2024,488.1
radiational,2024,485.3
radiational,2024,439.8
radiational,2024,437
radiational,2024,434.1
radiational,2024,431.3
radiational,2024,428.5
radiational,2024,425.6
radiational,2024,422.8
radiational,2024,419.9
radiational,2024,417.1
radiational,2024,493.8
radiational,2024,491
radiational,2024,488.1
radiational,2024,485.3
radiational,2024,439.8
radiational,2024,437
radiational,2024,434.1
radiational,2024,431.3
radiational,2024,428.5
radiational,2024,425.6
radiational,2024,422.8
radiational,2024,419.9
radiational,2024,417.1
radiational,2024,493.8
radiational,2024,491
radiational,2024,488.1
radiational,2024,485.3
radiational,2024,439.8
radiational,2024,437
radiational,2024,434.1
radiational,2024,431.3
radiational,2024,428.5
radiational,2024,425.6
radiational,2024,422.8
radiational,2024,419.9
radiational,2024,417.1
radiational,2024,493.8
radiational,2024,491
radiational,2024,488.1
radiational,2024,485.3
radiational,2024,439.8
radiational,2024,437
radiational,2024,434.1
radiational,2024,431.3
radiational,2024,428.5
radiational,2024,425.6
radiational,2024,422.8
radiational,2024,419.9
radiational,2024,417.1
radiational,2024,493.8
radiational,2024,491
radiational,2024,488.1
radiational,2024,485.3
radiational,2024,439.8
radiational,2024,437
radiational,2024,434.1
radiational,2024,431.3
radiational,2024,428.5
radiational,2024,425.6
radiational,2024,422.8
radiational,2024,419.9
radiational,2024,417.1
radiational,2024,493.8
radiational,2024,491
radiational,2024,488.1
radiational,2024,485.3
radiational,2024,439.8
radiational,2024,437
radiational,2024,434.1
radiational,2024,431.3
radiational,2024,428.5
radiational,2024,425.6
radiational,2024,422.8
radiational,2024,419.9
radiational,2024,417.1
radiational,2024,414.3
radiational,2024,493.8
radiational,2024,491
radiational,2024,488.1
radiational,2024,485.3
radiational,2024,442.7
radiational,2024,439.8
radiational,2024,437
radiational,2024,434.1
radiational,2024,431.3
radiational,2024,428.5
radiational,2024,425.6
radiational,2024,422.8
radiational,2024,419.9
radiational,2024,417.1
radiational,2024,493.8
radiational,2024,491
radiational,2024,488.1
radiational,2024,485.3
radiational,2024,442.7
radiational,2024,439.8
radiational,2024,437
radiational,2024,434.1
radiational,2024,431.3
radiational,2024,428.5
radiational,2024,425.6
radiational,2024,422.8
radiational,2024,419.9
radiational,2024,417.1
radiational,2024,493.8
radiational,2024,491
radiational,2024,488.1
radiational,2024,485.3
radiational,2024,445.5
radiational,2024,442.7
radiational,2024,439.8
radiational,2024,437
radiational,2024,434.1
radiational,2024,431.3
radiational,2024,428.5
radiational,2024,425.6
radiational,2024,422.8
radiational,2024,419.9
radiational,2024,417.1
radiational,2024,493.8
radiational,2024,491
radiational,2024,488.1
radiational,2024,485.3
radiational,2024,445.5
radiational,2024,442.7
radiational,2024,439.8
radiational,2024,437
radiational,2024,434.1
radiational,2024,431.3
radiational,2024,428.5
radiational,2024,425.6
radiational,2024,422.8
radiational,2024,419.9
radiational,2024,493.8
radiational,2024,491
radiational,2024,488.1
radiational,2024,485.3
radiational,2024,448.3
radiational,2024,445.5
radiational,2024,442.7
radiational,2024,439.8
radiational,2024,437
radiational,2024,434.1
radiational,2024,431.3
radiational,2024,428.5
radiational,2024,425.6
radiational,2024,422.8
radiational,2024,419.9
radiational,2024,493.8
radiational,2024,491
radiational,2024,488.1
radiational,2024,485.3
radiational,2024,448.3
radiational,2024,445.5
radiational,2024,442.7
radiational,2024,439.8
radiational,2024,437
radiational,2024,434.1
radiational,2024,431.3
radiational,2024,428.5
radiational,2024,425.6
radiational,2024,422.8
radiational,2024,493.8
radiational,2024,491
radiational,2024,488.1
radiational,2024,485.3
radiational,2024,451.2
radiational,2024,448.3
radiational,2024,445.5
radiational,2024,442.7
radiational,2024,439.8
radiational,2024,437
radiational,2024,434.1
radiational,2024,431.3
radiational,2024,428.5
radiational,2024,425.6
radiational,2024,422.8
radiational,2024,493.8
radiational,2024,491
radiational,2024,488.1
radiational,2024,485.3
radiational,2024,454
radiational,2024,451.2
radiational,2024,448.3
radiational,2024,445.5
radiational,2024,442.7
radiational,2024,439.8
radiational,2024,437
radiational,2024,434.1
radiational,2024,431.3
radiational,2024,428.5
radiational,2024,425.6
radiational,2024,493.8
radiational,2024,491
radiational,2024,488.1
radiational,2024,485.3
radiational,2024,454
radiational,2024,451.2
radiational,2024,448.3
radiational,2024,445.5
radiational,2024,442.7
radiational,2024,439.8
radiational,2024,437
radiational,2024,434.1
radiational,2024,431.3
radiational,2024,428.5
radiational,2024,425.6
radiational,2024,493.8
radiational,2024,491
radiational,2024,488.1
radiational,2024,485.3
radiational,2024,456.9
radiational,2024,454
radiational,2024,451.2
radiational,2024,448.3
radiational,2024,445.5
radiational,2024,442.7
radiational,2024,439.8
radiational,2024,437
radiational,2024,434.1
radiational,2024,431.3
radiational,2024,428.5
radiational,2024,493.8
radiational,2024,491
radiational,2024,488.1
radiational,2024,485.3
radiational,2024,456.9
radiational,2024,454
radiational,2024,451.2
radiational,2024,448.3
radiational,2024,445.5
radiational,2024,442.7
radiational,2024,439.8
radiational,2024,437
radiational,2024,434.1
radiational,2024,431.3
radiational,2024,428.5
radiational,2024,493.8
radiational,2024,491
radiational,2024,488.1
radiational,2024,485.3
radiational,2024,456.9
radiational,2024,454
radiational,2024,451.2
radiational,2024,448.3
radiational,2024,445.5
radiational,2024,442.7
radiational,2024,439.8
radiational,2024,437
radiational,2024,434.1
radiational,2024,431.3
radiational,2024,493.8
radiational,2024,491
radiational,2024,488.1
radiational,2024,485.3
radiational,2024,456.9
radiational,2024,454
radiational,2024,451.2
radiational,2024,448.3
radiational,2024,445.5
radiational,2024,442.7
radiational,2024,439.8
radiational,2024,437
radiational,2024,434.1
radiational,2024,431.3
radiational,2024,493.8
radiational,2024,491
radiational,2024,488.1
radiational,2024,485.3
radiational,2024,456.9
radiational,2024,454
radiational,2024,451.2
radiational,2024,448.3
radiational,2024,445.5
radiational,2024,442.7
radiational,2024,439.8
radiational,2024,437
radiational,2024,434.1
radiational,2024,431.3
radiational,2024,493.8
radiational,2024,491
radiational,2024,488.1
radiational,2024,485.3
radiational,2024,456.9
radiational,2024,454
radiational,2024,451.2
radiational,2024,448.3
radiational,2024,445.5
radiational,2024,442.7
radiational,2024,439.8
radiational,2024,437
radiational,2024,434.1
radiational,2024,431.3
radiational,2024,493.8
radiational,2024,491
radiational,2024,488.1
radiational,2024,485.3
radiational,2024,456.9
radiational,2024,454
radiational,2024,451.2
radiational,2024,448.3
radiational,2024,445.5
radiational,2024,442.7
radiational,2024,439.8
radiational,2024,437
radiational,2024,434.1
radiational,2024,431.3
radiational,2024,493.8
radiational,2024,491
radiational,2024,488.1
radiational,2024,485.3
radiational,2024,456.9
radiational,2024,454
radiational,2024,451.2
radiational,2024,448.3
radiational,2024,445.5
radiational,2024,442.7
radiational,2024,439.8
radiational,2024,437
radiational,2024,434.1
radiational,2024,431.3
radiational,2024,428.5
radiational,2024,493.8
radiational,2024,491
radiational,2024,488.1
radiational,2024,485.3
radiational,2024,454
radiational,2024,451.2
radiational,2024,448.3
radiational,2024,445.5
radiational,2024,442.7
radiational,2024,439.8
radiational,2024,437
radiational,2024,434.1
radiational,2024,431.3
radiational,2024,428.5
radiational,2024,493.8
radiational,2024,491
radiational,2024,488.1
radiational,2024,485.3
radiational,2024,454
radiational,2024,451.2
radiational,2024,448.3
radiational,2024,445.5
radiational,2024,442.7
radiational,2024,439.8
radiational,2024,437
radiational,2024,434.1
radiational,2024,431.3
radiational,2024,428.5
radiational,2024,493.8
radiational,2024,491
radiational,2024,488.1
radiational,2024,485.3
radiational,2024,454
radiational,2024,451.2
radiational,2024,448.3
radiational,2024,445.5
radiational,2024,442.7
radiational,2024,439.8
radiational,2024,437
radiational,2024,434.1
radiational,2024,431.3
radiational,2024,428.5
radiational,2024,493.8
radiational,2024,491
radiational,2024,488.1
radiational,2024,485.3
radiational,2024,451.2
radiational,2024,448.3
radiational,2024,445.5
radiational,2024,442.7
radiational,2024,439.8
radiational,2024,437
radiational,2024,434.1
radiational,2024,431.3
radiational,2024,428.5
radiational,2024,425.6
radiational,2024,493.8
radiational,2024,491
radiational,2024,488.1
radiational,2024,485.3
radiational,2024,451.2
radiational,2024,448.3
radiational,2024,445.5
radiational,2024,442.7
radiational,2024,439.8
radiational,2024,437
radiational,2024,434.1
radiational,2024,431.3
radiational,2024,428.5
radiational,2024,425.6
radiational,2024,493.8
radiational,2024,491
radiational,2024,488.1
radiational,2024,485.3
radiational,2024,451.2
radiational,2024,448.3
radiational,2024,445.5
radiational,2024,442.7
radiational,2024,439.8
radiational,2024,437
radiational,2024,434.1
radiational,2024,431.3
radiational,2024,428.5
radiational,2024,425.6
radiational,2024,493.8
radiational,2024,491
radiational,2024,488.1
radiational,2024,485.3
radiational,2024,451.2
radiational,2024,448.3
radiational,2024,445.5
radiational,2024,442.7
radiational,2024,439.8
radiational,2024,437
radiational,2024,434.1
radiational,2024,431.3
radiational,2024,428.5
radiational,2024,425.6
radiational,2024,422.8
radiational,2024,493.8
radiational,2024,491
radiational,2024,488.1
radiational,2024,485.3
radiational,2024,448.3
radiational,2024,445.5
radiational,2024,442.7
radiational,2024,439.8
radiational,2024,437
radiational,2024,434.1
radiational,2024,431.3
radiational,2024,428.5
radiational,2024,425.6
radiational,2024,422.8
radiational,2024,493.8
radiational,2024,491
radiational,2024,488.1
radiational,2024,485.3
radiational,2024,448.3
radiational,2024,445.5
radiational,2024,442.7
radiational,2024,439.8
radiational,2024,437
radiational,2024,434.1
radiational,2024,431.3
radiational,2024,428.5
radiational,2024,425.6
radiational,2024,422.8
radiational,2024,493.8
radiational,2024,491
radiational,2024,488.1
radiational,2024,485.3
radiational,2024,448.3
radiational,2024,445.5
radiational,2024,442.7
radiational,2024,439.8
radiational,2024,437
radiational,2024,434.1
radiational,2024,431.3
radiational,2024,428.5
radiational,2024,425.6
radiational,2024,422.8
radiational,2024,493.8
radiational,2024,491
radiational,2024,488.1
radiational,2024,485.3
radiational,2024,448.3
radiational,2024,445.5
radiational,2024,442.7
radiational,2024,439.8
radiational,2024,437
radiational,2024,434.1
radiational,2024,431.3
radiational,2024,428.5
radiational,2024,425.6
radiational,2024,422.8
radiational,2024,493.8
radiational,2024,491
radiational,2024,488.1
radiational,2024,485.3
radiational,2024,448.3
radiational,2024,445.5
radiational,2024,442.7
radiational,2024,439.8
radiational,2024,437
radiational,2024,434.1
radiational,2024,431.3
radiational,2024,428.5
radiational,2024,425.6
radiational,2024,422.8
radiational,2024,493.8
radiational,2024,491
radiational,2024,488.1
radiational,2024,485.3
radiational,2024,448.3
radiational,2024,445.5
radiational,2024,442.7
radiational,2024,439.8
radiational,2024,437
radiational,2024,434.1
radiational,2024,431.3
radiational,2024,428.5
radiational,2024,425.6
radiational,2024,493.8
radiational,2024,491
radiational,2024,488.1
radiational,2024,485.3
radiational,2024,448.3
radiational,2024,445.5
radiational,2024,442.7
radiational,2024,439.8
radiational,2024,437
radiational,2024,434.1
radiational,2024,431.3
radiational,2024,428.5
radiational,2024,425.6
radiational,2024,493.8
radiational,2024,491
radiational,2024,488.1
radiational,2024,485.3
radiational,2024,451.2
radiational,2024,448.3
radiational,2024,445.5
radiational,2024,442.7
radiational,2024,439.8
radiational,2024,437
radiational,2024,434.1
radiational,2024,431.3
radiational,2024,428.5
radiational,2024,425.6
radiational,2024,493.8
radiational,2024,491
radiational,2024,488.1
radiational,2024,485.3
radiational,2024,451.2
radiational,2024,448.3
radiational,2024,445.5
radiational,2024,442.7
radiational,2024,439.8
radiational,2024,437
radiational,2024,434.1
radiational,2024,431.3
radiational,2024,428.5
radiational,2024,425.6
radiational,2024,493.8
radiational,2024,491
radiational,2024,488.1
radiational,2024,485.3
radiational,2024,451.2
radiational,2024,448.3
radiational,2024,445.5
radiational,2024,442.7
radiational,2024,439.8
radiational,2024,437
radiational,2024,434.1
radiational,2024,431.3
radiational,2024,428.5
radiational,2024,425.6
radiational,2024,493.8
radiational,2024,491
radiational,2024,488.1
radiational,2024,485.3
radiational,2024,451.2
radiational,2024,448.3
radiational,2024,445.5
radiational,2024,442.7
radiational,2024,439.8
radiational,2024,437
radiational,2024,434.1
radiational,2024,431.3
radiational,2024,428.5
radiational,2024,425.6
radiational,2024,493.8
radiational,2024,491
radiational,2024,488.1
radiational,2024,485.3
radiational,2024,451.2
radiational,2024,448.3
radiational,2024,445.5
radiational,2024,442.7
radiational,2024,439.8
radiational,2024,437
radiational,2024,434.1
radiational,2024,431.3
radiational,2024,428.5
radiational,2024,425.6
radiational,2024,493.8
radiational,2024,491
radiational,2024,488.1
radiational,2024,485.3
radiational,2024,451.2
radiational,2024,448.3
radiational,2024,445.5
radiational,2024,442.7
radiational,2024,439.8
radiational,2024,437
radiational,2024,434.1
radiational,2024,431.3
radiational,2024,428.5
radiational,2024,425.6
radiational,2024,493.8
radiational,2024,491
radiational,2024,488.1
radiational,2024,485.3
radiational,2024,451.2
radiational,2024,448.3
radiational,2024,445.5
radiational,2024,442.7
radiational,2024,439.8
radiational,2024,437
radiational,2024,434.1
radiational,2024,431.3
radiational,2024,428.5
radiational,2024,425.6
radiational,2024,493.8
radiational,2024,491
radiational,2024,488.1
radiational,2024,485.3
radiational,2024,451.2
radiational,2024,448.3
radiational,2024,445.5
radiational,2024,442.7
radiational,2024,439.8
radiational,2024,437
radiational,2024,434.1
radiational,2024,431.3
radiational,2024,428.5
radiational,2024,425.6
radiational,2024,493.8
radiational,2024,491
radiational,2024,488.1
radiational,2024,485.3
radiational,2024,451.2
radiational,2024,448.3
radiational,2024,445.5
radiational,2024,442.7
radiational,2024,439.8
radiational,2024,437
radiational,2024,434.1
radiational,2024,431.3
radiational,2024,428.5
radiational,2024,425.6
radiational,2024,493.8
radiational,2024,491
radiational,2024,488.1
radiational,2024,485.3
radiational,2024,451.2
radiational,2024,448.3
radiational,2024,445.5
radiational,2024,442.7
radiational,2024,439.8
radiational,2024,437
radiational,2024,434.1
radiational,2024,431.3
radiational,2024,428.5
radiational,2024,425.6
radiational,2024,493.8
radiational,2024,491
radiational,2024,488.1
radiational,2024,485.3
radiational,2024,451.2
radiational,2024,448.3
radiational,2024,445.5
radiational,2024,442.7
radiational,2024,439.8
radiational,2024,437
radiational,2024,434.1
radiational,2024,431.3
radiational,2024,428.5
radiational,2024,425.6
radiational,2024,493.8
radiational,2024,491
radiational,2024,488.1
radiational,2024,485.3
radiational,2024,451.2
radiational,2024,448.3
radiational,2024,445.5
radiational,2024,442.7
radiational,2024,439.8
radiational,2024,437
radiational,2024,434.1
radiational,2024,431.3
radiational,2024,428.5
radiational,2024,425.6
radiational,2024,493.8
radiational,2024,491
radiational,2024,488.1
radiational,2024,485.3
radiational,2024,451.2
radiational,2024,448.3
radiational,2024,445.5
radiational,2024,442.7
radiational,2024,439.8
radiational,2024,437
radiational,2024,434.1
radiational,2024,431.3
radiational,2024,428.5
radiational,2024,425.6
radiational,2024,493.8
radiational,2024,491
radiational,2024,488.1
radiational,2024,485.3
radiational,2024,451.2
radiational,2024,448.3
radiational,2024,445.5
radiational,2024,442.7
radiational,2024,439.8
radiational,2024,437
radiational,2024,434.1
radiational,2024,431.3
radiational,2024,428.5
radiational,2024,425.6
radiational,2024,493.8
radiational,2024,491
radiational,2024,488.1
radiational,2024,485.3
radiational,2024,451.2
radiational,2024,448.3
radiational,2024,445.5
radiational,2024,442.7
radiational,2024,439.8
radiational,2024,437
radiational,2024,434.1
radiational,2024,431.3
radiational,2024,428.5
radiational,2024,425.6
radiational,2024,493.8
radiational,2024,491
radiational,2024,488.1
radiational,2024,485.3
radiational,2024,451.2
radiational,2024,448.3
radiational,2024,445.5
radiational,2024,442.7
radiational,2024,439.8
radiational,2024,437
radiational,2024,434.1
radiational,2024,431.3
radiational,2024,428.5
radiational,2024,425.6
radiational,2024,493.8
radiational,2024,491
radiational,2024,488.1
radiational,2024,485.3
radiational,2024,448.3
radiational,2024,445.5
radiational,2024,442.7
radiational,2024,439.8
radiational,2024,437
radiational,2024,434.1
radiational,2024,431.3
radiational,2024,428.5
radiational,2024,425.6
radiational,2024,493.8
radiational,2024,491
radiational,2024,488.1
radiational,2024,485.3
radiational,2024,448.3
radiational,2024,445.5
radiational,2024,442.7
radiational,2024,439.8
radiational,2024,437
radiational,2024,434.1
radiational,2024,431.3
radiational,2024,428.5
radiational,2024,425.6
radiational,2024,493.8
radiational,2024,491
radiational,2024,488.1
radiational,2024,485.3
radiational,2024,448.3
radiational,2024,445.5
radiational,2024,442.7
radiational,2024,439.8
radiational,2024,437
radiational,2024,434.1
radiational,2024,431.3
radiational,2024,428.5
radiational,2024,425.6
radiational,2024,493.8
radiational,2024,491
radiational,2024,488.1
radiational,2024,485.3
radiational,2024,448.3
radiational,2024,445.5
radiational,2024,442.7
radiational,2024,439.8
radiational,2024,437
radiational,2024,434.1
radiational,2024,431.3
radiational,2024,428.5
radiational,2024,425.6
radiational,2024,493.8
radiational,2024,491
radiational,2024,488.1
radiational,2024,485.3
radiational,2024,448.3
radiational,2024,445.5
radiational,2024,442.7
radiational,2024,439.8
radiational,2024,437
radiational,2024,434.1
radiational,2024,431.3
radiational,2024,428.5
radiational,2024,425.6
radiational,2024,422.8
radiational,2024,493.8
radiational,2024,491
radiational,2024,488.1
radiational,2024,485.3
radiational,2024,448.3
radiational,2024,445.5
radiational,2024,442.7
radiational,2024,439.8
radiational,2024,437
radiational,2024,434.1
radiational,2024,431.3
radiational,2024,428.5
radiational,2024,425.6
radiational,2024,422.8
radiational,2024,493.8
radiational,2024,491
radiational,2024,488.1
radiational,2024,485.3
radiational,2024,448.3
radiational,2024,445.5
radiational,2024,442.7
radiational,2024,439.8
radiational,2024,437
radiational,2024,434.1
radiational,2024,431.3
radiational,2024,428.5
radiational,2024,425.6
radiational,2024,422.8
radiational,2024,493.8
radiational,2024,491
radiational,2024,488.1
radiational,2024,485.3
radiational,2024,448.3
radiational,2024,445.5
radiational,2024,442.7
radiational,2024,439.8
radiational,2024,437
radiational,2024,434.1
radiational,2024,431.3
radiational,2024,428.5
radiational,2024,425.6
radiational,2024,422.8
radiational,2024,493.8
radiational,2024,491
radiational,2024,488.1
radiational,2024,485.3
radiational,2024,448.3
radiational,2024,445.5
radiational,2024,442.7
radiational,2024,439.8
radiational,2024,437
radiational,2024,434.1
radiational,2024,431.3
radiational,2024,428.5
radiational,2024,425.6
radiational,2024,422.8
radiational,2024,493.8
radiational,2024,491
radiational,2024,488.1
radiational,2024,485.3
radiational,2024,448.3
radiational,2024,445.5
radiational,2024,442.7
radiational,2024,439.8
radiational,2024,437
radiational,2024,434.1
radiational,2024,431.3
radiational,2024,428.5
radiational,2024,425.6
radiational,2024,422.8
radiational,2024,493.8
radiational,2024,491
radiational,2024,488.1
radiational,2024,485.3
radiational,2024,448.3
radiational,2024,445.5
radiational,2024,442.7
radiational,2024,439.8
radiational,2024,437
radiational,2024,434.1
radiational,2024,431.3
radiational,2024,428.5
radiational,2024,425.6
radiational,2024,422.8
radiational,2024,493.8
radiational,2024,491
radiational,2024,488.1
radiational,2024,485.3
radiational,2024,445.5
radiational,2024,442.7
radiational,2024,439.8
radiational,2024,437
radiational,2024,434.1
radiational,2024,431.3
radiational,2024,428.5
radiational,2024,425.6
radiational,2024,422.8
radiational,2024,493.8
radiational,2024,491
radiational,2024,488.1
radiational,2024,485.3
radiational,2024,445.5
radiational,2024,442.7
radiational,2024,439.8
radiational,2024,437
radiational,2024,434.1
radiational,2024,431.3
radiational,2024,428.5
radiational,2024,425.6
radiational,2024,422.8
radiational,2024,493.8
radiational,2024,491
radiational,2024,488.1
radiational,2024,485.3
radiational,2024,445.5
radiational,2024,442.7
radiational,2024,439.8
radiational,2024,437
radiational,2024,434.1
radiational,2024,431.3
radiational,2024,428.5
radiational,2024,425.6
radiational,2024,422.8
radiational,2024,493.8
radiational,2024,491
radiational,2024,488.1
radiational,2024,485.3
radiational,2024,445.5
radiational,2024,442.7
radiational,2024,439.8
radiational,2024,437
radiational,2024,434.1
radiational,2024,431.3
radiational,2024,428.5
radiational,2024,425.6
radiational,2024,422.8
radiational,2024,493.8
radiational,2024,491
radiational,2024,488.1
radiational,2024,485.3
radiational,2024,445.5
radiational,2024,442.7
radiational,2024,439.8
radiational,2024,437
radiational,2024,434.1
radiational,2024,431.3
radiational,2024,428.5
radiational,2024,425.6
radiational,2024,422.8
radiational,2024,493.8
radiational,2024,491
radiational,2024,488.1
radiational,2024,485.3
radiational,2024,445.5
radiational,2024,442.7
radiational,2024,439.8
radiational,2024,437
radiational,2024,434.1
radiational,2024,431.3
radiational,2024,428.5
radiational,2024,425.6
radiational,2024,422.8
radiational,2024,493.8
radiational,2024,491
radiational,2024,488.1
radiational,2024,485.3
radiational,2024,445.5
radiational,2024,442.7
radiational,2024,439.8
radiational,2024,437
radiational,2024,434.1
radiational,2024,431.3
radiational,2024,428.5
radiational,2024,425.6
radiational,2024,422.8
radiational,2024,419.9
radiational,2024,493.8
radiational,2024,491
radiational,2024,488.1
radiational,2024,485.3
radiational,2024,445.5
radiational,2024,442.7
radiational,2024,439.8
radiational,2024,437
radiational,2024,434.1
radiational,2024,431.3
radiational,2024,428.5
radiational,2024,425.6
radiational,2024,422.8
radiational,2024,419.9
radiational,2024,493.8
radiational,2024,491
radiational,2024,488.1
radiational,2024,485.3
radiational,2024,445.5
radiational,2024,442.7
radiational,2024,439.8
radiational,2024,437
radiational,2024,434.1
radiational,2024,431.3
radiational,2024,428.5
radiational,2024,425.6
radiational,2024,422.8
radiational,2024,493.8
radiational,2024,491
radiational,2024,488.1
radiational,2024,485.3
radiational,2024,445.5
radiational,2024,442.7
radiational,2024,439.8
radiational,2024,437
radiational,2024,434.1
radiational,2024,431.3
radiational,2024,428.5
radiational,2024,425.6
radiational,2024,422.8
radiational,2024,493.8
radiational,2024,491
radiational,2024,488.1
radiational,2024,485.3
radiational,2024,445.5
radiational,2024,442.7
radiational,2024,439.8
radiational,2024,437
radiational,2024,434.1
radiational,2024,431.3
radiational,2024,428.5
radiational,2024,425.6
radiational,2024,422.8
radiational,2024,493.8
radiational,2024,491
radiational,2024,488.1
radiational,2024,485.3
radiational,2024,445.5
radiational,2024,442.7
radiational,2024,439.8
radiational,2024,437
radiational,2024,434.1
radiational,2024,431.3
radiational,2024,428.5
radiational,2024,425.6
radiational,2024,422.8
radiational,2024,493.8
radiational,2024,491
radiational,2024,488.1
radiational,2024,485.3
radiational,2024,445.5
radiational,2024,442.7
radiational,2024,439.8
radiational,2024,437
radiational,2024,434.1
radiational,2024,431.3
radiational,2024,428.5
radiational,2024,425.6
radiational,2024,422.8
radiational,2024,493.8
radiational,2024,491
radiational,2024,488.1
radiational,2024,485.3
radiational,2024,445.5
radiational,2024,442.7
radiational,2024,439.8
radiational,2024,437
radiational,2024,434.1
radiational,2024,431.3
radiational,2024,428.5
radiational,2024,425.6
radiational,2024,422.8
radiational,2024,493.8
radiational,2024,491
radiational,2024,488.1
radiational,2024,485.3
radiational,2024,448.3
radiational,2024,445.5
radiational,2024,442.7
radiational,2024,439.8
radiational,2024,437
radiational,2024,434.1
radiational,2024,431.3
radiational,2024,428.5
radiational,2024,425.6
radiational,2024,422.8
radiational,2024,493.8
radiational,2024,491
radiational,2024,488.1
radiational,2024,485.3
radiational,2024,448.3
radiational,2024,445.5
radiational,2024,442.7
radiational,2024,439.8
radiational,2024,437
radiational,2024,434.1
radiational,2024,431.3
radiational,2024,428.5
radiational,2024,425.6
radiational,2024,422.8
radiational,2024,493.8
radiational,2024,491
radiational,2024,488.1
radiational,2024,485.3
radiational,2024,448.3
radiational,2024,445.5
radiational,2024,442.7
radiational,2024,439.8
radiational,2024,437
radiational,2024,434.1
radiational,2024,431.3
radiational,2024,428.5
radiational,2024,425.6
radiational,2024,422.8
radiational,2024,493.8
radiational,2024,491
radiational,2024,488.1
radiational,2024,485.3
radiational,2024,448.3
radiational,2024,445.5
radiational,2024,442.7
radiational,2024,439.8
radiational,2024,437
radiational,2024,434.1
radiational,2024,431.3
radiational,2024,428.5
radiational,2024,425.6
radiational,2024,422.8
radiational,2024,493.8
radiational,2024,491
radiational,2024,488.1
radiational,2024,485.3
radiational,2024,448.3
radiational,2024,445.5
radiational,2024,442.7
radiational,2024,439.8
radiational,2024,437
radiational,2024,434.1
radiational,2024,431.3
radiational,2024,428.5
radiational,2024,425.6
radiational,2024,422.8
radiational,2024,493.8
radiational,2024,491
radiational,2024,488.1
radiational,2024,485.3
radiational,2024,448.3
radiational,2024,445.5
radiational,2024,442.7
radiational,2024,439.8
radiational,2024,437
radiational,2024,434.1
radiational,2024,431.3
radiational,2024,428.5
radiational,2024,425.6
radiational,2024,422.8
radiational,2024,493.8
radiational,2024,491
radiational,2024,488.1
radiational,2024,485.3
radiational,2024,448.3
radiational,2024,445.5
radiational,2024,442.7
radiational,2024,439.8
radiational,2024,437
radiational,2024,434.1
radiational,2024,431.3
radiational,2024,428.5
radiational,2024,425.6
radiational,2024,422.8
radiational,2024,493.8
radiational,2024,491
radiational,2024,488.1
radiational,2024,485.3
radiational,2024,448.3
radiational,2024,445.5
radiational,2024,442.7
radiational,2024,439.8
radiational,2024,437
radiational,2024,434.1
radiational,2024,431.3
radiational,2024,428.5
radiational,2024,425.6
radiational,2024,422.8
radiational,2024,493.8
radiational,2024,491
radiational,2024,488.1
radiational,2024,485.3
radiational,2024,448.3
radiational,2024,445.5
radiational,2024,442.7
radiational,2024,439.8
radiational,2024,437
radiational,2024,434.1
radiational,2024,431.3
radiational,2024,428.5
radiational,2024,425.6
radiational,2024,422.8
radiational,2024,493.8
radiational,2024,491
radiational,2024,488.1
radiational,2024,485.3
radiational,2024,448.3
radiational,2024,445.5
radiational,2024,442.7
radiational,2024,439.8
radiational,2024,437
radiational,2024,434.1
radiational,2024,431.3
radiational,2024,428.5
radiational,2024,425.6
radiational,2024,422.8
radiational,2024,493.8
radiational,2024,491
radiational,2024,488.1
radiational,2024,485.3
radiational,2024,448.3
radiational,2024,445.5
radiational,2024,442.7
radiational,2024,439.8
radiational,2024,437
radiational,2024,434.1
radiational,2024,431.3
radiational,2024,428.5
radiational,2024,425.6
radiational,2024,422.8
radiational,2024,493.8
radiational,2024,491
radiational,2024,488.1
radiational,2024,485.3
radiational,2024,448.3
radiational,2024,445.5
radiational,2024,442.7
radiational,2024,439.8
radiational,2024,437
radiational,2024,434.1
radiational,2024,431.3
radiational,2024,428.5
radiational,2024,425.6
radiational,2024,422.8
radiational,2024,493.8
radiational,2024,491
radiational,2024,488.1
radiational,2024,485.3
radiational,2024,448.3
radiational,2024,445.5
radiational,2024,442.7
radiational,2024,439.8
radiational,2024,437
radiational,2024,434.1
radiational,2024,431.3
radiational,2024,428.5
radiational,2024,425.6
radiational,2024,422.8
radiational,2024,493.8
radiational,2024,491
radiational,2024,488.1
radiational,2024,485.3
radiational,2024,445.5
radiational,2024,442.7
radiational,2024,439.8
radiational,2024,437
radiational,2024,434.1
radiational,2024,431.3
radiational,2024,428.5
radiational,2024,425.6
radiational,2024,422.8
radiational,2024,493.8
radiational,2024,491
radiational,2024,488.1
radiational,2024,485.3
radiational,2024,445.5
radiational,2024,442.7
radiational,2024,439.8
radiational,2024,437
radiational,2024,434.1
radiational,2024,431.3
radiational,2024,428.5
radiational,2024,425.6
radiational,2024,422.8
radiational,2024,493.8
radiational,2024,491
radiational,2024,488.1
radiational,2024,485.3
radiational,2024,445.5
radiational,2024,442.7
radiational,2024,439.8
radiational,2024,437
radiational,2024,434.1
radiational,2024,431.3
radiational,2024,428.5
radiational,2024,425.6
radiational,2024,422.8
radiational,2024,493.8
radiational,2024,491
radiational,2024,488.1
radiational,2024,485.3
radiational,2024,445.5
radiational,2024,442.7
radiational,2024,439.8
radiational,2024,437
radiational,2024,434.1
radiational,2024,431.3
radiational,2024,428.5
radiational,2024,425.6
radiational,2024,422.8
radiational,2024,493.8
radiational,2024,491
radiational,2024,488.1
radiational,2024,485.3
radiational,2024,445.5
radiational,2024,442.7
radiational,2024,439.8
radiational,2024,437
radiational,2024,434.1
radiational,2024,431.3
radiational,2024,428.5
radiational,2024,425.6
radiational,2024,422.8
radiational,2024,493.8
radiational,2024,491
radiational,2024,488.1
radiational,2024,485.3
radiational,2024,445.5
radiational,2024,442.7
radiational,2024,439.8
radiational,2024,437
radiational,2024,434.1
radiational,2024,431.3
radiational,2024,428.5
radiational,2024,425.6
radiational,2024,422.8
radiational,2024,419.9
radiational,2024,493.8
radiational,2024,491
radiational,2024,488.1
radiational,2024,485.3
radiational,2024,445.5
radiational,2024,442.7
radiational,2024,439.8
radiational,2024,437
radiational,2024,434.1
radiational,2024,431.3
radiational,2024,428.5
radiational,2024,425.6
radiational,2024,422.8
radiational,2024,419.9
radiational,2024,493.8
radiational,2024,491
radiational,2024,488.1
radiational,2024,485.3
radiational,2024,445.5
radiational,2024,442.7
radiational,2024,439.8
radiational,2024,437
radiational,2024,434.1
radiational,2024,431.3
radiational,2024,428.5
radiational,2024,425.6
radiational,2024,422.8
radiational,2024,419.9
radiational,2024,493.8
radiational,2024,491
radiational,2024,488.1
radiational,2024,485.3
radiational,2024,445.5
radiational,2024,442.7
radiational,2024,439.8
radiational,2024,437
radiational,2024,434.1
radiational,2024,431.3
radiational,2024,428.5
radiational,2024,425.6
radiational,2024,422.8
radiational,2024,419.9
radiational,2024,493.8
radiational,2024,491
radiational,2024,488.1
radiational,2024,485.3
radiational,2024,445.5
radiational,2024,442.7
radiational,2024,439.8
radiational,2024,437
radiational,2024,434.1
radiational,2024,431.3
radiational,2024,428.5
radiational,2024,425.6
radiational,2024,422.8
radiational,2024,419.9
radiational,2024,493.8
radiational,2024,491
radiational,2024,488.1
radiational,2024,485.3
radiational,2024,445.5
radiational,2024,442.7
radiational,2024,439.8
radiational,2024,437
radiational,2024,434.1
radiational,2024,431.3
radiational,2024,428.5
radiational,2024,425.6
radiational,2024,422.8
radiational,2024,419.9
radiational,2024,493.8
radiational,2024,491
radiational,2024,488.1
radiational,2024,485.3
radiational,2024,445.5
radiational,2024,442.7
radiational,2024,439.8
radiational,2024,437
radiational,2024,434.1
radiational,2024,431.3
radiational,2024,428.5
radiational,2024,425.6
radiational,2024,422.8
radiational,2024,419.9
radiational,2024,493.8
radiational,2024,491
radiational,2024,488.1
radiational,2024,485.3
radiational,2024,445.5
radiational,2024,442.7
radiational,2024,439.8
radiational,2024,437
radiational,2024,434.1
radiational,2024,431.3
radiational,2024,428.5
radiational,2024,425.6
radiational,2024,422.8
radiational,2024,419.9
radiational,2024,493.8
radiational,2024,491
radiational,2024,488.1
radiational,2024,485.3
radiational,2024,442.7
radiational,2024,439.8
radiational,2024,437
radiational,2024,434.1
radiational,2024,431.3
radiational,2024,428.5
radiational,2024,425.6
radiational,2024,422.8
radiational,2024,419.9
radiational,2024,493.8
radiational,2024,491
radiational,2024,488.1
radiational,2024,485.3
radiational,2024,442.7
radiational,2024,439.8
radiational,2024,437
radiational,2024,434.1
radiational,2024,431.3
radiational,2024,428.5
radiational,2024,425.6
radiational,2024,422.8
radiational,2024,419.9
radiational,2024,493.8
radiational,2024,491
radiational,2024,488.1
radiational,2024,485.3
radiational,2024,442.7
radiational,2024,439.8
radiational,2024,437
radiational,2024,434.1
radiational,2024,431.3
radiational,2024,428.5
radiational,2024,425.6
radiational,2024,422.8
radiational,2024,419.9
radiational,2024,493.8
radiational,2024,491
radiational,2024,488.1
radiational,2024,485.3
radiational,2024,442.7
radiational,2024,439.8
radiational,2024,437
radiational,2024,434.1
radiational,2024,431.3
radiational,2024,428.5
radiational,2024,425.6
radiational,2024,422.8
radiational,2024,419.9
radiational,2024,493.8
radiational,2024,491
radiational,2024,488.1
radiational,2024,485.3
radiational,2024,442.7
radiational,2024,439.8
radiational,2024,437
radiational,2024,434.1
radiational,2024,431.3
radiational,2024,428.5
radiational,2024,425.6
radiational,2024,422.8
radiational,2024,419.9
radiational,2024,493.8
radiational,2024,491
radiational,2024,488.1
radiational,2024,485.3
radiational,2024,442.7
radiational,2024,439.8
radiational,2024,437
radiational,2024,434.1
radiational,2024,431.3
radiational,2024,428.5
radiational,2024,425.6
radiational,2024,422.8
radiational,2024,419.9
radiational,2024,417.1
radiational,2024,493.8
radiational,2024,491
radiational,2024,488.1
radiational,2024,485.3
radiational,2024,442.7
radiational,2024,439.8
radiational,2024,437
radiational,2024,434.1
radiational,2024,431.3
radiational,2024,428.5
radiational,2024,425.6
radiational,2024,422.8
radiational,2024,419.9
radiational,2024,417.1
radiational,2024,493.8
radiational,2024,491
radiational,2024,488.1
radiational,2024,485.3
radiational,2024,442.7
radiational,2024,439.8
radiational,2024,437
radiational,2024,434.1
radiational,2024,431.3
radiational,2024,428.5
radiational,2024,425.6
radiational,2024,422.8
radiational,2024,419.9
radiational,2024,493.8
radiational,2024,491
radiational,2024,488.1
radiational,2024,485.3
radiational,2024,442.7
radiational,2024,439.8
radiational,2024,437
radiational,2024,434.1
radiational,2024,431.3
radiational,2024,428.5
radiational,2024,425.6
radiational,2024,422.8
radiational,2024,419.9
radiational,2024,493.8
radiational,2024,491
radiational,2024,488.1
radiational,2024,485.3
radiational,2024,442.7
radiational,2024,439.8
radiational,2024,437
radiational,2024,434.1
radiational,2024,431.3
radiational,2024,428.5
radiational,2024,425.6
radiational,2024,422.8
radiational,2024,419.9
radiational,2024,493.8
radiational,2024,491
radiational,2024,488.1
radiational,2024,485.3
radiational,2024,442.7
radiational,2024,439.8
radiational,2024,437
radiational,2024,434.1
radiational,2024,431.3
radiational,2024,428.5
radiational,2024,425.6
radiational,2024,422.8
radiational,2024,419.9
radiational,2024,493.8
radiational,2024,491
radiational,2024,488.1
radiational,2024,485.3
radiational,2024,442.7
radiational,2024,439.8
radiational,2024,437
radiational,2024,434.1
radiational,2024,431.3
radiational,2024,428.5
radiational,2024,425.6
radiational,2024,422.8
radiational,2024,419.9
radiational,2024,493.8
radiational,2024,491
radiational,2024,488.1
radiational,2024,485.3
radiational,2024,442.7
radiational,2024,439.8
radiational,2024,437
radiational,2024,434.1
radiational,2024,431.3
radiational,2024,428.5
radiational,2024,425.6
radiational,2024,422.8
radiational,2024,419.9
radiational,2024,493.8
radiational,2024,491
radiational,2024,488.1
radiational,2024,485.3
radiational,2024,442.7
radiational,2024,439.8
radiational,2024,437
radiational,2024,434.1
radiational,2024,431.3
radiational,2024,428.5
radiational,2024,425.6
radiational,2024,422.8
radiational,2024,419.9
radiational,2024,493.8
radiational,2024,491
radiational,2024,488.1
radiational,2024,485.3
radiational,2024,445.5
radiational,2024,442.7
radiational,2024,439.8
radiational,2024,437
radiational,2024,434.1
radiational,2024,431.3
radiational,2024,428.5
radiational,2024,425.6
radiational,2024,422.8
radiational,2024,419.9
radiational,2024,493.8
radiational,2024,491
radiational,2024,488.1
radiational,2024,485.3
radiational,2024,445.5
radiational,2024,442.7
radiational,2024,439.8
radiational,2024,437
radiational,2024,434.1
radiational,2024,431.3
radiational,2024,428.5
radiational,2024,425.6
radiational,2024,422.8
radiational,2024,419.9
radiational,2024,493.8
radiational,2024,491
radiational,2024,488.1
radiational,2024,485.3
radiational,2024,445.5
radiational,2024,442.7
radiational,2024,439.8
radiational,2024,437
radiational,2024,434.1
radiational,2024,431.3
radiational,2024,428.5
radiational,2024,425.6
radiational,2024,422.8
radiational,2024,419.9
radiational,2024,493.8
radiational,2024,491
radiational,2024,488.1
radiational,2024,485.3
radiational,2024,445.5
radiational,2024,442.7
radiational,2024,439.8
radiational,2024,437
radiational,2024,434.1
radiational,2024,431.3
radiational,2024,428.5
radiational,2024,425.6
radiational,2024,422.8
radiational,2024,419.9
radiational,2024,493.8
radiational,2024,491
radiational,2024,488.1
radiational,2024,485.3
radiational,2024,445.5
radiational,2024,442.7
radiational,2024,439.8
radiational,2024,437
radiational,2024,434.1
radiational,2024,431.3
radiational,2024,428.5
radiational,2024,425.6
radiational,2024,422.8
radiational,2024,419.9
radiational,2024,493.8
radiational,2024,491
radiational,2024,488.1
radiational,2024,485.3
radiational,2024,445.5
radiational,2024,442.7
radiational,2024,439.8
radiational,2024,437
radiational,2024,434.1
radiational,2024,431.3
radiational,2024,428.5
radiational,2024,425.6
radiational,2024,422.8
radiational,2024,419.9
radiational,2024,493.8
radiational,2024,491
radiational,2024,488.1
radiational,2024,485.3
radiational,2024,442.7
radiational,2024,439.8
radiational,2024,437
radiational,2024,434.1
radiational,2024,431.3
radiational,2024,428.5
radiational,2024,425.6
radiational,2024,422.8
radiational,2024,419.9
radiational,2024,417.1
radiational,2024,493.8
radiational,2024,491
radiational,2024,488.1
radiational,2024,485.3
radiational,2024,442.7
radiational,2024,439.8
radiational,2024,437
radiational,2024,434.1
radiational,2024,431.3
radiational,2024,428.5
radiational,2024,425.6
radiational,2024,422.8
radiational,2024,419.9
radiational,2024,417.1
radiational,2024,493.8
radiational,2024,491
radiational,2024,488.1
radiational,2024,485.3
radiational,2024,442.7
radiational,2024,439.8
radiational,2024,437
radiational,2024,434.1
radiational,2024,431.3
radiational,2024,428.5
radiational,2024,425.6
radiational,2024,422.8
radiational,2024,419.9
radiational,2024,417.1
radiational,2024,493.8
radiational,2024,491
radiational,2024,488.1
radiational,2024,485.3
radiational,2024,442.7
radiational,2024,439.8
radiational,2024,437
radiational,2024,434.1
radiational,2024,431.3
radiational,2024,428.5
radiational,2024,425.6
radiational,2024,422.8
radiational,2024,419.9
radiational,2024,417.1
radiational,2024,493.8
radiational,2024,491
radiational,2024,488.1
radiational,2024,485.3
radiational,2024,439.8
radiational,2024,437
radiational,2024,434.1
radiational,2024,431.3
radiational,2024,428.5
radiational,2024,425.6
radiational,2024,422.8
radiational,2024,419.9
radiational,2024,417.1
radiational,2024,414.3
radiational,2024,493.8
radiational,2024,491
radiational,2024,488.1
radiational,2024,485.3
radiational,2024,439.8
radiational,2024,437
radiational,2024,434.1
radiational,2024,431.3
radiational,2024,428.5
radiational,2024,425.6
radiational,2024,422.8
radiational,2024,419.9
radiational,2024,417.1
radiational,2024,414.3
radiational,2024,493.8
radiational,2024,491
radiational,2024,488.1
radiational,2024,485.3
radiational,2024,439.8
radiational,2024,437
radiational,2024,434.1
radiational,2024,431.3
radiational,2024,428.5
radiational,2024,425.6
radiational,2024,422.8
radiational,2024,419.9
radiational,2024,417.1
radiational,2024,414.3
radiational,2024,493.8
radiational,2024,491
radiational,2024,488.1
radiational,2024,485.3
radiational,2024,437
radiational,2024,434.1
radiational,2024,431.3
radiational,2024,428.5
radiational,2024,425.6
radiational,2024,422.8
radiational,2024,419.9
radiational,2024,417.1
radiational,2024,414.3
radiational,2024,411.4
radiational,2024,493.8
radiational,2024,491
radiational,2024,488.1
radiational,2024,485.3
radiational,2024,437
radiational,2024,434.1
radiational,2024,431.3
radiational,2024,428.5
radiational,2024,425.6
radiational,2024,422.8
radiational,2024,419.9
radiational,2024,417.1
radiational,2024,414.3
radiational,2024,411.4
radiational,2024,493.8
radiational,2024,491
radiational,2024,488.1
radiational,2024,485.3
radiational,2024,437
radiational,2024,434.1
radiational,2024,431.3
radiational,2024,428.5
radiational,2024,425.6
radiational,2024,422.8
radiational,2024,419.9
radiational,2024,417.1
radiational,2024,414.3
radiational,2024,411.4
radiational,2024,493.8
radiational,2024,491
radiational,2024,488.1
radiational,2024,485.3
radiational,2024,434.1
radiational,2024,431.3
radiational,2024,428.5
radiational,2024,425.6
radiational,2024,422.8
radiational,2024,419.9
radiational,2024,417.1
radiational,2024,414.3
radiational,2024,411.4
radiational,2024,493.8
radiational,2024,491
radiational,2024,488.1
radiational,2024,485.3
radiational,2024,434.1
radiational,2024,431.3
radiational,2024,428.5
radiational,2024,425.6
radiational,2024,422.8
radiational,2024,419.9
radiational,2024,417.1
radiational,2024,414.3
radiational,2024,411.4
radiational,2024,408.6
radiational,2024,493.8
radiational,2024,491
radiational,2024,488.1
radiational,2024,485.3
radiational,2024,434.1
radiational,2024,431.3
radiational,2024,428.5
radiational,2024,425.6
radiational,2024,422.8
radiational,2024,419.9
radiational,2024,417.1
radiational,2024,414.3
radiational,2024,411.4
radiational,2024,408.6
radiational,2024,493.8
radiational,2024,491
radiational,2024,488.1
radiational,2024,485.3
radiational,2024,434.1
radiational,2024,431.3
radiational,2024,428.5
radiational,2024,425.6
radiational,2024,422.8
radiational,2024,419.9
radiational,2024,417.1
radiational,2024,414.3
radiational,2024,411.4
radiational,2024,408.6
radiational,2024,493.8
radiational,2024,491
radiational,2024,488.1
radiational,2024,485.3
radiational,2024,434.1
radiational,2024,431.3
radiational,2024,428.5
radiational,2024,425.6
radiational,2024,422.8
radiational,2024,419.9
radiational,2024,417.1
radiational,2024,414.3
radiational,2024,411.4
radiational,2024,408.6
radiational,2024,493.8
radiational,2024,491
radiational,2024,488.1
radiational,2024,485.3
radiational,2024,434.1
radiational,2024,431.3
radiational,2024,428.5
radiational,2024,425.6
radiational,2024,422.8
radiational,2024,419.9
radiational,2024,417.1
radiational,2024,414.3
radiational,2024,411.4
radiational,2024,408.6
radiational,2024,493.8
radiational,2024,491
radiational,2024,488.1
radiational,2024,485.3
radiational,2024,434.1
radiational,2024,431.3
radiational,2024,428.5
radiational,2024,425.6
radiational,2024,422.8
radiational,2024,419.9
radiational,2024,417.1
radiational,2024,414.3
radiational,2024,411.4
radiational,2024,408.6
radiational,2024,493.8
radiational,2024,491
radiational,2024,488.1
radiational,2024,485.3
radiational,2024,434.1
radiational,2024,431.3
radiational,2024,428.5
radiational,2024,425.6
radiational,2024,422.8
radiational,2024,419.9
radiational,2024,417.1
radiational,2024,414.3
radiational,2024,411.4
radiational,2024,408.6
radiational,2024,493.8
radiational,2024,491
radiational,2024,488.1
radiational,2024,485.3
radiational,2024,434.1
radiational,2024,431.3
radiational,2024,428.5
radiational,2024,425.6
radiational,2024,422.8
radiational,2024,419.9
radiational,2024,417.1
radiational,2024,414.3
radiational,2024,411.4
radiational,2024,408.6
radiational,2024,493.8
radiational,2024,491
radiational,2024,488.1
radiational,2024,485.3
radiational,2024,434.1
radiational,2024,431.3
radiational,2024,428.5
radiational,2024,425.6
radiational,2024,422.8
radiational,2024,419.9
radiational,2024,417.1
radiational,2024,414.3
radiational,2024,411.4
radiational,2024,408.6
radiational,2024,493.8
radiational,2024,491
radiational,2024,488.1
radiational,2024,485.3
radiational,2024,434.1
radiational,2024,431.3
radiational,2024,428.5
radiational,2024,425.6
radiational,2024,422.8
radiational,2024,419.9
radiational,2024,417.1
radiational,2024,414.3
radiational,2024,411.4
radiational,2024,408.6
radiational,2024,493.8
radiational,2024,491
radiational,2024,488.1
radiational,2024,485.3
radiational,2024,434.1
radiational,2024,431.3
radiational,2024,428.5
radiational,2024,425.6
radiational,2024,422.8
radiational,2024,419.9
radiational,2024,417.1
radiational,2024,414.3
radiational,2024,411.4
radiational,2024,408.6
radiational,2024,493.8
radiational,2024,491
radiational,2024,488.1
radiational,2024,485.3
radiational,2024,434.1
radiational,2024,431.3
radiational,2024,428.5
radiational,2024,425.6
radiational,2024,422.8
radiational,2024,419.9
radiational,2024,417.1
radiational,2024,414.3
radiational,2024,411.4
radiational,2024,408.6
radiational,2024,493.8
radiational,2024,491
radiational,2024,488.1
radiational,2024,485.3
radiational,2024,434.1
radiational,2024,431.3
radiational,2024,428.5
radiational,2024,425.6
radiational,2024,422.8
radiational,2024,419.9
radiational,2024,417.1
radiational,2024,414.3
radiational,2024,411.4
radiational,2024,408.6
radiational,2024,493.8
radiational,2024,491
radiational,2024,488.1
radiational,2024,485.3
radiational,2024,437
radiational,2024,434.1
radiational,2024,431.3
radiational,2024,428.5
radiational,2024,425.6
radiational,2024,422.8
radiational,2024,419.9
radiational,2024,417.1
radiational,2024,414.3
radiational,2024,411.4
radiational,2024,408.6
radiational,2025,493.8
radiational,2025,491
radiational,2025,488.1
radiational,2025,485.3
radiational,2025,437
radiational,2025,434.1
radiational,2025,431.3
radiational,2025,428.5
radiational,2025,425.6
radiational,2025,422.8
radiational,2025,419.9
radiational,2025,417.1
radiational,2025,414.3
radiational,2025,411.4
radiational,2025,493.8
radiational,2025,491
radiational,2025,488.1
radiational,2025,485.3
radiational,2025,437
radiational,2025,434.1
radiational,2025,431.3
radiational,2025,428.5
radiational,2025,425.6
radiational,2025,422.8
radiational,2025,419.9
radiational,2025,417.1
radiational,2025,414.3
radiational,2025,411.4
radiational,2025,493.8
radiational,2025,491
radiational,2025,488.1
radiational,2025,485.3
radiational,2025,439.8
radiational,2025,437
radiational,2025,434.1
radiational,2025,431.3
radiational,2025,428.5
radiational,2025,425.6
radiational,2025,422.8
radiational,2025,419.9
radiational,2025,417.1
radiational,2025,414.3
radiational,2025,411.4
radiational,2025,493.8
radiational,2025,491
radiational,2025,488.1
radiational,2025,485.3
radiational,2025,439.8
radiational,2025,437
radiational,2025,434.1
radiational,2025,431.3
radiational,2025,428.5
radiational,2025,425.6
radiational,2025,422.8
radiational,2025,419.9
radiational,2025,417.1
radiational,2025,414.3
radiational,2025,493.8
radiational,2025,491
radiational,2025,488.1
radiational,2025,485.3
radiational,2025,439.8
radiational,2025,437
radiational,2025,434.1
radiational,2025,431.3
radiational,2025,428.5
radiational,2025,425.6
radiational,2025,422.8
radiational,2025,419.9
radiational,2025,417.1
radiational,2025,414.3
radiational,2025,493.8
radiational,2025,491
radiational,2025,488.1
radiational,2025,485.3
radiational,2025,442.7
radiational,2025,439.8
radiational,2025,437
radiational,2025,434.1
radiational,2025,431.3
radiational,2025,428.5
radiational,2025,425.6
radiational,2025,422.8
radiational,2025,419.9
radiational,2025,417.1
radiational,2025,414.3
radiational,2025,493.8
radiational,2025,491
radiational,2025,488.1
radiational,2025,485.3
radiational,2025,442.7
radiational,2025,439.8
radiational,2025,437
radiational,2025,434.1
radiational,2025,431.3
radiational,2025,428.5
radiational,2025,425.6
radiational,2025,422.8
radiational,2025,419.9
radiational,2025,417.1
radiational,2025,493.8
radiational,2025,491
radiational,2025,488.1
radiational,2025,485.3
radiational,2025,445.5
radiational,2025,442.7
radiational,2025,439.8
radiational,2025,437
radiational,2025,434.1
radiational,2025,431.3
radiational,2025,428.5
radiational,2025,425.6
radiational,2025,422.8
radiational,2025,419.9
radiational,2025,417.1
radiational,2025,493.8
radiational,2025,491
radiational,2025,488.1
radiational,2025,485.3
radiational,2025,445.5
radiational,2025,442.7
radiational,2025,439.8
radiational,2025,437
radiational,2025,434.1
radiational,2025,431.3
radiational,2025,428.5
radiational,2025,425.6
radiational,2025,422.8
radiational,2025,419.9
radiational,2025,493.8
radiational,2025,491
radiational,2025,488.1
radiational,2025,485.3
radiational,2025,445.5
radiational,2025,442.7
radiational,2025,439.8
radiational,2025,437
radiational,2025,434.1
radiational,2025,431.3
radiational,2025,428.5
radiational,2025,425.6
radiational,2025,422.8
radiational,2025,419.9
radiational,2025,493.8
radiational,2025,491
radiational,2025,488.1
radiational,2025,485.3
radiational,2025,448.3
radiational,2025,445.5
radiational,2025,442.7
radiational,2025,439.8
radiational,2025,437
radiational,2025,434.1
radiational,2025,431.3
radiational,2025,428.5
radiational,2025,425.6
radiational,2025,422.8
radiational,2025,419.9
radiational,2025,493.8
radiational,2025,491
radiational,2025,488.1
radiational,2025,485.3
radiational,2025,448.3
radiational,2025,445.5
radiational,2025,442.7
radiational,2025,439.8
radiational,2025,437
radiational,2025,434.1
radiational,2025,431.3
radiational,2025,428.5
radiational,2025,425.6
radiational,2025,422.8
radiational,2025,493.8
radiational,2025,491
radiational,2025,488.1
radiational,2025,485.3
radiational,2025,448.3
radiational,2025,445.5
radiational,2025,442.7
radiational,2025,439.8
radiational,2025,437
radiational,2025,434.1
radiational,2025,431.3
radiational,2025,428.5
radiational,2025,425.6
radiational,2025,422.8
radiational,2025,493.8
radiational,2025,491
radiational,2025,488.1
radiational,2025,485.3
radiational,2025,448.3
radiational,2025,445.5
radiational,2025,442.7
radiational,2025,439.8
radiational,2025,437
radiational,2025,434.1
radiational,2025,431.3
radiational,2025,428.5
radiational,2025,425.6
radiational,2025,422.8
radiational,2025,493.8
radiational,2025,491
radiational,2025,488.1
radiational,2025,485.3
radiational,2025,448.3
radiational,2025,445.5
radiational,2025,442.7
radiational,2025,439.8
radiational,2025,437
radiational,2025,434.1
radiational,2025,431.3
radiational,2025,428.5
radiational,2025,425.6
radiational,2025,493.8
radiational,2025,491
radiational,2025,488.1
radiational,2025,485.3
radiational,2025,448.3
radiational,2025,445.5
radiational,2025,442.7
radiational,2025,439.8
radiational,2025,437
radiational,2025,434.1
radiational,2025,431.3
radiational,2025,428.5
radiational,2025,425.6
radiational,2025,493.8
radiational,2025,491
radiational,2025,488.1
radiational,2025,485.3
radiational,2025,448.3
radiational,2025,445.5
radiational,2025,442.7
radiational,2025,439.8
radiational,2025,437
radiational,2025,434.1
radiational,2025,431.3
radiational,2025,428.5
radiational,2025,425.6
radiational,2025,493.8
radiational,2025,491
radiational,2025,488.1
radiational,2025,485.3
radiational,2025,448.3
radiational,2025,445.5
radiational,2025,442.7
radiational,2025,439.8
radiational,2025,437
radiational,2025,434.1
radiational,2025,431.3
radiational,2025,428.5
radiational,2025,425.6
radiational,2025,493.8
radiational,2025,491
radiational,2025,488.1
radiational,2025,485.3
radiational,2025,448.3
radiational,2025,445.5
radiational,2025,442.7
radiational,2025,439.8
radiational,2025,437
radiational,2025,434.1
radiational,2025,431.3
radiational,2025,428.5
radiational,2025,425.6
radiational,2025,493.8
radiational,2025,491
radiational,2025,488.1
radiational,2025,485.3
radiational,2025,448.3
radiational,2025,445.5
radiational,2025,442.7
radiational,2025,439.8
radiational,2025,437
radiational,2025,434.1
radiational,2025,431.3
radiational,2025,428.5
radiational,2025,425.6
radiational,2025,493.8
radiational,2025,491
radiational,2025,488.1
radiational,2025,485.3
radiational,2025,451.2
radiational,2025,448.3
radiational,2025,445.5
radiational,2025,442.7
radiational,2025,439.8
radiational,2025,437
radiational,2025,434.1
radiational,2025,431.3
radiational,2025,428.5
radiational,2025,425.6
radiational,2025,493.8
radiational,2025,491
radiational,2025,488.1
radiational,2025,485.3
radiational,2025,451.2
radiational,2025,448.3
radiational,2025,445.5
radiational,2025,442.7
radiational,2025,439.8
radiational,2025,437
radiational,2025,434.1
radiational,2025,431.3
radiational,2025,428.5
radiational,2025,425.6
radiational,2025,493.8
radiational,2025,491
radiational,2025,488.1
radiational,2025,485.3
radiational,2025,451.2
radiational,2025,448.3
radiational,2025,445.5
radiational,2025,442.7
radiational,2025,439.8
radiational,2025,437
radiational,2025,434.1
radiational,2025,431.3
radiational,2025,428.5
radiational,2025,425.6
radiational,2025,493.8
radiational,2025,491
radiational,2025,488.1
radiational,2025,485.3
radiational,2025,451.2
radiational,2025,448.3
radiational,2025,445.5
radiational,2025,442.7
radiational,2025,439.8
radiational,2025,437
radiational,2025,434.1
radiational,2025,431.3
radiational,2025,428.5
radiational,2025,425.6
radiational,2025,493.8
radiational,2025,491
radiational,2025,488.1
radiational,2025,485.3
radiational,2025,451.2
radiational,2025,448.3
radiational,2025,445.5
radiational,2025,442.7
radiational,2025,439.8
radiational,2025,437
radiational,2025,434.1
radiational,2025,431.3
radiational,2025,428.5
radiational,2025,425.6
radiational,2025,493.8
radiational,2025,491
radiational,2025,488.1
radiational,2025,485.3
radiational,2025,451.2
radiational,2025,448.3
radiational,2025,445.5
radiational,2025,442.7
radiational,2025,439.8
radiational,2025,437
radiational,2025,434.1
radiational,2025,431.3
radiational,2025,428.5
radiational,2025,425.6
radiational,2025,493.8
radiational,2025,491
radiational,2025,488.1
radiational,2025,485.3
radiational,2025,451.2
radiational,2025,448.3
radiational,2025,445.5
radiational,2025,442.7
radiational,2025,439.8
radiational,2025,437
radiational,2025,434.1
radiational,2025,431.3
radiational,2025,428.5
radiational,2025,425.6
radiational,2025,493.8
radiational,2025,491
radiational,2025,488.1
radiational,2025,485.3
radiational,2025,451.2
radiational,2025,448.3
radiational,2025,445.5
radiational,2025,442.7
radiational,2025,439.8
radiational,2025,437
radiational,2025,434.1
radiational,2025,431.3
radiational,2025,428.5
radiational,2025,425.6
radiational,2025,493.8
radiational,2025,491
radiational,2025,488.1
radiational,2025,485.3
radiational,2025,451.2
radiational,2025,448.3
radiational,2025,445.5
radiational,2025,442.7
radiational,2025,439.8
radiational,2025,437
radiational,2025,434.1
radiational,2025,431.3
radiational,2025,428.5
radiational,2025,425.6
radiational,2025,493.8
radiational,2025,491
radiational,2025,488.1
radiational,2025,485.3
radiational,2025,448.3
radiational,2025,445.5
radiational,2025,442.7
radiational,2025,439.8
radiational,2025,437
radiational,2025,434.1
radiational,2025,431.3
radiational,2025,428.5
radiational,2025,425.6
radiational,2025,493.8
radiational,2025,491
radiational,2025,488.1
radiational,2025,485.3
radiational,2025,448.3
radiational,2025,445.5
radiational,2025,442.7
radiational,2025,439.8
radiational,2025,437
radiational,2025,434.1
radiational,2025,431.3
radiational,2025,428.5
radiational,2025,425.6
radiational,2025,493.8
radiational,2025,491
radiational,2025,488.1
radiational,2025,485.3
radiational,2025,448.3
radiational,2025,445.5
radiational,2025,442.7
radiational,2025,439.8
radiational,2025,437
radiational,2025,434.1
radiational,2025,431.3
radiational,2025,428.5
radiational,2025,425.6
radiational,2025,493.8
radiational,2025,491
radiational,2025,488.1
radiational,2025,485.3
radiational,2025,448.3
radiational,2025,445.5
radiational,2025,442.7
radiational,2025,439.8
radiational,2025,437
radiational,2025,434.1
radiational,2025,431.3
radiational,2025,428.5
radiational,2025,425.6
radiational,2025,422.8
radiational,2025,493.8
radiational,2025,491
radiational,2025,488.1
radiational,2025,485.3
radiational,2025,448.3
radiational,2025,445.5
radiational,2025,442.7
radiational,2025,439.8
radiational,2025,437
radiational,2025,434.1
radiational,2025,431.3
radiational,2025,428.5
radiational,2025,425.6
radiational,2025,422.8
radiational,2025,493.8
radiational,2025,491
radiational,2025,488.1
radiational,2025,485.3
radiational,2025,448.3
radiational,2025,445.5
radiational,2025,442.7
radiational,2025,439.8
radiational,2025,437
radiational,2025,434.1
radiational,2025,431.3
radiational,2025,428.5
radiational,2025,425.6
radiational,2025,422.8
radiational,2025,493.8
radiational,2025,491
radiational,2025,488.1
radiational,2025,485.3
radiational,2025,448.3
radiational,2025,445.5
radiational,2025,442.7
radiational,2025,439.8
radiational,2025,437
radiational,2025,434.1
radiational,2025,431.3
radiational,2025,428.5
radiational,2025,425.6
radiational,2025,422.8
radiational,2025,493.8
radiational,2025,491
radiational,2025,488.1
radiational,2025,485.3
radiational,2025,448.3
radiational,2025,445.5
radiational,2025,442.7
radiational,2025,439.8
radiational,2025,437
radiational,2025,434.1
radiational,2025,431.3
radiational,2025,428.5
radiational,2025,425.6
radiational,2025,422.8
radiational,2025,493.8
radiational,2025,491
radiational,2025,488.1
radiational,2025,485.3
radiational,2025,448.3
radiational,2025,445.5
radiational,2025,442.7
radiational,2025,439.8
radiational,2025,437
radiational,2025,434.1
radiational,2025,431.3
radiational,2025,428.5
radiational,2025,425.6
radiational,2025,422.8
radiational,2025,493.8
radiational,2025,491
radiational,2025,488.1
radiational,2025,485.3
radiational,2025,445.5
radiational,2025,442.7
radiational,2025,439.8
radiational,2025,437
radiational,2025,434.1
radiational,2025,431.3
radiational,2025,428.5
radiational,2025,425.6
radiational,2025,422.8
radiational,2025,493.8
radiational,2025,491
radiational,2025,488.1
radiational,2025,485.3
radiational,2025,445.5
radiational,2025,442.7
radiational,2025,439.8
radiational,2025,437
radiational,2025,434.1
radiational,2025,431.3
radiational,2025,428.5
radiational,2025,425.6
radiational,2025,422.8
radiational,2025,493.8
radiational,2025,491
radiational,2025,488.1
radiational,2025,485.3
radiational,2025,445.5
radiational,2025,442.7
radiational,2025,439.8
radiational,2025,437
radiational,2025,434.1
radiational,2025,431.3
radiational,2025,428.5
radiational,2025,425.6
radiational,2025,422.8
radiational,2025,493.8
radiational,2025,491
radiational,2025,488.1
radiational,2025,485.3
radiational,2025,445.5
radiational,2025,442.7
radiational,2025,439.8
radiational,2025,437
radiational,2025,434.1
radiational,2025,431.3
radiational,2025,428.5
radiational,2025,425.6
radiational,2025,422.8
radiational,2025,493.8
radiational,2025,491
radiational,2025,488.1
radiational,2025,485.3
radiational,2025,445.5
radiational,2025,442.7
radiational,2025,439.8
radiational,2025,437
radiational,2025,434.1
radiational,2025,431.3
radiational,2025,428.5
radiational,2025,425.6
radiational,2025,422.8
radiational,2025,493.8
radiational,2025,491
radiational,2025,488.1
radiational,2025,485.3
radiational,2025,445.5
radiational,2025,442.7
radiational,2025,439.8
radiational,2025,437
radiational,2025,434.1
radiational,2025,431.3
radiational,2025,428.5
radiational,2025,425.6
radiational,2025,422.8
radiational,2025,493.8
radiational,2025,491
radiational,2025,488.1
radiational,2025,485.3
radiational,2025,445.5
radiational,2025,442.7
radiational,2025,439.8
radiational,2025,437
radiational,2025,434.1
radiational,2025,431.3
radiational,2025,428.5
radiational,2025,425.6
radiational,2025,422.8
radiational,2025,493.8
radiational,2025,491
radiational,2025,488.1
radiational,2025,485.3
radiational,2025,445.5
radiational,2025,442.7
radiational,2025,439.8
radiational,2025,437
radiational,2025,434.1
radiational,2025,431.3
radiational,2025,428.5
radiational,2025,425.6
radiational,2025,422.8
radiational,2025,493.8
radiational,2025,491
radiational,2025,488.1
radiational,2025,485.3
radiational,2025,445.5
radiational,2025,442.7
radiational,2025,439.8
radiational,2025,437
radiational,2025,434.1
radiational,2025,431.3
radiational,2025,428.5
radiational,2025,425.6
radiational,2025,422.8
radiational,2025,493.8
radiational,2025,491
radiational,2025,488.1
radiational,2025,485.3
radiational,2025,445.5
radiational,2025,442.7
radiational,2025,439.8
radiational,2025,437
radiational,2025,434.1
radiational,2025,431.3
radiational,2025,428.5
radiational,2025,425.6
radiational,2025,422.8
radiational,2025,493.8
radiational,2025,491
radiational,2025,488.1
radiational,2025,485.3
radiational,2025,445.5
radiational,2025,442.7
radiational,2025,439.8
radiational,2025,437
radiational,2025,434.1
radiational,2025,431.3
radiational,2025,428.5
radiational,2025,425.6
radiational,2025,422.8
radiational,2025,493.8
radiational,2025,491
radiational,2025,488.1
radiational,2025,485.3
radiational,2025,445.5
radiational,2025,442.7
radiational,2025,439.8
radiational,2025,437
radiational,2025,434.1
radiational,2025,431.3
radiational,2025,428.5
radiational,2025,425.6
radiational,2025,422.8
radiational,2025,493.8
radiational,2025,491
radiational,2025,488.1
radiational,2025,485.3
radiational,2025,445.5
radiational,2025,442.7
radiational,2025,439.8
radiational,2025,437
radiational,2025,434.1
radiational,2025,431.3
radiational,2025,428.5
radiational,2025,425.6
radiational,2025,422.8
radiational,2025,493.8
radiational,2025,491
radiational,2025,488.1
radiational,2025,485.3
radiational,2025,445.5
radiational,2025,442.7
radiational,2025,439.8
radiational,2025,437
radiational,2025,434.1
radiational,2025,431.3
radiational,2025,428.5
radiational,2025,425.6
radiational,2025,422.8
radiational,2025,493.8
radiational,2025,491
radiational,2025,488.1
radiational,2025,485.3
radiational,2025,445.5
radiational,2025,442.7
radiational,2025,439.8
radiational,2025,437
radiational,2025,434.1
radiational,2025,431.3
radiational,2025,428.5
radiational,2025,425.6
radiational,2025,422.8
radiational,2025,493.8
radiational,2025,491
radiational,2025,488.1
radiational,2025,485.3
radiational,2025,445.5
radiational,2025,442.7
radiational,2025,439.8
radiational,2025,437
radiational,2025,434.1
radiational,2025,431.3
radiational,2025,428.5
radiational,2025,425.6
radiational,2025,422.8
radiational,2025,493.8
radiational,2025,491
radiational,2025,488.1
radiational,2025,485.3
radiational,2025,445.5
radiational,2025,442.7
radiational,2025,439.8
radiational,2025,437
radiational,2025,434.1
radiational,2025,431.3
radiational,2025,428.5
radiational,2025,425.6
radiational,2025,422.8
radiational,2025,493.8
radiational,2025,491
radiational,2025,488.1
radiational,2025,485.3
radiational,2025,445.5
radiational,2025,442.7
radiational,2025,439.8
radiational,2025,437
radiational,2025,434.1
radiational,2025,431.3
radiational,2025,428.5
radiational,2025,425.6
radiational,2025,422.8
radiational,2025,493.8
radiational,2025,491
radiational,2025,488.1
radiational,2025,485.3
radiational,2025,445.5
radiational,2025,442.7
radiational,2025,439.8
radiational,2025,437
radiational,2025,434.1
radiational,2025,431.3
radiational,2025,428.5
radiational,2025,425.6
radiational,2025,422.8
radiational,2025,493.8
radiational,2025,491
radiational,2025,488.1
radiational,2025,485.3
radiational,2025,445.5
radiational,2025,442.7
radiational,2025,439.8
radiational,2025,437
radiational,2025,434.1
radiational,2025,431.3
radiational,2025,428.5
radiational,2025,425.6
radiational,2025,422.8
radiational,2025,493.8
radiational,2025,491
radiational,2025,488.1
radiational,2025,485.3
radiational,2025,445.5
radiational,2025,442.7
radiational,2025,439.8
radiational,2025,437
radiational,2025,434.1
radiational,2025,431.3
radiational,2025,428.5
radiational,2025,425.6
radiational,2025,422.8
radiational,2025,493.8
radiational,2025,491
radiational,2025,488.1
radiational,2025,485.3
radiational,2025,445.5
radiational,2025,442.7
radiational,2025,439.8
radiational,2025,437
radiational,2025,434.1
radiational,2025,431.3
radiational,2025,428.5
radiational,2025,425.6
radiational,2025,422.8
radiational,2025,493.8
radiational,2025,491
radiational,2025,488.1
radiational,2025,485.3
radiational,2025,445.5
radiational,2025,442.7
radiational,2025,439.8
radiational,2025,437
radiational,2025,434.1
radiational,2025,431.3
radiational,2025,428.5
radiational,2025,425.6
radiational,2025,422.8
radiational,2025,493.8
radiational,2025,491
radiational,2025,488.1
radiational,2025,485.3
radiational,2025,445.5
radiational,2025,442.7
radiational,2025,439.8
radiational,2025,437
radiational,2025,434.1
radiational,2025,431.3
radiational,2025,428.5
radiational,2025,425.6
radiational,2025,422.8
radiational,2025,493.8
radiational,2025,491
radiational,2025,488.1
radiational,2025,485.3
radiational,2025,445.5
radiational,2025,442.7
radiational,2025,439.8
radiational,2025,437
radiational,2025,434.1
radiational,2025,431.3
radiational,2025,428.5
radiational,2025,425.6
radiational,2025,422.8
radiational,2025,493.8
radiational,2025,491
radiational,2025,488.1
radiational,2025,485.3
radiational,2025,445.5
radiational,2025,442.7
radiational,2025,439.8
radiational,2025,437
radiational,2025,434.1
radiational,2025,431.3
radiational,2025,428.5
radiational,2025,425.6
radiational,2025,422.8
radiational,2025,493.8
radiational,2025,491
radiational,2025,488.1
radiational,2025,485.3
radiational,2025,445.5
radiational,2025,442.7
radiational,2025,439.8
radiational,2025,437
radiational,2025,434.1
radiational,2025,431.3
radiational,2025,428.5
radiational,2025,425.6
radiational,2025,422.8
radiational,2025,493.8
radiational,2025,491
radiational,2025,488.1
radiational,2025,485.3
radiational,2025,445.5
radiational,2025,442.7
radiational,2025,439.8
radiational,2025,437
radiational,2025,434.1
radiational,2025,431.3
radiational,2025,428.5
radiational,2025,425.6
radiational,2025,422.8
radiational,2025,493.8
radiational,2025,491
radiational,2025,488.1
radiational,2025,485.3
radiational,2025,445.5
radiational,2025,442.7
radiational,2025,439.8
radiational,2025,437
radiational,2025,434.1
radiational,2025,431.3
radiational,2025,428.5
radiational,2025,425.6
radiational,2025,422.8
radiational,2025,493.8
radiational,2025,491
radiational,2025,488.1
radiational,2025,485.3
radiational,2025,445.5
radiational,2025,442.7
radiational,2025,439.8
radiational,2025,437
radiational,2025,434.1
radiational,2025,431.3
radiational,2025,428.5
radiational,2025,425.6
radiational,2025,422.8
radiational,2025,493.8
radiational,2025,491
radiational,2025,488.1
radiational,2025,485.3
radiational,2025,445.5
radiational,2025,442.7
radiational,2025,439.8
radiational,2025,437
radiational,2025,434.1
radiational,2025,431.3
radiational,2025,428.5
radiational,2025,425.6
radiational,2025,422.8
radiational,2025,493.8
radiational,2025,491
radiational,2025,488.1
radiational,2025,485.3
radiational,2025,445.5
radiational,2025,442.7
radiational,2025,439.8
radiational,2025,437
radiational,2025,434.1
radiational,2025,431.3
radiational,2025,428.5
radiational,2025,425.6
radiational,2025,422.8
radiational,2025,493.8
radiational,2025,491
radiational,2025,488.1
radiational,2025,485.3
radiational,2025,445.5
radiational,2025,442.7
radiational,2025,439.8
radiational,2025,437
radiational,2025,434.1
radiational,2025,431.3
radiational,2025,428.5
radiational,2025,425.6
radiational,2025,422.8
radiational,2025,419.9
radiational,2025,493.8
radiational,2025,491
radiational,2025,488.1
radiational,2025,485.3
radiational,2025,445.5
radiational,2025,442.7
radiational,2025,439.8
radiational,2025,437
radiational,2025,434.1
radiational,2025,431.3
radiational,2025,428.5
radiational,2025,425.6
radiational,2025,422.8
radiational,2025,419.9
radiational,2025,493.8
radiational,2025,491
radiational,2025,488.1
radiational,2025,485.3
radiational,2025,445.5
radiational,2025,442.7
radiational,2025,439.8
radiational,2025,437
radiational,2025,434.1
radiational,2025,431.3
radiational,2025,428.5
radiational,2025,425.6
radiational,2025,422.8
radiational,2025,419.9
radiational,2025,493.8
radiational,2025,491
radiational,2025,488.1
radiational,2025,485.3
radiational,2025,445.5
radiational,2025,442.7
radiational,2025,439.8
radiational,2025,437
radiational,2025,434.1
radiational,2025,431.3
radiational,2025,428.5
radiational,2025,425.6
radiational,2025,422.8
radiational,2025,419.9
radiational,2025,493.8
radiational,2025,491
radiational,2025,488.1
radiational,2025,485.3
radiational,2025,445.5
radiational,2025,442.7
radiational,2025,439.8
radiational,2025,437
radiational,2025,434.1
radiational,2025,431.3
radiational,2025,428.5
radiational,2025,425.6
radiational,2025,422.8
radiational,2025,419.9
radiational,2025,493.8
radiational,2025,491
radiational,2025,488.1
radiational,2025,485.3
radiational,2025,445.5
radiational,2025,442.7
radiational,2025,439.8
radiational,2025,437
radiational,2025,434.1
radiational,2025,431.3
radiational,2025,428.5
radiational,2025,425.6
radiational,2025,422.8
radiational,2025,419.9
radiational,2025,493.8
radiational,2025,491
radiational,2025,488.1
radiational,2025,485.3
radiational,2025,445.5
radiational,2025,442.7
radiational,2025,439.8
radiational,2025,437
radiational,2025,434.1
radiational,2025,431.3
radiational,2025,428.5
radiational,2025,425.6
radiational,2025,422.8
radiational,2025,419.9
radiational,2025,493.8
radiational,2025,491
radiational,2025,488.1
radiational,2025,485.3
radiational,2025,445.5
radiational,2025,442.7
radiational,2025,439.8
radiational,2025,437
radiational,2025,434.1
radiational,2025,431.3
radiational,2025,428.5
radiational,2025,425.6
radiational,2025,422.8
radiational,2025,419.9
radiational,2025,493.8
radiational,2025,491
radiational,2025,488.1
radiational,2025,485.3
radiational,2025,442.7
radiational,2025,439.8
radiational,2025,437
radiational,2025,434.1
radiational,2025,431.3
radiational,2025,428.5
radiational,2025,425.6
radiational,2025,422.8
radiational,2025,419.9
radiational,2025,493.8
radiational,2025,491
radiational,2025,488.1
radiational,2025,485.3
radiational,2025,442.7
radiational,2025,439.8
radiational,2025,437
radiational,2025,434.1
radiational,2025,431.3
radiational,2025,428.5
radiational,2025,425.6
radiational,2025,422.8
radiational,2025,493.8
radiational,2025,491
radiational,2025,488.1
radiational,2025,485.3
radiational,2025,442.7
radiational,2025,439.8
radiational,2025,437
radiational,2025,434.1
radiational,2025,431.3
radiational,2025,428.5
radiational,2025,425.6
radiational,2025,422.8
