parameter_name,year,value
salinity@015,2010,32.52
salinity@015,2010,32.51
salinity@015,2010,32.5
salinity@015,2010,32.49
salinity@015,2010,32.48
salinity@015,2010,32.46
salinity@015,2010,32.45
salinity@015,2010,32.44
salinity@015,2010,32.43
salinity@015,2010,32.55
salinity@015,2010,32.54
salinity@015,2010,32.52
salinity@015,2010,32.51
salinity@015,2010,32.5
salinity@015,2010,32.49
salinity@015,2010,32.48
salinity@015,2010,32.46
salinity@015,2010,32.45
salinity@015,2010,32.44
salinity@015,2010,32.43
salinity@015,2010,32.55
salinity@015,2010,32.54
salinity@015,2010,32.52
salinity@015,2010,32.51
salinity@015,2010,32.5
salinity@015,2010,32.49
salinity@015,2010,32.48
salinity@015,2010,32.46
salinity@015,2010,32.45
salinity@015,2010,32.44
salinity@015,2010,32.55
salinity@015,2010,32.54
salinity@015,2010,32.52
salinity@015,2010,32.51
salinity@015,2010,32.5
salinity@015,2010,32.49
salinity@015,2010,32.48
salinity@015,2010,32.46
salinity@015,2010,32.45
salinity@015,2010,32.44
salinity@015,2010,33.14
salinity@015,2010,33.13
salinity@015,2010,33.12
salinity@015,2010,33.1
salinity@015,2010,32.56
salinity@015,2010,32.55
salinity@015,2010,32.54
salinity@015,2010,32.52
salinity@015,2010,32.51
salinity@015,2010,32.5
salinity@015,2010,32.49
salinity@015,2010,32.48
salinity@015,2010,32.46
salinity@015,2010,32.45
salinity@015,2010,32.44
salinity@015,2010,33.14
salinity@015,2010,33.13
salinity@015,2010,33.12
salinity@015,2010,33.1
salinity@015,2010,32.56
salinity@015,2010,32.55
salinity@015,2010,32.54
salinity@015,2010,32.52
salinity@015,2010,32.51
salinity@015,2010,32.5
salinity@015,2010,32.49
salinity@015,2010,32.48
salinity@015,2010,32.46
salinity@015,2010,32.45
salinity@015,2010,33.14
salinity@015,2010,33.13
salinity@015,2010,33.12
salinity@015,2010,33.1
salinity@015,2010,32.57
salinity@015,2010,32.56
salinity@015,2010,32.55
salinity@015,2010,32.54
salinity@015,2010,32.52
salinity@015,2010,32.51
salinity@015,2010,32.5
salinity@015,2010,32.49
salinity@015,2010,32.48
salinity@015,2010,32.46
salinity@015,2010,32.45
salinity@015,2010,33.14
salinity@015,2010,33.13
salinity@015,2010,33.12
salinity@015,2010,33.1
salinity@015,2010,32.57
salinity@015,2010,32.56
salinity@015,2010,32.55
salinity@015,2010,32.54
salinity@015,2010,32.52
salinity@015,2010,32.51
salinity@015,2010,32.5
salinity@015,2010,32.49
salinity@015,2010,32.48
salinity@015,2010,32.46
salinity@015,2010,33.14
salinity@015,2010,33.13
salinity@015,2010,33.12
salinity@015,2010,33.1
salinity@015,2010,32.58
salinity@015,2010,32.57
salinity@015,2010,32.56
salinity@015,2010,32.55
salinity@015,2010,32.54
salinity@015,2010,32.52
salinity@015,2010,32.51
salinity@015,2010,32.5
salinity@015,2010,32.49
salinity@015,2010,32.48
salinity@015,2010,32.46
salinity@015,2010,33.14
salinity@015,2010,33.13
salinity@015,2010,33.12
salinity@015,2010,33.1
salinity@015,2010,32.58
salinity@015,2010,32.57
salinity@015,2010,32.56
salinity@015,2010,32.55
salinity@015,2010,32.54
salinity@015,2010,32.52
salinity@015,2010,32.51
salinity@015,2010,32.5
salinity@015,2010,32.49
salinity@015,2010,32.48
salinity@015,2010,33.14
salinity@015,2010,33.13
salinity@015,2010,33.12
salinity@015,2010,33.1
salinity@015,2010,32.58
salinity@015,2010,32.57
salinity@015,2010,32.56
salinity@015,2010,32.55
salinity@015,2010,32.54
salinity@015,2010,32.52
salinity@015,2010,32.51
salinity@015,2010,32.5
salinity@015,2010,32.49
salinity@015,2010,32.48
salinity@015,2010,33.14
salinity@015,2010,33.13
salinity@015,2010,33.12
salinity@015,2010,33.1
salinity@015,2010,32.6
salinity@015,2010,32.58
salinity@015,2010,32.57
salinity@015,2010,32.56
salinity@015,2010,32.55
salinity@015,2010,32.54
salinity@015,2010,32.52
salinity@015,2010,32.51
salinity@015,2010,32.5
salinity@015,2010,32.49
salinity@015,2010,32.48
salinity@015,2010,33.14
salinity@015,2010,33.13
salinity@015,2010,33.12
salinity@015,2010,33.1
salinity@015,2010,32.6
salinity@015,2010,32.58
salinity@015,2010,32.57
salinity@015,2010,32.56
salinity@015,2010,32.55
salinity@015,2010,32.54
salinity@015,2010,32.52
salinity@015,2010,32.51
salinity@015,2010,32.5
salinity@015,2010,32.49
salinity@015,2010,33.14
salinity@015,2010,33.13
salinity@015,2010,33.12
salinity@015,2010,33.1
salinity@015,2010,32.6
salinity@015,2010,32.58
salinity@015,2010,32.57
salinity@015,2010,32.56
salinity@015,2010,32.55
salinity@015,2010,32.54
salinity@015,2010,32.52
salinity@015,2010,32.51
salinity@015,2010,32.5
salinity@015,2010,32.49
salinity@015,2010,33.14
salinity@015,2010,33.13
salinity@015,2010,33.12
salinity@015,2010,33.1
salinity@015,2010,32.6
salinity@015,2010,32.58
salinity@015,2010,32.57
salinity@015,2010,32.56
salinity@015,2010,32.55
salinity@015,2010,32.54
salinity@015,2010,32.52
salinity@015,2010,32.51
salinity@015,2010,32.5
salinity@015,2010,32.49
salinity@015,2010,33.14
salinity@015,2010,33.13
salinity@015,2010,33.12
salinity@015,2010,33.1
salinity@015,2010,32.6
salinity@015,2010,32.58
salinity@015,2010,32.57
salinity@015,2010,32.56
salinity@015,2010,32.55
salinity@015,2010,32.54
salinity@015,2010,32.52
salinity@015,2010,32.51
salinity@015,2010,32.5
salinity@015,2010,32.49
salinity@015,2010,33.14
salinity@015,2010,33.13
salinity@015,2010,33.12
salinity@015,2010,33.1
salinity@015,2010,32.58
salinity@015,2010,32.57
salinity@015,2010,32.56
salinity@015,2010,32.55
salinity@015,2010,32.54
salinity@015,2010,32.52
salinity@015,2010,32.51
salinity@015,2010,32.5
salinity@015,2010,32.49
salinity@015,2010,32.48
salinity@015,2010,33.14
salinity@015,2010,33.13
salinity@015,2010,33.12
salinity@015,2010,33.1
salinity@015,2010,32.58
salinity@015,2010,32.57
salinity@015,2010,32.56
salinity@015,2010,32.55
salinity@015,2010,32.54
salinity@015,2010,32.52
salinity@015,2010,32.51
salinity@015,2010,32.5
salinity@015,2010,32.49
salinity@015,2010,32.48
salinity@015,2010,33.14
salinity@015,2010,33.13
salinity@015,2010,33.12
salinity@015,2010,33.1
salinity@015,2010,32.58
salinity@015,2010,32.57
salinity@015,2010,32.56
salinity@015,2010,32.55
salinity@015,2010,32.54
salinity@015,2010,32.52
salinity@015,2010,32.51
salinity@015,2010,32.5
salinity@015,2010,32.49
salinity@015,2010,32.48
salinity@015,2010,33.14
salinity@015,2010,33.13
salinity@015,2010,33.12
salinity@015,2010,33.1
salinity@015,2010,32.57
salinity@015,2010,32.56
salinity@015,2010,32.55
salinity@015,2010,32.54
salinity@015,2010,32.52
salinity@015,2010,32.51
salinity@015,2010,32.5
salinity@015,2010,32.49
salinity@015,2010,32.48
salinity@015,2010,32.46
salinity@015,2010,33.14
salinity@015,2010,33.13
salinity@015,2010,33.12
salinity@015,2010,33.1
salinity@015,2010,32.57
salinity@015,2010,32.56
salinity@015,2010,32.55
salinity@015,2010,32.54
salinity@015,2010,32.52
salinity@015,2010,32.51
salinity@015,2010,32.5
salinity@015,2010,32.49
salinity@015,2010,32.48
salinity@015,2010,32.46
salinity@015,2010,33.14
salinity@015,2010,33.13
salinity@015,2010,33.12
salinity@015,2010,33.1
salinity@015,2010,32.57
salinity@015,2010,32.56
salinity@015,2010,32.55
salinity@015,2010,32.54
salinity@015,2010,32.52
salinity@015,2010,32.51
salinity@015,2010,32.5
salinity@015,2010,32.49
salinity@015,2010,32.48
salinity@015,2010,32.46
salinity@015,2010,33.14
salinity@015,2010,33.13
salinity@015,2010,33.12
salinity@015,2010,33.1
salinity@015,2010,32.56
salinity@015,2010,32.55
salinity@015,2010,32.54
salinity@015,2010,32.52
salinity@015,2010,32.51
salinity@015,2010,32.5
salinity@015,2010,32.49
salinity@015,2010,32.48
salinity@015,2010,32.46
salinity@015,2010,32.45
salinity@015,2010,33.14
salinity@015,2010,33.13
salinity@015,2010,33.12
salinity@015,2010,33.1
salinity@015,2010,32.56
salinity@015,2010,32.55
salinity@015,2010,32.54
salinity@015,2010,32.52
salinity@015,2010,32.51
salinity@015,2010,32.5
salinity@015,2010,32.49
salinity@015,2010,32.48
salinity@015,2010,32.46
salinity@015,2010,32.45
salinity@015,2010,33.14
salinity@015,2010,33.13
salinity@015,2010,33.12
salinity@015,2010,33.1
salinity@015,2010,32.56
salinity@015,2010,32.55
salinity@015,2010,32.54
salinity@015,2010,32.52
salinity@015,2010,32.51
salinity@015,2010,32.5
salinity@015,2010,32.49
salinity@015,2010,32.48
salinity@015,2010,32.46
salinity@015,2010,32.45
salinity@015,2010,33.14
salinity@015,2010,33.13
salinity@015,2010,33.12
salinity@015,2010,33.1
salinity@015,2010,32.58
salinity@015,2010,32.57
salinity@015,2010,32.56
salinity@015,2010,32.55
salinity@015,2010,32.54
salinity@015,2010,32.52
salinity@015,2010,32.51
salinity@015,2010,32.5
salinity@015,2010,32.49
salinity@015,2010,32.48
salinity@015,2010,32.46
salinity@015,2010,32.45
salinity@015,2010,32.44
salinity@015,2010,33.14
salinity@015,2010,33.13
salinity@015,2010,33.12
salinity@015,2010,33.1
salinity@015,2010,32.61
salinity@015,2010,32.6
salinity@015,2010,32.58
salinity@015,2010,32.57
salinity@015,2010,32.56
salinity@015,2010,32.55
salinity@015,2010,32.54
salinity@015,2010,32.52
salinity@015,2010,32.51
salinity@015,2010,32.5
salinity@015,2010,32.49
salinity@015,2010,32.48
salinity@015,2010,32.46
salinity@015,2010,32.45
salinity@015,2010,32.44
salinity@015,2010,33.14
salinity@015,2010,33.13
salinity@015,2010,33.12
salinity@015,2010,33.1
salinity@015,2010,32.62
salinity@015,2010,32.61
salinity@015,2010,32.6
salinity@015,2010,32.58
salinity@015,2010,32.57
salinity@015,2010,32.56
salinity@015,2010,32.55
salinity@015,2010,32.54
salinity@015,2010,32.52
salinity@015,2010,32.51
salinity@015,2010,32.5
salinity@015,2010,32.49
salinity@015,2010,32.48
salinity@015,2010,32.46
salinity@015,2010,32.45
salinity@015,2010,32.44
salinity@015,2010,33.14
salinity@015,2010,33.13
salinity@015,2010,33.12
salinity@015,2010,33.1
salinity@015,2010,32.65
salinity@015,2010,32.63
salinity@015,2010,32.62
salinity@015,2010,32.61
salinity@015,2010,32.6
salinity@015,2010,32.58
salinity@015,2010,32.57
salinity@015,2010,32.56
salinity@015,2010,32.55
salinity@015,2010,32.54
salinity@015,2010,32.52
salinity@015,2010,32.51
salinity@015,2010,32.5
salinity@015,2010,32.49
salinity@015,2010,32.48
salinity@015,2010,32.46
salinity@015,2010,32.45
salinity@015,2010,33.14
salinity@015,2010,33.13
salinity@015,2010,33.12
salinity@015,2010,33.1
salinity@015,2010,32.66
salinity@015,2010,32.65
salinity@015,2010,32.63
salinity@015,2010,32.62
salinity@015,2010,32.61
salinity@015,2010,32.6
salinity@015,2010,32.58
salinity@015,2010,32.57
salinity@015,2010,32.56
salinity@015,2010,32.55
salinity@015,2010,32.54
salinity@015,2010,32.52
salinity@015,2010,32.51
salinity@015,2010,32.5
salinity@015,2010,32.49
salinity@015,2010,32.48
salinity@015,2010,32.46
salinity@015,2010,33.14
salinity@015,2010,33.13
salinity@015,2010,33.12
salinity@015,2010,33.1
salinity@015,2010,32.68
salinity@015,2010,32.67
salinity@015,2010,32.66
salinity@015,2010,32.65
salinity@015,2010,32.63
salinity@015,2010,32.62
salinity@015,2010,32.61
salinity@015,2010,32.6
salinity@015,2010,32.58
salinity@015,2010,32.57
salinity@015,2010,32.56
salinity@015,2010,32.55
salinity@015,2010,32.54
salinity@015,2010,32.52
salinity@015,2010,32.51
salinity@015,2010,32.5
salinity@015,2010,32.49
salinity@015,2010,32.48
salinity@015,2010,33.14
salinity@015,2010,33.13
salinity@015,2010,33.12
salinity@015,2010,33.1
salinity@015,2010,32.71
salinity@015,2010,32.69
salinity@015,2010,32.68
salinity@015,2010,32.67
salinity@015,2010,32.66
salinity@015,2010,32.65
salinity@015,2010,32.63
salinity@015,2010,32.62
salinity@015,2010,32.61
salinity@015,2010,32.6
salinity@015,2010,32.58
salinity@015,2010,32.57
salinity@015,2010,32.56
salinity@015,2010,32.55
salinity@015,2010,32.54
salinity@015,2010,32.52
salinity@015,2010,32.51
salinity@015,2010,32.5
salinity@015,2010,33.14
salinity@015,2010,33.13
salinity@015,2010,33.12
salinity@015,2010,33.1
salinity@015,2010,32.72
salinity@015,2010,32.71
salinity@015,2010,32.69
salinity@015,2010,32.68
salinity@015,2010,32.67
salinity@015,2010,32.66
salinity@015,2010,32.65
salinity@015,2010,32.63
salinity@015,2010,32.62
salinity@015,2010,32.61
salinity@015,2010,32.6
salinity@015,2010,32.58
salinity@015,2010,32.57
salinity@015,2010,32.56
salinity@015,2010,32.55
salinity@015,2010,32.54
salinity@015,2010,32.52
salinity@015,2010,32.51
salinity@015,2010,33.14
salinity@015,2010,33.13
salinity@015,2010,33.12
salinity@015,2010,33.1
salinity@015,2010,32.74
salinity@015,2010,32.73
salinity@015,2010,32.72
salinity@015,2010,32.71
salinity@015,2010,32.69
salinity@015,2010,32.68
salinity@015,2010,32.67
salinity@015,2010,32.66
salinity@015,2010,32.65
salinity@015,2010,32.63
salinity@015,2010,32.62
salinity@015,2010,32.61
salinity@015,2010,32.6
salinity@015,2010,32.58
salinity@015,2010,32.57
salinity@015,2010,32.56
salinity@015,2010,32.55
salinity@015,2010,32.54
salinity@015,2010,33.14
salinity@015,2010,33.13
salinity@015,2010,33.12
salinity@015,2010,33.1
salinity@015,2010,32.77
salinity@015,2010,32.75
salinity@015,2010,32.74
salinity@015,2010,32.73
salinity@015,2010,32.72
salinity@015,2010,32.71
salinity@015,2010,32.69
salinity@015,2010,32.68
salinity@015,2010,32.67
salinity@015,2010,32.66
salinity@015,2010,32.65
salinity@015,2010,32.63
salinity@015,2010,32.62
salinity@015,2010,32.61
salinity@015,2010,32.6
salinity@015,2010,32.58
salinity@015,2010,32.57
salinity@015,2010,32.56
salinity@015,2010,32.55
salinity@015,2010,33.14
salinity@015,2010,33.13
salinity@015,2010,33.12
salinity@015,2010,33.1
salinity@015,2010,32.78
salinity@015,2010,32.77
salinity@015,2010,32.75
salinity@015,2010,32.74
salinity@015,2010,32.73
salinity@015,2010,32.72
salinity@015,2010,32.71
salinity@015,2010,32.69
salinity@015,2010,32.68
salinity@015,2010,32.67
salinity@015,2010,32.66
salinity@015,2010,32.65
salinity@015,2010,32.63
salinity@015,2010,32.62
salinity@015,2010,32.61
salinity@015,2010,32.6
salinity@015,2010,32.58
salinity@015,2010,32.57
salinity@015,2010,33.14
salinity@015,2010,33.13
salinity@015,2010,33.12
salinity@015,2010,33.1
salinity@015,2010,32.79
salinity@015,2010,32.78
salinity@015,2010,32.77
salinity@015,2010,32.75
salinity@015,2010,32.74
salinity@015,2010,32.73
salinity@015,2010,32.72
salinity@015,2010,32.71
salinity@015,2010,32.69
salinity@015,2010,32.68
salinity@015,2010,32.67
salinity@015,2010,32.66
salinity@015,2010,32.65
salinity@015,2010,32.63
salinity@015,2010,32.62
salinity@015,2010,32.61
salinity@015,2010,32.6
salinity@015,2010,33.14
salinity@015,2010,33.13
salinity@015,2010,33.12
salinity@015,2010,33.1
salinity@015,2010,32.8
salinity@015,2010,32.79
salinity@015,2010,32.78
salinity@015,2010,32.77
salinity@015,2010,32.75
salinity@015,2010,32.74
salinity@015,2010,32.73
salinity@015,2010,32.72
salinity@015,2010,32.71
salinity@015,2010,32.69
salinity@015,2010,32.68
salinity@015,2010,32.67
salinity@015,2010,32.66
salinity@015,2010,32.65
salinity@015,2010,32.63
salinity@015,2010,32.62
salinity@015,2010,32.61
salinity@015,2010,33.14
salinity@015,2010,33.13
salinity@015,2010,33.12
salinity@015,2010,33.1
salinity@015,2010,32.8
salinity@015,2010,32.79
salinity@015,2010,32.78
salinity@015,2010,32.77
salinity@015,2010,32.75
salinity@015,2010,32.74
salinity@015,2010,32.73
salinity@015,2010,32.72
salinity@015,2010,32.71
salinity@015,2010,32.69
salinity@015,2010,32.68
salinity@015,2010,32.67
salinity@015,2010,32.66
salinity@015,2010,32.65
salinity@015,2010,32.63
salinity@015,2010,33.14
salinity@015,2010,33.13
salinity@015,2010,33.12
salinity@015,2010,33.1
salinity@015,2010,32.8
salinity@015,2010,32.79
salinity@015,2010,32.78
salinity@015,2010,32.77
salinity@015,2010,32.75
salinity@015,2010,32.74
salinity@015,2010,32.73
salinity@015,2010,32.72
salinity@015,2010,32.71
salinity@015,2010,32.69
salinity@015,2010,32.68
salinity@015,2010,32.67
salinity@015,2010,32.66
salinity@015,2010,33.14
salinity@015,2010,33.13
salinity@015,2010,33.12
salinity@015,2010,33.1
salinity@015,2010,32.8
salinity@015,2010,32.79
salinity@015,2010,32.78
salinity@015,2010,32.77
salinity@015,2010,32.75
salinity@015,2010,32.74
salinity@015,2010,32.73
salinity@015,2010,32.72
salinity@015,2010,32.71
salinity@015,2010,32.69
salinity@015,2010,32.68
salinity@015,2010,32.67
salinity@015,2010,33.14
salinity@015,2010,33.13
salinity@015,2010,33.12
salinity@015,2010,33.1
salinity@015,2010,32.8
salinity@015,2010,32.79
salinity@015,2010,32.78
salinity@015,2010,32.77
salinity@015,2010,32.75
salinity@015,2010,32.74
salinity@015,2010,32.73
salinity@015,2010,32.72
salinity@015,2010,32.71
salinity@015,2010,32.69
salinity@015,2010,32.68
salinity@015,2010,32.67
salinity@015,2010,32.66
salinity@015,2010,33.14
salinity@015,2010,33.13
salinity@015,2010,33.12
salinity@015,2010,33.1
salinity@015,2010,32.79
salinity@015,2010,32.78
salinity@015,2010,32.77
salinity@015,2010,32.75
salinity@015,2010,32.74
salinity@015,2010,32.73
salinity@015,2010,32.72
salinity@015,2010,32.71
salinity@015,2010,32.69
salinity@015,2010,32.68
salinity@015,2010,32.67
salinity@015,2010,32.66
salinity@015,2010,32.65
salinity@015,2010,33.14
salinity@015,2010,33.13
salinity@015,2010,33.12
salinity@015,2010,33.1
salinity@015,2010,32.78
salinity@015,2010,32.77
salinity@015,2010,32.75
salinity@015,2010,32.74
salinity@015,2010,32.73
salinity@015,2010,32.72
salinity@015,2010,32.71
salinity@015,2010,32.69
salinity@015,2010,32.68
salinity@015,2010,32.67
salinity@015,2010,32.66
salinity@015,2010,32.65
salinity@015,2010,33.14
salinity@015,2010,33.13
salinity@015,2010,33.12
salinity@015,2010,33.1
salinity@015,2010,32.77
salinity@015,2010,32.75
salinity@015,2010,32.74
salinity@015,2010,32.73
salinity@015,2010,32.72
salinity@015,2010,32.71
salinity@015,2010,32.69
salinity@015,2010,32.68
salinity@015,2010,32.67
salinity@015,2010,32.66
salinity@015,2010,32.65
salinity@015,2010,32.63
salinity@015,2010,33.14
salinity@015,2010,33.13
salinity@015,2010,33.12
salinity@015,2010,33.1
salinity@015,2010,32.77
salinity@015,2010,32.75
salinity@015,2010,32.74
salinity@015,2010,32.73
salinity@015,2010,32.72
salinity@015,2010,32.71
salinity@015,2010,32.69
salinity@015,2010,32.68
salinity@015,2010,32.67
salinity@015,2010,32.66
salinity@015,2010,32.65
salinity@015,2010,32.63
salinity@015,2010,32.62
salinity@015,2010,33.14
salinity@015,2010,33.13
salinity@015,2010,33.12
salinity@015,2010,33.1
salinity@015,2010,32.75
salinity@015,2010,32.74
salinity@015,2010,32.73
salinity@015,2010,32.72
salinity@015,2010,32.71
salinity@015,2010,32.69
salinity@015,2010,32.68
salinity@015,2010,32.67
salinity@015,2010,32.66
salinity@015,2010,32.65
salinity@015,2010,32.63
salinity@015,2010,32.62
salinity@015,2010,32.61
salinity@015,2010,33.14
salinity@015,2010,33.13
salinity@015,2010,33.12
salinity@015,2010,33.1
salinity@015,2010,32.74
salinity@015,2010,32.73
salinity@015,2010,32.72
salinity@015,2010,32.71
salinity@015,2010,32.69
salinity@015,2010,32.68
salinity@015,2010,32.67
salinity@015,2010,32.66
salinity@015,2010,32.65
salinity@015,2010,32.63
salinity@015,2010,32.62
salinity@015,2010,32.61
salinity@015,2010,32.6
salinity@015,2010,33.14
salinity@015,2010,33.13
salinity@015,2010,33.12
salinity@015,2010,33.1
salinity@015,2010,32.73
salinity@015,2010,32.72
salinity@015,2010,32.71
salinity@015,2010,32.69
salinity@015,2010,32.68
salinity@015,2010,32.67
salinity@015,2010,32.66
salinity@015,2010,32.65
salinity@015,2010,32.63
salinity@015,2010,32.62
salinity@015,2010,32.61
salinity@015,2010,32.6
salinity@015,2010,32.58
salinity@015,2010,33.14
salinity@015,2010,33.13
salinity@015,2010,33.12
salinity@015,2010,33.1
salinity@015,2010,32.72
salinity@015,2010,32.71
salinity@015,2010,32.69
salinity@015,2010,32.68
salinity@015,2010,32.67
salinity@015,2010,32.66
salinity@015,2010,32.65
salinity@015,2010,32.63
salinity@015,2010,32.62
salinity@015,2010,32.61
salinity@015,2010,32.6
salinity@015,2010,32.58
salinity@015,2010,32.57
salinity@015,2010,32.56
salinity@015,2010,33.13
salinity@015,2010,33.12
salinity@015,2010,33.1
salinity@015,2010,32.71
salinity@015,2010,32.69
salinity@015,2010,32.68
salinity@015,2010,32.67
salinity@015,2010,32.66
salinity@015,2010,32.65
salinity@015,2010,32.63
salinity@015,2010,32.62
salinity@015,2010,32.61
salinity@015,2010,32.6
salinity@015,2010,32.58
salinity@015,2010,32.57
salinity@015,2010,32.56
salinity@015,2010,32.55
salinity@015,2010,32.54
salinity@015,2010,32.52
salinity@015,2010,33.12
salinity@015,2010,33.1
salinity@015,2010,32.69
salinity@015,2010,32.68
salinity@015,2010,32.67
salinity@015,2010,32.66
salinity@015,2010,32.65
salinity@015,2010,32.63
salinity@015,2010,32.62
salinity@015,2010,32.61
salinity@015,2010,32.6
salinity@015,2010,32.58
salinity@015,2010,32.57
salinity@015,2010,32.56
salinity@015,2010,32.55
salinity@015,2010,32.54
salinity@015,2010,32.52
salinity@015,2010,32.51
salinity@015,2010,32.5
salinity@015,2010,33.1
salinity@015,2010,32.68
salinity@015,2010,32.67
salinity@015,2010,32.66
salinity@015,2010,32.65
salinity@015,2010,32.63
salinity@015,2010,32.62
salinity@015,2010,32.61
salinity@015,2010,32.6
salinity@015,2010,32.58
salinity@015,2010,32.57
salinity@015,2010,32.56
salinity@015,2010,32.55
salinity@015,2010,32.54
salinity@015,2010,32.52
salinity@015,2010,32.51
salinity@015,2010,32.5
salinity@015,2010,32.49
salinity@015,2010,32.48
salinity@015,2010,32.46
salinity@015,2010,32.67
salinity@015,2010,32.66
salinity@015,2010,32.65
salinity@015,2010,32.63
salinity@015,2010,32.62
salinity@015,2010,32.61
salinity@015,2010,32.6
salinity@015,2010,32.58
salinity@015,2010,32.57
salinity@015,2010,32.56
salinity@015,2010,32.55
salinity@015,2010,32.54
salinity@015,2010,32.52
salinity@015,2010,32.51
salinity@015,2010,32.5
salinity@015,2010,32.49
salinity@015,2010,32.48
salinity@015,2010,32.46
salinity@015,2010,32.45
salinity@015,2010,32.44
salinity@015,2010,32.66
salinity@015,2010,32.65
salinity@015,2010,32.63
salinity@015,2010,32.62
salinity@015,2010,32.61
salinity@015,2010,32.6
salinity@015,2010,32.58
salinity@015,2010,32.57
salinity@015,2010,32.56
salinity@015,2010,32.55
salinity@015,2010,32.54
salinity@015,2010,32.52
salinity@015,2010,32.51
salinity@015,2010,32.5
salinity@015,2010,32.49
salinity@015,2010,32.48
salinity@015,2010,32.46
salinity@015,2010,32.45
salinity@015,2010,32.44
salinity@015,2010,32.43
salinity@015,2010,32.42
salinity@015,2010,32.4
salinity@015,2010,32.66
salinity@015,2010,32.65
salinity@015,2010,32.63
salinity@015,2010,32.62
salinity@015,2010,32.61
salinity@015,2010,32.6
salinity@015,2010,32.58
salinity@015,2010,32.57
salinity@015,2010,32.56
salinity@015,2010,32.55
salinity@015,2010,32.54
salinity@015,2010,32.52
salinity@015,2010,32.51
salinity@015,2010,32.5
salinity@015,2010,32.49
salinity@015,2010,32.48
salinity@015,2010,32.46
salinity@015,2010,32.45
salinity@015,2010,32.44
salinity@015,2010,32.43
salinity@015,2010,32.42
salinity@015,2010,32.4
salinity@015,2010,32.39
salinity@015,2010,32.38
salinity@015,2010,32.63
salinity@015,2010,32.62
salinity@015,2010,32.61
salinity@015,2010,32.6
salinity@015,2010,32.58
salinity@015,2010,32.57
salinity@015,2010,32.56
salinity@015,2010,32.55
salinity@015,2010,32.54
salinity@015,2010,32.52
salinity@015,2010,32.51
salinity@015,2010,32.5
salinity@015,2010,32.49
salinity@015,2010,32.48
salinity@015,2010,32.46
salinity@015,2010,32.45
salinity@015,2010,32.44
salinity@015,2010,32.43
salinity@015,2010,32.42
salinity@015,2010,32.4
salinity@015,2010,32.39
salinity@015,2010,32.38
salinity@015,2010,32.37
salinity@015,2010,32.36
salinity@015,2010,32.34
salinity@015,2010,32.62
salinity@015,2010,32.61
salinity@015,2010,32.6
salinity@015,2010,32.58
salinity@015,2010,32.57
salinity@015,2010,32.56
salinity@015,2010,32.55
salinity@015,2010,32.54
salinity@015,2010,32.52
salinity@015,2010,32.51
salinity@015,2010,32.5
salinity@015,2010,32.49
salinity@015,2010,32.48
salinity@015,2010,32.46
salinity@015,2010,32.45
salinity@015,2010,32.44
salinity@015,2010,32.43
salinity@015,2010,32.42
salinity@015,2010,32.4
salinity@015,2010,32.39
salinity@015,2010,32.38
salinity@015,2010,32.37
salinity@015,2010,32.36
salinity@015,2010,32.34
salinity@015,2010,32.33
salinity@015,2010,32.32
salinity@015,2010,32.58
salinity@015,2010,32.57
salinity@015,2010,32.56
salinity@015,2010,32.55
salinity@015,2010,32.54
salinity@015,2010,32.52
salinity@015,2010,32.51
salinity@015,2010,32.5
salinity@015,2010,32.49
salinity@015,2010,32.48
salinity@015,2010,32.46
salinity@015,2010,32.45
salinity@015,2010,32.44
salinity@015,2010,32.43
salinity@015,2010,32.42
salinity@015,2010,32.4
salinity@015,2010,32.39
salinity@015,2010,32.38
salinity@015,2010,32.37
salinity@015,2010,32.36
salinity@015,2010,32.34
salinity@015,2010,32.33
salinity@015,2010,32.32
salinity@015,2010,32.31
salinity@015,2010,32.29
salinity@015,2010,32.28
salinity@015,2010,32.55
salinity@015,2010,32.54
salinity@015,2010,32.52
salinity@015,2010,32.51
salinity@015,2010,32.5
salinity@015,2010,32.49
salinity@015,2010,32.48
salinity@015,2010,32.46
salinity@015,2010,32.45
salinity@015,2010,32.44
salinity@015,2010,32.43
salinity@015,2010,32.42
salinity@015,2010,32.4
salinity@015,2010,32.39
salinity@015,2010,32.38
salinity@015,2010,32.37
salinity@015,2010,32.36
salinity@015,2010,32.34
salinity@015,2010,32.33
salinity@015,2010,32.32
salinity@015,2010,32.31
salinity@015,2010,32.29
salinity@015,2010,32.28
salinity@015,2010,32.27
salinity@015,2010,32.26
salinity@015,2010,32.25
salinity@015,2010,32.52
salinity@015,2010,32.51
salinity@015,2010,32.5
salinity@015,2010,32.49
salinity@015,2010,32.48
salinity@015,2010,32.46
salinity@015,2010,32.45
salinity@015,2010,32.44
salinity@015,2010,32.43
salinity@015,2010,32.42
salinity@015,2010,32.4
salinity@015,2010,32.39
salinity@015,2010,32.38
salinity@015,2010,32.37
salinity@015,2010,32.36
salinity@015,2010,32.34
salinity@015,2010,32.33
salinity@015,2010,32.32
salinity@015,2010,32.31
salinity@015,2010,32.29
salinity@015,2010,32.28
salinity@015,2010,32.27
salinity@015,2010,32.26
salinity@015,2010,32.25
salinity@015,2010,32.23
salinity@015,2010,32.22
salinity@015,2010,32.49
salinity@015,2010,32.48
salinity@015,2010,32.46
salinity@015,2010,32.45
salinity@015,2010,32.44
salinity@015,2010,32.43
salinity@015,2010,32.42
salinity@015,2010,32.4
salinity@015,2010,32.39
salinity@015,2010,32.38
salinity@015,2010,32.37
salinity@015,2010,32.36
salinity@015,2010,32.34
salinity@015,2010,32.33
salinity@015,2010,32.32
salinity@015,2010,32.31
salinity@015,2010,32.29
salinity@015,2010,32.28
salinity@015,2010,32.27
salinity@015,2010,32.26
salinity@015,2010,32.25
salinity@015,2010,32.23
salinity@015,2010,32.22
salinity@015,2010,32.21
salinity@015,2010,32.46
salinity@015,2010,32.45
salinity@015,2010,32.44
salinity@015,2010,32.43
salinity@015,2010,32.42
salinity@015,2010,32.4
salinity@015,2010,32.39
salinity@015,2010,32.38
salinity@015,2010,32.37
salinity@015,2010,32.36
salinity@015,2010,32.34
salinity@015,2010,32.33
salinity@015,2010,32.32
salinity@015,2010,32.31
salinity@015,2010,32.29
salinity@015,2010,32.28
salinity@015,2010,32.27
salinity@015,2010,32.26
salinity@015,2010,32.25
salinity@015,2010,32.23
salinity@015,2010,32.22
salinity@015,2010,32.21
salinity@015,2010,32.2
salinity@015,2010,32.43
salinity@015,2010,32.42
salinity@015,2010,32.4
salinity@015,2010,32.39
salinity@015,2010,32.38
salinity@015,2010,32.37
salinity@015,2010,32.36
salinity@015,2010,32.34
salinity@015,2010,32.33
salinity@015,2010,32.32
salinity@015,2010,32.31
salinity@015,2010,32.29
salinity@015,2010,32.28
salinity@015,2010,32.27
salinity@015,2010,32.26
salinity@015,2010,32.25
salinity@015,2010,32.23
salinity@015,2010,32.22
salinity@015,2010,32.21
salinity@015,2010,32.2
salinity@015,2010,32.19
salinity@015,2010,32.4
salinity@015,2010,32.39
salinity@015,2010,32.38
salinity@015,2010,32.37
salinity@015,2010,32.36
salinity@015,2010,32.34
salinity@015,2010,32.33
salinity@015,2010,32.32
salinity@015,2010,32.31
salinity@015,2010,32.29
salinity@015,2010,32.28
salinity@015,2010,32.27
salinity@015,2010,32.26
salinity@015,2010,32.25
salinity@015,2010,32.23
salinity@015,2010,32.22
salinity@015,2010,32.21
salinity@015,2010,32.2
salinity@015,2010,32.19
salinity@015,2010,32.37
salinity@015,2010,32.36
salinity@015,2010,32.34
salinity@015,2010,32.33
salinity@015,2010,32.32
salinity@015,2010,32.31
salinity@015,2010,32.29
salinity@015,2010,32.28
salinity@015,2010,32.27
salinity@015,2010,32.26
salinity@015,2010,32.25
salinity@015,2010,32.23
salinity@015,2010,32.22
salinity@015,2010,32.21
salinity@015,2010,32.2
salinity@015,2010,32.19
salinity@015,2010,32.34
salinity@015,2010,32.33
salinity@015,2010,32.32
salinity@015,2010,32.31
salinity@015,2010,32.29
salinity@015,2010,32.28
salinity@015,2010,32.27
salinity@015,2010,32.26
salinity@015,2010,32.25
salinity@015,2010,32.23
salinity@015,2010,32.22
salinity@015,2010,32.21
salinity@015,2010,32.2
salinity@015,2010,32.19
salinity@015,2010,32.31
salinity@015,2010,32.29
salinity@015,2010,32.28
salinity@015,2010,32.27
salinity@015,2010,32.26
salinity@015,2010,32.25
salinity@015,2010,32.23
salinity@015,2010,32.22
salinity@015,2010,32.21
salinity@015,2010,32.2
salinity@015,2010,32.19
salinity@015,2010,32.29
salinity@015,2010,32.28
salinity@015,2010,32.27
salinity@015,2010,32.26
salinity@015,2010,32.25
salinity@015,2010,32.23
salinity@015,2010,32.22
salinity@015,2010,32.21
salinity@015,2010,32.2
salinity@015,2010,32.19
salinity@015,2010,32.28
salinity@015,2010,32.27
salinity@015,2010,32.26
salinity@015,2010,32.25
salinity@015,2010,32.23
salinity@015,2010,32.22
salinity@015,2010,32.21
salinity@015,2010,32.2
salinity@015,2010,32.19
salinity@015,2010,32.28
salinity@015,2010,32.27
salinity@015,2010,32.26
salinity@015,2010,32.25
salinity@015,2010,32.23
salinity@015,2010,32.22
salinity@015,2010,32.21
salinity@015,2010,32.2
salinity@015,2010,32.19
salinity@015,2010,32.28
salinity@015,2010,32.27
salinity@015,2010,32.26
salinity@015,2010,32.25
salinity@015,2010,32.23
salinity@015,2010,32.22
salinity@015,2010,32.21
salinity@015,2010,32.2
salinity@015,2010,32.19
salinity@015,2010,32.28
salinity@015,2010,32.27
salinity@015,2010,32.26
salinity@015,2010,32.25
salinity@015,2010,32.23
salinity@015,2010,32.22
salinity@015,2010,32.21
salinity@015,2010,32.2
salinity@015,2010,32.19
salinity@015,2010,32.28
salinity@015,2010,32.27
salinity@015,2010,32.26
salinity@015,2010,32.25
salinity@015,2010,32.23
salinity@015,2010,32.22
salinity@015,2010,32.21
salinity@015,2010,32.2
salinity@015,2010,32.19
salinity@015,2010,32.28
salinity@015,2010,32.27
salinity@015,2010,32.26
salinity@015,2010,32.25
salinity@015,2010,32.23
salinity@015,2010,32.22
salinity@015,2010,32.21
salinity@015,2010,32.2
salinity@015,2010,32.19
salinity@015,2010,32.17
salinity@015,2010,32.28
salinity@015,2010,32.27
salinity@015,2010,32.26
salinity@015,2010,32.25
salinity@015,2010,32.23
salinity@015,2010,32.22
salinity@015,2010,32.21
salinity@015,2010,32.2
salinity@015,2010,32.19
salinity@015,2010,32.17
salinity@015,2010,32.28
salinity@015,2010,32.27
salinity@015,2010,32.26
salinity@015,2010,32.25
salinity@015,2010,32.23
salinity@015,2010,32.22
salinity@015,2010,32.21
salinity@015,2010,32.2
salinity@015,2010,32.19
salinity@015,2010,32.17
salinity@015,2010,32.16
salinity@015,2010,32.28
salinity@015,2010,32.27
salinity@015,2010,32.26
salinity@015,2010,32.25
salinity@015,2010,32.23
salinity@015,2010,32.22
salinity@015,2010,32.21
salinity@015,2010,32.2
salinity@015,2010,32.19
salinity@015,2010,32.17
salinity@015,2010,32.16
salinity@015,2010,32.15
salinity@015,2010,32.14
salinity@015,2010,32.28
salinity@015,2010,32.27
salinity@015,2010,32.26
salinity@015,2010,32.25
salinity@015,2010,32.23
salinity@015,2010,32.22
salinity@015,2010,32.21
salinity@015,2010,32.2
salinity@015,2010,32.19
salinity@015,2010,32.17
salinity@015,2010,32.16
salinity@015,2010,32.15
salinity@015,2010,32.14
salinity@015,2010,32.13
salinity@015,2010,32.28
salinity@015,2010,32.27
salinity@015,2010,32.26
salinity@015,2010,32.25
salinity@015,2010,32.23
salinity@015,2010,32.22
salinity@015,2010,32.21
salinity@015,2010,32.2
salinity@015,2010,32.19
salinity@015,2010,32.17
salinity@015,2010,32.16
salinity@015,2010,32.15
salinity@015,2010,32.14
salinity@015,2010,32.13
salinity@015,2010,32.11
salinity@015,2010,32.1
salinity@015,2010,32.27
salinity@015,2010,32.26
salinity@015,2010,32.25
salinity@015,2010,32.23
salinity@015,2010,32.22
salinity@015,2010,32.21
salinity@015,2010,32.2
salinity@015,2010,32.19
salinity@015,2010,32.17
salinity@015,2010,32.16
salinity@015,2010,32.15
salinity@015,2010,32.14
salinity@015,2010,32.13
salinity@015,2010,32.11
salinity@015,2010,32.1
salinity@015,2010,32.09
salinity@015,2011,32.26
salinity@015,2011,32.25
salinity@015,2011,32.23
salinity@015,2011,32.22
salinity@015,2011,32.21
salinity@015,2011,32.2
salinity@015,2011,32.19
salinity@015,2011,32.17
salinity@015,2011,32.16
salinity@015,2011,32.15
salinity@015,2011,32.14
salinity@015,2011,32.13
salinity@015,2011,32.11
salinity@015,2011,32.1
salinity@015,2011,32.09
salinity@015,2011,32.08
salinity@015,2011,32.06
salinity@015,2011,32.25
salinity@015,2011,32.23
salinity@015,2011,32.22
salinity@015,2011,32.21
salinity@015,2011,32.2
salinity@015,2011,32.19
salinity@015,2011,32.17
salinity@015,2011,32.16
salinity@015,2011,32.15
salinity@015,2011,32.14
salinity@015,2011,32.13
salinity@015,2011,32.11
salinity@015,2011,32.1
salinity@015,2011,32.09
salinity@015,2011,32.08
salinity@015,2011,32.06
salinity@015,2011,32.05
salinity@015,2011,32.22
salinity@015,2011,32.21
salinity@015,2011,32.2
salinity@015,2011,32.19
salinity@015,2011,32.17
salinity@015,2011,32.16
salinity@015,2011,32.15
salinity@015,2011,32.14
salinity@015,2011,32.13
salinity@015,2011,32.11
salinity@015,2011,32.1
salinity@015,2011,32.09
salinity@015,2011,32.08
salinity@015,2011,32.06
salinity@015,2011,32.05
salinity@015,2011,32.04
salinity@015,2011,32.03
salinity@015,2011,32.21
salinity@015,2011,32.2
salinity@015,2011,32.19
salinity@015,2011,32.17
salinity@015,2011,32.16
salinity@015,2011,32.15
salinity@015,2011,32.14
salinity@015,2011,32.13
salinity@015,2011,32.11
salinity@015,2011,32.1
salinity@015,2011,32.09
salinity@015,2011,32.08
salinity@015,2011,32.06
salinity@015,2011,32.05
salinity@015,2011,32.04
salinity@015,2011,32.03
salinity@015,2011,32.02
salinity@015,2011,32.19
salinity@015,2011,32.17
salinity@015,2011,32.16
salinity@015,2011,32.15
salinity@015,2011,32.14
salinity@015,2011,32.13
salinity@015,2011,32.11
salinity@015,2011,32.1
salinity@015,2011,32.09
salinity@015,2011,32.08
salinity@015,2011,32.06
salinity@015,2011,32.05
salinity@015,2011,32.04
salinity@015,2011,32.03
salinity@015,2011,32.02
salinity@015,2011,32
salinity@015,2011,32.17
salinity@015,2011,32.16
salinity@015,2011,32.15
salinity@015,2011,32.14
salinity@015,2011,32.13
salinity@015,2011,32.11
salinity@015,2011,32.1
salinity@015,2011,32.09
salinity@015,2011,32.08
salinity@015,2011,32.06
salinity@015,2011,32.05
salinity@015,2011,32.04
salinity@015,2011,32.03
salinity@015,2011,32.02
salinity@015,2011,32
salinity@015,2011,31.99
salinity@015,2011,31.98
salinity@015,2011,32.15
salinity@015,2011,32.14
salinity@015,2011,32.13
salinity@015,2011,32.11
salinity@015,2011,32.1
salinity@015,2011,32.09
salinity@015,2011,32.08
salinity@015,2011,32.06
salinity@015,2011,32.05
salinity@015,2011,32.04
salinity@015,2011,32.03
salinity@015,2011,32.02
salinity@015,2011,32
salinity@015,2011,31.99
salinity@015,2011,31.98
salinity@015,2011,31.97
salinity@015,2011,32.14
salinity@015,2011,32.13
salinity@015,2011,32.11
salinity@015,2011,32.1
salinity@015,2011,32.09
salinity@015,2011,32.08
salinity@015,2011,32.06
salinity@015,2011,32.05
salinity@015,2011,32.04
salinity@015,2011,32.03
salinity@015,2011,32.02
salinity@015,2011,32
salinity@015,2011,31.99
salinity@015,2011,31.98
salinity@015,2011,31.97
salinity@015,2011,31.96
salinity@015,2011,32.15
salinity@015,2011,32.14
salinity@015,2011,32.13
salinity@015,2011,32.11
salinity@015,2011,32.1
salinity@015,2011,32.09
salinity@015,2011,32.08
salinity@015,2011,32.06
salinity@015,2011,32.05
salinity@015,2011,32.04
salinity@015,2011,32.03
salinity@015,2011,32.02
salinity@015,2011,32
salinity@015,2011,31.99
salinity@015,2011,31.98
salinity@015,2011,31.97
salinity@015,2011,31.96
salinity@015,2011,31.94
salinity@015,2011,32.2
salinity@015,2011,32.19
salinity@015,2011,32.17
salinity@015,2011,32.16
salinity@015,2011,32.15
salinity@015,2011,32.14
salinity@015,2011,32.13
salinity@015,2011,32.11
salinity@015,2011,32.1
salinity@015,2011,32.09
salinity@015,2011,32.08
salinity@015,2011,32.06
salinity@015,2011,32.05
salinity@015,2011,32.04
salinity@015,2011,32.03
salinity@015,2011,32.02
salinity@015,2011,32
salinity@015,2011,31.99
salinity@015,2011,31.98
salinity@015,2011,31.97
salinity@015,2011,31.96
salinity@015,2011,31.94
salinity@015,2011,32.23
salinity@015,2011,32.22
salinity@015,2011,32.21
salinity@015,2011,32.2
salinity@015,2011,32.19
salinity@015,2011,32.17
salinity@015,2011,32.16
salinity@015,2011,32.15
salinity@015,2011,32.14
salinity@015,2011,32.13
salinity@015,2011,32.11
salinity@015,2011,32.1
salinity@015,2011,32.09
salinity@015,2011,32.08
salinity@015,2011,32.06
salinity@015,2011,32.05
salinity@015,2011,32.04
salinity@015,2011,32.03
salinity@015,2011,32.02
salinity@015,2011,32
salinity@015,2011,31.99
salinity@015,2011,31.98
salinity@015,2011,31.97
salinity@015,2011,31.96
salinity@015,2011,31.94
salinity@015,2011,32.28
salinity@015,2011,32.27
salinity@015,2011,32.26
salinity@015,2011,32.25
salinity@015,2011,32.23
salinity@015,2011,32.22
salinity@015,2011,32.21
salinity@015,2011,32.2
salinity@015,2011,32.19
salinity@015,2011,32.17
salinity@015,2011,32.16
salinity@015,2011,32.15
salinity@015,2011,32.14
salinity@015,2011,32.13
salinity@015,2011,32.11
salinity@015,2011,32.1
salinity@015,2011,32.09
salinity@015,2011,32.08
salinity@015,2011,32.06
salinity@015,2011,32.05
salinity@015,2011,32.04
salinity@015,2011,32.03
salinity@015,2011,32.02
salinity@015,2011,32
salinity@015,2011,31.99
salinity@015,2011,31.98
salinity@015,2011,31.97
salinity@015,2011,31.96
salinity@015,2011,32.33
salinity@015,2011,32.32
salinity@015,2011,32.31
salinity@015,2011,32.29
salinity@015,2011,32.28
salinity@015,2011,32.27
salinity@015,2011,32.26
salinity@015,2011,32.25
salinity@015,2011,32.23
salinity@015,2011,32.22
salinity@015,2011,32.21
salinity@015,2011,32.2
salinity@015,2011,32.19
salinity@015,2011,32.17
salinity@015,2011,32.16
salinity@015,2011,32.15
salinity@015,2011,32.14
salinity@015,2011,32.13
salinity@015,2011,32.11
salinity@015,2011,32.1
salinity@015,2011,32.09
salinity@015,2011,32.08
salinity@015,2011,32.06
salinity@015,2011,32.05
salinity@015,2011,32.04
salinity@015,2011,32.03
salinity@015,2011,32.02
salinity@015,2011,32
salinity@015,2011,31.99
salinity@015,2011,31.98
salinity@015,2011,31.97
salinity@015,2011,31.96
salinity@015,2011,32.37
salinity@015,2011,32.36
salinity@015,2011,32.34
salinity@015,2011,32.33
salinity@015,2011,32.32
salinity@015,2011,32.31
salinity@015,2011,32.29
salinity@015,2011,32.28
salinity@015,2011,32.27
salinity@015,2011,32.26
salinity@015,2011,32.25
salinity@015,2011,32.23
salinity@015,2011,32.22
salinity@015,2011,32.21
salinity@015,2011,32.2
salinity@015,2011,32.19
salinity@015,2011,32.17
salinity@015,2011,32.16
salinity@015,2011,32.15
salinity@015,2011,32.14
salinity@015,2011,32.13
salinity@015,2011,32.11
salinity@015,2011,32.1
salinity@015,2011,32.09
salinity@015,2011,32.08
salinity@015,2011,32.06
salinity@015,2011,32.05
salinity@015,2011,32.04
salinity@015,2011,32.03
salinity@015,2011,32.02
salinity@015,2011,32
salinity@015,2011,31.99
salinity@015,2011,31.98
salinity@015,2011,31.97
salinity@015,2011,32.42
salinity@015,2011,32.4
salinity@015,2011,32.39
salinity@015,2011,32.38
salinity@015,2011,32.37
salinity@015,2011,32.36
salinity@015,2011,32.34
salinity@015,2011,32.33
salinity@015,2011,32.32
salinity@015,2011,32.31
salinity@015,2011,32.29
salinity@015,2011,32.28
salinity@015,2011,32.27
salinity@015,2011,32.26
salinity@015,2011,32.25
salinity@015,2011,32.23
salinity@015,2011,32.22
salinity@015,2011,32.21
salinity@015,2011,32.2
salinity@015,2011,32.19
salinity@015,2011,32.17
salinity@015,2011,32.16
salinity@015,2011,32.15
salinity@015,2011,32.14
salinity@015,2011,32.13
salinity@015,2011,32.11
salinity@015,2011,32.1
salinity@015,2011,32.09
salinity@015,2011,32.08
salinity@015,2011,32.06
salinity@015,2011,32.05
salinity@015,2011,32.04
salinity@015,2011,32.03
salinity@015,2011,32.02
salinity@015,2011,32
salinity@015,2011,31.99
salinity@015,2011,32.46
salinity@015,2011,32.45
salinity@015,2011,32.44
salinity@015,2011,32.43
salinity@015,2011,32.42
salinity@015,2011,32.4
salinity@015,2011,32.39
salinity@015,2011,32.38
salinity@015,2011,32.37
salinity@015,2011,32.36
salinity@015,2011,32.34
salinity@015,2011,32.33
salinity@015,2011,32.32
salinity@015,2011,32.31
salinity@015,2011,32.29
salinity@015,2011,32.28
salinity@015,2011,32.27
salinity@015,2011,32.26
salinity@015,2011,32.25
salinity@015,2011,32.23
salinity@015,2011,32.22
salinity@015,2011,32.21
salinity@015,2011,32.2
salinity@015,2011,32.19
salinity@015,2011,32.17
salinity@015,2011,32.16
salinity@015,2011,32.15
salinity@015,2011,32.14
salinity@015,2011,32.13
salinity@015,2011,32.11
salinity@015,2011,32.1
salinity@015,2011,32.09
salinity@015,2011,32.08
salinity@015,2011,32.06
salinity@015,2011,32.05
salinity@015,2011,32.04
salinity@015,2011,32.03
salinity@015,2011,32.5
salinity@015,2011,32.49
salinity@015,2011,32.48
salinity@015,2011,32.46
salinity@015,2011,32.45
salinity@015,2011,32.44
salinity@015,2011,32.43
salinity@015,2011,32.42
salinity@015,2011,32.4
salinity@015,2011,32.39
salinity@015,2011,32.38
salinity@015,2011,32.37
salinity@015,2011,32.36
salinity@015,2011,32.34
salinity@015,2011,32.33
salinity@015,2011,32.32
salinity@015,2011,32.31
salinity@015,2011,32.29
salinity@015,2011,32.28
salinity@015,2011,32.27
salinity@015,2011,32.26
salinity@015,2011,32.25
salinity@015,2011,32.23
salinity@015,2011,32.22
salinity@015,2011,32.21
salinity@015,2011,32.2
salinity@015,2011,32.19
salinity@015,2011,32.17
salinity@015,2011,32.16
salinity@015,2011,32.15
salinity@015,2011,32.14
salinity@015,2011,32.13
salinity@015,2011,32.11
salinity@015,2011,32.1
salinity@015,2011,32.09
salinity@015,2011,32.08
salinity@015,2011,32.55
salinity@015,2011,32.54
salinity@015,2011,32.52
salinity@015,2011,32.51
salinity@015,2011,32.5
salinity@015,2011,32.49
salinity@015,2011,32.48
salinity@015,2011,32.46
salinity@015,2011,32.45
salinity@015,2011,32.44
salinity@015,2011,32.43
salinity@015,2011,32.42
salinity@015,2011,32.4
salinity@015,2011,32.39
salinity@015,2011,32.38
salinity@015,2011,32.37
salinity@015,2011,32.36
salinity@015,2011,32.34
salinity@015,2011,32.33
salinity@015,2011,32.32
salinity@015,2011,32.31
salinity@015,2011,32.29
salinity@015,2011,32.28
salinity@015,2011,32.27
salinity@015,2011,32.26
salinity@015,2011,32.25
salinity@015,2011,32.23
salinity@015,2011,32.22
salinity@015,2011,32.21
salinity@015,2011,32.2
salinity@015,2011,32.19
salinity@015,2011,32.17
salinity@015,2011,32.16
salinity@015,2011,32.15
salinity@015,2011,32.14
salinity@015,2011,32.13
salinity@015,2011,32.6
salinity@015,2011,32.58
salinity@015,2011,32.57
salinity@015,2011,32.56
salinity@015,2011,32.55
salinity@015,2011,32.54
salinity@015,2011,32.52
salinity@015,2011,32.51
salinity@015,2011,32.5
salinity@015,2011,32.49
salinity@015,2011,32.48
salinity@015,2011,32.46
salinity@015,2011,32.45
salinity@015,2011,32.44
salinity@015,2011,32.43
salinity@015,2011,32.42
salinity@015,2011,32.4
salinity@015,2011,32.39
salinity@015,2011,32.38
salinity@015,2011,32.37
salinity@015,2011,32.36
salinity@015,2011,32.34
salinity@015,2011,32.33
salinity@015,2011,32.32
salinity@015,2011,32.31
salinity@015,2011,32.29
salinity@015,2011,32.28
salinity@015,2011,32.27
salinity@015,2011,32.26
salinity@015,2011,32.25
salinity@015,2011,32.23
salinity@015,2011,32.22
salinity@015,2011,32.21
salinity@015,2011,32.2
salinity@015,2011,32.19
salinity@015,2011,32.17
salinity@015,2011,32.16
salinity@015,2011,32.62
salinity@015,2011,32.61
salinity@015,2011,32.6
salinity@015,2011,32.58
salinity@015,2011,32.57
salinity@015,2011,32.56
salinity@015,2011,32.55
salinity@015,2011,32.54
salinity@015,2011,32.52
salinity@015,2011,32.51
salinity@015,2011,32.5
salinity@015,2011,32.49
salinity@015,2011,32.48
salinity@015,2011,32.46
salinity@015,2011,32.45
salinity@015,2011,32.44
salinity@015,2011,32.43
salinity@015,2011,32.42
salinity@015,2011,32.4
salinity@015,2011,32.39
salinity@015,2011,32.38
salinity@015,2011,32.37
salinity@015,2011,32.36
salinity@015,2011,32.34
salinity@015,2011,32.33
salinity@015,2011,32.32
salinity@015,2011,32.31
salinity@015,2011,32.29
salinity@015,2011,32.28
salinity@015,2011,32.27
salinity@015,2011,32.26
salinity@015,2011,32.25
salinity@015,2011,32.23
salinity@015,2011,32.22
salinity@015,2011,32.21
salinity@015,2011,32.62
salinity@015,2011,32.61
salinity@015,2011,32.6
salinity@015,2011,32.58
salinity@015,2011,32.57
salinity@015,2011,32.56
salinity@015,2011,32.55
salinity@015,2011,32.54
salinity@015,2011,32.52
salinity@015,2011,32.51
salinity@015,2011,32.5
salinity@015,2011,32.49
salinity@015,2011,32.48
salinity@015,2011,32.46
salinity@015,2011,32.45
salinity@015,2011,32.44
salinity@015,2011,32.43
salinity@015,2011,32.42
salinity@015,2011,32.4
salinity@015,2011,32.39
salinity@015,2011,32.38
salinity@015,2011,32.37
salinity@015,2011,32.36
salinity@015,2011,32.34
salinity@015,2011,32.33
salinity@015,2011,32.32
salinity@015,2011,32.31
salinity@015,2011,32.29
salinity@015,2011,32.28
salinity@015,2011,32.27
salinity@015,2011,32.26
salinity@015,2011,32.63
salinity@015,2011,32.62
salinity@015,2011,32.61
salinity@015,2011,32.6
salinity@015,2011,32.58
salinity@015,2011,32.57
salinity@015,2011,32.56
salinity@015,2011,32.55
salinity@015,2011,32.54
salinity@015,2011,32.52
salinity@015,2011,32.51
salinity@015,2011,32.5
salinity@015,2011,32.49
salinity@015,2011,32.48
salinity@015,2011,32.46
salinity@015,2011,32.45
salinity@015,2011,32.44
salinity@015,2011,32.43
salinity@015,2011,32.42
salinity@015,2011,32.4
salinity@015,2011,32.39
salinity@015,2011,32.38
salinity@015,2011,32.37
salinity@015,2011,32.36
salinity@015,2011,32.34
salinity@015,2011,32.33
salinity@015,2011,32.32
salinity@015,2011,32.31
salinity@015,2011,32.29
salinity@015,2011,32.65
salinity@015,2011,32.63
salinity@015,2011,32.62
salinity@015,2011,32.61
salinity@015,2011,32.6
salinity@015,2011,32.58
salinity@015,2011,32.57
salinity@015,2011,32.56
salinity@015,2011,32.55
salinity@015,2011,32.54
salinity@015,2011,32.52
salinity@015,2011,32.51
salinity@015,2011,32.5
salinity@015,2011,32.49
salinity@015,2011,32.48
salinity@015,2011,32.46
salinity@015,2011,32.45
salinity@015,2011,32.44
salinity@015,2011,32.43
salinity@015,2011,32.42
salinity@015,2011,32.4
salinity@015,2011,32.39
salinity@015,2011,32.38
salinity@015,2011,32.37
salinity@015,2011,32.36
salinity@015,2011,32.34
salinity@015,2011,32.65
salinity@015,2011,32.63
salinity@015,2011,32.62
salinity@015,2011,32.61
salinity@015,2011,32.6
salinity@015,2011,32.58
salinity@015,2011,32.57
salinity@015,2011,32.56
salinity@015,2011,32.55
salinity@015,2011,32.54
salinity@015,2011,32.52
salinity@015,2011,32.51
salinity@015,2011,32.5
salinity@015,2011,32.49
salinity@015,2011,32.48
salinity@015,2011,32.46
salinity@015,2011,32.45
salinity@015,2011,32.44
salinity@015,2011,32.43
salinity@015,2011,32.42
salinity@015,2011,32.4
salinity@015,2011,32.39
salinity@015,2011,32.65
salinity@015,2011,32.63
salinity@015,2011,32.62
salinity@015,2011,32.61
salinity@015,2011,32.6
salinity@015,2011,32.58
salinity@015,2011,32.57
salinity@015,2011,32.56
salinity@015,2011,32.55
salinity@015,2011,32.54
salinity@015,2011,32.52
salinity@015,2011,32.51
salinity@015,2011,32.5
salinity@015,2011,32.49
salinity@015,2011,32.48
salinity@015,2011,32.46
salinity@015,2011,32.45
salinity@015,2011,32.44
salinity@015,2011,32.43
salinity@015,2011,32.66
salinity@015,2011,32.65
salinity@015,2011,32.63
salinity@015,2011,32.62
salinity@015,2011,32.61
salinity@015,2011,32.6
salinity@015,2011,32.58
salinity@015,2011,32.57
salinity@015,2011,32.56
salinity@015,2011,32.55
salinity@015,2011,32.54
salinity@015,2011,32.52
salinity@015,2011,32.51
salinity@015,2011,32.5
salinity@015,2011,32.49
salinity@015,2011,32.48
salinity@015,2011,32.66
salinity@015,2011,32.65
salinity@015,2011,32.63
salinity@015,2011,32.62
salinity@015,2011,32.61
salinity@015,2011,32.6
salinity@015,2011,32.58
salinity@015,2011,32.57
salinity@015,2011,32.56
salinity@015,2011,32.55
salinity@015,2011,32.54
salinity@015,2011,32.52
salinity@015,2011,32.66
salinity@015,2011,32.65
salinity@015,2011,32.63
salinity@015,2011,32.62
salinity@015,2011,32.61
salinity@015,2011,32.6
salinity@015,2011,32.58
salinity@015,2011,32.57
salinity@015,2011,32.56
salinity@015,2011,32.55
salinity@015,2011,32.67
salinity@015,2011,32.66
salinity@015,2011,32.65
salinity@015,2011,32.63
salinity@015,2011,32.62
salinity@015,2011,32.61
salinity@015,2011,32.6
salinity@015,2011,32.58
salinity@015,2011,32.57
salinity@015,2011,32.56
salinity@015,2011,32.67
salinity@015,2011,32.66
salinity@015,2011,32.65
salinity@015,2011,32.63
salinity@015,2011,32.62
salinity@015,2011,32.61
salinity@015,2011,32.6
salinity@015,2011,32.58
salinity@015,2011,32.57
salinity@015,2011,32.56
salinity@015,2011,32.67
salinity@015,2011,32.66
salinity@015,2011,32.65
salinity@015,2011,32.63
salinity@015,2011,32.62
salinity@015,2011,32.61
salinity@015,2011,32.6
salinity@015,2011,32.58
salinity@015,2011,32.57
salinity@015,2011,32.56
salinity@015,2011,32.68
salinity@015,2011,32.67
salinity@015,2011,32.66
salinity@015,2011,32.65
salinity@015,2011,32.63
salinity@015,2011,32.62
salinity@015,2011,32.61
salinity@015,2011,32.6
salinity@015,2011,32.58
salinity@015,2011,32.57
salinity@015,2011,32.68
salinity@015,2011,32.67
salinity@015,2011,32.66
salinity@015,2011,32.65
salinity@015,2011,32.63
salinity@015,2011,32.62
salinity@015,2011,32.61
salinity@015,2011,32.6
salinity@015,2011,32.58
salinity@015,2011,32.57
salinity@015,2011,32.68
salinity@015,2011,32.67
salinity@015,2011,32.66
salinity@015,2011,32.65
salinity@015,2011,32.63
salinity@015,2011,32.62
salinity@015,2011,32.61
salinity@015,2011,32.6
salinity@015,2011,32.58
salinity@015,2011,32.57
salinity@015,2011,32.69
salinity@015,2011,32.68
salinity@015,2011,32.67
salinity@015,2011,32.66
salinity@015,2011,32.65
salinity@015,2011,32.63
salinity@015,2011,32.62
salinity@015,2011,32.61
salinity@015,2011,32.6
salinity@015,2011,32.58
salinity@015,2011,32.69
salinity@015,2011,32.68
salinity@015,2011,32.67
salinity@015,2011,32.66
salinity@015,2011,32.65
salinity@015,2011,32.63
salinity@015,2011,32.62
salinity@015,2011,32.61
salinity@015,2011,32.6
salinity@015,2011,32.58
salinity@015,2011,32.71
salinity@015,2011,32.69
salinity@015,2011,32.68
salinity@015,2011,32.67
salinity@015,2011,32.66
salinity@015,2011,32.65
salinity@015,2011,32.63
salinity@015,2011,32.62
salinity@015,2011,32.61
salinity@015,2011,32.6
salinity@015,2011,32.58
salinity@015,2011,32.72
salinity@015,2011,32.71
salinity@015,2011,32.69
salinity@015,2011,32.68
salinity@015,2011,32.67
salinity@015,2011,32.66
salinity@015,2011,32.65
salinity@015,2011,32.63
salinity@015,2011,32.62
salinity@015,2011,32.61
salinity@015,2011,32.6
salinity@015,2011,32.72
salinity@015,2011,32.71
salinity@015,2011,32.69
salinity@015,2011,32.68
salinity@015,2011,32.67
salinity@015,2011,32.66
salinity@015,2011,32.65
salinity@015,2011,32.63
salinity@015,2011,32.62
salinity@015,2011,32.61
salinity@015,2011,32.6
salinity@015,2011,32.73
salinity@015,2011,32.72
salinity@015,2011,32.71
salinity@015,2011,32.69
salinity@015,2011,32.68
salinity@015,2011,32.67
salinity@015,2011,32.66
salinity@015,2011,32.65
salinity@015,2011,32.63
salinity@015,2011,32.62
salinity@015,2011,32.61
salinity@015,2011,32.74
salinity@015,2011,32.73
salinity@015,2011,32.72
salinity@015,2011,32.71
salinity@015,2011,32.69
salinity@015,2011,32.68
salinity@015,2011,32.67
salinity@015,2011,32.66
salinity@015,2011,32.65
salinity@015,2011,32.63
salinity@015,2011,32.62
salinity@015,2011,32.61
salinity@015,2011,32.74
salinity@015,2011,32.73
salinity@015,2011,32.72
salinity@015,2011,32.71
salinity@015,2011,32.69
salinity@015,2011,32.68
salinity@015,2011,32.67
salinity@015,2011,32.66
salinity@015,2011,32.65
salinity@015,2011,32.63
salinity@015,2011,32.62
salinity@015,2011,32.75
salinity@015,2011,32.74
salinity@015,2011,32.73
salinity@015,2011,32.72
salinity@015,2011,32.71
salinity@015,2011,32.69
salinity@015,2011,32.68
salinity@015,2011,32.67
salinity@015,2011,32.66
salinity@015,2011,32.65
salinity@015,2011,32.63
salinity@015,2011,32.75
salinity@015,2011,32.74
salinity@015,2011,32.73
salinity@015,2011,32.72
salinity@015,2011,32.71
salinity@015,2011,32.69
salinity@015,2011,32.68
salinity@015,2011,32.67
salinity@015,2011,32.66
salinity@015,2011,32.65
salinity@015,2011,32.63
salinity@015,2011,32.77
salinity@015,2011,32.75
salinity@015,2011,32.74
salinity@015,2011,32.73
salinity@015,2011,32.72
salinity@015,2011,32.71
salinity@015,2011,32.69
salinity@015,2011,32.68
salinity@015,2011,32.67
salinity@015,2011,32.66
salinity@015,2011,32.65
salinity@015,2011,32.78
salinity@015,2011,32.77
salinity@015,2011,32.75
salinity@015,2011,32.74
salinity@015,2011,32.73
salinity@015,2011,32.72
salinity@015,2011,32.71
salinity@015,2011,32.69
salinity@015,2011,32.68
salinity@015,2011,32.67
salinity@015,2011,32.66
salinity@015,2011,32.78
salinity@015,2011,32.77
salinity@015,2011,32.75
salinity@015,2011,32.74
salinity@015,2011,32.73
salinity@015,2011,32.72
salinity@015,2011,32.71
salinity@015,2011,32.69
salinity@015,2011,32.68
salinity@015,2011,32.67
salinity@015,2011,32.66
salinity@015,2011,32.79
salinity@015,2011,32.78
salinity@015,2011,32.77
salinity@015,2011,32.75
salinity@015,2011,32.74
salinity@015,2011,32.73
salinity@015,2011,32.72
salinity@015,2011,32.71
salinity@015,2011,32.69
salinity@015,2011,32.68
salinity@015,2011,32.67
salinity@015,2011,32.79
salinity@015,2011,32.78
salinity@015,2011,32.77
salinity@015,2011,32.75
salinity@015,2011,32.74
salinity@015,2011,32.73
salinity@015,2011,32.72
salinity@015,2011,32.71
salinity@015,2011,32.69
salinity@015,2011,32.68
salinity@015,2011,32.67
salinity@015,2011,32.79
salinity@015,2011,32.78
salinity@015,2011,32.77
salinity@015,2011,32.75
salinity@015,2011,32.74
salinity@015,2011,32.73
salinity@015,2011,32.72
salinity@015,2011,32.71
salinity@015,2011,32.69
salinity@015,2011,32.68
salinity@015,2011,32.8
salinity@015,2011,32.79
salinity@015,2011,32.78
salinity@015,2011,32.77
salinity@015,2011,32.75
salinity@015,2011,32.74
salinity@015,2011,32.73
salinity@015,2011,32.72
salinity@015,2011,32.71
salinity@015,2011,32.69
salinity@015,2011,32.8
salinity@015,2011,32.79
salinity@015,2011,32.78
salinity@015,2011,32.77
salinity@015,2011,32.75
salinity@015,2011,32.74
salinity@015,2011,32.73
salinity@015,2011,32.72
salinity@015,2011,32.71
salinity@015,2011,32.69
salinity@015,2011,32.8
salinity@015,2011,32.79
salinity@015,2011,32.78
salinity@015,2011,32.77
salinity@015,2011,32.75
salinity@015,2011,32.74
salinity@015,2011,32.73
salinity@015,2011,32.72
salinity@015,2011,32.71
salinity@015,2011,32.81
salinity@015,2011,32.8
salinity@015,2011,32.79
salinity@015,2011,32.78
salinity@015,2011,32.77
salinity@015,2011,32.75
salinity@015,2011,32.74
salinity@015,2011,32.73
salinity@015,2011,32.72
salinity@015,2011,32.71
salinity@015,2011,32.81
salinity@015,2011,32.8
salinity@015,2011,32.79
salinity@015,2011,32.78
salinity@015,2011,32.77
salinity@015,2011,32.75
salinity@015,2011,32.74
salinity@015,2011,32.73
salinity@015,2011,32.72
salinity@015,2011,32.71
salinity@015,2011,32.81
salinity@015,2011,32.8
salinity@015,2011,32.79
salinity@015,2011,32.78
salinity@015,2011,32.77
salinity@015,2011,32.75
salinity@015,2011,32.74
salinity@015,2011,32.73
salinity@015,2011,32.72
salinity@015,2011,32.71
salinity@015,2011,32.81
salinity@015,2011,32.8
salinity@015,2011,32.79
salinity@015,2011,32.78
salinity@015,2011,32.77
salinity@015,2011,32.75
salinity@015,2011,32.74
salinity@015,2011,32.73
salinity@015,2011,32.72
salinity@015,2011,32.83
salinity@015,2011,32.81
salinity@015,2011,32.8
salinity@015,2011,32.79
salinity@015,2011,32.78
salinity@015,2011,32.77
salinity@015,2011,32.75
salinity@015,2011,32.74
salinity@015,2011,32.73
salinity@015,2011,32.72
salinity@015,2011,32.83
salinity@015,2011,32.81
salinity@015,2011,32.8
salinity@015,2011,32.79
salinity@015,2011,32.78
salinity@015,2011,32.77
salinity@015,2011,32.75
salinity@015,2011,32.74
salinity@015,2011,32.73
salinity@015,2011,32.72
salinity@015,2011,32.83
salinity@015,2011,32.81
salinity@015,2011,32.8
salinity@015,2011,32.79
salinity@015,2011,32.78
salinity@015,2011,32.77
salinity@015,2011,32.75
salinity@015,2011,32.74
salinity@015,2011,32.73
salinity@015,2011,32.72
salinity@015,2011,32.84
salinity@015,2011,32.83
salinity@015,2011,32.81
salinity@015,2011,32.8
salinity@015,2011,32.79
salinity@015,2011,32.78
salinity@015,2011,32.77
salinity@015,2011,32.75
salinity@015,2011,32.74
salinity@015,2011,32.73
salinity@015,2011,32.84
salinity@015,2011,32.83
salinity@015,2011,32.81
salinity@015,2011,32.8
salinity@015,2011,32.79
salinity@015,2011,32.78
salinity@015,2011,32.77
salinity@015,2011,32.75
salinity@015,2011,32.74
salinity@015,2011,32.73
salinity@015,2011,32.85
salinity@015,2011,32.84
salinity@015,2011,32.83
salinity@015,2011,32.81
salinity@015,2011,32.8
salinity@015,2011,32.79
salinity@015,2011,32.78
salinity@015,2011,32.77
salinity@015,2011,32.75
salinity@015,2011,32.74
salinity@015,2011,32.73
salinity@015,2011,32.86
salinity@015,2011,32.85
salinity@015,2011,32.84
salinity@015,2011,32.83
salinity@015,2011,32.81
salinity@015,2011,32.8
salinity@015,2011,32.79
salinity@015,2011,32.78
salinity@015,2011,32.77
salinity@015,2011,32.75
salinity@015,2011,32.74
salinity@015,2011,32.88
salinity@015,2011,32.86
salinity@015,2011,32.85
salinity@015,2011,32.84
salinity@015,2011,32.83
salinity@015,2011,32.81
salinity@015,2011,32.8
salinity@015,2011,32.79
salinity@015,2011,32.78
salinity@015,2011,32.77
salinity@015,2011,32.75
salinity@015,2011,32.74
salinity@015,2011,32.88
salinity@015,2011,32.86
salinity@015,2011,32.85
salinity@015,2011,32.84
salinity@015,2011,32.83
salinity@015,2011,32.81
salinity@015,2011,32.8
salinity@015,2011,32.79
salinity@015,2011,32.78
salinity@015,2011,32.77
salinity@015,2011,32.75
salinity@015,2011,32.89
salinity@015,2011,32.88
salinity@015,2011,32.86
salinity@015,2011,32.85
salinity@015,2011,32.84
salinity@015,2011,32.83
salinity@015,2011,32.81
salinity@015,2011,32.8
salinity@015,2011,32.79
salinity@015,2011,32.78
salinity@015,2011,32.77
salinity@015,2011,32.75
salinity@015,2011,32.9
salinity@015,2011,32.89
salinity@015,2011,32.88
salinity@015,2011,32.86
salinity@015,2011,32.85
salinity@015,2011,32.84
salinity@015,2011,32.83
salinity@015,2011,32.81
salinity@015,2011,32.8
salinity@015,2011,32.79
salinity@015,2011,32.78
salinity@015,2011,32.77
salinity@015,2011,32.91
salinity@015,2011,32.9
salinity@015,2011,32.89
salinity@015,2011,32.88
salinity@015,2011,32.86
salinity@015,2011,32.85
salinity@015,2011,32.84
salinity@015,2011,32.83
salinity@015,2011,32.81
salinity@015,2011,32.8
salinity@015,2011,32.79
salinity@015,2011,32.78
salinity@015,2011,32.91
salinity@015,2011,32.9
salinity@015,2011,32.89
salinity@015,2011,32.88
salinity@015,2011,32.86
salinity@015,2011,32.85
salinity@015,2011,32.84
salinity@015,2011,32.83
salinity@015,2011,32.81
salinity@015,2011,32.8
salinity@015,2011,32.79
salinity@015,2011,32.92
salinity@015,2011,32.91
salinity@015,2011,32.9
salinity@015,2011,32.89
salinity@015,2011,32.88
salinity@015,2011,32.86
salinity@015,2011,32.85
salinity@015,2011,32.84
salinity@015,2011,32.83
salinity@015,2011,32.81
salinity@015,2011,32.8
salinity@015,2011,32.79
salinity@015,2011,32.94
salinity@015,2011,32.92
salinity@015,2011,32.91
salinity@015,2011,32.9
salinity@015,2011,32.89
salinity@015,2011,32.88
salinity@015,2011,32.86
salinity@015,2011,32.85
salinity@015,2011,32.84
salinity@015,2011,32.83
salinity@015,2011,32.81
salinity@015,2011,32.8
salinity@015,2011,32.95
salinity@015,2011,32.94
salinity@015,2011,32.92
salinity@015,2011,32.91
salinity@015,2011,32.9
salinity@015,2011,32.89
salinity@015,2011,32.88
salinity@015,2011,32.86
salinity@015,2011,32.85
salinity@015,2011,32.84
salinity@015,2011,32.83
salinity@015,2011,32.81
salinity@015,2011,32.8
salinity@015,2011,32.79
salinity@015,2011,32.78
salinity@015,2011,32.77
salinity@015,2011,32.75
salinity@015,2011,32.95
salinity@015,2011,32.94
salinity@015,2011,32.92
salinity@015,2011,32.91
salinity@015,2011,32.9
salinity@015,2011,32.89
salinity@015,2011,32.88
salinity@015,2011,32.86
salinity@015,2011,32.85
salinity@015,2011,32.84
salinity@015,2011,32.83
salinity@015,2011,32.81
salinity@015,2011,32.8
salinity@015,2011,32.79
salinity@015,2011,32.78
salinity@015,2011,32.77
salinity@015,2011,32.75
salinity@015,2011,32.74
salinity@015,2011,32.73
salinity@015,2011,32.72
salinity@015,2011,32.71
salinity@015,2011,32.69
salinity@015,2011,32.68
salinity@015,2011,32.96
salinity@015,2011,32.95
salinity@015,2011,32.94
salinity@015,2011,32.92
salinity@015,2011,32.91
salinity@015,2011,32.9
salinity@015,2011,32.89
salinity@015,2011,32.88
salinity@015,2011,32.86
salinity@015,2011,32.85
salinity@015,2011,32.84
salinity@015,2011,32.83
salinity@015,2011,32.81
salinity@015,2011,32.8
salinity@015,2011,32.79
salinity@015,2011,32.78
salinity@015,2011,32.77
salinity@015,2011,32.75
salinity@015,2011,32.74
salinity@015,2011,32.73
salinity@015,2011,32.72
salinity@015,2011,32.71
salinity@015,2011,32.69
salinity@015,2011,32.68
salinity@015,2011,32.67
salinity@015,2011,32.66
salinity@015,2011,32.65
salinity@015,2011,32.63
salinity@015,2011,32.62
salinity@015,2011,32.61
salinity@015,2011,32.6
salinity@015,2011,32.96
salinity@015,2011,32.95
salinity@015,2011,32.94
salinity@015,2011,32.92
salinity@015,2011,32.91
salinity@015,2011,32.9
salinity@015,2011,32.89
salinity@015,2011,32.88
salinity@015,2011,32.86
salinity@015,2011,32.85
salinity@015,2011,32.84
salinity@015,2011,32.83
salinity@015,2011,32.81
salinity@015,2011,32.8
salinity@015,2011,32.79
salinity@015,2011,32.78
salinity@015,2011,32.77
salinity@015,2011,32.75
salinity@015,2011,32.74
salinity@015,2011,32.73
salinity@015,2011,32.72
salinity@015,2011,32.71
salinity@015,2011,32.69
salinity@015,2011,32.68
salinity@015,2011,32.67
salinity@015,2011,32.66
salinity@015,2011,32.65
salinity@015,2011,32.63
salinity@015,2011,32.62
salinity@015,2011,32.61
salinity@015,2011,32.6
salinity@015,2011,32.58
salinity@015,2011,32.57
salinity@015,2011,32.56
salinity@015,2011,32.55
salinity@015,2011,32.54
salinity@015,2011,32.52
salinity@015,2011,32.51
salinity@015,2011,32.96
salinity@015,2011,32.95
salinity@015,2011,32.94
salinity@015,2011,32.92
salinity@015,2011,32.91
salinity@015,2011,32.9
salinity@015,2011,32.89
salinity@015,2011,32.88
salinity@015,2011,32.86
salinity@015,2011,32.85
salinity@015,2011,32.84
salinity@015,2011,32.83
salinity@015,2011,32.81
salinity@015,2011,32.8
salinity@015,2011,32.79
salinity@015,2011,32.78
salinity@015,2011,32.77
salinity@015,2011,32.75
salinity@015,2011,32.74
salinity@015,2011,32.73
salinity@015,2011,32.72
salinity@015,2011,32.71
salinity@015,2011,32.69
salinity@015,2011,32.68
salinity@015,2011,32.67
salinity@015,2011,32.66
salinity@015,2011,32.65
salinity@015,2011,32.63
salinity@015,2011,32.62
salinity@015,2011,32.61
salinity@015,2011,32.6
salinity@015,2011,32.58
salinity@015,2011,32.57
salinity@015,2011,32.56
salinity@015,2011,32.55
salinity@015,2011,32.54
salinity@015,2011,32.52
salinity@015,2011,32.51
salinity@015,2011,32.5
salinity@015,2011,32.49
salinity@015,2011,32.48
salinity@015,2011,32.46
salinity@015,2011,32.45
salinity@015,2011,32.44
salinity@015,2011,32.43
salinity@015,2011,32.95
salinity@015,2011,32.94
salinity@015,2011,32.92
salinity@015,2011,32.91
salinity@015,2011,32.9
salinity@015,2011,32.89
salinity@015,2011,32.88
salinity@015,2011,32.86
salinity@015,2011,32.85
salinity@015,2011,32.84
salinity@015,2011,32.83
salinity@015,2011,32.81
salinity@015,2011,32.8
salinity@015,2011,32.79
salinity@015,2011,32.78
salinity@015,2011,32.77
salinity@015,2011,32.75
salinity@015,2011,32.74
salinity@015,2011,32.73
salinity@015,2011,32.72
salinity@015,2011,32.71
salinity@015,2011,32.69
salinity@015,2011,32.68
salinity@015,2011,32.67
salinity@015,2011,32.66
salinity@015,2011,32.65
salinity@015,2011,32.63
salinity@015,2011,32.62
salinity@015,2011,32.61
salinity@015,2011,32.6
salinity@015,2011,32.58
salinity@015,2011,32.57
salinity@015,2011,32.56
salinity@015,2011,32.55
salinity@015,2011,32.54
salinity@015,2011,32.52
salinity@015,2011,32.51
salinity@015,2011,32.5
salinity@015,2011,32.49
salinity@015,2011,32.48
salinity@015,2011,32.46
salinity@015,2011,32.45
salinity@015,2011,32.44
salinity@015,2011,32.43
salinity@015,2011,32.42
salinity@015,2011,32.4
salinity@015,2011,32.39
salinity@015,2011,32.38
salinity@015,2011,32.37
salinity@015,2011,32.36
salinity@015,2011,32.34
salinity@015,2011,32.95
salinity@015,2011,32.94
salinity@015,2011,32.92
salinity@015,2011,32.91
salinity@015,2011,32.9
salinity@015,2011,32.89
salinity@015,2011,32.88
salinity@015,2011,32.86
salinity@015,2011,32.85
salinity@015,2011,32.84
salinity@015,2011,32.83
salinity@015,2011,32.81
salinity@015,2011,32.8
salinity@015,2011,32.79
salinity@015,2011,32.78
salinity@015,2011,32.77
salinity@015,2011,32.75
salinity@015,2011,32.74
salinity@015,2011,32.73
salinity@015,2011,32.72
salinity@015,2011,32.71
salinity@015,2011,32.69
salinity@015,2011,32.68
salinity@015,2011,32.67
salinity@015,2011,32.66
salinity@015,2011,32.65
salinity@015,2011,32.63
salinity@015,2011,32.62
salinity@015,2011,32.61
salinity@015,2011,32.6
salinity@015,2011,32.58
salinity@015,2011,32.57
salinity@015,2011,32.56
salinity@015,2011,32.55
salinity@015,2011,32.54
salinity@015,2011,32.52
salinity@015,2011,32.51
salinity@015,2011,32.5
salinity@015,2011,32.49
salinity@015,2011,32.48
salinity@015,2011,32.46
salinity@015,2011,32.45
salinity@015,2011,32.44
salinity@015,2011,32.43
salinity@015,2011,32.42
salinity@015,2011,32.4
salinity@015,2011,32.39
salinity@015,2011,32.38
salinity@015,2011,32.37
salinity@015,2011,32.36
salinity@015,2011,32.34
salinity@015,2011,32.33
salinity@015,2011,32.32
salinity@015,2011,32.31
salinity@015,2011,32.29
salinity@015,2011,32.28
salinity@015,2011,32.27
salinity@015,2011,32.26
salinity@015,2011,32.94
salinity@015,2011,32.92
salinity@015,2011,32.91
salinity@015,2011,32.9
salinity@015,2011,32.89
salinity@015,2011,32.88
salinity@015,2011,32.86
salinity@015,2011,32.85
salinity@015,2011,32.84
salinity@015,2011,32.83
salinity@015,2011,32.81
salinity@015,2011,32.8
salinity@015,2011,32.79
salinity@015,2011,32.78
salinity@015,2011,32.77
salinity@015,2011,32.75
salinity@015,2011,32.74
salinity@015,2011,32.73
salinity@015,2011,32.72
salinity@015,2011,32.71
salinity@015,2011,32.69
salinity@015,2011,32.68
salinity@015,2011,32.67
salinity@015,2011,32.66
salinity@015,2011,32.65
salinity@015,2011,32.63
salinity@015,2011,32.62
salinity@015,2011,32.61
salinity@015,2011,32.6
salinity@015,2011,32.58
salinity@015,2011,32.57
salinity@015,2011,32.56
salinity@015,2011,32.55
salinity@015,2011,32.54
salinity@015,2011,32.52
salinity@015,2011,32.51
salinity@015,2011,32.5
salinity@015,2011,32.49
salinity@015,2011,32.48
salinity@015,2011,32.46
salinity@015,2011,32.45
salinity@015,2011,32.44
salinity@015,2011,32.43
salinity@015,2011,32.42
salinity@015,2011,32.4
salinity@015,2011,32.39
salinity@015,2011,32.38
salinity@015,2011,32.37
salinity@015,2011,32.36
salinity@015,2011,32.34
salinity@015,2011,32.33
salinity@015,2011,32.32
salinity@015,2011,32.31
salinity@015,2011,32.29
salinity@015,2011,32.28
salinity@015,2011,32.27
salinity@015,2011,32.26
salinity@015,2011,32.25
salinity@015,2011,32.23
salinity@015,2011,32.22
salinity@015,2011,32.21
salinity@015,2011,32.2
salinity@015,2011,32.19
salinity@015,2011,32.89
salinity@015,2011,32.88
salinity@015,2011,32.86
salinity@015,2011,32.85
salinity@015,2011,32.84
salinity@015,2011,32.83
salinity@015,2011,32.81
salinity@015,2011,32.8
salinity@015,2011,32.79
salinity@015,2011,32.78
salinity@015,2011,32.77
salinity@015,2011,32.75
salinity@015,2011,32.74
salinity@015,2011,32.73
salinity@015,2011,32.72
salinity@015,2011,32.71
salinity@015,2011,32.69
salinity@015,2011,32.68
salinity@015,2011,32.67
salinity@015,2011,32.66
salinity@015,2011,32.65
salinity@015,2011,32.63
salinity@015,2011,32.62
salinity@015,2011,32.61
salinity@015,2011,32.6
salinity@015,2011,32.58
salinity@015,2011,32.57
salinity@015,2011,32.56
salinity@015,2011,32.55
salinity@015,2011,32.54
salinity@015,2011,32.52
salinity@015,2011,32.51
salinity@015,2011,32.5
salinity@015,2011,32.49
salinity@015,2011,32.48
salinity@015,2011,32.46
salinity@015,2011,32.45
salinity@015,2011,32.44
salinity@015,2011,32.43
salinity@015,2011,32.42
salinity@015,2011,32.4
salinity@015,2011,32.39
salinity@015,2011,32.38
salinity@015,2011,32.37
salinity@015,2011,32.36
salinity@015,2011,32.34
salinity@015,2011,32.33
salinity@015,2011,32.32
salinity@015,2011,32.31
salinity@015,2011,32.29
salinity@015,2011,32.28
salinity@015,2011,32.27
salinity@015,2011,32.26
salinity@015,2011,32.25
salinity@015,2011,32.23
salinity@015,2011,32.22
salinity@015,2011,32.21
salinity@015,2011,32.2
salinity@015,2011,32.19
salinity@015,2011,32.17
salinity@015,2011,32.16
salinity@015,2011,32.15
salinity@015,2011,32.14
salinity@015,2011,32.13
salinity@015,2011,32.11
salinity@015,2011,32.1
salinity@015,2011,32.8
salinity@015,2011,32.79
salinity@015,2011,32.78
salinity@015,2011,32.77
salinity@015,2011,32.75
salinity@015,2011,32.74
salinity@015,2011,32.73
salinity@015,2011,32.72
salinity@015,2011,32.71
salinity@015,2011,32.69
salinity@015,2011,32.68
salinity@015,2011,32.67
salinity@015,2011,32.66
salinity@015,2011,32.65
salinity@015,2011,32.63
salinity@015,2011,32.62
salinity@015,2011,32.61
salinity@015,2011,32.6
salinity@015,2011,32.58
salinity@015,2011,32.57
salinity@015,2011,32.56
salinity@015,2011,32.55
salinity@015,2011,32.54
salinity@015,2011,32.52
salinity@015,2011,32.51
salinity@015,2011,32.5
salinity@015,2011,32.49
salinity@015,2011,32.48
salinity@015,2011,32.46
salinity@015,2011,32.45
salinity@015,2011,32.44
salinity@015,2011,32.43
salinity@015,2011,32.42
salinity@015,2011,32.4
salinity@015,2011,32.39
salinity@015,2011,32.38
salinity@015,2011,32.37
salinity@015,2011,32.36
salinity@015,2011,32.34
salinity@015,2011,32.33
salinity@015,2011,32.32
salinity@015,2011,32.31
salinity@015,2011,32.29
salinity@015,2011,32.28
salinity@015,2011,32.27
salinity@015,2011,32.26
salinity@015,2011,32.25
salinity@015,2011,32.23
salinity@015,2011,32.22
salinity@015,2011,32.21
salinity@015,2011,32.2
salinity@015,2011,32.19
salinity@015,2011,32.17
salinity@015,2011,32.16
salinity@015,2011,32.15
salinity@015,2011,32.14
salinity@015,2011,32.13
salinity@015,2011,32.11
salinity@015,2011,32.1
salinity@015,2011,32.09
salinity@015,2011,32.08
salinity@015,2011,32.06
salinity@015,2011,32.05
salinity@015,2011,32.04
salinity@015,2011,32.03
salinity@015,2011,32.02
salinity@015,2011,32.72
salinity@015,2011,32.71
salinity@015,2011,32.69
salinity@015,2011,32.68
salinity@015,2011,32.67
salinity@015,2011,32.66
salinity@015,2011,32.65
salinity@015,2011,32.63
salinity@015,2011,32.62
salinity@015,2011,32.61
salinity@015,2011,32.6
salinity@015,2011,32.58
salinity@015,2011,32.57
salinity@015,2011,32.56
salinity@015,2011,32.55
salinity@015,2011,32.54
salinity@015,2011,32.52
salinity@015,2011,32.51
salinity@015,2011,32.5
salinity@015,2011,32.49
salinity@015,2011,32.48
salinity@015,2011,32.46
salinity@015,2011,32.45
salinity@015,2011,32.44
salinity@015,2011,32.43
salinity@015,2011,32.42
salinity@015,2011,32.4
salinity@015,2011,32.39
salinity@015,2011,32.38
salinity@015,2011,32.37
salinity@015,2011,32.36
salinity@015,2011,32.34
salinity@015,2011,32.33
salinity@015,2011,32.32
salinity@015,2011,32.31
salinity@015,2011,32.29
salinity@015,2011,32.28
salinity@015,2011,32.27
salinity@015,2011,32.26
salinity@015,2011,32.25
salinity@015,2011,32.23
salinity@015,2011,32.22
salinity@015,2011,32.21
salinity@015,2011,32.2
salinity@015,2011,32.19
salinity@015,2011,32.17
salinity@015,2011,32.16
salinity@015,2011,32.15
salinity@015,2011,32.14
salinity@015,2011,32.13
salinity@015,2011,32.11
salinity@015,2011,32.1
salinity@015,2011,32.09
salinity@015,2011,32.08
salinity@015,2011,32.06
salinity@015,2011,32.05
salinity@015,2011,32.04
salinity@015,2011,32.03
salinity@015,2011,32.02
salinity@015,2011,32
salinity@015,2011,31.99
salinity@015,2011,31.98
salinity@015,2011,31.97
salinity@015,2011,31.96
salinity@015,2011,31.94
salinity@015,2011,31.93
salinity@015,2011,32.63
salinity@015,2011,32.62
salinity@015,2011,32.61
salinity@015,2011,32.6
salinity@015,2011,32.58
salinity@015,2011,32.57
salinity@015,2011,32.56
salinity@015,2011,32.55
salinity@015,2011,32.54
salinity@015,2011,32.52
salinity@015,2011,32.51
salinity@015,2011,32.5
salinity@015,2011,32.49
salinity@015,2011,32.48
salinity@015,2011,32.46
salinity@015,2011,32.45
salinity@015,2011,32.44
salinity@015,2011,32.43
salinity@015,2011,32.42
salinity@015,2011,32.4
salinity@015,2011,32.39
salinity@015,2011,32.38
salinity@015,2011,32.37
salinity@015,2011,32.36
salinity@015,2011,32.34
salinity@015,2011,32.33
salinity@015,2011,32.32
salinity@015,2011,32.31
salinity@015,2011,32.29
salinity@015,2011,32.28
salinity@015,2011,32.27
salinity@015,2011,32.26
salinity@015,2011,32.25
salinity@015,2011,32.23
salinity@015,2011,32.22
salinity@015,2011,32.21
salinity@015,2011,32.2
salinity@015,2011,32.19
salinity@015,2011,32.17
salinity@015,2011,32.16
salinity@015,2011,32.15
salinity@015,2011,32.14
salinity@015,2011,32.13
salinity@015,2011,32.11
salinity@015,2011,32.1
salinity@015,2011,32.09
salinity@015,2011,32.08
salinity@015,2011,32.06
salinity@015,2011,32.05
salinity@015,2011,32.04
salinity@015,2011,32.03
salinity@015,2011,32.02
salinity@015,2011,32
salinity@015,2011,31.99
salinity@015,2011,31.98
salinity@015,2011,31.97
salinity@015,2011,31.96
salinity@015,2011,31.94
salinity@015,2011,31.93
salinity@015,2011,31.92
salinity@015,2011,31.91
salinity@015,2011,31.9
salinity@015,2011,31.88
salinity@015,2011,31.87
salinity@015,2011,31.86
salinity@015,2011,31.85
salinity@015,2011,32.56
salinity@015,2011,32.55
salinity@015,2011,32.54
salinity@015,2011,32.52
salinity@015,2011,32.51
salinity@015,2011,32.5
salinity@015,2011,32.49
salinity@015,2011,32.48
salinity@015,2011,32.46
salinity@015,2011,32.45
salinity@015,2011,32.44
salinity@015,2011,32.43
salinity@015,2011,32.42
salinity@015,2011,32.4
salinity@015,2011,32.39
salinity@015,2011,32.38
salinity@015,2011,32.37
salinity@015,2011,32.36
salinity@015,2011,32.34
salinity@015,2011,32.33
salinity@015,2011,32.32
salinity@015,2011,32.31
salinity@015,2011,32.29
salinity@015,2011,32.28
salinity@015,2011,32.27
salinity@015,2011,32.26
salinity@015,2011,32.25
salinity@015,2011,32.23
salinity@015,2011,32.22
salinity@015,2011,32.21
salinity@015,2011,32.2
salinity@015,2011,32.19
salinity@015,2011,32.17
salinity@015,2011,32.16
salinity@015,2011,32.15
salinity@015,2011,32.14
salinity@015,2011,32.13
salinity@015,2011,32.11
salinity@015,2011,32.1
salinity@015,2011,32.09
salinity@015,2011,32.08
salinity@015,2011,32.06
salinity@015,2011,32.05
salinity@015,2011,32.04
salinity@015,2011,32.03
salinity@015,2011,32.02
salinity@015,2011,32
salinity@015,2011,31.99
salinity@015,2011,31.98
salinity@015,2011,31.97
salinity@015,2011,31.96
salinity@015,2011,31.94
salinity@015,2011,31.93
salinity@015,2011,31.92
salinity@015,2011,31.91
salinity@015,2011,31.9
salinity@015,2011,31.88
salinity@015,2011,31.87
salinity@015,2011,31.86
salinity@015,2011,31.85
salinity@015,2011,31.84
salinity@015,2011,31.82
salinity@015,2011,31.81
salinity@015,2011,31.8
salinity@015,2011,31.79
salinity@015,2011,32.48
salinity@015,2011,32.46
salinity@015,2011,32.45
salinity@015,2011,32.44
salinity@015,2011,32.43
salinity@015,2011,32.42
salinity@015,2011,32.4
salinity@015,2011,32.39
salinity@015,2011,32.38
salinity@015,2011,32.37
salinity@015,2011,32.36
salinity@015,2011,32.34
salinity@015,2011,32.33
salinity@015,2011,32.32
salinity@015,2011,32.31
salinity@015,2011,32.29
salinity@015,2011,32.28
salinity@015,2011,32.27
salinity@015,2011,32.26
salinity@015,2011,32.25
salinity@015,2011,32.23
salinity@015,2011,32.22
salinity@015,2011,32.21
salinity@015,2011,32.2
salinity@015,2011,32.19
salinity@015,2011,32.17
salinity@015,2011,32.16
salinity@015,2011,32.15
salinity@015,2011,32.14
salinity@015,2011,32.13
salinity@015,2011,32.11
salinity@015,2011,32.1
salinity@015,2011,32.09
salinity@015,2011,32.08
salinity@015,2011,32.06
salinity@015,2011,32.05
salinity@015,2011,32.04
salinity@015,2011,32.03
salinity@015,2011,32.02
salinity@015,2011,32
salinity@015,2011,31.99
salinity@015,2011,31.98
salinity@015,2011,31.97
salinity@015,2011,31.96
salinity@015,2011,31.94
salinity@015,2011,31.93
salinity@015,2011,31.92
salinity@015,2011,31.91
salinity@015,2011,31.9
salinity@015,2011,31.88
salinity@015,2011,31.87
salinity@015,2011,31.86
salinity@015,2011,31.85
salinity@015,2011,31.84
salinity@015,2011,31.82
salinity@015,2011,31.81
salinity@015,2011,31.8
salinity@015,2011,31.79
salinity@015,2011,31.77
salinity@015,2011,32.39
salinity@015,2011,32.38
salinity@015,2011,32.37
salinity@015,2011,32.36
salinity@015,2011,32.34
salinity@015,2011,32.33
salinity@015,2011,32.32
salinity@015,2011,32.31
salinity@015,2011,32.29
salinity@015,2011,32.28
salinity@015,2011,32.27
salinity@015,2011,32.26
salinity@015,2011,32.25
salinity@015,2011,32.23
salinity@015,2011,32.22
salinity@015,2011,32.21
salinity@015,2011,32.2
salinity@015,2011,32.19
salinity@015,2011,32.17
salinity@015,2011,32.16
salinity@015,2011,32.15
salinity@015,2011,32.14
salinity@015,2011,32.13
salinity@015,2011,32.11
salinity@015,2011,32.1
salinity@015,2011,32.09
salinity@015,2011,32.08
salinity@015,2011,32.06
salinity@015,2011,32.05
salinity@015,2011,32.04
salinity@015,2011,32.03
salinity@015,2011,32.02
salinity@015,2011,32
salinity@015,2011,31.99
salinity@015,2011,31.98
salinity@015,2011,31.97
salinity@015,2011,31.96
salinity@015,2011,31.94
salinity@015,2011,31.93
salinity@015,2011,31.92
salinity@015,2011,31.91
salinity@015,2011,31.9
salinity@015,2011,31.88
salinity@015,2011,31.87
salinity@015,2011,31.86
salinity@015,2011,31.85
salinity@015,2011,31.84
salinity@015,2011,31.82
salinity@015,2011,31.81
salinity@015,2011,31.8
salinity@015,2011,31.79
salinity@015,2011,31.77
salinity@015,2011,31.76
salinity@015,2011,32.31
salinity@015,2011,32.29
salinity@015,2011,32.28
salinity@015,2011,32.27
salinity@015,2011,32.26
salinity@015,2011,32.25
salinity@015,2011,32.23
salinity@015,2011,32.22
salinity@015,2011,32.21
salinity@015,2011,32.2
salinity@015,2011,32.19
salinity@015,2011,32.17
salinity@015,2011,32.16
salinity@015,2011,32.15
salinity@015,2011,32.14
salinity@015,2011,32.13
salinity@015,2011,32.11
salinity@015,2011,32.1
salinity@015,2011,32.09
salinity@015,2011,32.08
salinity@015,2011,32.06
salinity@015,2011,32.05
salinity@015,2011,32.04
salinity@015,2011,32.03
salinity@015,2011,32.02
salinity@015,2011,32
salinity@015,2011,31.99
salinity@015,2011,31.98
salinity@015,2011,31.97
salinity@015,2011,31.96
salinity@015,2011,31.94
salinity@015,2011,31.93
salinity@015,2011,31.92
salinity@015,2011,31.91
salinity@015,2011,31.9
salinity@015,2011,31.88
salinity@015,2011,31.87
salinity@015,2011,31.86
salinity@015,2011,31.85
salinity@015,2011,31.84
salinity@015,2011,31.82
salinity@015,2011,31.81
salinity@015,2011,31.8
salinity@015,2011,31.79
salinity@015,2011,31.77
salinity@015,2011,31.76
salinity@015,2011,31.75
salinity@015,2011,32.22
salinity@015,2011,32.21
salinity@015,2011,32.2
salinity@015,2011,32.19
salinity@015,2011,32.17
salinity@015,2011,32.16
salinity@015,2011,32.15
salinity@015,2011,32.14
salinity@015,2011,32.13
salinity@015,2011,32.11
salinity@015,2011,32.1
salinity@015,2011,32.09
salinity@015,2011,32.08
salinity@015,2011,32.06
salinity@015,2011,32.05
salinity@015,2011,32.04
salinity@015,2011,32.03
salinity@015,2011,32.02
salinity@015,2011,32
salinity@015,2011,31.99
salinity@015,2011,31.98
salinity@015,2011,31.97
salinity@015,2011,31.96
salinity@015,2011,31.94
salinity@015,2011,31.93
salinity@015,2011,31.92
salinity@015,2011,31.91
salinity@015,2011,31.9
salinity@015,2011,31.88
salinity@015,2011,31.87
salinity@015,2011,31.86
salinity@015,2011,31.85
salinity@015,2011,31.84
salinity@015,2011,31.82
salinity@015,2011,31.81
salinity@015,2011,31.8
salinity@015,2011,31.79
salinity@015,2011,31.77
salinity@015,2011,31.76
salinity@015,2011,31.75
salinity@015,2011,32.14
salinity@015,2011,32.13
salinity@015,2011,32.11
salinity@015,2011,32.1
salinity@015,2011,32.09
salinity@015,2011,32.08
salinity@015,2011,32.06
salinity@015,2011,32.05
salinity@015,2011,32.04
salinity@015,2011,32.03
salinity@015,2011,32.02
salinity@015,2011,32
salinity@015,2011,31.99
salinity@015,2011,31.98
salinity@015,2011,31.97
salinity@015,2011,31.96
salinity@015,2011,31.94
salinity@015,2011,31.93
salinity@015,2011,31.92
salinity@015,2011,31.91
salinity@015,2011,31.9
salinity@015,2011,31.88
salinity@015,2011,31.87
salinity@015,2011,31.86
salinity@015,2011,31.85
salinity@015,2011,31.84
salinity@015,2011,31.82
salinity@015,2011,31.81
salinity@015,2011,31.8
salinity@015,2011,31.79
salinity@015,2011,31.77
salinity@015,2011,31.76
salinity@015,2011,31.75
salinity@015,2011,32.05
salinity@015,2011,32.04
salinity@015,2011,32.03
salinity@015,2011,32.02
salinity@015,2011,32
salinity@015,2011,31.99
salinity@015,2011,31.98
salinity@015,2011,31.97
salinity@015,2011,31.96
salinity@015,2011,31.94
salinity@015,2011,31.93
salinity@015,2011,31.92
salinity@015,2011,31.91
salinity@015,2011,31.9
salinity@015,2011,31.88
salinity@015,2011,31.87
salinity@015,2011,31.86
salinity@015,2011,31.85
salinity@015,2011,31.84
salinity@015,2011,31.82
salinity@015,2011,31.81
salinity@015,2011,31.8
salinity@015,2011,31.79
salinity@015,2011,31.77
salinity@015,2011,31.76
salinity@015,2011,31.75
salinity@015,2011,31.74
salinity@015,2011,31.98
salinity@015,2011,31.97
salinity@015,2011,31.96
salinity@015,2011,31.94
salinity@015,2011,31.93
salinity@015,2011,31.92
salinity@015,2011,31.91
salinity@015,2011,31.9
salinity@015,2011,31.88
salinity@015,2011,31.87
salinity@015,2011,31.86
salinity@015,2011,31.85
salinity@015,2011,31.84
salinity@015,2011,31.82
salinity@015,2011,31.81
salinity@015,2011,31.8
salinity@015,2011,31.79
salinity@015,2011,31.77
salinity@015,2011,31.76
salinity@015,2011,31.75
salinity@015,2011,31.74
salinity@015,2011,31.9
salinity@015,2011,31.88
salinity@015,2011,31.87
salinity@015,2011,31.86
salinity@015,2011,31.85
salinity@015,2011,31.84
salinity@015,2011,31.82
salinity@015,2011,31.81
salinity@015,2011,31.8
salinity@015,2011,31.79
salinity@015,2011,31.77
salinity@015,2011,31.76
salinity@015,2011,31.75
salinity@015,2011,31.74
salinity@015,2011,31.84
salinity@015,2011,31.82
salinity@015,2011,31.81
salinity@015,2011,31.8
salinity@015,2011,31.79
salinity@015,2011,31.77
salinity@015,2011,31.76
salinity@015,2011,31.75
salinity@015,2011,31.74
salinity@015,2011,31.73
salinity@015,2011,31.84
salinity@015,2011,31.82
salinity@015,2011,31.81
salinity@015,2011,31.8
salinity@015,2011,31.79
salinity@015,2011,31.77
salinity@015,2011,31.76
salinity@015,2011,31.75
salinity@015,2011,31.74
salinity@015,2011,31.73
salinity@015,2011,31.84
salinity@015,2011,31.82
salinity@015,2011,31.81
salinity@015,2011,31.8
salinity@015,2011,31.79
salinity@015,2011,31.77
salinity@015,2011,31.76
salinity@015,2011,31.75
salinity@015,2011,31.74
salinity@015,2011,31.73
salinity@015,2011,31.82
salinity@015,2011,31.81
salinity@015,2011,31.8
salinity@015,2011,31.79
salinity@015,2011,31.77
salinity@015,2011,31.76
salinity@015,2011,31.75
salinity@015,2011,31.74
salinity@015,2011,31.73
salinity@015,2011,31.71
salinity@015,2011,31.82
salinity@015,2011,31.81
salinity@015,2011,31.8
salinity@015,2011,31.79
salinity@015,2011,31.77
salinity@015,2011,31.76
salinity@015,2011,31.75
salinity@015,2011,31.74
salinity@015,2011,31.73
salinity@015,2011,31.71
salinity@015,2011,31.82
salinity@015,2011,31.81
salinity@015,2011,31.8
salinity@015,2011,31.79
salinity@015,2011,31.77
salinity@015,2011,31.76
salinity@015,2011,31.75
salinity@015,2011,31.74
salinity@015,2011,31.73
salinity@015,2011,31.71
salinity@015,2011,31.81
salinity@015,2011,31.8
salinity@015,2011,31.79
salinity@015,2011,31.77
salinity@015,2011,31.76
salinity@015,2011,31.75
salinity@015,2011,31.74
salinity@015,2011,31.73
salinity@015,2011,31.71
salinity@015,2011,31.7
salinity@015,2011,31.81
salinity@015,2011,31.8
salinity@015,2011,31.79
salinity@015,2011,31.77
salinity@015,2011,31.76
salinity@015,2011,31.75
salinity@015,2011,31.74
salinity@015,2011,31.73
salinity@015,2011,31.71
salinity@015,2011,31.7
salinity@015,2011,31.81
salinity@015,2011,31.8
salinity@015,2011,31.79
salinity@015,2011,31.77
salinity@015,2011,31.76
salinity@015,2011,31.75
salinity@015,2011,31.74
salinity@015,2011,31.73
salinity@015,2011,31.71
salinity@015,2011,31.7
salinity@015,2011,31.82
salinity@015,2011,31.81
salinity@015,2011,31.8
salinity@015,2011,31.79
salinity@015,2011,31.77
salinity@015,2011,31.76
salinity@015,2011,31.75
salinity@015,2011,31.74
salinity@015,2011,31.73
salinity@015,2011,31.71
salinity@015,2011,31.7
salinity@015,2011,31.84
salinity@015,2011,31.82
salinity@015,2011,31.81
salinity@015,2011,31.8
salinity@015,2011,31.79
salinity@015,2011,31.77
salinity@015,2011,31.76
salinity@015,2011,31.75
salinity@015,2011,31.74
salinity@015,2011,31.73
salinity@015,2011,31.71
salinity@015,2011,31.7
salinity@015,2011,31.85
salinity@015,2011,31.84
salinity@015,2011,31.82
salinity@015,2011,31.81
salinity@015,2011,31.8
salinity@015,2011,31.79
salinity@015,2011,31.77
salinity@015,2011,31.76
salinity@015,2011,31.75
salinity@015,2011,31.74
salinity@015,2011,31.73
salinity@015,2011,31.71
salinity@015,2011,31.85
salinity@015,2011,31.84
salinity@015,2011,31.82
salinity@015,2011,31.81
salinity@015,2011,31.8
salinity@015,2011,31.79
salinity@015,2011,31.77
salinity@015,2011,31.76
salinity@015,2011,31.75
salinity@015,2011,31.74
salinity@015,2011,31.73
salinity@015,2011,31.86
salinity@015,2011,31.85
salinity@015,2011,31.84
salinity@015,2011,31.82
salinity@015,2011,31.81
salinity@015,2011,31.8
salinity@015,2011,31.79
salinity@015,2011,31.77
salinity@015,2011,31.76
salinity@015,2011,31.75
salinity@015,2011,31.74
salinity@015,2011,31.73
salinity@015,2011,31.87
salinity@015,2011,31.86
salinity@015,2011,31.85
salinity@015,2011,31.84
salinity@015,2011,31.82
salinity@015,2011,31.81
salinity@015,2011,31.8
salinity@015,2011,31.79
salinity@015,2011,31.77
salinity@015,2011,31.76
salinity@015,2011,31.75
salinity@015,2011,31.74
salinity@015,2011,31.88
salinity@015,2011,31.87
salinity@015,2011,31.86
salinity@015,2011,31.85
salinity@015,2011,31.84
salinity@015,2011,31.82
salinity@015,2011,31.81
salinity@015,2011,31.8
salinity@015,2011,31.79
salinity@015,2011,31.77
salinity@015,2011,31.76
salinity@015,2011,31.75
salinity@015,2011,31.88
salinity@015,2011,31.87
salinity@015,2011,31.86
salinity@015,2011,31.85
salinity@015,2011,31.84
salinity@015,2011,31.82
salinity@015,2011,31.81
salinity@015,2011,31.8
salinity@015,2011,31.79
salinity@015,2011,31.77
salinity@015,2011,31.76
salinity@015,2011,31.9
salinity@015,2011,31.88
salinity@015,2011,31.87
salinity@015,2011,31.86
salinity@015,2011,31.85
salinity@015,2011,31.84
salinity@015,2011,31.82
salinity@015,2011,31.81
salinity@015,2011,31.8
salinity@015,2011,31.79
salinity@015,2011,31.77
salinity@015,2011,31.76
salinity@015,2011,31.91
salinity@015,2011,31.9
salinity@015,2011,31.88
salinity@015,2011,31.87
salinity@015,2011,31.86
salinity@015,2011,31.85
salinity@015,2011,31.84
salinity@015,2011,31.82
salinity@015,2011,31.81
salinity@015,2011,31.8
salinity@015,2011,31.79
salinity@015,2011,31.77
salinity@015,2011,31.93
salinity@015,2011,31.92
salinity@015,2011,31.91
salinity@015,2011,31.9
salinity@015,2011,31.88
salinity@015,2011,31.87
salinity@015,2011,31.86
salinity@015,2011,31.85
salinity@015,2011,31.84
salinity@015,2011,31.82
salinity@015,2011,31.81
salinity@015,2011,31.8
salinity@015,2011,31.79
salinity@015,2011,31.97
salinity@015,2011,31.96
salinity@015,2011,31.94
salinity@015,2011,31.93
salinity@015,2011,31.92
salinity@015,2011,31.91
salinity@015,2011,31.9
salinity@015,2011,31.88
salinity@015,2011,31.87
salinity@015,2011,31.86
salinity@015,2011,31.85
salinity@015,2011,31.84
salinity@015,2011,31.82
salinity@015,2011,31.81
salinity@015,2011,31.8
salinity@015,2011,31.99
salinity@015,2011,31.98
salinity@015,2011,31.97
salinity@015,2011,31.96
salinity@015,2011,31.94
salinity@015,2011,31.93
salinity@015,2011,31.92
salinity@015,2011,31.91
salinity@015,2011,31.9
salinity@015,2011,31.88
salinity@015,2011,31.87
salinity@015,2011,31.86
salinity@015,2011,31.85
salinity@015,2011,31.84
salinity@015,2011,31.82
salinity@015,2011,31.81
salinity@015,2011,31.8
salinity@015,2011,32.02
salinity@015,2011,32
salinity@015,2011,31.99
salinity@015,2011,31.98
salinity@015,2011,31.97
salinity@015,2011,31.96
salinity@015,2011,31.94
salinity@015,2011,31.93
salinity@015,2011,31.92
salinity@015,2011,31.91
salinity@015,2011,31.9
salinity@015,2011,31.88
salinity@015,2011,31.87
salinity@015,2011,31.86
salinity@015,2011,31.85
salinity@015,2011,31.84
salinity@015,2011,31.82
salinity@015,2011,31.81
salinity@015,2011,32.04
salinity@015,2011,32.03
salinity@015,2011,32.02
salinity@015,2011,32
salinity@015,2011,31.99
salinity@015,2011,31.98
salinity@015,2011,31.97
salinity@015,2011,31.96
salinity@015,2011,31.94
salinity@015,2011,31.93
salinity@015,2011,31.92
salinity@015,2011,31.91
salinity@015,2011,31.9
salinity@015,2011,31.88
salinity@015,2011,31.87
salinity@015,2011,31.86
salinity@015,2011,31.85
salinity@015,2011,31.84
salinity@015,2011,31.82
salinity@015,2011,32.06
salinity@015,2011,32.05
salinity@015,2011,32.04
salinity@015,2011,32.03
salinity@015,2011,32.02
salinity@015,2011,32
salinity@015,2011,31.99
salinity@015,2011,31.98
salinity@015,2011,31.97
salinity@015,2011,31.96
salinity@015,2011,31.94
salinity@015,2011,31.93
salinity@015,2011,31.92
salinity@015,2011,31.91
salinity@015,2011,31.9
salinity@015,2011,31.88
salinity@015,2011,31.87
salinity@015,2011,31.86
salinity@015,2011,31.85
salinity@015,2011,31.84
salinity@015,2011,32.09
salinity@015,2011,32.08
salinity@015,2011,32.06
salinity@015,2011,32.05
salinity@015,2011,32.04
salinity@015,2011,32.03
salinity@015,2011,32.02
salinity@015,2011,32
salinity@015,2011,31.99
salinity@015,2011,31.98
salinity@015,2011,31.97
salinity@015,2011,31.96
salinity@015,2011,31.94
salinity@015,2011,31.93
salinity@015,2011,31.92
salinity@015,2011,31.91
salinity@015,2011,31.9
salinity@015,2011,31.88
salinity@015,2011,31.87
salinity@015,2011,31.86
salinity@015,2011,31.85
salinity@015,2011,32.11
salinity@015,2011,32.1
salinity@015,2011,32.09
salinity@015,2011,32.08
salinity@015,2011,32.06
salinity@015,2011,32.05
salinity@015,2011,32.04
salinity@015,2011,32.03
salinity@015,2011,32.02
salinity@015,2011,32
salinity@015,2011,31.99
salinity@015,2011,31.98
salinity@015,2011,31.97
salinity@015,2011,31.96
salinity@015,2011,31.94
salinity@015,2011,31.93
salinity@015,2011,31.92
salinity@015,2011,31.91
salinity@015,2011,31.9
salinity@015,2011,31.88
salinity@015,2011,31.87
salinity@015,2011,31.86
salinity@015,2011,32.14
salinity@015,2011,32.13
salinity@015,2011,32.11
salinity@015,2011,32.1
salinity@015,2011,32.09
salinity@015,2011,32.08
salinity@015,2011,32.06
salinity@015,2011,32.05
salinity@015,2011,32.04
salinity@015,2011,32.03
salinity@015,2011,32.02
salinity@015,2011,32
salinity@015,2011,31.99
salinity@015,2011,31.98
salinity@015,2011,31.97
salinity@015,2011,31.96
salinity@015,2011,31.94
salinity@015,2011,31.93
salinity@015,2011,31.92
salinity@015,2011,31.91
salinity@015,2011,31.9
salinity@015,2011,31.88
salinity@015,2011,32.16
salinity@015,2011,32.15
salinity@015,2011,32.14
salinity@015,2011,32.13
salinity@015,2011,32.11
salinity@015,2011,32.1
salinity@015,2011,32.09
salinity@015,2011,32.08
salinity@015,2011,32.06
salinity@015,2011,32.05
salinity@015,2011,32.04
salinity@015,2011,32.03
salinity@015,2011,32.02
salinity@015,2011,32
salinity@015,2011,31.99
salinity@015,2011,31.98
salinity@015,2011,31.97
salinity@015,2011,31.96
salinity@015,2011,31.94
salinity@015,2011,31.93
salinity@015,2011,31.92
salinity@015,2011,31.91
salinity@015,2011,32.19
salinity@015,2011,32.17
salinity@015,2011,32.16
salinity@015,2011,32.15
salinity@015,2011,32.14
salinity@015,2011,32.13
salinity@015,2011,32.11
salinity@015,2011,32.1
salinity@015,2011,32.09
salinity@015,2011,32.08
salinity@015,2011,32.06
salinity@015,2011,32.05
salinity@015,2011,32.04
salinity@015,2011,32.03
salinity@015,2011,32.02
salinity@015,2011,32
salinity@015,2011,31.99
salinity@015,2011,31.98
salinity@015,2011,31.97
salinity@015,2011,31.96
salinity@015,2011,31.94
salinity@015,2011,31.93
salinity@015,2011,32.21
salinity@015,2011,32.2
salinity@015,2011,32.19
salinity@015,2011,32.17
salinity@015,2011,32.16
salinity@015,2011,32.15
salinity@015,2011,32.14
salinity@015,2011,32.13
salinity@015,2011,32.11
salinity@015,2011,32.1
salinity@015,2011,32.09
salinity@015,2011,32.08
salinity@015,2011,32.06
salinity@015,2011,32.05
salinity@015,2011,32.04
salinity@015,2011,32.03
salinity@015,2011,32.02
salinity@015,2011,32
salinity@015,2011,31.99
salinity@015,2011,31.98
salinity@015,2011,31.97
salinity@015,2011,31.96
salinity@015,2011,32.23
salinity@015,2011,32.22
salinity@015,2011,32.21
salinity@015,2011,32.2
salinity@015,2011,32.19
salinity@015,2011,32.17
salinity@015,2011,32.16
salinity@015,2011,32.15
salinity@015,2011,32.14
salinity@015,2011,32.13
salinity@015,2011,32.11
salinity@015,2011,32.1
salinity@015,2011,32.09
salinity@015,2011,32.08
salinity@015,2011,32.06
salinity@015,2011,32.05
salinity@015,2011,32.04
salinity@015,2011,32.03
salinity@015,2011,32.02
salinity@015,2011,32
salinity@015,2011,31.99
salinity@015,2011,32.25
salinity@015,2011,32.23
salinity@015,2011,32.22
salinity@015,2011,32.21
salinity@015,2011,32.2
salinity@015,2011,32.19
salinity@015,2011,32.17
salinity@015,2011,32.16
salinity@015,2011,32.15
salinity@015,2011,32.14
salinity@015,2011,32.13
salinity@015,2011,32.11
salinity@015,2011,32.1
salinity@015,2011,32.09
salinity@015,2011,32.08
salinity@015,2011,32.06
salinity@015,2011,32.05
salinity@015,2011,32.04
salinity@015,2011,32.03
salinity@015,2011,32.02
salinity@015,2011,32.26
salinity@015,2011,32.25
salinity@015,2011,32.23
salinity@015,2011,32.22
salinity@015,2011,32.21
salinity@015,2011,32.2
salinity@015,2011,32.19
salinity@015,2011,32.17
salinity@015,2011,32.16
salinity@015,2011,32.15
salinity@015,2011,32.14
salinity@015,2011,32.13
salinity@015,2011,32.11
salinity@015,2011,32.1
salinity@015,2011,32.09
salinity@015,2011,32.08
salinity@015,2011,32.06
salinity@015,2011,32.05
salinity@015,2011,32.04
salinity@015,2011,32.26
salinity@015,2011,32.25
salinity@015,2011,32.23
salinity@015,2011,32.22
salinity@015,2011,32.21
salinity@015,2011,32.2
salinity@015,2011,32.19
salinity@015,2011,32.17
salinity@015,2011,32.16
salinity@015,2011,32.15
salinity@015,2011,32.14
salinity@015,2011,32.13
salinity@015,2011,32.11
salinity@015,2011,32.1
salinity@015,2011,32.09
salinity@015,2011,32.08
salinity@015,2011,32.06
salinity@015,2011,32.26
salinity@015,2011,32.25
salinity@015,2011,32.23
salinity@015,2011,32.22
salinity@015,2011,32.21
salinity@015,2011,32.2
salinity@015,2011,32.19
salinity@015,2011,32.17
salinity@015,2011,32.16
salinity@015,2011,32.15
salinity@015,2011,32.14
salinity@015,2011,32.13
salinity@015,2011,32.11
salinity@015,2011,32.1
salinity@015,2011,32.09
salinity@015,2011,32.27
salinity@015,2011,32.26
salinity@015,2011,32.25
salinity@015,2011,32.23
salinity@015,2011,32.22
salinity@015,2011,32.21
salinity@015,2011,32.2
salinity@015,2011,32.19
salinity@015,2011,32.17
salinity@015,2011,32.16
salinity@015,2011,32.15
salinity@015,2011,32.14
salinity@015,2011,32.13
salinity@015,2011,32.11
salinity@015,2011,32.27
salinity@015,2011,32.26
salinity@015,2011,32.25
salinity@015,2011,32.23
salinity@015,2011,32.22
salinity@015,2011,32.21
salinity@015,2011,32.2
salinity@015,2011,32.19
salinity@015,2011,32.17
salinity@015,2011,32.16
salinity@015,2011,32.15
salinity@015,2011,32.14
salinity@015,2011,32.27
salinity@015,2011,32.26
salinity@015,2011,32.25
salinity@015,2011,32.23
salinity@015,2011,32.22
salinity@015,2011,32.21
salinity@015,2011,32.2
salinity@015,2011,32.19
salinity@015,2011,32.17
salinity@015,2011,32.16
salinity@015,2011,32.27
salinity@015,2011,32.26
salinity@015,2011,32.25
salinity@015,2011,32.23
salinity@015,2011,32.22
salinity@015,2011,32.21
salinity@015,2011,32.2
salinity@015,2011,32.19
salinity@015,2011,32.17
salinity@015,2011,32.16
salinity@015,2011,32.27
salinity@015,2011,32.26
salinity@015,2011,32.25
salinity@015,2011,32.23
salinity@015,2011,32.22
salinity@015,2011,32.21
salinity@015,2011,32.2
salinity@015,2011,32.19
salinity@015,2011,32.17
salinity@015,2011,32.28
salinity@015,2011,32.27
salinity@015,2011,32.26
salinity@015,2011,32.25
salinity@015,2011,32.23
salinity@015,2011,32.22
salinity@015,2011,32.21
salinity@015,2011,32.2
salinity@015,2011,32.19
salinity@015,2011,32.17
salinity@015,2011,32.28
salinity@015,2011,32.27
salinity@015,2011,32.26
salinity@015,2011,32.25
salinity@015,2011,32.23
salinity@015,2011,32.22
salinity@015,2011,32.21
salinity@015,2011,32.2
salinity@015,2011,32.19
salinity@015,2011,32.17
salinity@015,2011,32.28
salinity@015,2011,32.27
salinity@015,2011,32.26
salinity@015,2011,32.25
salinity@015,2011,32.23
salinity@015,2011,32.22
salinity@015,2011,32.21
salinity@015,2011,32.2
salinity@015,2011,32.19
salinity@015,2011,32.17
salinity@015,2011,32.28
salinity@015,2011,32.27
salinity@015,2011,32.26
salinity@015,2011,32.25
salinity@015,2011,32.23
salinity@015,2011,32.22
salinity@015,2011,32.21
salinity@015,2011,32.2
salinity@015,2011,32.19
salinity@015,2011,32.29
salinity@015,2011,32.28
salinity@015,2011,32.27
salinity@015,2011,32.26
salinity@015,2011,32.25
salinity@015,2011,32.23
salinity@015,2011,32.22
salinity@015,2011,32.21
salinity@015,2011,32.2
salinity@015,2011,32.19
salinity@015,2011,32.29
salinity@015,2011,32.28
salinity@015,2011,32.27
salinity@015,2011,32.26
salinity@015,2011,32.25
salinity@015,2011,32.23
salinity@015,2011,32.22
salinity@015,2011,32.21
salinity@015,2011,32.2
salinity@015,2011,32.19
salinity@015,2011,32.29
salinity@015,2011,32.28
salinity@015,2011,32.27
salinity@015,2011,32.26
salinity@015,2011,32.25
salinity@015,2011,32.23
salinity@015,2011,32.22
salinity@015,2011,32.21
salinity@015,2011,32.2
salinity@015,2011,32.19
salinity@015,2011,32.29
salinity@015,2011,32.28
salinity@015,2011,32.27
salinity@015,2011,32.26
salinity@015,2011,32.25
salinity@015,2011,32.23
salinity@015,2011,32.22
salinity@015,2011,32.21
salinity@015,2011,32.2
salinity@015,2011,32.19
salinity@015,2011,32.28
salinity@015,2011,32.27
salinity@015,2011,32.26
salinity@015,2011,32.25
salinity@015,2011,32.23
salinity@015,2011,32.22
salinity@015,2011,32.21
salinity@015,2011,32.2
salinity@015,2011,32.28
salinity@015,2011,32.27
salinity@015,2011,32.26
salinity@015,2011,32.25
salinity@015,2011,32.23
salinity@015,2011,32.22
salinity@015,2011,32.21
salinity@015,2011,32.2
salinity@015,2011,32.27
salinity@015,2011,32.26
salinity@015,2011,32.25
salinity@015,2011,32.23
salinity@015,2011,32.22
salinity@015,2011,32.21
salinity@015,2012,33.14
salinity@015,2012,33.13
salinity@015,2012,33.12
salinity@015,2012,33.1
salinity@015,2012,33.14
salinity@015,2012,33.13
salinity@015,2012,33.12
salinity@015,2012,33.1
salinity@015,2012,33.14
salinity@015,2012,33.13
salinity@015,2012,33.12
salinity@015,2012,33.1
salinity@015,2012,33.14
salinity@015,2012,33.13
salinity@015,2012,33.12
salinity@015,2012,33.1
salinity@015,2012,33.14
salinity@015,2012,33.13
salinity@015,2012,33.12
salinity@015,2012,33.1
salinity@015,2012,33.14
salinity@015,2012,33.13
salinity@015,2012,33.12
salinity@015,2012,33.1
salinity@015,2012,33.14
salinity@015,2012,33.13
salinity@015,2012,33.12
salinity@015,2012,33.1
salinity@015,2012,33.14
salinity@015,2012,33.13
salinity@015,2012,33.12
salinity@015,2012,33.1
salinity@015,2012,33.14
salinity@015,2012,33.13
salinity@015,2012,33.12
salinity@015,2012,33.1
salinity@015,2012,33.14
salinity@015,2012,33.13
salinity@015,2012,33.12
salinity@015,2012,33.1
salinity@015,2012,33.14
salinity@015,2012,33.13
salinity@015,2012,33.12
salinity@015,2012,33.1
salinity@015,2012,33.14
salinity@015,2012,33.13
salinity@015,2012,33.12
salinity@015,2012,33.1
salinity@015,2012,33.14
salinity@015,2012,33.13
salinity@015,2012,33.12
salinity@015,2012,33.1
salinity@015,2012,33.14
salinity@015,2012,33.13
salinity@015,2012,33.12
salinity@015,2012,33.1
salinity@015,2012,33.14
salinity@015,2012,33.13
salinity@015,2012,33.12
salinity@015,2012,33.1
salinity@015,2012,33.14
salinity@015,2012,33.13
salinity@015,2012,33.12
salinity@015,2012,33.1
salinity@015,2012,33.14
salinity@015,2012,33.13
salinity@015,2012,33.12
salinity@015,2012,33.1
salinity@015,2012,32.96
salinity@015,2012,32.95
salinity@015,2012,32.94
salinity@015,2012,32.92
salinity@015,2012,32.91
salinity@015,2012,33.14
salinity@015,2012,33.13
salinity@015,2012,33.12
salinity@015,2012,33.1
salinity@015,2012,32.98
salinity@015,2012,32.97
salinity@015,2012,32.96
salinity@015,2012,32.95
salinity@015,2012,32.94
salinity@015,2012,32.92
salinity@015,2012,32.91
salinity@015,2012,32.9
salinity@015,2012,33.14
salinity@015,2012,33.13
salinity@015,2012,33.12
salinity@015,2012,33.1
salinity@015,2012,32.98
salinity@015,2012,32.97
salinity@015,2012,32.96
salinity@015,2012,32.95
salinity@015,2012,32.94
salinity@015,2012,32.92
salinity@015,2012,32.91
salinity@015,2012,32.9
salinity@015,2012,32.89
salinity@015,2012,33.14
salinity@015,2012,33.13
salinity@015,2012,33.12
salinity@015,2012,33.1
salinity@015,2012,33
salinity@015,2012,32.98
salinity@015,2012,32.97
salinity@015,2012,32.96
salinity@015,2012,32.95
salinity@015,2012,32.94
salinity@015,2012,32.92
salinity@015,2012,32.91
salinity@015,2012,32.9
salinity@015,2012,32.89
salinity@015,2012,33.14
salinity@015,2012,33.13
salinity@015,2012,33.12
salinity@015,2012,33.1
salinity@015,2012,33
salinity@015,2012,32.98
salinity@015,2012,32.97
salinity@015,2012,32.96
salinity@015,2012,32.95
salinity@015,2012,32.94
salinity@015,2012,32.92
salinity@015,2012,32.91
salinity@015,2012,32.9
salinity@015,2012,32.89
salinity@015,2012,32.88
salinity@015,2012,33.14
salinity@015,2012,33.13
salinity@015,2012,33.12
salinity@015,2012,33.1
salinity@015,2012,33
salinity@015,2012,32.98
salinity@015,2012,32.97
salinity@015,2012,32.96
salinity@015,2012,32.95
salinity@015,2012,32.94
salinity@015,2012,32.92
salinity@015,2012,32.91
salinity@015,2012,32.9
salinity@015,2012,32.89
salinity@015,2012,32.88
salinity@015,2012,32.86
salinity@015,2012,33.14
salinity@015,2012,33.13
salinity@015,2012,33.12
salinity@015,2012,33.1
salinity@015,2012,32.98
salinity@015,2012,32.97
salinity@015,2012,32.96
salinity@015,2012,32.95
salinity@015,2012,32.94
salinity@015,2012,32.92
salinity@015,2012,32.91
salinity@015,2012,32.9
salinity@015,2012,32.89
salinity@015,2012,32.88
salinity@015,2012,32.86
salinity@015,2012,32.85
salinity@015,2012,33.14
salinity@015,2012,33.13
salinity@015,2012,33.12
salinity@015,2012,33.1
salinity@015,2012,32.98
salinity@015,2012,32.97
salinity@015,2012,32.96
salinity@015,2012,32.95
salinity@015,2012,32.94
salinity@015,2012,32.92
salinity@015,2012,32.91
salinity@015,2012,32.9
salinity@015,2012,32.89
salinity@015,2012,32.88
salinity@015,2012,32.86
salinity@015,2012,32.85
salinity@015,2012,33.13
salinity@015,2012,33.12
salinity@015,2012,33.1
salinity@015,2012,32.97
salinity@015,2012,32.96
salinity@015,2012,32.95
salinity@015,2012,32.94
salinity@015,2012,32.92
salinity@015,2012,32.91
salinity@015,2012,32.9
salinity@015,2012,32.89
salinity@015,2012,32.88
salinity@015,2012,32.86
salinity@015,2012,32.85
salinity@015,2012,32.84
salinity@015,2012,33.12
salinity@015,2012,33.1
salinity@015,2012,32.96
salinity@015,2012,32.95
salinity@015,2012,32.94
salinity@015,2012,32.92
salinity@015,2012,32.91
salinity@015,2012,32.9
salinity@015,2012,32.89
salinity@015,2012,32.88
salinity@015,2012,32.86
salinity@015,2012,32.85
salinity@015,2012,32.84
salinity@015,2012,32.83
salinity@015,2012,33.1
salinity@015,2012,32.95
salinity@015,2012,32.94
salinity@015,2012,32.92
salinity@015,2012,32.91
salinity@015,2012,32.9
salinity@015,2012,32.89
salinity@015,2012,32.88
salinity@015,2012,32.86
salinity@015,2012,32.85
salinity@015,2012,32.84
salinity@015,2012,32.83
salinity@015,2012,32.81
salinity@015,2012,33.1
salinity@015,2012,32.95
salinity@015,2012,32.94
salinity@015,2012,32.92
salinity@015,2012,32.91
salinity@015,2012,32.9
salinity@015,2012,32.89
salinity@015,2012,32.88
salinity@015,2012,32.86
salinity@015,2012,32.85
salinity@015,2012,32.84
salinity@015,2012,32.83
salinity@015,2012,32.81
salinity@015,2012,32.8
salinity@015,2012,32.94
salinity@015,2012,32.92
salinity@015,2012,32.91
salinity@015,2012,32.9
salinity@015,2012,32.89
salinity@015,2012,32.88
salinity@015,2012,32.86
salinity@015,2012,32.85
salinity@015,2012,32.84
salinity@015,2012,32.83
salinity@015,2012,32.81
salinity@015,2012,32.8
salinity@015,2012,32.92
salinity@015,2012,32.91
salinity@015,2012,32.9
salinity@015,2012,32.89
salinity@015,2012,32.88
salinity@015,2012,32.86
salinity@015,2012,32.85
salinity@015,2012,32.84
salinity@015,2012,32.83
salinity@015,2012,32.81
salinity@015,2012,32.8
salinity@015,2012,32.79
salinity@015,2012,32.78
salinity@015,2012,32.77
salinity@015,2012,32.91
salinity@015,2012,32.9
salinity@015,2012,32.89
salinity@015,2012,32.88
salinity@015,2012,32.86
salinity@015,2012,32.85
salinity@015,2012,32.84
salinity@015,2012,32.83
salinity@015,2012,32.81
salinity@015,2012,32.8
salinity@015,2012,32.79
salinity@015,2012,32.78
salinity@015,2012,32.77
salinity@015,2012,32.75
salinity@015,2012,32.74
salinity@015,2012,32.73
salinity@015,2012,32.72
salinity@015,2012,32.71
salinity@015,2012,32.69
salinity@015,2012,32.9
salinity@015,2012,32.89
salinity@015,2012,32.88
salinity@015,2012,32.86
salinity@015,2012,32.85
salinity@015,2012,32.84
salinity@015,2012,32.83
salinity@015,2012,32.81
salinity@015,2012,32.8
salinity@015,2012,32.79
salinity@015,2012,32.78
salinity@015,2012,32.77
salinity@015,2012,32.75
salinity@015,2012,32.74
salinity@015,2012,32.73
salinity@015,2012,32.72
salinity@015,2012,32.71
salinity@015,2012,32.69
salinity@015,2012,32.68
salinity@015,2012,32.67
salinity@015,2012,32.66
salinity@015,2012,32.65
salinity@015,2012,32.63
salinity@015,2012,32.9
salinity@015,2012,32.89
salinity@015,2012,32.88
salinity@015,2012,32.86
salinity@015,2012,32.85
salinity@015,2012,32.84
salinity@015,2012,32.83
salinity@015,2012,32.81
salinity@015,2012,32.8
salinity@015,2012,32.79
salinity@015,2012,32.78
salinity@015,2012,32.77
salinity@015,2012,32.75
salinity@015,2012,32.74
salinity@015,2012,32.73
salinity@015,2012,32.72
salinity@015,2012,32.71
salinity@015,2012,32.69
salinity@015,2012,32.68
salinity@015,2012,32.67
salinity@015,2012,32.66
salinity@015,2012,32.65
salinity@015,2012,32.63
salinity@015,2012,32.62
salinity@015,2012,32.61
salinity@015,2012,32.6
salinity@015,2012,32.58
salinity@015,2012,32.57
salinity@015,2012,32.56
salinity@015,2012,32.89
salinity@015,2012,32.88
salinity@015,2012,32.86
salinity@015,2012,32.85
salinity@015,2012,32.84
salinity@015,2012,32.83
salinity@015,2012,32.81
salinity@015,2012,32.8
salinity@015,2012,32.79
salinity@015,2012,32.78
salinity@015,2012,32.77
salinity@015,2012,32.75
salinity@015,2012,32.74
salinity@015,2012,32.73
salinity@015,2012,32.72
salinity@015,2012,32.71
salinity@015,2012,32.69
salinity@015,2012,32.68
salinity@015,2012,32.67
salinity@015,2012,32.66
salinity@015,2012,32.65
salinity@015,2012,32.63
salinity@015,2012,32.62
salinity@015,2012,32.61
salinity@015,2012,32.6
salinity@015,2012,32.58
salinity@015,2012,32.57
salinity@015,2012,32.56
salinity@015,2012,32.55
salinity@015,2012,32.54
salinity@015,2012,32.52
salinity@015,2012,32.51
salinity@015,2012,32.5
salinity@015,2012,32.88
salinity@015,2012,32.86
salinity@015,2012,32.85
salinity@015,2012,32.84
salinity@015,2012,32.83
salinity@015,2012,32.81
salinity@015,2012,32.8
salinity@015,2012,32.79
salinity@015,2012,32.78
salinity@015,2012,32.77
salinity@015,2012,32.75
salinity@015,2012,32.74
salinity@015,2012,32.73
salinity@015,2012,32.72
salinity@015,2012,32.71
salinity@015,2012,32.69
salinity@015,2012,32.68
salinity@015,2012,32.67
salinity@015,2012,32.66
salinity@015,2012,32.65
salinity@015,2012,32.63
salinity@015,2012,32.62
salinity@015,2012,32.61
salinity@015,2012,32.6
salinity@015,2012,32.58
salinity@015,2012,32.57
salinity@015,2012,32.56
salinity@015,2012,32.55
salinity@015,2012,32.54
salinity@015,2012,32.52
salinity@015,2012,32.51
salinity@015,2012,32.5
salinity@015,2012,32.49
salinity@015,2012,32.48
salinity@015,2012,32.46
salinity@015,2012,32.45
salinity@015,2012,32.44
salinity@015,2012,32.43
salinity@015,2012,32.86
salinity@015,2012,32.85
salinity@015,2012,32.84
salinity@015,2012,32.83
salinity@015,2012,32.81
salinity@015,2012,32.8
salinity@015,2012,32.79
salinity@015,2012,32.78
salinity@015,2012,32.77
salinity@015,2012,32.75
salinity@015,2012,32.74
salinity@015,2012,32.73
salinity@015,2012,32.72
salinity@015,2012,32.71
salinity@015,2012,32.69
salinity@015,2012,32.68
salinity@015,2012,32.67
salinity@015,2012,32.66
salinity@015,2012,32.65
salinity@015,2012,32.63
salinity@015,2012,32.62
salinity@015,2012,32.61
salinity@015,2012,32.6
salinity@015,2012,32.58
salinity@015,2012,32.57
salinity@015,2012,32.56
salinity@015,2012,32.55
salinity@015,2012,32.54
salinity@015,2012,32.52
salinity@015,2012,32.51
salinity@015,2012,32.5
salinity@015,2012,32.49
salinity@015,2012,32.48
salinity@015,2012,32.46
salinity@015,2012,32.45
salinity@015,2012,32.44
salinity@015,2012,32.43
salinity@015,2012,32.42
salinity@015,2012,32.4
salinity@015,2012,32.39
salinity@015,2012,32.38
salinity@015,2012,32.37
salinity@015,2012,32.86
salinity@015,2012,32.85
salinity@015,2012,32.84
salinity@015,2012,32.83
salinity@015,2012,32.81
salinity@015,2012,32.8
salinity@015,2012,32.79
salinity@015,2012,32.78
salinity@015,2012,32.77
salinity@015,2012,32.75
salinity@015,2012,32.74
salinity@015,2012,32.73
salinity@015,2012,32.72
salinity@015,2012,32.71
salinity@015,2012,32.69
salinity@015,2012,32.68
salinity@015,2012,32.67
salinity@015,2012,32.66
salinity@015,2012,32.65
salinity@015,2012,32.63
salinity@015,2012,32.62
salinity@015,2012,32.61
salinity@015,2012,32.6
salinity@015,2012,32.58
salinity@015,2012,32.57
salinity@015,2012,32.56
salinity@015,2012,32.55
salinity@015,2012,32.54
salinity@015,2012,32.52
salinity@015,2012,32.51
salinity@015,2012,32.5
salinity@015,2012,32.49
salinity@015,2012,32.48
salinity@015,2012,32.46
salinity@015,2012,32.45
salinity@015,2012,32.44
salinity@015,2012,32.43
salinity@015,2012,32.42
salinity@015,2012,32.4
salinity@015,2012,32.39
salinity@015,2012,32.38
salinity@015,2012,32.37
salinity@015,2012,32.36
salinity@015,2012,32.34
salinity@015,2012,32.33
salinity@015,2012,32.32
salinity@015,2012,32.31
salinity@015,2012,32.29
salinity@015,2012,32.84
salinity@015,2012,32.83
salinity@015,2012,32.81
salinity@015,2012,32.8
salinity@015,2012,32.79
salinity@015,2012,32.78
salinity@015,2012,32.77
salinity@015,2012,32.75
salinity@015,2012,32.74
salinity@015,2012,32.73
salinity@015,2012,32.72
salinity@015,2012,32.71
salinity@015,2012,32.69
salinity@015,2012,32.68
salinity@015,2012,32.67
salinity@015,2012,32.66
salinity@015,2012,32.65
salinity@015,2012,32.63
salinity@015,2012,32.62
salinity@015,2012,32.61
salinity@015,2012,32.6
salinity@015,2012,32.58
salinity@015,2012,32.57
salinity@015,2012,32.56
salinity@015,2012,32.55
salinity@015,2012,32.54
salinity@015,2012,32.52
salinity@015,2012,32.51
salinity@015,2012,32.5
salinity@015,2012,32.49
salinity@015,2012,32.48
salinity@015,2012,32.46
salinity@015,2012,32.45
salinity@015,2012,32.44
salinity@015,2012,32.43
salinity@015,2012,32.42
salinity@015,2012,32.4
salinity@015,2012,32.39
salinity@015,2012,32.38
salinity@015,2012,32.37
salinity@015,2012,32.36
salinity@015,2012,32.34
salinity@015,2012,32.33
salinity@015,2012,32.32
salinity@015,2012,32.31
salinity@015,2012,32.29
salinity@015,2012,32.28
salinity@015,2012,32.27
salinity@015,2012,32.26
salinity@015,2012,32.25
salinity@015,2012,32.23
salinity@015,2012,32.8
salinity@015,2012,32.79
salinity@015,2012,32.78
salinity@015,2012,32.77
salinity@015,2012,32.75
salinity@015,2012,32.74
salinity@015,2012,32.73
salinity@015,2012,32.72
salinity@015,2012,32.71
salinity@015,2012,32.69
salinity@015,2012,32.68
salinity@015,2012,32.67
salinity@015,2012,32.66
salinity@015,2012,32.65
salinity@015,2012,32.63
salinity@015,2012,32.62
salinity@015,2012,32.61
salinity@015,2012,32.6
salinity@015,2012,32.58
salinity@015,2012,32.57
salinity@015,2012,32.56
salinity@015,2012,32.55
salinity@015,2012,32.54
salinity@015,2012,32.52
salinity@015,2012,32.51
salinity@015,2012,32.5
salinity@015,2012,32.49
salinity@015,2012,32.48
salinity@015,2012,32.46
salinity@015,2012,32.45
salinity@015,2012,32.44
salinity@015,2012,32.43
salinity@015,2012,32.42
salinity@015,2012,32.4
salinity@015,2012,32.39
salinity@015,2012,32.38
salinity@015,2012,32.37
salinity@015,2012,32.36
salinity@015,2012,32.34
salinity@015,2012,32.33
salinity@015,2012,32.32
salinity@015,2012,32.31
salinity@015,2012,32.29
salinity@015,2012,32.28
salinity@015,2012,32.27
salinity@015,2012,32.26
salinity@015,2012,32.25
salinity@015,2012,32.23
salinity@015,2012,32.22
salinity@015,2012,32.21
salinity@015,2012,32.2
salinity@015,2012,32.19
salinity@015,2012,32.17
salinity@015,2012,32.73
salinity@015,2012,32.72
salinity@015,2012,32.71
salinity@015,2012,32.69
salinity@015,2012,32.68
salinity@015,2012,32.67
salinity@015,2012,32.66
salinity@015,2012,32.65
salinity@015,2012,32.63
salinity@015,2012,32.62
salinity@015,2012,32.61
salinity@015,2012,32.6
salinity@015,2012,32.58
salinity@015,2012,32.57
salinity@015,2012,32.56
salinity@015,2012,32.55
salinity@015,2012,32.54
salinity@015,2012,32.52
salinity@015,2012,32.51
salinity@015,2012,32.5
salinity@015,2012,32.49
salinity@015,2012,32.48
salinity@015,2012,32.46
salinity@015,2012,32.45
salinity@015,2012,32.44
salinity@015,2012,32.43
salinity@015,2012,32.42
salinity@015,2012,32.4
salinity@015,2012,32.39
salinity@015,2012,32.38
salinity@015,2012,32.37
salinity@015,2012,32.36
salinity@015,2012,32.34
salinity@015,2012,32.33
salinity@015,2012,32.32
salinity@015,2012,32.31
salinity@015,2012,32.29
salinity@015,2012,32.28
salinity@015,2012,32.27
salinity@015,2012,32.26
salinity@015,2012,32.25
salinity@015,2012,32.23
salinity@015,2012,32.22
salinity@015,2012,32.21
salinity@015,2012,32.2
salinity@015,2012,32.19
salinity@015,2012,32.17
salinity@015,2012,32.16
salinity@015,2012,32.15
salinity@015,2012,32.14
salinity@015,2012,32.13
salinity@015,2012,32.11
salinity@015,2012,32.1
salinity@015,2012,32.67
salinity@015,2012,32.66
salinity@015,2012,32.65
salinity@015,2012,32.63
salinity@015,2012,32.62
salinity@015,2012,32.61
salinity@015,2012,32.6
salinity@015,2012,32.58
salinity@015,2012,32.57
salinity@015,2012,32.56
salinity@015,2012,32.55
salinity@015,2012,32.54
salinity@015,2012,32.52
salinity@015,2012,32.51
salinity@015,2012,32.5
salinity@015,2012,32.49
salinity@015,2012,32.48
salinity@015,2012,32.46
salinity@015,2012,32.45
salinity@015,2012,32.44
salinity@015,2012,32.43
salinity@015,2012,32.42
salinity@015,2012,32.4
salinity@015,2012,32.39
salinity@015,2012,32.38
salinity@015,2012,32.37
salinity@015,2012,32.36
salinity@015,2012,32.34
salinity@015,2012,32.33
salinity@015,2012,32.32
salinity@015,2012,32.31
salinity@015,2012,32.29
salinity@015,2012,32.28
salinity@015,2012,32.27
salinity@015,2012,32.26
salinity@015,2012,32.25
salinity@015,2012,32.23
salinity@015,2012,32.22
salinity@015,2012,32.21
salinity@015,2012,32.2
salinity@015,2012,32.19
salinity@015,2012,32.17
salinity@015,2012,32.16
salinity@015,2012,32.15
salinity@015,2012,32.14
salinity@015,2012,32.13
salinity@015,2012,32.11
salinity@015,2012,32.1
salinity@015,2012,32.09
salinity@015,2012,32.08
salinity@015,2012,32.06
salinity@015,2012,32.05
salinity@015,2012,32.04
salinity@015,2012,32.6
salinity@015,2012,32.58
salinity@015,2012,32.57
salinity@015,2012,32.56
salinity@015,2012,32.55
salinity@015,2012,32.54
salinity@015,2012,32.52
salinity@015,2012,32.51
salinity@015,2012,32.5
salinity@015,2012,32.49
salinity@015,2012,32.48
salinity@015,2012,32.46
salinity@015,2012,32.45
salinity@015,2012,32.44
salinity@015,2012,32.43
salinity@015,2012,32.42
salinity@015,2012,32.4
salinity@015,2012,32.39
salinity@015,2012,32.38
salinity@015,2012,32.37
salinity@015,2012,32.36
salinity@015,2012,32.34
salinity@015,2012,32.33
salinity@015,2012,32.32
salinity@015,2012,32.31
salinity@015,2012,32.29
salinity@015,2012,32.28
salinity@015,2012,32.27
salinity@015,2012,32.26
salinity@015,2012,32.25
salinity@015,2012,32.23
salinity@015,2012,32.22
salinity@015,2012,32.21
salinity@015,2012,32.2
salinity@015,2012,32.19
salinity@015,2012,32.17
salinity@015,2012,32.16
salinity@015,2012,32.15
salinity@015,2012,32.14
salinity@015,2012,32.13
salinity@015,2012,32.11
salinity@015,2012,32.1
salinity@015,2012,32.09
salinity@015,2012,32.08
salinity@015,2012,32.06
salinity@015,2012,32.05
salinity@015,2012,32.04
salinity@015,2012,32.03
salinity@015,2012,32.02
salinity@015,2012,32
salinity@015,2012,31.99
salinity@015,2012,31.98
salinity@015,2012,31.97
salinity@015,2012,32.54
salinity@015,2012,32.52
salinity@015,2012,32.51
salinity@015,2012,32.5
salinity@015,2012,32.49
salinity@015,2012,32.48
salinity@015,2012,32.46
salinity@015,2012,32.45
salinity@015,2012,32.44
salinity@015,2012,32.43
salinity@015,2012,32.42
salinity@015,2012,32.4
salinity@015,2012,32.39
salinity@015,2012,32.38
salinity@015,2012,32.37
salinity@015,2012,32.36
salinity@015,2012,32.34
salinity@015,2012,32.33
salinity@015,2012,32.32
salinity@015,2012,32.31
salinity@015,2012,32.29
salinity@015,2012,32.28
salinity@015,2012,32.27
salinity@015,2012,32.26
salinity@015,2012,32.25
salinity@015,2012,32.23
salinity@015,2012,32.22
salinity@015,2012,32.21
salinity@015,2012,32.2
salinity@015,2012,32.19
salinity@015,2012,32.17
salinity@015,2012,32.16
salinity@015,2012,32.15
salinity@015,2012,32.14
salinity@015,2012,32.13
salinity@015,2012,32.11
salinity@015,2012,32.1
salinity@015,2012,32.09
salinity@015,2012,32.08
salinity@015,2012,32.06
salinity@015,2012,32.05
salinity@015,2012,32.04
salinity@015,2012,32.03
salinity@015,2012,32.02
salinity@015,2012,32
salinity@015,2012,31.99
salinity@015,2012,31.98
salinity@015,2012,31.97
salinity@015,2012,31.96
salinity@015,2012,31.94
salinity@015,2012,31.93
salinity@015,2012,31.92
salinity@015,2012,32.48
salinity@015,2012,32.46
salinity@015,2012,32.45
salinity@015,2012,32.44
salinity@015,2012,32.43
salinity@015,2012,32.42
salinity@015,2012,32.4
salinity@015,2012,32.39
salinity@015,2012,32.38
salinity@015,2012,32.37
salinity@015,2012,32.36
salinity@015,2012,32.34
salinity@015,2012,32.33
salinity@015,2012,32.32
salinity@015,2012,32.31
salinity@015,2012,32.29
salinity@015,2012,32.28
salinity@015,2012,32.27
salinity@015,2012,32.26
salinity@015,2012,32.25
salinity@015,2012,32.23
salinity@015,2012,32.22
salinity@015,2012,32.21
salinity@015,2012,32.2
salinity@015,2012,32.19
salinity@015,2012,32.17
salinity@015,2012,32.16
salinity@015,2012,32.15
salinity@015,2012,32.14
salinity@015,2012,32.13
salinity@015,2012,32.11
salinity@015,2012,32.1
salinity@015,2012,32.09
salinity@015,2012,32.08
salinity@015,2012,32.06
salinity@015,2012,32.05
salinity@015,2012,32.04
salinity@015,2012,32.03
salinity@015,2012,32.02
salinity@015,2012,32
salinity@015,2012,31.99
salinity@015,2012,31.98
salinity@015,2012,31.97
salinity@015,2012,31.96
salinity@015,2012,31.94
salinity@015,2012,31.93
salinity@015,2012,31.92
salinity@015,2012,31.91
salinity@015,2012,32.4
salinity@015,2012,32.39
salinity@015,2012,32.38
salinity@015,2012,32.37
salinity@015,2012,32.36
salinity@015,2012,32.34
salinity@015,2012,32.33
salinity@015,2012,32.32
salinity@015,2012,32.31
salinity@015,2012,32.29
salinity@015,2012,32.28
salinity@015,2012,32.27
salinity@015,2012,32.26
salinity@015,2012,32.25
salinity@015,2012,32.23
salinity@015,2012,32.22
salinity@015,2012,32.21
salinity@015,2012,32.2
salinity@015,2012,32.19
salinity@015,2012,32.17
salinity@015,2012,32.16
salinity@015,2012,32.15
salinity@015,2012,32.14
salinity@015,2012,32.13
salinity@015,2012,32.11
salinity@015,2012,32.1
salinity@015,2012,32.09
salinity@015,2012,32.08
salinity@015,2012,32.06
salinity@015,2012,32.05
salinity@015,2012,32.04
salinity@015,2012,32.03
salinity@015,2012,32.02
salinity@015,2012,32
salinity@015,2012,31.99
salinity@015,2012,31.98
salinity@015,2012,31.97
salinity@015,2012,31.96
salinity@015,2012,31.94
salinity@015,2012,31.93
salinity@015,2012,31.92
salinity@015,2012,31.91
salinity@015,2012,31.9
salinity@015,2012,32.34
salinity@015,2012,32.33
salinity@015,2012,32.32
salinity@015,2012,32.31
salinity@015,2012,32.29
salinity@015,2012,32.28
salinity@015,2012,32.27
salinity@015,2012,32.26
salinity@015,2012,32.25
salinity@015,2012,32.23
salinity@015,2012,32.22
salinity@015,2012,32.21
salinity@015,2012,32.2
salinity@015,2012,32.19
salinity@015,2012,32.17
salinity@015,2012,32.16
salinity@015,2012,32.15
salinity@015,2012,32.14
salinity@015,2012,32.13
salinity@015,2012,32.11
salinity@015,2012,32.1
salinity@015,2012,32.09
salinity@015,2012,32.08
salinity@015,2012,32.06
salinity@015,2012,32.05
salinity@015,2012,32.04
salinity@015,2012,32.03
salinity@015,2012,32.02
salinity@015,2012,32
salinity@015,2012,31.99
salinity@015,2012,31.98
salinity@015,2012,31.97
salinity@015,2012,31.96
salinity@015,2012,31.94
salinity@015,2012,31.93
salinity@015,2012,31.92
salinity@015,2012,31.91
salinity@015,2012,31.9
salinity@015,2012,32.27
salinity@015,2012,32.26
salinity@015,2012,32.25
salinity@015,2012,32.23
salinity@015,2012,32.22
salinity@015,2012,32.21
salinity@015,2012,32.2
salinity@015,2012,32.19
salinity@015,2012,32.17
salinity@015,2012,32.16
salinity@015,2012,32.15
salinity@015,2012,32.14
salinity@015,2012,32.13
salinity@015,2012,32.11
salinity@015,2012,32.1
salinity@015,2012,32.09
salinity@015,2012,32.08
salinity@015,2012,32.06
salinity@015,2012,32.05
salinity@015,2012,32.04
salinity@015,2012,32.03
salinity@015,2012,32.02
salinity@015,2012,32
salinity@015,2012,31.99
salinity@015,2012,31.98
salinity@015,2012,31.97
salinity@015,2012,31.96
salinity@015,2012,31.94
salinity@015,2012,31.93
salinity@015,2012,31.92
salinity@015,2012,31.91
salinity@015,2012,31.9
salinity@015,2012,31.88
salinity@015,2012,32.21
salinity@015,2012,32.2
salinity@015,2012,32.19
salinity@015,2012,32.17
salinity@015,2012,32.16
salinity@015,2012,32.15
salinity@015,2012,32.14
salinity@015,2012,32.13
salinity@015,2012,32.11
salinity@015,2012,32.1
salinity@015,2012,32.09
salinity@015,2012,32.08
salinity@015,2012,32.06
salinity@015,2012,32.05
salinity@015,2012,32.04
salinity@015,2012,32.03
salinity@015,2012,32.02
salinity@015,2012,32
salinity@015,2012,31.99
salinity@015,2012,31.98
salinity@015,2012,31.97
salinity@015,2012,31.96
salinity@015,2012,31.94
salinity@015,2012,31.93
salinity@015,2012,31.92
salinity@015,2012,31.91
salinity@015,2012,31.9
salinity@015,2012,31.88
salinity@015,2012,32.14
salinity@015,2012,32.13
salinity@015,2012,32.11
salinity@015,2012,32.1
salinity@015,2012,32.09
salinity@015,2012,32.08
salinity@015,2012,32.06
salinity@015,2012,32.05
salinity@015,2012,32.04
salinity@015,2012,32.03
salinity@015,2012,32.02
salinity@015,2012,32
salinity@015,2012,31.99
salinity@015,2012,31.98
salinity@015,2012,31.97
salinity@015,2012,31.96
salinity@015,2012,31.94
salinity@015,2012,31.93
salinity@015,2012,31.92
salinity@015,2012,31.91
salinity@015,2012,31.9
salinity@015,2012,32.08
salinity@015,2012,32.06
salinity@015,2012,32.05
salinity@015,2012,32.04
salinity@015,2012,32.03
salinity@015,2012,32.02
salinity@015,2012,32
salinity@015,2012,31.99
salinity@015,2012,31.98
salinity@015,2012,31.97
salinity@015,2012,31.96
salinity@015,2012,31.94
salinity@015,2012,31.93
salinity@015,2012,31.92
salinity@015,2012,31.91
salinity@015,2012,31.9
salinity@015,2012,32.09
salinity@015,2012,32.08
salinity@015,2012,32.06
salinity@015,2012,32.05
salinity@015,2012,32.04
salinity@015,2012,32.03
salinity@015,2012,32.02
salinity@015,2012,32
salinity@015,2012,31.99
salinity@015,2012,31.98
salinity@015,2012,31.97
salinity@015,2012,31.96
salinity@015,2012,31.94
salinity@015,2012,31.93
salinity@015,2012,31.92
salinity@015,2012,31.91
salinity@015,2012,32.1
salinity@015,2012,32.09
salinity@015,2012,32.08
salinity@015,2012,32.06
salinity@015,2012,32.05
salinity@015,2012,32.04
salinity@015,2012,32.03
salinity@015,2012,32.02
salinity@015,2012,32
salinity@015,2012,31.99
salinity@015,2012,31.98
salinity@015,2012,31.97
salinity@015,2012,31.96
salinity@015,2012,31.94
salinity@015,2012,31.93
salinity@015,2012,31.92
salinity@015,2012,32.11
salinity@015,2012,32.1
salinity@015,2012,32.09
salinity@015,2012,32.08
salinity@015,2012,32.06
salinity@015,2012,32.05
salinity@015,2012,32.04
salinity@015,2012,32.03
salinity@015,2012,32.02
salinity@015,2012,32
salinity@015,2012,31.99
salinity@015,2012,31.98
salinity@015,2012,31.97
salinity@015,2012,31.96
salinity@015,2012,31.94
salinity@015,2012,32.14
salinity@015,2012,32.13
salinity@015,2012,32.11
salinity@015,2012,32.1
salinity@015,2012,32.09
salinity@015,2012,32.08
salinity@015,2012,32.06
salinity@015,2012,32.05
salinity@015,2012,32.04
salinity@015,2012,32.03
salinity@015,2012,32.02
salinity@015,2012,32
salinity@015,2012,31.99
salinity@015,2012,31.98
salinity@015,2012,31.97
salinity@015,2012,31.96
salinity@015,2012,32.15
salinity@015,2012,32.14
salinity@015,2012,32.13
salinity@015,2012,32.11
salinity@015,2012,32.1
salinity@015,2012,32.09
salinity@015,2012,32.08
salinity@015,2012,32.06
salinity@015,2012,32.05
salinity@015,2012,32.04
salinity@015,2012,32.03
salinity@015,2012,32.02
salinity@015,2012,32
salinity@015,2012,31.99
salinity@015,2012,31.98
salinity@015,2012,31.97
salinity@015,2012,32.16
salinity@015,2012,32.15
salinity@015,2012,32.14
salinity@015,2012,32.13
salinity@015,2012,32.11
salinity@015,2012,32.1
salinity@015,2012,32.09
salinity@015,2012,32.08
salinity@015,2012,32.06
salinity@015,2012,32.05
salinity@015,2012,32.04
salinity@015,2012,32.03
salinity@015,2012,32.02
salinity@015,2012,32
salinity@015,2012,31.99
salinity@015,2012,32.17
salinity@015,2012,32.16
salinity@015,2012,32.15
salinity@015,2012,32.14
salinity@015,2012,32.13
salinity@015,2012,32.11
salinity@015,2012,32.1
salinity@015,2012,32.09
salinity@015,2012,32.08
salinity@015,2012,32.06
salinity@015,2012,32.05
salinity@015,2012,32.04
salinity@015,2012,32.03
salinity@015,2012,32.02
salinity@015,2012,32
salinity@015,2012,32.19
salinity@015,2012,32.17
salinity@015,2012,32.16
salinity@015,2012,32.15
salinity@015,2012,32.14
salinity@015,2012,32.13
salinity@015,2012,32.11
salinity@015,2012,32.1
salinity@015,2012,32.09
salinity@015,2012,32.08
salinity@015,2012,32.06
salinity@015,2012,32.05
salinity@015,2012,32.04
salinity@015,2012,32.03
salinity@015,2012,32.02
salinity@015,2012,32.19
salinity@015,2012,32.17
salinity@015,2012,32.16
salinity@015,2012,32.15
salinity@015,2012,32.14
salinity@015,2012,32.13
salinity@015,2012,32.11
salinity@015,2012,32.1
salinity@015,2012,32.09
salinity@015,2012,32.08
salinity@015,2012,32.06
salinity@015,2012,32.05
salinity@015,2012,32.04
salinity@015,2012,32.2
salinity@015,2012,32.19
salinity@015,2012,32.17
salinity@015,2012,32.16
salinity@015,2012,32.15
salinity@015,2012,32.14
salinity@015,2012,32.13
salinity@015,2012,32.11
salinity@015,2012,32.1
salinity@015,2012,32.09
salinity@015,2012,32.08
salinity@015,2012,32.06
salinity@015,2012,32.05
salinity@015,2012,32.2
salinity@015,2012,32.19
salinity@015,2012,32.17
salinity@015,2012,32.16
salinity@015,2012,32.15
salinity@015,2012,32.14
salinity@015,2012,32.13
salinity@015,2012,32.11
salinity@015,2012,32.1
salinity@015,2012,32.09
salinity@015,2012,32.08
salinity@015,2012,32.06
salinity@015,2012,32.2
salinity@015,2012,32.19
salinity@015,2012,32.17
salinity@015,2012,32.16
salinity@015,2012,32.15
salinity@015,2012,32.14
salinity@015,2012,32.13
salinity@015,2012,32.11
salinity@015,2012,32.1
salinity@015,2012,32.09
salinity@015,2012,32.08
salinity@015,2012,32.2
salinity@015,2012,32.19
salinity@015,2012,32.17
salinity@015,2012,32.16
salinity@015,2012,32.15
salinity@015,2012,32.14
salinity@015,2012,32.13
salinity@015,2012,32.11
salinity@015,2012,32.1
salinity@015,2012,32.09
salinity@015,2012,32.2
salinity@015,2012,32.19
salinity@015,2012,32.17
salinity@015,2012,32.16
salinity@015,2012,32.15
salinity@015,2012,32.14
salinity@015,2012,32.13
salinity@015,2012,32.11
salinity@015,2012,32.1
salinity@015,2012,32.09
salinity@015,2012,32.2
salinity@015,2012,32.19
salinity@015,2012,32.17
salinity@015,2012,32.16
salinity@015,2012,32.15
salinity@015,2012,32.14
salinity@015,2012,32.13
salinity@015,2012,32.11
salinity@015,2012,32.1
salinity@015,2012,32.09
salinity@015,2012,32.2
salinity@015,2012,32.19
salinity@015,2012,32.17
salinity@015,2012,32.16
salinity@015,2012,32.15
salinity@015,2012,32.14
salinity@015,2012,32.13
salinity@015,2012,32.11
salinity@015,2012,32.1
salinity@015,2012,32.09
salinity@015,2012,32.2
salinity@015,2012,32.19
salinity@015,2012,32.17
salinity@015,2012,32.16
salinity@015,2012,32.15
salinity@015,2012,32.14
salinity@015,2012,32.13
salinity@015,2012,32.11
salinity@015,2012,32.1
salinity@015,2012,32.09
salinity@015,2012,32.2
salinity@015,2012,32.19
salinity@015,2012,32.17
salinity@015,2012,32.16
salinity@015,2012,32.15
salinity@015,2012,32.14
salinity@015,2012,32.13
salinity@015,2012,32.11
salinity@015,2012,32.1
salinity@015,2012,32.09
salinity@015,2012,32.2
salinity@015,2012,32.19
salinity@015,2012,32.17
salinity@015,2012,32.16
salinity@015,2012,32.15
salinity@015,2012,32.14
salinity@015,2012,32.13
salinity@015,2012,32.11
salinity@015,2012,32.1
salinity@015,2012,32.09
salinity@015,2012,32.2
salinity@015,2012,32.19
salinity@015,2012,32.17
salinity@015,2012,32.16
salinity@015,2012,32.15
salinity@015,2012,32.14
salinity@015,2012,32.13
salinity@015,2012,32.11
salinity@015,2012,32.1
salinity@015,2012,32.09
salinity@015,2012,32.2
salinity@015,2012,32.19
salinity@015,2012,32.17
salinity@015,2012,32.16
salinity@015,2012,32.15
salinity@015,2012,32.14
salinity@015,2012,32.13
salinity@015,2012,32.11
salinity@015,2012,32.1
salinity@015,2012,32.09
salinity@015,2012,32.2
salinity@015,2012,32.19
salinity@015,2012,32.17
salinity@015,2012,32.16
salinity@015,2012,32.15
salinity@015,2012,32.14
salinity@015,2012,32.13
salinity@015,2012,32.11
salinity@015,2012,32.1
salinity@015,2012,32.09
salinity@015,2012,32.2
salinity@015,2012,32.19
salinity@015,2012,32.17
salinity@015,2012,32.16
salinity@015,2012,32.15
salinity@015,2012,32.14
salinity@015,2012,32.13
salinity@015,2012,32.11
salinity@015,2012,32.1
salinity@015,2012,32.09
salinity@015,2012,32.21
salinity@015,2012,32.2
salinity@015,2012,32.19
salinity@015,2012,32.17
salinity@015,2012,32.16
salinity@015,2012,32.15
salinity@015,2012,32.14
salinity@015,2012,32.13
salinity@015,2012,32.11
salinity@015,2012,32.1
salinity@015,2012,32.09
salinity@015,2012,32.22
salinity@015,2012,32.21
salinity@015,2012,32.2
salinity@015,2012,32.19
salinity@015,2012,32.17
salinity@015,2012,32.16
salinity@015,2012,32.15
salinity@015,2012,32.14
salinity@015,2012,32.13
salinity@015,2012,32.11
salinity@015,2012,32.1
salinity@015,2012,32.09
salinity@015,2012,32.22
salinity@015,2012,32.21
salinity@015,2012,32.2
salinity@015,2012,32.19
salinity@015,2012,32.17
salinity@015,2012,32.16
salinity@015,2012,32.15
salinity@015,2012,32.14
salinity@015,2012,32.13
salinity@015,2012,32.11
salinity@015,2012,32.1
salinity@015,2012,32.23
salinity@015,2012,32.22
salinity@015,2012,32.21
salinity@015,2012,32.2
salinity@015,2012,32.19
salinity@015,2012,32.17
salinity@015,2012,32.16
salinity@015,2012,32.15
salinity@015,2012,32.14
salinity@015,2012,32.13
salinity@015,2012,32.11
salinity@015,2012,32.1
salinity@015,2012,32.25
salinity@015,2012,32.23
salinity@015,2012,32.22
salinity@015,2012,32.21
salinity@015,2012,32.2
salinity@015,2012,32.19
salinity@015,2012,32.17
salinity@015,2012,32.16
salinity@015,2012,32.15
salinity@015,2012,32.14
salinity@015,2012,32.13
salinity@015,2012,32.11
salinity@015,2012,32.25
salinity@015,2012,32.23
salinity@015,2012,32.22
salinity@015,2012,32.21
salinity@015,2012,32.2
salinity@015,2012,32.19
salinity@015,2012,32.17
salinity@015,2012,32.16
salinity@015,2012,32.15
salinity@015,2012,32.14
salinity@015,2012,32.13
salinity@015,2012,32.26
salinity@015,2012,32.25
salinity@015,2012,32.23
salinity@015,2012,32.22
salinity@015,2012,32.21
salinity@015,2012,32.2
salinity@015,2012,32.19
salinity@015,2012,32.17
salinity@015,2012,32.16
salinity@015,2012,32.15
salinity@015,2012,32.14
salinity@015,2012,32.13
salinity@015,2012,32.26
salinity@015,2012,32.25
salinity@015,2012,32.23
salinity@015,2012,32.22
salinity@015,2012,32.21
salinity@015,2012,32.2
salinity@015,2012,32.19
salinity@015,2012,32.17
salinity@015,2012,32.16
salinity@015,2012,32.15
salinity@015,2012,32.14
salinity@015,2012,32.27
salinity@015,2012,32.26
salinity@015,2012,32.25
salinity@015,2012,32.23
salinity@015,2012,32.22
salinity@015,2012,32.21
salinity@015,2012,32.2
salinity@015,2012,32.19
salinity@015,2012,32.17
salinity@015,2012,32.16
salinity@015,2012,32.15
salinity@015,2012,32.28
salinity@015,2012,32.27
salinity@015,2012,32.26
salinity@015,2012,32.25
salinity@015,2012,32.23
salinity@015,2012,32.22
salinity@015,2012,32.21
salinity@015,2012,32.2
salinity@015,2012,32.19
salinity@015,2012,32.17
salinity@015,2012,32.16
salinity@015,2012,32.15
salinity@015,2012,32.29
salinity@015,2012,32.28
salinity@015,2012,32.27
salinity@015,2012,32.26
salinity@015,2012,32.25
salinity@015,2012,32.23
salinity@015,2012,32.22
salinity@015,2012,32.21
salinity@015,2012,32.2
salinity@015,2012,32.19
salinity@015,2012,32.17
salinity@015,2012,32.16
salinity@015,2012,32.31
salinity@015,2012,32.29
salinity@015,2012,32.28
salinity@015,2012,32.27
salinity@015,2012,32.26
salinity@015,2012,32.25
salinity@015,2012,32.23
salinity@015,2012,32.22
salinity@015,2012,32.21
salinity@015,2012,32.2
salinity@015,2012,32.19
salinity@015,2012,32.17
salinity@015,2012,32.32
salinity@015,2012,32.31
salinity@015,2012,32.29
salinity@015,2012,32.28
salinity@015,2012,32.27
salinity@015,2012,32.26
salinity@015,2012,32.25
salinity@015,2012,32.23
salinity@015,2012,32.22
salinity@015,2012,32.21
salinity@015,2012,32.2
salinity@015,2012,32.19
salinity@015,2012,32.17
salinity@015,2012,32.33
salinity@015,2012,32.32
salinity@015,2012,32.31
salinity@015,2012,32.29
salinity@015,2012,32.28
salinity@015,2012,32.27
salinity@015,2012,32.26
salinity@015,2012,32.25
salinity@015,2012,32.23
salinity@015,2012,32.22
salinity@015,2012,32.21
salinity@015,2012,32.2
salinity@015,2012,32.19
salinity@015,2012,32.36
salinity@015,2012,32.34
salinity@015,2012,32.33
salinity@015,2012,32.32
salinity@015,2012,32.31
salinity@015,2012,32.29
salinity@015,2012,32.28
salinity@015,2012,32.27
salinity@015,2012,32.26
salinity@015,2012,32.25
salinity@015,2012,32.23
salinity@015,2012,32.22
salinity@015,2012,32.21
salinity@015,2012,32.2
salinity@015,2012,32.37
salinity@015,2012,32.36
salinity@015,2012,32.34
salinity@015,2012,32.33
salinity@015,2012,32.32
salinity@015,2012,32.31
salinity@015,2012,32.29
salinity@015,2012,32.28
salinity@015,2012,32.27
salinity@015,2012,32.26
salinity@015,2012,32.25
salinity@015,2012,32.23
salinity@015,2012,32.22
salinity@015,2012,32.21
salinity@015,2012,32.2
salinity@015,2012,32.38
salinity@015,2012,32.37
salinity@015,2012,32.36
salinity@015,2012,32.34
salinity@015,2012,32.33
salinity@015,2012,32.32
salinity@015,2012,32.31
salinity@015,2012,32.29
salinity@015,2012,32.28
salinity@015,2012,32.27
salinity@015,2012,32.26
salinity@015,2012,32.25
salinity@015,2012,32.23
salinity@015,2012,32.22
salinity@015,2012,32.21
salinity@015,2012,32.39
salinity@015,2012,32.38
salinity@015,2012,32.37
salinity@015,2012,32.36
salinity@015,2012,32.34
salinity@015,2012,32.33
salinity@015,2012,32.32
salinity@015,2012,32.31
salinity@015,2012,32.29
salinity@015,2012,32.28
salinity@015,2012,32.27
salinity@015,2012,32.26
salinity@015,2012,32.25
salinity@015,2012,32.23
salinity@015,2012,32.22
salinity@015,2012,32.4
salinity@015,2012,32.39
salinity@015,2012,32.38
salinity@015,2012,32.37
salinity@015,2012,32.36
salinity@015,2012,32.34
salinity@015,2012,32.33
salinity@015,2012,32.32
salinity@015,2012,32.31
salinity@015,2012,32.29
salinity@015,2012,32.28
salinity@015,2012,32.27
salinity@015,2012,32.26
salinity@015,2012,32.25
salinity@015,2012,32.42
salinity@015,2012,32.4
salinity@015,2012,32.39
salinity@015,2012,32.38
salinity@015,2012,32.37
salinity@015,2012,32.36
salinity@015,2012,32.34
salinity@015,2012,32.33
salinity@015,2012,32.32
salinity@015,2012,32.31
salinity@015,2012,32.29
salinity@015,2012,32.28
salinity@015,2012,32.27
salinity@015,2012,32.26
salinity@015,2012,32.44
salinity@015,2012,32.43
salinity@015,2012,32.42
salinity@015,2012,32.4
salinity@015,2012,32.39
salinity@015,2012,32.38
salinity@015,2012,32.37
salinity@015,2012,32.36
salinity@015,2012,32.34
salinity@015,2012,32.33
salinity@015,2012,32.32
salinity@015,2012,32.31
salinity@015,2012,32.29
salinity@015,2012,32.28
salinity@015,2012,32.27
salinity@015,2012,32.45
salinity@015,2012,32.44
salinity@015,2012,32.43
salinity@015,2012,32.42
salinity@015,2012,32.4
salinity@015,2012,32.39
salinity@015,2012,32.38
salinity@015,2012,32.37
salinity@015,2012,32.36
salinity@015,2012,32.34
salinity@015,2012,32.33
salinity@015,2012,32.32
salinity@015,2012,32.31
salinity@015,2012,32.29
salinity@015,2012,32.28
salinity@015,2012,32.46
salinity@015,2012,32.45
salinity@015,2012,32.44
salinity@015,2012,32.43
salinity@015,2012,32.42
salinity@015,2012,32.4
salinity@015,2012,32.39
salinity@015,2012,32.38
salinity@015,2012,32.37
salinity@015,2012,32.36
salinity@015,2012,32.34
salinity@015,2012,32.33
salinity@015,2012,32.32
salinity@015,2012,32.31
salinity@015,2012,32.29
salinity@015,2012,32.46
salinity@015,2012,32.45
salinity@015,2012,32.44
salinity@015,2012,32.43
salinity@015,2012,32.42
salinity@015,2012,32.4
salinity@015,2012,32.39
salinity@015,2012,32.38
salinity@015,2012,32.37
salinity@015,2012,32.36
salinity@015,2012,32.34
salinity@015,2012,32.33
salinity@015,2012,32.32
salinity@015,2012,32.48
salinity@015,2012,32.46
salinity@015,2012,32.45
salinity@015,2012,32.44
salinity@015,2012,32.43
salinity@015,2012,32.42
salinity@015,2012,32.4
salinity@015,2012,32.39
salinity@015,2012,32.38
salinity@015,2012,32.37
salinity@015,2012,32.36
salinity@015,2012,32.34
salinity@015,2012,32.33
salinity@015,2012,32.48
salinity@015,2012,32.46
salinity@015,2012,32.45
salinity@015,2012,32.44
salinity@015,2012,32.43
salinity@015,2012,32.42
salinity@015,2012,32.4
salinity@015,2012,32.39
salinity@015,2012,32.38
salinity@015,2012,32.37
salinity@015,2012,32.36
salinity@015,2012,32.34
salinity@015,2012,32.48
salinity@015,2012,32.46
salinity@015,2012,32.45
salinity@015,2012,32.44
salinity@015,2012,32.43
salinity@015,2012,32.42
salinity@015,2012,32.4
salinity@015,2012,32.39
salinity@015,2012,32.38
salinity@015,2012,32.37
salinity@015,2012,32.36
salinity@015,2012,32.46
salinity@015,2012,32.45
salinity@015,2012,32.44
salinity@015,2012,32.43
salinity@015,2012,32.42
salinity@015,2012,32.4
salinity@015,2012,32.39
salinity@015,2012,32.38
salinity@015,2012,32.37
salinity@015,2012,32.45
salinity@015,2012,32.44
salinity@015,2012,32.43
salinity@015,2012,32.42
salinity@015,2012,32.4
salinity@015,2012,32.39
salinity@015,2012,32.38
salinity@015,2012,32.44
salinity@015,2012,32.43
salinity@015,2012,32.42
salinity@015,2012,32.4
salinity@015,2013,32.32
salinity@015,2013,32.31
salinity@015,2013,32.29
salinity@015,2013,32.28
salinity@015,2013,32.27
salinity@015,2013,32.33
salinity@015,2013,32.32
salinity@015,2013,32.31
salinity@015,2013,32.29
salinity@015,2013,32.28
salinity@015,2013,32.27
salinity@015,2013,32.26
salinity@015,2013,32.33
salinity@015,2013,32.32
salinity@015,2013,32.31
salinity@015,2013,32.29
salinity@015,2013,32.28
salinity@015,2013,32.27
salinity@015,2013,32.26
salinity@015,2013,32.25
salinity@015,2013,32.34
salinity@015,2013,32.33
salinity@015,2013,32.32
salinity@015,2013,32.31
salinity@015,2013,32.29
salinity@015,2013,32.28
salinity@015,2013,32.27
salinity@015,2013,32.26
salinity@015,2013,32.25
salinity@015,2013,32.34
salinity@015,2013,32.33
salinity@015,2013,32.32
salinity@015,2013,32.31
salinity@015,2013,32.29
salinity@015,2013,32.28
salinity@015,2013,32.27
salinity@015,2013,32.26
salinity@015,2013,32.25
salinity@015,2013,32.23
salinity@015,2013,32.34
salinity@015,2013,32.33
salinity@015,2013,32.32
salinity@015,2013,32.31
salinity@015,2013,32.29
salinity@015,2013,32.28
salinity@015,2013,32.27
salinity@015,2013,32.26
salinity@015,2013,32.25
salinity@015,2013,32.23
salinity@015,2013,32.34
salinity@015,2013,32.33
salinity@015,2013,32.32
salinity@015,2013,32.31
salinity@015,2013,32.29
salinity@015,2013,32.28
salinity@015,2013,32.27
salinity@015,2013,32.26
salinity@015,2013,32.25
salinity@015,2013,32.23
salinity@015,2013,32.33
salinity@015,2013,32.32
salinity@015,2013,32.31
salinity@015,2013,32.29
salinity@015,2013,32.28
salinity@015,2013,32.27
salinity@015,2013,32.26
salinity@015,2013,32.25
salinity@015,2013,32.23
salinity@015,2013,32.22
salinity@015,2013,32.33
salinity@015,2013,32.32
salinity@015,2013,32.31
salinity@015,2013,32.29
salinity@015,2013,32.28
salinity@015,2013,32.27
salinity@015,2013,32.26
salinity@015,2013,32.25
salinity@015,2013,32.23
salinity@015,2013,32.22
salinity@015,2013,32.33
salinity@015,2013,32.32
salinity@015,2013,32.31
salinity@015,2013,32.29
salinity@015,2013,32.28
salinity@015,2013,32.27
salinity@015,2013,32.26
salinity@015,2013,32.25
salinity@015,2013,32.23
salinity@015,2013,32.22
salinity@015,2013,32.32
salinity@015,2013,32.31
salinity@015,2013,32.29
salinity@015,2013,32.28
salinity@015,2013,32.27
salinity@015,2013,32.26
salinity@015,2013,32.25
salinity@015,2013,32.23
salinity@015,2013,32.22
salinity@015,2013,32.21
salinity@015,2013,32.32
salinity@015,2013,32.31
salinity@015,2013,32.29
salinity@015,2013,32.28
salinity@015,2013,32.27
salinity@015,2013,32.26
salinity@015,2013,32.25
salinity@015,2013,32.23
salinity@015,2013,32.22
salinity@015,2013,32.21
salinity@015,2013,32.32
salinity@015,2013,32.31
salinity@015,2013,32.29
salinity@015,2013,32.28
salinity@015,2013,32.27
salinity@015,2013,32.26
salinity@015,2013,32.25
salinity@015,2013,32.23
salinity@015,2013,32.22
salinity@015,2013,32.21
salinity@015,2013,32.31
salinity@015,2013,32.29
salinity@015,2013,32.28
salinity@015,2013,32.27
salinity@015,2013,32.26
salinity@015,2013,32.25
salinity@015,2013,32.23
salinity@015,2013,32.22
salinity@015,2013,32.21
salinity@015,2013,32.2
salinity@015,2013,32.31
salinity@015,2013,32.29
salinity@015,2013,32.28
salinity@015,2013,32.27
salinity@015,2013,32.26
salinity@015,2013,32.25
salinity@015,2013,32.23
salinity@015,2013,32.22
salinity@015,2013,32.21
salinity@015,2013,32.2
salinity@015,2013,32.31
salinity@015,2013,32.29
salinity@015,2013,32.28
salinity@015,2013,32.27
salinity@015,2013,32.26
salinity@015,2013,32.25
salinity@015,2013,32.23
salinity@015,2013,32.22
salinity@015,2013,32.21
salinity@015,2013,32.2
salinity@015,2013,32.32
salinity@015,2013,32.31
salinity@015,2013,32.29
salinity@015,2013,32.28
salinity@015,2013,32.27
salinity@015,2013,32.26
salinity@015,2013,32.25
salinity@015,2013,32.23
salinity@015,2013,32.22
salinity@015,2013,32.21
salinity@015,2013,32.2
salinity@015,2013,32.19
salinity@015,2013,32.34
salinity@015,2013,32.33
salinity@015,2013,32.32
salinity@015,2013,32.31
salinity@015,2013,32.29
salinity@015,2013,32.28
salinity@015,2013,32.27
salinity@015,2013,32.26
salinity@015,2013,32.25
salinity@015,2013,32.23
salinity@015,2013,32.22
salinity@015,2013,32.21
salinity@015,2013,32.2
salinity@015,2013,32.19
salinity@015,2013,32.36
salinity@015,2013,32.34
salinity@015,2013,32.33
salinity@015,2013,32.32
salinity@015,2013,32.31
salinity@015,2013,32.29
salinity@015,2013,32.28
salinity@015,2013,32.27
salinity@015,2013,32.26
salinity@015,2013,32.25
salinity@015,2013,32.23
salinity@015,2013,32.22
salinity@015,2013,32.21
salinity@015,2013,32.2
salinity@015,2013,32.19
salinity@015,2013,32.38
salinity@015,2013,32.37
salinity@015,2013,32.36
salinity@015,2013,32.34
salinity@015,2013,32.33
salinity@015,2013,32.32
salinity@015,2013,32.31
salinity@015,2013,32.29
salinity@015,2013,32.28
salinity@015,2013,32.27
salinity@015,2013,32.26
salinity@015,2013,32.25
salinity@015,2013,32.23
salinity@015,2013,32.22
salinity@015,2013,32.21
salinity@015,2013,32.2
salinity@015,2013,32.4
salinity@015,2013,32.39
salinity@015,2013,32.38
salinity@015,2013,32.37
salinity@015,2013,32.36
salinity@015,2013,32.34
salinity@015,2013,32.33
salinity@015,2013,32.32
salinity@015,2013,32.31
salinity@015,2013,32.29
salinity@015,2013,32.28
salinity@015,2013,32.27
salinity@015,2013,32.26
salinity@015,2013,32.25
salinity@015,2013,32.23
salinity@015,2013,32.22
salinity@015,2013,32.21
salinity@015,2013,32.42
salinity@015,2013,32.4
salinity@015,2013,32.39
salinity@015,2013,32.38
salinity@015,2013,32.37
salinity@015,2013,32.36
salinity@015,2013,32.34
salinity@015,2013,32.33
salinity@015,2013,32.32
salinity@015,2013,32.31
salinity@015,2013,32.29
salinity@015,2013,32.28
salinity@015,2013,32.27
salinity@015,2013,32.26
salinity@015,2013,32.25
salinity@015,2013,32.23
salinity@015,2013,32.22
salinity@015,2013,32.44
salinity@015,2013,32.43
salinity@015,2013,32.42
salinity@015,2013,32.4
salinity@015,2013,32.39
salinity@015,2013,32.38
salinity@015,2013,32.37
salinity@015,2013,32.36
salinity@015,2013,32.34
salinity@015,2013,32.33
salinity@015,2013,32.32
salinity@015,2013,32.31
salinity@015,2013,32.29
salinity@015,2013,32.28
salinity@015,2013,32.27
salinity@015,2013,32.26
salinity@015,2013,32.25
salinity@015,2013,32.23
salinity@015,2013,32.45
salinity@015,2013,32.44
salinity@015,2013,32.43
salinity@015,2013,32.42
salinity@015,2013,32.4
salinity@015,2013,32.39
salinity@015,2013,32.38
salinity@015,2013,32.37
salinity@015,2013,32.36
salinity@015,2013,32.34
salinity@015,2013,32.33
salinity@015,2013,32.32
salinity@015,2013,32.31
salinity@015,2013,32.29
salinity@015,2013,32.28
salinity@015,2013,32.27
salinity@015,2013,32.26
salinity@015,2013,32.48
salinity@015,2013,32.46
salinity@015,2013,32.45
salinity@015,2013,32.44
salinity@015,2013,32.43
salinity@015,2013,32.42
salinity@015,2013,32.4
salinity@015,2013,32.39
salinity@015,2013,32.38
salinity@015,2013,32.37
salinity@015,2013,32.36
salinity@015,2013,32.34
salinity@015,2013,32.33
salinity@015,2013,32.32
salinity@015,2013,32.31
salinity@015,2013,32.29
salinity@015,2013,32.28
salinity@015,2013,32.27
salinity@015,2013,32.49
salinity@015,2013,32.48
salinity@015,2013,32.46
salinity@015,2013,32.45
salinity@015,2013,32.44
salinity@015,2013,32.43
salinity@015,2013,32.42
salinity@015,2013,32.4
salinity@015,2013,32.39
salinity@015,2013,32.38
salinity@015,2013,32.37
salinity@015,2013,32.36
salinity@015,2013,32.34
salinity@015,2013,32.33
salinity@015,2013,32.32
salinity@015,2013,32.31
salinity@015,2013,32.29
salinity@015,2013,32.51
salinity@015,2013,32.5
salinity@015,2013,32.49
salinity@015,2013,32.48
salinity@015,2013,32.46
salinity@015,2013,32.45
salinity@015,2013,32.44
salinity@015,2013,32.43
salinity@015,2013,32.42
salinity@015,2013,32.4
salinity@015,2013,32.39
salinity@015,2013,32.38
salinity@015,2013,32.37
salinity@015,2013,32.36
salinity@015,2013,32.34
salinity@015,2013,32.33
salinity@015,2013,32.32
salinity@015,2013,32.31
salinity@015,2013,32.52
salinity@015,2013,32.51
salinity@015,2013,32.5
salinity@015,2013,32.49
salinity@015,2013,32.48
salinity@015,2013,32.46
salinity@015,2013,32.45
salinity@015,2013,32.44
salinity@015,2013,32.43
salinity@015,2013,32.42
salinity@015,2013,32.4
salinity@015,2013,32.39
salinity@015,2013,32.38
salinity@015,2013,32.37
salinity@015,2013,32.36
salinity@015,2013,32.34
salinity@015,2013,32.33
salinity@015,2013,32.54
salinity@015,2013,32.52
salinity@015,2013,32.51
salinity@015,2013,32.5
salinity@015,2013,32.49
salinity@015,2013,32.48
salinity@015,2013,32.46
salinity@015,2013,32.45
salinity@015,2013,32.44
salinity@015,2013,32.43
salinity@015,2013,32.42
salinity@015,2013,32.4
salinity@015,2013,32.39
salinity@015,2013,32.38
salinity@015,2013,32.37
salinity@015,2013,32.36
salinity@015,2013,32.34
salinity@015,2013,32.54
salinity@015,2013,32.52
salinity@015,2013,32.51
salinity@015,2013,32.5
salinity@015,2013,32.49
salinity@015,2013,32.48
salinity@015,2013,32.46
salinity@015,2013,32.45
salinity@015,2013,32.44
salinity@015,2013,32.43
salinity@015,2013,32.42
salinity@015,2013,32.4
salinity@015,2013,32.39
salinity@015,2013,32.38
salinity@015,2013,32.37
salinity@015,2013,32.54
salinity@015,2013,32.52
salinity@015,2013,32.51
salinity@015,2013,32.5
salinity@015,2013,32.49
salinity@015,2013,32.48
salinity@015,2013,32.46
salinity@015,2013,32.45
salinity@015,2013,32.44
salinity@015,2013,32.43
salinity@015,2013,32.42
salinity@015,2013,32.4
salinity@015,2013,32.39
salinity@015,2013,32.54
salinity@015,2013,32.52
salinity@015,2013,32.51
salinity@015,2013,32.5
salinity@015,2013,32.49
salinity@015,2013,32.48
salinity@015,2013,32.46
salinity@015,2013,32.45
salinity@015,2013,32.44
salinity@015,2013,32.43
salinity@015,2013,32.42
salinity@015,2013,32.4
salinity@015,2013,32.39
salinity@015,2013,32.54
salinity@015,2013,32.52
salinity@015,2013,32.51
salinity@015,2013,32.5
salinity@015,2013,32.49
salinity@015,2013,32.48
salinity@015,2013,32.46
salinity@015,2013,32.45
salinity@015,2013,32.44
salinity@015,2013,32.43
salinity@015,2013,32.42
salinity@015,2013,32.4
salinity@015,2013,32.39
salinity@015,2013,32.38
salinity@015,2013,32.37
salinity@015,2013,32.54
salinity@015,2013,32.52
salinity@015,2013,32.51
salinity@015,2013,32.5
salinity@015,2013,32.49
salinity@015,2013,32.48
salinity@015,2013,32.46
salinity@015,2013,32.45
salinity@015,2013,32.44
salinity@015,2013,32.43
salinity@015,2013,32.42
salinity@015,2013,32.4
salinity@015,2013,32.39
salinity@015,2013,32.38
salinity@015,2013,32.37
salinity@015,2013,32.36
salinity@015,2013,32.52
salinity@015,2013,32.51
salinity@015,2013,32.5
salinity@015,2013,32.49
salinity@015,2013,32.48
salinity@015,2013,32.46
salinity@015,2013,32.45
salinity@015,2013,32.44
salinity@015,2013,32.43
salinity@015,2013,32.42
salinity@015,2013,32.4
salinity@015,2013,32.39
salinity@015,2013,32.38
salinity@015,2013,32.37
salinity@015,2013,32.36
salinity@015,2013,32.34
salinity@015,2013,32.5
salinity@015,2013,32.49
salinity@015,2013,32.48
salinity@015,2013,32.46
salinity@015,2013,32.45
salinity@015,2013,32.44
salinity@015,2013,32.43
salinity@015,2013,32.42
salinity@015,2013,32.4
salinity@015,2013,32.39
salinity@015,2013,32.38
salinity@015,2013,32.37
salinity@015,2013,32.36
salinity@015,2013,32.34
salinity@015,2013,32.33
salinity@015,2013,32.32
salinity@015,2013,32.49
salinity@015,2013,32.48
salinity@015,2013,32.46
salinity@015,2013,32.45
salinity@015,2013,32.44
salinity@015,2013,32.43
salinity@015,2013,32.42
salinity@015,2013,32.4
salinity@015,2013,32.39
salinity@015,2013,32.38
salinity@015,2013,32.37
salinity@015,2013,32.36
salinity@015,2013,32.34
salinity@015,2013,32.33
salinity@015,2013,32.32
salinity@015,2013,32.31
salinity@015,2013,32.46
salinity@015,2013,32.45
salinity@015,2013,32.44
salinity@015,2013,32.43
salinity@015,2013,32.42
salinity@015,2013,32.4
salinity@015,2013,32.39
salinity@015,2013,32.38
salinity@015,2013,32.37
salinity@015,2013,32.36
salinity@015,2013,32.34
salinity@015,2013,32.33
salinity@015,2013,32.32
salinity@015,2013,32.31
salinity@015,2013,32.29
salinity@015,2013,32.28
salinity@015,2013,32.45
salinity@015,2013,32.44
salinity@015,2013,32.43
salinity@015,2013,32.42
salinity@015,2013,32.4
salinity@015,2013,32.39
salinity@015,2013,32.38
salinity@015,2013,32.37
salinity@015,2013,32.36
salinity@015,2013,32.34
salinity@015,2013,32.33
salinity@015,2013,32.32
salinity@015,2013,32.31
salinity@015,2013,32.29
salinity@015,2013,32.28
salinity@015,2013,32.27
salinity@015,2013,32.44
salinity@015,2013,32.43
salinity@015,2013,32.42
salinity@015,2013,32.4
salinity@015,2013,32.39
salinity@015,2013,32.38
salinity@015,2013,32.37
salinity@015,2013,32.36
salinity@015,2013,32.34
salinity@015,2013,32.33
salinity@015,2013,32.32
salinity@015,2013,32.31
salinity@015,2013,32.29
salinity@015,2013,32.28
salinity@015,2013,32.27
salinity@015,2013,32.26
salinity@015,2013,32.42
salinity@015,2013,32.4
salinity@015,2013,32.39
salinity@015,2013,32.38
salinity@015,2013,32.37
salinity@015,2013,32.36
salinity@015,2013,32.34
salinity@015,2013,32.33
salinity@015,2013,32.32
salinity@015,2013,32.31
salinity@015,2013,32.29
salinity@015,2013,32.28
salinity@015,2013,32.27
salinity@015,2013,32.26
salinity@015,2013,32.25
salinity@015,2013,32.23
salinity@015,2013,32.4
salinity@015,2013,32.39
salinity@015,2013,32.38
salinity@015,2013,32.37
salinity@015,2013,32.36
salinity@015,2013,32.34
salinity@015,2013,32.33
salinity@015,2013,32.32
salinity@015,2013,32.31
salinity@015,2013,32.29
salinity@015,2013,32.28
salinity@015,2013,32.27
salinity@015,2013,32.26
salinity@015,2013,32.25
salinity@015,2013,32.23
salinity@015,2013,32.22
salinity@015,2013,32.39
salinity@015,2013,32.38
salinity@015,2013,32.37
salinity@015,2013,32.36
salinity@015,2013,32.34
salinity@015,2013,32.33
salinity@015,2013,32.32
salinity@015,2013,32.31
salinity@015,2013,32.29
salinity@015,2013,32.28
salinity@015,2013,32.27
salinity@015,2013,32.26
salinity@015,2013,32.25
salinity@015,2013,32.23
salinity@015,2013,32.22
salinity@015,2013,32.37
salinity@015,2013,32.36
salinity@015,2013,32.34
salinity@015,2013,32.33
salinity@015,2013,32.32
salinity@015,2013,32.31
salinity@015,2013,32.29
salinity@015,2013,32.28
salinity@015,2013,32.27
salinity@015,2013,32.26
salinity@015,2013,32.25
salinity@015,2013,32.23
salinity@015,2013,32.22
salinity@015,2013,32.36
salinity@015,2013,32.34
salinity@015,2013,32.33
salinity@015,2013,32.32
salinity@015,2013,32.31
salinity@015,2013,32.29
salinity@015,2013,32.28
salinity@015,2013,32.27
salinity@015,2013,32.26
salinity@015,2013,32.25
salinity@015,2013,32.23
salinity@015,2013,32.22
salinity@015,2013,32.33
salinity@015,2013,32.32
salinity@015,2013,32.31
salinity@015,2013,32.29
salinity@015,2013,32.28
salinity@015,2013,32.27
salinity@015,2013,32.26
salinity@015,2013,32.25
salinity@015,2013,32.23
salinity@015,2013,32.22
salinity@015,2013,32.33
salinity@015,2013,32.32
salinity@015,2013,32.31
salinity@015,2013,32.29
salinity@015,2013,32.28
salinity@015,2013,32.27
salinity@015,2013,32.26
salinity@015,2013,32.25
salinity@015,2013,32.23
salinity@015,2013,32.22
salinity@015,2013,32.33
salinity@015,2013,32.32
salinity@015,2013,32.31
salinity@015,2013,32.29
salinity@015,2013,32.28
salinity@015,2013,32.27
salinity@015,2013,32.26
salinity@015,2013,32.25
salinity@015,2013,32.23
salinity@015,2013,32.22
salinity@015,2013,32.33
salinity@015,2013,32.32
salinity@015,2013,32.31
salinity@015,2013,32.29
salinity@015,2013,32.28
salinity@015,2013,32.27
salinity@015,2013,32.26
salinity@015,2013,32.25
salinity@015,2013,32.23
salinity@015,2013,32.34
salinity@015,2013,32.33
salinity@015,2013,32.32
salinity@015,2013,32.31
salinity@015,2013,32.29
salinity@015,2013,32.28
salinity@015,2013,32.27
salinity@015,2013,32.26
salinity@015,2013,32.25
salinity@015,2013,32.23
salinity@015,2013,32.34
salinity@015,2013,32.33
salinity@015,2013,32.32
salinity@015,2013,32.31
salinity@015,2013,32.29
salinity@015,2013,32.28
salinity@015,2013,32.27
salinity@015,2013,32.26
salinity@015,2013,32.25
salinity@015,2013,32.23
salinity@015,2013,32.34
salinity@015,2013,32.33
salinity@015,2013,32.32
salinity@015,2013,32.31
salinity@015,2013,32.29
salinity@015,2013,32.28
salinity@015,2013,32.27
salinity@015,2013,32.26
salinity@015,2013,32.25
salinity@015,2013,32.23
salinity@015,2013,32.34
salinity@015,2013,32.33
salinity@015,2013,32.32
salinity@015,2013,32.31
salinity@015,2013,32.29
salinity@015,2013,32.28
salinity@015,2013,32.27
salinity@015,2013,32.26
salinity@015,2013,32.25
salinity@015,2013,32.36
salinity@015,2013,32.34
salinity@015,2013,32.33
salinity@015,2013,32.32
salinity@015,2013,32.31
salinity@015,2013,32.29
salinity@015,2013,32.28
salinity@015,2013,32.27
salinity@015,2013,32.26
salinity@015,2013,32.25
salinity@015,2013,32.36
salinity@015,2013,32.34
salinity@015,2013,32.33
salinity@015,2013,32.32
salinity@015,2013,32.31
salinity@015,2013,32.29
salinity@015,2013,32.28
salinity@015,2013,32.27
salinity@015,2013,32.26
salinity@015,2013,32.25
salinity@015,2013,32.36
salinity@015,2013,32.34
salinity@015,2013,32.33
salinity@015,2013,32.32
salinity@015,2013,32.31
salinity@015,2013,32.29
salinity@015,2013,32.28
salinity@015,2013,32.27
salinity@015,2013,32.26
salinity@015,2013,32.25
salinity@015,2013,32.23
salinity@015,2013,32.22
salinity@015,2013,32.21
salinity@015,2013,32.36
salinity@015,2013,32.34
salinity@015,2013,32.33
salinity@015,2013,32.32
salinity@015,2013,32.31
salinity@015,2013,32.29
salinity@015,2013,32.28
salinity@015,2013,32.27
salinity@015,2013,32.26
salinity@015,2013,32.25
salinity@015,2013,32.23
salinity@015,2013,32.22
salinity@015,2013,32.21
salinity@015,2013,32.2
salinity@015,2013,32.19
salinity@015,2013,32.36
salinity@015,2013,32.34
salinity@015,2013,32.33
salinity@015,2013,32.32
salinity@015,2013,32.31
salinity@015,2013,32.29
salinity@015,2013,32.28
salinity@015,2013,32.27
salinity@015,2013,32.26
salinity@015,2013,32.25
salinity@015,2013,32.23
salinity@015,2013,32.22
salinity@015,2013,32.21
salinity@015,2013,32.2
salinity@015,2013,32.19
salinity@015,2013,32.17
salinity@015,2013,32.16
salinity@015,2013,32.36
salinity@015,2013,32.34
salinity@015,2013,32.33
salinity@015,2013,32.32
salinity@015,2013,32.31
salinity@015,2013,32.29
salinity@015,2013,32.28
salinity@015,2013,32.27
salinity@015,2013,32.26
salinity@015,2013,32.25
salinity@015,2013,32.23
salinity@015,2013,32.22
salinity@015,2013,32.21
salinity@015,2013,32.2
salinity@015,2013,32.19
salinity@015,2013,32.17
salinity@015,2013,32.16
salinity@015,2013,32.15
salinity@015,2013,32.14
salinity@015,2013,32.36
salinity@015,2013,32.34
salinity@015,2013,32.33
salinity@015,2013,32.32
salinity@015,2013,32.31
salinity@015,2013,32.29
salinity@015,2013,32.28
salinity@015,2013,32.27
salinity@015,2013,32.26
salinity@015,2013,32.25
salinity@015,2013,32.23
salinity@015,2013,32.22
salinity@015,2013,32.21
salinity@015,2013,32.2
salinity@015,2013,32.19
salinity@015,2013,32.17
salinity@015,2013,32.16
salinity@015,2013,32.15
salinity@015,2013,32.14
salinity@015,2013,32.13
salinity@015,2013,32.11
salinity@015,2013,32.34
salinity@015,2013,32.33
salinity@015,2013,32.32
salinity@015,2013,32.31
salinity@015,2013,32.29
salinity@015,2013,32.28
salinity@015,2013,32.27
salinity@015,2013,32.26
salinity@015,2013,32.25
salinity@015,2013,32.23
salinity@015,2013,32.22
salinity@015,2013,32.21
salinity@015,2013,32.2
salinity@015,2013,32.19
salinity@015,2013,32.17
salinity@015,2013,32.16
salinity@015,2013,32.15
salinity@015,2013,32.14
salinity@015,2013,32.13
salinity@015,2013,32.11
salinity@015,2013,32.1
salinity@015,2013,32.09
salinity@015,2013,32.32
salinity@015,2013,32.31
salinity@015,2013,32.29
salinity@015,2013,32.28
salinity@015,2013,32.27
salinity@015,2013,32.26
salinity@015,2013,32.25
salinity@015,2013,32.23
salinity@015,2013,32.22
salinity@015,2013,32.21
salinity@015,2013,32.2
salinity@015,2013,32.19
salinity@015,2013,32.17
salinity@015,2013,32.16
salinity@015,2013,32.15
salinity@015,2013,32.14
salinity@015,2013,32.13
salinity@015,2013,32.11
salinity@015,2013,32.1
salinity@015,2013,32.09
salinity@015,2013,32.08
salinity@015,2013,32.06
salinity@015,2013,32.05
salinity@015,2013,32.29
salinity@015,2013,32.28
salinity@015,2013,32.27
salinity@015,2013,32.26
salinity@015,2013,32.25
salinity@015,2013,32.23
salinity@015,2013,32.22
salinity@015,2013,32.21
salinity@015,2013,32.2
salinity@015,2013,32.19
salinity@015,2013,32.17
salinity@015,2013,32.16
salinity@015,2013,32.15
salinity@015,2013,32.14
salinity@015,2013,32.13
salinity@015,2013,32.11
salinity@015,2013,32.1
salinity@015,2013,32.09
salinity@015,2013,32.08
salinity@015,2013,32.06
salinity@015,2013,32.05
salinity@015,2013,32.04
salinity@015,2013,32.03
salinity@015,2013,32.27
salinity@015,2013,32.26
salinity@015,2013,32.25
salinity@015,2013,32.23
salinity@015,2013,32.22
salinity@015,2013,32.21
salinity@015,2013,32.2
salinity@015,2013,32.19
salinity@015,2013,32.17
salinity@015,2013,32.16
salinity@015,2013,32.15
salinity@015,2013,32.14
salinity@015,2013,32.13
salinity@015,2013,32.11
salinity@015,2013,32.1
salinity@015,2013,32.09
salinity@015,2013,32.08
salinity@015,2013,32.06
salinity@015,2013,32.05
salinity@015,2013,32.04
salinity@015,2013,32.03
salinity@015,2013,32.02
salinity@015,2013,32
salinity@015,2013,32.25
salinity@015,2013,32.23
salinity@015,2013,32.22
salinity@015,2013,32.21
salinity@015,2013,32.2
salinity@015,2013,32.19
salinity@015,2013,32.17
salinity@015,2013,32.16
salinity@015,2013,32.15
salinity@015,2013,32.14
salinity@015,2013,32.13
salinity@015,2013,32.11
salinity@015,2013,32.1
salinity@015,2013,32.09
salinity@015,2013,32.08
salinity@015,2013,32.06
salinity@015,2013,32.05
salinity@015,2013,32.04
salinity@015,2013,32.03
salinity@015,2013,32.02
salinity@015,2013,32
salinity@015,2013,31.99
salinity@015,2013,31.98
salinity@015,2013,32.21
salinity@015,2013,32.2
salinity@015,2013,32.19
salinity@015,2013,32.17
salinity@015,2013,32.16
salinity@015,2013,32.15
salinity@015,2013,32.14
salinity@015,2013,32.13
salinity@015,2013,32.11
salinity@015,2013,32.1
salinity@015,2013,32.09
salinity@015,2013,32.08
salinity@015,2013,32.06
salinity@015,2013,32.05
salinity@015,2013,32.04
salinity@015,2013,32.03
salinity@015,2013,32.02
salinity@015,2013,32
salinity@015,2013,31.99
salinity@015,2013,31.98
salinity@015,2013,31.97
salinity@015,2013,31.96
salinity@015,2013,32.19
salinity@015,2013,32.17
salinity@015,2013,32.16
salinity@015,2013,32.15
salinity@015,2013,32.14
salinity@015,2013,32.13
salinity@015,2013,32.11
salinity@015,2013,32.1
salinity@015,2013,32.09
salinity@015,2013,32.08
salinity@015,2013,32.06
salinity@015,2013,32.05
salinity@015,2013,32.04
salinity@015,2013,32.03
salinity@015,2013,32.02
salinity@015,2013,32
salinity@015,2013,31.99
salinity@015,2013,31.98
salinity@015,2013,31.97
salinity@015,2013,31.96
salinity@015,2013,31.94
salinity@015,2013,31.93
salinity@015,2013,32.16
salinity@015,2013,32.15
salinity@015,2013,32.14
salinity@015,2013,32.13
salinity@015,2013,32.11
salinity@015,2013,32.1
salinity@015,2013,32.09
salinity@015,2013,32.08
salinity@015,2013,32.06
salinity@015,2013,32.05
salinity@015,2013,32.04
salinity@015,2013,32.03
salinity@015,2013,32.02
salinity@015,2013,32
salinity@015,2013,31.99
salinity@015,2013,31.98
salinity@015,2013,31.97
salinity@015,2013,31.96
salinity@015,2013,31.94
salinity@015,2013,31.93
salinity@015,2013,31.92
salinity@015,2013,32.14
salinity@015,2013,32.13
salinity@015,2013,32.11
salinity@015,2013,32.1
salinity@015,2013,32.09
salinity@015,2013,32.08
salinity@015,2013,32.06
salinity@015,2013,32.05
salinity@015,2013,32.04
salinity@015,2013,32.03
salinity@015,2013,32.02
salinity@015,2013,32
salinity@015,2013,31.99
salinity@015,2013,31.98
salinity@015,2013,31.97
salinity@015,2013,31.96
salinity@015,2013,31.94
salinity@015,2013,31.93
salinity@015,2013,31.92
salinity@015,2013,31.91
salinity@015,2013,32.11
salinity@015,2013,32.1
salinity@015,2013,32.09
salinity@015,2013,32.08
salinity@015,2013,32.06
salinity@015,2013,32.05
salinity@015,2013,32.04
salinity@015,2013,32.03
salinity@015,2013,32.02
salinity@015,2013,32
salinity@015,2013,31.99
salinity@015,2013,31.98
salinity@015,2013,31.97
salinity@015,2013,31.96
salinity@015,2013,31.94
salinity@015,2013,31.93
salinity@015,2013,31.92
salinity@015,2013,31.91
salinity@015,2013,32.09
salinity@015,2013,32.08
salinity@015,2013,32.06
salinity@015,2013,32.05
salinity@015,2013,32.04
salinity@015,2013,32.03
salinity@015,2013,32.02
salinity@015,2013,32
salinity@015,2013,31.99
salinity@015,2013,31.98
salinity@015,2013,31.97
salinity@015,2013,31.96
salinity@015,2013,31.94
salinity@015,2013,31.93
salinity@015,2013,31.92
salinity@015,2013,31.91
salinity@015,2013,31.9
salinity@015,2013,32.05
salinity@015,2013,32.04
salinity@015,2013,32.03
salinity@015,2013,32.02
salinity@015,2013,32
salinity@015,2013,31.99
salinity@015,2013,31.98
salinity@015,2013,31.97
salinity@015,2013,31.96
salinity@015,2013,31.94
salinity@015,2013,31.93
salinity@015,2013,31.92
salinity@015,2013,31.91
salinity@015,2013,31.9
salinity@015,2013,31.88
salinity@015,2013,32.03
salinity@015,2013,32.02
salinity@015,2013,32
salinity@015,2013,31.99
salinity@015,2013,31.98
salinity@015,2013,31.97
salinity@015,2013,31.96
salinity@015,2013,31.94
salinity@015,2013,31.93
salinity@015,2013,31.92
salinity@015,2013,31.91
salinity@015,2013,31.9
salinity@015,2013,31.88
salinity@015,2013,32
salinity@015,2013,31.99
salinity@015,2013,31.98
salinity@015,2013,31.97
salinity@015,2013,31.96
salinity@015,2013,31.94
salinity@015,2013,31.93
salinity@015,2013,31.92
salinity@015,2013,31.91
salinity@015,2013,31.9
salinity@015,2013,31.88
salinity@015,2013,31.87
salinity@015,2013,31.99
salinity@015,2013,31.98
salinity@015,2013,31.97
salinity@015,2013,31.96
salinity@015,2013,31.94
salinity@015,2013,31.93
salinity@015,2013,31.92
salinity@015,2013,31.91
salinity@015,2013,31.9
salinity@015,2013,31.88
salinity@015,2013,31.87
salinity@015,2013,31.98
salinity@015,2013,31.97
salinity@015,2013,31.96
salinity@015,2013,31.94
salinity@015,2013,31.93
salinity@015,2013,31.92
salinity@015,2013,31.91
salinity@015,2013,31.9
salinity@015,2013,31.88
salinity@015,2013,31.87
salinity@015,2013,31.86
salinity@015,2013,31.98
salinity@015,2013,31.97
salinity@015,2013,31.96
salinity@015,2013,31.94
salinity@015,2013,31.93
salinity@015,2013,31.92
salinity@015,2013,31.91
salinity@015,2013,31.9
salinity@015,2013,31.88
salinity@015,2013,31.87
salinity@015,2013,31.86
salinity@015,2013,31.85
salinity@015,2013,31.97
salinity@015,2013,31.96
salinity@015,2013,31.94
salinity@015,2013,31.93
salinity@015,2013,31.92
salinity@015,2013,31.91
salinity@015,2013,31.9
salinity@015,2013,31.88
salinity@015,2013,31.87
salinity@015,2013,31.86
salinity@015,2013,31.85
salinity@015,2013,31.96
salinity@015,2013,31.94
salinity@015,2013,31.93
salinity@015,2013,31.92
salinity@015,2013,31.91
salinity@015,2013,31.9
salinity@015,2013,31.88
salinity@015,2013,31.87
salinity@015,2013,31.86
salinity@015,2013,31.85
salinity@015,2013,31.84
salinity@015,2013,31.96
salinity@015,2013,31.94
salinity@015,2013,31.93
salinity@015,2013,31.92
salinity@015,2013,31.91
salinity@015,2013,31.9
salinity@015,2013,31.88
salinity@015,2013,31.87
salinity@015,2013,31.86
salinity@015,2013,31.85
salinity@015,2013,31.84
salinity@015,2013,31.82
salinity@015,2013,31.94
salinity@015,2013,31.93
salinity@015,2013,31.92
salinity@015,2013,31.91
salinity@015,2013,31.9
salinity@015,2013,31.88
salinity@015,2013,31.87
salinity@015,2013,31.86
salinity@015,2013,31.85
salinity@015,2013,31.84
salinity@015,2013,31.82
salinity@015,2013,31.97
salinity@015,2013,31.96
salinity@015,2013,31.94
salinity@015,2013,31.93
salinity@015,2013,31.92
salinity@015,2013,31.91
salinity@015,2013,31.9
salinity@015,2013,31.88
salinity@015,2013,31.87
salinity@015,2013,31.86
salinity@015,2013,31.85
salinity@015,2013,31.84
salinity@015,2013,31.82
salinity@015,2013,31.81
salinity@015,2013,31.99
salinity@015,2013,31.98
salinity@015,2013,31.97
salinity@015,2013,31.96
salinity@015,2013,31.94
salinity@015,2013,31.93
salinity@015,2013,31.92
salinity@015,2013,31.91
salinity@015,2013,31.9
salinity@015,2013,31.88
salinity@015,2013,31.87
salinity@015,2013,31.86
salinity@015,2013,31.85
salinity@015,2013,31.84
salinity@015,2013,31.82
salinity@015,2013,31.81
salinity@015,2013,32.03
salinity@015,2013,32.02
salinity@015,2013,32
salinity@015,2013,31.99
salinity@015,2013,31.98
salinity@015,2013,31.97
salinity@015,2013,31.96
salinity@015,2013,31.94
salinity@015,2013,31.93
salinity@015,2013,31.92
salinity@015,2013,31.91
salinity@015,2013,31.9
salinity@015,2013,31.88
salinity@015,2013,31.87
salinity@015,2013,31.86
salinity@015,2013,31.85
salinity@015,2013,31.84
salinity@015,2013,31.82
salinity@015,2013,31.81
salinity@015,2013,32.06
salinity@015,2013,32.05
salinity@015,2013,32.04
salinity@015,2013,32.03
salinity@015,2013,32.02
salinity@015,2013,32
salinity@015,2013,31.99
salinity@015,2013,31.98
salinity@015,2013,31.97
salinity@015,2013,31.96
salinity@015,2013,31.94
salinity@015,2013,31.93
salinity@015,2013,31.92
salinity@015,2013,31.91
salinity@015,2013,31.9
salinity@015,2013,31.88
salinity@015,2013,31.87
salinity@015,2013,31.86
salinity@015,2013,31.85
salinity@015,2013,31.84
salinity@015,2013,31.82
salinity@015,2013,31.81
salinity@015,2013,32.09
salinity@015,2013,32.08
salinity@015,2013,32.06
salinity@015,2013,32.05
salinity@015,2013,32.04
salinity@015,2013,32.03
salinity@015,2013,32.02
salinity@015,2013,32
salinity@015,2013,31.99
salinity@015,2013,31.98
salinity@015,2013,31.97
salinity@015,2013,31.96
salinity@015,2013,31.94
salinity@015,2013,31.93
salinity@015,2013,31.92
salinity@015,2013,31.91
salinity@015,2013,31.9
salinity@015,2013,31.88
salinity@015,2013,31.87
salinity@015,2013,31.86
salinity@015,2013,31.85
salinity@015,2013,31.84
salinity@015,2013,31.82
salinity@015,2013,32.13
salinity@015,2013,32.11
salinity@015,2013,32.1
salinity@015,2013,32.09
salinity@015,2013,32.08
salinity@015,2013,32.06
salinity@015,2013,32.05
salinity@015,2013,32.04
salinity@015,2013,32.03
salinity@015,2013,32.02
salinity@015,2013,32
salinity@015,2013,31.99
salinity@015,2013,31.98
salinity@015,2013,31.97
salinity@015,2013,31.96
salinity@015,2013,31.94
salinity@015,2013,31.93
salinity@015,2013,31.92
salinity@015,2013,31.91
salinity@015,2013,31.9
salinity@015,2013,31.88
salinity@015,2013,31.87
salinity@015,2013,31.86
salinity@015,2013,31.85
salinity@015,2013,31.84
salinity@015,2013,32.15
salinity@015,2013,32.14
salinity@015,2013,32.13
salinity@015,2013,32.11
salinity@015,2013,32.1
salinity@015,2013,32.09
salinity@015,2013,32.08
salinity@015,2013,32.06
salinity@015,2013,32.05
salinity@015,2013,32.04
salinity@015,2013,32.03
salinity@015,2013,32.02
salinity@015,2013,32
salinity@015,2013,31.99
salinity@015,2013,31.98
salinity@015,2013,31.97
salinity@015,2013,31.96
salinity@015,2013,31.94
salinity@015,2013,31.93
salinity@015,2013,31.92
salinity@015,2013,31.91
salinity@015,2013,31.9
salinity@015,2013,31.88
salinity@015,2013,31.87
salinity@015,2013,31.86
salinity@015,2013,31.85
salinity@015,2013,32.19
salinity@015,2013,32.17
salinity@015,2013,32.16
salinity@015,2013,32.15
salinity@015,2013,32.14
salinity@015,2013,32.13
salinity@015,2013,32.11
salinity@015,2013,32.1
salinity@015,2013,32.09
salinity@015,2013,32.08
salinity@015,2013,32.06
salinity@015,2013,32.05
salinity@015,2013,32.04
salinity@015,2013,32.03
salinity@015,2013,32.02
salinity@015,2013,32
salinity@015,2013,31.99
salinity@015,2013,31.98
salinity@015,2013,31.97
salinity@015,2013,31.96
salinity@015,2013,31.94
salinity@015,2013,31.93
salinity@015,2013,31.92
salinity@015,2013,31.91
salinity@015,2013,31.9
salinity@015,2013,31.88
salinity@015,2013,32.21
salinity@015,2013,32.2
salinity@015,2013,32.19
salinity@015,2013,32.17
salinity@015,2013,32.16
salinity@015,2013,32.15
salinity@015,2013,32.14
salinity@015,2013,32.13
salinity@015,2013,32.11
salinity@015,2013,32.1
salinity@015,2013,32.09
salinity@015,2013,32.08
salinity@015,2013,32.06
salinity@015,2013,32.05
salinity@015,2013,32.04
salinity@015,2013,32.03
salinity@015,2013,32.02
salinity@015,2013,32
salinity@015,2013,31.99
salinity@015,2013,31.98
salinity@015,2013,31.97
salinity@015,2013,31.96
salinity@015,2013,31.94
salinity@015,2013,31.93
salinity@015,2013,31.92
salinity@015,2013,31.91
salinity@015,2013,32.25
salinity@015,2013,32.23
salinity@015,2013,32.22
salinity@015,2013,32.21
salinity@015,2013,32.2
salinity@015,2013,32.19
salinity@015,2013,32.17
salinity@015,2013,32.16
salinity@015,2013,32.15
salinity@015,2013,32.14
salinity@015,2013,32.13
salinity@015,2013,32.11
salinity@015,2013,32.1
salinity@015,2013,32.09
salinity@015,2013,32.08
salinity@015,2013,32.06
salinity@015,2013,32.05
salinity@015,2013,32.04
salinity@015,2013,32.03
salinity@015,2013,32.02
salinity@015,2013,32
salinity@015,2013,31.99
salinity@015,2013,31.98
salinity@015,2013,31.97
salinity@015,2013,31.96
salinity@015,2013,31.94
salinity@015,2013,32.28
salinity@015,2013,32.27
salinity@015,2013,32.26
salinity@015,2013,32.25
salinity@015,2013,32.23
salinity@015,2013,32.22
salinity@015,2013,32.21
salinity@015,2013,32.2
salinity@015,2013,32.19
salinity@015,2013,32.17
salinity@015,2013,32.16
salinity@015,2013,32.15
salinity@015,2013,32.14
salinity@015,2013,32.13
salinity@015,2013,32.11
salinity@015,2013,32.1
salinity@015,2013,32.09
salinity@015,2013,32.08
salinity@015,2013,32.06
salinity@015,2013,32.05
salinity@015,2013,32.04
salinity@015,2013,32.03
salinity@015,2013,32.02
salinity@015,2013,32
salinity@015,2013,31.99
salinity@015,2013,31.98
salinity@015,2013,31.97
salinity@015,2013,32.31
salinity@015,2013,32.29
salinity@015,2013,32.28
salinity@015,2013,32.27
salinity@015,2013,32.26
salinity@015,2013,32.25
salinity@015,2013,32.23
salinity@015,2013,32.22
salinity@015,2013,32.21
salinity@015,2013,32.2
salinity@015,2013,32.19
salinity@015,2013,32.17
salinity@015,2013,32.16
salinity@015,2013,32.15
salinity@015,2013,32.14
salinity@015,2013,32.13
salinity@015,2013,32.11
salinity@015,2013,32.1
salinity@015,2013,32.09
salinity@015,2013,32.08
salinity@015,2013,32.06
salinity@015,2013,32.05
salinity@015,2013,32.04
salinity@015,2013,32.03
salinity@015,2013,32.02
salinity@015,2013,32
salinity@015,2013,32.32
salinity@015,2013,32.31
salinity@015,2013,32.29
salinity@015,2013,32.28
salinity@015,2013,32.27
salinity@015,2013,32.26
salinity@015,2013,32.25
salinity@015,2013,32.23
salinity@015,2013,32.22
salinity@015,2013,32.21
salinity@015,2013,32.2
salinity@015,2013,32.19
salinity@015,2013,32.17
salinity@015,2013,32.16
salinity@015,2013,32.15
salinity@015,2013,32.14
salinity@015,2013,32.13
salinity@015,2013,32.11
salinity@015,2013,32.1
salinity@015,2013,32.09
salinity@015,2013,32.08
salinity@015,2013,32.06
salinity@015,2013,32.05
salinity@015,2013,32.04
salinity@015,2013,32.03
salinity@015,2013,32.32
salinity@015,2013,32.31
salinity@015,2013,32.29
salinity@015,2013,32.28
salinity@015,2013,32.27
salinity@015,2013,32.26
salinity@015,2013,32.25
salinity@015,2013,32.23
salinity@015,2013,32.22
salinity@015,2013,32.21
salinity@015,2013,32.2
salinity@015,2013,32.19
salinity@015,2013,32.17
salinity@015,2013,32.16
salinity@015,2013,32.15
salinity@015,2013,32.14
salinity@015,2013,32.13
salinity@015,2013,32.11
salinity@015,2013,32.1
salinity@015,2013,32.09
salinity@015,2013,32.08
salinity@015,2013,32.06
salinity@015,2013,32.33
salinity@015,2013,32.32
salinity@015,2013,32.31
salinity@015,2013,32.29
salinity@015,2013,32.28
salinity@015,2013,32.27
salinity@015,2013,32.26
salinity@015,2013,32.25
salinity@015,2013,32.23
salinity@015,2013,32.22
salinity@015,2013,32.21
salinity@015,2013,32.2
salinity@015,2013,32.19
salinity@015,2013,32.17
salinity@015,2013,32.16
salinity@015,2013,32.15
salinity@015,2013,32.14
salinity@015,2013,32.13
salinity@015,2013,32.11
salinity@015,2013,32.1
salinity@015,2013,32.33
salinity@015,2013,32.32
salinity@015,2013,32.31
salinity@015,2013,32.29
salinity@015,2013,32.28
salinity@015,2013,32.27
salinity@015,2013,32.26
salinity@015,2013,32.25
salinity@015,2013,32.23
salinity@015,2013,32.22
salinity@015,2013,32.21
salinity@015,2013,32.2
salinity@015,2013,32.19
salinity@015,2013,32.17
salinity@015,2013,32.16
salinity@015,2013,32.15
salinity@015,2013,32.14
salinity@015,2013,32.13
salinity@015,2013,32.11
salinity@015,2013,32.1
salinity@015,2013,32.33
salinity@015,2013,32.32
salinity@015,2013,32.31
salinity@015,2013,32.29
salinity@015,2013,32.28
salinity@015,2013,32.27
salinity@015,2013,32.26
salinity@015,2013,32.25
salinity@015,2013,32.23
salinity@015,2013,32.22
salinity@015,2013,32.21
salinity@015,2013,32.2
salinity@015,2013,32.19
salinity@015,2013,32.17
salinity@015,2013,32.16
salinity@015,2013,32.15
salinity@015,2013,32.14
salinity@015,2013,32.13
salinity@015,2013,32.11
salinity@015,2013,32.1
salinity@015,2013,32.09
salinity@015,2013,32.08
salinity@015,2013,32.06
salinity@015,2013,32.33
salinity@015,2013,32.32
salinity@015,2013,32.31
salinity@015,2013,32.29
salinity@015,2013,32.28
salinity@015,2013,32.27
salinity@015,2013,32.26
salinity@015,2013,32.25
salinity@015,2013,32.23
salinity@015,2013,32.22
salinity@015,2013,32.21
salinity@015,2013,32.2
salinity@015,2013,32.19
salinity@015,2013,32.17
salinity@015,2013,32.16
salinity@015,2013,32.15
salinity@015,2013,32.14
salinity@015,2013,32.13
salinity@015,2013,32.11
salinity@015,2013,32.1
salinity@015,2013,32.09
salinity@015,2013,32.08
salinity@015,2013,32.06
salinity@015,2013,32.05
salinity@015,2013,32.04
salinity@015,2013,32.03
salinity@015,2013,32.32
salinity@015,2013,32.31
salinity@015,2013,32.29
salinity@015,2013,32.28
salinity@015,2013,32.27
salinity@015,2013,32.26
salinity@015,2013,32.25
salinity@015,2013,32.23
salinity@015,2013,32.22
salinity@015,2013,32.21
salinity@015,2013,32.2
salinity@015,2013,32.19
salinity@015,2013,32.17
salinity@015,2013,32.16
salinity@015,2013,32.15
salinity@015,2013,32.14
salinity@015,2013,32.13
salinity@015,2013,32.11
salinity@015,2013,32.1
salinity@015,2013,32.09
salinity@015,2013,32.08
salinity@015,2013,32.06
salinity@015,2013,32.05
salinity@015,2013,32.04
salinity@015,2013,32.03
salinity@015,2013,32.02
salinity@015,2013,32
salinity@015,2013,31.99
salinity@015,2013,32.31
salinity@015,2013,32.29
salinity@015,2013,32.28
salinity@015,2013,32.27
salinity@015,2013,32.26
salinity@015,2013,32.25
salinity@015,2013,32.23
salinity@015,2013,32.22
salinity@015,2013,32.21
salinity@015,2013,32.2
salinity@015,2013,32.19
salinity@015,2013,32.17
salinity@015,2013,32.16
salinity@015,2013,32.15
salinity@015,2013,32.14
salinity@015,2013,32.13
salinity@015,2013,32.11
salinity@015,2013,32.1
salinity@015,2013,32.09
salinity@015,2013,32.08
salinity@015,2013,32.06
salinity@015,2013,32.05
salinity@015,2013,32.04
salinity@015,2013,32.03
salinity@015,2013,32.02
salinity@015,2013,32
salinity@015,2013,31.99
salinity@015,2013,31.98
salinity@015,2013,31.97
salinity@015,2013,31.96
salinity@015,2013,32.27
salinity@015,2013,32.26
salinity@015,2013,32.25
salinity@015,2013,32.23
salinity@015,2013,32.22
salinity@015,2013,32.21
salinity@015,2013,32.2
salinity@015,2013,32.19
salinity@015,2013,32.17
salinity@015,2013,32.16
salinity@015,2013,32.15
salinity@015,2013,32.14
salinity@015,2013,32.13
salinity@015,2013,32.11
salinity@015,2013,32.1
salinity@015,2013,32.09
salinity@015,2013,32.08
salinity@015,2013,32.06
salinity@015,2013,32.05
salinity@015,2013,32.04
salinity@015,2013,32.03
salinity@015,2013,32.02
salinity@015,2013,32
salinity@015,2013,31.99
salinity@015,2013,31.98
salinity@015,2013,31.97
salinity@015,2013,31.96
salinity@015,2013,31.94
salinity@015,2013,31.93
salinity@015,2013,31.92
salinity@015,2013,32.23
salinity@015,2013,32.22
salinity@015,2013,32.21
salinity@015,2013,32.2
salinity@015,2013,32.19
salinity@015,2013,32.17
salinity@015,2013,32.16
salinity@015,2013,32.15
salinity@015,2013,32.14
salinity@015,2013,32.13
salinity@015,2013,32.11
salinity@015,2013,32.1
salinity@015,2013,32.09
salinity@015,2013,32.08
salinity@015,2013,32.06
salinity@015,2013,32.05
salinity@015,2013,32.04
salinity@015,2013,32.03
salinity@015,2013,32.02
salinity@015,2013,32
salinity@015,2013,31.99
salinity@015,2013,31.98
salinity@015,2013,31.97
salinity@015,2013,31.96
salinity@015,2013,31.94
salinity@015,2013,31.93
salinity@015,2013,31.92
salinity@015,2013,31.91
salinity@015,2013,31.9
salinity@015,2013,31.88
salinity@015,2013,32.2
salinity@015,2013,32.19
salinity@015,2013,32.17
salinity@015,2013,32.16
salinity@015,2013,32.15
salinity@015,2013,32.14
salinity@015,2013,32.13
salinity@015,2013,32.11
salinity@015,2013,32.1
salinity@015,2013,32.09
salinity@015,2013,32.08
salinity@015,2013,32.06
salinity@015,2013,32.05
salinity@015,2013,32.04
salinity@015,2013,32.03
salinity@015,2013,32.02
salinity@015,2013,32
salinity@015,2013,31.99
salinity@015,2013,31.98
salinity@015,2013,31.97
salinity@015,2013,31.96
salinity@015,2013,31.94
salinity@015,2013,31.93
salinity@015,2013,31.92
salinity@015,2013,31.91
salinity@015,2013,31.9
salinity@015,2013,31.88
salinity@015,2013,31.87
salinity@015,2013,31.86
salinity@015,2013,31.85
salinity@015,2013,32.16
salinity@015,2013,32.15
salinity@015,2013,32.14
salinity@015,2013,32.13
salinity@015,2013,32.11
salinity@015,2013,32.1
salinity@015,2013,32.09
salinity@015,2013,32.08
salinity@015,2013,32.06
salinity@015,2013,32.05
salinity@015,2013,32.04
salinity@015,2013,32.03
salinity@015,2013,32.02
salinity@015,2013,32
salinity@015,2013,31.99
salinity@015,2013,31.98
salinity@015,2013,31.97
salinity@015,2013,31.96
salinity@015,2013,31.94
salinity@015,2013,31.93
salinity@015,2013,31.92
salinity@015,2013,31.91
salinity@015,2013,31.9
salinity@015,2013,31.88
salinity@015,2013,31.87
salinity@015,2013,31.86
salinity@015,2013,31.85
salinity@015,2013,31.84
salinity@015,2013,31.82
salinity@015,2013,31.81
salinity@015,2013,32.13
salinity@015,2013,32.11
salinity@015,2013,32.1
salinity@015,2013,32.09
salinity@015,2013,32.08
salinity@015,2013,32.06
salinity@015,2013,32.05
salinity@015,2013,32.04
salinity@015,2013,32.03
salinity@015,2013,32.02
salinity@015,2013,32
salinity@015,2013,31.99
salinity@015,2013,31.98
salinity@015,2013,31.97
salinity@015,2013,31.96
salinity@015,2013,31.94
salinity@015,2013,31.93
salinity@015,2013,31.92
salinity@015,2013,31.91
salinity@015,2013,31.9
salinity@015,2013,31.88
salinity@015,2013,31.87
salinity@015,2013,31.86
salinity@015,2013,31.85
salinity@015,2013,31.84
salinity@015,2013,31.82
salinity@015,2013,31.81
salinity@015,2013,31.8
salinity@015,2013,31.79
salinity@015,2013,31.77
salinity@015,2013,32.09
salinity@015,2013,32.08
salinity@015,2013,32.06
salinity@015,2013,32.05
salinity@015,2013,32.04
salinity@015,2013,32.03
salinity@015,2013,32.02
salinity@015,2013,32
salinity@015,2013,31.99
salinity@015,2013,31.98
salinity@015,2013,31.97
salinity@015,2013,31.96
salinity@015,2013,31.94
salinity@015,2013,31.93
salinity@015,2013,31.92
salinity@015,2013,31.91
salinity@015,2013,31.9
salinity@015,2013,31.88
salinity@015,2013,31.87
salinity@015,2013,31.86
salinity@015,2013,31.85
salinity@015,2013,31.84
salinity@015,2013,31.82
salinity@015,2013,31.81
salinity@015,2013,31.8
salinity@015,2013,31.79
salinity@015,2013,31.77
salinity@015,2013,31.76
salinity@015,2013,32.05
salinity@015,2013,32.04
salinity@015,2013,32.03
salinity@015,2013,32.02
salinity@015,2013,32
salinity@015,2013,31.99
salinity@015,2013,31.98
salinity@015,2013,31.97
salinity@015,2013,31.96
salinity@015,2013,31.94
salinity@015,2013,31.93
salinity@015,2013,31.92
salinity@015,2013,31.91
salinity@015,2013,31.9
salinity@015,2013,31.88
salinity@015,2013,31.87
salinity@015,2013,31.86
salinity@015,2013,31.85
salinity@015,2013,31.84
salinity@015,2013,31.82
salinity@015,2013,31.81
salinity@015,2013,31.8
salinity@015,2013,31.79
salinity@015,2013,31.77
salinity@015,2013,31.76
salinity@015,2013,31.75
salinity@015,2013,32.02
salinity@015,2013,32
salinity@015,2013,31.99
salinity@015,2013,31.98
salinity@015,2013,31.97
salinity@015,2013,31.96
salinity@015,2013,31.94
salinity@015,2013,31.93
salinity@015,2013,31.92
salinity@015,2013,31.91
salinity@015,2013,31.9
salinity@015,2013,31.88
salinity@015,2013,31.87
salinity@015,2013,31.86
salinity@015,2013,31.85
salinity@015,2013,31.84
salinity@015,2013,31.82
salinity@015,2013,31.81
salinity@015,2013,31.8
salinity@015,2013,31.79
salinity@015,2013,31.77
salinity@015,2013,31.76
salinity@015,2013,31.75
salinity@015,2013,32
salinity@015,2013,31.99
salinity@015,2013,31.98
salinity@015,2013,31.97
salinity@015,2013,31.96
salinity@015,2013,31.94
salinity@015,2013,31.93
salinity@015,2013,31.92
salinity@015,2013,31.91
salinity@015,2013,31.9
salinity@015,2013,31.88
salinity@015,2013,31.87
salinity@015,2013,31.86
salinity@015,2013,31.85
salinity@015,2013,31.84
salinity@015,2013,31.82
salinity@015,2013,31.81
salinity@015,2013,31.8
salinity@015,2013,31.79
salinity@015,2013,31.77
salinity@015,2013,31.76
salinity@015,2013,31.75
salinity@015,2013,32.05
salinity@015,2013,32.04
salinity@015,2013,32.03
salinity@015,2013,32.02
salinity@015,2013,32
salinity@015,2013,31.99
salinity@015,2013,31.98
salinity@015,2013,31.97
salinity@015,2013,31.96
salinity@015,2013,31.94
salinity@015,2013,31.93
salinity@015,2013,31.92
salinity@015,2013,31.91
salinity@015,2013,31.9
salinity@015,2013,31.88
salinity@015,2013,31.87
salinity@015,2013,31.86
salinity@015,2013,31.85
salinity@015,2013,31.84
salinity@015,2013,31.82
salinity@015,2013,31.81
salinity@015,2013,31.8
salinity@015,2013,31.79
salinity@015,2013,31.77
salinity@015,2013,31.76
salinity@015,2013,31.75
salinity@015,2013,32.1
salinity@015,2013,32.09
salinity@015,2013,32.08
salinity@015,2013,32.06
salinity@015,2013,32.05
salinity@015,2013,32.04
salinity@015,2013,32.03
salinity@015,2013,32.02
salinity@015,2013,32
salinity@015,2013,31.99
salinity@015,2013,31.98
salinity@015,2013,31.97
salinity@015,2013,31.96
salinity@015,2013,31.94
salinity@015,2013,31.93
salinity@015,2013,31.92
salinity@015,2013,31.91
salinity@015,2013,31.9
salinity@015,2013,31.88
salinity@015,2013,31.87
salinity@015,2013,31.86
salinity@015,2013,31.85
salinity@015,2013,31.84
salinity@015,2013,31.82
salinity@015,2013,31.81
salinity@015,2013,31.8
salinity@015,2013,31.79
salinity@015,2013,31.77
salinity@015,2013,31.76
salinity@015,2013,31.75
salinity@015,2013,32.15
salinity@015,2013,32.14
salinity@015,2013,32.13
salinity@015,2013,32.11
salinity@015,2013,32.1
salinity@015,2013,32.09
salinity@015,2013,32.08
salinity@015,2013,32.06
salinity@015,2013,32.05
salinity@015,2013,32.04
salinity@015,2013,32.03
salinity@015,2013,32.02
salinity@015,2013,32
salinity@015,2013,31.99
salinity@015,2013,31.98
salinity@015,2013,31.97
salinity@015,2013,31.96
salinity@015,2013,31.94
salinity@015,2013,31.93
salinity@015,2013,31.92
salinity@015,2013,31.91
salinity@015,2013,31.9
salinity@015,2013,31.88
salinity@015,2013,31.87
salinity@015,2013,31.86
salinity@015,2013,31.85
salinity@015,2013,31.84
salinity@015,2013,31.82
salinity@015,2013,31.81
salinity@015,2013,31.8
salinity@015,2013,31.79
salinity@015,2013,31.77
salinity@015,2013,31.76
salinity@015,2013,31.75
salinity@015,2013,32.19
salinity@015,2013,32.17
salinity@015,2013,32.16
salinity@015,2013,32.15
salinity@015,2013,32.14
salinity@015,2013,32.13
salinity@015,2013,32.11
salinity@015,2013,32.1
salinity@015,2013,32.09
salinity@015,2013,32.08
salinity@015,2013,32.06
salinity@015,2013,32.05
salinity@015,2013,32.04
salinity@015,2013,32.03
salinity@015,2013,32.02
salinity@015,2013,32
salinity@015,2013,31.99
salinity@015,2013,31.98
salinity@015,2013,31.97
salinity@015,2013,31.96
salinity@015,2013,31.94
salinity@015,2013,31.93
salinity@015,2013,31.92
salinity@015,2013,31.91
salinity@015,2013,31.9
salinity@015,2013,31.88
salinity@015,2013,31.87
salinity@015,2013,31.86
salinity@015,2013,31.85
salinity@015,2013,31.84
salinity@015,2013,31.82
salinity@015,2013,31.81
salinity@015,2013,31.8
salinity@015,2013,31.79
salinity@015,2013,31.77
salinity@015,2013,31.76
salinity@015,2013,32.23
salinity@015,2013,32.22
salinity@015,2013,32.21
salinity@015,2013,32.2
salinity@015,2013,32.19
salinity@015,2013,32.17
salinity@015,2013,32.16
salinity@015,2013,32.15
salinity@015,2013,32.14
salinity@015,2013,32.13
salinity@015,2013,32.11
salinity@015,2013,32.1
salinity@015,2013,32.09
salinity@015,2013,32.08
salinity@015,2013,32.06
salinity@015,2013,32.05
salinity@015,2013,32.04
salinity@015,2013,32.03
salinity@015,2013,32.02
salinity@015,2013,32
salinity@015,2013,31.99
salinity@015,2013,31.98
salinity@015,2013,31.97
salinity@015,2013,31.96
salinity@015,2013,31.94
salinity@015,2013,31.93
salinity@015,2013,31.92
salinity@015,2013,31.91
salinity@015,2013,31.9
salinity@015,2013,31.88
salinity@015,2013,31.87
salinity@015,2013,31.86
salinity@015,2013,31.85
salinity@015,2013,31.84
salinity@015,2013,31.82
salinity@015,2013,31.81
salinity@015,2013,31.8
salinity@015,2013,32.28
salinity@015,2013,32.27
salinity@015,2013,32.26
salinity@015,2013,32.25
salinity@015,2013,32.23
salinity@015,2013,32.22
salinity@015,2013,32.21
salinity@015,2013,32.2
salinity@015,2013,32.19
salinity@015,2013,32.17
salinity@015,2013,32.16
salinity@015,2013,32.15
salinity@015,2013,32.14
salinity@015,2013,32.13
salinity@015,2013,32.11
salinity@015,2013,32.1
salinity@015,2013,32.09
salinity@015,2013,32.08
salinity@015,2013,32.06
salinity@015,2013,32.05
salinity@015,2013,32.04
salinity@015,2013,32.03
salinity@015,2013,32.02
salinity@015,2013,32
salinity@015,2013,31.99
salinity@015,2013,31.98
salinity@015,2013,31.97
salinity@015,2013,31.96
salinity@015,2013,31.94
salinity@015,2013,31.93
salinity@015,2013,31.92
salinity@015,2013,31.91
salinity@015,2013,31.9
salinity@015,2013,31.88
salinity@015,2013,31.87
salinity@015,2013,31.86
salinity@015,2013,31.85
salinity@015,2013,31.84
salinity@015,2013,32.33
salinity@015,2013,32.32
salinity@015,2013,32.31
salinity@015,2013,32.29
salinity@015,2013,32.28
salinity@015,2013,32.27
salinity@015,2013,32.26
salinity@015,2013,32.25
salinity@015,2013,32.23
salinity@015,2013,32.22
salinity@015,2013,32.21
salinity@015,2013,32.2
salinity@015,2013,32.19
salinity@015,2013,32.17
salinity@015,2013,32.16
salinity@015,2013,32.15
salinity@015,2013,32.14
salinity@015,2013,32.13
salinity@015,2013,32.11
salinity@015,2013,32.1
salinity@015,2013,32.09
salinity@015,2013,32.08
salinity@015,2013,32.06
salinity@015,2013,32.05
salinity@015,2013,32.04
salinity@015,2013,32.03
salinity@015,2013,32.02
salinity@015,2013,32
salinity@015,2013,31.99
salinity@015,2013,31.98
salinity@015,2013,31.97
salinity@015,2013,31.96
salinity@015,2013,31.94
salinity@015,2013,31.93
salinity@015,2013,31.92
salinity@015,2013,31.91
salinity@015,2013,31.9
salinity@015,2013,31.88
salinity@015,2013,32.37
salinity@015,2013,32.36
salinity@015,2013,32.34
salinity@015,2013,32.33
salinity@015,2013,32.32
salinity@015,2013,32.31
salinity@015,2013,32.29
salinity@015,2013,32.28
salinity@015,2013,32.27
salinity@015,2013,32.26
salinity@015,2013,32.25
salinity@015,2013,32.23
salinity@015,2013,32.22
salinity@015,2013,32.21
salinity@015,2013,32.2
salinity@015,2013,32.19
salinity@015,2013,32.17
salinity@015,2013,32.16
salinity@015,2013,32.15
salinity@015,2013,32.14
salinity@015,2013,32.13
salinity@015,2013,32.11
salinity@015,2013,32.1
salinity@015,2013,32.09
salinity@015,2013,32.08
salinity@015,2013,32.06
salinity@015,2013,32.05
salinity@015,2013,32.04
salinity@015,2013,32.03
salinity@015,2013,32.02
salinity@015,2013,32
salinity@015,2013,31.99
salinity@015,2013,31.98
salinity@015,2013,31.97
salinity@015,2013,31.96
salinity@015,2013,31.94
salinity@015,2013,31.93
salinity@015,2013,32.38
salinity@015,2013,32.37
salinity@015,2013,32.36
salinity@015,2013,32.34
salinity@015,2013,32.33
salinity@015,2013,32.32
salinity@015,2013,32.31
salinity@015,2013,32.29
salinity@015,2013,32.28
salinity@015,2013,32.27
salinity@015,2013,32.26
salinity@015,2013,32.25
salinity@015,2013,32.23
salinity@015,2013,32.22
salinity@015,2013,32.21
salinity@015,2013,32.2
salinity@015,2013,32.19
salinity@015,2013,32.17
salinity@015,2013,32.16
salinity@015,2013,32.15
salinity@015,2013,32.14
salinity@015,2013,32.13
salinity@015,2013,32.11
salinity@015,2013,32.1
salinity@015,2013,32.09
salinity@015,2013,32.08
salinity@015,2013,32.06
salinity@015,2013,32.05
salinity@015,2013,32.04
salinity@015,2013,32.03
salinity@015,2013,32.02
salinity@015,2013,32
salinity@015,2013,31.99
salinity@015,2013,31.98
salinity@015,2013,32.39
salinity@015,2013,32.38
salinity@015,2013,32.37
salinity@015,2013,32.36
salinity@015,2013,32.34
salinity@015,2013,32.33
salinity@015,2013,32.32
salinity@015,2013,32.31
salinity@015,2013,32.29
salinity@015,2013,32.28
salinity@015,2013,32.27
salinity@015,2013,32.26
salinity@015,2013,32.25
salinity@015,2013,32.23
salinity@015,2013,32.22
salinity@015,2013,32.21
salinity@015,2013,32.2
salinity@015,2013,32.19
salinity@015,2013,32.17
salinity@015,2013,32.16
salinity@015,2013,32.15
salinity@015,2013,32.14
salinity@015,2013,32.13
salinity@015,2013,32.11
salinity@015,2013,32.1
salinity@015,2013,32.09
salinity@015,2013,32.08
salinity@015,2013,32.06
salinity@015,2013,32.05
salinity@015,2013,32.04
salinity@015,2013,32.03
salinity@015,2013,32.4
salinity@015,2013,32.39
salinity@015,2013,32.38
salinity@015,2013,32.37
salinity@015,2013,32.36
salinity@015,2013,32.34
salinity@015,2013,32.33
salinity@015,2013,32.32
salinity@015,2013,32.31
salinity@015,2013,32.29
salinity@015,2013,32.28
salinity@015,2013,32.27
salinity@015,2013,32.26
salinity@015,2013,32.25
salinity@015,2013,32.23
salinity@015,2013,32.22
salinity@015,2013,32.21
salinity@015,2013,32.2
salinity@015,2013,32.19
salinity@015,2013,32.17
salinity@015,2013,32.16
salinity@015,2013,32.15
salinity@015,2013,32.14
salinity@015,2013,32.13
salinity@015,2013,32.11
salinity@015,2013,32.1
salinity@015,2013,32.09
salinity@015,2013,32.08
salinity@015,2013,32.06
salinity@015,2013,32.4
salinity@015,2013,32.39
salinity@015,2013,32.38
salinity@015,2013,32.37
salinity@015,2013,32.36
salinity@015,2013,32.34
salinity@015,2013,32.33
salinity@015,2013,32.32
salinity@015,2013,32.31
salinity@015,2013,32.29
salinity@015,2013,32.28
salinity@015,2013,32.27
salinity@015,2013,32.26
salinity@015,2013,32.25
salinity@015,2013,32.23
salinity@015,2013,32.22
salinity@015,2013,32.21
salinity@015,2013,32.2
salinity@015,2013,32.19
salinity@015,2013,32.17
salinity@015,2013,32.16
salinity@015,2013,32.15
salinity@015,2013,32.14
salinity@015,2013,32.13
salinity@015,2013,32.11
salinity@015,2013,32.4
salinity@015,2013,32.39
salinity@015,2013,32.38
salinity@015,2013,32.37
salinity@015,2013,32.36
salinity@015,2013,32.34
salinity@015,2013,32.33
salinity@015,2013,32.32
salinity@015,2013,32.31
salinity@015,2013,32.29
salinity@015,2013,32.28
salinity@015,2013,32.27
salinity@015,2013,32.26
salinity@015,2013,32.25
salinity@015,2013,32.23
salinity@015,2013,32.22
salinity@015,2013,32.21
salinity@015,2013,32.2
salinity@015,2013,32.19
salinity@015,2013,32.17
salinity@015,2013,32.16
salinity@015,2013,32.15
salinity@015,2013,32.39
salinity@015,2013,32.38
salinity@015,2013,32.37
salinity@015,2013,32.36
salinity@015,2013,32.34
salinity@015,2013,32.33
salinity@015,2013,32.32
salinity@015,2013,32.31
salinity@015,2013,32.29
salinity@015,2013,32.28
salinity@015,2013,32.27
salinity@015,2013,32.26
salinity@015,2013,32.25
salinity@015,2013,32.23
salinity@015,2013,32.22
salinity@015,2013,32.21
salinity@015,2013,32.2
salinity@015,2013,32.19
salinity@015,2013,32.17
salinity@015,2013,32.16
salinity@015,2013,32.15
salinity@015,2013,32.14
salinity@015,2013,32.13
salinity@015,2013,32.11
salinity@015,2013,32.39
salinity@015,2013,32.38
salinity@015,2013,32.37
salinity@015,2013,32.36
salinity@015,2013,32.34
salinity@015,2013,32.33
salinity@015,2013,32.32
salinity@015,2013,32.31
salinity@015,2013,32.29
salinity@015,2013,32.28
salinity@015,2013,32.27
salinity@015,2013,32.26
salinity@015,2013,32.25
salinity@015,2013,32.23
salinity@015,2013,32.22
salinity@015,2013,32.21
salinity@015,2013,32.2
salinity@015,2013,32.19
salinity@015,2013,32.17
salinity@015,2013,32.16
salinity@015,2013,32.15
salinity@015,2013,32.14
salinity@015,2013,32.13
salinity@015,2013,32.11
salinity@015,2013,32.1
salinity@015,2013,32.09
salinity@015,2013,32.08
salinity@015,2013,32.38
salinity@015,2013,32.37
salinity@015,2013,32.36
salinity@015,2013,32.34
salinity@015,2013,32.33
salinity@015,2013,32.32
salinity@015,2013,32.31
salinity@015,2013,32.29
salinity@015,2013,32.28
salinity@015,2013,32.27
salinity@015,2013,32.26
salinity@015,2013,32.25
salinity@015,2013,32.23
salinity@015,2013,32.22
salinity@015,2013,32.21
salinity@015,2013,32.2
salinity@015,2013,32.19
salinity@015,2013,32.17
salinity@015,2013,32.16
salinity@015,2013,32.15
salinity@015,2013,32.14
salinity@015,2013,32.13
salinity@015,2013,32.11
salinity@015,2013,32.1
salinity@015,2013,32.09
salinity@015,2013,32.08
salinity@015,2013,32.06
salinity@015,2013,32.05
salinity@015,2013,32.36
salinity@015,2013,32.34
salinity@015,2013,32.33
salinity@015,2013,32.32
salinity@015,2013,32.31
salinity@015,2013,32.29
salinity@015,2013,32.28
salinity@015,2013,32.27
salinity@015,2013,32.26
salinity@015,2013,32.25
salinity@015,2013,32.23
salinity@015,2013,32.22
salinity@015,2013,32.21
salinity@015,2013,32.2
salinity@015,2013,32.19
salinity@015,2013,32.17
salinity@015,2013,32.16
salinity@015,2013,32.15
salinity@015,2013,32.14
salinity@015,2013,32.13
salinity@015,2013,32.11
salinity@015,2013,32.1
salinity@015,2013,32.09
salinity@015,2013,32.08
salinity@015,2013,32.06
salinity@015,2013,32.05
salinity@015,2013,32.04
salinity@015,2013,32.03
salinity@015,2013,32.02
salinity@015,2013,32.32
salinity@015,2013,32.31
salinity@015,2013,32.29
salinity@015,2013,32.28
salinity@015,2013,32.27
salinity@015,2013,32.26
salinity@015,2013,32.25
salinity@015,2013,32.23
salinity@015,2013,32.22
salinity@015,2013,32.21
salinity@015,2013,32.2
salinity@015,2013,32.19
salinity@015,2013,32.17
salinity@015,2013,32.16
salinity@015,2013,32.15
salinity@015,2013,32.14
salinity@015,2013,32.13
salinity@015,2013,32.11
salinity@015,2013,32.1
salinity@015,2013,32.09
salinity@015,2013,32.08
salinity@015,2013,32.06
salinity@015,2013,32.05
salinity@015,2013,32.04
salinity@015,2013,32.03
salinity@015,2013,32.02
salinity@015,2013,32
salinity@015,2013,31.99
salinity@015,2013,31.98
salinity@015,2013,32.28
salinity@015,2013,32.27
salinity@015,2013,32.26
salinity@015,2013,32.25
salinity@015,2013,32.23
salinity@015,2013,32.22
salinity@015,2013,32.21
salinity@015,2013,32.2
salinity@015,2013,32.19
salinity@015,2013,32.17
salinity@015,2013,32.16
salinity@015,2013,32.15
salinity@015,2013,32.14
salinity@015,2013,32.13
salinity@015,2013,32.11
salinity@015,2013,32.1
salinity@015,2013,32.09
salinity@015,2013,32.08
salinity@015,2013,32.06
salinity@015,2013,32.05
salinity@015,2013,32.04
salinity@015,2013,32.03
salinity@015,2013,32.02
salinity@015,2013,32
salinity@015,2013,31.99
salinity@015,2013,31.98
salinity@015,2013,31.97
salinity@015,2013,31.96
salinity@015,2013,31.94
salinity@015,2013,32.25
salinity@015,2013,32.23
salinity@015,2013,32.22
salinity@015,2013,32.21
salinity@015,2013,32.2
salinity@015,2013,32.19
salinity@015,2013,32.17
salinity@015,2013,32.16
salinity@015,2013,32.15
salinity@015,2013,32.14
salinity@015,2013,32.13
salinity@015,2013,32.11
salinity@015,2013,32.1
salinity@015,2013,32.09
salinity@015,2013,32.08
salinity@015,2013,32.06
salinity@015,2013,32.05
salinity@015,2013,32.04
salinity@015,2013,32.03
salinity@015,2013,32.02
salinity@015,2013,32
salinity@015,2013,31.99
salinity@015,2013,31.98
salinity@015,2013,31.97
salinity@015,2013,31.96
salinity@015,2013,31.94
salinity@015,2013,31.93
salinity@015,2013,31.92
salinity@015,2013,31.91
salinity@015,2013,32.21
salinity@015,2013,32.2
salinity@015,2013,32.19
salinity@015,2013,32.17
salinity@015,2013,32.16
salinity@015,2013,32.15
salinity@015,2013,32.14
salinity@015,2013,32.13
salinity@015,2013,32.11
salinity@015,2013,32.1
salinity@015,2013,32.09
salinity@015,2013,32.08
salinity@015,2013,32.06
salinity@015,2013,32.05
salinity@015,2013,32.04
salinity@015,2013,32.03
salinity@015,2013,32.02
salinity@015,2013,32
salinity@015,2013,31.99
salinity@015,2013,31.98
salinity@015,2013,31.97
salinity@015,2013,31.96
salinity@015,2013,31.94
salinity@015,2013,31.93
salinity@015,2013,31.92
salinity@015,2013,31.91
salinity@015,2013,31.9
salinity@015,2013,31.88
salinity@015,2013,31.87
salinity@015,2013,32.17
salinity@015,2013,32.16
salinity@015,2013,32.15
salinity@015,2013,32.14
salinity@015,2013,32.13
salinity@015,2013,32.11
salinity@015,2013,32.1
salinity@015,2013,32.09
salinity@015,2013,32.08
salinity@015,2013,32.06
salinity@015,2013,32.05
salinity@015,2013,32.04
salinity@015,2013,32.03
salinity@015,2013,32.02
salinity@015,2013,32
salinity@015,2013,31.99
salinity@015,2013,31.98
salinity@015,2013,31.97
salinity@015,2013,31.96
salinity@015,2013,31.94
salinity@015,2013,31.93
salinity@015,2013,31.92
salinity@015,2013,31.91
salinity@015,2013,31.9
salinity@015,2013,31.88
salinity@015,2013,31.87
salinity@015,2013,31.86
salinity@015,2013,31.85
salinity@015,2013,32.14
salinity@015,2013,32.13
salinity@015,2013,32.11
salinity@015,2013,32.1
salinity@015,2013,32.09
salinity@015,2013,32.08
salinity@015,2013,32.06
salinity@015,2013,32.05
salinity@015,2013,32.04
salinity@015,2013,32.03
salinity@015,2013,32.02
salinity@015,2013,32
salinity@015,2013,31.99
salinity@015,2013,31.98
salinity@015,2013,31.97
salinity@015,2013,31.96
salinity@015,2013,31.94
salinity@015,2013,31.93
salinity@015,2013,31.92
salinity@015,2013,31.91
salinity@015,2013,31.9
salinity@015,2013,31.88
salinity@015,2013,31.87
salinity@015,2013,31.86
salinity@015,2013,31.85
salinity@015,2013,31.84
salinity@015,2013,32.11
salinity@015,2013,32.1
salinity@015,2013,32.09
salinity@015,2013,32.08
salinity@015,2013,32.06
salinity@015,2013,32.05
salinity@015,2013,32.04
salinity@015,2013,32.03
salinity@015,2013,32.02
salinity@015,2013,32
salinity@015,2013,31.99
salinity@015,2013,31.98
salinity@015,2013,31.97
salinity@015,2013,31.96
salinity@015,2013,31.94
salinity@015,2013,31.93
salinity@015,2013,31.92
salinity@015,2013,31.91
salinity@015,2013,31.9
salinity@015,2013,31.88
salinity@015,2013,31.87
salinity@015,2013,31.86
salinity@015,2013,31.85
salinity@015,2013,31.84
salinity@015,2013,31.82
salinity@015,2013,31.81
salinity@015,2013,32.08
salinity@015,2013,32.06
salinity@015,2013,32.05
salinity@015,2013,32.04
salinity@015,2013,32.03
salinity@015,2013,32.02
salinity@015,2013,32
salinity@015,2013,31.99
salinity@015,2013,31.98
salinity@015,2013,31.97
salinity@015,2013,31.96
salinity@015,2013,31.94
salinity@015,2013,31.93
salinity@015,2013,31.92
salinity@015,2013,31.91
salinity@015,2013,31.9
salinity@015,2013,31.88
salinity@015,2013,31.87
salinity@015,2013,31.86
salinity@015,2013,31.85
salinity@015,2013,31.84
salinity@015,2013,31.82
salinity@015,2013,31.81
salinity@015,2013,31.8
salinity@015,2014,32.04
salinity@015,2014,32.03
salinity@015,2014,32.02
salinity@015,2014,32
salinity@015,2014,31.99
salinity@015,2014,31.98
salinity@015,2014,31.97
salinity@015,2014,31.96
salinity@015,2014,31.94
salinity@015,2014,31.93
salinity@015,2014,31.92
salinity@015,2014,31.91
salinity@015,2014,31.9
salinity@015,2014,31.88
salinity@015,2014,31.87
salinity@015,2014,31.86
salinity@015,2014,31.85
salinity@015,2014,31.84
salinity@015,2014,31.82
salinity@015,2014,31.81
salinity@015,2014,31.8
salinity@015,2014,31.79
salinity@015,2014,31.77
salinity@015,2014,32
salinity@015,2014,31.99
salinity@015,2014,31.98
salinity@015,2014,31.97
salinity@015,2014,31.96
salinity@015,2014,31.94
salinity@015,2014,31.93
salinity@015,2014,31.92
salinity@015,2014,31.91
salinity@015,2014,31.9
salinity@015,2014,31.88
salinity@015,2014,31.87
salinity@015,2014,31.86
salinity@015,2014,31.85
salinity@015,2014,31.84
salinity@015,2014,31.82
salinity@015,2014,31.81
salinity@015,2014,31.8
salinity@015,2014,31.79
salinity@015,2014,31.77
salinity@015,2014,31.76
salinity@015,2014,31.75
salinity@015,2014,31.97
salinity@015,2014,31.96
salinity@015,2014,31.94
salinity@015,2014,31.93
salinity@015,2014,31.92
salinity@015,2014,31.91
salinity@015,2014,31.9
salinity@015,2014,31.88
salinity@015,2014,31.87
salinity@015,2014,31.86
salinity@015,2014,31.85
salinity@015,2014,31.84
salinity@015,2014,31.82
salinity@015,2014,31.81
salinity@015,2014,31.8
salinity@015,2014,31.79
salinity@015,2014,31.77
salinity@015,2014,31.76
salinity@015,2014,31.75
salinity@015,2014,31.74
salinity@015,2014,31.93
salinity@015,2014,31.92
salinity@015,2014,31.91
salinity@015,2014,31.9
salinity@015,2014,31.88
salinity@015,2014,31.87
salinity@015,2014,31.86
salinity@015,2014,31.85
salinity@015,2014,31.84
salinity@015,2014,31.82
salinity@015,2014,31.81
salinity@015,2014,31.8
salinity@015,2014,31.79
salinity@015,2014,31.77
salinity@015,2014,31.76
salinity@015,2014,31.75
salinity@015,2014,31.74
salinity@015,2014,31.73
salinity@015,2014,31.71
salinity@015,2014,31.91
salinity@015,2014,31.9
salinity@015,2014,31.88
salinity@015,2014,31.87
salinity@015,2014,31.86
salinity@015,2014,31.85
salinity@015,2014,31.84
salinity@015,2014,31.82
salinity@015,2014,31.81
salinity@015,2014,31.8
salinity@015,2014,31.79
salinity@015,2014,31.77
salinity@015,2014,31.76
salinity@015,2014,31.75
salinity@015,2014,31.74
salinity@015,2014,31.73
salinity@015,2014,31.71
salinity@015,2014,31.7
salinity@015,2014,31.69
salinity@015,2014,31.88
salinity@015,2014,31.87
salinity@015,2014,31.86
salinity@015,2014,31.85
salinity@015,2014,31.84
salinity@015,2014,31.82
salinity@015,2014,31.81
salinity@015,2014,31.8
salinity@015,2014,31.79
salinity@015,2014,31.77
salinity@015,2014,31.76
salinity@015,2014,31.75
salinity@015,2014,31.74
salinity@015,2014,31.73
salinity@015,2014,31.71
salinity@015,2014,31.7
salinity@015,2014,31.69
salinity@015,2014,31.68
salinity@015,2014,31.86
salinity@015,2014,31.85
salinity@015,2014,31.84
salinity@015,2014,31.82
salinity@015,2014,31.81
salinity@015,2014,31.8
salinity@015,2014,31.79
salinity@015,2014,31.77
salinity@015,2014,31.76
salinity@015,2014,31.75
salinity@015,2014,31.74
salinity@015,2014,31.73
salinity@015,2014,31.71
salinity@015,2014,31.7
salinity@015,2014,31.69
salinity@015,2014,31.68
salinity@015,2014,31.67
salinity@015,2014,31.65
salinity@015,2014,31.85
salinity@015,2014,31.84
salinity@015,2014,31.82
salinity@015,2014,31.81
salinity@015,2014,31.8
salinity@015,2014,31.79
salinity@015,2014,31.77
salinity@015,2014,31.76
salinity@015,2014,31.75
salinity@015,2014,31.74
salinity@015,2014,31.73
salinity@015,2014,31.71
salinity@015,2014,31.7
salinity@015,2014,31.69
salinity@015,2014,31.68
salinity@015,2014,31.67
salinity@015,2014,31.65
salinity@015,2014,31.64
salinity@015,2014,31.82
salinity@015,2014,31.81
salinity@015,2014,31.8
salinity@015,2014,31.79
salinity@015,2014,31.77
salinity@015,2014,31.76
salinity@015,2014,31.75
salinity@015,2014,31.74
salinity@015,2014,31.73
salinity@015,2014,31.71
salinity@015,2014,31.7
salinity@015,2014,31.69
salinity@015,2014,31.68
salinity@015,2014,31.67
salinity@015,2014,31.65
salinity@015,2014,31.64
salinity@015,2014,31.63
salinity@015,2014,31.62
salinity@015,2014,31.8
salinity@015,2014,31.79
salinity@015,2014,31.77
salinity@015,2014,31.76
salinity@015,2014,31.75
salinity@015,2014,31.74
salinity@015,2014,31.73
salinity@015,2014,31.71
salinity@015,2014,31.7
salinity@015,2014,31.69
salinity@015,2014,31.68
salinity@015,2014,31.67
salinity@015,2014,31.65
salinity@015,2014,31.64
salinity@015,2014,31.63
salinity@015,2014,31.62
salinity@015,2014,31.61
salinity@015,2014,31.79
salinity@015,2014,31.77
salinity@015,2014,31.76
salinity@015,2014,31.75
salinity@015,2014,31.74
salinity@015,2014,31.73
salinity@015,2014,31.71
salinity@015,2014,31.7
salinity@015,2014,31.69
salinity@015,2014,31.68
salinity@015,2014,31.67
salinity@015,2014,31.65
salinity@015,2014,31.64
salinity@015,2014,31.63
salinity@015,2014,31.62
salinity@015,2014,31.61
salinity@015,2014,31.59
salinity@015,2014,31.81
salinity@015,2014,31.8
salinity@015,2014,31.79
salinity@015,2014,31.77
salinity@015,2014,31.76
salinity@015,2014,31.75
salinity@015,2014,31.74
salinity@015,2014,31.73
salinity@015,2014,31.71
salinity@015,2014,31.7
salinity@015,2014,31.69
salinity@015,2014,31.68
salinity@015,2014,31.67
salinity@015,2014,31.65
salinity@015,2014,31.64
salinity@015,2014,31.63
salinity@015,2014,31.62
salinity@015,2014,31.61
salinity@015,2014,31.59
salinity@015,2014,31.86
salinity@015,2014,31.85
salinity@015,2014,31.84
salinity@015,2014,31.82
salinity@015,2014,31.81
salinity@015,2014,31.8
salinity@015,2014,31.79
salinity@015,2014,31.77
salinity@015,2014,31.76
salinity@015,2014,31.75
salinity@015,2014,31.74
salinity@015,2014,31.73
salinity@015,2014,31.71
salinity@015,2014,31.7
salinity@015,2014,31.69
salinity@015,2014,31.68
salinity@015,2014,31.67
salinity@015,2014,31.65
salinity@015,2014,31.64
salinity@015,2014,31.63
salinity@015,2014,31.62
salinity@015,2014,31.61
salinity@015,2014,31.59
salinity@015,2014,31.91
salinity@015,2014,31.9
salinity@015,2014,31.88
salinity@015,2014,31.87
salinity@015,2014,31.86
salinity@015,2014,31.85
salinity@015,2014,31.84
salinity@015,2014,31.82
salinity@015,2014,31.81
salinity@015,2014,31.8
salinity@015,2014,31.79
salinity@015,2014,31.77
salinity@015,2014,31.76
salinity@015,2014,31.75
salinity@015,2014,31.74
salinity@015,2014,31.73
salinity@015,2014,31.71
salinity@015,2014,31.7
salinity@015,2014,31.69
salinity@015,2014,31.68
salinity@015,2014,31.67
salinity@015,2014,31.65
salinity@015,2014,31.64
salinity@015,2014,31.63
salinity@015,2014,31.62
salinity@015,2014,31.61
salinity@015,2014,31.59
salinity@015,2014,31.96
salinity@015,2014,31.94
salinity@015,2014,31.93
salinity@015,2014,31.92
salinity@015,2014,31.91
salinity@015,2014,31.9
salinity@015,2014,31.88
salinity@015,2014,31.87
salinity@015,2014,31.86
salinity@015,2014,31.85
salinity@015,2014,31.84
salinity@015,2014,31.82
salinity@015,2014,31.81
salinity@015,2014,31.8
salinity@015,2014,31.79
salinity@015,2014,31.77
salinity@015,2014,31.76
salinity@015,2014,31.75
salinity@015,2014,31.74
salinity@015,2014,31.73
salinity@015,2014,31.71
salinity@015,2014,31.7
salinity@015,2014,31.69
salinity@015,2014,31.68
salinity@015,2014,31.67
salinity@015,2014,31.65
salinity@015,2014,31.64
salinity@015,2014,31.63
salinity@015,2014,31.62
salinity@015,2014,31.61
salinity@015,2014,31.59
salinity@015,2014,32.02
salinity@015,2014,32
salinity@015,2014,31.99
salinity@015,2014,31.98
salinity@015,2014,31.97
salinity@015,2014,31.96
salinity@015,2014,31.94
salinity@015,2014,31.93
salinity@015,2014,31.92
salinity@015,2014,31.91
salinity@015,2014,31.9
salinity@015,2014,31.88
salinity@015,2014,31.87
salinity@015,2014,31.86
salinity@015,2014,31.85
salinity@015,2014,31.84
salinity@015,2014,31.82
salinity@015,2014,31.81
salinity@015,2014,31.8
salinity@015,2014,31.79
salinity@015,2014,31.77
salinity@015,2014,31.76
salinity@015,2014,31.75
salinity@015,2014,31.74
salinity@015,2014,31.73
salinity@015,2014,31.71
salinity@015,2014,31.7
salinity@015,2014,31.69
salinity@015,2014,31.68
salinity@015,2014,31.67
salinity@015,2014,31.65
salinity@015,2014,31.64
salinity@015,2014,31.63
salinity@015,2014,31.62
salinity@015,2014,31.61
salinity@015,2014,31.59
salinity@015,2014,32.06
salinity@015,2014,32.05
salinity@015,2014,32.04
salinity@015,2014,32.03
salinity@015,2014,32.02
salinity@015,2014,32
salinity@015,2014,31.99
salinity@015,2014,31.98
salinity@015,2014,31.97
salinity@015,2014,31.96
salinity@015,2014,31.94
salinity@015,2014,31.93
salinity@015,2014,31.92
salinity@015,2014,31.91
salinity@015,2014,31.9
salinity@015,2014,31.88
salinity@015,2014,31.87
salinity@015,2014,31.86
salinity@015,2014,31.85
salinity@015,2014,31.84
salinity@015,2014,31.82
salinity@015,2014,31.81
salinity@015,2014,31.8
salinity@015,2014,31.79
salinity@015,2014,31.77
salinity@015,2014,31.76
salinity@015,2014,31.75
salinity@015,2014,31.74
salinity@015,2014,31.73
salinity@015,2014,31.71
salinity@015,2014,31.7
salinity@015,2014,31.69
salinity@015,2014,31.68
salinity@015,2014,31.67
salinity@015,2014,31.65
salinity@015,2014,31.64
salinity@015,2014,31.63
salinity@015,2014,31.62
salinity@015,2014,31.61
salinity@015,2014,32.11
salinity@015,2014,32.1
salinity@015,2014,32.09
salinity@015,2014,32.08
salinity@015,2014,32.06
salinity@015,2014,32.05
salinity@015,2014,32.04
salinity@015,2014,32.03
salinity@015,2014,32.02
salinity@015,2014,32
salinity@015,2014,31.99
salinity@015,2014,31.98
salinity@015,2014,31.97
salinity@015,2014,31.96
salinity@015,2014,31.94
salinity@015,2014,31.93
salinity@015,2014,31.92
salinity@015,2014,31.91
salinity@015,2014,31.9
salinity@015,2014,31.88
salinity@015,2014,31.87
salinity@015,2014,31.86
salinity@015,2014,31.85
salinity@015,2014,31.84
salinity@015,2014,31.82
salinity@015,2014,31.81
salinity@015,2014,31.8
salinity@015,2014,31.79
salinity@015,2014,31.77
salinity@015,2014,31.76
salinity@015,2014,31.75
salinity@015,2014,31.74
salinity@015,2014,31.73
salinity@015,2014,31.71
salinity@015,2014,31.7
salinity@015,2014,31.69
salinity@015,2014,31.68
salinity@015,2014,31.67
salinity@015,2014,31.65
salinity@015,2014,31.64
salinity@015,2014,31.63
salinity@015,2014,32.16
salinity@015,2014,32.15
salinity@015,2014,32.14
salinity@015,2014,32.13
salinity@015,2014,32.11
salinity@015,2014,32.1
salinity@015,2014,32.09
salinity@015,2014,32.08
salinity@015,2014,32.06
salinity@015,2014,32.05
salinity@015,2014,32.04
salinity@015,2014,32.03
salinity@015,2014,32.02
salinity@015,2014,32
salinity@015,2014,31.99
salinity@015,2014,31.98
salinity@015,2014,31.97
salinity@015,2014,31.96
salinity@015,2014,31.94
salinity@015,2014,31.93
salinity@015,2014,31.92
salinity@015,2014,31.91
salinity@015,2014,31.9
salinity@015,2014,31.88
salinity@015,2014,31.87
salinity@015,2014,31.86
salinity@015,2014,31.85
salinity@015,2014,31.84
salinity@015,2014,31.82
salinity@015,2014,31.81
salinity@015,2014,31.8
salinity@015,2014,31.79
salinity@015,2014,31.77
salinity@015,2014,31.76
salinity@015,2014,31.75
salinity@015,2014,31.74
salinity@015,2014,31.73
salinity@015,2014,31.71
salinity@015,2014,31.7
salinity@015,2014,31.69
salinity@015,2014,31.68
salinity@015,2014,32.21
salinity@015,2014,32.2
salinity@015,2014,32.19
salinity@015,2014,32.17
salinity@015,2014,32.16
salinity@015,2014,32.15
salinity@015,2014,32.14
salinity@015,2014,32.13
salinity@015,2014,32.11
salinity@015,2014,32.1
salinity@015,2014,32.09
salinity@015,2014,32.08
salinity@015,2014,32.06
salinity@015,2014,32.05
salinity@015,2014,32.04
salinity@015,2014,32.03
salinity@015,2014,32.02
salinity@015,2014,32
salinity@015,2014,31.99
salinity@015,2014,31.98
salinity@015,2014,31.97
salinity@015,2014,31.96
salinity@015,2014,31.94
salinity@015,2014,31.93
salinity@015,2014,31.92
salinity@015,2014,31.91
salinity@015,2014,31.9
salinity@015,2014,31.88
salinity@015,2014,31.87
salinity@015,2014,31.86
salinity@015,2014,31.85
salinity@015,2014,31.84
salinity@015,2014,31.82
salinity@015,2014,31.81
salinity@015,2014,31.8
salinity@015,2014,31.79
salinity@015,2014,31.77
salinity@015,2014,31.76
salinity@015,2014,31.75
salinity@015,2014,31.74
salinity@015,2014,31.73
salinity@015,2014,32.27
salinity@015,2014,32.26
salinity@015,2014,32.25
salinity@015,2014,32.23
salinity@015,2014,32.22
salinity@015,2014,32.21
salinity@015,2014,32.2
salinity@015,2014,32.19
salinity@015,2014,32.17
salinity@015,2014,32.16
salinity@015,2014,32.15
salinity@015,2014,32.14
salinity@015,2014,32.13
salinity@015,2014,32.11
salinity@015,2014,32.1
salinity@015,2014,32.09
salinity@015,2014,32.08
salinity@015,2014,32.06
salinity@015,2014,32.05
salinity@015,2014,32.04
salinity@015,2014,32.03
salinity@015,2014,32.02
salinity@015,2014,32
salinity@015,2014,31.99
salinity@015,2014,31.98
salinity@015,2014,31.97
salinity@015,2014,31.96
salinity@015,2014,31.94
salinity@015,2014,31.93
salinity@015,2014,31.92
salinity@015,2014,31.91
salinity@015,2014,31.9
salinity@015,2014,31.88
salinity@015,2014,31.87
salinity@015,2014,31.86
salinity@015,2014,31.85
salinity@015,2014,31.84
salinity@015,2014,31.82
salinity@015,2014,31.81
salinity@015,2014,31.8
salinity@015,2014,31.79
salinity@015,2014,31.77
salinity@015,2014,32.32
salinity@015,2014,32.31
salinity@015,2014,32.29
salinity@015,2014,32.28
salinity@015,2014,32.27
salinity@015,2014,32.26
salinity@015,2014,32.25
salinity@015,2014,32.23
salinity@015,2014,32.22
salinity@015,2014,32.21
salinity@015,2014,32.2
salinity@015,2014,32.19
salinity@015,2014,32.17
salinity@015,2014,32.16
salinity@015,2014,32.15
salinity@015,2014,32.14
salinity@015,2014,32.13
salinity@015,2014,32.11
salinity@015,2014,32.1
salinity@015,2014,32.09
salinity@015,2014,32.08
salinity@015,2014,32.06
salinity@015,2014,32.05
salinity@015,2014,32.04
salinity@015,2014,32.03
salinity@015,2014,32.02
salinity@015,2014,32
salinity@015,2014,31.99
salinity@015,2014,31.98
salinity@015,2014,31.97
salinity@015,2014,31.96
salinity@015,2014,31.94
salinity@015,2014,31.93
salinity@015,2014,31.92
salinity@015,2014,31.91
salinity@015,2014,31.9
salinity@015,2014,31.88
salinity@015,2014,31.87
salinity@015,2014,31.86
salinity@015,2014,31.85
salinity@015,2014,31.84
salinity@015,2014,31.82
salinity@015,2014,32.34
salinity@015,2014,32.33
salinity@015,2014,32.32
salinity@015,2014,32.31
salinity@015,2014,32.29
salinity@015,2014,32.28
salinity@015,2014,32.27
salinity@015,2014,32.26
salinity@015,2014,32.25
salinity@015,2014,32.23
salinity@015,2014,32.22
salinity@015,2014,32.21
salinity@015,2014,32.2
salinity@015,2014,32.19
salinity@015,2014,32.17
salinity@015,2014,32.16
salinity@015,2014,32.15
salinity@015,2014,32.14
salinity@015,2014,32.13
salinity@015,2014,32.11
salinity@015,2014,32.1
salinity@015,2014,32.09
salinity@015,2014,32.08
salinity@015,2014,32.06
salinity@015,2014,32.05
salinity@015,2014,32.04
salinity@015,2014,32.03
salinity@015,2014,32.02
salinity@015,2014,32
salinity@015,2014,31.99
salinity@015,2014,31.98
salinity@015,2014,31.97
salinity@015,2014,31.96
salinity@015,2014,31.94
salinity@015,2014,31.93
salinity@015,2014,31.92
salinity@015,2014,31.91
salinity@015,2014,31.9
salinity@015,2014,31.88
salinity@015,2014,32.36
salinity@015,2014,32.34
salinity@015,2014,32.33
salinity@015,2014,32.32
salinity@015,2014,32.31
salinity@015,2014,32.29
salinity@015,2014,32.28
salinity@015,2014,32.27
salinity@015,2014,32.26
salinity@015,2014,32.25
salinity@015,2014,32.23
salinity@015,2014,32.22
salinity@015,2014,32.21
salinity@015,2014,32.2
salinity@015,2014,32.19
salinity@015,2014,32.17
salinity@015,2014,32.16
salinity@015,2014,32.15
salinity@015,2014,32.14
salinity@015,2014,32.13
salinity@015,2014,32.11
salinity@015,2014,32.1
salinity@015,2014,32.09
salinity@015,2014,32.08
salinity@015,2014,32.06
salinity@015,2014,32.05
salinity@015,2014,32.04
salinity@015,2014,32.03
salinity@015,2014,32.02
salinity@015,2014,32
salinity@015,2014,31.99
salinity@015,2014,31.98
salinity@015,2014,31.97
salinity@015,2014,31.96
salinity@015,2014,31.94
salinity@015,2014,31.93
salinity@015,2014,32.36
salinity@015,2014,32.34
salinity@015,2014,32.33
salinity@015,2014,32.32
salinity@015,2014,32.31
salinity@015,2014,32.29
salinity@015,2014,32.28
salinity@015,2014,32.27
salinity@015,2014,32.26
salinity@015,2014,32.25
salinity@015,2014,32.23
salinity@015,2014,32.22
salinity@015,2014,32.21
salinity@015,2014,32.2
salinity@015,2014,32.19
salinity@015,2014,32.17
salinity@015,2014,32.16
salinity@015,2014,32.15
salinity@015,2014,32.14
salinity@015,2014,32.13
salinity@015,2014,32.11
salinity@015,2014,32.1
salinity@015,2014,32.09
salinity@015,2014,32.08
salinity@015,2014,32.06
salinity@015,2014,32.05
salinity@015,2014,32.04
salinity@015,2014,32.03
salinity@015,2014,32.02
salinity@015,2014,32
salinity@015,2014,31.99
salinity@015,2014,31.98
salinity@015,2014,32.36
salinity@015,2014,32.34
salinity@015,2014,32.33
salinity@015,2014,32.32
salinity@015,2014,32.31
salinity@015,2014,32.29
salinity@015,2014,32.28
salinity@015,2014,32.27
salinity@015,2014,32.26
salinity@015,2014,32.25
salinity@015,2014,32.23
salinity@015,2014,32.22
salinity@015,2014,32.21
salinity@015,2014,32.2
salinity@015,2014,32.19
salinity@015,2014,32.17
salinity@015,2014,32.16
salinity@015,2014,32.15
salinity@015,2014,32.14
salinity@015,2014,32.13
salinity@015,2014,32.11
salinity@015,2014,32.1
salinity@015,2014,32.09
salinity@015,2014,32.08
salinity@015,2014,32.06
salinity@015,2014,32.05
salinity@015,2014,32.04
salinity@015,2014,32.03
salinity@015,2014,32.36
salinity@015,2014,32.34
salinity@015,2014,32.33
salinity@015,2014,32.32
salinity@015,2014,32.31
salinity@015,2014,32.29
salinity@015,2014,32.28
salinity@015,2014,32.27
salinity@015,2014,32.26
salinity@015,2014,32.25
salinity@015,2014,32.23
salinity@015,2014,32.22
salinity@015,2014,32.21
salinity@015,2014,32.2
salinity@015,2014,32.19
salinity@015,2014,32.17
salinity@015,2014,32.16
salinity@015,2014,32.15
salinity@015,2014,32.14
salinity@015,2014,32.13
salinity@015,2014,32.11
salinity@015,2014,32.1
salinity@015,2014,32.09
salinity@015,2014,32.08
salinity@015,2014,32.36
salinity@015,2014,32.34
salinity@015,2014,32.33
salinity@015,2014,32.32
salinity@015,2014,32.31
salinity@015,2014,32.29
salinity@015,2014,32.28
salinity@015,2014,32.27
salinity@015,2014,32.26
salinity@015,2014,32.25
salinity@015,2014,32.23
salinity@015,2014,32.22
salinity@015,2014,32.21
salinity@015,2014,32.2
salinity@015,2014,32.19
salinity@015,2014,32.17
salinity@015,2014,32.16
salinity@015,2014,32.15
salinity@015,2014,32.14
salinity@015,2014,32.36
salinity@015,2014,32.34
salinity@015,2014,32.33
salinity@015,2014,32.32
salinity@015,2014,32.31
salinity@015,2014,32.29
salinity@015,2014,32.28
salinity@015,2014,32.27
salinity@015,2014,32.26
salinity@015,2014,32.25
salinity@015,2014,32.23
salinity@015,2014,32.22
salinity@015,2014,32.21
salinity@015,2014,32.2
salinity@015,2014,32.19
salinity@015,2014,32.34
salinity@015,2014,32.33
salinity@015,2014,32.32
salinity@015,2014,32.31
salinity@015,2014,32.29
salinity@015,2014,32.28
salinity@015,2014,32.27
salinity@015,2014,32.26
salinity@015,2014,32.25
salinity@015,2014,32.23
salinity@015,2014,32.34
salinity@015,2014,32.33
salinity@015,2014,32.32
salinity@015,2014,32.31
salinity@015,2014,32.29
salinity@015,2014,32.28
salinity@015,2014,32.27
salinity@015,2014,32.26
salinity@015,2014,32.25
salinity@015,2014,32.23
salinity@015,2014,32.34
salinity@015,2014,32.33
salinity@015,2014,32.32
salinity@015,2014,32.31
salinity@015,2014,32.29
salinity@015,2014,32.28
salinity@015,2014,32.27
salinity@015,2014,32.26
salinity@015,2014,32.25
salinity@015,2014,32.23
salinity@015,2014,32.33
salinity@015,2014,32.32
salinity@015,2014,32.31
salinity@015,2014,32.29
salinity@015,2014,32.28
salinity@015,2014,32.27
salinity@015,2014,32.26
salinity@015,2014,32.25
salinity@015,2014,32.23
salinity@015,2014,32.22
salinity@015,2014,32.33
salinity@015,2014,32.32
salinity@015,2014,32.31
salinity@015,2014,32.29
salinity@015,2014,32.28
salinity@015,2014,32.27
salinity@015,2014,32.26
salinity@015,2014,32.25
salinity@015,2014,32.23
salinity@015,2014,32.22
salinity@015,2014,32.33
salinity@015,2014,32.32
salinity@015,2014,32.31
salinity@015,2014,32.29
salinity@015,2014,32.28
salinity@015,2014,32.27
salinity@015,2014,32.26
salinity@015,2014,32.25
salinity@015,2014,32.23
salinity@015,2014,32.22
salinity@015,2014,32.32
salinity@015,2014,32.31
salinity@015,2014,32.29
salinity@015,2014,32.28
salinity@015,2014,32.27
salinity@015,2014,32.26
salinity@015,2014,32.25
salinity@015,2014,32.23
salinity@015,2014,32.22
salinity@015,2014,32.21
salinity@015,2014,32.32
salinity@015,2014,32.31
salinity@015,2014,32.29
salinity@015,2014,32.28
salinity@015,2014,32.27
salinity@015,2014,32.26
salinity@015,2014,32.25
salinity@015,2014,32.23
salinity@015,2014,32.22
salinity@015,2014,32.21
salinity@015,2014,32.32
salinity@015,2014,32.31
salinity@015,2014,32.29
salinity@015,2014,32.28
salinity@015,2014,32.27
salinity@015,2014,32.26
salinity@015,2014,32.25
salinity@015,2014,32.23
salinity@015,2014,32.22
salinity@015,2014,32.21
salinity@015,2014,32.32
salinity@015,2014,32.31
salinity@015,2014,32.29
salinity@015,2014,32.28
salinity@015,2014,32.27
salinity@015,2014,32.26
salinity@015,2014,32.25
salinity@015,2014,32.23
salinity@015,2014,32.22
salinity@015,2014,32.21
salinity@015,2014,32.2
salinity@015,2014,32.33
salinity@015,2014,32.32
salinity@015,2014,32.31
salinity@015,2014,32.29
salinity@015,2014,32.28
salinity@015,2014,32.27
salinity@015,2014,32.26
salinity@015,2014,32.25
salinity@015,2014,32.23
salinity@015,2014,32.22
salinity@015,2014,32.21
salinity@015,2014,32.2
salinity@015,2014,32.34
salinity@015,2014,32.33
salinity@015,2014,32.32
salinity@015,2014,32.31
salinity@015,2014,32.29
salinity@015,2014,32.28
salinity@015,2014,32.27
salinity@015,2014,32.26
salinity@015,2014,32.25
salinity@015,2014,32.23
salinity@015,2014,32.22
salinity@015,2014,32.21
salinity@015,2014,32.36
salinity@015,2014,32.34
salinity@015,2014,32.33
salinity@015,2014,32.32
salinity@015,2014,32.31
salinity@015,2014,32.29
salinity@015,2014,32.28
salinity@015,2014,32.27
salinity@015,2014,32.26
salinity@015,2014,32.25
salinity@015,2014,32.23
salinity@015,2014,32.22
salinity@015,2014,32.21
salinity@015,2014,32.37
salinity@015,2014,32.36
salinity@015,2014,32.34
salinity@015,2014,32.33
salinity@015,2014,32.32
salinity@015,2014,32.31
salinity@015,2014,32.29
salinity@015,2014,32.28
salinity@015,2014,32.27
salinity@015,2014,32.26
salinity@015,2014,32.25
salinity@015,2014,32.23
salinity@015,2014,32.22
salinity@015,2014,32.38
salinity@015,2014,32.37
salinity@015,2014,32.36
salinity@015,2014,32.34
salinity@015,2014,32.33
salinity@015,2014,32.32
salinity@015,2014,32.31
salinity@015,2014,32.29
salinity@015,2014,32.28
salinity@015,2014,32.27
salinity@015,2014,32.26
salinity@015,2014,32.25
salinity@015,2014,32.23
salinity@015,2014,32.38
salinity@015,2014,32.37
salinity@015,2014,32.36
salinity@015,2014,32.34
salinity@015,2014,32.33
salinity@015,2014,32.32
salinity@015,2014,32.31
salinity@015,2014,32.29
salinity@015,2014,32.28
salinity@015,2014,32.27
salinity@015,2014,32.26
salinity@015,2014,32.25
salinity@015,2014,32.39
salinity@015,2014,32.38
salinity@015,2014,32.37
salinity@015,2014,32.36
salinity@015,2014,32.34
salinity@015,2014,32.33
salinity@015,2014,32.32
salinity@015,2014,32.31
salinity@015,2014,32.29
salinity@015,2014,32.28
salinity@015,2014,32.27
salinity@015,2014,32.26
salinity@015,2014,32.4
salinity@015,2014,32.39
salinity@015,2014,32.38
salinity@015,2014,32.37
salinity@015,2014,32.36
salinity@015,2014,32.34
salinity@015,2014,32.33
salinity@015,2014,32.32
salinity@015,2014,32.31
salinity@015,2014,32.29
salinity@015,2014,32.28
salinity@015,2014,32.27
salinity@015,2014,32.26
salinity@015,2014,32.42
salinity@015,2014,32.4
salinity@015,2014,32.39
salinity@015,2014,32.38
salinity@015,2014,32.37
salinity@015,2014,32.36
salinity@015,2014,32.34
salinity@015,2014,32.33
salinity@015,2014,32.32
salinity@015,2014,32.31
salinity@015,2014,32.29
salinity@015,2014,32.28
salinity@015,2014,32.27
salinity@015,2014,32.44
salinity@015,2014,32.43
salinity@015,2014,32.42
salinity@015,2014,32.4
salinity@015,2014,32.39
salinity@015,2014,32.38
salinity@015,2014,32.37
salinity@015,2014,32.36
salinity@015,2014,32.34
salinity@015,2014,32.33
salinity@015,2014,32.32
salinity@015,2014,32.31
salinity@015,2014,32.29
salinity@015,2014,32.28
salinity@015,2014,32.46
salinity@015,2014,32.45
salinity@015,2014,32.44
salinity@015,2014,32.43
salinity@015,2014,32.42
salinity@015,2014,32.4
salinity@015,2014,32.39
salinity@015,2014,32.38
salinity@015,2014,32.37
salinity@015,2014,32.36
salinity@015,2014,32.34
salinity@015,2014,32.33
salinity@015,2014,32.32
salinity@015,2014,32.31
salinity@015,2014,32.29
salinity@015,2014,32.5
salinity@015,2014,32.49
salinity@015,2014,32.48
salinity@015,2014,32.46
salinity@015,2014,32.45
salinity@015,2014,32.44
salinity@015,2014,32.43
salinity@015,2014,32.42
salinity@015,2014,32.4
salinity@015,2014,32.39
salinity@015,2014,32.38
salinity@015,2014,32.37
salinity@015,2014,32.36
salinity@015,2014,32.34
salinity@015,2014,32.33
salinity@015,2014,32.32
salinity@015,2014,32.31
salinity@015,2014,32.54
salinity@015,2014,32.52
salinity@015,2014,32.51
salinity@015,2014,32.5
salinity@015,2014,32.49
salinity@015,2014,32.48
salinity@015,2014,32.46
salinity@015,2014,32.45
salinity@015,2014,32.44
salinity@015,2014,32.43
salinity@015,2014,32.42
salinity@015,2014,32.4
salinity@015,2014,32.39
salinity@015,2014,32.38
salinity@015,2014,32.37
salinity@015,2014,32.36
salinity@015,2014,32.34
salinity@015,2014,32.33
salinity@015,2014,32.32
salinity@015,2014,32.56
salinity@015,2014,32.55
salinity@015,2014,32.54
salinity@015,2014,32.52
salinity@015,2014,32.51
salinity@015,2014,32.5
salinity@015,2014,32.49
salinity@015,2014,32.48
salinity@015,2014,32.46
salinity@015,2014,32.45
salinity@015,2014,32.44
salinity@015,2014,32.43
salinity@015,2014,32.42
salinity@015,2014,32.4
salinity@015,2014,32.39
salinity@015,2014,32.38
salinity@015,2014,32.37
salinity@015,2014,32.36
salinity@015,2014,32.34
salinity@015,2014,32.33
salinity@015,2014,32.6
salinity@015,2014,32.58
salinity@015,2014,32.57
salinity@015,2014,32.56
salinity@015,2014,32.55
salinity@015,2014,32.54
salinity@015,2014,32.52
salinity@015,2014,32.51
salinity@015,2014,32.5
salinity@015,2014,32.49
salinity@015,2014,32.48
salinity@015,2014,32.46
salinity@015,2014,32.45
salinity@015,2014,32.44
salinity@015,2014,32.43
salinity@015,2014,32.42
salinity@015,2014,32.4
salinity@015,2014,32.39
salinity@015,2014,32.38
salinity@015,2014,32.37
salinity@015,2014,32.36
salinity@015,2014,32.34
salinity@015,2014,32.62
salinity@015,2014,32.61
salinity@015,2014,32.6
salinity@015,2014,32.58
salinity@015,2014,32.57
salinity@015,2014,32.56
salinity@015,2014,32.55
salinity@015,2014,32.54
salinity@015,2014,32.52
salinity@015,2014,32.51
salinity@015,2014,32.5
salinity@015,2014,32.49
salinity@015,2014,32.48
salinity@015,2014,32.46
salinity@015,2014,32.45
salinity@015,2014,32.44
salinity@015,2014,32.43
salinity@015,2014,32.42
salinity@015,2014,32.4
salinity@015,2014,32.39
salinity@015,2014,32.38
salinity@015,2014,32.37
salinity@015,2014,32.36
salinity@015,2014,32.66
salinity@015,2014,32.65
salinity@015,2014,32.63
salinity@015,2014,32.62
salinity@015,2014,32.61
salinity@015,2014,32.6
salinity@015,2014,32.58
salinity@015,2014,32.57
salinity@015,2014,32.56
salinity@015,2014,32.55
salinity@015,2014,32.54
salinity@015,2014,32.52
salinity@015,2014,32.51
salinity@015,2014,32.5
salinity@015,2014,32.49
salinity@015,2014,32.48
salinity@015,2014,32.46
salinity@015,2014,32.45
salinity@015,2014,32.44
salinity@015,2014,32.43
salinity@015,2014,32.42
salinity@015,2014,32.4
salinity@015,2014,32.39
salinity@015,2014,32.38
salinity@015,2014,32.37
salinity@015,2014,32.69
salinity@015,2014,32.68
salinity@015,2014,32.67
salinity@015,2014,32.66
salinity@015,2014,32.65
salinity@015,2014,32.63
salinity@015,2014,32.62
salinity@015,2014,32.61
salinity@015,2014,32.6
salinity@015,2014,32.58
salinity@015,2014,32.57
salinity@015,2014,32.56
salinity@015,2014,32.55
salinity@015,2014,32.54
salinity@015,2014,32.52
salinity@015,2014,32.51
salinity@015,2014,32.5
salinity@015,2014,32.49
salinity@015,2014,32.48
salinity@015,2014,32.46
salinity@015,2014,32.45
salinity@015,2014,32.44
salinity@015,2014,32.43
salinity@015,2014,32.42
salinity@015,2014,32.4
salinity@015,2014,32.39
salinity@015,2014,32.38
salinity@015,2014,32.72
salinity@015,2014,32.71
salinity@015,2014,32.69
salinity@015,2014,32.68
salinity@015,2014,32.67
salinity@015,2014,32.66
salinity@015,2014,32.65
salinity@015,2014,32.63
salinity@015,2014,32.62
salinity@015,2014,32.61
salinity@015,2014,32.6
salinity@015,2014,32.58
salinity@015,2014,32.57
salinity@015,2014,32.56
salinity@015,2014,32.55
salinity@015,2014,32.54
salinity@015,2014,32.52
salinity@015,2014,32.51
salinity@015,2014,32.5
salinity@015,2014,32.49
salinity@015,2014,32.48
salinity@015,2014,32.46
salinity@015,2014,32.45
salinity@015,2014,32.44
salinity@015,2014,32.43
salinity@015,2014,32.42
salinity@015,2014,32.4
salinity@015,2014,32.75
salinity@015,2014,32.74
salinity@015,2014,32.73
salinity@015,2014,32.72
salinity@015,2014,32.71
salinity@015,2014,32.69
salinity@015,2014,32.68
salinity@015,2014,32.67
salinity@015,2014,32.66
salinity@015,2014,32.65
salinity@015,2014,32.63
salinity@015,2014,32.62
salinity@015,2014,32.61
salinity@015,2014,32.6
salinity@015,2014,32.58
salinity@015,2014,32.57
salinity@015,2014,32.56
salinity@015,2014,32.55
salinity@015,2014,32.54
salinity@015,2014,32.52
salinity@015,2014,32.51
salinity@015,2014,32.5
salinity@015,2014,32.49
salinity@015,2014,32.48
salinity@015,2014,32.46
salinity@015,2014,32.45
salinity@015,2014,32.44
salinity@015,2014,32.79
salinity@015,2014,32.78
salinity@015,2014,32.77
salinity@015,2014,32.75
salinity@015,2014,32.74
salinity@015,2014,32.73
salinity@015,2014,32.72
salinity@015,2014,32.71
salinity@015,2014,32.69
salinity@015,2014,32.68
salinity@015,2014,32.67
salinity@015,2014,32.66
salinity@015,2014,32.65
salinity@015,2014,32.63
salinity@015,2014,32.62
salinity@015,2014,32.61
salinity@015,2014,32.6
salinity@015,2014,32.58
salinity@015,2014,32.57
salinity@015,2014,32.56
salinity@015,2014,32.55
salinity@015,2014,32.54
salinity@015,2014,32.52
salinity@015,2014,32.51
salinity@015,2014,32.5
salinity@015,2014,32.49
salinity@015,2014,32.48
salinity@015,2014,32.81
salinity@015,2014,32.8
salinity@015,2014,32.79
salinity@015,2014,32.78
salinity@015,2014,32.77
salinity@015,2014,32.75
salinity@015,2014,32.74
salinity@015,2014,32.73
salinity@015,2014,32.72
salinity@015,2014,32.71
salinity@015,2014,32.69
salinity@015,2014,32.68
salinity@015,2014,32.67
salinity@015,2014,32.66
salinity@015,2014,32.65
salinity@015,2014,32.63
salinity@015,2014,32.62
salinity@015,2014,32.61
salinity@015,2014,32.6
salinity@015,2014,32.58
salinity@015,2014,32.57
salinity@015,2014,32.56
salinity@015,2014,32.55
salinity@015,2014,32.54
salinity@015,2014,32.52
salinity@015,2014,32.51
salinity@015,2014,32.5
salinity@015,2014,32.85
salinity@015,2014,32.84
salinity@015,2014,32.83
salinity@015,2014,32.81
salinity@015,2014,32.8
salinity@015,2014,32.79
salinity@015,2014,32.78
salinity@015,2014,32.77
salinity@015,2014,32.75
salinity@015,2014,32.74
salinity@015,2014,32.73
salinity@015,2014,32.72
salinity@015,2014,32.71
salinity@015,2014,32.69
salinity@015,2014,32.68
salinity@015,2014,32.67
salinity@015,2014,32.66
salinity@015,2014,32.65
salinity@015,2014,32.63
salinity@015,2014,32.62
salinity@015,2014,32.61
salinity@015,2014,32.6
salinity@015,2014,32.58
salinity@015,2014,32.57
salinity@015,2014,32.56
salinity@015,2014,32.55
salinity@015,2014,32.54
salinity@015,2014,32.86
salinity@015,2014,32.85
salinity@015,2014,32.84
salinity@015,2014,32.83
salinity@015,2014,32.81
salinity@015,2014,32.8
salinity@015,2014,32.79
salinity@015,2014,32.78
salinity@015,2014,32.77
salinity@015,2014,32.75
salinity@015,2014,32.74
salinity@015,2014,32.73
salinity@015,2014,32.72
salinity@015,2014,32.71
salinity@015,2014,32.69
salinity@015,2014,32.68
salinity@015,2014,32.67
salinity@015,2014,32.66
salinity@015,2014,32.65
salinity@015,2014,32.63
salinity@015,2014,32.62
salinity@015,2014,32.61
salinity@015,2014,32.6
salinity@015,2014,32.58
salinity@015,2014,32.57
salinity@015,2014,32.88
salinity@015,2014,32.86
salinity@015,2014,32.85
salinity@015,2014,32.84
salinity@015,2014,32.83
salinity@015,2014,32.81
salinity@015,2014,32.8
salinity@015,2014,32.79
salinity@015,2014,32.78
salinity@015,2014,32.77
salinity@015,2014,32.75
salinity@015,2014,32.74
salinity@015,2014,32.73
salinity@015,2014,32.72
salinity@015,2014,32.71
salinity@015,2014,32.69
salinity@015,2014,32.68
salinity@015,2014,32.67
salinity@015,2014,32.66
salinity@015,2014,32.65
salinity@015,2014,32.63
salinity@015,2014,32.62
salinity@015,2014,32.61
salinity@015,2014,32.6
salinity@015,2014,32.88
salinity@015,2014,32.86
salinity@015,2014,32.85
salinity@015,2014,32.84
salinity@015,2014,32.83
salinity@015,2014,32.81
salinity@015,2014,32.8
salinity@015,2014,32.79
salinity@015,2014,32.78
salinity@015,2014,32.77
salinity@015,2014,32.75
salinity@015,2014,32.74
salinity@015,2014,32.73
salinity@015,2014,32.72
salinity@015,2014,32.71
salinity@015,2014,32.69
salinity@015,2014,32.68
salinity@015,2014,32.67
salinity@015,2014,32.66
salinity@015,2014,32.65
salinity@015,2014,32.63
salinity@015,2014,32.88
salinity@015,2014,32.86
salinity@015,2014,32.85
salinity@015,2014,32.84
salinity@015,2014,32.83
salinity@015,2014,32.81
salinity@015,2014,32.8
salinity@015,2014,32.79
salinity@015,2014,32.78
salinity@015,2014,32.77
salinity@015,2014,32.75
salinity@015,2014,32.74
salinity@015,2014,32.73
salinity@015,2014,32.72
salinity@015,2014,32.71
salinity@015,2014,32.69
salinity@015,2014,32.68
salinity@015,2014,32.67
salinity@015,2014,32.66
salinity@015,2014,32.88
salinity@015,2014,32.86
salinity@015,2014,32.85
salinity@015,2014,32.84
salinity@015,2014,32.83
salinity@015,2014,32.81
salinity@015,2014,32.8
salinity@015,2014,32.79
salinity@015,2014,32.78
salinity@015,2014,32.77
salinity@015,2014,32.75
salinity@015,2014,32.74
salinity@015,2014,32.73
salinity@015,2014,32.72
salinity@015,2014,32.71
salinity@015,2014,32.69
salinity@015,2014,32.68
salinity@015,2014,32.67
salinity@015,2014,32.66
salinity@015,2014,32.65
salinity@015,2014,32.63
salinity@015,2014,32.62
salinity@015,2014,32.61
salinity@015,2014,32.88
salinity@015,2014,32.86
salinity@015,2014,32.85
salinity@015,2014,32.84
salinity@015,2014,32.83
salinity@015,2014,32.81
salinity@015,2014,32.8
salinity@015,2014,32.79
salinity@015,2014,32.78
salinity@015,2014,32.77
salinity@015,2014,32.75
salinity@015,2014,32.74
salinity@015,2014,32.73
salinity@015,2014,32.72
salinity@015,2014,32.71
salinity@015,2014,32.69
salinity@015,2014,32.68
salinity@015,2014,32.67
salinity@015,2014,32.66
salinity@015,2014,32.65
salinity@015,2014,32.63
salinity@015,2014,32.62
salinity@015,2014,32.61
salinity@015,2014,32.6
salinity@015,2014,32.58
salinity@015,2014,32.57
salinity@015,2014,32.86
salinity@015,2014,32.85
salinity@015,2014,32.84
salinity@015,2014,32.83
salinity@015,2014,32.81
salinity@015,2014,32.8
salinity@015,2014,32.79
salinity@015,2014,32.78
salinity@015,2014,32.77
salinity@015,2014,32.75
salinity@015,2014,32.74
salinity@015,2014,32.73
salinity@015,2014,32.72
salinity@015,2014,32.71
salinity@015,2014,32.69
salinity@015,2014,32.68
salinity@015,2014,32.67
salinity@015,2014,32.66
salinity@015,2014,32.65
salinity@015,2014,32.63
salinity@015,2014,32.62
salinity@015,2014,32.61
salinity@015,2014,32.6
salinity@015,2014,32.58
salinity@015,2014,32.57
salinity@015,2014,32.56
salinity@015,2014,32.55
salinity@015,2014,32.54
salinity@015,2014,32.85
salinity@015,2014,32.84
salinity@015,2014,32.83
salinity@015,2014,32.81
salinity@015,2014,32.8
salinity@015,2014,32.79
salinity@015,2014,32.78
salinity@015,2014,32.77
salinity@015,2014,32.75
salinity@015,2014,32.74
salinity@015,2014,32.73
salinity@015,2014,32.72
salinity@015,2014,32.71
salinity@015,2014,32.69
salinity@015,2014,32.68
salinity@015,2014,32.67
salinity@015,2014,32.66
salinity@015,2014,32.65
salinity@015,2014,32.63
salinity@015,2014,32.62
salinity@015,2014,32.61
salinity@015,2014,32.6
salinity@015,2014,32.58
salinity@015,2014,32.57
salinity@015,2014,32.56
salinity@015,2014,32.55
salinity@015,2014,32.54
salinity@015,2014,32.52
salinity@015,2014,32.51
salinity@015,2014,32.5
salinity@015,2014,32.83
salinity@015,2014,32.81
salinity@015,2014,32.8
salinity@015,2014,32.79
salinity@015,2014,32.78
salinity@015,2014,32.77
salinity@015,2014,32.75
salinity@015,2014,32.74
salinity@015,2014,32.73
salinity@015,2014,32.72
salinity@015,2014,32.71
salinity@015,2014,32.69
salinity@015,2014,32.68
salinity@015,2014,32.67
salinity@015,2014,32.66
salinity@015,2014,32.65
salinity@015,2014,32.63
salinity@015,2014,32.62
salinity@015,2014,32.61
salinity@015,2014,32.6
salinity@015,2014,32.58
salinity@015,2014,32.57
salinity@015,2014,32.56
salinity@015,2014,32.55
salinity@015,2014,32.54
salinity@015,2014,32.52
salinity@015,2014,32.51
salinity@015,2014,32.5
salinity@015,2014,32.49
salinity@015,2014,32.48
salinity@015,2014,32.46
salinity@015,2014,32.79
salinity@015,2014,32.78
salinity@015,2014,32.77
salinity@015,2014,32.75
salinity@015,2014,32.74
salinity@015,2014,32.73
salinity@015,2014,32.72
salinity@015,2014,32.71
salinity@015,2014,32.69
salinity@015,2014,32.68
salinity@015,2014,32.67
salinity@015,2014,32.66
salinity@015,2014,32.65
salinity@015,2014,32.63
salinity@015,2014,32.62
salinity@015,2014,32.61
salinity@015,2014,32.6
salinity@015,2014,32.58
salinity@015,2014,32.57
salinity@015,2014,32.56
salinity@015,2014,32.55
salinity@015,2014,32.54
salinity@015,2014,32.52
salinity@015,2014,32.51
salinity@015,2014,32.5
salinity@015,2014,32.49
salinity@015,2014,32.48
salinity@015,2014,32.46
salinity@015,2014,32.45
salinity@015,2014,32.44
salinity@015,2014,32.43
salinity@015,2014,32.75
salinity@015,2014,32.74
salinity@015,2014,32.73
salinity@015,2014,32.72
salinity@015,2014,32.71
salinity@015,2014,32.69
salinity@015,2014,32.68
salinity@015,2014,32.67
salinity@015,2014,32.66
salinity@015,2014,32.65
salinity@015,2014,32.63
salinity@015,2014,32.62
salinity@015,2014,32.61
salinity@015,2014,32.6
salinity@015,2014,32.58
salinity@015,2014,32.57
salinity@015,2014,32.56
salinity@015,2014,32.55
salinity@015,2014,32.54
salinity@015,2014,32.52
salinity@015,2014,32.51
salinity@015,2014,32.5
salinity@015,2014,32.49
salinity@015,2014,32.48
salinity@015,2014,32.46
salinity@015,2014,32.45
salinity@015,2014,32.44
salinity@015,2014,32.43
salinity@015,2014,32.42
salinity@015,2014,32.4
salinity@015,2014,32.39
salinity@015,2014,32.72
salinity@015,2014,32.71
salinity@015,2014,32.69
salinity@015,2014,32.68
salinity@015,2014,32.67
salinity@015,2014,32.66
salinity@015,2014,32.65
salinity@015,2014,32.63
salinity@015,2014,32.62
salinity@015,2014,32.61
salinity@015,2014,32.6
salinity@015,2014,32.58
salinity@015,2014,32.57
salinity@015,2014,32.56
salinity@015,2014,32.55
salinity@015,2014,32.54
salinity@015,2014,32.52
salinity@015,2014,32.51
salinity@015,2014,32.5
salinity@015,2014,32.49
salinity@015,2014,32.48
salinity@015,2014,32.46
salinity@015,2014,32.45
salinity@015,2014,32.44
salinity@015,2014,32.43
salinity@015,2014,32.42
salinity@015,2014,32.4
salinity@015,2014,32.39
salinity@015,2014,32.38
salinity@015,2014,32.37
salinity@015,2014,32.36
salinity@015,2014,32.68
salinity@015,2014,32.67
salinity@015,2014,32.66
salinity@015,2014,32.65
salinity@015,2014,32.63
salinity@015,2014,32.62
salinity@015,2014,32.61
salinity@015,2014,32.6
salinity@015,2014,32.58
salinity@015,2014,32.57
salinity@015,2014,32.56
salinity@015,2014,32.55
salinity@015,2014,32.54
salinity@015,2014,32.52
salinity@015,2014,32.51
salinity@015,2014,32.5
salinity@015,2014,32.49
salinity@015,2014,32.48
salinity@015,2014,32.46
salinity@015,2014,32.45
salinity@015,2014,32.44
salinity@015,2014,32.43
salinity@015,2014,32.42
salinity@015,2014,32.4
salinity@015,2014,32.39
salinity@015,2014,32.38
salinity@015,2014,32.37
salinity@015,2014,32.36
salinity@015,2014,32.34
salinity@015,2014,32.33
salinity@015,2014,32.65
salinity@015,2014,32.63
salinity@015,2014,32.62
salinity@015,2014,32.61
salinity@015,2014,32.6
salinity@015,2014,32.58
salinity@015,2014,32.57
salinity@015,2014,32.56
salinity@015,2014,32.55
salinity@015,2014,32.54
salinity@015,2014,32.52
salinity@015,2014,32.51
salinity@015,2014,32.5
salinity@015,2014,32.49
salinity@015,2014,32.48
salinity@015,2014,32.46
salinity@015,2014,32.45
salinity@015,2014,32.44
salinity@015,2014,32.43
salinity@015,2014,32.42
salinity@015,2014,32.4
salinity@015,2014,32.39
salinity@015,2014,32.38
salinity@015,2014,32.37
salinity@015,2014,32.36
salinity@015,2014,32.34
salinity@015,2014,32.33
salinity@015,2014,32.32
salinity@015,2014,32.61
salinity@015,2014,32.6
salinity@015,2014,32.58
salinity@015,2014,32.57
salinity@015,2014,32.56
salinity@015,2014,32.55
salinity@015,2014,32.54
salinity@015,2014,32.52
salinity@015,2014,32.51
salinity@015,2014,32.5
salinity@015,2014,32.49
salinity@015,2014,32.48
salinity@015,2014,32.46
salinity@015,2014,32.45
salinity@015,2014,32.44
salinity@015,2014,32.43
salinity@015,2014,32.42
salinity@015,2014,32.4
salinity@015,2014,32.39
salinity@015,2014,32.38
salinity@015,2014,32.37
salinity@015,2014,32.36
salinity@015,2014,32.34
salinity@015,2014,32.33
salinity@015,2014,32.32
salinity@015,2014,32.31
salinity@015,2014,32.56
salinity@015,2014,32.55
salinity@015,2014,32.54
salinity@015,2014,32.52
salinity@015,2014,32.51
salinity@015,2014,32.5
salinity@015,2014,32.49
salinity@015,2014,32.48
salinity@015,2014,32.46
salinity@015,2014,32.45
salinity@015,2014,32.44
salinity@015,2014,32.43
salinity@015,2014,32.42
salinity@015,2014,32.4
salinity@015,2014,32.39
salinity@015,2014,32.38
salinity@015,2014,32.37
salinity@015,2014,32.36
salinity@015,2014,32.34
salinity@015,2014,32.33
salinity@015,2014,32.32
salinity@015,2014,32.31
salinity@015,2014,32.29
salinity@015,2014,32.52
salinity@015,2014,32.51
salinity@015,2014,32.5
salinity@015,2014,32.49
salinity@015,2014,32.48
salinity@015,2014,32.46
salinity@015,2014,32.45
salinity@015,2014,32.44
salinity@015,2014,32.43
salinity@015,2014,32.42
salinity@015,2014,32.4
salinity@015,2014,32.39
salinity@015,2014,32.38
salinity@015,2014,32.37
salinity@015,2014,32.36
salinity@015,2014,32.34
salinity@015,2014,32.33
salinity@015,2014,32.32
salinity@015,2014,32.31
salinity@015,2014,32.29
salinity@015,2014,32.49
salinity@015,2014,32.48
salinity@015,2014,32.46
salinity@015,2014,32.45
salinity@015,2014,32.44
salinity@015,2014,32.43
salinity@015,2014,32.42
salinity@015,2014,32.4
salinity@015,2014,32.39
salinity@015,2014,32.38
salinity@015,2014,32.37
salinity@015,2014,32.36
salinity@015,2014,32.34
salinity@015,2014,32.33
salinity@015,2014,32.32
salinity@015,2014,32.31
salinity@015,2014,32.29
salinity@015,2014,32.45
salinity@015,2014,32.44
salinity@015,2014,32.43
salinity@015,2014,32.42
salinity@015,2014,32.4
salinity@015,2014,32.39
salinity@015,2014,32.38
salinity@015,2014,32.37
salinity@015,2014,32.36
salinity@015,2014,32.34
salinity@015,2014,32.33
salinity@015,2014,32.32
salinity@015,2014,32.31
salinity@015,2014,32.44
salinity@015,2014,32.43
salinity@015,2014,32.42
salinity@015,2014,32.4
salinity@015,2014,32.39
salinity@015,2014,32.38
salinity@015,2014,32.37
salinity@015,2014,32.36
salinity@015,2014,32.34
salinity@015,2014,32.33
salinity@015,2014,32.32
salinity@015,2014,32.31
salinity@015,2014,32.44
salinity@015,2014,32.43
salinity@015,2014,32.42
salinity@015,2014,32.4
salinity@015,2014,32.39
salinity@015,2014,32.38
salinity@015,2014,32.37
salinity@015,2014,32.36
salinity@015,2014,32.34
salinity@015,2014,32.33
salinity@015,2014,32.32
salinity@015,2014,32.45
salinity@015,2014,32.44
salinity@015,2014,32.43
salinity@015,2014,32.42
salinity@015,2014,32.4
salinity@015,2014,32.39
salinity@015,2014,32.38
salinity@015,2014,32.37
salinity@015,2014,32.36
salinity@015,2014,32.34
salinity@015,2014,32.33
salinity@015,2014,32.45
salinity@015,2014,32.44
salinity@015,2014,32.43
salinity@015,2014,32.42
salinity@015,2014,32.4
salinity@015,2014,32.39
salinity@015,2014,32.38
salinity@015,2014,32.37
salinity@015,2014,32.36
salinity@015,2014,32.34
salinity@015,2014,32.33
salinity@015,2014,32.46
salinity@015,2014,32.45
salinity@015,2014,32.44
salinity@015,2014,32.43
salinity@015,2014,32.42
salinity@015,2014,32.4
salinity@015,2014,32.39
salinity@015,2014,32.38
salinity@015,2014,32.37
salinity@015,2014,32.36
salinity@015,2014,32.34
salinity@015,2014,32.48
salinity@015,2014,32.46
salinity@015,2014,32.45
salinity@015,2014,32.44
salinity@015,2014,32.43
salinity@015,2014,32.42
salinity@015,2014,32.4
salinity@015,2014,32.39
salinity@015,2014,32.38
salinity@015,2014,32.37
salinity@015,2014,32.36
salinity@015,2014,32.34
salinity@015,2014,32.48
salinity@015,2014,32.46
salinity@015,2014,32.45
salinity@015,2014,32.44
salinity@015,2014,32.43
salinity@015,2014,32.42
salinity@015,2014,32.4
salinity@015,2014,32.39
salinity@015,2014,32.38
salinity@015,2014,32.37
salinity@015,2014,32.36
salinity@015,2014,32.49
salinity@015,2014,32.48
salinity@015,2014,32.46
salinity@015,2014,32.45
salinity@015,2014,32.44
salinity@015,2014,32.43
salinity@015,2014,32.42
salinity@015,2014,32.4
salinity@015,2014,32.39
salinity@015,2014,32.38
salinity@015,2014,32.37
salinity@015,2014,32.49
salinity@015,2014,32.48
salinity@015,2014,32.46
salinity@015,2014,32.45
salinity@015,2014,32.44
salinity@015,2014,32.43
salinity@015,2014,32.42
salinity@015,2014,32.4
salinity@015,2014,32.39
salinity@015,2014,32.38
salinity@015,2014,32.37
salinity@015,2014,32.5
salinity@015,2014,32.49
salinity@015,2014,32.48
salinity@015,2014,32.46
salinity@015,2014,32.45
salinity@015,2014,32.44
salinity@015,2014,32.43
salinity@015,2014,32.42
salinity@015,2014,32.4
salinity@015,2014,32.39
salinity@015,2014,32.38
salinity@015,2014,32.5
salinity@015,2014,32.49
salinity@015,2014,32.48
salinity@015,2014,32.46
salinity@015,2014,32.45
salinity@015,2014,32.44
salinity@015,2014,32.43
salinity@015,2014,32.42
salinity@015,2014,32.4
salinity@015,2014,32.39
salinity@015,2014,32.38
salinity@015,2014,32.5
salinity@015,2014,32.49
salinity@015,2014,32.48
salinity@015,2014,32.46
salinity@015,2014,32.45
salinity@015,2014,32.44
salinity@015,2014,32.43
salinity@015,2014,32.42
salinity@015,2014,32.4
salinity@015,2014,32.39
salinity@015,2014,32.5
salinity@015,2014,32.49
salinity@015,2014,32.48
salinity@015,2014,32.46
salinity@015,2014,32.45
salinity@015,2014,32.44
salinity@015,2014,32.43
salinity@015,2014,32.42
salinity@015,2014,32.4
salinity@015,2014,32.39
salinity@015,2014,32.5
salinity@015,2014,32.49
salinity@015,2014,32.48
salinity@015,2014,32.46
salinity@015,2014,32.45
salinity@015,2014,32.44
salinity@015,2014,32.43
salinity@015,2014,32.42
salinity@015,2014,32.4
salinity@015,2014,32.39
salinity@015,2014,32.5
salinity@015,2014,32.49
salinity@015,2014,32.48
salinity@015,2014,32.46
salinity@015,2014,32.45
salinity@015,2014,32.44
salinity@015,2014,32.43
salinity@015,2014,32.42
salinity@015,2014,32.4
salinity@015,2014,32.39
salinity@015,2014,32.5
salinity@015,2014,32.49
salinity@015,2014,32.48
salinity@015,2014,32.46
salinity@015,2014,32.45
salinity@015,2014,32.44
salinity@015,2014,32.43
salinity@015,2014,32.42
salinity@015,2014,32.4
salinity@015,2014,32.39
salinity@015,2014,32.5
salinity@015,2014,32.49
salinity@015,2014,32.48
salinity@015,2014,32.46
salinity@015,2014,32.45
salinity@015,2014,32.44
salinity@015,2014,32.43
salinity@015,2014,32.42
salinity@015,2014,32.4
salinity@015,2014,32.39
salinity@015,2014,32.5
salinity@015,2014,32.49
salinity@015,2014,32.48
salinity@015,2014,32.46
salinity@015,2014,32.45
salinity@015,2014,32.44
salinity@015,2014,32.43
salinity@015,2014,32.42
salinity@015,2014,32.4
salinity@015,2014,32.39
salinity@015,2014,32.5
salinity@015,2014,32.49
salinity@015,2014,32.48
salinity@015,2014,32.46
salinity@015,2014,32.45
salinity@015,2014,32.44
salinity@015,2014,32.43
salinity@015,2014,32.42
salinity@015,2014,32.4
salinity@015,2014,32.39
salinity@015,2014,32.5
salinity@015,2014,32.49
salinity@015,2014,32.48
salinity@015,2014,32.46
salinity@015,2014,32.45
salinity@015,2014,32.44
salinity@015,2014,32.43
salinity@015,2014,32.42
salinity@015,2014,32.4
salinity@015,2014,32.39
salinity@015,2014,32.5
salinity@015,2014,32.49
salinity@015,2014,32.48
salinity@015,2014,32.46
salinity@015,2014,32.45
salinity@015,2014,32.44
salinity@015,2014,32.43
salinity@015,2014,32.42
salinity@015,2014,32.4
salinity@015,2014,32.39
salinity@015,2014,32.5
salinity@015,2014,32.49
salinity@015,2014,32.48
salinity@015,2014,32.46
salinity@015,2014,32.45
salinity@015,2014,32.44
salinity@015,2014,32.43
salinity@015,2014,32.42
salinity@015,2014,32.4
salinity@015,2014,32.39
salinity@015,2014,32.5
salinity@015,2014,32.49
salinity@015,2014,32.48
salinity@015,2014,32.46
salinity@015,2014,32.45
salinity@015,2014,32.44
salinity@015,2014,32.43
salinity@015,2014,32.42
salinity@015,2014,32.4
salinity@015,2014,32.39
salinity@015,2014,32.5
salinity@015,2014,32.49
salinity@015,2014,32.48
salinity@015,2014,32.46
salinity@015,2014,32.45
salinity@015,2014,32.44
salinity@015,2014,32.43
salinity@015,2014,32.42
salinity@015,2014,32.4
salinity@015,2014,32.39
salinity@015,2014,32.5
salinity@015,2014,32.49
salinity@015,2014,32.48
salinity@015,2014,32.46
salinity@015,2014,32.45
salinity@015,2014,32.44
salinity@015,2014,32.43
salinity@015,2014,32.42
salinity@015,2014,32.4
salinity@015,2014,32.39
salinity@015,2014,32.5
salinity@015,2014,32.49
salinity@015,2014,32.48
salinity@015,2014,32.46
salinity@015,2014,32.45
salinity@015,2014,32.44
salinity@015,2014,32.43
salinity@015,2014,32.42
salinity@015,2014,32.4
salinity@015,2014,32.39
salinity@015,2014,32.5
salinity@015,2014,32.49
salinity@015,2014,32.48
salinity@015,2014,32.46
salinity@015,2014,32.45
salinity@015,2014,32.44
salinity@015,2014,32.43
salinity@015,2014,32.42
salinity@015,2014,32.4
salinity@015,2014,32.39
salinity@015,2014,32.5
salinity@015,2014,32.49
salinity@015,2014,32.48
salinity@015,2014,32.46
salinity@015,2014,32.45
salinity@015,2014,32.44
salinity@015,2014,32.43
salinity@015,2014,32.42
salinity@015,2014,32.4
salinity@015,2014,32.5
salinity@015,2014,32.49
salinity@015,2014,32.48
salinity@015,2014,32.46
salinity@015,2014,32.45
salinity@015,2014,32.44
salinity@015,2014,32.43
salinity@015,2014,32.42
salinity@015,2014,32.4
salinity@015,2014,32.5
salinity@015,2014,32.49
salinity@015,2014,32.48
salinity@015,2014,32.46
salinity@015,2014,32.45
salinity@015,2014,32.44
salinity@015,2014,32.43
salinity@015,2014,32.42
salinity@015,2014,32.4
salinity@015,2014,32.5
salinity@015,2014,32.49
salinity@015,2014,32.48
salinity@015,2014,32.46
salinity@015,2014,32.45
salinity@015,2014,32.44
salinity@015,2014,32.43
salinity@015,2014,32.42
salinity@015,2014,32.4
salinity@015,2014,32.5
salinity@015,2014,32.49
salinity@015,2014,32.48
salinity@015,2014,32.46
salinity@015,2014,32.45
salinity@015,2014,32.44
salinity@015,2014,32.43
salinity@015,2014,32.42
salinity@015,2014,32.4
salinity@015,2014,32.51
salinity@015,2014,32.5
salinity@015,2014,32.49
salinity@015,2014,32.48
salinity@015,2014,32.46
salinity@015,2014,32.45
salinity@015,2014,32.44
salinity@015,2014,32.43
salinity@015,2014,32.42
salinity@015,2014,32.4
salinity@015,2014,32.51
salinity@015,2014,32.5
salinity@015,2014,32.49
salinity@015,2014,32.48
salinity@015,2014,32.46
salinity@015,2014,32.45
salinity@015,2014,32.44
salinity@015,2014,32.43
salinity@015,2014,32.42
salinity@015,2014,32.4
salinity@015,2014,32.51
salinity@015,2014,32.5
salinity@015,2014,32.49
salinity@015,2014,32.48
salinity@015,2014,32.46
salinity@015,2014,32.45
salinity@015,2014,32.44
salinity@015,2014,32.43
salinity@015,2014,32.42
salinity@015,2014,32.4
salinity@015,2014,32.39
salinity@015,2014,32.38
salinity@015,2014,32.51
salinity@015,2014,32.5
salinity@015,2014,32.49
salinity@015,2014,32.48
salinity@015,2014,32.46
salinity@015,2014,32.45
salinity@015,2014,32.44
salinity@015,2014,32.43
salinity@015,2014,32.42
salinity@015,2014,32.4
salinity@015,2014,32.39
salinity@015,2014,32.38
salinity@015,2014,32.37
salinity@015,2014,32.36
salinity@015,2014,32.51
salinity@015,2014,32.5
salinity@015,2014,32.49
salinity@015,2014,32.48
salinity@015,2014,32.46
salinity@015,2014,32.45
salinity@015,2014,32.44
salinity@015,2014,32.43
salinity@015,2014,32.42
salinity@015,2014,32.4
salinity@015,2014,32.39
salinity@015,2014,32.38
salinity@015,2014,32.37
salinity@015,2014,32.36
salinity@015,2014,32.34
salinity@015,2014,32.33
salinity@015,2014,32.32
salinity@015,2014,32.5
salinity@015,2014,32.49
salinity@015,2014,32.48
salinity@015,2014,32.46
salinity@015,2014,32.45
salinity@015,2014,32.44
salinity@015,2014,32.43
salinity@015,2014,32.42
salinity@015,2014,32.4
salinity@015,2014,32.39
salinity@015,2014,32.38
salinity@015,2014,32.37
salinity@015,2014,32.36
salinity@015,2014,32.34
salinity@015,2014,32.33
salinity@015,2014,32.32
salinity@015,2014,32.31
salinity@015,2014,32.29
salinity@015,2014,32.49
salinity@015,2014,32.48
salinity@015,2014,32.46
salinity@015,2014,32.45
salinity@015,2014,32.44
salinity@015,2014,32.43
salinity@015,2014,32.42
salinity@015,2014,32.4
salinity@015,2014,32.39
salinity@015,2014,32.38
salinity@015,2014,32.37
salinity@015,2014,32.36
salinity@015,2014,32.34
salinity@015,2014,32.33
salinity@015,2014,32.32
salinity@015,2014,32.31
salinity@015,2014,32.29
salinity@015,2014,32.28
salinity@015,2014,32.27
salinity@015,2014,32.26
salinity@015,2014,32.48
salinity@015,2014,32.46
salinity@015,2014,32.45
salinity@015,2014,32.44
salinity@015,2014,32.43
salinity@015,2014,32.42
salinity@015,2014,32.4
salinity@015,2014,32.39
salinity@015,2014,32.38
salinity@015,2014,32.37
salinity@015,2014,32.36
salinity@015,2014,32.34
salinity@015,2014,32.33
salinity@015,2014,32.32
salinity@015,2014,32.31
salinity@015,2014,32.29
salinity@015,2014,32.28
salinity@015,2014,32.27
salinity@015,2014,32.26
salinity@015,2014,32.25
salinity@015,2014,32.23
salinity@015,2014,32.22
salinity@015,2014,32.46
salinity@015,2014,32.45
salinity@015,2014,32.44
salinity@015,2014,32.43
salinity@015,2014,32.42
salinity@015,2014,32.4
salinity@015,2014,32.39
salinity@015,2014,32.38
salinity@015,2014,32.37
salinity@015,2014,32.36
salinity@015,2014,32.34
salinity@015,2014,32.33
salinity@015,2014,32.32
salinity@015,2014,32.31
salinity@015,2014,32.29
salinity@015,2014,32.28
salinity@015,2014,32.27
salinity@015,2014,32.26
salinity@015,2014,32.25
salinity@015,2014,32.23
salinity@015,2014,32.22
salinity@015,2014,32.21
salinity@015,2014,32.2
salinity@015,2014,32.45
salinity@015,2014,32.44
salinity@015,2014,32.43
salinity@015,2014,32.42
salinity@015,2014,32.4
salinity@015,2014,32.39
salinity@015,2014,32.38
salinity@015,2014,32.37
salinity@015,2014,32.36
salinity@015,2014,32.34
salinity@015,2014,32.33
salinity@015,2014,32.32
salinity@015,2014,32.31
salinity@015,2014,32.29
salinity@015,2014,32.28
salinity@015,2014,32.27
salinity@015,2014,32.26
salinity@015,2014,32.25
salinity@015,2014,32.23
salinity@015,2014,32.22
salinity@015,2014,32.21
salinity@015,2014,32.2
salinity@015,2014,32.19
salinity@015,2014,32.17
salinity@015,2014,32.16
salinity@015,2014,32.44
salinity@015,2014,32.43
salinity@015,2014,32.42
salinity@015,2014,32.4
salinity@015,2014,32.39
salinity@015,2014,32.38
salinity@015,2014,32.37
salinity@015,2014,32.36
salinity@015,2014,32.34
salinity@015,2014,32.33
salinity@015,2014,32.32
salinity@015,2014,32.31
salinity@015,2014,32.29
salinity@015,2014,32.28
salinity@015,2014,32.27
salinity@015,2014,32.26
salinity@015,2014,32.25
salinity@015,2014,32.23
salinity@015,2014,32.22
salinity@015,2014,32.21
salinity@015,2014,32.2
salinity@015,2014,32.19
salinity@015,2014,32.17
salinity@015,2014,32.16
salinity@015,2014,32.15
salinity@015,2014,32.14
salinity@015,2014,32.42
salinity@015,2014,32.4
salinity@015,2014,32.39
salinity@015,2014,32.38
salinity@015,2014,32.37
salinity@015,2014,32.36
salinity@015,2014,32.34
salinity@015,2014,32.33
salinity@015,2014,32.32
salinity@015,2014,32.31
salinity@015,2014,32.29
salinity@015,2014,32.28
salinity@015,2014,32.27
salinity@015,2014,32.26
salinity@015,2014,32.25
salinity@015,2014,32.23
salinity@015,2014,32.22
salinity@015,2014,32.21
salinity@015,2014,32.2
salinity@015,2014,32.19
salinity@015,2014,32.17
salinity@015,2014,32.16
salinity@015,2014,32.15
salinity@015,2014,32.14
salinity@015,2014,32.13
salinity@015,2014,32.11
salinity@015,2014,32.1
salinity@015,2014,32.38
salinity@015,2014,32.37
salinity@015,2014,32.36
salinity@015,2014,32.34
salinity@015,2014,32.33
salinity@015,2014,32.32
salinity@015,2014,32.31
salinity@015,2014,32.29
salinity@015,2014,32.28
salinity@015,2014,32.27
salinity@015,2014,32.26
salinity@015,2014,32.25
salinity@015,2014,32.23
salinity@015,2014,32.22
salinity@015,2014,32.21
salinity@015,2014,32.2
salinity@015,2014,32.19
salinity@015,2014,32.17
salinity@015,2014,32.16
salinity@015,2014,32.15
salinity@015,2014,32.14
salinity@015,2014,32.13
salinity@015,2014,32.11
salinity@015,2014,32.1
salinity@015,2014,32.09
salinity@015,2014,32.08
salinity@015,2014,32.06
salinity@015,2014,32.34
salinity@015,2014,32.33
salinity@015,2014,32.32
salinity@015,2014,32.31
salinity@015,2014,32.29
salinity@015,2014,32.28
salinity@015,2014,32.27
salinity@015,2014,32.26
salinity@015,2014,32.25
salinity@015,2014,32.23
salinity@015,2014,32.22
salinity@015,2014,32.21
salinity@015,2014,32.2
salinity@015,2014,32.19
salinity@015,2014,32.17
salinity@015,2014,32.16
salinity@015,2014,32.15
salinity@015,2014,32.14
salinity@015,2014,32.13
salinity@015,2014,32.11
salinity@015,2014,32.1
salinity@015,2014,32.09
salinity@015,2014,32.08
salinity@015,2014,32.06
salinity@015,2014,32.05
salinity@015,2014,32.04
salinity@015,2014,32.32
salinity@015,2014,32.31
salinity@015,2014,32.29
salinity@015,2014,32.28
salinity@015,2014,32.27
salinity@015,2014,32.26
salinity@015,2014,32.25
salinity@015,2014,32.23
salinity@015,2014,32.22
salinity@015,2014,32.21
salinity@015,2014,32.2
salinity@015,2014,32.19
salinity@015,2014,32.17
salinity@015,2014,32.16
salinity@015,2014,32.15
salinity@015,2014,32.14
salinity@015,2014,32.13
salinity@015,2014,32.11
salinity@015,2014,32.1
salinity@015,2014,32.09
salinity@015,2014,32.08
salinity@015,2014,32.06
salinity@015,2014,32.05
salinity@015,2014,32.04
salinity@015,2014,32.03
salinity@015,2014,32.02
salinity@015,2014,32
salinity@015,2014,32.28
salinity@015,2014,32.27
salinity@015,2014,32.26
salinity@015,2014,32.25
salinity@015,2014,32.23
salinity@015,2014,32.22
salinity@015,2014,32.21
salinity@015,2014,32.2
salinity@015,2014,32.19
salinity@015,2014,32.17
salinity@015,2014,32.16
salinity@015,2014,32.15
salinity@015,2014,32.14
salinity@015,2014,32.13
salinity@015,2014,32.11
salinity@015,2014,32.1
salinity@015,2014,32.09
salinity@015,2014,32.08
salinity@015,2014,32.06
salinity@015,2014,32.05
salinity@015,2014,32.04
salinity@015,2014,32.03
salinity@015,2014,32.02
salinity@015,2014,32
salinity@015,2014,31.99
salinity@015,2014,31.98
salinity@015,2014,32.26
salinity@015,2014,32.25
salinity@015,2014,32.23
salinity@015,2014,32.22
salinity@015,2014,32.21
salinity@015,2014,32.2
salinity@015,2014,32.19
salinity@015,2014,32.17
salinity@015,2014,32.16
salinity@015,2014,32.15
salinity@015,2014,32.14
salinity@015,2014,32.13
salinity@015,2014,32.11
salinity@015,2014,32.1
salinity@015,2014,32.09
salinity@015,2014,32.08
salinity@015,2014,32.06
salinity@015,2014,32.05
salinity@015,2014,32.04
salinity@015,2014,32.03
salinity@015,2014,32.02
salinity@015,2014,32
salinity@015,2014,31.99
salinity@015,2014,31.98
salinity@015,2014,31.97
salinity@015,2014,31.96
salinity@015,2014,31.94
salinity@015,2014,32.22
salinity@015,2014,32.21
salinity@015,2014,32.2
salinity@015,2014,32.19
salinity@015,2014,32.17
salinity@015,2014,32.16
salinity@015,2014,32.15
salinity@015,2014,32.14
salinity@015,2014,32.13
salinity@015,2014,32.11
salinity@015,2014,32.1
salinity@015,2014,32.09
salinity@015,2014,32.08
salinity@015,2014,32.06
salinity@015,2014,32.05
salinity@015,2014,32.04
salinity@015,2014,32.03
salinity@015,2014,32.02
salinity@015,2014,32
salinity@015,2014,31.99
salinity@015,2014,31.98
salinity@015,2014,31.97
salinity@015,2014,31.96
salinity@015,2014,31.94
salinity@015,2014,31.93
salinity@015,2014,31.92
salinity@015,2014,32.19
salinity@015,2014,32.17
salinity@015,2014,32.16
salinity@015,2014,32.15
salinity@015,2014,32.14
salinity@015,2014,32.13
salinity@015,2014,32.11
salinity@015,2014,32.1
salinity@015,2014,32.09
salinity@015,2014,32.08
salinity@015,2014,32.06
salinity@015,2014,32.05
salinity@015,2014,32.04
salinity@015,2014,32.03
salinity@015,2014,32.02
salinity@015,2014,32
salinity@015,2014,31.99
salinity@015,2014,31.98
salinity@015,2014,31.97
salinity@015,2014,31.96
salinity@015,2014,31.94
salinity@015,2014,31.93
salinity@015,2014,31.92
salinity@015,2014,31.91
salinity@015,2014,31.9
salinity@015,2014,31.88
salinity@015,2014,32.16
salinity@015,2014,32.15
salinity@015,2014,32.14
salinity@015,2014,32.13
salinity@015,2014,32.11
salinity@015,2014,32.1
salinity@015,2014,32.09
salinity@015,2014,32.08
salinity@015,2014,32.06
salinity@015,2014,32.05
salinity@015,2014,32.04
salinity@015,2014,32.03
salinity@015,2014,32.02
salinity@015,2014,32
salinity@015,2014,31.99
salinity@015,2014,31.98
salinity@015,2014,31.97
salinity@015,2014,31.96
salinity@015,2014,31.94
salinity@015,2014,31.93
salinity@015,2014,31.92
salinity@015,2014,31.91
salinity@015,2014,31.9
salinity@015,2014,31.88
salinity@015,2014,31.87
salinity@015,2014,31.86
salinity@015,2014,32.13
salinity@015,2014,32.11
salinity@015,2014,32.1
salinity@015,2014,32.09
salinity@015,2014,32.08
salinity@015,2014,32.06
salinity@015,2014,32.05
salinity@015,2014,32.04
salinity@015,2014,32.03
salinity@015,2014,32.02
salinity@015,2014,32
salinity@015,2014,31.99
salinity@015,2014,31.98
salinity@015,2014,31.97
salinity@015,2014,31.96
salinity@015,2014,31.94
salinity@015,2014,31.93
salinity@015,2014,31.92
salinity@015,2014,31.91
salinity@015,2014,31.9
salinity@015,2014,31.88
salinity@015,2014,31.87
salinity@015,2014,31.86
salinity@015,2014,31.85
salinity@015,2014,31.84
salinity@015,2014,31.82
salinity@015,2014,32.1
salinity@015,2014,32.09
salinity@015,2014,32.08
salinity@015,2014,32.06
salinity@015,2014,32.05
salinity@015,2014,32.04
salinity@015,2014,32.03
salinity@015,2014,32.02
salinity@015,2014,32
salinity@015,2014,31.99
salinity@015,2014,31.98
salinity@015,2014,31.97
salinity@015,2014,31.96
salinity@015,2014,31.94
salinity@015,2014,31.93
salinity@015,2014,31.92
salinity@015,2014,31.91
salinity@015,2014,31.9
salinity@015,2014,31.88
salinity@015,2014,31.87
salinity@015,2014,31.86
salinity@015,2014,31.85
salinity@015,2014,31.84
salinity@015,2014,31.82
salinity@015,2014,31.81
salinity@015,2014,31.8
salinity@015,2014,32.06
salinity@015,2014,32.05
salinity@015,2014,32.04
salinity@015,2014,32.03
salinity@015,2014,32.02
salinity@015,2014,32
salinity@015,2014,31.99
salinity@015,2014,31.98
salinity@015,2014,31.97
salinity@015,2014,31.96
salinity@015,2014,31.94
salinity@015,2014,31.93
salinity@015,2014,31.92
salinity@015,2014,31.91
salinity@015,2014,31.9
salinity@015,2014,31.88
salinity@015,2014,31.87
salinity@015,2014,31.86
salinity@015,2014,31.85
salinity@015,2014,31.84
salinity@015,2014,31.82
salinity@015,2014,31.81
salinity@015,2014,31.8
salinity@015,2014,31.79
salinity@015,2014,31.77
salinity@015,2014,32.04
salinity@015,2014,32.03
salinity@015,2014,32.02
salinity@015,2014,32
salinity@015,2014,31.99
salinity@015,2014,31.98
salinity@015,2014,31.97
salinity@015,2014,31.96
salinity@015,2014,31.94
salinity@015,2014,31.93
salinity@015,2014,31.92
salinity@015,2014,31.91
salinity@015,2014,31.9
salinity@015,2014,31.88
salinity@015,2014,31.87
salinity@015,2014,31.86
salinity@015,2014,31.85
salinity@015,2014,31.84
salinity@015,2014,31.82
salinity@015,2014,31.81
salinity@015,2014,31.8
salinity@015,2014,31.79
salinity@015,2014,31.77
salinity@015,2014,31.76
salinity@015,2014,31.75
salinity@015,2014,31.74
salinity@015,2014,32
salinity@015,2014,31.99
salinity@015,2014,31.98
salinity@015,2014,31.97
salinity@015,2014,31.96
salinity@015,2014,31.94
salinity@015,2014,31.93
salinity@015,2014,31.92
salinity@015,2014,31.91
salinity@015,2014,31.9
salinity@015,2014,31.88
salinity@015,2014,31.87
salinity@015,2014,31.86
salinity@015,2014,31.85
salinity@015,2014,31.84
salinity@015,2014,31.82
salinity@015,2014,31.81
salinity@015,2014,31.8
salinity@015,2014,31.79
salinity@015,2014,31.77
salinity@015,2014,31.76
salinity@015,2014,31.75
salinity@015,2014,31.74
salinity@015,2014,31.73
salinity@015,2014,31.71
salinity@015,2014,31.98
salinity@015,2014,31.97
salinity@015,2014,31.96
salinity@015,2014,31.94
salinity@015,2014,31.93
salinity@015,2014,31.92
salinity@015,2014,31.91
salinity@015,2014,31.9
salinity@015,2014,31.88
salinity@015,2014,31.87
salinity@015,2014,31.86
salinity@015,2014,31.85
salinity@015,2014,31.84
salinity@015,2014,31.82
salinity@015,2014,31.81
salinity@015,2014,31.8
salinity@015,2014,31.79
salinity@015,2014,31.77
salinity@015,2014,31.76
salinity@015,2014,31.75
salinity@015,2014,31.74
salinity@015,2014,31.73
salinity@015,2014,31.71
salinity@015,2014,31.7
salinity@015,2014,31.69
salinity@015,2014,31.68
salinity@015,2014,31.94
salinity@015,2014,31.93
salinity@015,2014,31.92
salinity@015,2014,31.91
salinity@015,2014,31.9
salinity@015,2014,31.88
salinity@015,2014,31.87
salinity@015,2014,31.86
salinity@015,2014,31.85
salinity@015,2014,31.84
salinity@015,2014,31.82
salinity@015,2014,31.81
salinity@015,2014,31.8
salinity@015,2014,31.79
salinity@015,2014,31.77
salinity@015,2014,31.76
salinity@015,2014,31.75
salinity@015,2014,31.74
salinity@015,2014,31.73
salinity@015,2014,31.71
salinity@015,2014,31.7
salinity@015,2014,31.69
salinity@015,2014,31.68
salinity@015,2014,31.67
salinity@015,2014,31.65
salinity@015,2014,31.92
salinity@015,2014,31.91
salinity@015,2014,31.9
salinity@015,2014,31.88
salinity@015,2014,31.87
salinity@015,2014,31.86
salinity@015,2014,31.85
salinity@015,2014,31.84
salinity@015,2014,31.82
salinity@015,2014,31.81
salinity@015,2014,31.8
salinity@015,2014,31.79
salinity@015,2014,31.77
salinity@015,2014,31.76
salinity@015,2014,31.75
salinity@015,2014,31.74
salinity@015,2014,31.73
salinity@015,2014,31.71
salinity@015,2014,31.7
salinity@015,2014,31.69
salinity@015,2014,31.68
salinity@015,2014,31.67
salinity@015,2014,31.65
salinity@015,2014,31.64
salinity@015,2014,31.88
salinity@015,2014,31.87
salinity@015,2014,31.86
salinity@015,2014,31.85
salinity@015,2014,31.84
salinity@015,2014,31.82
salinity@015,2014,31.81
salinity@015,2014,31.8
salinity@015,2014,31.79
salinity@015,2014,31.77
salinity@015,2014,31.76
salinity@015,2014,31.75
salinity@015,2014,31.74
salinity@015,2014,31.73
salinity@015,2014,31.71
salinity@015,2014,31.7
salinity@015,2014,31.69
salinity@015,2014,31.68
salinity@015,2014,31.67
salinity@015,2014,31.65
salinity@015,2014,31.64
salinity@015,2014,31.86
salinity@015,2014,31.85
salinity@015,2014,31.84
salinity@015,2014,31.82
salinity@015,2014,31.81
salinity@015,2014,31.8
salinity@015,2014,31.79
salinity@015,2014,31.77
salinity@015,2014,31.76
salinity@015,2014,31.75
salinity@015,2014,31.74
salinity@015,2014,31.73
salinity@015,2014,31.71
salinity@015,2014,31.7
salinity@015,2014,31.69
salinity@015,2014,31.68
salinity@015,2014,31.67
salinity@015,2014,31.65
salinity@015,2014,31.64
salinity@015,2014,31.63
salinity@015,2014,31.84
salinity@015,2014,31.82
salinity@015,2014,31.81
salinity@015,2014,31.8
salinity@015,2014,31.79
salinity@015,2014,31.77
salinity@015,2014,31.76
salinity@015,2014,31.75
salinity@015,2014,31.74
salinity@015,2014,31.73
salinity@015,2014,31.71
salinity@015,2014,31.7
salinity@015,2014,31.69
salinity@015,2014,31.68
salinity@015,2014,31.67
salinity@015,2014,31.65
salinity@015,2014,31.64
salinity@015,2014,31.63
salinity@015,2014,31.87
salinity@015,2014,31.86
salinity@015,2014,31.85
salinity@015,2014,31.84
salinity@015,2014,31.82
salinity@015,2014,31.81
salinity@015,2014,31.8
salinity@015,2014,31.79
salinity@015,2014,31.77
salinity@015,2014,31.76
salinity@015,2014,31.75
salinity@015,2014,31.74
salinity@015,2014,31.73
salinity@015,2014,31.71
salinity@015,2014,31.7
salinity@015,2014,31.69
salinity@015,2014,31.68
salinity@015,2014,31.67
salinity@015,2014,31.65
salinity@015,2014,31.64
salinity@015,2014,31.9
salinity@015,2014,31.88
salinity@015,2014,31.87
salinity@015,2014,31.86
salinity@015,2014,31.85
salinity@015,2014,31.84
salinity@015,2014,31.82
salinity@015,2014,31.81
salinity@015,2014,31.8
salinity@015,2014,31.79
salinity@015,2014,31.77
salinity@015,2014,31.76
salinity@015,2014,31.75
salinity@015,2014,31.74
salinity@015,2014,31.73
salinity@015,2014,31.71
salinity@015,2014,31.7
salinity@015,2014,31.69
salinity@015,2014,31.68
salinity@015,2014,31.67
salinity@015,2014,31.65
salinity@015,2014,31.64
salinity@015,2014,31.93
salinity@015,2014,31.92
salinity@015,2014,31.91
salinity@015,2014,31.9
salinity@015,2014,31.88
salinity@015,2014,31.87
salinity@015,2014,31.86
salinity@015,2014,31.85
salinity@015,2014,31.84
salinity@015,2014,31.82
salinity@015,2014,31.81
salinity@015,2014,31.8
salinity@015,2014,31.79
salinity@015,2014,31.77
salinity@015,2014,31.76
salinity@015,2014,31.75
salinity@015,2014,31.74
salinity@015,2014,31.73
salinity@015,2014,31.71
salinity@015,2014,31.7
salinity@015,2014,31.69
salinity@015,2014,31.68
salinity@015,2014,31.67
salinity@015,2014,31.65
salinity@015,2014,31.96
salinity@015,2014,31.94
salinity@015,2014,31.93
salinity@015,2014,31.92
salinity@015,2014,31.91
salinity@015,2014,31.9
salinity@015,2014,31.88
salinity@015,2014,31.87
salinity@015,2014,31.86
salinity@015,2014,31.85
salinity@015,2014,31.84
salinity@015,2014,31.82
salinity@015,2014,31.81
salinity@015,2014,31.8
salinity@015,2014,31.79
salinity@015,2014,31.77
salinity@015,2014,31.76
salinity@015,2014,31.75
salinity@015,2014,31.74
salinity@015,2014,31.73
salinity@015,2014,31.71
salinity@015,2014,31.7
salinity@015,2014,31.69
salinity@015,2014,31.68
salinity@015,2014,31.67
salinity@015,2014,31.99
salinity@015,2014,31.98
salinity@015,2014,31.97
salinity@015,2014,31.96
salinity@015,2014,31.94
salinity@015,2014,31.93
salinity@015,2014,31.92
salinity@015,2014,31.91
salinity@015,2014,31.9
salinity@015,2014,31.88
salinity@015,2014,31.87
salinity@015,2014,31.86
salinity@015,2014,31.85
salinity@015,2014,31.84
salinity@015,2014,31.82
salinity@015,2014,31.81
salinity@015,2014,31.8
salinity@015,2014,31.79
salinity@015,2014,31.77
salinity@015,2014,31.76
salinity@015,2014,31.75
salinity@015,2014,31.74
salinity@015,2014,31.73
salinity@015,2014,31.71
salinity@015,2014,31.7
salinity@015,2014,32.02
salinity@015,2014,32
salinity@015,2014,31.99
salinity@015,2014,31.98
salinity@015,2014,31.97
salinity@015,2014,31.96
salinity@015,2014,31.94
salinity@015,2014,31.93
salinity@015,2014,31.92
salinity@015,2014,31.91
salinity@015,2014,31.9
salinity@015,2014,31.88
salinity@015,2014,31.87
salinity@015,2014,31.86
salinity@015,2014,31.85
salinity@015,2014,31.84
salinity@015,2014,31.82
salinity@015,2014,31.81
salinity@015,2014,31.8
salinity@015,2014,31.79
salinity@015,2014,31.77
salinity@015,2014,31.76
salinity@015,2014,31.75
salinity@015,2014,31.74
salinity@015,2014,31.73
salinity@015,2014,32.04
salinity@015,2014,32.03
salinity@015,2014,32.02
salinity@015,2014,32
salinity@015,2014,31.99
salinity@015,2014,31.98
salinity@015,2014,31.97
salinity@015,2014,31.96
salinity@015,2014,31.94
salinity@015,2014,31.93
salinity@015,2014,31.92
salinity@015,2014,31.91
salinity@015,2014,31.9
salinity@015,2014,31.88
salinity@015,2014,31.87
salinity@015,2014,31.86
salinity@015,2014,31.85
salinity@015,2014,31.84
salinity@015,2014,31.82
salinity@015,2014,31.81
salinity@015,2014,31.8
salinity@015,2014,31.79
salinity@015,2014,31.77
salinity@015,2014,31.76
salinity@015,2014,31.75
salinity@015,2014,32.08
salinity@015,2014,32.06
salinity@015,2014,32.05
salinity@015,2014,32.04
salinity@015,2014,32.03
salinity@015,2014,32.02
salinity@015,2014,32
salinity@015,2014,31.99
salinity@015,2014,31.98
salinity@015,2014,31.97
salinity@015,2014,31.96
salinity@015,2014,31.94
salinity@015,2014,31.93
salinity@015,2014,31.92
salinity@015,2014,31.91
salinity@015,2014,31.9
salinity@015,2014,31.88
salinity@015,2014,31.87
salinity@015,2014,31.86
salinity@015,2014,31.85
salinity@015,2014,31.84
salinity@015,2014,31.82
salinity@015,2014,31.81
salinity@015,2014,31.8
salinity@015,2014,31.79
salinity@015,2014,32.1
salinity@015,2014,32.09
salinity@015,2014,32.08
salinity@015,2014,32.06
salinity@015,2014,32.05
salinity@015,2014,32.04
salinity@015,2014,32.03
salinity@015,2014,32.02
salinity@015,2014,32
salinity@015,2014,31.99
salinity@015,2014,31.98
salinity@015,2014,31.97
salinity@015,2014,31.96
salinity@015,2014,31.94
salinity@015,2014,31.93
salinity@015,2014,31.92
salinity@015,2014,31.91
salinity@015,2014,31.9
salinity@015,2014,31.88
salinity@015,2014,31.87
salinity@015,2014,31.86
salinity@015,2014,31.85
salinity@015,2014,31.84
salinity@015,2014,31.82
salinity@015,2014,31.81
salinity@015,2014,32.13
salinity@015,2014,32.11
salinity@015,2014,32.1
salinity@015,2014,32.09
salinity@015,2014,32.08
salinity@015,2014,32.06
salinity@015,2014,32.05
salinity@015,2014,32.04
salinity@015,2014,32.03
salinity@015,2014,32.02
salinity@015,2014,32
salinity@015,2014,31.99
salinity@015,2014,31.98
salinity@015,2014,31.97
salinity@015,2014,31.96
salinity@015,2014,31.94
salinity@015,2014,31.93
salinity@015,2014,31.92
salinity@015,2014,31.91
salinity@015,2014,31.9
salinity@015,2014,31.88
salinity@015,2014,31.87
salinity@015,2014,31.86
salinity@015,2014,31.85
salinity@015,2014,32.15
salinity@015,2014,32.14
salinity@015,2014,32.13
salinity@015,2014,32.11
salinity@015,2014,32.1
salinity@015,2014,32.09
salinity@015,2014,32.08
salinity@015,2014,32.06
salinity@015,2014,32.05
salinity@015,2014,32.04
salinity@015,2014,32.03
salinity@015,2014,32.02
salinity@015,2014,32
salinity@015,2014,31.99
salinity@015,2014,31.98
salinity@015,2014,31.97
salinity@015,2014,31.96
salinity@015,2014,31.94
salinity@015,2014,31.93
salinity@015,2014,31.92
salinity@015,2014,31.91
salinity@015,2014,31.9
salinity@015,2014,31.88
salinity@015,2014,31.87
salinity@015,2014,32.17
salinity@015,2014,32.16
salinity@015,2014,32.15
salinity@015,2014,32.14
salinity@015,2014,32.13
salinity@015,2014,32.11
salinity@015,2014,32.1
salinity@015,2014,32.09
salinity@015,2014,32.08
salinity@015,2014,32.06
salinity@015,2014,32.05
salinity@015,2014,32.04
salinity@015,2014,32.03
salinity@015,2014,32.02
salinity@015,2014,32
salinity@015,2014,31.99
salinity@015,2014,31.98
salinity@015,2014,31.97
salinity@015,2014,31.96
salinity@015,2014,31.94
salinity@015,2014,31.93
salinity@015,2014,31.92
salinity@015,2014,31.91
salinity@015,2015,32.2
salinity@015,2015,32.19
salinity@015,2015,32.17
salinity@015,2015,32.16
salinity@015,2015,32.15
salinity@015,2015,32.14
salinity@015,2015,32.13
salinity@015,2015,32.11
salinity@015,2015,32.1
salinity@015,2015,32.09
salinity@015,2015,32.08
salinity@015,2015,32.06
salinity@015,2015,32.05
salinity@015,2015,32.04
salinity@015,2015,32.03
salinity@015,2015,32.02
salinity@015,2015,32
salinity@015,2015,31.99
salinity@015,2015,31.98
salinity@015,2015,31.97
salinity@015,2015,31.96
salinity@015,2015,31.94
salinity@015,2015,31.93
salinity@015,2015,32.22
salinity@015,2015,32.21
salinity@015,2015,32.2
salinity@015,2015,32.19
salinity@015,2015,32.17
salinity@015,2015,32.16
salinity@015,2015,32.15
salinity@015,2015,32.14
salinity@015,2015,32.13
salinity@015,2015,32.11
salinity@015,2015,32.1
salinity@015,2015,32.09
salinity@015,2015,32.08
salinity@015,2015,32.06
salinity@015,2015,32.05
salinity@015,2015,32.04
salinity@015,2015,32.03
salinity@015,2015,32.02
salinity@015,2015,32
salinity@015,2015,31.99
salinity@015,2015,31.98
salinity@015,2015,31.97
salinity@015,2015,32.25
salinity@015,2015,32.23
salinity@015,2015,32.22
salinity@015,2015,32.21
salinity@015,2015,32.2
salinity@015,2015,32.19
salinity@015,2015,32.17
salinity@015,2015,32.16
salinity@015,2015,32.15
salinity@015,2015,32.14
salinity@015,2015,32.13
salinity@015,2015,32.11
salinity@015,2015,32.1
salinity@015,2015,32.09
salinity@015,2015,32.08
salinity@015,2015,32.06
salinity@015,2015,32.05
salinity@015,2015,32.04
salinity@015,2015,32.03
salinity@015,2015,32.02
salinity@015,2015,32
salinity@015,2015,31.99
salinity@015,2015,32.27
salinity@015,2015,32.26
salinity@015,2015,32.25
salinity@015,2015,32.23
salinity@015,2015,32.22
salinity@015,2015,32.21
salinity@015,2015,32.2
salinity@015,2015,32.19
salinity@015,2015,32.17
salinity@015,2015,32.16
salinity@015,2015,32.15
salinity@015,2015,32.14
salinity@015,2015,32.13
salinity@015,2015,32.11
salinity@015,2015,32.1
salinity@015,2015,32.09
salinity@015,2015,32.08
salinity@015,2015,32.06
salinity@015,2015,32.05
salinity@015,2015,32.04
salinity@015,2015,32.03
salinity@015,2015,32.02
salinity@015,2015,32.29
salinity@015,2015,32.28
salinity@015,2015,32.27
salinity@015,2015,32.26
salinity@015,2015,32.25
salinity@015,2015,32.23
salinity@015,2015,32.22
salinity@015,2015,32.21
salinity@015,2015,32.2
salinity@015,2015,32.19
salinity@015,2015,32.17
salinity@015,2015,32.16
salinity@015,2015,32.15
salinity@015,2015,32.14
salinity@015,2015,32.13
salinity@015,2015,32.11
salinity@015,2015,32.1
salinity@015,2015,32.09
salinity@015,2015,32.08
salinity@015,2015,32.06
salinity@015,2015,32.05
salinity@015,2015,32.32
salinity@015,2015,32.31
salinity@015,2015,32.29
salinity@015,2015,32.28
salinity@015,2015,32.27
salinity@015,2015,32.26
salinity@015,2015,32.25
salinity@015,2015,32.23
salinity@015,2015,32.22
salinity@015,2015,32.21
salinity@015,2015,32.2
salinity@015,2015,32.19
salinity@015,2015,32.17
salinity@015,2015,32.16
salinity@015,2015,32.15
salinity@015,2015,32.14
salinity@015,2015,32.13
salinity@015,2015,32.11
salinity@015,2015,32.1
salinity@015,2015,32.09
salinity@015,2015,32.08
salinity@015,2015,32.34
salinity@015,2015,32.33
salinity@015,2015,32.32
salinity@015,2015,32.31
salinity@015,2015,32.29
salinity@015,2015,32.28
salinity@015,2015,32.27
salinity@015,2015,32.26
salinity@015,2015,32.25
salinity@015,2015,32.23
salinity@015,2015,32.22
salinity@015,2015,32.21
salinity@015,2015,32.2
salinity@015,2015,32.19
salinity@015,2015,32.17
salinity@015,2015,32.16
salinity@015,2015,32.15
salinity@015,2015,32.14
salinity@015,2015,32.13
salinity@015,2015,32.11
salinity@015,2015,32.1
salinity@015,2015,32.37
salinity@015,2015,32.36
salinity@015,2015,32.34
salinity@015,2015,32.33
salinity@015,2015,32.32
salinity@015,2015,32.31
salinity@015,2015,32.29
salinity@015,2015,32.28
salinity@015,2015,32.27
salinity@015,2015,32.26
salinity@015,2015,32.25
salinity@015,2015,32.23
salinity@015,2015,32.22
salinity@015,2015,32.21
salinity@015,2015,32.2
salinity@015,2015,32.19
salinity@015,2015,32.17
salinity@015,2015,32.16
salinity@015,2015,32.15
salinity@015,2015,32.14
salinity@015,2015,32.13
salinity@015,2015,32.39
salinity@015,2015,32.38
salinity@015,2015,32.37
salinity@015,2015,32.36
salinity@015,2015,32.34
salinity@015,2015,32.33
salinity@015,2015,32.32
salinity@015,2015,32.31
salinity@015,2015,32.29
salinity@015,2015,32.28
salinity@015,2015,32.27
salinity@015,2015,32.26
salinity@015,2015,32.25
salinity@015,2015,32.23
salinity@015,2015,32.22
salinity@015,2015,32.21
salinity@015,2015,32.2
salinity@015,2015,32.19
salinity@015,2015,32.17
salinity@015,2015,32.16
salinity@015,2015,32.15
salinity@015,2015,32.4
salinity@015,2015,32.39
salinity@015,2015,32.38
salinity@015,2015,32.37
salinity@015,2015,32.36
salinity@015,2015,32.34
salinity@015,2015,32.33
salinity@015,2015,32.32
salinity@015,2015,32.31
salinity@015,2015,32.29
salinity@015,2015,32.28
salinity@015,2015,32.27
salinity@015,2015,32.26
salinity@015,2015,32.25
salinity@015,2015,32.23
salinity@015,2015,32.22
salinity@015,2015,32.21
salinity@015,2015,32.2
salinity@015,2015,32.19
salinity@015,2015,32.17
salinity@015,2015,32.43
salinity@015,2015,32.42
salinity@015,2015,32.4
salinity@015,2015,32.39
salinity@015,2015,32.38
salinity@015,2015,32.37
salinity@015,2015,32.36
salinity@015,2015,32.34
salinity@015,2015,32.33
salinity@015,2015,32.32
salinity@015,2015,32.31
salinity@015,2015,32.29
salinity@015,2015,32.28
salinity@015,2015,32.27
salinity@015,2015,32.26
salinity@015,2015,32.25
salinity@015,2015,32.23
salinity@015,2015,32.22
salinity@015,2015,32.21
salinity@015,2015,32.2
salinity@015,2015,32.43
salinity@015,2015,32.42
salinity@015,2015,32.4
salinity@015,2015,32.39
salinity@015,2015,32.38
salinity@015,2015,32.37
salinity@015,2015,32.36
salinity@015,2015,32.34
salinity@015,2015,32.33
salinity@015,2015,32.32
salinity@015,2015,32.31
salinity@015,2015,32.29
salinity@015,2015,32.28
salinity@015,2015,32.27
salinity@015,2015,32.26
salinity@015,2015,32.25
salinity@015,2015,32.23
salinity@015,2015,32.22
salinity@015,2015,32.43
salinity@015,2015,32.42
salinity@015,2015,32.4
salinity@015,2015,32.39
salinity@015,2015,32.38
salinity@015,2015,32.37
salinity@015,2015,32.36
salinity@015,2015,32.34
salinity@015,2015,32.33
salinity@015,2015,32.32
salinity@015,2015,32.31
salinity@015,2015,32.29
salinity@015,2015,32.28
salinity@015,2015,32.27
salinity@015,2015,32.26
salinity@015,2015,32.25
salinity@015,2015,32.43
salinity@015,2015,32.42
salinity@015,2015,32.4
salinity@015,2015,32.39
salinity@015,2015,32.38
salinity@015,2015,32.37
salinity@015,2015,32.36
salinity@015,2015,32.34
salinity@015,2015,32.33
salinity@015,2015,32.32
salinity@015,2015,32.31
salinity@015,2015,32.29
salinity@015,2015,32.28
salinity@015,2015,32.27
salinity@015,2015,32.43
salinity@015,2015,32.42
salinity@015,2015,32.4
salinity@015,2015,32.39
salinity@015,2015,32.38
salinity@015,2015,32.37
salinity@015,2015,32.36
salinity@015,2015,32.34
salinity@015,2015,32.33
salinity@015,2015,32.32
salinity@015,2015,32.31
salinity@015,2015,32.29
salinity@015,2015,32.43
salinity@015,2015,32.42
salinity@015,2015,32.4
salinity@015,2015,32.39
salinity@015,2015,32.38
salinity@015,2015,32.37
salinity@015,2015,32.36
salinity@015,2015,32.34
salinity@015,2015,32.33
salinity@015,2015,32.32
salinity@015,2015,32.31
salinity@015,2015,32.29
salinity@015,2015,32.42
salinity@015,2015,32.4
salinity@015,2015,32.39
salinity@015,2015,32.38
salinity@015,2015,32.37
salinity@015,2015,32.36
salinity@015,2015,32.34
salinity@015,2015,32.33
salinity@015,2015,32.32
salinity@015,2015,32.31
salinity@015,2015,32.29
salinity@015,2015,32.42
salinity@015,2015,32.4
salinity@015,2015,32.39
salinity@015,2015,32.38
salinity@015,2015,32.37
salinity@015,2015,32.36
salinity@015,2015,32.34
salinity@015,2015,32.33
salinity@015,2015,32.32
salinity@015,2015,32.31
salinity@015,2015,32.29
salinity@015,2015,32.28
salinity@015,2015,32.4
salinity@015,2015,32.39
salinity@015,2015,32.38
salinity@015,2015,32.37
salinity@015,2015,32.36
salinity@015,2015,32.34
salinity@015,2015,32.33
salinity@015,2015,32.32
salinity@015,2015,32.31
salinity@015,2015,32.29
salinity@015,2015,32.28
salinity@015,2015,32.27
salinity@015,2015,32.39
salinity@015,2015,32.38
salinity@015,2015,32.37
salinity@015,2015,32.36
salinity@015,2015,32.34
salinity@015,2015,32.33
salinity@015,2015,32.32
salinity@015,2015,32.31
salinity@015,2015,32.29
salinity@015,2015,32.28
salinity@015,2015,32.27
salinity@015,2015,32.39
salinity@015,2015,32.38
salinity@015,2015,32.37
salinity@015,2015,32.36
salinity@015,2015,32.34
salinity@015,2015,32.33
salinity@015,2015,32.32
salinity@015,2015,32.31
salinity@015,2015,32.29
salinity@015,2015,32.28
salinity@015,2015,32.27
salinity@015,2015,32.26
salinity@015,2015,32.38
salinity@015,2015,32.37
salinity@015,2015,32.36
salinity@015,2015,32.34
salinity@015,2015,32.33
salinity@015,2015,32.32
salinity@015,2015,32.31
salinity@015,2015,32.29
salinity@015,2015,32.28
salinity@015,2015,32.27
salinity@015,2015,32.26
salinity@015,2015,32.25
salinity@015,2015,32.37
salinity@015,2015,32.36
salinity@015,2015,32.34
salinity@015,2015,32.33
salinity@015,2015,32.32
salinity@015,2015,32.31
salinity@015,2015,32.29
salinity@015,2015,32.28
salinity@015,2015,32.27
salinity@015,2015,32.26
salinity@015,2015,32.25
salinity@015,2015,32.36
salinity@015,2015,32.34
salinity@015,2015,32.33
salinity@015,2015,32.32
salinity@015,2015,32.31
salinity@015,2015,32.29
salinity@015,2015,32.28
salinity@015,2015,32.27
salinity@015,2015,32.26
salinity@015,2015,32.25
salinity@015,2015,32.23
salinity@015,2015,32.36
salinity@015,2015,32.34
salinity@015,2015,32.33
salinity@015,2015,32.32
salinity@015,2015,32.31
salinity@015,2015,32.29
salinity@015,2015,32.28
salinity@015,2015,32.27
salinity@015,2015,32.26
salinity@015,2015,32.25
salinity@015,2015,32.23
salinity@015,2015,32.22
salinity@015,2015,32.34
salinity@015,2015,32.33
salinity@015,2015,32.32
salinity@015,2015,32.31
salinity@015,2015,32.29
salinity@015,2015,32.28
salinity@015,2015,32.27
salinity@015,2015,32.26
salinity@015,2015,32.25
salinity@015,2015,32.23
salinity@015,2015,32.22
salinity@015,2015,32.33
salinity@015,2015,32.32
salinity@015,2015,32.31
salinity@015,2015,32.29
salinity@015,2015,32.28
salinity@015,2015,32.27
salinity@015,2015,32.26
salinity@015,2015,32.25
salinity@015,2015,32.23
salinity@015,2015,32.22
salinity@015,2015,32.33
salinity@015,2015,32.32
salinity@015,2015,32.31
salinity@015,2015,32.29
salinity@015,2015,32.28
salinity@015,2015,32.27
salinity@015,2015,32.26
salinity@015,2015,32.25
salinity@015,2015,32.23
salinity@015,2015,32.22
salinity@015,2015,32.32
salinity@015,2015,32.31
salinity@015,2015,32.29
salinity@015,2015,32.28
salinity@015,2015,32.27
salinity@015,2015,32.26
salinity@015,2015,32.25
salinity@015,2015,32.23
salinity@015,2015,32.22
salinity@015,2015,32.31
salinity@015,2015,32.29
salinity@015,2015,32.28
salinity@015,2015,32.27
salinity@015,2015,32.26
salinity@015,2015,32.25
salinity@015,2015,32.23
salinity@015,2015,32.29
salinity@015,2015,32.28
salinity@015,2015,32.27
salinity@015,2015,32.26
salinity@015,2015,32.25
salinity@015,2015,31.91
salinity@015,2015,31.9
salinity@015,2015,31.93
salinity@015,2015,31.92
salinity@015,2015,31.91
salinity@015,2015,31.9
salinity@015,2015,31.88
salinity@015,2015,31.87
salinity@015,2015,31.94
salinity@015,2015,31.93
salinity@015,2015,31.92
salinity@015,2015,31.91
salinity@015,2015,31.9
salinity@015,2015,31.88
salinity@015,2015,31.87
salinity@015,2015,31.86
salinity@015,2015,31.94
salinity@015,2015,31.93
salinity@015,2015,31.92
salinity@015,2015,31.91
salinity@015,2015,31.9
salinity@015,2015,31.88
salinity@015,2015,31.87
salinity@015,2015,31.86
salinity@015,2015,31.85
salinity@015,2015,31.94
salinity@015,2015,31.93
salinity@015,2015,31.92
salinity@015,2015,31.91
salinity@015,2015,31.9
salinity@015,2015,31.88
salinity@015,2015,31.87
salinity@015,2015,31.86
salinity@015,2015,31.85
salinity@015,2015,31.96
salinity@015,2015,31.94
salinity@015,2015,31.93
salinity@015,2015,31.92
salinity@015,2015,31.91
salinity@015,2015,31.9
salinity@015,2015,31.88
salinity@015,2015,31.87
salinity@015,2015,31.86
salinity@015,2015,31.85
salinity@015,2015,31.94
salinity@015,2015,31.93
salinity@015,2015,31.92
salinity@015,2015,31.91
salinity@015,2015,31.9
salinity@015,2015,31.88
salinity@015,2015,31.87
salinity@015,2015,31.86
salinity@015,2015,31.85
salinity@015,2015,31.94
salinity@015,2015,31.93
salinity@015,2015,31.92
salinity@015,2015,31.91
salinity@015,2015,31.9
salinity@015,2015,31.88
salinity@015,2015,31.87
salinity@015,2015,31.86
salinity@015,2015,31.85
salinity@015,2015,31.94
salinity@015,2015,31.93
salinity@015,2015,31.92
salinity@015,2015,31.91
salinity@015,2015,31.9
salinity@015,2015,31.88
salinity@015,2015,31.87
salinity@015,2015,31.86
salinity@015,2015,31.85
salinity@015,2015,31.94
salinity@015,2015,31.93
salinity@015,2015,31.92
salinity@015,2015,31.91
salinity@015,2015,31.9
salinity@015,2015,31.88
salinity@015,2015,31.87
salinity@015,2015,31.86
salinity@015,2015,31.85
salinity@015,2015,31.84
salinity@015,2015,31.94
salinity@015,2015,31.93
salinity@015,2015,31.92
salinity@015,2015,31.91
salinity@015,2015,31.9
salinity@015,2015,31.88
salinity@015,2015,31.87
salinity@015,2015,31.86
salinity@015,2015,31.85
salinity@015,2015,31.84
salinity@015,2015,31.94
salinity@015,2015,31.93
salinity@015,2015,31.92
salinity@015,2015,31.91
salinity@015,2015,31.9
salinity@015,2015,31.88
salinity@015,2015,31.87
salinity@015,2015,31.86
salinity@015,2015,31.85
salinity@015,2015,31.84
salinity@015,2015,31.94
salinity@015,2015,31.93
salinity@015,2015,31.92
salinity@015,2015,31.91
salinity@015,2015,31.9
salinity@015,2015,31.88
salinity@015,2015,31.87
salinity@015,2015,31.86
salinity@015,2015,31.85
salinity@015,2015,31.84
salinity@015,2015,31.94
salinity@015,2015,31.93
salinity@015,2015,31.92
salinity@015,2015,31.91
salinity@015,2015,31.9
salinity@015,2015,31.88
salinity@015,2015,31.87
salinity@015,2015,31.86
salinity@015,2015,31.85
salinity@015,2015,31.84
salinity@015,2015,31.93
salinity@015,2015,31.92
salinity@015,2015,31.91
salinity@015,2015,31.9
salinity@015,2015,31.88
salinity@015,2015,31.87
salinity@015,2015,31.86
salinity@015,2015,31.85
salinity@015,2015,31.84
salinity@015,2015,31.93
salinity@015,2015,31.92
salinity@015,2015,31.91
salinity@015,2015,31.9
salinity@015,2015,31.88
salinity@015,2015,31.87
salinity@015,2015,31.86
salinity@015,2015,31.85
salinity@015,2015,31.84
salinity@015,2015,31.94
salinity@015,2015,31.93
salinity@015,2015,31.92
salinity@015,2015,31.91
salinity@015,2015,31.9
salinity@015,2015,31.88
salinity@015,2015,31.87
salinity@015,2015,31.86
salinity@015,2015,31.85
salinity@015,2015,31.84
salinity@015,2016,31.97
salinity@015,2016,31.96
salinity@015,2016,31.94
salinity@015,2016,31.93
salinity@015,2016,31.92
salinity@015,2016,31.91
salinity@015,2016,31.9
salinity@015,2016,31.88
salinity@015,2016,31.87
salinity@015,2016,31.86
salinity@015,2016,31.85
salinity@015,2016,31.84
salinity@015,2016,31.99
salinity@015,2016,31.98
salinity@015,2016,31.97
salinity@015,2016,31.96
salinity@015,2016,31.94
salinity@015,2016,31.93
salinity@015,2016,31.92
salinity@015,2016,31.91
salinity@015,2016,31.9
salinity@015,2016,31.88
salinity@015,2016,31.87
salinity@015,2016,31.86
salinity@015,2016,31.85
salinity@015,2016,31.84
salinity@015,2016,31.82
salinity@015,2016,32
salinity@015,2016,31.99
salinity@015,2016,31.98
salinity@015,2016,31.97
salinity@015,2016,31.96
salinity@015,2016,31.94
salinity@015,2016,31.93
salinity@015,2016,31.92
salinity@015,2016,31.91
salinity@015,2016,31.9
salinity@015,2016,31.88
salinity@015,2016,31.87
salinity@015,2016,31.86
salinity@015,2016,31.85
salinity@015,2016,31.84
salinity@015,2016,32.03
salinity@015,2016,32.02
salinity@015,2016,32
salinity@015,2016,31.99
salinity@015,2016,31.98
salinity@015,2016,31.97
salinity@015,2016,31.96
salinity@015,2016,31.94
salinity@015,2016,31.93
salinity@015,2016,31.92
salinity@015,2016,31.91
salinity@015,2016,31.9
salinity@015,2016,31.88
salinity@015,2016,31.87
salinity@015,2016,31.86
salinity@015,2016,31.85
salinity@015,2016,31.84
salinity@015,2016,32.05
salinity@015,2016,32.04
salinity@015,2016,32.03
salinity@015,2016,32.02
salinity@015,2016,32
salinity@015,2016,31.99
salinity@015,2016,31.98
salinity@015,2016,31.97
salinity@015,2016,31.96
salinity@015,2016,31.94
salinity@015,2016,31.93
salinity@015,2016,31.92
salinity@015,2016,31.91
salinity@015,2016,31.9
salinity@015,2016,31.88
salinity@015,2016,31.87
salinity@015,2016,31.86
salinity@015,2016,31.85
salinity@015,2016,32.08
salinity@015,2016,32.06
salinity@015,2016,32.05
salinity@015,2016,32.04
salinity@015,2016,32.03
salinity@015,2016,32.02
salinity@015,2016,32
salinity@015,2016,31.99
salinity@015,2016,31.98
salinity@015,2016,31.97
salinity@015,2016,31.96
salinity@015,2016,31.94
salinity@015,2016,31.93
salinity@015,2016,31.92
salinity@015,2016,31.91
salinity@015,2016,31.9
salinity@015,2016,31.88
salinity@015,2016,31.87
salinity@015,2016,31.86
salinity@015,2016,32.09
salinity@015,2016,32.08
salinity@015,2016,32.06
salinity@015,2016,32.05
salinity@015,2016,32.04
salinity@015,2016,32.03
salinity@015,2016,32.02
salinity@015,2016,32
salinity@015,2016,31.99
salinity@015,2016,31.98
salinity@015,2016,31.97
salinity@015,2016,31.96
salinity@015,2016,31.94
salinity@015,2016,31.93
salinity@015,2016,31.92
salinity@015,2016,31.91
salinity@015,2016,31.9
salinity@015,2016,31.88
salinity@015,2016,32.11
salinity@015,2016,32.1
salinity@015,2016,32.09
salinity@015,2016,32.08
salinity@015,2016,32.06
salinity@015,2016,32.05
salinity@015,2016,32.04
salinity@015,2016,32.03
salinity@015,2016,32.02
salinity@015,2016,32
salinity@015,2016,31.99
salinity@015,2016,31.98
salinity@015,2016,31.97
salinity@015,2016,31.96
salinity@015,2016,31.94
salinity@015,2016,31.93
salinity@015,2016,31.92
salinity@015,2016,31.91
salinity@015,2016,31.9
salinity@015,2016,32.14
salinity@015,2016,32.13
salinity@015,2016,32.11
salinity@015,2016,32.1
salinity@015,2016,32.09
salinity@015,2016,32.08
salinity@015,2016,32.06
salinity@015,2016,32.05
salinity@015,2016,32.04
salinity@015,2016,32.03
salinity@015,2016,32.02
salinity@015,2016,32
salinity@015,2016,31.99
salinity@015,2016,31.98
salinity@015,2016,31.97
salinity@015,2016,31.96
salinity@015,2016,31.94
salinity@015,2016,31.93
salinity@015,2016,31.92
salinity@015,2016,32.16
salinity@015,2016,32.15
salinity@015,2016,32.14
salinity@015,2016,32.13
salinity@015,2016,32.11
salinity@015,2016,32.1
salinity@015,2016,32.09
salinity@015,2016,32.08
salinity@015,2016,32.06
salinity@015,2016,32.05
salinity@015,2016,32.04
salinity@015,2016,32.03
salinity@015,2016,32.02
salinity@015,2016,32
salinity@015,2016,31.99
salinity@015,2016,31.98
salinity@015,2016,31.97
salinity@015,2016,31.96
salinity@015,2016,31.94
salinity@015,2016,32.17
salinity@015,2016,32.16
salinity@015,2016,32.15
salinity@015,2016,32.14
salinity@015,2016,32.13
salinity@015,2016,32.11
salinity@015,2016,32.1
salinity@015,2016,32.09
salinity@015,2016,32.08
salinity@015,2016,32.06
salinity@015,2016,32.05
salinity@015,2016,32.04
salinity@015,2016,32.03
salinity@015,2016,32.02
salinity@015,2016,32
salinity@015,2016,31.99
salinity@015,2016,31.98
salinity@015,2016,31.97
salinity@015,2016,31.96
salinity@015,2016,32.19
salinity@015,2016,32.17
salinity@015,2016,32.16
salinity@015,2016,32.15
salinity@015,2016,32.14
salinity@015,2016,32.13
salinity@015,2016,32.11
salinity@015,2016,32.1
salinity@015,2016,32.09
salinity@015,2016,32.08
salinity@015,2016,32.06
salinity@015,2016,32.05
salinity@015,2016,32.04
salinity@015,2016,32.03
salinity@015,2016,32.02
salinity@015,2016,32
salinity@015,2016,31.99
salinity@015,2016,31.98
salinity@015,2016,32.2
salinity@015,2016,32.19
salinity@015,2016,32.17
salinity@015,2016,32.16
salinity@015,2016,32.15
salinity@015,2016,32.14
salinity@015,2016,32.13
salinity@015,2016,32.11
salinity@015,2016,32.1
salinity@015,2016,32.09
salinity@015,2016,32.08
salinity@015,2016,32.06
salinity@015,2016,32.05
salinity@015,2016,32.04
salinity@015,2016,32.03
salinity@015,2016,32.02
salinity@015,2016,32
salinity@015,2016,32.2
salinity@015,2016,32.19
salinity@015,2016,32.17
salinity@015,2016,32.16
salinity@015,2016,32.15
salinity@015,2016,32.14
salinity@015,2016,32.13
salinity@015,2016,32.11
salinity@015,2016,32.1
salinity@015,2016,32.09
salinity@015,2016,32.08
salinity@015,2016,32.06
salinity@015,2016,32.05
salinity@015,2016,32.04
salinity@015,2016,32.03
salinity@015,2016,32.2
salinity@015,2016,32.19
salinity@015,2016,32.17
salinity@015,2016,32.16
salinity@015,2016,32.15
salinity@015,2016,32.14
salinity@015,2016,32.13
salinity@015,2016,32.11
salinity@015,2016,32.1
salinity@015,2016,32.09
salinity@015,2016,32.08
salinity@015,2016,32.06
salinity@015,2016,32.05
salinity@015,2016,32.04
salinity@015,2016,32.2
salinity@015,2016,32.19
salinity@015,2016,32.17
salinity@015,2016,32.16
salinity@015,2016,32.15
salinity@015,2016,32.14
salinity@015,2016,32.13
salinity@015,2016,32.11
salinity@015,2016,32.1
salinity@015,2016,32.09
salinity@015,2016,32.08
salinity@015,2016,32.06
salinity@015,2016,32.2
salinity@015,2016,32.19
salinity@015,2016,32.17
salinity@015,2016,32.16
salinity@015,2016,32.15
salinity@015,2016,32.14
salinity@015,2016,32.13
salinity@015,2016,32.11
salinity@015,2016,32.1
salinity@015,2016,32.09
salinity@015,2016,32.2
salinity@015,2016,32.19
salinity@015,2016,32.17
salinity@015,2016,32.16
salinity@015,2016,32.15
salinity@015,2016,32.14
salinity@015,2016,32.13
salinity@015,2016,32.11
salinity@015,2016,32.1
salinity@015,2016,32.09
salinity@015,2016,32.2
salinity@015,2016,32.19
salinity@015,2016,32.17
salinity@015,2016,32.16
salinity@015,2016,32.15
salinity@015,2016,32.14
salinity@015,2016,32.13
salinity@015,2016,32.11
salinity@015,2016,32.1
salinity@015,2016,32.09
salinity@015,2016,32.2
salinity@015,2016,32.19
salinity@015,2016,32.17
salinity@015,2016,32.16
salinity@015,2016,32.15
salinity@015,2016,32.14
salinity@015,2016,32.13
salinity@015,2016,32.11
salinity@015,2016,32.1
salinity@015,2016,32.09
salinity@015,2016,32.2
salinity@015,2016,32.19
salinity@015,2016,32.17
salinity@015,2016,32.16
salinity@015,2016,32.15
salinity@015,2016,32.14
salinity@015,2016,32.13
salinity@015,2016,32.11
salinity@015,2016,32.1
salinity@015,2016,32.09
salinity@015,2016,32.2
salinity@015,2016,32.19
salinity@015,2016,32.17
salinity@015,2016,32.16
salinity@015,2016,32.15
salinity@015,2016,32.14
salinity@015,2016,32.13
salinity@015,2016,32.11
salinity@015,2016,32.1
salinity@015,2016,32.09
salinity@015,2016,32.2
salinity@015,2016,32.19
salinity@015,2016,32.17
salinity@015,2016,32.16
salinity@015,2016,32.15
salinity@015,2016,32.14
salinity@015,2016,32.13
salinity@015,2016,32.11
salinity@015,2016,32.1
salinity@015,2016,32.09
salinity@015,2016,32.2
salinity@015,2016,32.19
salinity@015,2016,32.17
salinity@015,2016,32.16
salinity@015,2016,32.15
salinity@015,2016,32.14
salinity@015,2016,32.13
salinity@015,2016,32.11
salinity@015,2016,32.1
salinity@015,2016,32.09
salinity@015,2016,32.2
salinity@015,2016,32.19
salinity@015,2016,32.17
salinity@015,2016,32.16
salinity@015,2016,32.15
salinity@015,2016,32.14
salinity@015,2016,32.13
salinity@015,2016,32.11
salinity@015,2016,32.1
salinity@015,2016,32.09
salinity@015,2016,32.19
salinity@015,2016,32.17
salinity@015,2016,32.16
salinity@015,2016,32.15
salinity@015,2016,32.14
salinity@015,2016,32.13
salinity@015,2016,32.11
salinity@015,2016,32.1
salinity@015,2016,32.09
salinity@015,2016,32.19
salinity@015,2016,32.17
salinity@015,2016,32.16
salinity@015,2016,32.15
salinity@015,2016,32.14
salinity@015,2016,32.13
salinity@015,2016,32.11
salinity@015,2016,32.1
salinity@015,2016,32.09
salinity@015,2016,32.08
salinity@015,2016,32.19
salinity@015,2016,32.17
salinity@015,2016,32.16
salinity@015,2016,32.15
salinity@015,2016,32.14
salinity@015,2016,32.13
salinity@015,2016,32.11
salinity@015,2016,32.1
salinity@015,2016,32.09
salinity@015,2016,32.08
salinity@015,2016,32.06
salinity@015,2016,32.19
salinity@015,2016,32.17
salinity@015,2016,32.16
salinity@015,2016,32.15
salinity@015,2016,32.14
salinity@015,2016,32.13
salinity@015,2016,32.11
salinity@015,2016,32.1
salinity@015,2016,32.09
salinity@015,2016,32.08
salinity@015,2016,32.06
salinity@015,2016,32.05
salinity@015,2016,32.19
salinity@015,2016,32.17
salinity@015,2016,32.16
salinity@015,2016,32.15
salinity@015,2016,32.14
salinity@015,2016,32.13
salinity@015,2016,32.11
salinity@015,2016,32.1
salinity@015,2016,32.09
salinity@015,2016,32.08
salinity@015,2016,32.06
salinity@015,2016,32.05
salinity@015,2016,32.04
salinity@015,2016,32.17
salinity@015,2016,32.16
salinity@015,2016,32.15
salinity@015,2016,32.14
salinity@015,2016,32.13
salinity@015,2016,32.11
salinity@015,2016,32.1
salinity@015,2016,32.09
salinity@015,2016,32.08
salinity@015,2016,32.06
salinity@015,2016,32.05
salinity@015,2016,32.04
salinity@015,2016,32.03
salinity@015,2016,32.16
salinity@015,2016,32.15
salinity@015,2016,32.14
salinity@015,2016,32.13
salinity@015,2016,32.11
salinity@015,2016,32.1
salinity@015,2016,32.09
salinity@015,2016,32.08
salinity@015,2016,32.06
salinity@015,2016,32.05
salinity@015,2016,32.04
salinity@015,2016,32.03
salinity@015,2016,32.02
salinity@015,2016,32.15
salinity@015,2016,32.14
salinity@015,2016,32.13
salinity@015,2016,32.11
salinity@015,2016,32.1
salinity@015,2016,32.09
salinity@015,2016,32.08
salinity@015,2016,32.06
salinity@015,2016,32.05
salinity@015,2016,32.04
salinity@015,2016,32.03
salinity@015,2016,32.02
salinity@015,2016,32
salinity@015,2016,32.14
salinity@015,2016,32.13
salinity@015,2016,32.11
salinity@015,2016,32.1
salinity@015,2016,32.09
salinity@015,2016,32.08
salinity@015,2016,32.06
salinity@015,2016,32.05
salinity@015,2016,32.04
salinity@015,2016,32.03
salinity@015,2016,32.02
salinity@015,2016,32
salinity@015,2016,31.99
salinity@015,2016,32.13
salinity@015,2016,32.11
salinity@015,2016,32.1
salinity@015,2016,32.09
salinity@015,2016,32.08
salinity@015,2016,32.06
salinity@015,2016,32.05
salinity@015,2016,32.04
salinity@015,2016,32.03
salinity@015,2016,32.02
salinity@015,2016,32
salinity@015,2016,31.99
salinity@015,2016,31.98
salinity@015,2016,32.11
salinity@015,2016,32.1
salinity@015,2016,32.09
salinity@015,2016,32.08
salinity@015,2016,32.06
salinity@015,2016,32.05
salinity@015,2016,32.04
salinity@015,2016,32.03
salinity@015,2016,32.02
salinity@015,2016,32
salinity@015,2016,31.99
salinity@015,2016,31.98
salinity@015,2016,31.97
salinity@015,2016,32.1
salinity@015,2016,32.09
salinity@015,2016,32.08
salinity@015,2016,32.06
salinity@015,2016,32.05
salinity@015,2016,32.04
salinity@015,2016,32.03
salinity@015,2016,32.02
salinity@015,2016,32
salinity@015,2016,31.99
salinity@015,2016,31.98
salinity@015,2016,31.97
salinity@015,2016,31.96
salinity@015,2016,32.09
salinity@015,2016,32.08
salinity@015,2016,32.06
salinity@015,2016,32.05
salinity@015,2016,32.04
salinity@015,2016,32.03
salinity@015,2016,32.02
salinity@015,2016,32
salinity@015,2016,31.99
salinity@015,2016,31.98
salinity@015,2016,31.97
salinity@015,2016,31.96
salinity@015,2016,31.94
salinity@015,2016,32.09
salinity@015,2016,32.08
salinity@015,2016,32.06
salinity@015,2016,32.05
salinity@015,2016,32.04
salinity@015,2016,32.03
salinity@015,2016,32.02
salinity@015,2016,32
salinity@015,2016,31.99
salinity@015,2016,31.98
salinity@015,2016,31.97
salinity@015,2016,31.96
salinity@015,2016,31.94
salinity@015,2016,32.09
salinity@015,2016,32.08
salinity@015,2016,32.06
salinity@015,2016,32.05
salinity@015,2016,32.04
salinity@015,2016,32.03
salinity@015,2016,32.02
salinity@015,2016,32
salinity@015,2016,31.99
salinity@015,2016,31.98
salinity@015,2016,31.97
salinity@015,2016,31.96
salinity@015,2016,31.94
salinity@015,2016,31.93
salinity@015,2016,32.11
salinity@015,2016,32.1
salinity@015,2016,32.09
salinity@015,2016,32.08
salinity@015,2016,32.06
salinity@015,2016,32.05
salinity@015,2016,32.04
salinity@015,2016,32.03
salinity@015,2016,32.02
salinity@015,2016,32
salinity@015,2016,31.99
salinity@015,2016,31.98
salinity@015,2016,31.97
salinity@015,2016,31.96
salinity@015,2016,31.94
salinity@015,2016,31.93
salinity@015,2016,32.14
salinity@015,2016,32.13
salinity@015,2016,32.11
salinity@015,2016,32.1
salinity@015,2016,32.09
salinity@015,2016,32.08
salinity@015,2016,32.06
salinity@015,2016,32.05
salinity@015,2016,32.04
salinity@015,2016,32.03
salinity@015,2016,32.02
salinity@015,2016,32
salinity@015,2016,31.99
salinity@015,2016,31.98
salinity@015,2016,31.97
salinity@015,2016,31.96
salinity@015,2016,31.94
salinity@015,2016,31.93
salinity@015,2016,32.16
salinity@015,2016,32.15
salinity@015,2016,32.14
salinity@015,2016,32.13
salinity@015,2016,32.11
salinity@015,2016,32.1
salinity@015,2016,32.09
salinity@015,2016,32.08
salinity@015,2016,32.06
salinity@015,2016,32.05
salinity@015,2016,32.04
salinity@015,2016,32.03
salinity@015,2016,32.02
salinity@015,2016,32
salinity@015,2016,31.99
salinity@015,2016,31.98
salinity@015,2016,31.97
salinity@015,2016,31.96
salinity@015,2016,31.94
salinity@015,2016,32.2
salinity@015,2016,32.19
salinity@015,2016,32.17
salinity@015,2016,32.16
salinity@015,2016,32.15
salinity@015,2016,32.14
salinity@015,2016,32.13
salinity@015,2016,32.11
salinity@015,2016,32.1
salinity@015,2016,32.09
salinity@015,2016,32.08
salinity@015,2016,32.06
salinity@015,2016,32.05
salinity@015,2016,32.04
salinity@015,2016,32.03
salinity@015,2016,32.02
salinity@015,2016,32
salinity@015,2016,31.99
salinity@015,2016,31.98
salinity@015,2016,31.97
salinity@015,2016,31.96
salinity@015,2016,32.22
salinity@015,2016,32.21
salinity@015,2016,32.2
salinity@015,2016,32.19
salinity@015,2016,32.17
salinity@015,2016,32.16
salinity@015,2016,32.15
salinity@015,2016,32.14
salinity@015,2016,32.13
salinity@015,2016,32.11
salinity@015,2016,32.1
salinity@015,2016,32.09
salinity@015,2016,32.08
salinity@015,2016,32.06
salinity@015,2016,32.05
salinity@015,2016,32.04
salinity@015,2016,32.03
salinity@015,2016,32.02
salinity@015,2016,32
salinity@015,2016,31.99
salinity@015,2016,31.98
salinity@015,2016,31.97
salinity@015,2016,32.25
salinity@015,2016,32.23
salinity@015,2016,32.22
salinity@015,2016,32.21
salinity@015,2016,32.2
salinity@015,2016,32.19
salinity@015,2016,32.17
salinity@015,2016,32.16
salinity@015,2016,32.15
salinity@015,2016,32.14
salinity@015,2016,32.13
salinity@015,2016,32.11
salinity@015,2016,32.1
salinity@015,2016,32.09
salinity@015,2016,32.08
salinity@015,2016,32.06
salinity@015,2016,32.05
salinity@015,2016,32.04
salinity@015,2016,32.03
salinity@015,2016,32.02
salinity@015,2016,32
salinity@015,2016,31.99
salinity@015,2016,32.27
salinity@015,2016,32.26
salinity@015,2016,32.25
salinity@015,2016,32.23
salinity@015,2016,32.22
salinity@015,2016,32.21
salinity@015,2016,32.2
salinity@015,2016,32.19
salinity@015,2016,32.17
salinity@015,2016,32.16
salinity@015,2016,32.15
salinity@015,2016,32.14
salinity@015,2016,32.13
salinity@015,2016,32.11
salinity@015,2016,32.1
salinity@015,2016,32.09
salinity@015,2016,32.08
salinity@015,2016,32.06
salinity@015,2016,32.05
salinity@015,2016,32.04
salinity@015,2016,32.03
salinity@015,2016,32.02
salinity@015,2016,32.29
salinity@015,2016,32.28
salinity@015,2016,32.27
salinity@015,2016,32.26
salinity@015,2016,32.25
salinity@015,2016,32.23
salinity@015,2016,32.22
salinity@015,2016,32.21
salinity@015,2016,32.2
salinity@015,2016,32.19
salinity@015,2016,32.17
salinity@015,2016,32.16
salinity@015,2016,32.15
salinity@015,2016,32.14
salinity@015,2016,32.13
salinity@015,2016,32.11
salinity@015,2016,32.1
salinity@015,2016,32.09
salinity@015,2016,32.08
salinity@015,2016,32.06
salinity@015,2016,32.05
salinity@015,2016,32.04
salinity@015,2016,32.32
salinity@015,2016,32.31
salinity@015,2016,32.29
salinity@015,2016,32.28
salinity@015,2016,32.27
salinity@015,2016,32.26
salinity@015,2016,32.25
salinity@015,2016,32.23
salinity@015,2016,32.22
salinity@015,2016,32.21
salinity@015,2016,32.2
salinity@015,2016,32.19
salinity@015,2016,32.17
salinity@015,2016,32.16
salinity@015,2016,32.15
salinity@015,2016,32.14
salinity@015,2016,32.13
salinity@015,2016,32.11
salinity@015,2016,32.1
salinity@015,2016,32.09
salinity@015,2016,32.08
salinity@015,2016,32.06
salinity@015,2016,32.34
salinity@015,2016,32.33
salinity@015,2016,32.32
salinity@015,2016,32.31
salinity@015,2016,32.29
salinity@015,2016,32.28
salinity@015,2016,32.27
salinity@015,2016,32.26
salinity@015,2016,32.25
salinity@015,2016,32.23
salinity@015,2016,32.22
salinity@015,2016,32.21
salinity@015,2016,32.2
salinity@015,2016,32.19
salinity@015,2016,32.17
salinity@015,2016,32.16
salinity@015,2016,32.15
salinity@015,2016,32.14
salinity@015,2016,32.13
salinity@015,2016,32.11
salinity@015,2016,32.1
salinity@015,2016,32.09
salinity@015,2016,32.37
salinity@015,2016,32.36
salinity@015,2016,32.34
salinity@015,2016,32.33
salinity@015,2016,32.32
salinity@015,2016,32.31
salinity@015,2016,32.29
salinity@015,2016,32.28
salinity@015,2016,32.27
salinity@015,2016,32.26
salinity@015,2016,32.25
salinity@015,2016,32.23
salinity@015,2016,32.22
salinity@015,2016,32.21
salinity@015,2016,32.2
salinity@015,2016,32.19
salinity@015,2016,32.17
salinity@015,2016,32.16
salinity@015,2016,32.15
salinity@015,2016,32.14
salinity@015,2016,32.13
salinity@015,2016,32.11
salinity@015,2016,32.38
salinity@015,2016,32.37
salinity@015,2016,32.36
salinity@015,2016,32.34
salinity@015,2016,32.33
salinity@015,2016,32.32
salinity@015,2016,32.31
salinity@015,2016,32.29
salinity@015,2016,32.28
salinity@015,2016,32.27
salinity@015,2016,32.26
salinity@015,2016,32.25
salinity@015,2016,32.23
salinity@015,2016,32.22
salinity@015,2016,32.21
salinity@015,2016,32.2
salinity@015,2016,32.19
salinity@015,2016,32.17
salinity@015,2016,32.16
salinity@015,2016,32.15
salinity@015,2016,32.14
salinity@015,2016,32.4
salinity@015,2016,32.39
salinity@015,2016,32.38
salinity@015,2016,32.37
salinity@015,2016,32.36
salinity@015,2016,32.34
salinity@015,2016,32.33
salinity@015,2016,32.32
salinity@015,2016,32.31
salinity@015,2016,32.29
salinity@015,2016,32.28
salinity@015,2016,32.27
salinity@015,2016,32.26
salinity@015,2016,32.25
salinity@015,2016,32.23
salinity@015,2016,32.22
salinity@015,2016,32.21
salinity@015,2016,32.2
salinity@015,2016,32.19
salinity@015,2016,32.17
salinity@015,2016,32.16
salinity@015,2016,32.42
salinity@015,2016,32.4
salinity@015,2016,32.39
salinity@015,2016,32.38
salinity@015,2016,32.37
salinity@015,2016,32.36
salinity@015,2016,32.34
salinity@015,2016,32.33
salinity@015,2016,32.32
salinity@015,2016,32.31
salinity@015,2016,32.29
salinity@015,2016,32.28
salinity@015,2016,32.27
salinity@015,2016,32.26
salinity@015,2016,32.25
salinity@015,2016,32.23
salinity@015,2016,32.22
salinity@015,2016,32.21
salinity@015,2016,32.2
salinity@015,2016,32.19
salinity@015,2016,32.44
salinity@015,2016,32.43
salinity@015,2016,32.42
salinity@015,2016,32.4
salinity@015,2016,32.39
salinity@015,2016,32.38
salinity@015,2016,32.37
salinity@015,2016,32.36
salinity@015,2016,32.34
salinity@015,2016,32.33
salinity@015,2016,32.32
salinity@015,2016,32.31
salinity@015,2016,32.29
salinity@015,2016,32.28
salinity@015,2016,32.27
salinity@015,2016,32.26
salinity@015,2016,32.25
salinity@015,2016,32.23
salinity@015,2016,32.22
salinity@015,2016,32.21
salinity@015,2016,32.45
salinity@015,2016,32.44
salinity@015,2016,32.43
salinity@015,2016,32.42
salinity@015,2016,32.4
salinity@015,2016,32.39
salinity@015,2016,32.38
salinity@015,2016,32.37
salinity@015,2016,32.36
salinity@015,2016,32.34
salinity@015,2016,32.33
salinity@015,2016,32.32
salinity@015,2016,32.31
salinity@015,2016,32.29
salinity@015,2016,32.28
salinity@015,2016,32.27
salinity@015,2016,32.26
salinity@015,2016,32.25
salinity@015,2016,32.48
salinity@015,2016,32.46
salinity@015,2016,32.45
salinity@015,2016,32.44
salinity@015,2016,32.43
salinity@015,2016,32.42
salinity@015,2016,32.4
salinity@015,2016,32.39
salinity@015,2016,32.38
salinity@015,2016,32.37
salinity@015,2016,32.36
salinity@015,2016,32.34
salinity@015,2016,32.33
salinity@015,2016,32.32
salinity@015,2016,32.31
salinity@015,2016,32.29
salinity@015,2016,32.28
salinity@015,2016,32.27
salinity@015,2016,32.5
salinity@015,2016,32.49
salinity@015,2016,32.48
salinity@015,2016,32.46
salinity@015,2016,32.45
salinity@015,2016,32.44
salinity@015,2016,32.43
salinity@015,2016,32.42
salinity@015,2016,32.4
salinity@015,2016,32.39
salinity@015,2016,32.38
salinity@015,2016,32.37
salinity@015,2016,32.36
salinity@015,2016,32.34
salinity@015,2016,32.33
salinity@015,2016,32.32
salinity@015,2016,32.31
salinity@015,2016,32.29
salinity@015,2016,32.51
salinity@015,2016,32.5
salinity@015,2016,32.49
salinity@015,2016,32.48
salinity@015,2016,32.46
salinity@015,2016,32.45
salinity@015,2016,32.44
salinity@015,2016,32.43
salinity@015,2016,32.42
salinity@015,2016,32.4
salinity@015,2016,32.39
salinity@015,2016,32.38
salinity@015,2016,32.37
salinity@015,2016,32.36
salinity@015,2016,32.34
salinity@015,2016,32.33
salinity@015,2016,32.32
salinity@015,2016,32.54
salinity@015,2016,32.52
salinity@015,2016,32.51
salinity@015,2016,32.5
salinity@015,2016,32.49
salinity@015,2016,32.48
salinity@015,2016,32.46
salinity@015,2016,32.45
salinity@015,2016,32.44
salinity@015,2016,32.43
salinity@015,2016,32.42
salinity@015,2016,32.4
salinity@015,2016,32.39
salinity@015,2016,32.38
salinity@015,2016,32.37
salinity@015,2016,32.36
salinity@015,2016,32.34
salinity@015,2016,32.33
salinity@015,2016,32.55
salinity@015,2016,32.54
salinity@015,2016,32.52
salinity@015,2016,32.51
salinity@015,2016,32.5
salinity@015,2016,32.49
salinity@015,2016,32.48
salinity@015,2016,32.46
salinity@015,2016,32.45
salinity@015,2016,32.44
salinity@015,2016,32.43
salinity@015,2016,32.42
salinity@015,2016,32.4
salinity@015,2016,32.39
salinity@015,2016,32.38
salinity@015,2016,32.37
salinity@015,2016,32.36
salinity@015,2016,32.57
salinity@015,2016,32.56
salinity@015,2016,32.55
salinity@015,2016,32.54
salinity@015,2016,32.52
salinity@015,2016,32.51
salinity@015,2016,32.5
salinity@015,2016,32.49
salinity@015,2016,32.48
salinity@015,2016,32.46
salinity@015,2016,32.45
salinity@015,2016,32.44
salinity@015,2016,32.43
salinity@015,2016,32.42
salinity@015,2016,32.4
salinity@015,2016,32.39
salinity@015,2016,32.38
salinity@015,2016,32.37
salinity@015,2016,32.58
salinity@015,2016,32.57
salinity@015,2016,32.56
salinity@015,2016,32.55
salinity@015,2016,32.54
salinity@015,2016,32.52
salinity@015,2016,32.51
salinity@015,2016,32.5
salinity@015,2016,32.49
salinity@015,2016,32.48
salinity@015,2016,32.46
salinity@015,2016,32.45
salinity@015,2016,32.44
salinity@015,2016,32.43
salinity@015,2016,32.42
salinity@015,2016,32.4
salinity@015,2016,32.39
salinity@015,2016,32.61
salinity@015,2016,32.6
salinity@015,2016,32.58
salinity@015,2016,32.57
salinity@015,2016,32.56
salinity@015,2016,32.55
salinity@015,2016,32.54
salinity@015,2016,32.52
salinity@015,2016,32.51
salinity@015,2016,32.5
salinity@015,2016,32.49
salinity@015,2016,32.48
salinity@015,2016,32.46
salinity@015,2016,32.45
salinity@015,2016,32.44
salinity@015,2016,32.43
salinity@015,2016,32.42
salinity@015,2016,32.4
salinity@015,2016,32.62
salinity@015,2016,32.61
salinity@015,2016,32.6
salinity@015,2016,32.58
salinity@015,2016,32.57
salinity@015,2016,32.56
salinity@015,2016,32.55
salinity@015,2016,32.54
salinity@015,2016,32.52
salinity@015,2016,32.51
salinity@015,2016,32.5
salinity@015,2016,32.49
salinity@015,2016,32.48
salinity@015,2016,32.46
salinity@015,2016,32.45
salinity@015,2016,32.44
salinity@015,2016,32.43
salinity@015,2016,32.62
salinity@015,2016,32.61
salinity@015,2016,32.6
salinity@015,2016,32.58
salinity@015,2016,32.57
salinity@015,2016,32.56
salinity@015,2016,32.55
salinity@015,2016,32.54
salinity@015,2016,32.52
salinity@015,2016,32.51
salinity@015,2016,32.5
salinity@015,2016,32.49
salinity@015,2016,32.48
salinity@015,2016,32.46
salinity@015,2016,32.45
salinity@015,2016,32.44
salinity@015,2016,32.62
salinity@015,2016,32.61
salinity@015,2016,32.6
salinity@015,2016,32.58
salinity@015,2016,32.57
salinity@015,2016,32.56
salinity@015,2016,32.55
salinity@015,2016,32.54
salinity@015,2016,32.52
salinity@015,2016,32.51
salinity@015,2016,32.5
salinity@015,2016,32.49
salinity@015,2016,32.48
salinity@015,2016,32.46
salinity@015,2016,32.63
salinity@015,2016,32.62
salinity@015,2016,32.61
salinity@015,2016,32.6
salinity@015,2016,32.58
salinity@015,2016,32.57
salinity@015,2016,32.56
salinity@015,2016,32.55
salinity@015,2016,32.54
salinity@015,2016,32.52
salinity@015,2016,32.51
salinity@015,2016,32.5
salinity@015,2016,32.49
salinity@015,2016,32.62
salinity@015,2016,32.61
salinity@015,2016,32.6
salinity@015,2016,32.58
salinity@015,2016,32.57
salinity@015,2016,32.56
salinity@015,2016,32.55
salinity@015,2016,32.54
salinity@015,2016,32.52
salinity@015,2016,32.51
salinity@015,2016,32.5
salinity@015,2016,32.62
salinity@015,2016,32.61
salinity@015,2016,32.6
salinity@015,2016,32.58
salinity@015,2016,32.57
salinity@015,2016,32.56
salinity@015,2016,32.55
salinity@015,2016,32.54
salinity@015,2016,32.52
salinity@015,2016,32.62
salinity@015,2016,32.61
salinity@015,2016,32.6
salinity@015,2016,32.58
salinity@015,2016,32.57
salinity@015,2016,32.56
salinity@015,2016,32.55
salinity@015,2016,32.54
salinity@015,2016,32.52
salinity@015,2016,32.62
salinity@015,2016,32.61
salinity@015,2016,32.6
salinity@015,2016,32.58
salinity@015,2016,32.57
salinity@015,2016,32.56
salinity@015,2016,32.55
salinity@015,2016,32.54
salinity@015,2016,32.52
salinity@015,2016,32.62
salinity@015,2016,32.61
salinity@015,2016,32.6
salinity@015,2016,32.58
salinity@015,2016,32.57
salinity@015,2016,32.56
salinity@015,2016,32.55
salinity@015,2016,32.54
salinity@015,2016,32.52
salinity@015,2016,32.62
salinity@015,2016,32.61
salinity@015,2016,32.6
salinity@015,2016,32.58
salinity@015,2016,32.57
salinity@015,2016,32.56
salinity@015,2016,32.55
salinity@015,2016,32.54
salinity@015,2016,32.52
salinity@015,2016,32.51
salinity@015,2016,32.62
salinity@015,2016,32.61
salinity@015,2016,32.6
salinity@015,2016,32.58
salinity@015,2016,32.57
salinity@015,2016,32.56
salinity@015,2016,32.55
salinity@015,2016,32.54
salinity@015,2016,32.52
salinity@015,2016,32.51
salinity@015,2016,32.62
salinity@015,2016,32.61
salinity@015,2016,32.6
salinity@015,2016,32.58
salinity@015,2016,32.57
salinity@015,2016,32.56
salinity@015,2016,32.55
salinity@015,2016,32.54
salinity@015,2016,32.52
salinity@015,2016,32.51
salinity@015,2016,32.62
salinity@015,2016,32.61
salinity@015,2016,32.6
salinity@015,2016,32.58
salinity@015,2016,32.57
salinity@015,2016,32.56
salinity@015,2016,32.55
salinity@015,2016,32.54
salinity@015,2016,32.52
salinity@015,2016,32.51
salinity@015,2016,32.62
salinity@015,2016,32.61
salinity@015,2016,32.6
salinity@015,2016,32.58
salinity@015,2016,32.57
salinity@015,2016,32.56
salinity@015,2016,32.55
salinity@015,2016,32.54
salinity@015,2016,32.52
salinity@015,2016,32.51
salinity@015,2016,32.62
salinity@015,2016,32.61
salinity@015,2016,32.6
salinity@015,2016,32.58
salinity@015,2016,32.57
salinity@015,2016,32.56
salinity@015,2016,32.55
salinity@015,2016,32.54
salinity@015,2016,32.52
salinity@015,2016,32.51
salinity@015,2016,32.5
salinity@015,2016,32.49
salinity@015,2016,32.62
salinity@015,2016,32.61
salinity@015,2016,32.6
salinity@015,2016,32.58
salinity@015,2016,32.57
salinity@015,2016,32.56
salinity@015,2016,32.55
salinity@015,2016,32.54
salinity@015,2016,32.52
salinity@015,2016,32.51
salinity@015,2016,32.5
salinity@015,2016,32.49
salinity@015,2016,32.48
salinity@015,2016,32.61
salinity@015,2016,32.6
salinity@015,2016,32.58
salinity@015,2016,32.57
salinity@015,2016,32.56
salinity@015,2016,32.55
salinity@015,2016,32.54
salinity@015,2016,32.52
salinity@015,2016,32.51
salinity@015,2016,32.5
salinity@015,2016,32.49
salinity@015,2016,32.48
salinity@015,2016,32.46
salinity@015,2016,32.61
salinity@015,2016,32.6
salinity@015,2016,32.58
salinity@015,2016,32.57
salinity@015,2016,32.56
salinity@015,2016,32.55
salinity@015,2016,32.54
salinity@015,2016,32.52
salinity@015,2016,32.51
salinity@015,2016,32.5
salinity@015,2016,32.49
salinity@015,2016,32.48
salinity@015,2016,32.46
salinity@015,2016,32.45
salinity@015,2016,32.44
salinity@015,2016,32.61
salinity@015,2016,32.6
salinity@015,2016,32.58
salinity@015,2016,32.57
salinity@015,2016,32.56
salinity@015,2016,32.55
salinity@015,2016,32.54
salinity@015,2016,32.52
salinity@015,2016,32.51
salinity@015,2016,32.5
salinity@015,2016,32.49
salinity@015,2016,32.48
salinity@015,2016,32.46
salinity@015,2016,32.45
salinity@015,2016,32.44
salinity@015,2016,32.43
salinity@015,2016,32.6
salinity@015,2016,32.58
salinity@015,2016,32.57
salinity@015,2016,32.56
salinity@015,2016,32.55
salinity@015,2016,32.54
salinity@015,2016,32.52
salinity@015,2016,32.51
salinity@015,2016,32.5
salinity@015,2016,32.49
salinity@015,2016,32.48
salinity@015,2016,32.46
salinity@015,2016,32.45
salinity@015,2016,32.44
salinity@015,2016,32.43
salinity@015,2016,32.42
salinity@015,2016,32.4
salinity@015,2016,32.57
salinity@015,2016,32.56
salinity@015,2016,32.55
salinity@015,2016,32.54
salinity@015,2016,32.52
salinity@015,2016,32.51
salinity@015,2016,32.5
salinity@015,2016,32.49
salinity@015,2016,32.48
salinity@015,2016,32.46
salinity@015,2016,32.45
salinity@015,2016,32.44
salinity@015,2016,32.43
salinity@015,2016,32.42
salinity@015,2016,32.4
salinity@015,2016,32.39
salinity@015,2016,32.56
salinity@015,2016,32.55
salinity@015,2016,32.54
salinity@015,2016,32.52
salinity@015,2016,32.51
salinity@015,2016,32.5
salinity@015,2016,32.49
salinity@015,2016,32.48
salinity@015,2016,32.46
salinity@015,2016,32.45
salinity@015,2016,32.44
salinity@015,2016,32.43
salinity@015,2016,32.42
salinity@015,2016,32.4
salinity@015,2016,32.39
salinity@015,2016,32.38
salinity@015,2016,32.55
salinity@015,2016,32.54
salinity@015,2016,32.52
salinity@015,2016,32.51
salinity@015,2016,32.5
salinity@015,2016,32.49
salinity@015,2016,32.48
salinity@015,2016,32.46
salinity@015,2016,32.45
salinity@015,2016,32.44
salinity@015,2016,32.43
salinity@015,2016,32.42
salinity@015,2016,32.4
salinity@015,2016,32.39
salinity@015,2016,32.38
salinity@015,2016,32.37
salinity@015,2016,32.36
salinity@015,2016,32.52
salinity@015,2016,32.51
salinity@015,2016,32.5
salinity@015,2016,32.49
salinity@015,2016,32.48
salinity@015,2016,32.46
salinity@015,2016,32.45
salinity@015,2016,32.44
salinity@015,2016,32.43
salinity@015,2016,32.42
salinity@015,2016,32.4
salinity@015,2016,32.39
salinity@015,2016,32.38
salinity@015,2016,32.37
salinity@015,2016,32.36
salinity@015,2016,32.34
salinity@015,2016,32.51
salinity@015,2016,32.5
salinity@015,2016,32.49
salinity@015,2016,32.48
salinity@015,2016,32.46
salinity@015,2016,32.45
salinity@015,2016,32.44
salinity@015,2016,32.43
salinity@015,2016,32.42
salinity@015,2016,32.4
salinity@015,2016,32.39
salinity@015,2016,32.38
salinity@015,2016,32.37
salinity@015,2016,32.36
salinity@015,2016,32.34
salinity@015,2016,32.33
salinity@015,2016,32.32
salinity@015,2016,32.49
salinity@015,2016,32.48
salinity@015,2016,32.46
salinity@015,2016,32.45
salinity@015,2016,32.44
salinity@015,2016,32.43
salinity@015,2016,32.42
salinity@015,2016,32.4
salinity@015,2016,32.39
salinity@015,2016,32.38
salinity@015,2016,32.37
salinity@015,2016,32.36
salinity@015,2016,32.34
salinity@015,2016,32.33
salinity@015,2016,32.32
salinity@015,2016,32.31
salinity@015,2016,32.48
salinity@015,2016,32.46
salinity@015,2016,32.45
salinity@015,2016,32.44
salinity@015,2016,32.43
salinity@015,2016,32.42
salinity@015,2016,32.4
salinity@015,2016,32.39
salinity@015,2016,32.38
salinity@015,2016,32.37
salinity@015,2016,32.36
salinity@015,2016,32.34
salinity@015,2016,32.33
salinity@015,2016,32.32
salinity@015,2016,32.31
salinity@015,2016,32.29
salinity@015,2016,32.46
salinity@015,2016,32.45
salinity@015,2016,32.44
salinity@015,2016,32.43
salinity@015,2016,32.42
salinity@015,2016,32.4
salinity@015,2016,32.39
salinity@015,2016,32.38
salinity@015,2016,32.37
salinity@015,2016,32.36
salinity@015,2016,32.34
salinity@015,2016,32.33
salinity@015,2016,32.32
salinity@015,2016,32.31
salinity@015,2016,32.29
salinity@015,2016,32.28
salinity@015,2016,32.44
salinity@015,2016,32.43
salinity@015,2016,32.42
salinity@015,2016,32.4
salinity@015,2016,32.39
salinity@015,2016,32.38
salinity@015,2016,32.37
salinity@015,2016,32.36
salinity@015,2016,32.34
salinity@015,2016,32.33
salinity@015,2016,32.32
salinity@015,2016,32.31
salinity@015,2016,32.29
salinity@015,2016,32.28
salinity@015,2016,32.43
salinity@015,2016,32.42
salinity@015,2016,32.4
salinity@015,2016,32.39
salinity@015,2016,32.38
salinity@015,2016,32.37
salinity@015,2016,32.36
salinity@015,2016,32.34
salinity@015,2016,32.33
salinity@015,2016,32.32
salinity@015,2016,32.31
salinity@015,2016,32.29
salinity@015,2016,32.28
salinity@015,2016,32.4
salinity@015,2016,32.39
salinity@015,2016,32.38
salinity@015,2016,32.37
salinity@015,2016,32.36
salinity@015,2016,32.34
salinity@015,2016,32.33
salinity@015,2016,32.32
salinity@015,2016,32.31
salinity@015,2016,32.29
salinity@015,2016,32.28
salinity@015,2016,32.42
salinity@015,2016,32.4
salinity@015,2016,32.39
salinity@015,2016,32.38
salinity@015,2016,32.37
salinity@015,2016,32.36
salinity@015,2016,32.34
salinity@015,2016,32.33
salinity@015,2016,32.32
salinity@015,2016,32.31
salinity@015,2016,32.29
salinity@015,2016,32.42
salinity@015,2016,32.4
salinity@015,2016,32.39
salinity@015,2016,32.38
salinity@015,2016,32.37
salinity@015,2016,32.36
salinity@015,2016,32.34
salinity@015,2016,32.33
salinity@015,2016,32.32
salinity@015,2016,32.31
salinity@015,2016,32.29
salinity@015,2016,32.43
salinity@015,2016,32.42
salinity@015,2016,32.4
salinity@015,2016,32.39
salinity@015,2016,32.38
salinity@015,2016,32.37
salinity@015,2016,32.36
salinity@015,2016,32.34
salinity@015,2016,32.33
salinity@015,2016,32.32
salinity@015,2016,32.31
salinity@015,2016,32.43
salinity@015,2016,32.42
salinity@015,2016,32.4
salinity@015,2016,32.39
salinity@015,2016,32.38
salinity@015,2016,32.37
salinity@015,2016,32.36
salinity@015,2016,32.34
salinity@015,2016,32.33
salinity@015,2016,32.32
salinity@015,2016,32.31
salinity@015,2016,32.44
salinity@015,2016,32.43
salinity@015,2016,32.42
salinity@015,2016,32.4
salinity@015,2016,32.39
salinity@015,2016,32.38
salinity@015,2016,32.37
salinity@015,2016,32.36
salinity@015,2016,32.34
salinity@015,2016,32.33
salinity@015,2016,32.32
salinity@015,2016,32.44
salinity@015,2016,32.43
salinity@015,2016,32.42
salinity@015,2016,32.4
salinity@015,2016,32.39
salinity@015,2016,32.38
salinity@015,2016,32.37
salinity@015,2016,32.36
salinity@015,2016,32.34
salinity@015,2016,32.33
salinity@015,2016,32.45
salinity@015,2016,32.44
salinity@015,2016,32.43
salinity@015,2016,32.42
salinity@015,2016,32.4
salinity@015,2016,32.39
salinity@015,2016,32.38
salinity@015,2016,32.37
salinity@015,2016,32.36
salinity@015,2016,32.34
salinity@015,2016,32.33
salinity@015,2016,32.46
salinity@015,2016,32.45
salinity@015,2016,32.44
salinity@015,2016,32.43
salinity@015,2016,32.42
salinity@015,2016,32.4
salinity@015,2016,32.39
salinity@015,2016,32.38
salinity@015,2016,32.37
salinity@015,2016,32.36
salinity@015,2016,32.34
salinity@015,2016,32.46
salinity@015,2016,32.45
salinity@015,2016,32.44
salinity@015,2016,32.43
salinity@015,2016,32.42
salinity@015,2016,32.4
salinity@015,2016,32.39
salinity@015,2016,32.38
salinity@015,2016,32.37
salinity@015,2016,32.36
salinity@015,2016,32.34
salinity@015,2016,32.48
salinity@015,2016,32.46
salinity@015,2016,32.45
salinity@015,2016,32.44
salinity@015,2016,32.43
salinity@015,2016,32.42
salinity@015,2016,32.4
salinity@015,2016,32.39
salinity@015,2016,32.38
salinity@015,2016,32.37
salinity@015,2016,32.36
salinity@015,2016,32.48
salinity@015,2016,32.46
salinity@015,2016,32.45
salinity@015,2016,32.44
salinity@015,2016,32.43
salinity@015,2016,32.42
salinity@015,2016,32.4
salinity@015,2016,32.39
salinity@015,2016,32.38
salinity@015,2016,32.37
salinity@015,2016,32.36
salinity@015,2016,32.48
salinity@015,2016,32.46
salinity@015,2016,32.45
salinity@015,2016,32.44
salinity@015,2016,32.43
salinity@015,2016,32.42
salinity@015,2016,32.4
salinity@015,2016,32.39
salinity@015,2016,32.38
salinity@015,2016,32.37
salinity@015,2016,32.48
salinity@015,2016,32.46
salinity@015,2016,32.45
salinity@015,2016,32.44
salinity@015,2016,32.43
salinity@015,2016,32.42
salinity@015,2016,32.4
salinity@015,2016,32.39
salinity@015,2016,32.38
salinity@015,2016,32.48
salinity@015,2016,32.46
salinity@015,2016,32.45
salinity@015,2016,32.44
salinity@015,2016,32.43
salinity@015,2016,32.42
salinity@015,2016,32.4
salinity@015,2016,32.39
salinity@015,2016,32.38
salinity@015,2016,32.49
salinity@015,2016,32.48
salinity@015,2016,32.46
salinity@015,2016,32.45
salinity@015,2016,32.44
salinity@015,2016,32.43
salinity@015,2016,32.42
salinity@015,2016,32.4
salinity@015,2016,32.39
salinity@015,2016,32.38
salinity@015,2016,32.49
salinity@015,2016,32.48
salinity@015,2016,32.46
salinity@015,2016,32.45
salinity@015,2016,32.44
salinity@015,2016,32.43
salinity@015,2016,32.42
salinity@015,2016,32.4
salinity@015,2016,32.39
salinity@015,2016,32.38
salinity@015,2016,32.49
salinity@015,2016,32.48
salinity@015,2016,32.46
salinity@015,2016,32.45
salinity@015,2016,32.44
salinity@015,2016,32.43
salinity@015,2016,32.42
salinity@015,2016,32.4
salinity@015,2016,32.39
salinity@015,2016,32.38
salinity@015,2016,32.49
salinity@015,2016,32.48
salinity@015,2016,32.46
salinity@015,2016,32.45
salinity@015,2016,32.44
salinity@015,2016,32.43
salinity@015,2016,32.42
salinity@015,2016,32.4
salinity@015,2016,32.39
salinity@015,2016,32.38
salinity@015,2016,32.49
salinity@015,2016,32.48
salinity@015,2016,32.46
salinity@015,2016,32.45
salinity@015,2016,32.44
salinity@015,2016,32.43
salinity@015,2016,32.42
salinity@015,2016,32.4
salinity@015,2016,32.39
salinity@015,2016,32.5
salinity@015,2016,32.49
salinity@015,2016,32.48
salinity@015,2016,32.46
salinity@015,2016,32.45
salinity@015,2016,32.44
salinity@015,2016,32.43
salinity@015,2016,32.42
salinity@015,2016,32.4
salinity@015,2016,32.39
salinity@015,2016,32.5
salinity@015,2016,32.49
salinity@015,2016,32.48
salinity@015,2016,32.46
salinity@015,2016,32.45
salinity@015,2016,32.44
salinity@015,2016,32.43
salinity@015,2016,32.42
salinity@015,2016,32.4
salinity@015,2016,32.39
salinity@015,2016,32.5
salinity@015,2016,32.49
salinity@015,2016,32.48
salinity@015,2016,32.46
salinity@015,2016,32.45
salinity@015,2016,32.44
salinity@015,2016,32.43
salinity@015,2016,32.42
salinity@015,2016,32.4
salinity@015,2016,32.39
salinity@015,2016,32.5
salinity@015,2016,32.49
salinity@015,2016,32.48
salinity@015,2016,32.46
salinity@015,2016,32.45
salinity@015,2016,32.44
salinity@015,2016,32.43
salinity@015,2016,32.42
salinity@015,2016,32.4
salinity@015,2016,32.39
salinity@015,2016,32.5
salinity@015,2016,32.49
salinity@015,2016,32.48
salinity@015,2016,32.46
salinity@015,2016,32.45
salinity@015,2016,32.44
salinity@015,2016,32.43
salinity@015,2016,32.42
salinity@015,2016,32.4
salinity@015,2016,32.39
salinity@015,2016,32.51
salinity@015,2016,32.5
salinity@015,2016,32.49
salinity@015,2016,32.48
salinity@015,2016,32.46
salinity@015,2016,32.45
salinity@015,2016,32.44
salinity@015,2016,32.43
salinity@015,2016,32.42
salinity@015,2016,32.4
salinity@015,2016,32.51
salinity@015,2016,32.5
salinity@015,2016,32.49
salinity@015,2016,32.48
salinity@015,2016,32.46
salinity@015,2016,32.45
salinity@015,2016,32.44
salinity@015,2016,32.43
salinity@015,2016,32.42
salinity@015,2016,32.4
salinity@015,2016,32.51
salinity@015,2016,32.5
salinity@015,2016,32.49
salinity@015,2016,32.48
salinity@015,2016,32.46
salinity@015,2016,32.45
salinity@015,2016,32.44
salinity@015,2016,32.43
salinity@015,2016,32.42
salinity@015,2016,32.4
salinity@015,2016,32.51
salinity@015,2016,32.5
salinity@015,2016,32.49
salinity@015,2016,32.48
salinity@015,2016,32.46
salinity@015,2016,32.45
salinity@015,2016,32.44
salinity@015,2016,32.43
salinity@015,2016,32.42
salinity@015,2016,32.4
salinity@015,2016,32.51
salinity@015,2016,32.5
salinity@015,2016,32.49
salinity@015,2016,32.48
salinity@015,2016,32.46
salinity@015,2016,32.45
salinity@015,2016,32.44
salinity@015,2016,32.43
salinity@015,2016,32.42
salinity@015,2016,32.52
salinity@015,2016,32.51
salinity@015,2016,32.5
salinity@015,2016,32.49
salinity@015,2016,32.48
salinity@015,2016,32.46
salinity@015,2016,32.45
salinity@015,2016,32.44
salinity@015,2016,32.43
salinity@015,2016,32.42
salinity@015,2016,32.52
salinity@015,2016,32.51
salinity@015,2016,32.5
salinity@015,2016,32.49
salinity@015,2016,32.48
salinity@015,2016,32.46
salinity@015,2016,32.45
salinity@015,2016,32.44
salinity@015,2016,32.43
salinity@015,2016,32.42
salinity@015,2016,32.52
salinity@015,2016,32.51
salinity@015,2016,32.5
salinity@015,2016,32.49
salinity@015,2016,32.48
salinity@015,2016,32.46
salinity@015,2016,32.45
salinity@015,2016,32.44
salinity@015,2016,32.43
salinity@015,2016,32.42
salinity@015,2016,32.52
salinity@015,2016,32.51
salinity@015,2016,32.5
salinity@015,2016,32.49
salinity@015,2016,32.48
salinity@015,2016,32.46
salinity@015,2016,32.45
salinity@015,2016,32.44
salinity@015,2016,32.43
salinity@015,2016,32.54
salinity@015,2016,32.52
salinity@015,2016,32.51
salinity@015,2016,32.5
salinity@015,2016,32.49
salinity@015,2016,32.48
salinity@015,2016,32.46
salinity@015,2016,32.45
salinity@015,2016,32.44
salinity@015,2016,32.43
salinity@015,2016,32.54
salinity@015,2016,32.52
salinity@015,2016,32.51
salinity@015,2016,32.5
salinity@015,2016,32.49
salinity@015,2016,32.48
salinity@015,2016,32.46
salinity@015,2016,32.45
salinity@015,2016,32.44
salinity@015,2016,32.43
salinity@015,2016,32.54
salinity@015,2016,32.52
salinity@015,2016,32.51
salinity@015,2016,32.5
salinity@015,2016,32.49
salinity@015,2016,32.48
salinity@015,2016,32.46
salinity@015,2016,32.45
salinity@015,2016,32.44
salinity@015,2016,32.43
salinity@015,2016,32.54
salinity@015,2016,32.52
salinity@015,2016,32.51
salinity@015,2016,32.5
salinity@015,2016,32.49
salinity@015,2016,32.48
salinity@015,2016,32.46
salinity@015,2016,32.45
salinity@015,2016,32.44
salinity@015,2016,32.43
salinity@015,2016,32.42
salinity@015,2016,32.4
salinity@015,2016,32.54
salinity@015,2016,32.52
salinity@015,2016,32.51
salinity@015,2016,32.5
salinity@015,2016,32.49
salinity@015,2016,32.48
salinity@015,2016,32.46
salinity@015,2016,32.45
salinity@015,2016,32.44
salinity@015,2016,32.43
salinity@015,2016,32.42
salinity@015,2016,32.4
salinity@015,2016,32.39
salinity@015,2016,32.38
salinity@015,2016,32.54
salinity@015,2016,32.52
salinity@015,2016,32.51
salinity@015,2016,32.5
salinity@015,2016,32.49
salinity@015,2016,32.48
salinity@015,2016,32.46
salinity@015,2016,32.45
salinity@015,2016,32.44
salinity@015,2016,32.43
salinity@015,2016,32.42
salinity@015,2016,32.4
salinity@015,2016,32.39
salinity@015,2016,32.38
salinity@015,2016,32.37
salinity@015,2016,32.36
salinity@015,2016,32.54
salinity@015,2016,32.52
salinity@015,2016,32.51
salinity@015,2016,32.5
salinity@015,2016,32.49
salinity@015,2016,32.48
salinity@015,2016,32.46
salinity@015,2016,32.45
salinity@015,2016,32.44
salinity@015,2016,32.43
salinity@015,2016,32.42
salinity@015,2016,32.4
salinity@015,2016,32.39
salinity@015,2016,32.38
salinity@015,2016,32.37
salinity@015,2016,32.36
salinity@015,2016,32.34
salinity@015,2016,32.33
salinity@015,2016,32.52
salinity@015,2016,32.51
salinity@015,2016,32.5
salinity@015,2016,32.49
salinity@015,2016,32.48
salinity@015,2016,32.46
salinity@015,2016,32.45
salinity@015,2016,32.44
salinity@015,2016,32.43
salinity@015,2016,32.42
salinity@015,2016,32.4
salinity@015,2016,32.39
salinity@015,2016,32.38
salinity@015,2016,32.37
salinity@015,2016,32.36
salinity@015,2016,32.34
salinity@015,2016,32.33
salinity@015,2016,32.32
salinity@015,2016,32.31
salinity@015,2016,32.51
salinity@015,2016,32.5
salinity@015,2016,32.49
salinity@015,2016,32.48
salinity@015,2016,32.46
salinity@015,2016,32.45
salinity@015,2016,32.44
salinity@015,2016,32.43
salinity@015,2016,32.42
salinity@015,2016,32.4
salinity@015,2016,32.39
salinity@015,2016,32.38
salinity@015,2016,32.37
salinity@015,2016,32.36
salinity@015,2016,32.34
salinity@015,2016,32.33
salinity@015,2016,32.32
salinity@015,2016,32.31
salinity@015,2016,32.29
salinity@015,2016,32.28
salinity@015,2016,32.5
salinity@015,2016,32.49
salinity@015,2016,32.48
salinity@015,2016,32.46
salinity@015,2016,32.45
salinity@015,2016,32.44
salinity@015,2016,32.43
salinity@015,2016,32.42
salinity@015,2016,32.4
salinity@015,2016,32.39
salinity@015,2016,32.38
salinity@015,2016,32.37
salinity@015,2016,32.36
salinity@015,2016,32.34
salinity@015,2016,32.33
salinity@015,2016,32.32
salinity@015,2016,32.31
salinity@015,2016,32.29
salinity@015,2016,32.28
salinity@015,2016,32.27
salinity@015,2016,32.26
salinity@015,2016,32.48
salinity@015,2016,32.46
salinity@015,2016,32.45
salinity@015,2016,32.44
salinity@015,2016,32.43
salinity@015,2016,32.42
salinity@015,2016,32.4
salinity@015,2016,32.39
salinity@015,2016,32.38
salinity@015,2016,32.37
salinity@015,2016,32.36
salinity@015,2016,32.34
salinity@015,2016,32.33
salinity@015,2016,32.32
salinity@015,2016,32.31
salinity@015,2016,32.29
salinity@015,2016,32.28
salinity@015,2016,32.27
salinity@015,2016,32.26
salinity@015,2016,32.25
salinity@015,2016,32.23
salinity@015,2016,32.45
salinity@015,2016,32.44
salinity@015,2016,32.43
salinity@015,2016,32.42
salinity@015,2016,32.4
salinity@015,2016,32.39
salinity@015,2016,32.38
salinity@015,2016,32.37
salinity@015,2016,32.36
salinity@015,2016,32.34
salinity@015,2016,32.33
salinity@015,2016,32.32
salinity@015,2016,32.31
salinity@015,2016,32.29
salinity@015,2016,32.28
salinity@015,2016,32.27
salinity@015,2016,32.26
salinity@015,2016,32.25
salinity@015,2016,32.23
salinity@015,2016,32.22
salinity@015,2016,32.21
salinity@015,2016,32.43
salinity@015,2016,32.42
salinity@015,2016,32.4
salinity@015,2016,32.39
salinity@015,2016,32.38
salinity@015,2016,32.37
salinity@015,2016,32.36
salinity@015,2016,32.34
salinity@015,2016,32.33
salinity@015,2016,32.32
salinity@015,2016,32.31
salinity@015,2016,32.29
salinity@015,2016,32.28
salinity@015,2016,32.27
salinity@015,2016,32.26
salinity@015,2016,32.25
salinity@015,2016,32.23
salinity@015,2016,32.22
salinity@015,2016,32.21
salinity@015,2016,32.2
salinity@015,2016,32.4
salinity@015,2016,32.39
salinity@015,2016,32.38
salinity@015,2016,32.37
salinity@015,2016,32.36
salinity@015,2016,32.34
salinity@015,2016,32.33
salinity@015,2016,32.32
salinity@015,2016,32.31
salinity@015,2016,32.29
salinity@015,2016,32.28
salinity@015,2016,32.27
salinity@015,2016,32.26
salinity@015,2016,32.25
salinity@015,2016,32.23
salinity@015,2016,32.22
salinity@015,2016,32.21
salinity@015,2016,32.2
salinity@015,2016,32.19
salinity@015,2016,32.17
salinity@015,2016,32.38
salinity@015,2016,32.37
salinity@015,2016,32.36
salinity@015,2016,32.34
salinity@015,2016,32.33
salinity@015,2016,32.32
salinity@015,2016,32.31
salinity@015,2016,32.29
salinity@015,2016,32.28
salinity@015,2016,32.27
salinity@015,2016,32.26
salinity@015,2016,32.25
salinity@015,2016,32.23
salinity@015,2016,32.22
salinity@015,2016,32.21
salinity@015,2016,32.2
salinity@015,2016,32.19
salinity@015,2016,32.17
salinity@015,2016,32.16
salinity@015,2016,32.15
salinity@015,2016,32.36
salinity@015,2016,32.34
salinity@015,2016,32.33
salinity@015,2016,32.32
salinity@015,2016,32.31
salinity@015,2016,32.29
salinity@015,2016,32.28
salinity@015,2016,32.27
salinity@015,2016,32.26
salinity@015,2016,32.25
salinity@015,2016,32.23
salinity@015,2016,32.22
salinity@015,2016,32.21
salinity@015,2016,32.2
salinity@015,2016,32.19
salinity@015,2016,32.17
salinity@015,2016,32.16
salinity@015,2016,32.15
salinity@015,2016,32.14
salinity@015,2016,32.33
salinity@015,2016,32.32
salinity@015,2016,32.31
salinity@015,2016,32.29
salinity@015,2016,32.28
salinity@015,2016,32.27
salinity@015,2016,32.26
salinity@015,2016,32.25
salinity@015,2016,32.23
salinity@015,2016,32.22
salinity@015,2016,32.21
salinity@015,2016,32.2
salinity@015,2016,32.19
salinity@015,2016,32.17
salinity@015,2016,32.16
salinity@015,2016,32.15
salinity@015,2016,32.14
salinity@015,2016,32.13
salinity@015,2016,32.11
salinity@015,2016,32.31
salinity@015,2016,32.29
salinity@015,2016,32.28
salinity@015,2016,32.27
salinity@015,2016,32.26
salinity@015,2016,32.25
salinity@015,2016,32.23
salinity@015,2016,32.22
salinity@015,2016,32.21
salinity@015,2016,32.2
salinity@015,2016,32.19
salinity@015,2016,32.17
salinity@015,2016,32.16
salinity@015,2016,32.15
salinity@015,2016,32.14
salinity@015,2016,32.13
salinity@015,2016,32.11
salinity@015,2016,32.1
salinity@015,2016,32.29
salinity@015,2016,32.28
salinity@015,2016,32.27
salinity@015,2016,32.26
salinity@015,2016,32.25
salinity@015,2016,32.23
salinity@015,2016,32.22
salinity@015,2016,32.21
salinity@015,2016,32.2
salinity@015,2016,32.19
salinity@015,2016,32.17
salinity@015,2016,32.16
salinity@015,2016,32.15
salinity@015,2016,32.14
salinity@015,2016,32.13
salinity@015,2016,32.11
salinity@015,2016,32.1
salinity@015,2016,32.09
salinity@015,2016,32.08
salinity@015,2016,32.27
salinity@015,2016,32.26
salinity@015,2016,32.25
salinity@015,2016,32.23
salinity@015,2016,32.22
salinity@015,2016,32.21
salinity@015,2016,32.2
salinity@015,2016,32.19
salinity@015,2016,32.17
salinity@015,2016,32.16
salinity@015,2016,32.15
salinity@015,2016,32.14
salinity@015,2016,32.13
salinity@015,2016,32.11
salinity@015,2016,32.1
salinity@015,2016,32.09
salinity@015,2016,32.08
salinity@015,2016,32.06
salinity@015,2016,32.25
salinity@015,2016,32.23
salinity@015,2016,32.22
salinity@015,2016,32.21
salinity@015,2016,32.2
salinity@015,2016,32.19
salinity@015,2016,32.17
salinity@015,2016,32.16
salinity@015,2016,32.15
salinity@015,2016,32.14
salinity@015,2016,32.13
salinity@015,2016,32.11
salinity@015,2016,32.1
salinity@015,2016,32.09
salinity@015,2016,32.08
salinity@015,2016,32.06
salinity@015,2016,32.05
salinity@015,2016,32.04
salinity@015,2016,32.22
salinity@015,2016,32.21
salinity@015,2016,32.2
salinity@015,2016,32.19
salinity@015,2016,32.17
salinity@015,2016,32.16
salinity@015,2016,32.15
salinity@015,2016,32.14
salinity@015,2016,32.13
salinity@015,2016,32.11
salinity@015,2016,32.1
salinity@015,2016,32.09
salinity@015,2016,32.08
salinity@015,2016,32.06
salinity@015,2016,32.05
salinity@015,2016,32.04
salinity@015,2016,32.03
salinity@015,2016,32.02
salinity@015,2016,32.21
salinity@015,2016,32.2
salinity@015,2016,32.19
salinity@015,2016,32.17
salinity@015,2016,32.16
salinity@015,2016,32.15
salinity@015,2016,32.14
salinity@015,2016,32.13
salinity@015,2016,32.11
salinity@015,2016,32.1
salinity@015,2016,32.09
salinity@015,2016,32.08
salinity@015,2016,32.06
salinity@015,2016,32.05
salinity@015,2016,32.04
salinity@015,2016,32.03
salinity@015,2016,32.02
salinity@015,2016,32
salinity@015,2016,32.19
salinity@015,2016,32.17
salinity@015,2016,32.16
salinity@015,2016,32.15
salinity@015,2016,32.14
salinity@015,2016,32.13
salinity@015,2016,32.11
salinity@015,2016,32.1
salinity@015,2016,32.09
salinity@015,2016,32.08
salinity@015,2016,32.06
salinity@015,2016,32.05
salinity@015,2016,32.04
salinity@015,2016,32.03
salinity@015,2016,32.02
salinity@015,2016,32
salinity@015,2016,31.99
salinity@015,2016,31.98
salinity@015,2016,32.17
salinity@015,2016,32.16
salinity@015,2016,32.15
salinity@015,2016,32.14
salinity@015,2016,32.13
salinity@015,2016,32.11
salinity@015,2016,32.1
salinity@015,2016,32.09
salinity@015,2016,32.08
salinity@015,2016,32.06
salinity@015,2016,32.05
salinity@015,2016,32.04
salinity@015,2016,32.03
salinity@015,2016,32.02
salinity@015,2016,32
salinity@015,2016,31.99
salinity@015,2016,31.98
salinity@015,2016,31.97
salinity@015,2016,32.15
salinity@015,2016,32.14
salinity@015,2016,32.13
salinity@015,2016,32.11
salinity@015,2016,32.1
salinity@015,2016,32.09
salinity@015,2016,32.08
salinity@015,2016,32.06
salinity@015,2016,32.05
salinity@015,2016,32.04
salinity@015,2016,32.03
salinity@015,2016,32.02
salinity@015,2016,32
salinity@015,2016,31.99
salinity@015,2016,31.98
salinity@015,2016,31.97
salinity@015,2016,31.96
salinity@015,2016,31.94
salinity@015,2016,32.13
salinity@015,2016,32.11
salinity@015,2016,32.1
salinity@015,2016,32.09
salinity@015,2016,32.08
salinity@015,2016,32.06
salinity@015,2016,32.05
salinity@015,2016,32.04
salinity@015,2016,32.03
salinity@015,2016,32.02
salinity@015,2016,32
salinity@015,2016,31.99
salinity@015,2016,31.98
salinity@015,2016,31.97
salinity@015,2016,31.96
salinity@015,2016,31.94
salinity@015,2016,31.93
salinity@015,2016,32.11
salinity@015,2016,32.1
salinity@015,2016,32.09
salinity@015,2016,32.08
salinity@015,2016,32.06
salinity@015,2016,32.05
salinity@015,2016,32.04
salinity@015,2016,32.03
salinity@015,2016,32.02
salinity@015,2016,32
salinity@015,2016,31.99
salinity@015,2016,31.98
salinity@015,2016,31.97
salinity@015,2016,31.96
salinity@015,2016,31.94
salinity@015,2016,31.93
salinity@015,2016,31.92
salinity@015,2017,32.09
salinity@015,2017,32.08
salinity@015,2017,32.06
salinity@015,2017,32.05
salinity@015,2017,32.04
salinity@015,2017,32.03
salinity@015,2017,32.02
salinity@015,2017,32
salinity@015,2017,31.99
salinity@015,2017,31.98
salinity@015,2017,31.97
salinity@015,2017,31.96
salinity@015,2017,31.94
salinity@015,2017,31.93
salinity@015,2017,31.92
salinity@015,2017,32.08
salinity@015,2017,32.06
salinity@015,2017,32.05
salinity@015,2017,32.04
salinity@015,2017,32.03
salinity@015,2017,32.02
salinity@015,2017,32
salinity@015,2017,31.99
salinity@015,2017,31.98
salinity@015,2017,31.97
salinity@015,2017,31.96
salinity@015,2017,31.94
salinity@015,2017,31.93
salinity@015,2017,31.92
salinity@015,2017,31.91
salinity@015,2017,32.05
salinity@015,2017,32.04
salinity@015,2017,32.03
salinity@015,2017,32.02
salinity@015,2017,32
salinity@015,2017,31.99
salinity@015,2017,31.98
salinity@015,2017,31.97
salinity@015,2017,31.96
salinity@015,2017,31.94
salinity@015,2017,31.93
salinity@015,2017,31.92
salinity@015,2017,31.91
salinity@015,2017,32.04
salinity@015,2017,32.03
salinity@015,2017,32.02
salinity@015,2017,32
salinity@015,2017,31.99
salinity@015,2017,31.98
salinity@015,2017,31.97
salinity@015,2017,31.96
salinity@015,2017,31.94
salinity@015,2017,31.93
salinity@015,2017,31.92
salinity@015,2017,31.91
salinity@015,2017,32.02
salinity@015,2017,32
salinity@015,2017,31.99
salinity@015,2017,31.98
salinity@015,2017,31.97
salinity@015,2017,31.96
salinity@015,2017,31.94
salinity@015,2017,31.93
salinity@015,2017,31.92
salinity@015,2017,31.91
salinity@015,2017,32
salinity@015,2017,31.99
salinity@015,2017,31.98
salinity@015,2017,31.97
salinity@015,2017,31.96
salinity@015,2017,31.94
salinity@015,2017,31.93
salinity@015,2017,31.92
salinity@015,2017,31.91
salinity@015,2017,32
salinity@015,2017,31.99
salinity@015,2017,31.98
salinity@015,2017,31.97
salinity@015,2017,31.96
salinity@015,2017,31.94
salinity@015,2017,31.93
salinity@015,2017,31.92
salinity@015,2017,31.91
salinity@015,2017,31.9
salinity@015,2017,32
salinity@015,2017,31.99
salinity@015,2017,31.98
salinity@015,2017,31.97
salinity@015,2017,31.96
salinity@015,2017,31.94
salinity@015,2017,31.93
salinity@015,2017,31.92
salinity@015,2017,31.91
salinity@015,2017,31.9
salinity@015,2017,32
salinity@015,2017,31.99
salinity@015,2017,31.98
salinity@015,2017,31.97
salinity@015,2017,31.96
salinity@015,2017,31.94
salinity@015,2017,31.93
salinity@015,2017,31.92
salinity@015,2017,31.91
salinity@015,2017,31.9
salinity@015,2017,32
salinity@015,2017,31.99
salinity@015,2017,31.98
salinity@015,2017,31.97
salinity@015,2017,31.96
salinity@015,2017,31.94
salinity@015,2017,31.93
salinity@015,2017,31.92
salinity@015,2017,31.91
salinity@015,2017,31.9
salinity@015,2017,31.99
salinity@015,2017,31.98
salinity@015,2017,31.97
salinity@015,2017,31.96
salinity@015,2017,31.94
salinity@015,2017,31.93
salinity@015,2017,31.92
salinity@015,2017,31.91
salinity@015,2017,31.9
salinity@015,2017,31.99
salinity@015,2017,31.98
salinity@015,2017,31.97
salinity@015,2017,31.96
salinity@015,2017,31.94
salinity@015,2017,31.93
salinity@015,2017,31.92
salinity@015,2017,31.91
salinity@015,2017,31.9
salinity@015,2017,32.04
salinity@015,2017,32.03
salinity@015,2017,32.02
salinity@015,2017,32
salinity@015,2017,31.99
salinity@015,2017,31.98
salinity@015,2017,31.97
salinity@015,2017,31.96
salinity@015,2017,31.94
salinity@015,2017,31.93
salinity@015,2017,31.92
salinity@015,2017,31.91
salinity@015,2017,31.9
salinity@015,2017,31.88
salinity@015,2017,32.08
salinity@015,2017,32.06
salinity@015,2017,32.05
salinity@015,2017,32.04
salinity@015,2017,32.03
salinity@015,2017,32.02
salinity@015,2017,32
salinity@015,2017,31.99
salinity@015,2017,31.98
salinity@015,2017,31.97
salinity@015,2017,31.96
salinity@015,2017,31.94
salinity@015,2017,31.93
salinity@015,2017,31.92
salinity@015,2017,31.91
salinity@015,2017,31.9
salinity@015,2017,31.88
salinity@015,2017,32.11
salinity@015,2017,32.1
salinity@015,2017,32.09
salinity@015,2017,32.08
salinity@015,2017,32.06
salinity@015,2017,32.05
salinity@015,2017,32.04
salinity@015,2017,32.03
salinity@015,2017,32.02
salinity@015,2017,32
salinity@015,2017,31.99
salinity@015,2017,31.98
salinity@015,2017,31.97
salinity@015,2017,31.96
salinity@015,2017,31.94
salinity@015,2017,31.93
salinity@015,2017,31.92
salinity@015,2017,31.91
salinity@015,2017,31.9
salinity@015,2017,31.88
salinity@015,2017,32.15
salinity@015,2017,32.14
salinity@015,2017,32.13
salinity@015,2017,32.11
salinity@015,2017,32.1
salinity@015,2017,32.09
salinity@015,2017,32.08
salinity@015,2017,32.06
salinity@015,2017,32.05
salinity@015,2017,32.04
salinity@015,2017,32.03
salinity@015,2017,32.02
salinity@015,2017,32
salinity@015,2017,31.99
salinity@015,2017,31.98
salinity@015,2017,31.97
salinity@015,2017,31.96
salinity@015,2017,31.94
salinity@015,2017,31.93
salinity@015,2017,31.92
salinity@015,2017,31.91
salinity@015,2017,31.9
salinity@015,2017,31.88
salinity@015,2017,32.2
salinity@015,2017,32.19
salinity@015,2017,32.17
salinity@015,2017,32.16
salinity@015,2017,32.15
salinity@015,2017,32.14
salinity@015,2017,32.13
salinity@015,2017,32.11
salinity@015,2017,32.1
salinity@015,2017,32.09
salinity@015,2017,32.08
salinity@015,2017,32.06
salinity@015,2017,32.05
salinity@015,2017,32.04
salinity@015,2017,32.03
salinity@015,2017,32.02
salinity@015,2017,32
salinity@015,2017,31.99
salinity@015,2017,31.98
salinity@015,2017,31.97
salinity@015,2017,31.96
salinity@015,2017,31.94
salinity@015,2017,31.93
salinity@015,2017,31.92
salinity@015,2017,31.91
salinity@015,2017,31.9
salinity@015,2017,31.88
salinity@015,2017,32.23
salinity@015,2017,32.22
salinity@015,2017,32.21
salinity@015,2017,32.2
salinity@015,2017,32.19
salinity@015,2017,32.17
salinity@015,2017,32.16
salinity@015,2017,32.15
salinity@015,2017,32.14
salinity@015,2017,32.13
salinity@015,2017,32.11
salinity@015,2017,32.1
salinity@015,2017,32.09
salinity@015,2017,32.08
salinity@015,2017,32.06
salinity@015,2017,32.05
salinity@015,2017,32.04
salinity@015,2017,32.03
salinity@015,2017,32.02
salinity@015,2017,32
salinity@015,2017,31.99
salinity@015,2017,31.98
salinity@015,2017,31.97
salinity@015,2017,31.96
salinity@015,2017,31.94
salinity@015,2017,31.93
salinity@015,2017,31.92
salinity@015,2017,31.91
salinity@015,2017,31.9
salinity@015,2017,32.27
salinity@015,2017,32.26
salinity@015,2017,32.25
salinity@015,2017,32.23
salinity@015,2017,32.22
salinity@015,2017,32.21
salinity@015,2017,32.2
salinity@015,2017,32.19
salinity@015,2017,32.17
salinity@015,2017,32.16
salinity@015,2017,32.15
salinity@015,2017,32.14
salinity@015,2017,32.13
salinity@015,2017,32.11
salinity@015,2017,32.1
salinity@015,2017,32.09
salinity@015,2017,32.08
salinity@015,2017,32.06
salinity@015,2017,32.05
salinity@015,2017,32.04
salinity@015,2017,32.03
salinity@015,2017,32.02
salinity@015,2017,32
salinity@015,2017,31.99
salinity@015,2017,31.98
salinity@015,2017,31.97
salinity@015,2017,31.96
salinity@015,2017,31.94
salinity@015,2017,31.93
salinity@015,2017,31.92
salinity@015,2017,31.91
salinity@015,2017,32.31
salinity@015,2017,32.29
salinity@015,2017,32.28
salinity@015,2017,32.27
salinity@015,2017,32.26
salinity@015,2017,32.25
salinity@015,2017,32.23
salinity@015,2017,32.22
salinity@015,2017,32.21
salinity@015,2017,32.2
salinity@015,2017,32.19
salinity@015,2017,32.17
salinity@015,2017,32.16
salinity@015,2017,32.15
salinity@015,2017,32.14
salinity@015,2017,32.13
salinity@015,2017,32.11
salinity@015,2017,32.1
salinity@015,2017,32.09
salinity@015,2017,32.08
salinity@015,2017,32.06
salinity@015,2017,32.05
salinity@015,2017,32.04
salinity@015,2017,32.03
salinity@015,2017,32.02
salinity@015,2017,32
salinity@015,2017,31.99
salinity@015,2017,31.98
salinity@015,2017,31.97
salinity@015,2017,31.96
salinity@015,2017,31.94
salinity@015,2017,31.93
salinity@015,2017,32.34
salinity@015,2017,32.33
salinity@015,2017,32.32
salinity@015,2017,32.31
salinity@015,2017,32.29
salinity@015,2017,32.28
salinity@015,2017,32.27
salinity@015,2017,32.26
salinity@015,2017,32.25
salinity@015,2017,32.23
salinity@015,2017,32.22
salinity@015,2017,32.21
salinity@015,2017,32.2
salinity@015,2017,32.19
salinity@015,2017,32.17
salinity@015,2017,32.16
salinity@015,2017,32.15
salinity@015,2017,32.14
salinity@015,2017,32.13
salinity@015,2017,32.11
salinity@015,2017,32.1
salinity@015,2017,32.09
salinity@015,2017,32.08
salinity@015,2017,32.06
salinity@015,2017,32.05
salinity@015,2017,32.04
salinity@015,2017,32.03
salinity@015,2017,32.02
salinity@015,2017,32
salinity@015,2017,31.99
salinity@015,2017,31.98
salinity@015,2017,31.97
salinity@015,2017,32.39
salinity@015,2017,32.38
salinity@015,2017,32.37
salinity@015,2017,32.36
salinity@015,2017,32.34
salinity@015,2017,32.33
salinity@015,2017,32.32
salinity@015,2017,32.31
salinity@015,2017,32.29
salinity@015,2017,32.28
salinity@015,2017,32.27
salinity@015,2017,32.26
salinity@015,2017,32.25
salinity@015,2017,32.23
salinity@015,2017,32.22
salinity@015,2017,32.21
salinity@015,2017,32.2
salinity@015,2017,32.19
salinity@015,2017,32.17
salinity@015,2017,32.16
salinity@015,2017,32.15
salinity@015,2017,32.14
salinity@015,2017,32.13
salinity@015,2017,32.11
salinity@015,2017,32.1
salinity@015,2017,32.09
salinity@015,2017,32.08
salinity@015,2017,32.06
salinity@015,2017,32.05
salinity@015,2017,32.04
salinity@015,2017,32.03
salinity@015,2017,32.02
salinity@015,2017,32
salinity@015,2017,32.43
salinity@015,2017,32.42
salinity@015,2017,32.4
salinity@015,2017,32.39
salinity@015,2017,32.38
salinity@015,2017,32.37
salinity@015,2017,32.36
salinity@015,2017,32.34
salinity@015,2017,32.33
salinity@015,2017,32.32
salinity@015,2017,32.31
salinity@015,2017,32.29
salinity@015,2017,32.28
salinity@015,2017,32.27
salinity@015,2017,32.26
salinity@015,2017,32.25
salinity@015,2017,32.23
salinity@015,2017,32.22
salinity@015,2017,32.21
salinity@015,2017,32.2
salinity@015,2017,32.19
salinity@015,2017,32.17
salinity@015,2017,32.16
salinity@015,2017,32.15
salinity@015,2017,32.14
salinity@015,2017,32.13
salinity@015,2017,32.11
salinity@015,2017,32.1
salinity@015,2017,32.09
salinity@015,2017,32.08
salinity@015,2017,32.06
salinity@015,2017,32.05
salinity@015,2017,32.04
salinity@015,2017,32.46
salinity@015,2017,32.45
salinity@015,2017,32.44
salinity@015,2017,32.43
salinity@015,2017,32.42
salinity@015,2017,32.4
salinity@015,2017,32.39
salinity@015,2017,32.38
salinity@015,2017,32.37
salinity@015,2017,32.36
salinity@015,2017,32.34
salinity@015,2017,32.33
salinity@015,2017,32.32
salinity@015,2017,32.31
salinity@015,2017,32.29
salinity@015,2017,32.28
salinity@015,2017,32.27
salinity@015,2017,32.26
salinity@015,2017,32.25
salinity@015,2017,32.23
salinity@015,2017,32.22
salinity@015,2017,32.21
salinity@015,2017,32.2
salinity@015,2017,32.19
salinity@015,2017,32.17
salinity@015,2017,32.16
salinity@015,2017,32.15
salinity@015,2017,32.14
salinity@015,2017,32.13
salinity@015,2017,32.11
salinity@015,2017,32.1
salinity@015,2017,32.09
salinity@015,2017,32.49
salinity@015,2017,32.48
salinity@015,2017,32.46
salinity@015,2017,32.45
salinity@015,2017,32.44
salinity@015,2017,32.43
salinity@015,2017,32.42
salinity@015,2017,32.4
salinity@015,2017,32.39
salinity@015,2017,32.38
salinity@015,2017,32.37
salinity@015,2017,32.36
salinity@015,2017,32.34
salinity@015,2017,32.33
salinity@015,2017,32.32
salinity@015,2017,32.31
salinity@015,2017,32.29
salinity@015,2017,32.28
salinity@015,2017,32.27
salinity@015,2017,32.26
salinity@015,2017,32.25
salinity@015,2017,32.23
salinity@015,2017,32.22
salinity@015,2017,32.21
salinity@015,2017,32.2
salinity@015,2017,32.19
salinity@015,2017,32.17
salinity@015,2017,32.16
salinity@015,2017,32.15
salinity@015,2017,32.14
salinity@015,2017,32.13
salinity@015,2017,32.5
salinity@015,2017,32.49
salinity@015,2017,32.48
salinity@015,2017,32.46
salinity@015,2017,32.45
salinity@015,2017,32.44
salinity@015,2017,32.43
salinity@015,2017,32.42
salinity@015,2017,32.4
salinity@015,2017,32.39
salinity@015,2017,32.38
salinity@015,2017,32.37
salinity@015,2017,32.36
salinity@015,2017,32.34
salinity@015,2017,32.33
salinity@015,2017,32.32
salinity@015,2017,32.31
salinity@015,2017,32.29
salinity@015,2017,32.28
salinity@015,2017,32.27
salinity@015,2017,32.26
salinity@015,2017,32.25
salinity@015,2017,32.23
salinity@015,2017,32.22
salinity@015,2017,32.21
salinity@015,2017,32.2
salinity@015,2017,32.19
salinity@015,2017,32.17
salinity@015,2017,32.16
salinity@015,2017,32.51
salinity@015,2017,32.5
salinity@015,2017,32.49
salinity@015,2017,32.48
salinity@015,2017,32.46
salinity@015,2017,32.45
salinity@015,2017,32.44
salinity@015,2017,32.43
salinity@015,2017,32.42
salinity@015,2017,32.4
salinity@015,2017,32.39
salinity@015,2017,32.38
salinity@015,2017,32.37
salinity@015,2017,32.36
salinity@015,2017,32.34
salinity@015,2017,32.33
salinity@015,2017,32.32
salinity@015,2017,32.31
salinity@015,2017,32.29
salinity@015,2017,32.28
salinity@015,2017,32.27
salinity@015,2017,32.26
salinity@015,2017,32.25
salinity@015,2017,32.23
salinity@015,2017,32.22
salinity@015,2017,32.21
salinity@015,2017,32.2
salinity@015,2017,32.52
salinity@015,2017,32.51
salinity@015,2017,32.5
salinity@015,2017,32.49
salinity@015,2017,32.48
salinity@015,2017,32.46
salinity@015,2017,32.45
salinity@015,2017,32.44
salinity@015,2017,32.43
salinity@015,2017,32.42
salinity@015,2017,32.4
salinity@015,2017,32.39
salinity@015,2017,32.38
salinity@015,2017,32.37
salinity@015,2017,32.36
salinity@015,2017,32.34
salinity@015,2017,32.33
salinity@015,2017,32.32
salinity@015,2017,32.31
salinity@015,2017,32.29
salinity@015,2017,32.28
salinity@015,2017,32.27
salinity@015,2017,32.26
salinity@015,2017,32.25
salinity@015,2017,32.54
salinity@015,2017,32.52
salinity@015,2017,32.51
salinity@015,2017,32.5
salinity@015,2017,32.49
salinity@015,2017,32.48
salinity@015,2017,32.46
salinity@015,2017,32.45
salinity@015,2017,32.44
salinity@015,2017,32.43
salinity@015,2017,32.42
salinity@015,2017,32.4
salinity@015,2017,32.39
salinity@015,2017,32.38
salinity@015,2017,32.37
salinity@015,2017,32.36
salinity@015,2017,32.34
salinity@015,2017,32.33
salinity@015,2017,32.32
salinity@015,2017,32.31
salinity@015,2017,32.29
salinity@015,2017,32.28
salinity@015,2017,32.55
salinity@015,2017,32.54
salinity@015,2017,32.52
salinity@015,2017,32.51
salinity@015,2017,32.5
salinity@015,2017,32.49
salinity@015,2017,32.48
salinity@015,2017,32.46
salinity@015,2017,32.45
salinity@015,2017,32.44
salinity@015,2017,32.43
salinity@015,2017,32.42
salinity@015,2017,32.4
salinity@015,2017,32.39
salinity@015,2017,32.38
salinity@015,2017,32.37
salinity@015,2017,32.36
salinity@015,2017,32.34
salinity@015,2017,32.33
salinity@015,2017,32.32
salinity@015,2017,32.57
salinity@015,2017,32.56
salinity@015,2017,32.55
salinity@015,2017,32.54
salinity@015,2017,32.52
salinity@015,2017,32.51
salinity@015,2017,32.5
salinity@015,2017,32.49
salinity@015,2017,32.48
salinity@015,2017,32.46
salinity@015,2017,32.45
salinity@015,2017,32.44
salinity@015,2017,32.43
salinity@015,2017,32.42
salinity@015,2017,32.4
salinity@015,2017,32.39
salinity@015,2017,32.38
salinity@015,2017,32.37
salinity@015,2017,32.36
salinity@015,2017,32.58
salinity@015,2017,32.57
salinity@015,2017,32.56
salinity@015,2017,32.55
salinity@015,2017,32.54
salinity@015,2017,32.52
salinity@015,2017,32.51
salinity@015,2017,32.5
salinity@015,2017,32.49
salinity@015,2017,32.48
salinity@015,2017,32.46
salinity@015,2017,32.45
salinity@015,2017,32.44
salinity@015,2017,32.43
salinity@015,2017,32.42
salinity@015,2017,32.4
salinity@015,2017,32.6
salinity@015,2017,32.58
salinity@015,2017,32.57
salinity@015,2017,32.56
salinity@015,2017,32.55
salinity@015,2017,32.54
salinity@015,2017,32.52
salinity@015,2017,32.51
salinity@015,2017,32.5
salinity@015,2017,32.49
salinity@015,2017,32.48
salinity@015,2017,32.46
salinity@015,2017,32.45
salinity@015,2017,32.44
salinity@015,2017,32.61
salinity@015,2017,32.6
salinity@015,2017,32.58
salinity@015,2017,32.57
salinity@015,2017,32.56
salinity@015,2017,32.55
salinity@015,2017,32.54
salinity@015,2017,32.52
salinity@015,2017,32.51
salinity@015,2017,32.5
salinity@015,2017,32.49
salinity@015,2017,32.48
salinity@015,2017,32.46
salinity@015,2017,32.45
salinity@015,2017,32.62
salinity@015,2017,32.61
salinity@015,2017,32.6
salinity@015,2017,32.58
salinity@015,2017,32.57
salinity@015,2017,32.56
salinity@015,2017,32.55
salinity@015,2017,32.54
salinity@015,2017,32.52
salinity@015,2017,32.51
salinity@015,2017,32.5
salinity@015,2017,32.49
salinity@015,2017,32.48
salinity@015,2017,32.46
salinity@015,2017,32.63
salinity@015,2017,32.62
salinity@015,2017,32.61
salinity@015,2017,32.6
salinity@015,2017,32.58
salinity@015,2017,32.57
salinity@015,2017,32.56
salinity@015,2017,32.55
salinity@015,2017,32.54
salinity@015,2017,32.52
salinity@015,2017,32.51
salinity@015,2017,32.5
salinity@015,2017,32.49
salinity@015,2017,32.48
salinity@015,2017,32.65
salinity@015,2017,32.63
salinity@015,2017,32.62
salinity@015,2017,32.61
salinity@015,2017,32.6
salinity@015,2017,32.58
salinity@015,2017,32.57
salinity@015,2017,32.56
salinity@015,2017,32.55
salinity@015,2017,32.54
salinity@015,2017,32.52
salinity@015,2017,32.51
salinity@015,2017,32.5
salinity@015,2017,32.49
salinity@015,2017,32.66
salinity@015,2017,32.65
salinity@015,2017,32.63
salinity@015,2017,32.62
salinity@015,2017,32.61
salinity@015,2017,32.6
salinity@015,2017,32.58
salinity@015,2017,32.57
salinity@015,2017,32.56
salinity@015,2017,32.55
salinity@015,2017,32.54
salinity@015,2017,32.52
salinity@015,2017,32.51
salinity@015,2017,32.5
salinity@015,2017,32.67
salinity@015,2017,32.66
salinity@015,2017,32.65
salinity@015,2017,32.63
salinity@015,2017,32.62
salinity@015,2017,32.61
salinity@015,2017,32.6
salinity@015,2017,32.58
salinity@015,2017,32.57
salinity@015,2017,32.56
salinity@015,2017,32.55
salinity@015,2017,32.54
salinity@015,2017,32.52
salinity@015,2017,32.51
salinity@015,2017,32.67
salinity@015,2017,32.66
salinity@015,2017,32.65
salinity@015,2017,32.63
salinity@015,2017,32.62
salinity@015,2017,32.61
salinity@015,2017,32.6
salinity@015,2017,32.58
salinity@015,2017,32.57
salinity@015,2017,32.56
salinity@015,2017,32.55
salinity@015,2017,32.54
salinity@015,2017,32.52
salinity@015,2017,32.68
salinity@015,2017,32.67
salinity@015,2017,32.66
salinity@015,2017,32.65
salinity@015,2017,32.63
salinity@015,2017,32.62
salinity@015,2017,32.61
salinity@015,2017,32.6
salinity@015,2017,32.58
salinity@015,2017,32.57
salinity@015,2017,32.56
salinity@015,2017,32.55
salinity@015,2017,32.54
salinity@015,2017,32.68
salinity@015,2017,32.67
salinity@015,2017,32.66
salinity@015,2017,32.65
salinity@015,2017,32.63
salinity@015,2017,32.62
salinity@015,2017,32.61
salinity@015,2017,32.6
salinity@015,2017,32.58
salinity@015,2017,32.57
salinity@015,2017,32.56
salinity@015,2017,32.68
salinity@015,2017,32.67
salinity@015,2017,32.66
salinity@015,2017,32.65
salinity@015,2017,32.63
salinity@015,2017,32.62
salinity@015,2017,32.61
salinity@015,2017,32.6
salinity@015,2017,32.58
salinity@015,2017,32.57
salinity@015,2017,32.69
salinity@015,2017,32.68
salinity@015,2017,32.67
salinity@015,2017,32.66
salinity@015,2017,32.65
salinity@015,2017,32.63
salinity@015,2017,32.62
salinity@015,2017,32.61
salinity@015,2017,32.6
salinity@015,2017,32.58
salinity@015,2017,32.69
salinity@015,2017,32.68
salinity@015,2017,32.67
salinity@015,2017,32.66
salinity@015,2017,32.65
salinity@015,2017,32.63
salinity@015,2017,32.62
salinity@015,2017,32.61
salinity@015,2017,32.6
salinity@015,2017,32.58
salinity@015,2017,32.69
salinity@015,2017,32.68
salinity@015,2017,32.67
salinity@015,2017,32.66
salinity@015,2017,32.65
salinity@015,2017,32.63
salinity@015,2017,32.62
salinity@015,2017,32.61
salinity@015,2017,32.6
salinity@015,2017,32.58
salinity@015,2017,32.69
salinity@015,2017,32.68
salinity@015,2017,32.67
salinity@015,2017,32.66
salinity@015,2017,32.65
salinity@015,2017,32.63
salinity@015,2017,32.62
salinity@015,2017,32.61
salinity@015,2017,32.6
salinity@015,2017,32.58
salinity@015,2017,32.71
salinity@015,2017,32.69
salinity@015,2017,32.68
salinity@015,2017,32.67
salinity@015,2017,32.66
salinity@015,2017,32.65
salinity@015,2017,32.63
salinity@015,2017,32.62
salinity@015,2017,32.61
salinity@015,2017,32.6
salinity@015,2017,32.71
salinity@015,2017,32.69
salinity@015,2017,32.68
salinity@015,2017,32.67
salinity@015,2017,32.66
salinity@015,2017,32.65
salinity@015,2017,32.63
salinity@015,2017,32.62
salinity@015,2017,32.61
salinity@015,2017,32.6
salinity@015,2017,32.71
salinity@015,2017,32.69
salinity@015,2017,32.68
salinity@015,2017,32.67
salinity@015,2017,32.66
salinity@015,2017,32.65
salinity@015,2017,32.63
salinity@015,2017,32.62
salinity@015,2017,32.61
salinity@015,2017,32.6
salinity@015,2017,32.72
salinity@015,2017,32.71
salinity@015,2017,32.69
salinity@015,2017,32.68
salinity@015,2017,32.67
salinity@015,2017,32.66
salinity@015,2017,32.65
salinity@015,2017,32.63
salinity@015,2017,32.62
salinity@015,2017,32.61
salinity@015,2017,32.6
salinity@015,2017,32.72
salinity@015,2017,32.71
salinity@015,2017,32.69
salinity@015,2017,32.68
salinity@015,2017,32.67
salinity@015,2017,32.66
salinity@015,2017,32.65
salinity@015,2017,32.63
salinity@015,2017,32.62
salinity@015,2017,32.61
salinity@015,2017,32.6
salinity@015,2017,32.58
salinity@015,2017,32.57
salinity@015,2017,32.56
salinity@015,2017,32.55
salinity@015,2017,32.54
salinity@015,2017,32.72
salinity@015,2017,32.71
salinity@015,2017,32.69
salinity@015,2017,32.68
salinity@015,2017,32.67
salinity@015,2017,32.66
salinity@015,2017,32.65
salinity@015,2017,32.63
salinity@015,2017,32.62
salinity@015,2017,32.61
salinity@015,2017,32.6
salinity@015,2017,32.58
salinity@015,2017,32.57
salinity@015,2017,32.56
salinity@015,2017,32.55
salinity@015,2017,32.54
salinity@015,2017,32.52
salinity@015,2017,32.51
salinity@015,2017,32.5
salinity@015,2017,32.49
salinity@015,2017,32.48
salinity@015,2017,32.46
salinity@015,2017,32.72
salinity@015,2017,32.71
salinity@015,2017,32.69
salinity@015,2017,32.68
salinity@015,2017,32.67
salinity@015,2017,32.66
salinity@015,2017,32.65
salinity@015,2017,32.63
salinity@015,2017,32.62
salinity@015,2017,32.61
salinity@015,2017,32.6
salinity@015,2017,32.58
salinity@015,2017,32.57
salinity@015,2017,32.56
salinity@015,2017,32.55
salinity@015,2017,32.54
salinity@015,2017,32.52
salinity@015,2017,32.51
salinity@015,2017,32.5
salinity@015,2017,32.49
salinity@015,2017,32.48
salinity@015,2017,32.46
salinity@015,2017,32.45
salinity@015,2017,32.44
salinity@015,2017,32.43
salinity@015,2017,32.42
salinity@015,2017,32.4
salinity@015,2017,32.39
salinity@015,2017,32.72
salinity@015,2017,32.71
salinity@015,2017,32.69
salinity@015,2017,32.68
salinity@015,2017,32.67
salinity@015,2017,32.66
salinity@015,2017,32.65
salinity@015,2017,32.63
salinity@015,2017,32.62
salinity@015,2017,32.61
salinity@015,2017,32.6
salinity@015,2017,32.58
salinity@015,2017,32.57
salinity@015,2017,32.56
salinity@015,2017,32.55
salinity@015,2017,32.54
salinity@015,2017,32.52
salinity@015,2017,32.51
salinity@015,2017,32.5
salinity@015,2017,32.49
salinity@015,2017,32.48
salinity@015,2017,32.46
salinity@015,2017,32.45
salinity@015,2017,32.44
salinity@015,2017,32.43
salinity@015,2017,32.42
salinity@015,2017,32.4
salinity@015,2017,32.39
salinity@015,2017,32.38
salinity@015,2017,32.37
salinity@015,2017,32.36
salinity@015,2017,32.34
salinity@015,2017,32.33
salinity@015,2017,32.72
salinity@015,2017,32.71
salinity@015,2017,32.69
salinity@015,2017,32.68
salinity@015,2017,32.67
salinity@015,2017,32.66
salinity@015,2017,32.65
salinity@015,2017,32.63
salinity@015,2017,32.62
salinity@015,2017,32.61
salinity@015,2017,32.6
salinity@015,2017,32.58
salinity@015,2017,32.57
salinity@015,2017,32.56
salinity@015,2017,32.55
salinity@015,2017,32.54
salinity@015,2017,32.52
salinity@015,2017,32.51
salinity@015,2017,32.5
salinity@015,2017,32.49
salinity@015,2017,32.48
salinity@015,2017,32.46
salinity@015,2017,32.45
salinity@015,2017,32.44
salinity@015,2017,32.43
salinity@015,2017,32.42
salinity@015,2017,32.4
salinity@015,2017,32.39
salinity@015,2017,32.38
salinity@015,2017,32.37
salinity@015,2017,32.36
salinity@015,2017,32.34
salinity@015,2017,32.33
salinity@015,2017,32.32
salinity@015,2017,32.31
salinity@015,2017,32.29
salinity@015,2017,32.28
salinity@015,2017,32.27
salinity@015,2017,32.26
salinity@015,2017,32.72
salinity@015,2017,32.71
salinity@015,2017,32.69
salinity@015,2017,32.68
salinity@015,2017,32.67
salinity@015,2017,32.66
salinity@015,2017,32.65
salinity@015,2017,32.63
salinity@015,2017,32.62
salinity@015,2017,32.61
salinity@015,2017,32.6
salinity@015,2017,32.58
salinity@015,2017,32.57
salinity@015,2017,32.56
salinity@015,2017,32.55
salinity@015,2017,32.54
salinity@015,2017,32.52
salinity@015,2017,32.51
salinity@015,2017,32.5
salinity@015,2017,32.49
salinity@015,2017,32.48
salinity@015,2017,32.46
salinity@015,2017,32.45
salinity@015,2017,32.44
salinity@015,2017,32.43
salinity@015,2017,32.42
salinity@015,2017,32.4
salinity@015,2017,32.39
salinity@015,2017,32.38
salinity@015,2017,32.37
salinity@015,2017,32.36
salinity@015,2017,32.34
salinity@015,2017,32.33
salinity@015,2017,32.32
salinity@015,2017,32.31
salinity@015,2017,32.29
salinity@015,2017,32.28
salinity@015,2017,32.27
salinity@015,2017,32.26
salinity@015,2017,32.25
salinity@015,2017,32.23
salinity@015,2017,32.22
salinity@015,2017,32.21
salinity@015,2017,32.2
salinity@015,2017,32.19
salinity@015,2017,32.71
salinity@015,2017,32.69
salinity@015,2017,32.68
salinity@015,2017,32.67
salinity@015,2017,32.66
salinity@015,2017,32.65
salinity@015,2017,32.63
salinity@015,2017,32.62
salinity@015,2017,32.61
salinity@015,2017,32.6
salinity@015,2017,32.58
salinity@015,2017,32.57
salinity@015,2017,32.56
salinity@015,2017,32.55
salinity@015,2017,32.54
salinity@015,2017,32.52
salinity@015,2017,32.51
salinity@015,2017,32.5
salinity@015,2017,32.49
salinity@015,2017,32.48
salinity@015,2017,32.46
salinity@015,2017,32.45
salinity@015,2017,32.44
salinity@015,2017,32.43
salinity@015,2017,32.42
salinity@015,2017,32.4
salinity@015,2017,32.39
salinity@015,2017,32.38
salinity@015,2017,32.37
salinity@015,2017,32.36
salinity@015,2017,32.34
salinity@015,2017,32.33
salinity@015,2017,32.32
salinity@015,2017,32.31
salinity@015,2017,32.29
salinity@015,2017,32.28
salinity@015,2017,32.27
salinity@015,2017,32.26
salinity@015,2017,32.25
salinity@015,2017,32.23
salinity@015,2017,32.22
salinity@015,2017,32.21
salinity@015,2017,32.2
salinity@015,2017,32.19
salinity@015,2017,32.17
salinity@015,2017,32.16
salinity@015,2017,32.15
salinity@015,2017,32.14
salinity@015,2017,32.13
salinity@015,2017,32.11
salinity@015,2017,32.69
salinity@015,2017,32.68
salinity@015,2017,32.67
salinity@015,2017,32.66
salinity@015,2017,32.65
salinity@015,2017,32.63
salinity@015,2017,32.62
salinity@015,2017,32.61
salinity@015,2017,32.6
salinity@015,2017,32.58
salinity@015,2017,32.57
salinity@015,2017,32.56
salinity@015,2017,32.55
salinity@015,2017,32.54
salinity@015,2017,32.52
salinity@015,2017,32.51
salinity@015,2017,32.5
salinity@015,2017,32.49
salinity@015,2017,32.48
salinity@015,2017,32.46
salinity@015,2017,32.45
salinity@015,2017,32.44
salinity@015,2017,32.43
salinity@015,2017,32.42
salinity@015,2017,32.4
salinity@015,2017,32.39
salinity@015,2017,32.38
salinity@015,2017,32.37
salinity@015,2017,32.36
salinity@015,2017,32.34
salinity@015,2017,32.33
salinity@015,2017,32.32
salinity@015,2017,32.31
salinity@015,2017,32.29
salinity@015,2017,32.28
salinity@015,2017,32.27
salinity@015,2017,32.26
salinity@015,2017,32.25
salinity@015,2017,32.23
salinity@015,2017,32.22
salinity@015,2017,32.21
salinity@015,2017,32.2
salinity@015,2017,32.19
salinity@015,2017,32.17
salinity@015,2017,32.16
salinity@015,2017,32.15
salinity@015,2017,32.14
salinity@015,2017,32.13
salinity@015,2017,32.11
salinity@015,2017,32.1
salinity@015,2017,32.09
salinity@015,2017,32.08
salinity@015,2017,32.06
salinity@015,2017,32.05
salinity@015,2017,32.63
salinity@015,2017,32.62
salinity@015,2017,32.61
salinity@015,2017,32.6
salinity@015,2017,32.58
salinity@015,2017,32.57
salinity@015,2017,32.56
salinity@015,2017,32.55
salinity@015,2017,32.54
salinity@015,2017,32.52
salinity@015,2017,32.51
salinity@015,2017,32.5
salinity@015,2017,32.49
salinity@015,2017,32.48
salinity@015,2017,32.46
salinity@015,2017,32.45
salinity@015,2017,32.44
salinity@015,2017,32.43
salinity@015,2017,32.42
salinity@015,2017,32.4
salinity@015,2017,32.39
salinity@015,2017,32.38
salinity@015,2017,32.37
salinity@015,2017,32.36
salinity@015,2017,32.34
salinity@015,2017,32.33
salinity@015,2017,32.32
salinity@015,2017,32.31
salinity@015,2017,32.29
salinity@015,2017,32.28
salinity@015,2017,32.27
salinity@015,2017,32.26
salinity@015,2017,32.25
salinity@015,2017,32.23
salinity@015,2017,32.22
salinity@015,2017,32.21
salinity@015,2017,32.2
salinity@015,2017,32.19
salinity@015,2017,32.17
salinity@015,2017,32.16
salinity@015,2017,32.15
salinity@015,2017,32.14
salinity@015,2017,32.13
salinity@015,2017,32.11
salinity@015,2017,32.1
salinity@015,2017,32.09
salinity@015,2017,32.08
salinity@015,2017,32.06
salinity@015,2017,32.05
salinity@015,2017,32.04
salinity@015,2017,32.03
salinity@015,2017,32.02
salinity@015,2017,32
salinity@015,2017,31.99
salinity@015,2017,31.98
salinity@015,2017,32.57
salinity@015,2017,32.56
salinity@015,2017,32.55
salinity@015,2017,32.54
salinity@015,2017,32.52
salinity@015,2017,32.51
salinity@015,2017,32.5
salinity@015,2017,32.49
salinity@015,2017,32.48
salinity@015,2017,32.46
salinity@015,2017,32.45
salinity@015,2017,32.44
salinity@015,2017,32.43
salinity@015,2017,32.42
salinity@015,2017,32.4
salinity@015,2017,32.39
salinity@015,2017,32.38
salinity@015,2017,32.37
salinity@015,2017,32.36
salinity@015,2017,32.34
salinity@015,2017,32.33
salinity@015,2017,32.32
salinity@015,2017,32.31
salinity@015,2017,32.29
salinity@015,2017,32.28
salinity@015,2017,32.27
salinity@015,2017,32.26
salinity@015,2017,32.25
salinity@015,2017,32.23
salinity@015,2017,32.22
salinity@015,2017,32.21
salinity@015,2017,32.2
salinity@015,2017,32.19
salinity@015,2017,32.17
salinity@015,2017,32.16
salinity@015,2017,32.15
salinity@015,2017,32.14
salinity@015,2017,32.13
salinity@015,2017,32.11
salinity@015,2017,32.1
salinity@015,2017,32.09
salinity@015,2017,32.08
salinity@015,2017,32.06
salinity@015,2017,32.05
salinity@015,2017,32.04
salinity@015,2017,32.03
salinity@015,2017,32.02
salinity@015,2017,32
salinity@015,2017,31.99
salinity@015,2017,31.98
salinity@015,2017,31.97
salinity@015,2017,31.96
salinity@015,2017,31.94
salinity@015,2017,31.93
salinity@015,2017,31.92
salinity@015,2017,31.91
salinity@015,2017,32.5
salinity@015,2017,32.49
salinity@015,2017,32.48
salinity@015,2017,32.46
salinity@015,2017,32.45
salinity@015,2017,32.44
salinity@015,2017,32.43
salinity@015,2017,32.42
salinity@015,2017,32.4
salinity@015,2017,32.39
salinity@015,2017,32.38
salinity@015,2017,32.37
salinity@015,2017,32.36
salinity@015,2017,32.34
salinity@015,2017,32.33
salinity@015,2017,32.32
salinity@015,2017,32.31
salinity@015,2017,32.29
salinity@015,2017,32.28
salinity@015,2017,32.27
salinity@015,2017,32.26
salinity@015,2017,32.25
salinity@015,2017,32.23
salinity@015,2017,32.22
salinity@015,2017,32.21
salinity@015,2017,32.2
salinity@015,2017,32.19
salinity@015,2017,32.17
salinity@015,2017,32.16
salinity@015,2017,32.15
salinity@015,2017,32.14
salinity@015,2017,32.13
salinity@015,2017,32.11
salinity@015,2017,32.1
salinity@015,2017,32.09
salinity@015,2017,32.08
salinity@015,2017,32.06
salinity@015,2017,32.05
salinity@015,2017,32.04
salinity@015,2017,32.03
salinity@015,2017,32.02
salinity@015,2017,32
salinity@015,2017,31.99
salinity@015,2017,31.98
salinity@015,2017,31.97
salinity@015,2017,31.96
salinity@015,2017,31.94
salinity@015,2017,31.93
salinity@015,2017,31.92
salinity@015,2017,31.91
salinity@015,2017,31.9
salinity@015,2017,31.88
salinity@015,2017,31.87
salinity@015,2017,31.86
salinity@015,2017,31.85
salinity@015,2017,32.43
salinity@015,2017,32.42
salinity@015,2017,32.4
salinity@015,2017,32.39
salinity@015,2017,32.38
salinity@015,2017,32.37
salinity@015,2017,32.36
salinity@015,2017,32.34
salinity@015,2017,32.33
salinity@015,2017,32.32
salinity@015,2017,32.31
salinity@015,2017,32.29
salinity@015,2017,32.28
salinity@015,2017,32.27
salinity@015,2017,32.26
salinity@015,2017,32.25
salinity@015,2017,32.23
salinity@015,2017,32.22
salinity@015,2017,32.21
salinity@015,2017,32.2
salinity@015,2017,32.19
salinity@015,2017,32.17
salinity@015,2017,32.16
salinity@015,2017,32.15
salinity@015,2017,32.14
salinity@015,2017,32.13
salinity@015,2017,32.11
salinity@015,2017,32.1
salinity@015,2017,32.09
salinity@015,2017,32.08
salinity@015,2017,32.06
salinity@015,2017,32.05
salinity@015,2017,32.04
salinity@015,2017,32.03
salinity@015,2017,32.02
salinity@015,2017,32
salinity@015,2017,31.99
salinity@015,2017,31.98
salinity@015,2017,31.97
salinity@015,2017,31.96
salinity@015,2017,31.94
salinity@015,2017,31.93
salinity@015,2017,31.92
salinity@015,2017,31.91
salinity@015,2017,31.9
salinity@015,2017,31.88
salinity@015,2017,31.87
salinity@015,2017,31.86
salinity@015,2017,31.85
salinity@015,2017,31.84
salinity@015,2017,31.82
salinity@015,2017,31.81
salinity@015,2017,31.8
salinity@015,2017,31.79
salinity@015,2017,31.77
salinity@015,2017,32.37
salinity@015,2017,32.36
salinity@015,2017,32.34
salinity@015,2017,32.33
salinity@015,2017,32.32
salinity@015,2017,32.31
salinity@015,2017,32.29
salinity@015,2017,32.28
salinity@015,2017,32.27
salinity@015,2017,32.26
salinity@015,2017,32.25
salinity@015,2017,32.23
salinity@015,2017,32.22
salinity@015,2017,32.21
salinity@015,2017,32.2
salinity@015,2017,32.19
salinity@015,2017,32.17
salinity@015,2017,32.16
salinity@015,2017,32.15
salinity@015,2017,32.14
salinity@015,2017,32.13
salinity@015,2017,32.11
salinity@015,2017,32.1
salinity@015,2017,32.09
salinity@015,2017,32.08
salinity@015,2017,32.06
salinity@015,2017,32.05
salinity@015,2017,32.04
salinity@015,2017,32.03
salinity@015,2017,32.02
salinity@015,2017,32
salinity@015,2017,31.99
salinity@015,2017,31.98
salinity@015,2017,31.97
salinity@015,2017,31.96
salinity@015,2017,31.94
salinity@015,2017,31.93
salinity@015,2017,31.92
salinity@015,2017,31.91
salinity@015,2017,31.9
salinity@015,2017,31.88
salinity@015,2017,31.87
salinity@015,2017,31.86
salinity@015,2017,31.85
salinity@015,2017,31.84
salinity@015,2017,31.82
salinity@015,2017,31.81
salinity@015,2017,31.8
salinity@015,2017,31.79
salinity@015,2017,31.77
salinity@015,2017,31.76
salinity@015,2017,31.75
salinity@015,2017,31.74
salinity@015,2017,31.73
salinity@015,2017,32.29
salinity@015,2017,32.28
salinity@015,2017,32.27
salinity@015,2017,32.26
salinity@015,2017,32.25
salinity@015,2017,32.23
salinity@015,2017,32.22
salinity@015,2017,32.21
salinity@015,2017,32.2
salinity@015,2017,32.19
salinity@015,2017,32.17
salinity@015,2017,32.16
salinity@015,2017,32.15
salinity@015,2017,32.14
salinity@015,2017,32.13
salinity@015,2017,32.11
salinity@015,2017,32.1
salinity@015,2017,32.09
salinity@015,2017,32.08
salinity@015,2017,32.06
salinity@015,2017,32.05
salinity@015,2017,32.04
salinity@015,2017,32.03
salinity@015,2017,32.02
salinity@015,2017,32
salinity@015,2017,31.99
salinity@015,2017,31.98
salinity@015,2017,31.97
salinity@015,2017,31.96
salinity@015,2017,31.94
salinity@015,2017,31.93
salinity@015,2017,31.92
salinity@015,2017,31.91
salinity@015,2017,31.9
salinity@015,2017,31.88
salinity@015,2017,31.87
salinity@015,2017,31.86
salinity@015,2017,31.85
salinity@015,2017,31.84
salinity@015,2017,31.82
salinity@015,2017,31.81
salinity@015,2017,31.8
salinity@015,2017,31.79
salinity@015,2017,31.77
salinity@015,2017,31.76
salinity@015,2017,31.75
salinity@015,2017,31.74
salinity@015,2017,31.73
salinity@015,2017,31.71
salinity@015,2017,32.22
salinity@015,2017,32.21
salinity@015,2017,32.2
salinity@015,2017,32.19
salinity@015,2017,32.17
salinity@015,2017,32.16
salinity@015,2017,32.15
salinity@015,2017,32.14
salinity@015,2017,32.13
salinity@015,2017,32.11
salinity@015,2017,32.1
salinity@015,2017,32.09
salinity@015,2017,32.08
salinity@015,2017,32.06
salinity@015,2017,32.05
salinity@015,2017,32.04
salinity@015,2017,32.03
salinity@015,2017,32.02
salinity@015,2017,32
salinity@015,2017,31.99
salinity@015,2017,31.98
salinity@015,2017,31.97
salinity@015,2017,31.96
salinity@015,2017,31.94
salinity@015,2017,31.93
salinity@015,2017,31.92
salinity@015,2017,31.91
salinity@015,2017,31.9
salinity@015,2017,31.88
salinity@015,2017,31.87
salinity@015,2017,31.86
salinity@015,2017,31.85
salinity@015,2017,31.84
salinity@015,2017,31.82
salinity@015,2017,31.81
salinity@015,2017,31.8
salinity@015,2017,31.79
salinity@015,2017,31.77
salinity@015,2017,31.76
salinity@015,2017,31.75
salinity@015,2017,31.74
salinity@015,2017,31.73
salinity@015,2017,31.71
salinity@015,2017,31.7
salinity@015,2017,31.69
salinity@015,2017,32.15
salinity@015,2017,32.14
salinity@015,2017,32.13
salinity@015,2017,32.11
salinity@015,2017,32.1
salinity@015,2017,32.09
salinity@015,2017,32.08
salinity@015,2017,32.06
salinity@015,2017,32.05
salinity@015,2017,32.04
salinity@015,2017,32.03
salinity@015,2017,32.02
salinity@015,2017,32
salinity@015,2017,31.99
salinity@015,2017,31.98
salinity@015,2017,31.97
salinity@015,2017,31.96
salinity@015,2017,31.94
salinity@015,2017,31.93
salinity@015,2017,31.92
salinity@015,2017,31.91
salinity@015,2017,31.9
salinity@015,2017,31.88
salinity@015,2017,31.87
salinity@015,2017,31.86
salinity@015,2017,31.85
salinity@015,2017,31.84
salinity@015,2017,31.82
salinity@015,2017,31.81
salinity@015,2017,31.8
salinity@015,2017,31.79
salinity@015,2017,31.77
salinity@015,2017,31.76
salinity@015,2017,31.75
salinity@015,2017,31.74
salinity@015,2017,31.73
salinity@015,2017,31.71
salinity@015,2017,31.7
salinity@015,2017,31.69
salinity@015,2017,31.68
salinity@015,2017,31.67
salinity@015,2017,32.09
salinity@015,2017,32.08
salinity@015,2017,32.06
salinity@015,2017,32.05
salinity@015,2017,32.04
salinity@015,2017,32.03
salinity@015,2017,32.02
salinity@015,2017,32
salinity@015,2017,31.99
salinity@015,2017,31.98
salinity@015,2017,31.97
salinity@015,2017,31.96
salinity@015,2017,31.94
salinity@015,2017,31.93
salinity@015,2017,31.92
salinity@015,2017,31.91
salinity@015,2017,31.9
salinity@015,2017,31.88
salinity@015,2017,31.87
salinity@015,2017,31.86
salinity@015,2017,31.85
salinity@015,2017,31.84
salinity@015,2017,31.82
salinity@015,2017,31.81
salinity@015,2017,31.8
salinity@015,2017,31.79
salinity@015,2017,31.77
salinity@015,2017,31.76
salinity@015,2017,31.75
salinity@015,2017,31.74
salinity@015,2017,31.73
salinity@015,2017,31.71
salinity@015,2017,31.7
salinity@015,2017,31.69
salinity@015,2017,31.68
salinity@015,2017,31.67
salinity@015,2017,31.65
salinity@015,2017,32.02
salinity@015,2017,32
salinity@015,2017,31.99
salinity@015,2017,31.98
salinity@015,2017,31.97
salinity@015,2017,31.96
salinity@015,2017,31.94
salinity@015,2017,31.93
salinity@015,2017,31.92
salinity@015,2017,31.91
salinity@015,2017,31.9
salinity@015,2017,31.88
salinity@015,2017,31.87
salinity@015,2017,31.86
salinity@015,2017,31.85
salinity@015,2017,31.84
salinity@015,2017,31.82
salinity@015,2017,31.81
salinity@015,2017,31.8
salinity@015,2017,31.79
salinity@015,2017,31.77
salinity@015,2017,31.76
salinity@015,2017,31.75
salinity@015,2017,31.74
salinity@015,2017,31.73
salinity@015,2017,31.71
salinity@015,2017,31.7
salinity@015,2017,31.69
salinity@015,2017,31.68
salinity@015,2017,31.67
salinity@015,2017,31.65
salinity@015,2017,31.64
salinity@015,2017,31.63
salinity@015,2017,31.94
salinity@015,2017,31.93
salinity@015,2017,31.92
salinity@015,2017,31.91
salinity@015,2017,31.9
salinity@015,2017,31.88
salinity@015,2017,31.87
salinity@015,2017,31.86
salinity@015,2017,31.85
salinity@015,2017,31.84
salinity@015,2017,31.82
salinity@015,2017,31.81
salinity@015,2017,31.8
salinity@015,2017,31.79
salinity@015,2017,31.77
salinity@015,2017,31.76
salinity@015,2017,31.75
salinity@015,2017,31.74
salinity@015,2017,31.73
salinity@015,2017,31.71
salinity@015,2017,31.7
salinity@015,2017,31.69
salinity@015,2017,31.68
salinity@015,2017,31.67
salinity@015,2017,31.65
salinity@015,2017,31.64
salinity@015,2017,31.63
salinity@015,2017,31.62
salinity@015,2017,31.61
salinity@015,2017,31.88
salinity@015,2017,31.87
salinity@015,2017,31.86
salinity@015,2017,31.85
salinity@015,2017,31.84
salinity@015,2017,31.82
salinity@015,2017,31.81
salinity@015,2017,31.8
salinity@015,2017,31.79
salinity@015,2017,31.77
salinity@015,2017,31.76
salinity@015,2017,31.75
salinity@015,2017,31.74
salinity@015,2017,31.73
salinity@015,2017,31.71
salinity@015,2017,31.7
salinity@015,2017,31.69
salinity@015,2017,31.68
salinity@015,2017,31.67
salinity@015,2017,31.65
salinity@015,2017,31.64
salinity@015,2017,31.63
salinity@015,2017,31.62
salinity@015,2017,31.61
salinity@015,2017,31.59
salinity@015,2017,31.81
salinity@015,2017,31.8
salinity@015,2017,31.79
salinity@015,2017,31.77
salinity@015,2017,31.76
salinity@015,2017,31.75
salinity@015,2017,31.74
salinity@015,2017,31.73
salinity@015,2017,31.71
salinity@015,2017,31.7
salinity@015,2017,31.69
salinity@015,2017,31.68
salinity@015,2017,31.67
salinity@015,2017,31.65
salinity@015,2017,31.64
salinity@015,2017,31.63
salinity@015,2017,31.62
salinity@015,2017,31.61
salinity@015,2017,31.59
salinity@015,2017,31.58
salinity@015,2017,31.57
salinity@015,2017,31.76
salinity@015,2017,31.75
salinity@015,2017,31.74
salinity@015,2017,31.73
salinity@015,2017,31.71
salinity@015,2017,31.7
salinity@015,2017,31.69
salinity@015,2017,31.68
salinity@015,2017,31.67
salinity@015,2017,31.65
salinity@015,2017,31.64
salinity@015,2017,31.63
salinity@015,2017,31.62
salinity@015,2017,31.61
salinity@015,2017,31.59
salinity@015,2017,31.58
salinity@015,2017,31.57
salinity@015,2017,31.56
salinity@015,2017,31.54
salinity@015,2017,31.74
salinity@015,2017,31.73
salinity@015,2017,31.71
salinity@015,2017,31.7
salinity@015,2017,31.69
salinity@015,2017,31.68
salinity@015,2017,31.67
salinity@015,2017,31.65
salinity@015,2017,31.64
salinity@015,2017,31.63
salinity@015,2017,31.62
salinity@015,2017,31.61
salinity@015,2017,31.59
salinity@015,2017,31.58
salinity@015,2017,31.57
salinity@015,2017,31.56
salinity@015,2017,31.54
salinity@015,2017,31.53
salinity@015,2017,31.71
salinity@015,2017,31.7
salinity@015,2017,31.69
salinity@015,2017,31.68
salinity@015,2017,31.67
salinity@015,2017,31.65
salinity@015,2017,31.64
salinity@015,2017,31.63
salinity@015,2017,31.62
salinity@015,2017,31.61
salinity@015,2017,31.59
salinity@015,2017,31.58
salinity@015,2017,31.57
salinity@015,2017,31.56
salinity@015,2017,31.54
salinity@015,2017,31.53
salinity@015,2017,31.52
salinity@015,2017,31.51
salinity@015,2017,31.7
salinity@015,2017,31.69
salinity@015,2017,31.68
salinity@015,2017,31.67
salinity@015,2017,31.65
salinity@015,2017,31.64
salinity@015,2017,31.63
salinity@015,2017,31.62
salinity@015,2017,31.61
salinity@015,2017,31.59
salinity@015,2017,31.58
salinity@015,2017,31.57
salinity@015,2017,31.56
salinity@015,2017,31.54
salinity@015,2017,31.53
salinity@015,2017,31.52
salinity@015,2017,31.51
salinity@015,2017,31.5
salinity@015,2017,31.68
salinity@015,2017,31.67
salinity@015,2017,31.65
salinity@015,2017,31.64
salinity@015,2017,31.63
salinity@015,2017,31.62
salinity@015,2017,31.61
salinity@015,2017,31.59
salinity@015,2017,31.58
salinity@015,2017,31.57
salinity@015,2017,31.56
salinity@015,2017,31.54
salinity@015,2017,31.53
salinity@015,2017,31.52
salinity@015,2017,31.51
salinity@015,2017,31.5
salinity@015,2017,31.48
salinity@015,2017,31.47
salinity@015,2017,31.65
salinity@015,2017,31.64
salinity@015,2017,31.63
salinity@015,2017,31.62
salinity@015,2017,31.61
salinity@015,2017,31.59
salinity@015,2017,31.58
salinity@015,2017,31.57
salinity@015,2017,31.56
salinity@015,2017,31.54
salinity@015,2017,31.53
salinity@015,2017,31.52
salinity@015,2017,31.51
salinity@015,2017,31.5
salinity@015,2017,31.48
salinity@015,2017,31.47
salinity@015,2017,31.46
salinity@015,2017,31.64
salinity@015,2017,31.63
salinity@015,2017,31.62
salinity@015,2017,31.61
salinity@015,2017,31.59
salinity@015,2017,31.58
salinity@015,2017,31.57
salinity@015,2017,31.56
salinity@015,2017,31.54
salinity@015,2017,31.53
salinity@015,2017,31.52
salinity@015,2017,31.51
salinity@015,2017,31.5
salinity@015,2017,31.48
salinity@015,2017,31.47
salinity@015,2017,31.46
salinity@015,2017,31.45
salinity@015,2017,31.62
salinity@015,2017,31.61
salinity@015,2017,31.59
salinity@015,2017,31.58
salinity@015,2017,31.57
salinity@015,2017,31.56
salinity@015,2017,31.54
salinity@015,2017,31.53
salinity@015,2017,31.52
salinity@015,2017,31.51
salinity@015,2017,31.5
salinity@015,2017,31.48
salinity@015,2017,31.47
salinity@015,2017,31.46
salinity@015,2017,31.45
salinity@015,2017,31.64
salinity@015,2017,31.63
salinity@015,2017,31.62
salinity@015,2017,31.61
salinity@015,2017,31.59
salinity@015,2017,31.58
salinity@015,2017,31.57
salinity@015,2017,31.56
salinity@015,2017,31.54
salinity@015,2017,31.53
salinity@015,2017,31.52
salinity@015,2017,31.51
salinity@015,2017,31.5
salinity@015,2017,31.48
salinity@015,2017,31.47
salinity@015,2017,31.46
salinity@015,2017,31.45
salinity@015,2017,31.67
salinity@015,2017,31.65
salinity@015,2017,31.64
salinity@015,2017,31.63
salinity@015,2017,31.62
salinity@015,2017,31.61
salinity@015,2017,31.59
salinity@015,2017,31.58
salinity@015,2017,31.57
salinity@015,2017,31.56
salinity@015,2017,31.54
salinity@015,2017,31.53
salinity@015,2017,31.52
salinity@015,2017,31.51
salinity@015,2017,31.5
salinity@015,2017,31.48
salinity@015,2017,31.47
salinity@015,2017,31.46
salinity@015,2017,31.45
salinity@015,2017,31.69
salinity@015,2017,31.68
salinity@015,2017,31.67
salinity@015,2017,31.65
salinity@015,2017,31.64
salinity@015,2017,31.63
salinity@015,2017,31.62
salinity@015,2017,31.61
salinity@015,2017,31.59
salinity@015,2017,31.58
salinity@015,2017,31.57
salinity@015,2017,31.56
salinity@015,2017,31.54
salinity@015,2017,31.53
salinity@015,2017,31.52
salinity@015,2017,31.51
salinity@015,2017,31.5
salinity@015,2017,31.48
salinity@015,2017,31.47
salinity@015,2017,31.46
salinity@015,2017,31.45
salinity@015,2017,31.73
salinity@015,2017,31.71
salinity@015,2017,31.7
salinity@015,2017,31.69
salinity@015,2017,31.68
salinity@015,2017,31.67
salinity@015,2017,31.65
salinity@015,2017,31.64
salinity@015,2017,31.63
salinity@015,2017,31.62
salinity@015,2017,31.61
salinity@015,2017,31.59
salinity@015,2017,31.58
salinity@015,2017,31.57
salinity@015,2017,31.56
salinity@015,2017,31.54
salinity@015,2017,31.53
salinity@015,2017,31.52
salinity@015,2017,31.51
salinity@015,2017,31.5
salinity@015,2017,31.48
salinity@015,2017,31.47
salinity@015,2017,31.46
salinity@015,2017,31.75
salinity@015,2017,31.74
salinity@015,2017,31.73
salinity@015,2017,31.71
salinity@015,2017,31.7
salinity@015,2017,31.69
salinity@015,2017,31.68
salinity@015,2017,31.67
salinity@015,2017,31.65
salinity@015,2017,31.64
salinity@015,2017,31.63
salinity@015,2017,31.62
salinity@015,2017,31.61
salinity@015,2017,31.59
salinity@015,2017,31.58
salinity@015,2017,31.57
salinity@015,2017,31.56
salinity@015,2017,31.54
salinity@015,2017,31.53
salinity@015,2017,31.52
salinity@015,2017,31.51
salinity@015,2017,31.5
salinity@015,2017,31.48
salinity@015,2017,31.47
salinity@015,2017,31.77
salinity@015,2017,31.76
salinity@015,2017,31.75
salinity@015,2017,31.74
salinity@015,2017,31.73
salinity@015,2017,31.71
salinity@015,2017,31.7
salinity@015,2017,31.69
salinity@015,2017,31.68
salinity@015,2017,31.67
salinity@015,2017,31.65
salinity@015,2017,31.64
salinity@015,2017,31.63
salinity@015,2017,31.62
salinity@015,2017,31.61
salinity@015,2017,31.59
salinity@015,2017,31.58
salinity@015,2017,31.57
salinity@015,2017,31.56
salinity@015,2017,31.54
salinity@015,2017,31.53
salinity@015,2017,31.52
salinity@015,2017,31.51
salinity@015,2017,31.5
salinity@015,2017,31.81
salinity@015,2017,31.8
salinity@015,2017,31.79
salinity@015,2017,31.77
salinity@015,2017,31.76
salinity@015,2017,31.75
salinity@015,2017,31.74
salinity@015,2017,31.73
salinity@015,2017,31.71
salinity@015,2017,31.7
salinity@015,2017,31.69
salinity@015,2017,31.68
salinity@015,2017,31.67
salinity@015,2017,31.65
salinity@015,2017,31.64
salinity@015,2017,31.63
salinity@015,2017,31.62
salinity@015,2017,31.61
salinity@015,2017,31.59
salinity@015,2017,31.58
salinity@015,2017,31.57
salinity@015,2017,31.56
salinity@015,2017,31.54
salinity@015,2017,31.53
salinity@015,2017,31.84
salinity@015,2017,31.82
salinity@015,2017,31.81
salinity@015,2017,31.8
salinity@015,2017,31.79
salinity@015,2017,31.77
salinity@015,2017,31.76
salinity@015,2017,31.75
salinity@015,2017,31.74
salinity@015,2017,31.73
salinity@015,2017,31.71
salinity@015,2017,31.7
salinity@015,2017,31.69
salinity@015,2017,31.68
salinity@015,2017,31.67
salinity@015,2017,31.65
salinity@015,2017,31.64
salinity@015,2017,31.63
salinity@015,2017,31.62
salinity@015,2017,31.61
salinity@015,2017,31.59
salinity@015,2017,31.58
salinity@015,2017,31.57
salinity@015,2017,31.56
salinity@015,2017,31.86
salinity@015,2017,31.85
salinity@015,2017,31.84
salinity@015,2017,31.82
salinity@015,2017,31.81
salinity@015,2017,31.8
salinity@015,2017,31.79
salinity@015,2017,31.77
salinity@015,2017,31.76
salinity@015,2017,31.75
salinity@015,2017,31.74
salinity@015,2017,31.73
salinity@015,2017,31.71
salinity@015,2017,31.7
salinity@015,2017,31.69
salinity@015,2017,31.68
salinity@015,2017,31.67
salinity@015,2017,31.65
salinity@015,2017,31.64
salinity@015,2017,31.63
salinity@015,2017,31.62
salinity@015,2017,31.61
salinity@015,2017,31.59
salinity@015,2017,31.58
salinity@015,2017,31.88
salinity@015,2017,31.87
salinity@015,2017,31.86
salinity@015,2017,31.85
salinity@015,2017,31.84
salinity@015,2017,31.82
salinity@015,2017,31.81
salinity@015,2017,31.8
salinity@015,2017,31.79
salinity@015,2017,31.77
salinity@015,2017,31.76
salinity@015,2017,31.75
salinity@015,2017,31.74
salinity@015,2017,31.73
salinity@015,2017,31.71
salinity@015,2017,31.7
salinity@015,2017,31.69
salinity@015,2017,31.68
salinity@015,2017,31.67
salinity@015,2017,31.65
salinity@015,2017,31.64
salinity@015,2017,31.63
salinity@015,2017,31.62
salinity@015,2017,31.91
salinity@015,2017,31.9
salinity@015,2017,31.88
salinity@015,2017,31.87
salinity@015,2017,31.86
salinity@015,2017,31.85
salinity@015,2017,31.84
salinity@015,2017,31.82
salinity@015,2017,31.81
salinity@015,2017,31.8
salinity@015,2017,31.79
salinity@015,2017,31.77
salinity@015,2017,31.76
salinity@015,2017,31.75
salinity@015,2017,31.74
salinity@015,2017,31.73
salinity@015,2017,31.71
salinity@015,2017,31.7
salinity@015,2017,31.69
salinity@015,2017,31.68
salinity@015,2017,31.67
salinity@015,2017,31.65
salinity@015,2017,31.64
salinity@015,2017,31.91
salinity@015,2017,31.9
salinity@015,2017,31.88
salinity@015,2017,31.87
salinity@015,2017,31.86
salinity@015,2017,31.85
salinity@015,2017,31.84
salinity@015,2017,31.82
salinity@015,2017,31.81
salinity@015,2017,31.8
salinity@015,2017,31.79
salinity@015,2017,31.77
salinity@015,2017,31.76
salinity@015,2017,31.75
salinity@015,2017,31.74
salinity@015,2017,31.73
salinity@015,2017,31.71
salinity@015,2017,31.7
salinity@015,2017,31.69
salinity@015,2017,31.68
salinity@015,2017,31.67
salinity@015,2017,31.92
salinity@015,2017,31.91
salinity@015,2017,31.9
salinity@015,2017,31.88
salinity@015,2017,31.87
salinity@015,2017,31.86
salinity@015,2017,31.85
salinity@015,2017,31.84
salinity@015,2017,31.82
salinity@015,2017,31.81
salinity@015,2017,31.8
salinity@015,2017,31.79
salinity@015,2017,31.77
salinity@015,2017,31.76
salinity@015,2017,31.75
salinity@015,2017,31.74
salinity@015,2017,31.73
salinity@015,2017,31.71
salinity@015,2017,31.7
salinity@015,2017,31.69
salinity@015,2017,31.92
salinity@015,2017,31.91
salinity@015,2017,31.9
salinity@015,2017,31.88
salinity@015,2017,31.87
salinity@015,2017,31.86
salinity@015,2017,31.85
salinity@015,2017,31.84
salinity@015,2017,31.82
salinity@015,2017,31.81
salinity@015,2017,31.8
salinity@015,2017,31.79
salinity@015,2017,31.77
salinity@015,2017,31.76
salinity@015,2017,31.75
salinity@015,2017,31.74
salinity@015,2017,31.73
salinity@015,2017,31.92
salinity@015,2017,31.91
salinity@015,2017,31.9
salinity@015,2017,31.88
salinity@015,2017,31.87
salinity@015,2017,31.86
salinity@015,2017,31.85
salinity@015,2017,31.84
salinity@015,2017,31.82
salinity@015,2017,31.81
salinity@015,2017,31.8
salinity@015,2017,31.79
salinity@015,2017,31.77
salinity@015,2017,31.76
salinity@015,2017,31.75
salinity@015,2017,31.92
salinity@015,2017,31.91
salinity@015,2017,31.9
salinity@015,2017,31.88
salinity@015,2017,31.87
salinity@015,2017,31.86
salinity@015,2017,31.85
salinity@015,2017,31.84
salinity@015,2017,31.82
salinity@015,2017,31.81
salinity@015,2017,31.8
salinity@015,2017,31.79
salinity@015,2017,31.77
salinity@015,2017,31.92
salinity@015,2017,31.91
salinity@015,2017,31.9
salinity@015,2017,31.88
salinity@015,2017,31.87
salinity@015,2017,31.86
salinity@015,2017,31.85
salinity@015,2017,31.84
salinity@015,2017,31.82
salinity@015,2017,31.81
salinity@015,2017,31.92
salinity@015,2017,31.91
salinity@015,2017,31.9
salinity@015,2017,31.88
salinity@015,2017,31.87
salinity@015,2017,31.86
salinity@015,2017,31.85
salinity@015,2017,31.84
salinity@015,2017,31.82
salinity@015,2017,31.92
salinity@015,2017,31.91
salinity@015,2017,31.9
salinity@015,2017,31.88
salinity@015,2017,31.87
salinity@015,2017,31.86
salinity@015,2017,31.85
salinity@015,2017,31.84
salinity@015,2017,31.82
salinity@015,2017,31.92
salinity@015,2017,31.91
salinity@015,2017,31.9
salinity@015,2017,31.88
salinity@015,2017,31.87
salinity@015,2017,31.86
salinity@015,2017,31.85
salinity@015,2017,31.84
salinity@015,2017,31.82
salinity@015,2017,31.92
salinity@015,2017,31.91
salinity@015,2017,31.9
salinity@015,2017,31.88
salinity@015,2017,31.87
salinity@015,2017,31.86
salinity@015,2017,31.85
salinity@015,2017,31.84
salinity@015,2017,31.82
salinity@015,2017,31.93
salinity@015,2017,31.92
salinity@015,2017,31.91
salinity@015,2017,31.9
salinity@015,2017,31.88
salinity@015,2017,31.87
salinity@015,2017,31.86
salinity@015,2017,31.85
salinity@015,2017,31.84
salinity@015,2017,31.82
salinity@015,2017,31.93
salinity@015,2017,31.92
salinity@015,2017,31.91
salinity@015,2017,31.9
salinity@015,2017,31.88
salinity@015,2017,31.87
salinity@015,2017,31.86
salinity@015,2017,31.85
salinity@015,2017,31.84
salinity@015,2017,31.82
salinity@015,2017,31.93
salinity@015,2017,31.92
salinity@015,2017,31.91
salinity@015,2017,31.9
salinity@015,2017,31.88
salinity@015,2017,31.87
salinity@015,2017,31.86
salinity@015,2017,31.85
salinity@015,2017,31.84
salinity@015,2017,31.82
salinity@015,2017,31.94
salinity@015,2017,31.93
salinity@015,2017,31.92
salinity@015,2017,31.91
salinity@015,2017,31.9
salinity@015,2017,31.88
salinity@015,2017,31.87
salinity@015,2017,31.86
salinity@015,2017,31.85
salinity@015,2017,31.84
salinity@015,2017,31.82
salinity@015,2017,31.97
salinity@015,2017,31.96
salinity@015,2017,31.94
salinity@015,2017,31.93
salinity@015,2017,31.92
salinity@015,2017,31.91
salinity@015,2017,31.9
salinity@015,2017,31.88
salinity@015,2017,31.87
salinity@015,2017,31.86
salinity@015,2017,31.85
salinity@015,2017,31.84
salinity@015,2017,31.82
salinity@015,2017,31.99
salinity@015,2017,31.98
salinity@015,2017,31.97
salinity@015,2017,31.96
salinity@015,2017,31.94
salinity@015,2017,31.93
salinity@015,2017,31.92
salinity@015,2017,31.91
salinity@015,2017,31.9
salinity@015,2017,31.88
salinity@015,2017,31.87
salinity@015,2017,31.86
salinity@015,2017,31.85
salinity@015,2017,31.84
salinity@015,2017,31.82
salinity@015,2017,32.02
salinity@015,2017,32
salinity@015,2017,31.99
salinity@015,2017,31.98
salinity@015,2017,31.97
salinity@015,2017,31.96
salinity@015,2017,31.94
salinity@015,2017,31.93
salinity@015,2017,31.92
salinity@015,2017,31.91
salinity@015,2017,31.9
salinity@015,2017,31.88
salinity@015,2017,31.87
salinity@015,2017,31.86
salinity@015,2017,31.85
salinity@015,2017,31.84
salinity@015,2017,31.82
salinity@015,2017,32.04
salinity@015,2017,32.03
salinity@015,2017,32.02
salinity@015,2017,32
salinity@015,2017,31.99
salinity@015,2017,31.98
salinity@015,2017,31.97
salinity@015,2017,31.96
salinity@015,2017,31.94
salinity@015,2017,31.93
salinity@015,2017,31.92
salinity@015,2017,31.91
salinity@015,2017,31.9
salinity@015,2017,31.88
salinity@015,2017,31.87
salinity@015,2017,31.86
salinity@015,2017,31.85
salinity@015,2017,31.84
salinity@015,2017,32.06
salinity@015,2017,32.05
salinity@015,2017,32.04
salinity@015,2017,32.03
salinity@015,2017,32.02
salinity@015,2017,32
salinity@015,2017,31.99
salinity@015,2017,31.98
salinity@015,2017,31.97
salinity@015,2017,31.96
salinity@015,2017,31.94
salinity@015,2017,31.93
salinity@015,2017,31.92
salinity@015,2017,31.91
salinity@015,2017,31.9
salinity@015,2017,31.88
salinity@015,2017,31.87
salinity@015,2017,31.86
salinity@015,2017,31.85
salinity@015,2017,31.84
salinity@015,2017,32.09
salinity@015,2017,32.08
salinity@015,2017,32.06
salinity@015,2017,32.05
salinity@015,2017,32.04
salinity@015,2017,32.03
salinity@015,2017,32.02
salinity@015,2017,32
salinity@015,2017,31.99
salinity@015,2017,31.98
salinity@015,2017,31.97
salinity@015,2017,31.96
salinity@015,2017,31.94
salinity@015,2017,31.93
salinity@015,2017,31.92
salinity@015,2017,31.91
salinity@015,2017,31.9
salinity@015,2017,31.88
salinity@015,2017,31.87
salinity@015,2017,31.86
salinity@015,2017,32.11
salinity@015,2017,32.1
salinity@015,2017,32.09
salinity@015,2017,32.08
salinity@015,2017,32.06
salinity@015,2017,32.05
salinity@015,2017,32.04
salinity@015,2017,32.03
salinity@015,2017,32.02
salinity@015,2017,32
salinity@015,2017,31.99
salinity@015,2017,31.98
salinity@015,2017,31.97
salinity@015,2017,31.96
salinity@015,2017,31.94
salinity@015,2017,31.93
salinity@015,2017,31.92
salinity@015,2017,31.91
salinity@015,2017,31.9
salinity@015,2017,31.88
salinity@015,2017,31.87
salinity@015,2017,32.14
salinity@015,2017,32.13
salinity@015,2017,32.11
salinity@015,2017,32.1
salinity@015,2017,32.09
salinity@015,2017,32.08
salinity@015,2017,32.06
salinity@015,2017,32.05
salinity@015,2017,32.04
salinity@015,2017,32.03
salinity@015,2017,32.02
salinity@015,2017,32
salinity@015,2017,31.99
salinity@015,2017,31.98
salinity@015,2017,31.97
salinity@015,2017,31.96
salinity@015,2017,31.94
salinity@015,2017,31.93
salinity@015,2017,31.92
salinity@015,2017,31.91
salinity@015,2017,31.9
salinity@015,2017,32.16
salinity@015,2017,32.15
salinity@015,2017,32.14
salinity@015,2017,32.13
salinity@015,2017,32.11
salinity@015,2017,32.1
salinity@015,2017,32.09
salinity@015,2017,32.08
salinity@015,2017,32.06
salinity@015,2017,32.05
salinity@015,2017,32.04
salinity@015,2017,32.03
salinity@015,2017,32.02
salinity@015,2017,32
salinity@015,2017,31.99
salinity@015,2017,31.98
salinity@015,2017,31.97
salinity@015,2017,31.96
salinity@015,2017,31.94
salinity@015,2017,31.93
salinity@015,2017,31.92
salinity@015,2017,32.19
salinity@015,2017,32.17
salinity@015,2017,32.16
salinity@015,2017,32.15
salinity@015,2017,32.14
salinity@015,2017,32.13
salinity@015,2017,32.11
salinity@015,2017,32.1
salinity@015,2017,32.09
salinity@015,2017,32.08
salinity@015,2017,32.06
salinity@015,2017,32.05
salinity@015,2017,32.04
salinity@015,2017,32.03
salinity@015,2017,32.02
salinity@015,2017,32
salinity@015,2017,31.99
salinity@015,2017,31.98
salinity@015,2017,31.97
salinity@015,2017,31.96
salinity@015,2017,31.94
salinity@015,2017,32.21
salinity@015,2017,32.2
salinity@015,2017,32.19
salinity@015,2017,32.17
salinity@015,2017,32.16
salinity@015,2017,32.15
salinity@015,2017,32.14
salinity@015,2017,32.13
salinity@015,2017,32.11
salinity@015,2017,32.1
salinity@015,2017,32.09
salinity@015,2017,32.08
salinity@015,2017,32.06
salinity@015,2017,32.05
salinity@015,2017,32.04
salinity@015,2017,32.03
salinity@015,2017,32.02
salinity@015,2017,32
salinity@015,2017,31.99
salinity@015,2017,31.98
salinity@015,2017,31.97
salinity@015,2017,32.22
salinity@015,2017,32.21
salinity@015,2017,32.2
salinity@015,2017,32.19
salinity@015,2017,32.17
salinity@015,2017,32.16
salinity@015,2017,32.15
salinity@015,2017,32.14
salinity@015,2017,32.13
salinity@015,2017,32.11
salinity@015,2017,32.1
salinity@015,2017,32.09
salinity@015,2017,32.08
salinity@015,2017,32.06
salinity@015,2017,32.05
salinity@015,2017,32.04
salinity@015,2017,32.03
salinity@015,2017,32.02
salinity@015,2017,32
salinity@015,2017,31.99
salinity@015,2017,32.23
salinity@015,2017,32.22
salinity@015,2017,32.21
salinity@015,2017,32.2
salinity@015,2017,32.19
salinity@015,2017,32.17
salinity@015,2017,32.16
salinity@015,2017,32.15
salinity@015,2017,32.14
salinity@015,2017,32.13
salinity@015,2017,32.11
salinity@015,2017,32.1
salinity@015,2017,32.09
salinity@015,2017,32.08
salinity@015,2017,32.06
salinity@015,2017,32.05
salinity@015,2017,32.04
salinity@015,2017,32.03
salinity@015,2017,32.02
salinity@015,2017,32.23
salinity@015,2017,32.22
salinity@015,2017,32.21
salinity@015,2017,32.2
salinity@015,2017,32.19
salinity@015,2017,32.17
salinity@015,2017,32.16
salinity@015,2017,32.15
salinity@015,2017,32.14
salinity@015,2017,32.13
salinity@015,2017,32.11
salinity@015,2017,32.1
salinity@015,2017,32.09
salinity@015,2017,32.08
salinity@015,2017,32.06
salinity@015,2017,32.05
salinity@015,2017,32.04
salinity@015,2017,32.23
salinity@015,2017,32.22
salinity@015,2017,32.21
salinity@015,2017,32.2
salinity@015,2017,32.19
salinity@015,2017,32.17
salinity@015,2017,32.16
salinity@015,2017,32.15
salinity@015,2017,32.14
salinity@015,2017,32.13
salinity@015,2017,32.11
salinity@015,2017,32.1
salinity@015,2017,32.09
salinity@015,2017,32.08
salinity@015,2017,32.06
salinity@015,2017,32.23
salinity@015,2017,32.22
salinity@015,2017,32.21
salinity@015,2017,32.2
salinity@015,2017,32.19
salinity@015,2017,32.17
salinity@015,2017,32.16
salinity@015,2017,32.15
salinity@015,2017,32.14
salinity@015,2017,32.13
salinity@015,2017,32.11
salinity@015,2017,32.1
salinity@015,2017,32.09
salinity@015,2017,32.08
salinity@015,2017,32.23
salinity@015,2017,32.22
salinity@015,2017,32.21
salinity@015,2017,32.2
salinity@015,2017,32.19
salinity@015,2017,32.17
salinity@015,2017,32.16
salinity@015,2017,32.15
salinity@015,2017,32.14
salinity@015,2017,32.13
salinity@015,2017,32.11
salinity@015,2017,32.1
salinity@015,2017,32.23
salinity@015,2017,32.22
salinity@015,2017,32.21
salinity@015,2017,32.2
salinity@015,2017,32.19
salinity@015,2017,32.17
salinity@015,2017,32.16
salinity@015,2017,32.15
salinity@015,2017,32.14
salinity@015,2017,32.13
salinity@015,2017,32.11
salinity@015,2017,32.1
salinity@015,2017,32.09
salinity@015,2017,32.22
salinity@015,2017,32.21
salinity@015,2017,32.2
salinity@015,2017,32.19
salinity@015,2017,32.17
salinity@015,2017,32.16
salinity@015,2017,32.15
salinity@015,2017,32.14
salinity@015,2017,32.13
salinity@015,2017,32.11
salinity@015,2017,32.1
salinity@015,2017,32.09
salinity@015,2017,32.21
salinity@015,2017,32.2
salinity@015,2017,32.19
salinity@015,2017,32.17
salinity@015,2017,32.16
salinity@015,2017,32.15
salinity@015,2017,32.14
salinity@015,2017,32.13
salinity@015,2017,32.11
salinity@015,2017,32.1
salinity@015,2017,32.09
salinity@015,2017,32.08
salinity@015,2017,32.2
salinity@015,2017,32.19
salinity@015,2017,32.17
salinity@015,2017,32.16
salinity@015,2017,32.15
salinity@015,2017,32.14
salinity@015,2017,32.13
salinity@015,2017,32.11
salinity@015,2017,32.1
salinity@015,2017,32.09
salinity@015,2017,32.08
salinity@015,2017,32.06
salinity@015,2017,32.19
salinity@015,2017,32.17
salinity@015,2017,32.16
salinity@015,2017,32.15
salinity@015,2017,32.14
salinity@015,2017,32.13
salinity@015,2017,32.11
salinity@015,2017,32.1
salinity@015,2017,32.09
salinity@015,2017,32.08
salinity@015,2017,32.06
salinity@015,2017,32.05
salinity@015,2017,32.17
salinity@015,2017,32.16
salinity@015,2017,32.15
salinity@015,2017,32.14
salinity@015,2017,32.13
salinity@015,2017,32.11
salinity@015,2017,32.1
salinity@015,2017,32.09
salinity@015,2017,32.08
salinity@015,2017,32.06
salinity@015,2017,32.05
salinity@015,2017,32.04
salinity@015,2017,32.17
salinity@015,2017,32.16
salinity@015,2017,32.15
salinity@015,2017,32.14
salinity@015,2017,32.13
salinity@015,2017,32.11
salinity@015,2017,32.1
salinity@015,2017,32.09
salinity@015,2017,32.08
salinity@015,2017,32.06
salinity@015,2017,32.05
salinity@015,2017,32.04
salinity@015,2017,32.03
salinity@015,2017,32.16
salinity@015,2017,32.15
salinity@015,2017,32.14
salinity@015,2017,32.13
salinity@015,2017,32.11
salinity@015,2017,32.1
salinity@015,2017,32.09
salinity@015,2017,32.08
salinity@015,2017,32.06
salinity@015,2017,32.05
salinity@015,2017,32.04
salinity@015,2017,32.03
salinity@015,2017,32.15
salinity@015,2017,32.14
salinity@015,2017,32.13
salinity@015,2017,32.11
salinity@015,2017,32.1
salinity@015,2017,32.09
salinity@015,2017,32.08
salinity@015,2017,32.06
salinity@015,2017,32.05
salinity@015,2017,32.04
salinity@015,2017,32.03
salinity@015,2017,32.02
salinity@015,2017,32.14
salinity@015,2017,32.13
salinity@015,2017,32.11
salinity@015,2017,32.1
salinity@015,2017,32.09
salinity@015,2017,32.08
salinity@015,2017,32.06
salinity@015,2017,32.05
salinity@015,2017,32.04
salinity@015,2017,32.03
salinity@015,2017,32.02
salinity@015,2017,32
salinity@015,2017,32.13
salinity@015,2017,32.11
salinity@015,2017,32.1
salinity@015,2017,32.09
salinity@015,2017,32.08
salinity@015,2017,32.06
salinity@015,2017,32.05
salinity@015,2017,32.04
salinity@015,2017,32.03
salinity@015,2017,32.02
salinity@015,2017,32
salinity@015,2017,32.13
salinity@015,2017,32.11
salinity@015,2017,32.1
salinity@015,2017,32.09
salinity@015,2017,32.08
salinity@015,2017,32.06
salinity@015,2017,32.05
salinity@015,2017,32.04
salinity@015,2017,32.03
salinity@015,2017,32.02
salinity@015,2017,32
salinity@015,2017,32.11
salinity@015,2017,32.1
salinity@015,2017,32.09
salinity@015,2017,32.08
salinity@015,2017,32.06
salinity@015,2017,32.05
salinity@015,2017,32.04
salinity@015,2017,32.03
salinity@015,2017,32.02
salinity@015,2017,32
salinity@015,2017,32.11
salinity@015,2017,32.1
salinity@015,2017,32.09
salinity@015,2017,32.08
salinity@015,2017,32.06
salinity@015,2017,32.05
salinity@015,2017,32.04
salinity@015,2017,32.03
salinity@015,2017,32.02
salinity@015,2017,32.13
salinity@015,2017,32.11
salinity@015,2017,32.1
salinity@015,2017,32.09
salinity@015,2017,32.08
salinity@015,2017,32.06
salinity@015,2017,32.05
salinity@015,2017,32.04
salinity@015,2017,32.03
salinity@015,2017,32.02
salinity@015,2017,32.13
salinity@015,2017,32.11
salinity@015,2017,32.1
salinity@015,2017,32.09
salinity@015,2017,32.08
salinity@015,2017,32.06
salinity@015,2017,32.05
salinity@015,2017,32.04
salinity@015,2017,32.03
salinity@015,2017,32.02
salinity@015,2017,32.13
salinity@015,2017,32.11
salinity@015,2017,32.1
salinity@015,2017,32.09
salinity@015,2017,32.08
salinity@015,2017,32.06
salinity@015,2017,32.05
salinity@015,2017,32.04
salinity@015,2017,32.03
salinity@015,2017,32.02
salinity@015,2017,32.13
salinity@015,2017,32.11
salinity@015,2017,32.1
salinity@015,2017,32.09
salinity@015,2017,32.08
salinity@015,2017,32.06
salinity@015,2017,32.05
salinity@015,2017,32.04
salinity@015,2017,32.03
salinity@015,2017,32.14
salinity@015,2017,32.13
salinity@015,2017,32.11
salinity@015,2017,32.1
salinity@015,2017,32.09
salinity@015,2017,32.08
salinity@015,2017,32.06
salinity@015,2017,32.05
salinity@015,2017,32.04
salinity@015,2017,32.03
salinity@015,2017,32.14
salinity@015,2017,32.13
salinity@015,2017,32.11
salinity@015,2017,32.1
salinity@015,2017,32.09
salinity@015,2017,32.08
salinity@015,2017,32.06
salinity@015,2017,32.05
salinity@015,2017,32.04
salinity@015,2017,32.03
salinity@015,2017,32.14
salinity@015,2017,32.13
salinity@015,2017,32.11
salinity@015,2017,32.1
salinity@015,2017,32.09
salinity@015,2017,32.08
salinity@015,2017,32.06
salinity@015,2017,32.05
salinity@015,2017,32.04
salinity@015,2017,32.03
salinity@015,2017,32.02
salinity@015,2017,32.15
salinity@015,2017,32.14
salinity@015,2017,32.13
salinity@015,2017,32.11
salinity@015,2017,32.1
salinity@015,2017,32.09
salinity@015,2017,32.08
salinity@015,2017,32.06
salinity@015,2017,32.05
salinity@015,2017,32.04
salinity@015,2017,32.03
salinity@015,2017,32.02
salinity@015,2017,32
salinity@015,2017,31.99
salinity@015,2017,32.15
salinity@015,2017,32.14
salinity@015,2017,32.13
salinity@015,2017,32.11
salinity@015,2017,32.1
salinity@015,2017,32.09
salinity@015,2017,32.08
salinity@015,2017,32.06
salinity@015,2017,32.05
salinity@015,2017,32.04
salinity@015,2017,32.03
salinity@015,2017,32.02
salinity@015,2017,32
salinity@015,2017,31.99
salinity@015,2017,31.98
salinity@015,2017,31.97
salinity@015,2017,31.96
salinity@015,2017,32.15
salinity@015,2017,32.14
salinity@015,2017,32.13
salinity@015,2017,32.11
salinity@015,2017,32.1
salinity@015,2017,32.09
salinity@015,2017,32.08
salinity@015,2017,32.06
salinity@015,2017,32.05
salinity@015,2017,32.04
salinity@015,2017,32.03
salinity@015,2017,32.02
salinity@015,2017,32
salinity@015,2017,31.99
salinity@015,2017,31.98
salinity@015,2017,31.97
salinity@015,2017,31.96
salinity@015,2017,31.94
salinity@015,2017,31.93
salinity@015,2017,31.92
salinity@015,2017,32.15
salinity@015,2017,32.14
salinity@015,2017,32.13
salinity@015,2017,32.11
salinity@015,2017,32.1
salinity@015,2017,32.09
salinity@015,2017,32.08
salinity@015,2017,32.06
salinity@015,2017,32.05
salinity@015,2017,32.04
salinity@015,2017,32.03
salinity@015,2017,32.02
salinity@015,2017,32
salinity@015,2017,31.99
salinity@015,2017,31.98
salinity@015,2017,31.97
salinity@015,2017,31.96
salinity@015,2017,31.94
salinity@015,2017,31.93
salinity@015,2017,31.92
salinity@015,2017,31.91
salinity@015,2017,31.9
salinity@015,2017,31.88
salinity@015,2017,32.14
salinity@015,2017,32.13
salinity@015,2017,32.11
salinity@015,2017,32.1
salinity@015,2017,32.09
salinity@015,2017,32.08
salinity@015,2017,32.06
salinity@015,2017,32.05
salinity@015,2017,32.04
salinity@015,2017,32.03
salinity@015,2017,32.02
salinity@015,2017,32
salinity@015,2017,31.99
salinity@015,2017,31.98
salinity@015,2017,31.97
salinity@015,2017,31.96
salinity@015,2017,31.94
salinity@015,2017,31.93
salinity@015,2017,31.92
salinity@015,2017,31.91
salinity@015,2017,31.9
salinity@015,2017,31.88
salinity@015,2017,31.87
salinity@015,2017,31.86
salinity@015,2017,31.85
salinity@015,2017,32.14
salinity@015,2017,32.13
salinity@015,2017,32.11
salinity@015,2017,32.1
salinity@015,2017,32.09
salinity@015,2017,32.08
salinity@015,2017,32.06
salinity@015,2017,32.05
salinity@015,2017,32.04
salinity@015,2017,32.03
salinity@015,2017,32.02
salinity@015,2017,32
salinity@015,2017,31.99
salinity@015,2017,31.98
salinity@015,2017,31.97
salinity@015,2017,31.96
salinity@015,2017,31.94
salinity@015,2017,31.93
salinity@015,2017,31.92
salinity@015,2017,31.91
salinity@015,2017,31.9
salinity@015,2017,31.88
salinity@015,2017,31.87
salinity@015,2017,31.86
salinity@015,2017,31.85
salinity@015,2017,31.84
salinity@015,2017,31.82
salinity@015,2017,31.81
salinity@015,2017,32.11
salinity@015,2017,32.1
salinity@015,2017,32.09
salinity@015,2017,32.08
salinity@015,2017,32.06
salinity@015,2017,32.05
salinity@015,2017,32.04
salinity@015,2017,32.03
salinity@015,2017,32.02
salinity@015,2017,32
salinity@015,2017,31.99
salinity@015,2017,31.98
salinity@015,2017,31.97
salinity@015,2017,31.96
salinity@015,2017,31.94
salinity@015,2017,31.93
salinity@015,2017,31.92
salinity@015,2017,31.91
salinity@015,2017,31.9
salinity@015,2017,31.88
salinity@015,2017,31.87
salinity@015,2017,31.86
salinity@015,2017,31.85
salinity@015,2017,31.84
salinity@015,2017,31.82
salinity@015,2017,31.81
salinity@015,2017,31.8
salinity@015,2017,31.79
salinity@015,2017,31.77
salinity@015,2017,32.09
salinity@015,2017,32.08
salinity@015,2017,32.06
salinity@015,2017,32.05
salinity@015,2017,32.04
salinity@015,2017,32.03
salinity@015,2017,32.02
salinity@015,2017,32
salinity@015,2017,31.99
salinity@015,2017,31.98
salinity@015,2017,31.97
salinity@015,2017,31.96
salinity@015,2017,31.94
salinity@015,2017,31.93
salinity@015,2017,31.92
salinity@015,2017,31.91
salinity@015,2017,31.9
salinity@015,2017,31.88
salinity@015,2017,31.87
salinity@015,2017,31.86
salinity@015,2017,31.85
salinity@015,2017,31.84
salinity@015,2017,31.82
salinity@015,2017,31.81
salinity@015,2017,31.8
salinity@015,2017,31.79
salinity@015,2017,31.77
salinity@015,2017,31.76
salinity@015,2017,31.75
salinity@015,2017,32.05
salinity@015,2017,32.04
salinity@015,2017,32.03
salinity@015,2017,32.02
salinity@015,2017,32
salinity@015,2017,31.99
salinity@015,2017,31.98
salinity@015,2017,31.97
salinity@015,2017,31.96
salinity@015,2017,31.94
salinity@015,2017,31.93
salinity@015,2017,31.92
salinity@015,2017,31.91
salinity@015,2017,31.9
salinity@015,2017,31.88
salinity@015,2017,31.87
salinity@015,2017,31.86
salinity@015,2017,31.85
salinity@015,2017,31.84
salinity@015,2017,31.82
salinity@015,2017,31.81
salinity@015,2017,31.8
salinity@015,2017,31.79
salinity@015,2017,31.77
salinity@015,2017,31.76
salinity@015,2017,31.75
salinity@015,2017,31.74
salinity@015,2017,31.73
salinity@015,2017,31.71
salinity@015,2017,32.02
salinity@015,2017,32
salinity@015,2017,31.99
salinity@015,2017,31.98
salinity@015,2017,31.97
salinity@015,2017,31.96
salinity@015,2017,31.94
salinity@015,2017,31.93
salinity@015,2017,31.92
salinity@015,2017,31.91
salinity@015,2017,31.9
salinity@015,2017,31.88
salinity@015,2017,31.87
salinity@015,2017,31.86
salinity@015,2017,31.85
salinity@015,2017,31.84
salinity@015,2017,31.82
salinity@015,2017,31.81
salinity@015,2017,31.8
salinity@015,2017,31.79
salinity@015,2017,31.77
salinity@015,2017,31.76
salinity@015,2017,31.75
salinity@015,2017,31.74
salinity@015,2017,31.73
salinity@015,2017,31.71
salinity@015,2017,31.7
salinity@015,2017,31.69
salinity@015,2017,31.68
salinity@015,2017,31.98
salinity@015,2017,31.97
salinity@015,2017,31.96
salinity@015,2017,31.94
salinity@015,2017,31.93
salinity@015,2017,31.92
salinity@015,2017,31.91
salinity@015,2017,31.9
salinity@015,2017,31.88
salinity@015,2017,31.87
salinity@015,2017,31.86
salinity@015,2017,31.85
salinity@015,2017,31.84
salinity@015,2017,31.82
salinity@015,2017,31.81
salinity@015,2017,31.8
salinity@015,2017,31.79
salinity@015,2017,31.77
salinity@015,2017,31.76
salinity@015,2017,31.75
salinity@015,2017,31.74
salinity@015,2017,31.73
salinity@015,2017,31.71
salinity@015,2017,31.7
salinity@015,2017,31.69
salinity@015,2017,31.68
salinity@015,2017,31.67
salinity@015,2017,31.65
salinity@015,2017,31.64
salinity@015,2017,31.94
salinity@015,2017,31.93
salinity@015,2017,31.92
salinity@015,2017,31.91
salinity@015,2017,31.9
salinity@015,2017,31.88
salinity@015,2017,31.87
salinity@015,2017,31.86
salinity@015,2017,31.85
salinity@015,2017,31.84
salinity@015,2017,31.82
salinity@015,2017,31.81
salinity@015,2017,31.8
salinity@015,2017,31.79
salinity@015,2017,31.77
salinity@015,2017,31.76
salinity@015,2017,31.75
salinity@015,2017,31.74
salinity@015,2017,31.73
salinity@015,2017,31.71
salinity@015,2017,31.7
salinity@015,2017,31.69
salinity@015,2017,31.68
salinity@015,2017,31.67
salinity@015,2017,31.65
salinity@015,2017,31.64
salinity@015,2017,31.63
salinity@015,2017,31.62
salinity@015,2018,31.91
salinity@015,2018,31.9
salinity@015,2018,31.88
salinity@015,2018,31.87
salinity@015,2018,31.86
salinity@015,2018,31.85
salinity@015,2018,31.84
salinity@015,2018,31.82
salinity@015,2018,31.81
salinity@015,2018,31.8
salinity@015,2018,31.79
salinity@015,2018,31.77
salinity@015,2018,31.76
salinity@015,2018,31.75
salinity@015,2018,31.74
salinity@015,2018,31.73
salinity@015,2018,31.71
salinity@015,2018,31.7
salinity@015,2018,31.69
salinity@015,2018,31.68
salinity@015,2018,31.67
salinity@015,2018,31.65
salinity@015,2018,31.64
salinity@015,2018,31.63
salinity@015,2018,31.62
salinity@015,2018,31.61
salinity@015,2018,31.87
salinity@015,2018,31.86
salinity@015,2018,31.85
salinity@015,2018,31.84
salinity@015,2018,31.82
salinity@015,2018,31.81
salinity@015,2018,31.8
salinity@015,2018,31.79
salinity@015,2018,31.77
salinity@015,2018,31.76
salinity@015,2018,31.75
salinity@015,2018,31.74
salinity@015,2018,31.73
salinity@015,2018,31.71
salinity@015,2018,31.7
salinity@015,2018,31.69
salinity@015,2018,31.68
salinity@015,2018,31.67
salinity@015,2018,31.65
salinity@015,2018,31.64
salinity@015,2018,31.63
salinity@015,2018,31.62
salinity@015,2018,31.61
salinity@015,2018,31.59
salinity@015,2018,31.84
salinity@015,2018,31.82
salinity@015,2018,31.81
salinity@015,2018,31.8
salinity@015,2018,31.79
salinity@015,2018,31.77
salinity@015,2018,31.76
salinity@015,2018,31.75
salinity@015,2018,31.74
salinity@015,2018,31.73
salinity@015,2018,31.71
salinity@015,2018,31.7
salinity@015,2018,31.69
salinity@015,2018,31.68
salinity@015,2018,31.67
salinity@015,2018,31.65
salinity@015,2018,31.64
salinity@015,2018,31.63
salinity@015,2018,31.62
salinity@015,2018,31.61
salinity@015,2018,31.59
salinity@015,2018,31.58
salinity@015,2018,31.81
salinity@015,2018,31.8
salinity@015,2018,31.79
salinity@015,2018,31.77
salinity@015,2018,31.76
salinity@015,2018,31.75
salinity@015,2018,31.74
salinity@015,2018,31.73
salinity@015,2018,31.71
salinity@015,2018,31.7
salinity@015,2018,31.69
salinity@015,2018,31.68
salinity@015,2018,31.67
salinity@015,2018,31.65
salinity@015,2018,31.64
salinity@015,2018,31.63
salinity@015,2018,31.62
salinity@015,2018,31.61
salinity@015,2018,31.59
salinity@015,2018,31.58
salinity@015,2018,31.77
salinity@015,2018,31.76
salinity@015,2018,31.75
salinity@015,2018,31.74
salinity@015,2018,31.73
salinity@015,2018,31.71
salinity@015,2018,31.7
salinity@015,2018,31.69
salinity@015,2018,31.68
salinity@015,2018,31.67
salinity@015,2018,31.65
salinity@015,2018,31.64
salinity@015,2018,31.63
salinity@015,2018,31.62
salinity@015,2018,31.61
salinity@015,2018,31.59
salinity@015,2018,31.74
salinity@015,2018,31.73
salinity@015,2018,31.71
salinity@015,2018,31.7
salinity@015,2018,31.69
salinity@015,2018,31.68
salinity@015,2018,31.67
salinity@015,2018,31.65
salinity@015,2018,31.64
salinity@015,2018,31.63
salinity@015,2018,31.62
salinity@015,2018,31.61
salinity@015,2018,31.59
salinity@015,2018,31.71
salinity@015,2018,31.7
salinity@015,2018,31.69
salinity@015,2018,31.68
salinity@015,2018,31.67
salinity@015,2018,31.65
salinity@015,2018,31.64
salinity@015,2018,31.63
salinity@015,2018,31.62
salinity@015,2018,31.61
salinity@015,2018,31.59
salinity@015,2018,31.71
salinity@015,2018,31.7
salinity@015,2018,31.69
salinity@015,2018,31.68
salinity@015,2018,31.67
salinity@015,2018,31.65
salinity@015,2018,31.64
salinity@015,2018,31.63
salinity@015,2018,31.62
salinity@015,2018,31.61
salinity@015,2018,31.73
salinity@015,2018,31.71
salinity@015,2018,31.7
salinity@015,2018,31.69
salinity@015,2018,31.68
salinity@015,2018,31.67
salinity@015,2018,31.65
salinity@015,2018,31.64
salinity@015,2018,31.63
salinity@015,2018,31.62
salinity@015,2018,31.61
salinity@015,2018,31.73
salinity@015,2018,31.71
salinity@015,2018,31.7
salinity@015,2018,31.69
salinity@015,2018,31.68
salinity@015,2018,31.67
salinity@015,2018,31.65
salinity@015,2018,31.64
salinity@015,2018,31.63
salinity@015,2018,31.62
salinity@015,2018,31.74
salinity@015,2018,31.73
salinity@015,2018,31.71
salinity@015,2018,31.7
salinity@015,2018,31.69
salinity@015,2018,31.68
salinity@015,2018,31.67
salinity@015,2018,31.65
salinity@015,2018,31.64
salinity@015,2018,31.63
salinity@015,2018,31.62
salinity@015,2018,31.74
salinity@015,2018,31.73
salinity@015,2018,31.71
salinity@015,2018,31.7
salinity@015,2018,31.69
salinity@015,2018,31.68
salinity@015,2018,31.67
salinity@015,2018,31.65
salinity@015,2018,31.64
salinity@015,2018,31.63
salinity@015,2018,31.76
salinity@015,2018,31.75
salinity@015,2018,31.74
salinity@015,2018,31.73
salinity@015,2018,31.71
salinity@015,2018,31.7
salinity@015,2018,31.69
salinity@015,2018,31.68
salinity@015,2018,31.67
salinity@015,2018,31.65
salinity@015,2018,31.64
salinity@015,2018,31.63
salinity@015,2018,31.81
salinity@015,2018,31.8
salinity@015,2018,31.79
salinity@015,2018,31.77
salinity@015,2018,31.76
salinity@015,2018,31.75
salinity@015,2018,31.74
salinity@015,2018,31.73
salinity@015,2018,31.71
salinity@015,2018,31.7
salinity@015,2018,31.69
salinity@015,2018,31.68
salinity@015,2018,31.67
salinity@015,2018,31.65
salinity@015,2018,31.64
salinity@015,2018,31.86
salinity@015,2018,31.85
salinity@015,2018,31.84
salinity@015,2018,31.82
salinity@015,2018,31.81
salinity@015,2018,31.8
salinity@015,2018,31.79
salinity@015,2018,31.77
salinity@015,2018,31.76
salinity@015,2018,31.75
salinity@015,2018,31.74
salinity@015,2018,31.73
salinity@015,2018,31.71
salinity@015,2018,31.7
salinity@015,2018,31.69
salinity@015,2018,31.68
salinity@015,2018,31.67
salinity@015,2018,31.65
salinity@015,2018,31.64
salinity@015,2018,31.91
salinity@015,2018,31.9
salinity@015,2018,31.88
salinity@015,2018,31.87
salinity@015,2018,31.86
salinity@015,2018,31.85
salinity@015,2018,31.84
salinity@015,2018,31.82
salinity@015,2018,31.81
salinity@015,2018,31.8
salinity@015,2018,31.79
salinity@015,2018,31.77
salinity@015,2018,31.76
salinity@015,2018,31.75
salinity@015,2018,31.74
salinity@015,2018,31.73
salinity@015,2018,31.71
salinity@015,2018,31.7
salinity@015,2018,31.69
salinity@015,2018,31.68
salinity@015,2018,31.67
salinity@015,2018,31.65
salinity@015,2018,31.96
salinity@015,2018,31.94
salinity@015,2018,31.93
salinity@015,2018,31.92
salinity@015,2018,31.91
salinity@015,2018,31.9
salinity@015,2018,31.88
salinity@015,2018,31.87
salinity@015,2018,31.86
salinity@015,2018,31.85
salinity@015,2018,31.84
salinity@015,2018,31.82
salinity@015,2018,31.81
salinity@015,2018,31.8
salinity@015,2018,31.79
salinity@015,2018,31.77
salinity@015,2018,31.76
salinity@015,2018,31.75
salinity@015,2018,31.74
salinity@015,2018,31.73
salinity@015,2018,31.71
salinity@015,2018,31.7
salinity@015,2018,31.69
salinity@015,2018,31.68
salinity@015,2018,31.67
salinity@015,2018,31.65
salinity@015,2018,32
salinity@015,2018,31.99
salinity@015,2018,31.98
salinity@015,2018,31.97
salinity@015,2018,31.96
salinity@015,2018,31.94
salinity@015,2018,31.93
salinity@015,2018,31.92
salinity@015,2018,31.91
salinity@015,2018,31.9
salinity@015,2018,31.88
salinity@015,2018,31.87
salinity@015,2018,31.86
salinity@015,2018,31.85
salinity@015,2018,31.84
salinity@015,2018,31.82
salinity@015,2018,31.81
salinity@015,2018,31.8
salinity@015,2018,31.79
salinity@015,2018,31.77
salinity@015,2018,31.76
salinity@015,2018,31.75
salinity@015,2018,31.74
salinity@015,2018,31.73
salinity@015,2018,31.71
salinity@015,2018,31.7
salinity@015,2018,31.69
salinity@015,2018,31.68
salinity@015,2018,31.67
salinity@015,2018,32.05
salinity@015,2018,32.04
salinity@015,2018,32.03
salinity@015,2018,32.02
salinity@015,2018,32
salinity@015,2018,31.99
salinity@015,2018,31.98
salinity@015,2018,31.97
salinity@015,2018,31.96
salinity@015,2018,31.94
salinity@015,2018,31.93
salinity@015,2018,31.92
salinity@015,2018,31.91
salinity@015,2018,31.9
salinity@015,2018,31.88
salinity@015,2018,31.87
salinity@015,2018,31.86
salinity@015,2018,31.85
salinity@015,2018,31.84
salinity@015,2018,31.82
salinity@015,2018,31.81
salinity@015,2018,31.8
salinity@015,2018,31.79
salinity@015,2018,31.77
salinity@015,2018,31.76
salinity@015,2018,31.75
salinity@015,2018,31.74
salinity@015,2018,31.73
salinity@015,2018,31.71
salinity@015,2018,31.7
salinity@015,2018,31.69
salinity@015,2018,31.68
salinity@015,2018,31.67
salinity@015,2018,32.09
salinity@015,2018,32.08
salinity@015,2018,32.06
salinity@015,2018,32.05
salinity@015,2018,32.04
salinity@015,2018,32.03
salinity@015,2018,32.02
salinity@015,2018,32
salinity@015,2018,31.99
salinity@015,2018,31.98
salinity@015,2018,31.97
salinity@015,2018,31.96
salinity@015,2018,31.94
salinity@015,2018,31.93
salinity@015,2018,31.92
salinity@015,2018,31.91
salinity@015,2018,31.9
salinity@015,2018,31.88
salinity@015,2018,31.87
salinity@015,2018,31.86
salinity@015,2018,31.85
salinity@015,2018,31.84
salinity@015,2018,31.82
salinity@015,2018,31.81
salinity@015,2018,31.8
salinity@015,2018,31.79
salinity@015,2018,31.77
salinity@015,2018,31.76
salinity@015,2018,31.75
salinity@015,2018,31.74
salinity@015,2018,31.73
salinity@015,2018,31.71
salinity@015,2018,31.7
salinity@015,2018,31.69
salinity@015,2018,31.68
salinity@015,2018,32.14
salinity@015,2018,32.13
salinity@015,2018,32.11
salinity@015,2018,32.1
salinity@015,2018,32.09
salinity@015,2018,32.08
salinity@015,2018,32.06
salinity@015,2018,32.05
salinity@015,2018,32.04
salinity@015,2018,32.03
salinity@015,2018,32.02
salinity@015,2018,32
salinity@015,2018,31.99
salinity@015,2018,31.98
salinity@015,2018,31.97
salinity@015,2018,31.96
salinity@015,2018,31.94
salinity@015,2018,31.93
salinity@015,2018,31.92
salinity@015,2018,31.91
salinity@015,2018,31.9
salinity@015,2018,31.88
salinity@015,2018,31.87
salinity@015,2018,31.86
salinity@015,2018,31.85
salinity@015,2018,31.84
salinity@015,2018,31.82
salinity@015,2018,31.81
salinity@015,2018,31.8
salinity@015,2018,31.79
salinity@015,2018,31.77
salinity@015,2018,31.76
salinity@015,2018,31.75
salinity@015,2018,31.74
salinity@015,2018,31.73
salinity@015,2018,31.71
salinity@015,2018,31.7
salinity@015,2018,31.69
salinity@015,2018,32.19
salinity@015,2018,32.17
salinity@015,2018,32.16
salinity@015,2018,32.15
salinity@015,2018,32.14
salinity@015,2018,32.13
salinity@015,2018,32.11
salinity@015,2018,32.1
salinity@015,2018,32.09
salinity@015,2018,32.08
salinity@015,2018,32.06
salinity@015,2018,32.05
salinity@015,2018,32.04
salinity@015,2018,32.03
salinity@015,2018,32.02
salinity@015,2018,32
salinity@015,2018,31.99
salinity@015,2018,31.98
salinity@015,2018,31.97
salinity@015,2018,31.96
salinity@015,2018,31.94
salinity@015,2018,31.93
salinity@015,2018,31.92
salinity@015,2018,31.91
salinity@015,2018,31.9
salinity@015,2018,31.88
salinity@015,2018,31.87
salinity@015,2018,31.86
salinity@015,2018,31.85
salinity@015,2018,31.84
salinity@015,2018,31.82
salinity@015,2018,31.81
salinity@015,2018,31.8
salinity@015,2018,31.79
salinity@015,2018,31.77
salinity@015,2018,31.76
salinity@015,2018,31.75
salinity@015,2018,31.74
salinity@015,2018,32.23
salinity@015,2018,32.22
salinity@015,2018,32.21
salinity@015,2018,32.2
salinity@015,2018,32.19
salinity@015,2018,32.17
salinity@015,2018,32.16
salinity@015,2018,32.15
salinity@015,2018,32.14
salinity@015,2018,32.13
salinity@015,2018,32.11
salinity@015,2018,32.1
salinity@015,2018,32.09
salinity@015,2018,32.08
salinity@015,2018,32.06
salinity@015,2018,32.05
salinity@015,2018,32.04
salinity@015,2018,32.03
salinity@015,2018,32.02
salinity@015,2018,32
salinity@015,2018,31.99
salinity@015,2018,31.98
salinity@015,2018,31.97
salinity@015,2018,31.96
salinity@015,2018,31.94
salinity@015,2018,31.93
salinity@015,2018,31.92
salinity@015,2018,31.91
salinity@015,2018,31.9
salinity@015,2018,31.88
salinity@015,2018,31.87
salinity@015,2018,31.86
salinity@015,2018,31.85
salinity@015,2018,31.84
salinity@015,2018,31.82
salinity@015,2018,31.81
salinity@015,2018,31.8
salinity@015,2018,31.79
salinity@015,2018,31.77
salinity@015,2018,32.28
salinity@015,2018,32.27
salinity@015,2018,32.26
salinity@015,2018,32.25
salinity@015,2018,32.23
salinity@015,2018,32.22
salinity@015,2018,32.21
salinity@015,2018,32.2
salinity@015,2018,32.19
salinity@015,2018,32.17
salinity@015,2018,32.16
salinity@015,2018,32.15
salinity@015,2018,32.14
salinity@015,2018,32.13
salinity@015,2018,32.11
salinity@015,2018,32.1
salinity@015,2018,32.09
salinity@015,2018,32.08
salinity@015,2018,32.06
salinity@015,2018,32.05
salinity@015,2018,32.04
salinity@015,2018,32.03
salinity@015,2018,32.02
salinity@015,2018,32
salinity@015,2018,31.99
salinity@015,2018,31.98
salinity@015,2018,31.97
salinity@015,2018,31.96
salinity@015,2018,31.94
salinity@015,2018,31.93
salinity@015,2018,31.92
salinity@015,2018,31.91
salinity@015,2018,31.9
salinity@015,2018,31.88
salinity@015,2018,31.87
salinity@015,2018,31.86
salinity@015,2018,31.85
salinity@015,2018,31.84
salinity@015,2018,31.82
salinity@015,2018,32.33
salinity@015,2018,32.32
salinity@015,2018,32.31
salinity@015,2018,32.29
salinity@015,2018,32.28
salinity@015,2018,32.27
salinity@015,2018,32.26
salinity@015,2018,32.25
salinity@015,2018,32.23
salinity@015,2018,32.22
salinity@015,2018,32.21
salinity@015,2018,32.2
salinity@015,2018,32.19
salinity@015,2018,32.17
salinity@015,2018,32.16
salinity@015,2018,32.15
salinity@015,2018,32.14
salinity@015,2018,32.13
salinity@015,2018,32.11
salinity@015,2018,32.1
salinity@015,2018,32.09
salinity@015,2018,32.08
salinity@015,2018,32.06
salinity@015,2018,32.05
salinity@015,2018,32.04
salinity@015,2018,32.03
salinity@015,2018,32.02
salinity@015,2018,32
salinity@015,2018,31.99
salinity@015,2018,31.98
salinity@015,2018,31.97
salinity@015,2018,31.96
salinity@015,2018,31.94
salinity@015,2018,31.93
salinity@015,2018,31.92
salinity@015,2018,31.91
salinity@015,2018,31.9
salinity@015,2018,31.88
salinity@015,2018,31.87
salinity@015,2018,32.37
salinity@015,2018,32.36
salinity@015,2018,32.34
salinity@015,2018,32.33
salinity@015,2018,32.32
salinity@015,2018,32.31
salinity@015,2018,32.29
salinity@015,2018,32.28
salinity@015,2018,32.27
salinity@015,2018,32.26
salinity@015,2018,32.25
salinity@015,2018,32.23
salinity@015,2018,32.22
salinity@015,2018,32.21
salinity@015,2018,32.2
salinity@015,2018,32.19
salinity@015,2018,32.17
salinity@015,2018,32.16
salinity@015,2018,32.15
salinity@015,2018,32.14
salinity@015,2018,32.13
salinity@015,2018,32.11
salinity@015,2018,32.1
salinity@015,2018,32.09
salinity@015,2018,32.08
salinity@015,2018,32.06
salinity@015,2018,32.05
salinity@015,2018,32.04
salinity@015,2018,32.03
salinity@015,2018,32.02
salinity@015,2018,32
salinity@015,2018,31.99
salinity@015,2018,31.98
salinity@015,2018,31.97
salinity@015,2018,31.96
salinity@015,2018,31.94
salinity@015,2018,31.93
salinity@015,2018,31.92
salinity@015,2018,32.39
salinity@015,2018,32.38
salinity@015,2018,32.37
salinity@015,2018,32.36
salinity@015,2018,32.34
salinity@015,2018,32.33
salinity@015,2018,32.32
salinity@015,2018,32.31
salinity@015,2018,32.29
salinity@015,2018,32.28
salinity@015,2018,32.27
salinity@015,2018,32.26
salinity@015,2018,32.25
salinity@015,2018,32.23
salinity@015,2018,32.22
salinity@015,2018,32.21
salinity@015,2018,32.2
salinity@015,2018,32.19
salinity@015,2018,32.17
salinity@015,2018,32.16
salinity@015,2018,32.15
salinity@015,2018,32.14
salinity@015,2018,32.13
salinity@015,2018,32.11
salinity@015,2018,32.1
salinity@015,2018,32.09
salinity@015,2018,32.08
salinity@015,2018,32.06
salinity@015,2018,32.05
salinity@015,2018,32.04
salinity@015,2018,32.03
salinity@015,2018,32.02
salinity@015,2018,32
salinity@015,2018,31.99
salinity@015,2018,31.98
salinity@015,2018,31.97
salinity@015,2018,32.4
salinity@015,2018,32.39
salinity@015,2018,32.38
salinity@015,2018,32.37
salinity@015,2018,32.36
salinity@015,2018,32.34
salinity@015,2018,32.33
salinity@015,2018,32.32
salinity@015,2018,32.31
salinity@015,2018,32.29
salinity@015,2018,32.28
salinity@015,2018,32.27
salinity@015,2018,32.26
salinity@015,2018,32.25
salinity@015,2018,32.23
salinity@015,2018,32.22
salinity@015,2018,32.21
salinity@015,2018,32.2
salinity@015,2018,32.19
salinity@015,2018,32.17
salinity@015,2018,32.16
salinity@015,2018,32.15
salinity@015,2018,32.14
salinity@015,2018,32.13
salinity@015,2018,32.11
salinity@015,2018,32.1
salinity@015,2018,32.09
salinity@015,2018,32.08
salinity@015,2018,32.06
salinity@015,2018,32.05
salinity@015,2018,32.04
salinity@015,2018,32.03
salinity@015,2018,32.02
salinity@015,2018,32.42
salinity@015,2018,32.4
salinity@015,2018,32.39
salinity@015,2018,32.38
salinity@015,2018,32.37
salinity@015,2018,32.36
salinity@015,2018,32.34
salinity@015,2018,32.33
salinity@015,2018,32.32
salinity@015,2018,32.31
salinity@015,2018,32.29
salinity@015,2018,32.28
salinity@015,2018,32.27
salinity@015,2018,32.26
salinity@015,2018,32.25
salinity@015,2018,32.23
salinity@015,2018,32.22
salinity@015,2018,32.21
salinity@015,2018,32.2
salinity@015,2018,32.19
salinity@015,2018,32.17
salinity@015,2018,32.16
salinity@015,2018,32.15
salinity@015,2018,32.14
salinity@015,2018,32.13
salinity@015,2018,32.11
salinity@015,2018,32.1
salinity@015,2018,32.09
salinity@015,2018,32.08
salinity@015,2018,32.06
salinity@015,2018,32.44
salinity@015,2018,32.43
salinity@015,2018,32.42
salinity@015,2018,32.4
salinity@015,2018,32.39
salinity@015,2018,32.38
salinity@015,2018,32.37
salinity@015,2018,32.36
salinity@015,2018,32.34
salinity@015,2018,32.33
salinity@015,2018,32.32
salinity@015,2018,32.31
salinity@015,2018,32.29
salinity@015,2018,32.28
salinity@015,2018,32.27
salinity@015,2018,32.26
salinity@015,2018,32.25
salinity@015,2018,32.23
salinity@015,2018,32.22
salinity@015,2018,32.21
salinity@015,2018,32.2
salinity@015,2018,32.19
salinity@015,2018,32.17
salinity@015,2018,32.16
salinity@015,2018,32.15
salinity@015,2018,32.14
salinity@015,2018,32.13
salinity@015,2018,32.11
salinity@015,2018,32.45
salinity@015,2018,32.44
salinity@015,2018,32.43
salinity@015,2018,32.42
salinity@015,2018,32.4
salinity@015,2018,32.39
salinity@015,2018,32.38
salinity@015,2018,32.37
salinity@015,2018,32.36
salinity@015,2018,32.34
salinity@015,2018,32.33
salinity@015,2018,32.32
salinity@015,2018,32.31
salinity@015,2018,32.29
salinity@015,2018,32.28
salinity@015,2018,32.27
salinity@015,2018,32.26
salinity@015,2018,32.25
salinity@015,2018,32.23
salinity@015,2018,32.22
salinity@015,2018,32.21
salinity@015,2018,32.2
salinity@015,2018,32.19
salinity@015,2018,32.17
salinity@015,2018,32.16
salinity@015,2018,32.46
salinity@015,2018,32.45
salinity@015,2018,32.44
salinity@015,2018,32.43
salinity@015,2018,32.42
salinity@015,2018,32.4
salinity@015,2018,32.39
salinity@015,2018,32.38
salinity@015,2018,32.37
salinity@015,2018,32.36
salinity@015,2018,32.34
salinity@015,2018,32.33
salinity@015,2018,32.32
salinity@015,2018,32.31
salinity@015,2018,32.29
salinity@015,2018,32.28
salinity@015,2018,32.27
salinity@015,2018,32.26
salinity@015,2018,32.25
salinity@015,2018,32.23
salinity@015,2018,32.22
salinity@015,2018,32.21
salinity@015,2018,32.49
salinity@015,2018,32.48
salinity@015,2018,32.46
salinity@015,2018,32.45
salinity@015,2018,32.44
salinity@015,2018,32.43
salinity@015,2018,32.42
salinity@015,2018,32.4
salinity@015,2018,32.39
salinity@015,2018,32.38
salinity@015,2018,32.37
salinity@015,2018,32.36
salinity@015,2018,32.34
salinity@015,2018,32.33
salinity@015,2018,32.32
salinity@015,2018,32.31
salinity@015,2018,32.29
salinity@015,2018,32.28
salinity@015,2018,32.27
salinity@015,2018,32.26
salinity@015,2018,32.5
salinity@015,2018,32.49
salinity@015,2018,32.48
salinity@015,2018,32.46
salinity@015,2018,32.45
salinity@015,2018,32.44
salinity@015,2018,32.43
salinity@015,2018,32.42
salinity@015,2018,32.4
salinity@015,2018,32.39
salinity@015,2018,32.38
salinity@015,2018,32.37
salinity@015,2018,32.36
salinity@015,2018,32.34
salinity@015,2018,32.33
salinity@015,2018,32.32
salinity@015,2018,32.31
salinity@015,2018,32.51
salinity@015,2018,32.5
salinity@015,2018,32.49
salinity@015,2018,32.48
salinity@015,2018,32.46
salinity@015,2018,32.45
salinity@015,2018,32.44
salinity@015,2018,32.43
salinity@015,2018,32.42
salinity@015,2018,32.4
salinity@015,2018,32.39
salinity@015,2018,32.38
salinity@015,2018,32.37
salinity@015,2018,32.36
salinity@015,2018,32.34
salinity@015,2018,32.33
salinity@015,2018,32.54
salinity@015,2018,32.52
salinity@015,2018,32.51
salinity@015,2018,32.5
salinity@015,2018,32.49
salinity@015,2018,32.48
salinity@015,2018,32.46
salinity@015,2018,32.45
salinity@015,2018,32.44
salinity@015,2018,32.43
salinity@015,2018,32.42
salinity@015,2018,32.4
salinity@015,2018,32.39
salinity@015,2018,32.38
salinity@015,2018,32.37
salinity@015,2018,32.36
salinity@015,2018,32.55
salinity@015,2018,32.54
salinity@015,2018,32.52
salinity@015,2018,32.51
salinity@015,2018,32.5
salinity@015,2018,32.49
salinity@015,2018,32.48
salinity@015,2018,32.46
salinity@015,2018,32.45
salinity@015,2018,32.44
salinity@015,2018,32.43
salinity@015,2018,32.42
salinity@015,2018,32.4
salinity@015,2018,32.39
salinity@015,2018,32.38
salinity@015,2018,32.37
salinity@015,2018,32.56
salinity@015,2018,32.55
salinity@015,2018,32.54
salinity@015,2018,32.52
salinity@015,2018,32.51
salinity@015,2018,32.5
salinity@015,2018,32.49
salinity@015,2018,32.48
salinity@015,2018,32.46
salinity@015,2018,32.45
salinity@015,2018,32.44
salinity@015,2018,32.43
salinity@015,2018,32.42
salinity@015,2018,32.4
salinity@015,2018,32.39
salinity@015,2018,32.38
salinity@015,2018,32.58
salinity@015,2018,32.57
salinity@015,2018,32.56
salinity@015,2018,32.55
salinity@015,2018,32.54
salinity@015,2018,32.52
salinity@015,2018,32.51
salinity@015,2018,32.5
salinity@015,2018,32.49
salinity@015,2018,32.48
salinity@015,2018,32.46
salinity@015,2018,32.45
salinity@015,2018,32.44
salinity@015,2018,32.43
salinity@015,2018,32.42
salinity@015,2018,32.4
salinity@015,2018,32.6
salinity@015,2018,32.58
salinity@015,2018,32.57
salinity@015,2018,32.56
salinity@015,2018,32.55
salinity@015,2018,32.54
salinity@015,2018,32.52
salinity@015,2018,32.51
salinity@015,2018,32.5
salinity@015,2018,32.49
salinity@015,2018,32.48
salinity@015,2018,32.46
salinity@015,2018,32.45
salinity@015,2018,32.44
salinity@015,2018,32.43
salinity@015,2018,32.42
salinity@015,2018,32.61
salinity@015,2018,32.6
salinity@015,2018,32.58
salinity@015,2018,32.57
salinity@015,2018,32.56
salinity@015,2018,32.55
salinity@015,2018,32.54
salinity@015,2018,32.52
salinity@015,2018,32.51
salinity@015,2018,32.5
salinity@015,2018,32.49
salinity@015,2018,32.48
salinity@015,2018,32.46
salinity@015,2018,32.45
salinity@015,2018,32.44
salinity@015,2018,32.43
salinity@015,2018,32.63
salinity@015,2018,32.62
salinity@015,2018,32.61
salinity@015,2018,32.6
salinity@015,2018,32.58
salinity@015,2018,32.57
salinity@015,2018,32.56
salinity@015,2018,32.55
salinity@015,2018,32.54
salinity@015,2018,32.52
salinity@015,2018,32.51
salinity@015,2018,32.5
salinity@015,2018,32.49
salinity@015,2018,32.48
salinity@015,2018,32.46
salinity@015,2018,32.45
salinity@015,2018,32.65
salinity@015,2018,32.63
salinity@015,2018,32.62
salinity@015,2018,32.61
salinity@015,2018,32.6
salinity@015,2018,32.58
salinity@015,2018,32.57
salinity@015,2018,32.56
salinity@015,2018,32.55
salinity@015,2018,32.54
salinity@015,2018,32.52
salinity@015,2018,32.51
salinity@015,2018,32.5
salinity@015,2018,32.49
salinity@015,2018,32.48
salinity@015,2018,32.46
salinity@015,2018,32.67
salinity@015,2018,32.66
salinity@015,2018,32.65
salinity@015,2018,32.63
salinity@015,2018,32.62
salinity@015,2018,32.61
salinity@015,2018,32.6
salinity@015,2018,32.58
salinity@015,2018,32.57
salinity@015,2018,32.56
salinity@015,2018,32.55
salinity@015,2018,32.54
salinity@015,2018,32.52
salinity@015,2018,32.51
salinity@015,2018,32.5
salinity@015,2018,32.49
salinity@015,2018,32.48
salinity@015,2018,32.68
salinity@015,2018,32.67
salinity@015,2018,32.66
salinity@015,2018,32.65
salinity@015,2018,32.63
salinity@015,2018,32.62
salinity@015,2018,32.61
salinity@015,2018,32.6
salinity@015,2018,32.58
salinity@015,2018,32.57
salinity@015,2018,32.56
salinity@015,2018,32.55
salinity@015,2018,32.54
salinity@015,2018,32.52
salinity@015,2018,32.51
salinity@015,2018,32.5
salinity@015,2018,32.71
salinity@015,2018,32.69
salinity@015,2018,32.68
salinity@015,2018,32.67
salinity@015,2018,32.66
salinity@015,2018,32.65
salinity@015,2018,32.63
salinity@015,2018,32.62
salinity@015,2018,32.61
salinity@015,2018,32.6
salinity@015,2018,32.58
salinity@015,2018,32.57
salinity@015,2018,32.56
salinity@015,2018,32.55
salinity@015,2018,32.54
salinity@015,2018,32.52
salinity@015,2018,32.51
salinity@015,2018,32.72
salinity@015,2018,32.71
salinity@015,2018,32.69
salinity@015,2018,32.68
salinity@015,2018,32.67
salinity@015,2018,32.66
salinity@015,2018,32.65
salinity@015,2018,32.63
salinity@015,2018,32.62
salinity@015,2018,32.61
salinity@015,2018,32.6
salinity@015,2018,32.58
salinity@015,2018,32.57
salinity@015,2018,32.56
salinity@015,2018,32.55
salinity@015,2018,32.54
salinity@015,2018,32.52
salinity@015,2018,32.74
salinity@015,2018,32.73
salinity@015,2018,32.72
salinity@015,2018,32.71
salinity@015,2018,32.69
salinity@015,2018,32.68
salinity@015,2018,32.67
salinity@015,2018,32.66
salinity@015,2018,32.65
salinity@015,2018,32.63
salinity@015,2018,32.62
salinity@015,2018,32.61
salinity@015,2018,32.6
salinity@015,2018,32.58
salinity@015,2018,32.57
salinity@015,2018,32.56
salinity@015,2018,32.55
salinity@015,2018,32.75
salinity@015,2018,32.74
salinity@015,2018,32.73
salinity@015,2018,32.72
salinity@015,2018,32.71
salinity@015,2018,32.69
salinity@015,2018,32.68
salinity@015,2018,32.67
salinity@015,2018,32.66
salinity@015,2018,32.65
salinity@015,2018,32.63
salinity@015,2018,32.62
salinity@015,2018,32.61
salinity@015,2018,32.6
salinity@015,2018,32.58
salinity@015,2018,32.57
salinity@015,2018,32.56
salinity@015,2018,32.78
salinity@015,2018,32.77
salinity@015,2018,32.75
salinity@015,2018,32.74
salinity@015,2018,32.73
salinity@015,2018,32.72
salinity@015,2018,32.71
salinity@015,2018,32.69
salinity@015,2018,32.68
salinity@015,2018,32.67
salinity@015,2018,32.66
salinity@015,2018,32.65
salinity@015,2018,32.63
salinity@015,2018,32.62
salinity@015,2018,32.61
salinity@015,2018,32.6
salinity@015,2018,32.58
salinity@015,2018,32.79
salinity@015,2018,32.78
salinity@015,2018,32.77
salinity@015,2018,32.75
salinity@015,2018,32.74
salinity@015,2018,32.73
salinity@015,2018,32.72
salinity@015,2018,32.71
salinity@015,2018,32.69
salinity@015,2018,32.68
salinity@015,2018,32.67
salinity@015,2018,32.66
salinity@015,2018,32.65
salinity@015,2018,32.63
salinity@015,2018,32.62
salinity@015,2018,32.61
salinity@015,2018,32.6
salinity@015,2018,32.81
salinity@015,2018,32.8
salinity@015,2018,32.79
salinity@015,2018,32.78
salinity@015,2018,32.77
salinity@015,2018,32.75
salinity@015,2018,32.74
salinity@015,2018,32.73
salinity@015,2018,32.72
salinity@015,2018,32.71
salinity@015,2018,32.69
salinity@015,2018,32.68
salinity@015,2018,32.67
salinity@015,2018,32.66
salinity@015,2018,32.65
salinity@015,2018,32.63
salinity@015,2018,32.62
salinity@015,2018,32.83
salinity@015,2018,32.81
salinity@015,2018,32.8
salinity@015,2018,32.79
salinity@015,2018,32.78
salinity@015,2018,32.77
salinity@015,2018,32.75
salinity@015,2018,32.74
salinity@015,2018,32.73
salinity@015,2018,32.72
salinity@015,2018,32.71
salinity@015,2018,32.69
salinity@015,2018,32.68
salinity@015,2018,32.67
salinity@015,2018,32.66
salinity@015,2018,32.65
salinity@015,2018,32.63
salinity@015,2018,32.83
salinity@015,2018,32.81
salinity@015,2018,32.8
salinity@015,2018,32.79
salinity@015,2018,32.78
salinity@015,2018,32.77
salinity@015,2018,32.75
salinity@015,2018,32.74
salinity@015,2018,32.73
salinity@015,2018,32.72
salinity@015,2018,32.71
salinity@015,2018,32.69
salinity@015,2018,32.68
salinity@015,2018,32.67
salinity@015,2018,32.66
salinity@015,2018,32.84
salinity@015,2018,32.83
salinity@015,2018,32.81
salinity@015,2018,32.8
salinity@015,2018,32.79
salinity@015,2018,32.78
salinity@015,2018,32.77
salinity@015,2018,32.75
salinity@015,2018,32.74
salinity@015,2018,32.73
salinity@015,2018,32.72
salinity@015,2018,32.71
salinity@015,2018,32.69
salinity@015,2018,32.68
salinity@015,2018,32.67
salinity@015,2018,32.84
salinity@015,2018,32.83
salinity@015,2018,32.81
salinity@015,2018,32.8
salinity@015,2018,32.79
salinity@015,2018,32.78
salinity@015,2018,32.77
salinity@015,2018,32.75
salinity@015,2018,32.74
salinity@015,2018,32.73
salinity@015,2018,32.72
salinity@015,2018,32.71
salinity@015,2018,32.69
salinity@015,2018,32.84
salinity@015,2018,32.83
salinity@015,2018,32.81
salinity@015,2018,32.8
salinity@015,2018,32.79
salinity@015,2018,32.78
salinity@015,2018,32.77
salinity@015,2018,32.75
salinity@015,2018,32.74
salinity@015,2018,32.73
salinity@015,2018,32.72
salinity@015,2018,32.71
salinity@015,2018,32.84
salinity@015,2018,32.83
salinity@015,2018,32.81
salinity@015,2018,32.8
salinity@015,2018,32.79
salinity@015,2018,32.78
salinity@015,2018,32.77
salinity@015,2018,32.75
salinity@015,2018,32.74
salinity@015,2018,32.73
salinity@015,2018,32.72
salinity@015,2018,32.71
salinity@015,2018,32.83
salinity@015,2018,32.81
salinity@015,2018,32.8
salinity@015,2018,32.79
salinity@015,2018,32.78
salinity@015,2018,32.77
salinity@015,2018,32.75
salinity@015,2018,32.74
salinity@015,2018,32.73
salinity@015,2018,32.72
salinity@015,2018,32.71
salinity@015,2018,32.69
salinity@015,2018,32.81
salinity@015,2018,32.8
salinity@015,2018,32.79
salinity@015,2018,32.78
salinity@015,2018,32.77
salinity@015,2018,32.75
salinity@015,2018,32.74
salinity@015,2018,32.73
salinity@015,2018,32.72
salinity@015,2018,32.71
salinity@015,2018,32.69
salinity@015,2018,32.68
salinity@015,2018,32.81
salinity@015,2018,32.8
salinity@015,2018,32.79
salinity@015,2018,32.78
salinity@015,2018,32.77
salinity@015,2018,32.75
salinity@015,2018,32.74
salinity@015,2018,32.73
salinity@015,2018,32.72
salinity@015,2018,32.71
salinity@015,2018,32.69
salinity@015,2018,32.68
salinity@015,2018,32.67
salinity@015,2018,32.8
salinity@015,2018,32.79
salinity@015,2018,32.78
salinity@015,2018,32.77
salinity@015,2018,32.75
salinity@015,2018,32.74
salinity@015,2018,32.73
salinity@015,2018,32.72
salinity@015,2018,32.71
salinity@015,2018,32.69
salinity@015,2018,32.68
salinity@015,2018,32.67
salinity@015,2018,32.66
salinity@015,2018,32.79
salinity@015,2018,32.78
salinity@015,2018,32.77
salinity@015,2018,32.75
salinity@015,2018,32.74
salinity@015,2018,32.73
salinity@015,2018,32.72
salinity@015,2018,32.71
salinity@015,2018,32.69
salinity@015,2018,32.68
salinity@015,2018,32.67
salinity@015,2018,32.66
salinity@015,2018,32.78
salinity@015,2018,32.77
salinity@015,2018,32.75
salinity@015,2018,32.74
salinity@015,2018,32.73
salinity@015,2018,32.72
salinity@015,2018,32.71
salinity@015,2018,32.69
salinity@015,2018,32.68
salinity@015,2018,32.67
salinity@015,2018,32.66
salinity@015,2018,32.65
salinity@015,2018,32.77
salinity@015,2018,32.75
salinity@015,2018,32.74
salinity@015,2018,32.73
salinity@015,2018,32.72
salinity@015,2018,32.71
salinity@015,2018,32.69
salinity@015,2018,32.68
salinity@015,2018,32.67
salinity@015,2018,32.66
salinity@015,2018,32.65
salinity@015,2018,32.63
salinity@015,2018,32.75
salinity@015,2018,32.74
salinity@015,2018,32.73
salinity@015,2018,32.72
salinity@015,2018,32.71
salinity@015,2018,32.69
salinity@015,2018,32.68
salinity@015,2018,32.67
salinity@015,2018,32.66
salinity@015,2018,32.65
salinity@015,2018,32.63
salinity@015,2018,32.62
salinity@015,2018,32.75
salinity@015,2018,32.74
salinity@015,2018,32.73
salinity@015,2018,32.72
salinity@015,2018,32.71
salinity@015,2018,32.69
salinity@015,2018,32.68
salinity@015,2018,32.67
salinity@015,2018,32.66
salinity@015,2018,32.65
salinity@015,2018,32.63
salinity@015,2018,32.62
salinity@015,2018,32.61
salinity@015,2018,32.6
salinity@015,2018,32.74
salinity@015,2018,32.73
salinity@015,2018,32.72
salinity@015,2018,32.71
salinity@015,2018,32.69
salinity@015,2018,32.68
salinity@015,2018,32.67
salinity@015,2018,32.66
salinity@015,2018,32.65
salinity@015,2018,32.63
salinity@015,2018,32.62
salinity@015,2018,32.61
salinity@015,2018,32.6
salinity@015,2018,32.58
salinity@015,2018,32.57
salinity@015,2018,32.73
salinity@015,2018,32.72
salinity@015,2018,32.71
salinity@015,2018,32.69
salinity@015,2018,32.68
salinity@015,2018,32.67
salinity@015,2018,32.66
salinity@015,2018,32.65
salinity@015,2018,32.63
salinity@015,2018,32.62
salinity@015,2018,32.61
salinity@015,2018,32.6
salinity@015,2018,32.58
salinity@015,2018,32.57
salinity@015,2018,32.56
salinity@015,2018,32.55
salinity@015,2018,32.72
salinity@015,2018,32.71
salinity@015,2018,32.69
salinity@015,2018,32.68
salinity@015,2018,32.67
salinity@015,2018,32.66
salinity@015,2018,32.65
salinity@015,2018,32.63
salinity@015,2018,32.62
salinity@015,2018,32.61
salinity@015,2018,32.6
salinity@015,2018,32.58
salinity@015,2018,32.57
salinity@015,2018,32.56
salinity@015,2018,32.55
salinity@015,2018,32.54
salinity@015,2018,32.52
salinity@015,2018,32.71
salinity@015,2018,32.69
salinity@015,2018,32.68
salinity@015,2018,32.67
salinity@015,2018,32.66
salinity@015,2018,32.65
salinity@015,2018,32.63
salinity@015,2018,32.62
salinity@015,2018,32.61
salinity@015,2018,32.6
salinity@015,2018,32.58
salinity@015,2018,32.57
salinity@015,2018,32.56
salinity@015,2018,32.55
salinity@015,2018,32.54
salinity@015,2018,32.52
salinity@015,2018,32.51
salinity@015,2018,32.5
salinity@015,2018,32.69
salinity@015,2018,32.68
salinity@015,2018,32.67
salinity@015,2018,32.66
salinity@015,2018,32.65
salinity@015,2018,32.63
salinity@015,2018,32.62
salinity@015,2018,32.61
salinity@015,2018,32.6
salinity@015,2018,32.58
salinity@015,2018,32.57
salinity@015,2018,32.56
salinity@015,2018,32.55
salinity@015,2018,32.54
salinity@015,2018,32.52
salinity@015,2018,32.51
salinity@015,2018,32.5
salinity@015,2018,32.49
salinity@015,2018,32.48
salinity@015,2018,32.68
salinity@015,2018,32.67
salinity@015,2018,32.66
salinity@015,2018,32.65
salinity@015,2018,32.63
salinity@015,2018,32.62
salinity@015,2018,32.61
salinity@015,2018,32.6
salinity@015,2018,32.58
salinity@015,2018,32.57
salinity@015,2018,32.56
salinity@015,2018,32.55
salinity@015,2018,32.54
salinity@015,2018,32.52
salinity@015,2018,32.51
salinity@015,2018,32.5
salinity@015,2018,32.49
salinity@015,2018,32.48
salinity@015,2018,32.46
salinity@015,2018,32.45
salinity@015,2018,32.67
salinity@015,2018,32.66
salinity@015,2018,32.65
salinity@015,2018,32.63
salinity@015,2018,32.62
salinity@015,2018,32.61
salinity@015,2018,32.6
salinity@015,2018,32.58
salinity@015,2018,32.57
salinity@015,2018,32.56
salinity@015,2018,32.55
salinity@015,2018,32.54
salinity@015,2018,32.52
salinity@015,2018,32.51
salinity@015,2018,32.5
salinity@015,2018,32.49
salinity@015,2018,32.48
salinity@015,2018,32.46
salinity@015,2018,32.45
salinity@015,2018,32.44
salinity@015,2018,32.43
salinity@015,2018,32.65
salinity@015,2018,32.63
salinity@015,2018,32.62
salinity@015,2018,32.61
salinity@015,2018,32.6
salinity@015,2018,32.58
salinity@015,2018,32.57
salinity@015,2018,32.56
salinity@015,2018,32.55
salinity@015,2018,32.54
salinity@015,2018,32.52
salinity@015,2018,32.51
salinity@015,2018,32.5
salinity@015,2018,32.49
salinity@015,2018,32.48
salinity@015,2018,32.46
salinity@015,2018,32.45
salinity@015,2018,32.44
salinity@015,2018,32.43
salinity@015,2018,32.42
salinity@015,2018,32.4
salinity@015,2018,32.62
salinity@015,2018,32.61
salinity@015,2018,32.6
salinity@015,2018,32.58
salinity@015,2018,32.57
salinity@015,2018,32.56
salinity@015,2018,32.55
salinity@015,2018,32.54
salinity@015,2018,32.52
salinity@015,2018,32.51
salinity@015,2018,32.5
salinity@015,2018,32.49
salinity@015,2018,32.48
salinity@015,2018,32.46
salinity@015,2018,32.45
salinity@015,2018,32.44
salinity@015,2018,32.43
salinity@015,2018,32.42
salinity@015,2018,32.4
salinity@015,2018,32.39
salinity@015,2018,32.38
salinity@015,2018,32.6
salinity@015,2018,32.58
salinity@015,2018,32.57
salinity@015,2018,32.56
salinity@015,2018,32.55
salinity@015,2018,32.54
salinity@015,2018,32.52
salinity@015,2018,32.51
salinity@015,2018,32.5
salinity@015,2018,32.49
salinity@015,2018,32.48
salinity@015,2018,32.46
salinity@015,2018,32.45
salinity@015,2018,32.44
salinity@015,2018,32.43
salinity@015,2018,32.42
salinity@015,2018,32.4
salinity@015,2018,32.39
salinity@015,2018,32.38
salinity@015,2018,32.37
salinity@015,2018,32.36
salinity@015,2018,32.57
salinity@015,2018,32.56
salinity@015,2018,32.55
salinity@015,2018,32.54
salinity@015,2018,32.52
salinity@015,2018,32.51
salinity@015,2018,32.5
salinity@015,2018,32.49
salinity@015,2018,32.48
salinity@015,2018,32.46
salinity@015,2018,32.45
salinity@015,2018,32.44
salinity@015,2018,32.43
salinity@015,2018,32.42
salinity@015,2018,32.4
salinity@015,2018,32.39
salinity@015,2018,32.38
salinity@015,2018,32.37
salinity@015,2018,32.36
salinity@015,2018,32.34
salinity@015,2018,32.33
salinity@015,2018,32.55
salinity@015,2018,32.54
salinity@015,2018,32.52
salinity@015,2018,32.51
salinity@015,2018,32.5
salinity@015,2018,32.49
salinity@015,2018,32.48
salinity@015,2018,32.46
salinity@015,2018,32.45
salinity@015,2018,32.44
salinity@015,2018,32.43
salinity@015,2018,32.42
salinity@015,2018,32.4
salinity@015,2018,32.39
salinity@015,2018,32.38
salinity@015,2018,32.37
salinity@015,2018,32.36
salinity@015,2018,32.34
salinity@015,2018,32.33
salinity@015,2018,32.32
salinity@015,2018,32.52
salinity@015,2018,32.51
salinity@015,2018,32.5
salinity@015,2018,32.49
salinity@015,2018,32.48
salinity@015,2018,32.46
salinity@015,2018,32.45
salinity@015,2018,32.44
salinity@015,2018,32.43
salinity@015,2018,32.42
salinity@015,2018,32.4
salinity@015,2018,32.39
salinity@015,2018,32.38
salinity@015,2018,32.37
salinity@015,2018,32.36
salinity@015,2018,32.34
salinity@015,2018,32.33
salinity@015,2018,32.32
salinity@015,2018,32.31
salinity@015,2018,32.29
salinity@015,2018,32.5
salinity@015,2018,32.49
salinity@015,2018,32.48
salinity@015,2018,32.46
salinity@015,2018,32.45
salinity@015,2018,32.44
salinity@015,2018,32.43
salinity@015,2018,32.42
salinity@015,2018,32.4
salinity@015,2018,32.39
salinity@015,2018,32.38
salinity@015,2018,32.37
salinity@015,2018,32.36
salinity@015,2018,32.34
salinity@015,2018,32.33
salinity@015,2018,32.32
salinity@015,2018,32.31
salinity@015,2018,32.29
salinity@015,2018,32.28
salinity@015,2018,32.27
salinity@015,2018,32.48
salinity@015,2018,32.46
salinity@015,2018,32.45
salinity@015,2018,32.44
salinity@015,2018,32.43
salinity@015,2018,32.42
salinity@015,2018,32.4
salinity@015,2018,32.39
salinity@015,2018,32.38
salinity@015,2018,32.37
salinity@015,2018,32.36
salinity@015,2018,32.34
salinity@015,2018,32.33
salinity@015,2018,32.32
salinity@015,2018,32.31
salinity@015,2018,32.29
salinity@015,2018,32.28
salinity@015,2018,32.27
salinity@015,2018,32.26
salinity@015,2018,32.45
salinity@015,2018,32.44
salinity@015,2018,32.43
salinity@015,2018,32.42
salinity@015,2018,32.4
salinity@015,2018,32.39
salinity@015,2018,32.38
salinity@015,2018,32.37
salinity@015,2018,32.36
salinity@015,2018,32.34
salinity@015,2018,32.33
salinity@015,2018,32.32
salinity@015,2018,32.31
salinity@015,2018,32.29
salinity@015,2018,32.28
salinity@015,2018,32.27
salinity@015,2018,32.26
salinity@015,2018,32.25
salinity@015,2018,32.23
salinity@015,2018,32.44
salinity@015,2018,32.43
salinity@015,2018,32.42
salinity@015,2018,32.4
salinity@015,2018,32.39
salinity@015,2018,32.38
salinity@015,2018,32.37
salinity@015,2018,32.36
salinity@015,2018,32.34
salinity@015,2018,32.33
salinity@015,2018,32.32
salinity@015,2018,32.31
salinity@015,2018,32.29
salinity@015,2018,32.28
salinity@015,2018,32.27
salinity@015,2018,32.26
salinity@015,2018,32.25
salinity@015,2018,32.23
salinity@015,2018,32.22
salinity@015,2018,32.42
salinity@015,2018,32.4
salinity@015,2018,32.39
salinity@015,2018,32.38
salinity@015,2018,32.37
salinity@015,2018,32.36
salinity@015,2018,32.34
salinity@015,2018,32.33
salinity@015,2018,32.32
salinity@015,2018,32.31
salinity@015,2018,32.29
salinity@015,2018,32.28
salinity@015,2018,32.27
salinity@015,2018,32.26
salinity@015,2018,32.25
salinity@015,2018,32.23
salinity@015,2018,32.22
salinity@015,2018,32.21
salinity@015,2018,32.2
salinity@015,2018,32.39
salinity@015,2018,32.38
salinity@015,2018,32.37
salinity@015,2018,32.36
salinity@015,2018,32.34
salinity@015,2018,32.33
salinity@015,2018,32.32
salinity@015,2018,32.31
salinity@015,2018,32.29
salinity@015,2018,32.28
salinity@015,2018,32.27
salinity@015,2018,32.26
salinity@015,2018,32.25
salinity@015,2018,32.23
salinity@015,2018,32.22
salinity@015,2018,32.21
salinity@015,2018,32.2
salinity@015,2018,32.19
salinity@015,2018,32.17
salinity@015,2018,32.37
salinity@015,2018,32.36
salinity@015,2018,32.34
salinity@015,2018,32.33
salinity@015,2018,32.32
salinity@015,2018,32.31
salinity@015,2018,32.29
salinity@015,2018,32.28
salinity@015,2018,32.27
salinity@015,2018,32.26
salinity@015,2018,32.25
salinity@015,2018,32.23
salinity@015,2018,32.22
salinity@015,2018,32.21
salinity@015,2018,32.2
salinity@015,2018,32.19
salinity@015,2018,32.17
salinity@015,2018,32.16
salinity@015,2018,32.34
salinity@015,2018,32.33
salinity@015,2018,32.32
salinity@015,2018,32.31
salinity@015,2018,32.29
salinity@015,2018,32.28
salinity@015,2018,32.27
salinity@015,2018,32.26
salinity@015,2018,32.25
salinity@015,2018,32.23
salinity@015,2018,32.22
salinity@015,2018,32.21
salinity@015,2018,32.2
salinity@015,2018,32.19
salinity@015,2018,32.17
salinity@015,2018,32.16
salinity@015,2018,32.15
salinity@015,2018,32.14
salinity@015,2018,32.33
salinity@015,2018,32.32
salinity@015,2018,32.31
salinity@015,2018,32.29
salinity@015,2018,32.28
salinity@015,2018,32.27
salinity@015,2018,32.26
salinity@015,2018,32.25
salinity@015,2018,32.23
salinity@015,2018,32.22
salinity@015,2018,32.21
salinity@015,2018,32.2
salinity@015,2018,32.19
salinity@015,2018,32.17
salinity@015,2018,32.16
salinity@015,2018,32.15
salinity@015,2018,32.14
salinity@015,2018,32.13
salinity@015,2018,32.11
salinity@015,2018,32.31
salinity@015,2018,32.29
salinity@015,2018,32.28
salinity@015,2018,32.27
salinity@015,2018,32.26
salinity@015,2018,32.25
salinity@015,2018,32.23
salinity@015,2018,32.22
salinity@015,2018,32.21
salinity@015,2018,32.2
salinity@015,2018,32.19
salinity@015,2018,32.17
salinity@015,2018,32.16
salinity@015,2018,32.15
salinity@015,2018,32.14
salinity@015,2018,32.13
salinity@015,2018,32.11
salinity@015,2018,32.1
salinity@015,2018,32.28
salinity@015,2018,32.27
salinity@015,2018,32.26
salinity@015,2018,32.25
salinity@015,2018,32.23
salinity@015,2018,32.22
salinity@015,2018,32.21
salinity@015,2018,32.2
salinity@015,2018,32.19
salinity@015,2018,32.17
salinity@015,2018,32.16
salinity@015,2018,32.15
salinity@015,2018,32.14
salinity@015,2018,32.13
salinity@015,2018,32.11
salinity@015,2018,32.1
salinity@015,2018,32.09
salinity@015,2018,32.08
salinity@015,2018,32.27
salinity@015,2018,32.26
salinity@015,2018,32.25
salinity@015,2018,32.23
salinity@015,2018,32.22
salinity@015,2018,32.21
salinity@015,2018,32.2
salinity@015,2018,32.19
salinity@015,2018,32.17
salinity@015,2018,32.16
salinity@015,2018,32.15
salinity@015,2018,32.14
salinity@015,2018,32.13
salinity@015,2018,32.11
salinity@015,2018,32.1
salinity@015,2018,32.09
salinity@015,2018,32.08
salinity@015,2018,32.06
salinity@015,2018,32.25
salinity@015,2018,32.23
salinity@015,2018,32.22
salinity@015,2018,32.21
salinity@015,2018,32.2
salinity@015,2018,32.19
salinity@015,2018,32.17
salinity@015,2018,32.16
salinity@015,2018,32.15
salinity@015,2018,32.14
salinity@015,2018,32.13
salinity@015,2018,32.11
salinity@015,2018,32.1
salinity@015,2018,32.09
salinity@015,2018,32.08
salinity@015,2018,32.06
salinity@015,2018,32.05
salinity@015,2018,32.04
salinity@015,2018,32.22
salinity@015,2018,32.21
salinity@015,2018,32.2
salinity@015,2018,32.19
salinity@015,2018,32.17
salinity@015,2018,32.16
salinity@015,2018,32.15
salinity@015,2018,32.14
salinity@015,2018,32.13
salinity@015,2018,32.11
salinity@015,2018,32.1
salinity@015,2018,32.09
salinity@015,2018,32.08
salinity@015,2018,32.06
salinity@015,2018,32.05
salinity@015,2018,32.04
salinity@015,2018,32.03
salinity@015,2018,32.02
salinity@015,2018,32.21
salinity@015,2018,32.2
salinity@015,2018,32.19
salinity@015,2018,32.17
salinity@015,2018,32.16
salinity@015,2018,32.15
salinity@015,2018,32.14
salinity@015,2018,32.13
salinity@015,2018,32.11
salinity@015,2018,32.1
salinity@015,2018,32.09
salinity@015,2018,32.08
salinity@015,2018,32.06
salinity@015,2018,32.05
salinity@015,2018,32.04
salinity@015,2018,32.03
salinity@015,2018,32.02
salinity@015,2018,32
salinity@015,2018,32.19
salinity@015,2018,32.17
salinity@015,2018,32.16
salinity@015,2018,32.15
salinity@015,2018,32.14
salinity@015,2018,32.13
salinity@015,2018,32.11
salinity@015,2018,32.1
salinity@015,2018,32.09
salinity@015,2018,32.08
salinity@015,2018,32.06
salinity@015,2018,32.05
salinity@015,2018,32.04
salinity@015,2018,32.03
salinity@015,2018,32.02
salinity@015,2018,32
salinity@015,2018,31.99
salinity@015,2018,31.98
salinity@015,2018,32.17
salinity@015,2018,32.16
salinity@015,2018,32.15
salinity@015,2018,32.14
salinity@015,2018,32.13
salinity@015,2018,32.11
salinity@015,2018,32.1
salinity@015,2018,32.09
salinity@015,2018,32.08
salinity@015,2018,32.06
salinity@015,2018,32.05
salinity@015,2018,32.04
salinity@015,2018,32.03
salinity@015,2018,32.02
salinity@015,2018,32
salinity@015,2018,31.99
salinity@015,2018,31.98
salinity@015,2018,31.97
salinity@015,2018,31.96
salinity@015,2018,32.15
salinity@015,2018,32.14
salinity@015,2018,32.13
salinity@015,2018,32.11
salinity@015,2018,32.1
salinity@015,2018,32.09
salinity@015,2018,32.08
salinity@015,2018,32.06
salinity@015,2018,32.05
salinity@015,2018,32.04
salinity@015,2018,32.03
salinity@015,2018,32.02
salinity@015,2018,32
salinity@015,2018,31.99
salinity@015,2018,31.98
salinity@015,2018,31.97
salinity@015,2018,31.96
salinity@015,2018,31.94
salinity@015,2018,32.13
salinity@015,2018,32.11
salinity@015,2018,32.1
salinity@015,2018,32.09
salinity@015,2018,32.08
salinity@015,2018,32.06
salinity@015,2018,32.05
salinity@015,2018,32.04
salinity@015,2018,32.03
salinity@015,2018,32.02
salinity@015,2018,32
salinity@015,2018,31.99
salinity@015,2018,31.98
salinity@015,2018,31.97
salinity@015,2018,31.96
salinity@015,2018,31.94
salinity@015,2018,31.93
salinity@015,2018,31.92
salinity@015,2018,32.11
salinity@015,2018,32.1
salinity@015,2018,32.09
salinity@015,2018,32.08
salinity@015,2018,32.06
salinity@015,2018,32.05
salinity@015,2018,32.04
salinity@015,2018,32.03
salinity@015,2018,32.02
salinity@015,2018,32
salinity@015,2018,31.99
salinity@015,2018,31.98
salinity@015,2018,31.97
salinity@015,2018,31.96
salinity@015,2018,31.94
salinity@015,2018,31.93
salinity@015,2018,31.92
salinity@015,2018,31.91
salinity@015,2018,31.9
salinity@015,2018,32.09
salinity@015,2018,32.08
salinity@015,2018,32.06
salinity@015,2018,32.05
salinity@015,2018,32.04
salinity@015,2018,32.03
salinity@015,2018,32.02
salinity@015,2018,32
salinity@015,2018,31.99
salinity@015,2018,31.98
salinity@015,2018,31.97
salinity@015,2018,31.96
salinity@015,2018,31.94
salinity@015,2018,31.93
salinity@015,2018,31.92
salinity@015,2018,31.91
salinity@015,2018,31.9
salinity@015,2018,31.88
salinity@015,2018,32.06
salinity@015,2018,32.05
salinity@015,2018,32.04
salinity@015,2018,32.03
salinity@015,2018,32.02
salinity@015,2018,32
salinity@015,2018,31.99
salinity@015,2018,31.98
salinity@015,2018,31.97
salinity@015,2018,31.96
salinity@015,2018,31.94
salinity@015,2018,31.93
salinity@015,2018,31.92
salinity@015,2018,31.91
salinity@015,2018,31.9
salinity@015,2018,31.88
salinity@015,2018,31.87
salinity@015,2018,31.86
salinity@015,2018,32.05
salinity@015,2018,32.04
salinity@015,2018,32.03
salinity@015,2018,32.02
salinity@015,2018,32
salinity@015,2018,31.99
salinity@015,2018,31.98
salinity@015,2018,31.97
salinity@015,2018,31.96
salinity@015,2018,31.94
salinity@015,2018,31.93
salinity@015,2018,31.92
salinity@015,2018,31.91
salinity@015,2018,31.9
salinity@015,2018,31.88
salinity@015,2018,31.87
salinity@015,2018,31.86
salinity@015,2018,31.85
salinity@015,2018,31.84
salinity@015,2018,32.03
salinity@015,2018,32.02
salinity@015,2018,32
salinity@015,2018,31.99
salinity@015,2018,31.98
salinity@015,2018,31.97
salinity@015,2018,31.96
salinity@015,2018,31.94
salinity@015,2018,31.93
salinity@015,2018,31.92
salinity@015,2018,31.91
salinity@015,2018,31.9
salinity@015,2018,31.88
salinity@015,2018,31.87
salinity@015,2018,31.86
salinity@015,2018,31.85
salinity@015,2018,31.84
salinity@015,2018,31.82
salinity@015,2018,31.81
salinity@015,2018,32
salinity@015,2018,31.99
salinity@015,2018,31.98
salinity@015,2018,31.97
salinity@015,2018,31.96
salinity@015,2018,31.94
salinity@015,2018,31.93
salinity@015,2018,31.92
salinity@015,2018,31.91
salinity@015,2018,31.9
salinity@015,2018,31.88
salinity@015,2018,31.87
salinity@015,2018,31.86
salinity@015,2018,31.85
salinity@015,2018,31.84
salinity@015,2018,31.82
salinity@015,2018,31.81
salinity@015,2018,31.8
salinity@015,2018,31.99
salinity@015,2018,31.98
salinity@015,2018,31.97
salinity@015,2018,31.96
salinity@015,2018,31.94
salinity@015,2018,31.93
salinity@015,2018,31.92
salinity@015,2018,31.91
salinity@015,2018,31.9
salinity@015,2018,31.88
salinity@015,2018,31.87
salinity@015,2018,31.86
salinity@015,2018,31.85
salinity@015,2018,31.84
salinity@015,2018,31.82
salinity@015,2018,31.81
salinity@015,2018,31.8
salinity@015,2018,31.79
salinity@015,2018,31.97
salinity@015,2018,31.96
salinity@015,2018,31.94
salinity@015,2018,31.93
salinity@015,2018,31.92
salinity@015,2018,31.91
salinity@015,2018,31.9
salinity@015,2018,31.88
salinity@015,2018,31.87
salinity@015,2018,31.86
salinity@015,2018,31.85
salinity@015,2018,31.84
salinity@015,2018,31.82
salinity@015,2018,31.81
salinity@015,2018,31.8
salinity@015,2018,31.79
salinity@015,2018,31.94
salinity@015,2018,31.93
salinity@015,2018,31.92
salinity@015,2018,31.91
salinity@015,2018,31.9
salinity@015,2018,31.88
salinity@015,2018,31.87
salinity@015,2018,31.86
salinity@015,2018,31.85
salinity@015,2018,31.84
salinity@015,2018,31.82
salinity@015,2018,31.81
salinity@015,2018,31.8
salinity@015,2018,31.79
salinity@015,2018,31.77
salinity@015,2018,31.93
salinity@015,2018,31.92
salinity@015,2018,31.91
salinity@015,2018,31.9
salinity@015,2018,31.88
salinity@015,2018,31.87
salinity@015,2018,31.86
salinity@015,2018,31.85
salinity@015,2018,31.84
salinity@015,2018,31.82
salinity@015,2018,31.81
salinity@015,2018,31.8
salinity@015,2018,31.79
salinity@015,2018,31.77
salinity@015,2018,31.91
salinity@015,2018,31.9
salinity@015,2018,31.88
salinity@015,2018,31.87
salinity@015,2018,31.86
salinity@015,2018,31.85
salinity@015,2018,31.84
salinity@015,2018,31.82
salinity@015,2018,31.81
salinity@015,2018,31.8
salinity@015,2018,31.79
salinity@015,2018,31.77
salinity@015,2018,31.88
salinity@015,2018,31.87
salinity@015,2018,31.86
salinity@015,2018,31.85
salinity@015,2018,31.84
salinity@015,2018,31.82
salinity@015,2018,31.81
salinity@015,2018,31.8
salinity@015,2018,31.79
salinity@015,2018,31.87
salinity@015,2018,31.86
salinity@015,2018,31.85
salinity@015,2018,31.84
salinity@015,2018,31.82
salinity@015,2018,31.81
salinity@015,2018,31.8
salinity@015,2018,31.85
salinity@015,2018,31.84
salinity@015,2018,31.82
salinity@015,2018,31.81
salinity@015,2018,32
salinity@015,2018,31.99
salinity@015,2018,31.98
salinity@015,2018,31.97
salinity@015,2018,32.02
salinity@015,2018,32
salinity@015,2018,31.99
salinity@015,2018,31.98
salinity@015,2018,31.97
salinity@015,2018,31.96
salinity@015,2018,32.03
salinity@015,2018,32.02
salinity@015,2018,32
salinity@015,2018,31.99
salinity@015,2018,31.98
salinity@015,2018,31.97
salinity@015,2018,31.96
salinity@015,2018,31.94
salinity@015,2018,32.03
salinity@015,2018,32.02
salinity@015,2018,32
salinity@015,2018,31.99
salinity@015,2018,31.98
salinity@015,2018,31.97
salinity@015,2018,31.96
salinity@015,2018,31.94
salinity@015,2018,31.93
salinity@015,2018,32.04
salinity@015,2018,32.03
salinity@015,2018,32.02
salinity@015,2018,32
salinity@015,2018,31.99
salinity@015,2018,31.98
salinity@015,2018,31.97
salinity@015,2018,31.96
salinity@015,2018,31.94
salinity@015,2018,31.93
salinity@015,2018,32.04
salinity@015,2018,32.03
salinity@015,2018,32.02
salinity@015,2018,32
salinity@015,2018,31.99
salinity@015,2018,31.98
salinity@015,2018,31.97
salinity@015,2018,31.96
salinity@015,2018,31.94
salinity@015,2018,31.93
salinity@015,2018,32.04
salinity@015,2018,32.03
salinity@015,2018,32.02
salinity@015,2018,32
salinity@015,2018,31.99
salinity@015,2018,31.98
salinity@015,2018,31.97
salinity@015,2018,31.96
salinity@015,2018,31.94
salinity@015,2018,31.93
salinity@015,2018,32.05
salinity@015,2018,32.04
salinity@015,2018,32.03
salinity@015,2018,32.02
salinity@015,2018,32
salinity@015,2018,31.99
salinity@015,2018,31.98
salinity@015,2018,31.97
salinity@015,2018,31.96
salinity@015,2018,31.94
salinity@015,2018,32.05
salinity@015,2018,32.04
salinity@015,2018,32.03
salinity@015,2018,32.02
salinity@015,2018,32
salinity@015,2018,31.99
salinity@015,2018,31.98
salinity@015,2018,31.97
salinity@015,2018,31.96
salinity@015,2018,31.94
salinity@015,2018,32.05
salinity@015,2018,32.04
salinity@015,2018,32.03
salinity@015,2018,32.02
salinity@015,2018,32
salinity@015,2018,31.99
salinity@015,2018,31.98
salinity@015,2018,31.97
salinity@015,2018,31.96
salinity@015,2018,31.94
salinity@015,2018,32.05
salinity@015,2018,32.04
salinity@015,2018,32.03
salinity@015,2018,32.02
salinity@015,2018,32
salinity@015,2018,31.99
salinity@015,2018,31.98
salinity@015,2018,31.97
salinity@015,2018,31.96
salinity@015,2018,31.94
salinity@015,2018,32.05
salinity@015,2018,32.04
salinity@015,2018,32.03
salinity@015,2018,32.02
salinity@015,2018,32
salinity@015,2018,31.99
salinity@015,2018,31.98
salinity@015,2018,31.97
salinity@015,2018,31.96
salinity@015,2018,32.06
salinity@015,2018,32.05
salinity@015,2018,32.04
salinity@015,2018,32.03
salinity@015,2018,32.02
salinity@015,2018,32
salinity@015,2018,31.99
salinity@015,2018,31.98
salinity@015,2018,31.97
salinity@015,2018,31.96
salinity@015,2018,32.06
salinity@015,2018,32.05
salinity@015,2018,32.04
salinity@015,2018,32.03
salinity@015,2018,32.02
salinity@015,2018,32
salinity@015,2018,31.99
salinity@015,2018,31.98
salinity@015,2018,31.97
salinity@015,2018,31.96
salinity@015,2019,32.06
salinity@015,2019,32.05
salinity@015,2019,32.04
salinity@015,2019,32.03
salinity@015,2019,32.02
salinity@015,2019,32
salinity@015,2019,31.99
salinity@015,2019,31.98
salinity@015,2019,31.97
salinity@015,2019,31.96
salinity@015,2019,32.08
salinity@015,2019,32.06
salinity@015,2019,32.05
salinity@015,2019,32.04
salinity@015,2019,32.03
salinity@015,2019,32.02
salinity@015,2019,32
salinity@015,2019,31.99
salinity@015,2019,31.98
salinity@015,2019,31.97
salinity@015,2019,32.09
salinity@015,2019,32.08
salinity@015,2019,32.06
salinity@015,2019,32.05
salinity@015,2019,32.04
salinity@015,2019,32.03
salinity@015,2019,32.02
salinity@015,2019,32
salinity@015,2019,31.99
salinity@015,2019,31.98
salinity@015,2019,31.97
salinity@015,2019,32.1
salinity@015,2019,32.09
salinity@015,2019,32.08
salinity@015,2019,32.06
salinity@015,2019,32.05
salinity@015,2019,32.04
salinity@015,2019,32.03
salinity@015,2019,32.02
salinity@015,2019,32
salinity@015,2019,31.99
salinity@015,2019,31.98
salinity@015,2019,31.97
salinity@015,2019,32.11
salinity@015,2019,32.1
salinity@015,2019,32.09
salinity@015,2019,32.08
salinity@015,2019,32.06
salinity@015,2019,32.05
salinity@015,2019,32.04
salinity@015,2019,32.03
salinity@015,2019,32.02
salinity@015,2019,32
salinity@015,2019,31.99
salinity@015,2019,31.98
salinity@015,2019,31.97
salinity@015,2019,32.13
salinity@015,2019,32.11
salinity@015,2019,32.1
salinity@015,2019,32.09
salinity@015,2019,32.08
salinity@015,2019,32.06
salinity@015,2019,32.05
salinity@015,2019,32.04
salinity@015,2019,32.03
salinity@015,2019,32.02
salinity@015,2019,32
salinity@015,2019,31.99
salinity@015,2019,31.98
salinity@015,2019,32.15
salinity@015,2019,32.14
salinity@015,2019,32.13
salinity@015,2019,32.11
salinity@015,2019,32.1
salinity@015,2019,32.09
salinity@015,2019,32.08
salinity@015,2019,32.06
salinity@015,2019,32.05
salinity@015,2019,32.04
salinity@015,2019,32.03
salinity@015,2019,32.02
salinity@015,2019,32
salinity@015,2019,31.99
salinity@015,2019,31.98
salinity@015,2019,32.16
salinity@015,2019,32.15
salinity@015,2019,32.14
salinity@015,2019,32.13
salinity@015,2019,32.11
salinity@015,2019,32.1
salinity@015,2019,32.09
salinity@015,2019,32.08
salinity@015,2019,32.06
salinity@015,2019,32.05
salinity@015,2019,32.04
salinity@015,2019,32.03
salinity@015,2019,32.02
salinity@015,2019,32
salinity@015,2019,31.99
salinity@015,2019,32.17
salinity@015,2019,32.16
salinity@015,2019,32.15
salinity@015,2019,32.14
salinity@015,2019,32.13
salinity@015,2019,32.11
salinity@015,2019,32.1
salinity@015,2019,32.09
salinity@015,2019,32.08
salinity@015,2019,32.06
salinity@015,2019,32.05
salinity@015,2019,32.04
salinity@015,2019,32.03
salinity@015,2019,32.02
salinity@015,2019,32
salinity@015,2019,32.19
salinity@015,2019,32.17
salinity@015,2019,32.16
salinity@015,2019,32.15
salinity@015,2019,32.14
salinity@015,2019,32.13
salinity@015,2019,32.11
salinity@015,2019,32.1
salinity@015,2019,32.09
salinity@015,2019,32.08
salinity@015,2019,32.06
salinity@015,2019,32.05
salinity@015,2019,32.04
salinity@015,2019,32.03
salinity@015,2019,32.02
salinity@015,2019,32.2
salinity@015,2019,32.19
salinity@015,2019,32.17
salinity@015,2019,32.16
salinity@015,2019,32.15
salinity@015,2019,32.14
salinity@015,2019,32.13
salinity@015,2019,32.11
salinity@015,2019,32.1
salinity@015,2019,32.09
salinity@015,2019,32.08
salinity@015,2019,32.06
salinity@015,2019,32.05
salinity@015,2019,32.04
salinity@015,2019,32.21
salinity@015,2019,32.2
salinity@015,2019,32.19
salinity@015,2019,32.17
salinity@015,2019,32.16
salinity@015,2019,32.15
salinity@015,2019,32.14
salinity@015,2019,32.13
salinity@015,2019,32.11
salinity@015,2019,32.1
salinity@015,2019,32.09
salinity@015,2019,32.08
salinity@015,2019,32.06
salinity@015,2019,32.05
salinity@015,2019,32.23
salinity@015,2019,32.22
salinity@015,2019,32.21
salinity@015,2019,32.2
salinity@015,2019,32.19
salinity@015,2019,32.17
salinity@015,2019,32.16
salinity@015,2019,32.15
salinity@015,2019,32.14
salinity@015,2019,32.13
salinity@015,2019,32.11
salinity@015,2019,32.1
salinity@015,2019,32.09
salinity@015,2019,32.08
salinity@015,2019,32.06
salinity@015,2019,32.25
salinity@015,2019,32.23
salinity@015,2019,32.22
salinity@015,2019,32.21
salinity@015,2019,32.2
salinity@015,2019,32.19
salinity@015,2019,32.17
salinity@015,2019,32.16
salinity@015,2019,32.15
salinity@015,2019,32.14
salinity@015,2019,32.13
salinity@015,2019,32.11
salinity@015,2019,32.1
salinity@015,2019,32.09
salinity@015,2019,32.08
salinity@015,2019,32.26
salinity@015,2019,32.25
salinity@015,2019,32.23
salinity@015,2019,32.22
salinity@015,2019,32.21
salinity@015,2019,32.2
salinity@015,2019,32.19
salinity@015,2019,32.17
salinity@015,2019,32.16
salinity@015,2019,32.15
salinity@015,2019,32.14
salinity@015,2019,32.13
salinity@015,2019,32.11
salinity@015,2019,32.1
salinity@015,2019,32.09
salinity@015,2019,32.27
salinity@015,2019,32.26
salinity@015,2019,32.25
salinity@015,2019,32.23
salinity@015,2019,32.22
salinity@015,2019,32.21
salinity@015,2019,32.2
salinity@015,2019,32.19
salinity@015,2019,32.17
salinity@015,2019,32.16
salinity@015,2019,32.15
salinity@015,2019,32.14
salinity@015,2019,32.13
salinity@015,2019,32.11
salinity@015,2019,32.1
salinity@015,2019,32.28
salinity@015,2019,32.27
salinity@015,2019,32.26
salinity@015,2019,32.25
salinity@015,2019,32.23
salinity@015,2019,32.22
salinity@015,2019,32.21
salinity@015,2019,32.2
salinity@015,2019,32.19
salinity@015,2019,32.17
salinity@015,2019,32.16
salinity@015,2019,32.15
salinity@015,2019,32.14
salinity@015,2019,32.13
salinity@015,2019,32.29
salinity@015,2019,32.28
salinity@015,2019,32.27
salinity@015,2019,32.26
salinity@015,2019,32.25
salinity@015,2019,32.23
salinity@015,2019,32.22
salinity@015,2019,32.21
salinity@015,2019,32.2
salinity@015,2019,32.19
salinity@015,2019,32.17
salinity@015,2019,32.16
salinity@015,2019,32.15
salinity@015,2019,32.14
salinity@015,2019,32.31
salinity@015,2019,32.29
salinity@015,2019,32.28
salinity@015,2019,32.27
salinity@015,2019,32.26
salinity@015,2019,32.25
salinity@015,2019,32.23
salinity@015,2019,32.22
salinity@015,2019,32.21
salinity@015,2019,32.2
salinity@015,2019,32.19
salinity@015,2019,32.17
salinity@015,2019,32.16
salinity@015,2019,32.15
salinity@015,2019,32.32
salinity@015,2019,32.31
salinity@015,2019,32.29
salinity@015,2019,32.28
salinity@015,2019,32.27
salinity@015,2019,32.26
salinity@015,2019,32.25
salinity@015,2019,32.23
salinity@015,2019,32.22
salinity@015,2019,32.21
salinity@015,2019,32.2
salinity@015,2019,32.19
salinity@015,2019,32.17
salinity@015,2019,32.16
salinity@015,2019,32.33
salinity@015,2019,32.32
salinity@015,2019,32.31
salinity@015,2019,32.29
salinity@015,2019,32.28
salinity@015,2019,32.27
salinity@015,2019,32.26
salinity@015,2019,32.25
salinity@015,2019,32.23
salinity@015,2019,32.22
salinity@015,2019,32.21
salinity@015,2019,32.2
salinity@015,2019,32.19
salinity@015,2019,32.17
salinity@015,2019,32.34
salinity@015,2019,32.33
salinity@015,2019,32.32
salinity@015,2019,32.31
salinity@015,2019,32.29
salinity@015,2019,32.28
salinity@015,2019,32.27
salinity@015,2019,32.26
salinity@015,2019,32.25
salinity@015,2019,32.23
salinity@015,2019,32.22
salinity@015,2019,32.21
salinity@015,2019,32.2
salinity@015,2019,32.19
salinity@015,2019,32.36
salinity@015,2019,32.34
salinity@015,2019,32.33
salinity@015,2019,32.32
salinity@015,2019,32.31
salinity@015,2019,32.29
salinity@015,2019,32.28
salinity@015,2019,32.27
salinity@015,2019,32.26
salinity@015,2019,32.25
salinity@015,2019,32.23
salinity@015,2019,32.22
salinity@015,2019,32.21
salinity@015,2019,32.2
salinity@015,2019,32.37
salinity@015,2019,32.36
salinity@015,2019,32.34
salinity@015,2019,32.33
salinity@015,2019,32.32
salinity@015,2019,32.31
salinity@015,2019,32.29
salinity@015,2019,32.28
salinity@015,2019,32.27
salinity@015,2019,32.26
salinity@015,2019,32.25
salinity@015,2019,32.23
salinity@015,2019,32.22
salinity@015,2019,32.21
salinity@015,2019,32.38
salinity@015,2019,32.37
salinity@015,2019,32.36
salinity@015,2019,32.34
salinity@015,2019,32.33
salinity@015,2019,32.32
salinity@015,2019,32.31
salinity@015,2019,32.29
salinity@015,2019,32.28
salinity@015,2019,32.27
salinity@015,2019,32.26
salinity@015,2019,32.25
salinity@015,2019,32.23
salinity@015,2019,32.22
salinity@015,2019,32.39
salinity@015,2019,32.38
salinity@015,2019,32.37
salinity@015,2019,32.36
salinity@015,2019,32.34
salinity@015,2019,32.33
salinity@015,2019,32.32
salinity@015,2019,32.31
salinity@015,2019,32.29
salinity@015,2019,32.28
salinity@015,2019,32.27
salinity@015,2019,32.26
salinity@015,2019,32.25
salinity@015,2019,32.23
salinity@015,2019,32.4
salinity@015,2019,32.39
salinity@015,2019,32.38
salinity@015,2019,32.37
salinity@015,2019,32.36
salinity@015,2019,32.34
salinity@015,2019,32.33
salinity@015,2019,32.32
salinity@015,2019,32.31
salinity@015,2019,32.29
salinity@015,2019,32.28
salinity@015,2019,32.27
salinity@015,2019,32.26
salinity@015,2019,32.25
salinity@015,2019,32.42
salinity@015,2019,32.4
salinity@015,2019,32.39
salinity@015,2019,32.38
salinity@015,2019,32.37
salinity@015,2019,32.36
salinity@015,2019,32.34
salinity@015,2019,32.33
salinity@015,2019,32.32
salinity@015,2019,32.31
salinity@015,2019,32.29
salinity@015,2019,32.28
salinity@015,2019,32.27
salinity@015,2019,32.26
salinity@015,2019,32.42
salinity@015,2019,32.4
salinity@015,2019,32.39
salinity@015,2019,32.38
salinity@015,2019,32.37
salinity@015,2019,32.36
salinity@015,2019,32.34
salinity@015,2019,32.33
salinity@015,2019,32.32
salinity@015,2019,32.31
salinity@015,2019,32.29
salinity@015,2019,32.28
salinity@015,2019,32.27
salinity@015,2019,32.43
salinity@015,2019,32.42
salinity@015,2019,32.4
salinity@015,2019,32.39
salinity@015,2019,32.38
salinity@015,2019,32.37
salinity@015,2019,32.36
salinity@015,2019,32.34
salinity@015,2019,32.33
salinity@015,2019,32.32
salinity@015,2019,32.31
salinity@015,2019,32.29
salinity@015,2019,32.44
salinity@015,2019,32.43
salinity@015,2019,32.42
salinity@015,2019,32.4
salinity@015,2019,32.39
salinity@015,2019,32.38
salinity@015,2019,32.37
salinity@015,2019,32.36
salinity@015,2019,32.34
salinity@015,2019,32.33
salinity@015,2019,32.32
salinity@015,2019,32.31
salinity@015,2019,32.44
salinity@015,2019,32.43
salinity@015,2019,32.42
salinity@015,2019,32.4
salinity@015,2019,32.39
salinity@015,2019,32.38
salinity@015,2019,32.37
salinity@015,2019,32.36
salinity@015,2019,32.34
salinity@015,2019,32.33
salinity@015,2019,32.32
salinity@015,2019,32.45
salinity@015,2019,32.44
salinity@015,2019,32.43
salinity@015,2019,32.42
salinity@015,2019,32.4
salinity@015,2019,32.39
salinity@015,2019,32.38
salinity@015,2019,32.37
salinity@015,2019,32.36
salinity@015,2019,32.34
salinity@015,2019,32.33
salinity@015,2019,32.46
salinity@015,2019,32.45
salinity@015,2019,32.44
salinity@015,2019,32.43
salinity@015,2019,32.42
salinity@015,2019,32.4
salinity@015,2019,32.39
salinity@015,2019,32.38
salinity@015,2019,32.37
salinity@015,2019,32.36
salinity@015,2019,32.34
salinity@015,2019,32.33
salinity@015,2019,32.46
salinity@015,2019,32.45
salinity@015,2019,32.44
salinity@015,2019,32.43
salinity@015,2019,32.42
salinity@015,2019,32.4
salinity@015,2019,32.39
salinity@015,2019,32.38
salinity@015,2019,32.37
salinity@015,2019,32.36
salinity@015,2019,32.34
salinity@015,2019,32.48
salinity@015,2019,32.46
salinity@015,2019,32.45
salinity@015,2019,32.44
salinity@015,2019,32.43
salinity@015,2019,32.42
salinity@015,2019,32.4
salinity@015,2019,32.39
salinity@015,2019,32.38
salinity@015,2019,32.37
salinity@015,2019,32.36
salinity@015,2019,32.49
salinity@015,2019,32.48
salinity@015,2019,32.46
salinity@015,2019,32.45
salinity@015,2019,32.44
salinity@015,2019,32.43
salinity@015,2019,32.42
salinity@015,2019,32.4
salinity@015,2019,32.39
salinity@015,2019,32.38
salinity@015,2019,32.37
salinity@015,2019,32.36
salinity@015,2019,32.5
salinity@015,2019,32.49
salinity@015,2019,32.48
salinity@015,2019,32.46
salinity@015,2019,32.45
salinity@015,2019,32.44
salinity@015,2019,32.43
salinity@015,2019,32.42
salinity@015,2019,32.4
salinity@015,2019,32.39
salinity@015,2019,32.38
salinity@015,2019,32.37
salinity@015,2019,32.5
salinity@015,2019,32.49
salinity@015,2019,32.48
salinity@015,2019,32.46
salinity@015,2019,32.45
salinity@015,2019,32.44
salinity@015,2019,32.43
salinity@015,2019,32.42
salinity@015,2019,32.4
salinity@015,2019,32.39
salinity@015,2019,32.38
salinity@015,2019,32.51
salinity@015,2019,32.5
salinity@015,2019,32.49
salinity@015,2019,32.48
salinity@015,2019,32.46
salinity@015,2019,32.45
salinity@015,2019,32.44
salinity@015,2019,32.43
salinity@015,2019,32.42
salinity@015,2019,32.4
salinity@015,2019,32.39
salinity@015,2019,32.38
salinity@015,2019,32.54
salinity@015,2019,32.52
salinity@015,2019,32.51
salinity@015,2019,32.5
salinity@015,2019,32.49
salinity@015,2019,32.48
salinity@015,2019,32.46
salinity@015,2019,32.45
salinity@015,2019,32.44
salinity@015,2019,32.43
salinity@015,2019,32.42
salinity@015,2019,32.4
salinity@015,2019,32.39
salinity@015,2019,32.55
salinity@015,2019,32.54
salinity@015,2019,32.52
salinity@015,2019,32.51
salinity@015,2019,32.5
salinity@015,2019,32.49
salinity@015,2019,32.48
salinity@015,2019,32.46
salinity@015,2019,32.45
salinity@015,2019,32.44
salinity@015,2019,32.43
salinity@015,2019,32.42
salinity@015,2019,32.4
salinity@015,2019,32.57
salinity@015,2019,32.56
salinity@015,2019,32.55
salinity@015,2019,32.54
salinity@015,2019,32.52
salinity@015,2019,32.51
salinity@015,2019,32.5
salinity@015,2019,32.49
salinity@015,2019,32.48
salinity@015,2019,32.46
salinity@015,2019,32.45
salinity@015,2019,32.44
salinity@015,2019,32.43
salinity@015,2019,32.42
salinity@015,2019,32.4
salinity@015,2019,32.6
salinity@015,2019,32.58
salinity@015,2019,32.57
salinity@015,2019,32.56
salinity@015,2019,32.55
salinity@015,2019,32.54
salinity@015,2019,32.52
salinity@015,2019,32.51
salinity@015,2019,32.5
salinity@015,2019,32.49
salinity@015,2019,32.48
salinity@015,2019,32.46
salinity@015,2019,32.45
salinity@015,2019,32.44
salinity@015,2019,32.43
salinity@015,2019,32.42
salinity@015,2019,32.62
salinity@015,2019,32.61
salinity@015,2019,32.6
salinity@015,2019,32.58
salinity@015,2019,32.57
salinity@015,2019,32.56
salinity@015,2019,32.55
salinity@015,2019,32.54
salinity@015,2019,32.52
salinity@015,2019,32.51
salinity@015,2019,32.5
salinity@015,2019,32.49
salinity@015,2019,32.48
salinity@015,2019,32.46
salinity@015,2019,32.45
salinity@015,2019,32.44
salinity@015,2019,32.43
salinity@015,2019,32.63
salinity@015,2019,32.62
salinity@015,2019,32.61
salinity@015,2019,32.6
salinity@015,2019,32.58
salinity@015,2019,32.57
salinity@015,2019,32.56
salinity@015,2019,32.55
salinity@015,2019,32.54
salinity@015,2019,32.52
salinity@015,2019,32.51
salinity@015,2019,32.5
salinity@015,2019,32.49
salinity@015,2019,32.48
salinity@015,2019,32.46
salinity@015,2019,32.45
salinity@015,2019,32.44
salinity@015,2019,32.43
salinity@015,2019,32.66
salinity@015,2019,32.65
salinity@015,2019,32.63
salinity@015,2019,32.62
salinity@015,2019,32.61
salinity@015,2019,32.6
salinity@015,2019,32.58
salinity@015,2019,32.57
salinity@015,2019,32.56
salinity@015,2019,32.55
salinity@015,2019,32.54
salinity@015,2019,32.52
salinity@015,2019,32.51
salinity@015,2019,32.5
salinity@015,2019,32.49
salinity@015,2019,32.48
salinity@015,2019,32.46
salinity@015,2019,32.45
salinity@015,2019,32.44
salinity@015,2019,32.68
salinity@015,2019,32.67
salinity@015,2019,32.66
salinity@015,2019,32.65
salinity@015,2019,32.63
salinity@015,2019,32.62
salinity@015,2019,32.61
salinity@015,2019,32.6
salinity@015,2019,32.58
salinity@015,2019,32.57
salinity@015,2019,32.56
salinity@015,2019,32.55
salinity@015,2019,32.54
salinity@015,2019,32.52
salinity@015,2019,32.51
salinity@015,2019,32.5
salinity@015,2019,32.49
salinity@015,2019,32.48
salinity@015,2019,32.46
salinity@015,2019,32.71
salinity@015,2019,32.69
salinity@015,2019,32.68
salinity@015,2019,32.67
salinity@015,2019,32.66
salinity@015,2019,32.65
salinity@015,2019,32.63
salinity@015,2019,32.62
salinity@015,2019,32.61
salinity@015,2019,32.6
salinity@015,2019,32.58
salinity@015,2019,32.57
salinity@015,2019,32.56
salinity@015,2019,32.55
salinity@015,2019,32.54
salinity@015,2019,32.52
salinity@015,2019,32.51
salinity@015,2019,32.5
salinity@015,2019,32.49
salinity@015,2019,32.72
salinity@015,2019,32.71
salinity@015,2019,32.69
salinity@015,2019,32.68
salinity@015,2019,32.67
salinity@015,2019,32.66
salinity@015,2019,32.65
salinity@015,2019,32.63
salinity@015,2019,32.62
salinity@015,2019,32.61
salinity@015,2019,32.6
salinity@015,2019,32.58
salinity@015,2019,32.57
salinity@015,2019,32.56
salinity@015,2019,32.55
salinity@015,2019,32.54
salinity@015,2019,32.52
salinity@015,2019,32.51
salinity@015,2019,32.5
salinity@015,2019,32.74
salinity@015,2019,32.73
salinity@015,2019,32.72
salinity@015,2019,32.71
salinity@015,2019,32.69
salinity@015,2019,32.68
salinity@015,2019,32.67
salinity@015,2019,32.66
salinity@015,2019,32.65
salinity@015,2019,32.63
salinity@015,2019,32.62
salinity@015,2019,32.61
salinity@015,2019,32.6
salinity@015,2019,32.58
salinity@015,2019,32.57
salinity@015,2019,32.56
salinity@015,2019,32.55
salinity@015,2019,32.54
salinity@015,2019,32.52
salinity@015,2019,32.77
salinity@015,2019,32.75
salinity@015,2019,32.74
salinity@015,2019,32.73
salinity@015,2019,32.72
salinity@015,2019,32.71
salinity@015,2019,32.69
salinity@015,2019,32.68
salinity@015,2019,32.67
salinity@015,2019,32.66
salinity@015,2019,32.65
salinity@015,2019,32.63
salinity@015,2019,32.62
salinity@015,2019,32.61
salinity@015,2019,32.6
salinity@015,2019,32.58
salinity@015,2019,32.57
salinity@015,2019,32.56
salinity@015,2019,32.55
salinity@015,2019,32.78
salinity@015,2019,32.77
salinity@015,2019,32.75
salinity@015,2019,32.74
salinity@015,2019,32.73
salinity@015,2019,32.72
salinity@015,2019,32.71
salinity@015,2019,32.69
salinity@015,2019,32.68
salinity@015,2019,32.67
salinity@015,2019,32.66
salinity@015,2019,32.65
salinity@015,2019,32.63
salinity@015,2019,32.62
salinity@015,2019,32.61
salinity@015,2019,32.6
salinity@015,2019,32.58
salinity@015,2019,32.57
salinity@015,2019,32.56
salinity@015,2019,32.79
salinity@015,2019,32.78
salinity@015,2019,32.77
salinity@015,2019,32.75
salinity@015,2019,32.74
salinity@015,2019,32.73
salinity@015,2019,32.72
salinity@015,2019,32.71
salinity@015,2019,32.69
salinity@015,2019,32.68
salinity@015,2019,32.67
salinity@015,2019,32.66
salinity@015,2019,32.65
salinity@015,2019,32.63
salinity@015,2019,32.62
salinity@015,2019,32.61
salinity@015,2019,32.6
salinity@015,2019,32.58
salinity@015,2019,32.8
salinity@015,2019,32.79
salinity@015,2019,32.78
salinity@015,2019,32.77
salinity@015,2019,32.75
salinity@015,2019,32.74
salinity@015,2019,32.73
salinity@015,2019,32.72
salinity@015,2019,32.71
salinity@015,2019,32.69
salinity@015,2019,32.68
salinity@015,2019,32.67
salinity@015,2019,32.66
salinity@015,2019,32.65
salinity@015,2019,32.63
salinity@015,2019,32.62
salinity@015,2019,32.61
salinity@015,2019,32.8
salinity@015,2019,32.79
salinity@015,2019,32.78
salinity@015,2019,32.77
salinity@015,2019,32.75
salinity@015,2019,32.74
salinity@015,2019,32.73
salinity@015,2019,32.72
salinity@015,2019,32.71
salinity@015,2019,32.69
salinity@015,2019,32.68
salinity@015,2019,32.67
salinity@015,2019,32.66
salinity@015,2019,32.65
salinity@015,2019,32.63
salinity@015,2019,32.8
salinity@015,2019,32.79
salinity@015,2019,32.78
salinity@015,2019,32.77
salinity@015,2019,32.75
salinity@015,2019,32.74
salinity@015,2019,32.73
salinity@015,2019,32.72
salinity@015,2019,32.71
salinity@015,2019,32.69
salinity@015,2019,32.68
salinity@015,2019,32.67
salinity@015,2019,32.66
salinity@015,2019,32.65
salinity@015,2019,32.8
salinity@015,2019,32.79
salinity@015,2019,32.78
salinity@015,2019,32.77
salinity@015,2019,32.75
salinity@015,2019,32.74
salinity@015,2019,32.73
salinity@015,2019,32.72
salinity@015,2019,32.71
salinity@015,2019,32.69
salinity@015,2019,32.68
salinity@015,2019,32.67
salinity@015,2019,32.66
salinity@015,2019,32.65
salinity@015,2019,32.8
salinity@015,2019,32.79
salinity@015,2019,32.78
salinity@015,2019,32.77
salinity@015,2019,32.75
salinity@015,2019,32.74
salinity@015,2019,32.73
salinity@015,2019,32.72
salinity@015,2019,32.71
salinity@015,2019,32.69
salinity@015,2019,32.68
salinity@015,2019,32.67
salinity@015,2019,32.66
salinity@015,2019,32.65
salinity@015,2019,32.63
salinity@015,2019,32.79
salinity@015,2019,32.78
salinity@015,2019,32.77
salinity@015,2019,32.75
salinity@015,2019,32.74
salinity@015,2019,32.73
salinity@015,2019,32.72
salinity@015,2019,32.71
salinity@015,2019,32.69
salinity@015,2019,32.68
salinity@015,2019,32.67
salinity@015,2019,32.66
salinity@015,2019,32.65
salinity@015,2019,32.63
salinity@015,2019,32.62
salinity@015,2019,32.78
salinity@015,2019,32.77
salinity@015,2019,32.75
salinity@015,2019,32.74
salinity@015,2019,32.73
salinity@015,2019,32.72
salinity@015,2019,32.71
salinity@015,2019,32.69
salinity@015,2019,32.68
salinity@015,2019,32.67
salinity@015,2019,32.66
salinity@015,2019,32.65
salinity@015,2019,32.63
salinity@015,2019,32.62
salinity@015,2019,32.61
salinity@015,2019,32.77
salinity@015,2019,32.75
salinity@015,2019,32.74
salinity@015,2019,32.73
salinity@015,2019,32.72
salinity@015,2019,32.71
salinity@015,2019,32.69
salinity@015,2019,32.68
salinity@015,2019,32.67
salinity@015,2019,32.66
salinity@015,2019,32.65
salinity@015,2019,32.63
salinity@015,2019,32.62
salinity@015,2019,32.61
salinity@015,2019,32.6
salinity@015,2019,32.74
salinity@015,2019,32.73
salinity@015,2019,32.72
salinity@015,2019,32.71
salinity@015,2019,32.69
salinity@015,2019,32.68
salinity@015,2019,32.67
salinity@015,2019,32.66
salinity@015,2019,32.65
salinity@015,2019,32.63
salinity@015,2019,32.62
salinity@015,2019,32.61
salinity@015,2019,32.6
salinity@015,2019,32.58
salinity@015,2019,32.57
salinity@015,2019,32.73
salinity@015,2019,32.72
salinity@015,2019,32.71
salinity@015,2019,32.69
salinity@015,2019,32.68
salinity@015,2019,32.67
salinity@015,2019,32.66
salinity@015,2019,32.65
salinity@015,2019,32.63
salinity@015,2019,32.62
salinity@015,2019,32.61
salinity@015,2019,32.6
salinity@015,2019,32.58
salinity@015,2019,32.57
salinity@015,2019,32.56
salinity@015,2019,32.72
salinity@015,2019,32.71
salinity@015,2019,32.69
salinity@015,2019,32.68
salinity@015,2019,32.67
salinity@015,2019,32.66
salinity@015,2019,32.65
salinity@015,2019,32.63
salinity@015,2019,32.62
salinity@015,2019,32.61
salinity@015,2019,32.6
salinity@015,2019,32.58
salinity@015,2019,32.57
salinity@015,2019,32.56
salinity@015,2019,32.55
salinity@015,2019,32.71
salinity@015,2019,32.69
salinity@015,2019,32.68
salinity@015,2019,32.67
salinity@015,2019,32.66
salinity@015,2019,32.65
salinity@015,2019,32.63
salinity@015,2019,32.62
salinity@015,2019,32.61
salinity@015,2019,32.6
salinity@015,2019,32.58
salinity@015,2019,32.57
salinity@015,2019,32.56
salinity@015,2019,32.55
salinity@015,2019,32.54
salinity@015,2019,32.52
salinity@015,2019,32.69
salinity@015,2019,32.68
salinity@015,2019,32.67
salinity@015,2019,32.66
salinity@015,2019,32.65
salinity@015,2019,32.63
salinity@015,2019,32.62
salinity@015,2019,32.61
salinity@015,2019,32.6
salinity@015,2019,32.58
salinity@015,2019,32.57
salinity@015,2019,32.56
salinity@015,2019,32.55
salinity@015,2019,32.54
salinity@015,2019,32.52
salinity@015,2019,32.51
salinity@015,2019,32.5
salinity@015,2019,32.49
salinity@015,2019,32.67
salinity@015,2019,32.66
salinity@015,2019,32.65
salinity@015,2019,32.63
salinity@015,2019,32.62
salinity@015,2019,32.61
salinity@015,2019,32.6
salinity@015,2019,32.58
salinity@015,2019,32.57
salinity@015,2019,32.56
salinity@015,2019,32.55
salinity@015,2019,32.54
salinity@015,2019,32.52
salinity@015,2019,32.51
salinity@015,2019,32.5
salinity@015,2019,32.49
salinity@015,2019,32.48
salinity@015,2019,32.46
salinity@015,2019,32.45
salinity@015,2019,32.44
salinity@015,2019,32.66
salinity@015,2019,32.65
salinity@015,2019,32.63
salinity@015,2019,32.62
salinity@015,2019,32.61
salinity@015,2019,32.6
salinity@015,2019,32.58
salinity@015,2019,32.57
salinity@015,2019,32.56
salinity@015,2019,32.55
salinity@015,2019,32.54
salinity@015,2019,32.52
salinity@015,2019,32.51
salinity@015,2019,32.5
salinity@015,2019,32.49
salinity@015,2019,32.48
salinity@015,2019,32.46
salinity@015,2019,32.45
salinity@015,2019,32.44
salinity@015,2019,32.43
salinity@015,2019,32.42
salinity@015,2019,32.4
salinity@015,2019,32.39
salinity@015,2019,32.65
salinity@015,2019,32.63
salinity@015,2019,32.62
salinity@015,2019,32.61
salinity@015,2019,32.6
salinity@015,2019,32.58
salinity@015,2019,32.57
salinity@015,2019,32.56
salinity@015,2019,32.55
salinity@015,2019,32.54
salinity@015,2019,32.52
salinity@015,2019,32.51
salinity@015,2019,32.5
salinity@015,2019,32.49
salinity@015,2019,32.48
salinity@015,2019,32.46
salinity@015,2019,32.45
salinity@015,2019,32.44
salinity@015,2019,32.43
salinity@015,2019,32.42
salinity@015,2019,32.4
salinity@015,2019,32.39
salinity@015,2019,32.38
salinity@015,2019,32.37
salinity@015,2019,32.36
salinity@015,2019,32.63
salinity@015,2019,32.62
salinity@015,2019,32.61
salinity@015,2019,32.6
salinity@015,2019,32.58
salinity@015,2019,32.57
salinity@015,2019,32.56
salinity@015,2019,32.55
salinity@015,2019,32.54
salinity@015,2019,32.52
salinity@015,2019,32.51
salinity@015,2019,32.5
salinity@015,2019,32.49
salinity@015,2019,32.48
salinity@015,2019,32.46
salinity@015,2019,32.45
salinity@015,2019,32.44
salinity@015,2019,32.43
salinity@015,2019,32.42
salinity@015,2019,32.4
salinity@015,2019,32.39
salinity@015,2019,32.38
salinity@015,2019,32.37
salinity@015,2019,32.36
salinity@015,2019,32.34
salinity@015,2019,32.33
salinity@015,2019,32.32
salinity@015,2019,32.31
salinity@015,2019,32.61
salinity@015,2019,32.6
salinity@015,2019,32.58
salinity@015,2019,32.57
salinity@015,2019,32.56
salinity@015,2019,32.55
salinity@015,2019,32.54
salinity@015,2019,32.52
salinity@015,2019,32.51
salinity@015,2019,32.5
salinity@015,2019,32.49
salinity@015,2019,32.48
salinity@015,2019,32.46
salinity@015,2019,32.45
salinity@015,2019,32.44
salinity@015,2019,32.43
salinity@015,2019,32.42
salinity@015,2019,32.4
salinity@015,2019,32.39
salinity@015,2019,32.38
salinity@015,2019,32.37
salinity@015,2019,32.36
salinity@015,2019,32.34
salinity@015,2019,32.33
salinity@015,2019,32.32
salinity@015,2019,32.31
salinity@015,2019,32.29
salinity@015,2019,32.28
salinity@015,2019,32.27
salinity@015,2019,32.26
salinity@015,2019,32.6
salinity@015,2019,32.58
salinity@015,2019,32.57
salinity@015,2019,32.56
salinity@015,2019,32.55
salinity@015,2019,32.54
salinity@015,2019,32.52
salinity@015,2019,32.51
salinity@015,2019,32.5
salinity@015,2019,32.49
salinity@015,2019,32.48
salinity@015,2019,32.46
salinity@015,2019,32.45
salinity@015,2019,32.44
salinity@015,2019,32.43
salinity@015,2019,32.42
salinity@015,2019,32.4
salinity@015,2019,32.39
salinity@015,2019,32.38
salinity@015,2019,32.37
salinity@015,2019,32.36
salinity@015,2019,32.34
salinity@015,2019,32.33
salinity@015,2019,32.32
salinity@015,2019,32.31
salinity@015,2019,32.29
salinity@015,2019,32.28
salinity@015,2019,32.27
salinity@015,2019,32.26
salinity@015,2019,32.25
salinity@015,2019,32.23
salinity@015,2019,32.22
salinity@015,2019,32.58
salinity@015,2019,32.57
salinity@015,2019,32.56
salinity@015,2019,32.55
salinity@015,2019,32.54
salinity@015,2019,32.52
salinity@015,2019,32.51
salinity@015,2019,32.5
salinity@015,2019,32.49
salinity@015,2019,32.48
salinity@015,2019,32.46
salinity@015,2019,32.45
salinity@015,2019,32.44
salinity@015,2019,32.43
salinity@015,2019,32.42
salinity@015,2019,32.4
salinity@015,2019,32.39
salinity@015,2019,32.38
salinity@015,2019,32.37
salinity@015,2019,32.36
salinity@015,2019,32.34
salinity@015,2019,32.33
salinity@015,2019,32.32
salinity@015,2019,32.31
salinity@015,2019,32.29
salinity@015,2019,32.28
salinity@015,2019,32.27
salinity@015,2019,32.26
salinity@015,2019,32.25
salinity@015,2019,32.23
salinity@015,2019,32.22
salinity@015,2019,32.21
salinity@015,2019,32.2
salinity@015,2019,32.19
salinity@015,2019,32.17
salinity@015,2019,32.55
salinity@015,2019,32.54
salinity@015,2019,32.52
salinity@015,2019,32.51
salinity@015,2019,32.5
salinity@015,2019,32.49
salinity@015,2019,32.48
salinity@015,2019,32.46
salinity@015,2019,32.45
salinity@015,2019,32.44
salinity@015,2019,32.43
salinity@015,2019,32.42
salinity@015,2019,32.4
salinity@015,2019,32.39
salinity@015,2019,32.38
salinity@015,2019,32.37
salinity@015,2019,32.36
salinity@015,2019,32.34
salinity@015,2019,32.33
salinity@015,2019,32.32
salinity@015,2019,32.31
salinity@015,2019,32.29
salinity@015,2019,32.28
salinity@015,2019,32.27
salinity@015,2019,32.26
salinity@015,2019,32.25
salinity@015,2019,32.23
salinity@015,2019,32.22
salinity@015,2019,32.21
salinity@015,2019,32.2
salinity@015,2019,32.19
salinity@015,2019,32.17
salinity@015,2019,32.16
salinity@015,2019,32.15
salinity@015,2019,32.14
salinity@015,2019,32.13
salinity@015,2019,32.51
salinity@015,2019,32.5
salinity@015,2019,32.49
salinity@015,2019,32.48
salinity@015,2019,32.46
salinity@015,2019,32.45
salinity@015,2019,32.44
salinity@015,2019,32.43
salinity@015,2019,32.42
salinity@015,2019,32.4
salinity@015,2019,32.39
salinity@015,2019,32.38
salinity@015,2019,32.37
salinity@015,2019,32.36
salinity@015,2019,32.34
salinity@015,2019,32.33
salinity@015,2019,32.32
salinity@015,2019,32.31
salinity@015,2019,32.29
salinity@015,2019,32.28
salinity@015,2019,32.27
salinity@015,2019,32.26
salinity@015,2019,32.25
salinity@015,2019,32.23
salinity@015,2019,32.22
salinity@015,2019,32.21
salinity@015,2019,32.2
salinity@015,2019,32.19
salinity@015,2019,32.17
salinity@015,2019,32.16
salinity@015,2019,32.15
salinity@015,2019,32.14
salinity@015,2019,32.13
salinity@015,2019,32.11
salinity@015,2019,32.1
salinity@015,2019,32.09
salinity@015,2019,32.46
salinity@015,2019,32.45
salinity@015,2019,32.44
salinity@015,2019,32.43
salinity@015,2019,32.42
salinity@015,2019,32.4
salinity@015,2019,32.39
salinity@015,2019,32.38
salinity@015,2019,32.37
salinity@015,2019,32.36
salinity@015,2019,32.34
salinity@015,2019,32.33
salinity@015,2019,32.32
salinity@015,2019,32.31
salinity@015,2019,32.29
salinity@015,2019,32.28
salinity@015,2019,32.27
salinity@015,2019,32.26
salinity@015,2019,32.25
salinity@015,2019,32.23
salinity@015,2019,32.22
salinity@015,2019,32.21
salinity@015,2019,32.2
salinity@015,2019,32.19
salinity@015,2019,32.17
salinity@015,2019,32.16
salinity@015,2019,32.15
salinity@015,2019,32.14
salinity@015,2019,32.13
salinity@015,2019,32.11
salinity@015,2019,32.1
salinity@015,2019,32.09
salinity@015,2019,32.08
salinity@015,2019,32.06
salinity@015,2019,32.05
salinity@015,2019,32.04
salinity@015,2019,32.42
salinity@015,2019,32.4
salinity@015,2019,32.39
salinity@015,2019,32.38
salinity@015,2019,32.37
salinity@015,2019,32.36
salinity@015,2019,32.34
salinity@015,2019,32.33
salinity@015,2019,32.32
salinity@015,2019,32.31
salinity@015,2019,32.29
salinity@015,2019,32.28
salinity@015,2019,32.27
salinity@015,2019,32.26
salinity@015,2019,32.25
salinity@015,2019,32.23
salinity@015,2019,32.22
salinity@015,2019,32.21
salinity@015,2019,32.2
salinity@015,2019,32.19
salinity@015,2019,32.17
salinity@015,2019,32.16
salinity@015,2019,32.15
salinity@015,2019,32.14
salinity@015,2019,32.13
salinity@015,2019,32.11
salinity@015,2019,32.1
salinity@015,2019,32.09
salinity@015,2019,32.08
salinity@015,2019,32.06
salinity@015,2019,32.05
salinity@015,2019,32.04
salinity@015,2019,32.03
salinity@015,2019,32.02
salinity@015,2019,32
salinity@015,2019,31.99
salinity@015,2019,32.38
salinity@015,2019,32.37
salinity@015,2019,32.36
salinity@015,2019,32.34
salinity@015,2019,32.33
salinity@015,2019,32.32
salinity@015,2019,32.31
salinity@015,2019,32.29
salinity@015,2019,32.28
salinity@015,2019,32.27
salinity@015,2019,32.26
salinity@015,2019,32.25
salinity@015,2019,32.23
salinity@015,2019,32.22
salinity@015,2019,32.21
salinity@015,2019,32.2
salinity@015,2019,32.19
salinity@015,2019,32.17
salinity@015,2019,32.16
salinity@015,2019,32.15
salinity@015,2019,32.14
salinity@015,2019,32.13
salinity@015,2019,32.11
salinity@015,2019,32.1
salinity@015,2019,32.09
salinity@015,2019,32.08
salinity@015,2019,32.06
salinity@015,2019,32.05
salinity@015,2019,32.04
salinity@015,2019,32.03
salinity@015,2019,32.02
salinity@015,2019,32
salinity@015,2019,31.99
salinity@015,2019,31.98
salinity@015,2019,31.97
salinity@015,2019,31.96
salinity@015,2019,32.33
salinity@015,2019,32.32
salinity@015,2019,32.31
salinity@015,2019,32.29
salinity@015,2019,32.28
salinity@015,2019,32.27
salinity@015,2019,32.26
salinity@015,2019,32.25
salinity@015,2019,32.23
salinity@015,2019,32.22
salinity@015,2019,32.21
salinity@015,2019,32.2
salinity@015,2019,32.19
salinity@015,2019,32.17
salinity@015,2019,32.16
salinity@015,2019,32.15
salinity@015,2019,32.14
salinity@015,2019,32.13
salinity@015,2019,32.11
salinity@015,2019,32.1
salinity@015,2019,32.09
salinity@015,2019,32.08
salinity@015,2019,32.06
salinity@015,2019,32.05
salinity@015,2019,32.04
salinity@015,2019,32.03
salinity@015,2019,32.02
salinity@015,2019,32
salinity@015,2019,31.99
salinity@015,2019,31.98
salinity@015,2019,31.97
salinity@015,2019,31.96
salinity@015,2019,31.94
salinity@015,2019,32.28
salinity@015,2019,32.27
salinity@015,2019,32.26
salinity@015,2019,32.25
salinity@015,2019,32.23
salinity@015,2019,32.22
salinity@015,2019,32.21
salinity@015,2019,32.2
salinity@015,2019,32.19
salinity@015,2019,32.17
salinity@015,2019,32.16
salinity@015,2019,32.15
salinity@015,2019,32.14
salinity@015,2019,32.13
salinity@015,2019,32.11
salinity@015,2019,32.1
salinity@015,2019,32.09
salinity@015,2019,32.08
salinity@015,2019,32.06
salinity@015,2019,32.05
salinity@015,2019,32.04
salinity@015,2019,32.03
salinity@015,2019,32.02
salinity@015,2019,32
salinity@015,2019,31.99
salinity@015,2019,31.98
salinity@015,2019,31.97
salinity@015,2019,31.96
salinity@015,2019,31.94
salinity@015,2019,32.25
salinity@015,2019,32.23
salinity@015,2019,32.22
salinity@015,2019,32.21
salinity@015,2019,32.2
salinity@015,2019,32.19
salinity@015,2019,32.17
salinity@015,2019,32.16
salinity@015,2019,32.15
salinity@015,2019,32.14
salinity@015,2019,32.13
salinity@015,2019,32.11
salinity@015,2019,32.1
salinity@015,2019,32.09
salinity@015,2019,32.08
salinity@015,2019,32.06
salinity@015,2019,32.05
salinity@015,2019,32.04
salinity@015,2019,32.03
salinity@015,2019,32.02
salinity@015,2019,32
salinity@015,2019,31.99
salinity@015,2019,31.98
salinity@015,2019,31.97
salinity@015,2019,31.96
salinity@015,2019,31.94
salinity@015,2019,32.2
salinity@015,2019,32.19
salinity@015,2019,32.17
salinity@015,2019,32.16
salinity@015,2019,32.15
salinity@015,2019,32.14
salinity@015,2019,32.13
salinity@015,2019,32.11
salinity@015,2019,32.1
salinity@015,2019,32.09
salinity@015,2019,32.08
salinity@015,2019,32.06
salinity@015,2019,32.05
salinity@015,2019,32.04
salinity@015,2019,32.03
salinity@015,2019,32.02
salinity@015,2019,32
salinity@015,2019,31.99
salinity@015,2019,31.98
salinity@015,2019,31.97
salinity@015,2019,31.96
salinity@015,2019,31.94
salinity@015,2019,31.93
salinity@015,2019,32.15
salinity@015,2019,32.14
salinity@015,2019,32.13
salinity@015,2019,32.11
salinity@015,2019,32.1
salinity@015,2019,32.09
salinity@015,2019,32.08
salinity@015,2019,32.06
salinity@015,2019,32.05
salinity@015,2019,32.04
salinity@015,2019,32.03
salinity@015,2019,32.02
salinity@015,2019,32
salinity@015,2019,31.99
salinity@015,2019,31.98
salinity@015,2019,31.97
salinity@015,2019,31.96
salinity@015,2019,31.94
salinity@015,2019,31.93
salinity@015,2019,32.11
salinity@015,2019,32.1
salinity@015,2019,32.09
salinity@015,2019,32.08
salinity@015,2019,32.06
salinity@015,2019,32.05
salinity@015,2019,32.04
salinity@015,2019,32.03
salinity@015,2019,32.02
salinity@015,2019,32
salinity@015,2019,31.99
salinity@015,2019,31.98
salinity@015,2019,31.97
salinity@015,2019,31.96
salinity@015,2019,31.94
salinity@015,2019,31.93
salinity@015,2019,32.06
salinity@015,2019,32.05
salinity@015,2019,32.04
salinity@015,2019,32.03
salinity@015,2019,32.02
salinity@015,2019,32
salinity@015,2019,31.99
salinity@015,2019,31.98
salinity@015,2019,31.97
salinity@015,2019,31.96
salinity@015,2019,31.94
salinity@015,2019,31.93
salinity@015,2019,32.04
salinity@015,2019,32.03
salinity@015,2019,32.02
salinity@015,2019,32
salinity@015,2019,31.99
salinity@015,2019,31.98
salinity@015,2019,31.97
salinity@015,2019,31.96
salinity@015,2019,31.94
salinity@015,2019,31.93
salinity@015,2019,32.04
salinity@015,2019,32.03
salinity@015,2019,32.02
salinity@015,2019,32
salinity@015,2019,31.99
salinity@015,2019,31.98
salinity@015,2019,31.97
salinity@015,2019,31.96
salinity@015,2019,31.94
salinity@015,2019,31.93
salinity@015,2019,32.04
salinity@015,2019,32.03
salinity@015,2019,32.02
salinity@015,2019,32
salinity@015,2019,31.99
salinity@015,2019,31.98
salinity@015,2019,31.97
salinity@015,2019,31.96
salinity@015,2019,31.94
salinity@015,2019,31.93
salinity@015,2019,32.04
salinity@015,2019,32.03
salinity@015,2019,32.02
salinity@015,2019,32
salinity@015,2019,31.99
salinity@015,2019,31.98
salinity@015,2019,31.97
salinity@015,2019,31.96
salinity@015,2019,31.94
salinity@015,2019,31.93
salinity@015,2019,32.04
salinity@015,2019,32.03
salinity@015,2019,32.02
salinity@015,2019,32
salinity@015,2019,31.99
salinity@015,2019,31.98
salinity@015,2019,31.97
salinity@015,2019,31.96
salinity@015,2019,31.94
salinity@015,2019,31.93
salinity@015,2019,32.04
salinity@015,2019,32.03
salinity@015,2019,32.02
salinity@015,2019,32
salinity@015,2019,31.99
salinity@015,2019,31.98
salinity@015,2019,31.97
salinity@015,2019,31.96
salinity@015,2019,31.94
salinity@015,2019,31.93
salinity@015,2019,32.04
salinity@015,2019,32.03
salinity@015,2019,32.02
salinity@015,2019,32
salinity@015,2019,31.99
salinity@015,2019,31.98
salinity@015,2019,31.97
salinity@015,2019,31.96
salinity@015,2019,31.94
salinity@015,2019,31.93
salinity@015,2019,32.04
salinity@015,2019,32.03
salinity@015,2019,32.02
salinity@015,2019,32
salinity@015,2019,31.99
salinity@015,2019,31.98
salinity@015,2019,31.97
salinity@015,2019,31.96
salinity@015,2019,31.94
salinity@015,2019,31.93
salinity@015,2019,31.92
salinity@015,2019,31.91
salinity@015,2019,32.04
salinity@015,2019,32.03
salinity@015,2019,32.02
salinity@015,2019,32
salinity@015,2019,31.99
salinity@015,2019,31.98
salinity@015,2019,31.97
salinity@015,2019,31.96
salinity@015,2019,31.94
salinity@015,2019,31.93
salinity@015,2019,31.92
salinity@015,2019,31.91
salinity@015,2019,31.9
salinity@015,2019,31.88
salinity@015,2019,31.87
salinity@015,2019,32.04
salinity@015,2019,32.03
salinity@015,2019,32.02
salinity@015,2019,32
salinity@015,2019,31.99
salinity@015,2019,31.98
salinity@015,2019,31.97
salinity@015,2019,31.96
salinity@015,2019,31.94
salinity@015,2019,31.93
salinity@015,2019,31.92
salinity@015,2019,31.91
salinity@015,2019,31.9
salinity@015,2019,31.88
salinity@015,2019,31.87
salinity@015,2019,31.86
salinity@015,2019,31.85
salinity@015,2019,31.84
salinity@015,2019,32.04
salinity@015,2019,32.03
salinity@015,2019,32.02
salinity@015,2019,32
salinity@015,2019,31.99
salinity@015,2019,31.98
salinity@015,2019,31.97
salinity@015,2019,31.96
salinity@015,2019,31.94
salinity@015,2019,31.93
salinity@015,2019,31.92
salinity@015,2019,31.91
salinity@015,2019,31.9
salinity@015,2019,31.88
salinity@015,2019,31.87
salinity@015,2019,31.86
salinity@015,2019,31.85
salinity@015,2019,31.84
salinity@015,2019,31.82
salinity@015,2019,31.81
salinity@015,2019,31.8
salinity@015,2019,32.04
salinity@015,2019,32.03
salinity@015,2019,32.02
salinity@015,2019,32
salinity@015,2019,31.99
salinity@015,2019,31.98
salinity@015,2019,31.97
salinity@015,2019,31.96
salinity@015,2019,31.94
salinity@015,2019,31.93
salinity@015,2019,31.92
salinity@015,2019,31.91
salinity@015,2019,31.9
salinity@015,2019,31.88
salinity@015,2019,31.87
salinity@015,2019,31.86
salinity@015,2019,31.85
salinity@015,2019,31.84
salinity@015,2019,31.82
salinity@015,2019,31.81
salinity@015,2019,31.8
salinity@015,2019,31.79
salinity@015,2019,31.77
salinity@015,2019,32.03
salinity@015,2019,32.02
salinity@015,2019,32
salinity@015,2019,31.99
salinity@015,2019,31.98
salinity@015,2019,31.97
salinity@015,2019,31.96
salinity@015,2019,31.94
salinity@015,2019,31.93
salinity@015,2019,31.92
salinity@015,2019,31.91
salinity@015,2019,31.9
salinity@015,2019,31.88
salinity@015,2019,31.87
salinity@015,2019,31.86
salinity@015,2019,31.85
salinity@015,2019,31.84
salinity@015,2019,31.82
salinity@015,2019,31.81
salinity@015,2019,31.8
salinity@015,2019,31.79
salinity@015,2019,31.77
salinity@015,2019,31.76
salinity@015,2019,31.75
salinity@015,2019,31.74
salinity@015,2019,32.02
salinity@015,2019,32
salinity@015,2019,31.99
salinity@015,2019,31.98
salinity@015,2019,31.97
salinity@015,2019,31.96
salinity@015,2019,31.94
salinity@015,2019,31.93
salinity@015,2019,31.92
salinity@015,2019,31.91
salinity@015,2019,31.9
salinity@015,2019,31.88
salinity@015,2019,31.87
salinity@015,2019,31.86
salinity@015,2019,31.85
salinity@015,2019,31.84
salinity@015,2019,31.82
salinity@015,2019,31.81
salinity@015,2019,31.8
salinity@015,2019,31.79
salinity@015,2019,31.77
salinity@015,2019,31.76
salinity@015,2019,31.75
salinity@015,2019,31.74
salinity@015,2019,31.73
salinity@015,2019,31.71
salinity@015,2019,31.7
salinity@015,2019,31.99
salinity@015,2019,31.98
salinity@015,2019,31.97
salinity@015,2019,31.96
salinity@015,2019,31.94
salinity@015,2019,31.93
salinity@015,2019,31.92
salinity@015,2019,31.91
salinity@015,2019,31.9
salinity@015,2019,31.88
salinity@015,2019,31.87
salinity@015,2019,31.86
salinity@015,2019,31.85
salinity@015,2019,31.84
salinity@015,2019,31.82
salinity@015,2019,31.81
salinity@015,2019,31.8
salinity@015,2019,31.79
salinity@015,2019,31.77
salinity@015,2019,31.76
salinity@015,2019,31.75
salinity@015,2019,31.74
salinity@015,2019,31.73
salinity@015,2019,31.71
salinity@015,2019,31.7
salinity@015,2019,31.69
salinity@015,2019,31.68
salinity@015,2019,31.96
salinity@015,2019,31.94
salinity@015,2019,31.93
salinity@015,2019,31.92
salinity@015,2019,31.91
salinity@015,2019,31.9
salinity@015,2019,31.88
salinity@015,2019,31.87
salinity@015,2019,31.86
salinity@015,2019,31.85
salinity@015,2019,31.84
salinity@015,2019,31.82
salinity@015,2019,31.81
salinity@015,2019,31.8
salinity@015,2019,31.79
salinity@015,2019,31.77
salinity@015,2019,31.76
salinity@015,2019,31.75
salinity@015,2019,31.74
salinity@015,2019,31.73
salinity@015,2019,31.71
salinity@015,2019,31.7
salinity@015,2019,31.69
salinity@015,2019,31.68
salinity@015,2019,31.67
salinity@015,2019,31.65
salinity@015,2019,31.64
salinity@015,2019,31.93
salinity@015,2019,31.92
salinity@015,2019,31.91
salinity@015,2019,31.9
salinity@015,2019,31.88
salinity@015,2019,31.87
salinity@015,2019,31.86
salinity@015,2019,31.85
salinity@015,2019,31.84
salinity@015,2019,31.82
salinity@015,2019,31.81
salinity@015,2019,31.8
salinity@015,2019,31.79
salinity@015,2019,31.77
salinity@015,2019,31.76
salinity@015,2019,31.75
salinity@015,2019,31.74
salinity@015,2019,31.73
salinity@015,2019,31.71
salinity@015,2019,31.7
salinity@015,2019,31.69
salinity@015,2019,31.68
salinity@015,2019,31.67
salinity@015,2019,31.65
salinity@015,2019,31.64
salinity@015,2019,31.63
salinity@015,2019,31.62
salinity@015,2019,31.61
salinity@015,2019,31.9
salinity@015,2019,31.88
salinity@015,2019,31.87
salinity@015,2019,31.86
salinity@015,2019,31.85
salinity@015,2019,31.84
salinity@015,2019,31.82
salinity@015,2019,31.81
salinity@015,2019,31.8
salinity@015,2019,31.79
salinity@015,2019,31.77
salinity@015,2019,31.76
salinity@015,2019,31.75
salinity@015,2019,31.74
salinity@015,2019,31.73
salinity@015,2019,31.71
salinity@015,2019,31.7
salinity@015,2019,31.69
salinity@015,2019,31.68
salinity@015,2019,31.67
salinity@015,2019,31.65
salinity@015,2019,31.64
salinity@015,2019,31.63
salinity@015,2019,31.62
salinity@015,2019,31.61
salinity@015,2019,31.59
salinity@015,2019,31.58
salinity@015,2019,31.57
salinity@015,2019,31.86
salinity@015,2019,31.85
salinity@015,2019,31.84
salinity@015,2019,31.82
salinity@015,2019,31.81
salinity@015,2019,31.8
salinity@015,2019,31.79
salinity@015,2019,31.77
salinity@015,2019,31.76
salinity@015,2019,31.75
salinity@015,2019,31.74
salinity@015,2019,31.73
salinity@015,2019,31.71
salinity@015,2019,31.7
salinity@015,2019,31.69
salinity@015,2019,31.68
salinity@015,2019,31.67
salinity@015,2019,31.65
salinity@015,2019,31.64
salinity@015,2019,31.63
salinity@015,2019,31.62
salinity@015,2019,31.61
salinity@015,2019,31.59
salinity@015,2019,31.58
salinity@015,2019,31.57
salinity@015,2019,31.56
salinity@015,2019,31.54
salinity@015,2019,31.84
salinity@015,2019,31.82
salinity@015,2019,31.81
salinity@015,2019,31.8
salinity@015,2019,31.79
salinity@015,2019,31.77
salinity@015,2019,31.76
salinity@015,2019,31.75
salinity@015,2019,31.74
salinity@015,2019,31.73
salinity@015,2019,31.71
salinity@015,2019,31.7
salinity@015,2019,31.69
salinity@015,2019,31.68
salinity@015,2019,31.67
salinity@015,2019,31.65
salinity@015,2019,31.64
salinity@015,2019,31.63
salinity@015,2019,31.62
salinity@015,2019,31.61
salinity@015,2019,31.59
salinity@015,2019,31.58
salinity@015,2019,31.57
salinity@015,2019,31.56
salinity@015,2019,31.54
salinity@015,2019,31.53
salinity@015,2019,31.8
salinity@015,2019,31.79
salinity@015,2019,31.77
salinity@015,2019,31.76
salinity@015,2019,31.75
salinity@015,2019,31.74
salinity@015,2019,31.73
salinity@015,2019,31.71
salinity@015,2019,31.7
salinity@015,2019,31.69
salinity@015,2019,31.68
salinity@015,2019,31.67
salinity@015,2019,31.65
salinity@015,2019,31.64
salinity@015,2019,31.63
salinity@015,2019,31.62
salinity@015,2019,31.61
salinity@015,2019,31.59
salinity@015,2019,31.58
salinity@015,2019,31.57
salinity@015,2019,31.56
salinity@015,2019,31.54
salinity@015,2019,31.53
salinity@015,2019,31.52
salinity@015,2019,31.76
salinity@015,2019,31.75
salinity@015,2019,31.74
salinity@015,2019,31.73
salinity@015,2019,31.71
salinity@015,2019,31.7
salinity@015,2019,31.69
salinity@015,2019,31.68
salinity@015,2019,31.67
salinity@015,2019,31.65
salinity@015,2019,31.64
salinity@015,2019,31.63
salinity@015,2019,31.62
salinity@015,2019,31.61
salinity@015,2019,31.59
salinity@015,2019,31.58
salinity@015,2019,31.57
salinity@015,2019,31.56
salinity@015,2019,31.54
salinity@015,2019,31.53
salinity@015,2019,31.52
salinity@015,2019,31.73
salinity@015,2019,31.71
salinity@015,2019,31.7
salinity@015,2019,31.69
salinity@015,2019,31.68
salinity@015,2019,31.67
salinity@015,2019,31.65
salinity@015,2019,31.64
salinity@015,2019,31.63
salinity@015,2019,31.62
salinity@015,2019,31.61
salinity@015,2019,31.59
salinity@015,2019,31.58
salinity@015,2019,31.57
salinity@015,2019,31.56
salinity@015,2019,31.54
salinity@015,2019,31.53
salinity@015,2019,31.52
salinity@015,2019,31.7
salinity@015,2019,31.69
salinity@015,2019,31.68
salinity@015,2019,31.67
salinity@015,2019,31.65
salinity@015,2019,31.64
salinity@015,2019,31.63
salinity@015,2019,31.62
salinity@015,2019,31.61
salinity@015,2019,31.59
salinity@015,2019,31.58
salinity@015,2019,31.57
salinity@015,2019,31.56
salinity@015,2019,31.54
salinity@015,2019,31.53
salinity@015,2019,31.52
salinity@015,2019,31.68
salinity@015,2019,31.67
salinity@015,2019,31.65
salinity@015,2019,31.64
salinity@015,2019,31.63
salinity@015,2019,31.62
salinity@015,2019,31.61
salinity@015,2019,31.59
salinity@015,2019,31.58
salinity@015,2019,31.57
salinity@015,2019,31.56
salinity@015,2019,31.54
salinity@015,2019,31.53
salinity@015,2019,31.52
salinity@015,2019,31.69
salinity@015,2019,31.68
salinity@015,2019,31.67
salinity@015,2019,31.65
salinity@015,2019,31.64
salinity@015,2019,31.63
salinity@015,2019,31.62
salinity@015,2019,31.61
salinity@015,2019,31.59
salinity@015,2019,31.58
salinity@015,2019,31.57
salinity@015,2019,31.56
salinity@015,2019,31.54
salinity@015,2019,31.53
salinity@015,2019,31.7
salinity@015,2019,31.69
salinity@015,2019,31.68
salinity@015,2019,31.67
salinity@015,2019,31.65
salinity@015,2019,31.64
salinity@015,2019,31.63
salinity@015,2019,31.62
salinity@015,2019,31.61
salinity@015,2019,31.59
salinity@015,2019,31.58
salinity@015,2019,31.57
salinity@015,2019,31.56
salinity@015,2019,31.54
salinity@015,2019,31.71
salinity@015,2019,31.7
salinity@015,2019,31.69
salinity@015,2019,31.68
salinity@015,2019,31.67
salinity@015,2019,31.65
salinity@015,2019,31.64
salinity@015,2019,31.63
salinity@015,2019,31.62
salinity@015,2019,31.61
salinity@015,2019,31.59
salinity@015,2019,31.58
salinity@015,2019,31.57
salinity@015,2019,31.56
salinity@015,2019,31.74
salinity@015,2019,31.73
salinity@015,2019,31.71
salinity@015,2019,31.7
salinity@015,2019,31.69
salinity@015,2019,31.68
salinity@015,2019,31.67
salinity@015,2019,31.65
salinity@015,2019,31.64
salinity@015,2019,31.63
salinity@015,2019,31.62
salinity@015,2019,31.61
salinity@015,2019,31.59
salinity@015,2019,31.58
salinity@015,2019,31.57
salinity@015,2019,31.75
salinity@015,2019,31.74
salinity@015,2019,31.73
salinity@015,2019,31.71
salinity@015,2019,31.7
salinity@015,2019,31.69
salinity@015,2019,31.68
salinity@015,2019,31.67
salinity@015,2019,31.65
salinity@015,2019,31.64
salinity@015,2019,31.63
salinity@015,2019,31.62
salinity@015,2019,31.61
salinity@015,2019,31.59
salinity@015,2019,31.58
salinity@015,2019,31.76
salinity@015,2019,31.75
salinity@015,2019,31.74
salinity@015,2019,31.73
salinity@015,2019,31.71
salinity@015,2019,31.7
salinity@015,2019,31.69
salinity@015,2019,31.68
salinity@015,2019,31.67
salinity@015,2019,31.65
salinity@015,2019,31.64
salinity@015,2019,31.63
salinity@015,2019,31.62
salinity@015,2019,31.61
salinity@015,2019,31.59
salinity@015,2019,31.77
salinity@015,2019,31.76
salinity@015,2019,31.75
salinity@015,2019,31.74
salinity@015,2019,31.73
salinity@015,2019,31.71
salinity@015,2019,31.7
salinity@015,2019,31.69
salinity@015,2019,31.68
salinity@015,2019,31.67
salinity@015,2019,31.65
salinity@015,2019,31.64
salinity@015,2019,31.63
salinity@015,2019,31.62
salinity@015,2019,31.8
salinity@015,2019,31.79
salinity@015,2019,31.77
salinity@015,2019,31.76
salinity@015,2019,31.75
salinity@015,2019,31.74
salinity@015,2019,31.73
salinity@015,2019,31.71
salinity@015,2019,31.7
salinity@015,2019,31.69
salinity@015,2019,31.68
salinity@015,2019,31.67
salinity@015,2019,31.65
salinity@015,2019,31.64
salinity@015,2019,31.63
salinity@015,2019,31.84
salinity@015,2019,31.82
salinity@015,2019,31.81
salinity@015,2019,31.8
salinity@015,2019,31.79
salinity@015,2019,31.77
salinity@015,2019,31.76
salinity@015,2019,31.75
salinity@015,2019,31.74
salinity@015,2019,31.73
salinity@015,2019,31.71
salinity@015,2019,31.7
salinity@015,2019,31.69
salinity@015,2019,31.68
salinity@015,2019,31.67
salinity@015,2019,31.65
salinity@015,2019,31.64
salinity@015,2019,31.86
salinity@015,2019,31.85
salinity@015,2019,31.84
salinity@015,2019,31.82
salinity@015,2019,31.81
salinity@015,2019,31.8
salinity@015,2019,31.79
salinity@015,2019,31.77
salinity@015,2019,31.76
salinity@015,2019,31.75
salinity@015,2019,31.74
salinity@015,2019,31.73
salinity@015,2019,31.71
salinity@015,2019,31.7
salinity@015,2019,31.69
salinity@015,2019,31.68
salinity@015,2019,31.67
salinity@015,2019,31.65
salinity@015,2019,31.9
salinity@015,2019,31.88
salinity@015,2019,31.87
salinity@015,2019,31.86
salinity@015,2019,31.85
salinity@015,2019,31.84
salinity@015,2019,31.82
salinity@015,2019,31.81
salinity@015,2019,31.8
salinity@015,2019,31.79
salinity@015,2019,31.77
salinity@015,2019,31.76
salinity@015,2019,31.75
salinity@015,2019,31.74
salinity@015,2019,31.73
salinity@015,2019,31.71
salinity@015,2019,31.7
salinity@015,2019,31.69
salinity@015,2019,31.68
salinity@015,2019,31.67
salinity@015,2019,31.92
salinity@015,2019,31.91
salinity@015,2019,31.9
salinity@015,2019,31.88
salinity@015,2019,31.87
salinity@015,2019,31.86
salinity@015,2019,31.85
salinity@015,2019,31.84
salinity@015,2019,31.82
salinity@015,2019,31.81
salinity@015,2019,31.8
salinity@015,2019,31.79
salinity@015,2019,31.77
salinity@015,2019,31.76
salinity@015,2019,31.75
salinity@015,2019,31.74
salinity@015,2019,31.73
salinity@015,2019,31.71
salinity@015,2019,31.7
salinity@015,2019,31.69
salinity@015,2019,31.94
salinity@015,2019,31.93
salinity@015,2019,31.92
salinity@015,2019,31.91
salinity@015,2019,31.9
salinity@015,2019,31.88
salinity@015,2019,31.87
salinity@015,2019,31.86
salinity@015,2019,31.85
salinity@015,2019,31.84
salinity@015,2019,31.82
salinity@015,2019,31.81
salinity@015,2019,31.8
salinity@015,2019,31.79
salinity@015,2019,31.77
salinity@015,2019,31.76
salinity@015,2019,31.75
salinity@015,2019,31.74
salinity@015,2019,31.73
salinity@015,2019,31.71
salinity@015,2019,31.7
salinity@015,2019,31.98
salinity@015,2019,31.97
salinity@015,2019,31.96
salinity@015,2019,31.94
salinity@015,2019,31.93
salinity@015,2019,31.92
salinity@015,2019,31.91
salinity@015,2019,31.9
salinity@015,2019,31.88
salinity@015,2019,31.87
salinity@015,2019,31.86
salinity@015,2019,31.85
salinity@015,2019,31.84
salinity@015,2019,31.82
salinity@015,2019,31.81
salinity@015,2019,31.8
salinity@015,2019,31.79
salinity@015,2019,31.77
salinity@015,2019,31.76
salinity@015,2019,31.75
salinity@015,2019,31.74
salinity@015,2019,31.73
salinity@015,2019,31.71
salinity@015,2019,32
salinity@015,2019,31.99
salinity@015,2019,31.98
salinity@015,2019,31.97
salinity@015,2019,31.96
salinity@015,2019,31.94
salinity@015,2019,31.93
salinity@015,2019,31.92
salinity@015,2019,31.91
salinity@015,2019,31.9
salinity@015,2019,31.88
salinity@015,2019,31.87
salinity@015,2019,31.86
salinity@015,2019,31.85
salinity@015,2019,31.84
salinity@015,2019,31.82
salinity@015,2019,31.81
salinity@015,2019,31.8
salinity@015,2019,31.79
salinity@015,2019,31.77
salinity@015,2019,31.76
salinity@015,2019,31.75
salinity@015,2019,31.74
salinity@015,2019,31.73
salinity@015,2019,32.04
salinity@015,2019,32.03
salinity@015,2019,32.02
salinity@015,2019,32
salinity@015,2019,31.99
salinity@015,2019,31.98
salinity@015,2019,31.97
salinity@015,2019,31.96
salinity@015,2019,31.94
salinity@015,2019,31.93
salinity@015,2019,31.92
salinity@015,2019,31.91
salinity@015,2019,31.9
salinity@015,2019,31.88
salinity@015,2019,31.87
salinity@015,2019,31.86
salinity@015,2019,31.85
salinity@015,2019,31.84
salinity@015,2019,31.82
salinity@015,2019,31.81
salinity@015,2019,31.8
salinity@015,2019,31.79
salinity@015,2019,31.77
salinity@015,2019,31.76
salinity@015,2019,31.75
salinity@015,2019,32.06
salinity@015,2019,32.05
salinity@015,2019,32.04
salinity@015,2019,32.03
salinity@015,2019,32.02
salinity@015,2019,32
salinity@015,2019,31.99
salinity@015,2019,31.98
salinity@015,2019,31.97
salinity@015,2019,31.96
salinity@015,2019,31.94
salinity@015,2019,31.93
salinity@015,2019,31.92
salinity@015,2019,31.91
salinity@015,2019,31.9
salinity@015,2019,31.88
salinity@015,2019,31.87
salinity@015,2019,31.86
salinity@015,2019,31.85
salinity@015,2019,31.84
salinity@015,2019,31.82
salinity@015,2019,31.81
salinity@015,2019,31.8
salinity@015,2019,31.79
salinity@015,2019,31.77
salinity@015,2019,32.09
salinity@015,2019,32.08
salinity@015,2019,32.06
salinity@015,2019,32.05
salinity@015,2019,32.04
salinity@015,2019,32.03
salinity@015,2019,32.02
salinity@015,2019,32
salinity@015,2019,31.99
salinity@015,2019,31.98
salinity@015,2019,31.97
salinity@015,2019,31.96
salinity@015,2019,31.94
salinity@015,2019,31.93
salinity@015,2019,31.92
salinity@015,2019,31.91
salinity@015,2019,31.9
salinity@015,2019,31.88
salinity@015,2019,31.87
salinity@015,2019,31.86
salinity@015,2019,31.85
salinity@015,2019,31.84
salinity@015,2019,31.82
salinity@015,2019,31.81
salinity@015,2019,32.13
salinity@015,2019,32.11
salinity@015,2019,32.1
salinity@015,2019,32.09
salinity@015,2019,32.08
salinity@015,2019,32.06
salinity@015,2019,32.05
salinity@015,2019,32.04
salinity@015,2019,32.03
salinity@015,2019,32.02
salinity@015,2019,32
salinity@015,2019,31.99
salinity@015,2019,31.98
salinity@015,2019,31.97
salinity@015,2019,31.96
salinity@015,2019,31.94
salinity@015,2019,31.93
salinity@015,2019,31.92
salinity@015,2019,31.91
salinity@015,2019,31.9
salinity@015,2019,31.88
salinity@015,2019,31.87
salinity@015,2019,31.86
salinity@015,2019,31.85
salinity@015,2019,31.84
salinity@015,2019,32.15
salinity@015,2019,32.14
salinity@015,2019,32.13
salinity@015,2019,32.11
salinity@015,2019,32.1
salinity@015,2019,32.09
salinity@015,2019,32.08
salinity@015,2019,32.06
salinity@015,2019,32.05
salinity@015,2019,32.04
salinity@015,2019,32.03
salinity@015,2019,32.02
salinity@015,2019,32
salinity@015,2019,31.99
salinity@015,2019,31.98
salinity@015,2019,31.97
salinity@015,2019,31.96
salinity@015,2019,31.94
salinity@015,2019,31.93
salinity@015,2019,31.92
salinity@015,2019,31.91
salinity@015,2019,31.9
salinity@015,2019,31.88
salinity@015,2019,31.87
salinity@015,2019,31.86
salinity@015,2019,32.19
salinity@015,2019,32.17
salinity@015,2019,32.16
salinity@015,2019,32.15
salinity@015,2019,32.14
salinity@015,2019,32.13
salinity@015,2019,32.11
salinity@015,2019,32.1
salinity@015,2019,32.09
salinity@015,2019,32.08
salinity@015,2019,32.06
salinity@015,2019,32.05
salinity@015,2019,32.04
salinity@015,2019,32.03
salinity@015,2019,32.02
salinity@015,2019,32
salinity@015,2019,31.99
salinity@015,2019,31.98
salinity@015,2019,31.97
salinity@015,2019,31.96
salinity@015,2019,31.94
salinity@015,2019,31.93
salinity@015,2019,31.92
salinity@015,2019,31.91
salinity@015,2019,31.9
salinity@015,2019,32.22
salinity@015,2019,32.21
salinity@015,2019,32.2
salinity@015,2019,32.19
salinity@015,2019,32.17
salinity@015,2019,32.16
salinity@015,2019,32.15
salinity@015,2019,32.14
salinity@015,2019,32.13
salinity@015,2019,32.11
salinity@015,2019,32.1
salinity@015,2019,32.09
salinity@015,2019,32.08
salinity@015,2019,32.06
salinity@015,2019,32.05
salinity@015,2019,32.04
salinity@015,2019,32.03
salinity@015,2019,32.02
salinity@015,2019,32
salinity@015,2019,31.99
salinity@015,2019,31.98
salinity@015,2019,31.97
salinity@015,2019,31.96
salinity@015,2019,31.94
salinity@015,2019,31.93
salinity@015,2019,31.92
salinity@015,2019,32.26
salinity@015,2019,32.25
salinity@015,2019,32.23
salinity@015,2019,32.22
salinity@015,2019,32.21
salinity@015,2019,32.2
salinity@015,2019,32.19
salinity@015,2019,32.17
salinity@015,2019,32.16
salinity@015,2019,32.15
salinity@015,2019,32.14
salinity@015,2019,32.13
salinity@015,2019,32.11
salinity@015,2019,32.1
salinity@015,2019,32.09
salinity@015,2019,32.08
salinity@015,2019,32.06
salinity@015,2019,32.05
salinity@015,2019,32.04
salinity@015,2019,32.03
salinity@015,2019,32.02
salinity@015,2019,32
salinity@015,2019,31.99
salinity@015,2019,31.98
salinity@015,2019,31.97
salinity@015,2019,31.96
salinity@015,2019,32.29
salinity@015,2019,32.28
salinity@015,2019,32.27
salinity@015,2019,32.26
salinity@015,2019,32.25
salinity@015,2019,32.23
salinity@015,2019,32.22
salinity@015,2019,32.21
salinity@015,2019,32.2
salinity@015,2019,32.19
salinity@015,2019,32.17
salinity@015,2019,32.16
salinity@015,2019,32.15
salinity@015,2019,32.14
salinity@015,2019,32.13
salinity@015,2019,32.11
salinity@015,2019,32.1
salinity@015,2019,32.09
salinity@015,2019,32.08
salinity@015,2019,32.06
salinity@015,2019,32.05
salinity@015,2019,32.04
salinity@015,2019,32.03
salinity@015,2019,32.02
salinity@015,2019,32
salinity@015,2019,31.99
salinity@015,2019,31.98
salinity@015,2019,32.33
salinity@015,2019,32.32
salinity@015,2019,32.31
salinity@015,2019,32.29
salinity@015,2019,32.28
salinity@015,2019,32.27
salinity@015,2019,32.26
salinity@015,2019,32.25
salinity@015,2019,32.23
salinity@015,2019,32.22
salinity@015,2019,32.21
salinity@015,2019,32.2
salinity@015,2019,32.19
salinity@015,2019,32.17
salinity@015,2019,32.16
salinity@015,2019,32.15
salinity@015,2019,32.14
salinity@015,2019,32.13
salinity@015,2019,32.11
salinity@015,2019,32.1
salinity@015,2019,32.09
salinity@015,2019,32.08
salinity@015,2019,32.06
salinity@015,2019,32.05
salinity@015,2019,32.04
salinity@015,2019,32.03
salinity@015,2019,32.02
salinity@015,2019,32
salinity@015,2019,32.38
salinity@015,2019,32.37
salinity@015,2019,32.36
salinity@015,2019,32.34
salinity@015,2019,32.33
salinity@015,2019,32.32
salinity@015,2019,32.31
salinity@015,2019,32.29
salinity@015,2019,32.28
salinity@015,2019,32.27
salinity@015,2019,32.26
salinity@015,2019,32.25
salinity@015,2019,32.23
salinity@015,2019,32.22
salinity@015,2019,32.21
salinity@015,2019,32.2
salinity@015,2019,32.19
salinity@015,2019,32.17
salinity@015,2019,32.16
salinity@015,2019,32.15
salinity@015,2019,32.14
salinity@015,2019,32.13
salinity@015,2019,32.11
salinity@015,2019,32.1
salinity@015,2019,32.09
salinity@015,2019,32.08
salinity@015,2019,32.06
salinity@015,2019,32.05
salinity@015,2019,32.04
salinity@015,2019,32.42
salinity@015,2019,32.4
salinity@015,2019,32.39
salinity@015,2019,32.38
salinity@015,2019,32.37
salinity@015,2019,32.36
salinity@015,2019,32.34
salinity@015,2019,32.33
salinity@015,2019,32.32
salinity@015,2019,32.31
salinity@015,2019,32.29
salinity@015,2019,32.28
salinity@015,2019,32.27
salinity@015,2019,32.26
salinity@015,2019,32.25
salinity@015,2019,32.23
salinity@015,2019,32.22
salinity@015,2019,32.21
salinity@015,2019,32.2
salinity@015,2019,32.19
salinity@015,2019,32.17
salinity@015,2019,32.16
salinity@015,2019,32.15
salinity@015,2019,32.14
salinity@015,2019,32.13
salinity@015,2019,32.11
salinity@015,2019,32.1
salinity@015,2019,32.09
salinity@015,2019,32.08
salinity@015,2019,32.06
salinity@015,2019,32.45
salinity@015,2019,32.44
salinity@015,2019,32.43
salinity@015,2019,32.42
salinity@015,2019,32.4
salinity@015,2019,32.39
salinity@015,2019,32.38
salinity@015,2019,32.37
salinity@015,2019,32.36
salinity@015,2019,32.34
salinity@015,2019,32.33
salinity@015,2019,32.32
salinity@015,2019,32.31
salinity@015,2019,32.29
salinity@015,2019,32.28
salinity@015,2019,32.27
salinity@015,2019,32.26
salinity@015,2019,32.25
salinity@015,2019,32.23
salinity@015,2019,32.22
salinity@015,2019,32.21
salinity@015,2019,32.2
salinity@015,2019,32.19
salinity@015,2019,32.17
salinity@015,2019,32.16
salinity@015,2019,32.15
salinity@015,2019,32.14
salinity@015,2019,32.13
salinity@015,2019,32.11
salinity@015,2019,32.1
salinity@015,2019,32.49
salinity@015,2019,32.48
salinity@015,2019,32.46
salinity@015,2019,32.45
salinity@015,2019,32.44
salinity@015,2019,32.43
salinity@015,2019,32.42
salinity@015,2019,32.4
salinity@015,2019,32.39
salinity@015,2019,32.38
salinity@015,2019,32.37
salinity@015,2019,32.36
salinity@015,2019,32.34
salinity@015,2019,32.33
salinity@015,2019,32.32
salinity@015,2019,32.31
salinity@015,2019,32.29
salinity@015,2019,32.28
salinity@015,2019,32.27
salinity@015,2019,32.26
salinity@015,2019,32.25
salinity@015,2019,32.23
salinity@015,2019,32.22
salinity@015,2019,32.21
salinity@015,2019,32.2
salinity@015,2019,32.19
salinity@015,2019,32.17
salinity@015,2019,32.16
salinity@015,2019,32.15
salinity@015,2019,32.14
salinity@015,2019,32.13
salinity@015,2019,32.52
salinity@015,2019,32.51
salinity@015,2019,32.5
salinity@015,2019,32.49
salinity@015,2019,32.48
salinity@015,2019,32.46
salinity@015,2019,32.45
salinity@015,2019,32.44
salinity@015,2019,32.43
salinity@015,2019,32.42
salinity@015,2019,32.4
salinity@015,2019,32.39
salinity@015,2019,32.38
salinity@015,2019,32.37
salinity@015,2019,32.36
salinity@015,2019,32.34
salinity@015,2019,32.33
salinity@015,2019,32.32
salinity@015,2019,32.31
salinity@015,2019,32.29
salinity@015,2019,32.28
salinity@015,2019,32.27
salinity@015,2019,32.26
salinity@015,2019,32.25
salinity@015,2019,32.23
salinity@015,2019,32.22
salinity@015,2019,32.21
salinity@015,2019,32.2
salinity@015,2019,32.19
salinity@015,2019,32.17
salinity@015,2019,32.16
salinity@015,2019,32.56
salinity@015,2019,32.55
salinity@015,2019,32.54
salinity@015,2019,32.52
salinity@015,2019,32.51
salinity@015,2019,32.5
salinity@015,2019,32.49
salinity@015,2019,32.48
salinity@015,2019,32.46
salinity@015,2019,32.45
salinity@015,2019,32.44
salinity@015,2019,32.43
salinity@015,2019,32.42
salinity@015,2019,32.4
salinity@015,2019,32.39
salinity@015,2019,32.38
salinity@015,2019,32.37
salinity@015,2019,32.36
salinity@015,2019,32.34
salinity@015,2019,32.33
salinity@015,2019,32.32
salinity@015,2019,32.31
salinity@015,2019,32.29
salinity@015,2019,32.28
salinity@015,2019,32.27
salinity@015,2019,32.26
salinity@015,2019,32.25
salinity@015,2019,32.23
salinity@015,2019,32.22
salinity@015,2019,32.21
salinity@015,2019,32.2
salinity@015,2019,32.6
salinity@015,2019,32.58
salinity@015,2019,32.57
salinity@015,2019,32.56
salinity@015,2019,32.55
salinity@015,2019,32.54
salinity@015,2019,32.52
salinity@015,2019,32.51
salinity@015,2019,32.5
salinity@015,2019,32.49
salinity@015,2019,32.48
salinity@015,2019,32.46
salinity@015,2019,32.45
salinity@015,2019,32.44
salinity@015,2019,32.43
salinity@015,2019,32.42
salinity@015,2019,32.4
salinity@015,2019,32.39
salinity@015,2019,32.38
salinity@015,2019,32.37
salinity@015,2019,32.36
salinity@015,2019,32.34
salinity@015,2019,32.33
salinity@015,2019,32.32
salinity@015,2019,32.31
salinity@015,2019,32.29
salinity@015,2019,32.28
salinity@015,2019,32.27
salinity@015,2019,32.26
salinity@015,2019,32.25
salinity@015,2019,32.23
salinity@015,2019,32.63
salinity@015,2019,32.62
salinity@015,2019,32.61
salinity@015,2019,32.6
salinity@015,2019,32.58
salinity@015,2019,32.57
salinity@015,2019,32.56
salinity@015,2019,32.55
salinity@015,2019,32.54
salinity@015,2019,32.52
salinity@015,2019,32.51
salinity@015,2019,32.5
salinity@015,2019,32.49
salinity@015,2019,32.48
salinity@015,2019,32.46
salinity@015,2019,32.45
salinity@015,2019,32.44
salinity@015,2019,32.43
salinity@015,2019,32.42
salinity@015,2019,32.4
salinity@015,2019,32.39
salinity@015,2019,32.38
salinity@015,2019,32.37
salinity@015,2019,32.36
salinity@015,2019,32.34
salinity@015,2019,32.33
salinity@015,2019,32.32
salinity@015,2019,32.31
salinity@015,2019,32.29
salinity@015,2019,32.28
salinity@015,2019,32.27
salinity@015,2019,32.65
salinity@015,2019,32.63
salinity@015,2019,32.62
salinity@015,2019,32.61
salinity@015,2019,32.6
salinity@015,2019,32.58
salinity@015,2019,32.57
salinity@015,2019,32.56
salinity@015,2019,32.55
salinity@015,2019,32.54
salinity@015,2019,32.52
salinity@015,2019,32.51
salinity@015,2019,32.5
salinity@015,2019,32.49
salinity@015,2019,32.48
salinity@015,2019,32.46
salinity@015,2019,32.45
salinity@015,2019,32.44
salinity@015,2019,32.43
salinity@015,2019,32.42
salinity@015,2019,32.4
salinity@015,2019,32.39
salinity@015,2019,32.38
salinity@015,2019,32.37
salinity@015,2019,32.36
salinity@015,2019,32.34
salinity@015,2019,32.33
salinity@015,2019,32.32
salinity@015,2019,32.31
salinity@015,2019,32.65
salinity@015,2019,32.63
salinity@015,2019,32.62
salinity@015,2019,32.61
salinity@015,2019,32.6
salinity@015,2019,32.58
salinity@015,2019,32.57
salinity@015,2019,32.56
salinity@015,2019,32.55
salinity@015,2019,32.54
salinity@015,2019,32.52
salinity@015,2019,32.51
salinity@015,2019,32.5
salinity@015,2019,32.49
salinity@015,2019,32.48
salinity@015,2019,32.46
salinity@015,2019,32.45
salinity@015,2019,32.44
salinity@015,2019,32.43
salinity@015,2019,32.42
salinity@015,2019,32.4
salinity@015,2019,32.39
salinity@015,2019,32.38
salinity@015,2019,32.37
salinity@015,2019,32.36
salinity@015,2019,32.34
salinity@015,2019,32.66
salinity@015,2019,32.65
salinity@015,2019,32.63
salinity@015,2019,32.62
salinity@015,2019,32.61
salinity@015,2019,32.6
salinity@015,2019,32.58
salinity@015,2019,32.57
salinity@015,2019,32.56
salinity@015,2019,32.55
salinity@015,2019,32.54
salinity@015,2019,32.52
salinity@015,2019,32.51
salinity@015,2019,32.5
salinity@015,2019,32.49
salinity@015,2019,32.48
salinity@015,2019,32.46
salinity@015,2019,32.45
salinity@015,2019,32.44
salinity@015,2019,32.43
salinity@015,2019,32.42
salinity@015,2019,32.4
salinity@015,2019,32.39
salinity@015,2019,32.38
salinity@015,2019,32.66
salinity@015,2019,32.65
salinity@015,2019,32.63
salinity@015,2019,32.62
salinity@015,2019,32.61
salinity@015,2019,32.6
salinity@015,2019,32.58
salinity@015,2019,32.57
salinity@015,2019,32.56
salinity@015,2019,32.55
salinity@015,2019,32.54
salinity@015,2019,32.52
salinity@015,2019,32.51
salinity@015,2019,32.5
salinity@015,2019,32.49
salinity@015,2019,32.48
salinity@015,2019,32.46
salinity@015,2019,32.45
salinity@015,2019,32.44
salinity@015,2019,32.43
salinity@015,2019,32.42
salinity@015,2019,32.66
salinity@015,2019,32.65
salinity@015,2019,32.63
salinity@015,2019,32.62
salinity@015,2019,32.61
salinity@015,2019,32.6
salinity@015,2019,32.58
salinity@015,2019,32.57
salinity@015,2019,32.56
salinity@015,2019,32.55
salinity@015,2019,32.54
salinity@015,2019,32.52
salinity@015,2019,32.51
salinity@015,2019,32.5
salinity@015,2019,32.49
salinity@015,2019,32.48
salinity@015,2019,32.46
salinity@015,2019,32.45
salinity@015,2019,32.44
salinity@015,2019,32.43
salinity@015,2019,32.42
salinity@015,2019,32.4
salinity@015,2019,32.66
salinity@015,2019,32.65
salinity@015,2019,32.63
salinity@015,2019,32.62
salinity@015,2019,32.61
salinity@015,2019,32.6
salinity@015,2019,32.58
salinity@015,2019,32.57
salinity@015,2019,32.56
salinity@015,2019,32.55
salinity@015,2019,32.54
salinity@015,2019,32.52
salinity@015,2019,32.51
salinity@015,2019,32.5
salinity@015,2019,32.49
salinity@015,2019,32.48
salinity@015,2019,32.46
salinity@015,2019,32.45
salinity@015,2019,32.44
salinity@015,2019,32.43
salinity@015,2019,32.42
salinity@015,2019,32.4
salinity@015,2019,32.39
salinity@015,2019,32.38
salinity@015,2019,32.37
salinity@015,2019,32.65
salinity@015,2019,32.63
salinity@015,2019,32.62
salinity@015,2019,32.61
salinity@015,2019,32.6
salinity@015,2019,32.58
salinity@015,2019,32.57
salinity@015,2019,32.56
salinity@015,2019,32.55
salinity@015,2019,32.54
salinity@015,2019,32.52
salinity@015,2019,32.51
salinity@015,2019,32.5
salinity@015,2019,32.49
salinity@015,2019,32.48
salinity@015,2019,32.46
salinity@015,2019,32.45
salinity@015,2019,32.44
salinity@015,2019,32.43
salinity@015,2019,32.42
salinity@015,2019,32.4
salinity@015,2019,32.39
salinity@015,2019,32.38
salinity@015,2019,32.37
salinity@015,2019,32.36
salinity@015,2019,32.34
salinity@015,2019,32.33
salinity@015,2019,32.63
salinity@015,2019,32.62
salinity@015,2019,32.61
salinity@015,2019,32.6
salinity@015,2019,32.58
salinity@015,2019,32.57
salinity@015,2019,32.56
salinity@015,2019,32.55
salinity@015,2019,32.54
salinity@015,2019,32.52
salinity@015,2019,32.51
salinity@015,2019,32.5
salinity@015,2019,32.49
salinity@015,2019,32.48
salinity@015,2019,32.46
salinity@015,2019,32.45
salinity@015,2019,32.44
salinity@015,2019,32.43
salinity@015,2019,32.42
salinity@015,2019,32.4
salinity@015,2019,32.39
salinity@015,2019,32.38
salinity@015,2019,32.37
salinity@015,2019,32.36
salinity@015,2019,32.34
salinity@015,2019,32.33
salinity@015,2019,32.32
salinity@015,2019,32.31
salinity@015,2019,32.29
salinity@015,2019,32.61
salinity@015,2019,32.6
salinity@015,2019,32.58
salinity@015,2019,32.57
salinity@015,2019,32.56
salinity@015,2019,32.55
salinity@015,2019,32.54
salinity@015,2019,32.52
salinity@015,2019,32.51
salinity@015,2019,32.5
salinity@015,2019,32.49
salinity@015,2019,32.48
salinity@015,2019,32.46
salinity@015,2019,32.45
salinity@015,2019,32.44
salinity@015,2019,32.43
salinity@015,2019,32.42
salinity@015,2019,32.4
salinity@015,2019,32.39
salinity@015,2019,32.38
salinity@015,2019,32.37
salinity@015,2019,32.36
salinity@015,2019,32.34
salinity@015,2019,32.33
salinity@015,2019,32.32
salinity@015,2019,32.31
salinity@015,2019,32.29
salinity@015,2019,32.28
salinity@015,2019,32.27
salinity@015,2019,32.26
salinity@015,2019,32.57
salinity@015,2019,32.56
salinity@015,2019,32.55
salinity@015,2019,32.54
salinity@015,2019,32.52
salinity@015,2019,32.51
salinity@015,2019,32.5
salinity@015,2019,32.49
salinity@015,2019,32.48
salinity@015,2019,32.46
salinity@015,2019,32.45
salinity@015,2019,32.44
salinity@015,2019,32.43
salinity@015,2019,32.42
salinity@015,2019,32.4
salinity@015,2019,32.39
salinity@015,2019,32.38
salinity@015,2019,32.37
salinity@015,2019,32.36
salinity@015,2019,32.34
salinity@015,2019,32.33
salinity@015,2019,32.32
salinity@015,2019,32.31
salinity@015,2019,32.29
salinity@015,2019,32.28
salinity@015,2019,32.27
salinity@015,2019,32.26
salinity@015,2019,32.25
salinity@015,2019,32.23
salinity@015,2019,32.22
salinity@015,2019,32.54
salinity@015,2019,32.52
salinity@015,2019,32.51
salinity@015,2019,32.5
salinity@015,2019,32.49
salinity@015,2019,32.48
salinity@015,2019,32.46
salinity@015,2019,32.45
salinity@015,2019,32.44
salinity@015,2019,32.43
salinity@015,2019,32.42
salinity@015,2019,32.4
salinity@015,2019,32.39
salinity@015,2019,32.38
salinity@015,2019,32.37
salinity@015,2019,32.36
salinity@015,2019,32.34
salinity@015,2019,32.33
salinity@015,2019,32.32
salinity@015,2019,32.31
salinity@015,2019,32.29
salinity@015,2019,32.28
salinity@015,2019,32.27
salinity@015,2019,32.26
salinity@015,2019,32.25
salinity@015,2019,32.23
salinity@015,2019,32.22
salinity@015,2019,32.21
salinity@015,2019,32.2
salinity@015,2019,32.19
salinity@015,2019,32.5
salinity@015,2019,32.49
salinity@015,2019,32.48
salinity@015,2019,32.46
salinity@015,2019,32.45
salinity@015,2019,32.44
salinity@015,2019,32.43
salinity@015,2019,32.42
salinity@015,2019,32.4
salinity@015,2019,32.39
salinity@015,2019,32.38
salinity@015,2019,32.37
salinity@015,2019,32.36
salinity@015,2019,32.34
salinity@015,2019,32.33
salinity@015,2019,32.32
salinity@015,2019,32.31
salinity@015,2019,32.29
salinity@015,2019,32.28
salinity@015,2019,32.27
salinity@015,2019,32.26
salinity@015,2019,32.25
salinity@015,2019,32.23
salinity@015,2019,32.22
salinity@015,2019,32.21
salinity@015,2019,32.2
salinity@015,2019,32.19
salinity@015,2019,32.17
salinity@015,2019,32.16
salinity@015,2019,32.15
salinity@015,2020,32.46
salinity@015,2020,32.45
salinity@015,2020,32.44
salinity@015,2020,32.43
salinity@015,2020,32.42
salinity@015,2020,32.4
salinity@015,2020,32.39
salinity@015,2020,32.38
salinity@015,2020,32.37
salinity@015,2020,32.36
salinity@015,2020,32.34
salinity@015,2020,32.33
salinity@015,2020,32.32
salinity@015,2020,32.31
salinity@015,2020,32.29
salinity@015,2020,32.28
salinity@015,2020,32.27
salinity@015,2020,32.26
salinity@015,2020,32.25
salinity@015,2020,32.23
salinity@015,2020,32.22
salinity@015,2020,32.21
salinity@015,2020,32.2
salinity@015,2020,32.19
salinity@015,2020,32.17
salinity@015,2020,32.16
salinity@015,2020,32.15
salinity@015,2020,32.14
salinity@015,2020,32.13
salinity@015,2020,32.11
salinity@015,2020,32.43
salinity@015,2020,32.42
salinity@015,2020,32.4
salinity@015,2020,32.39
salinity@015,2020,32.38
salinity@015,2020,32.37
salinity@015,2020,32.36
salinity@015,2020,32.34
salinity@015,2020,32.33
salinity@015,2020,32.32
salinity@015,2020,32.31
salinity@015,2020,32.29
salinity@015,2020,32.28
salinity@015,2020,32.27
salinity@015,2020,32.26
salinity@015,2020,32.25
salinity@015,2020,32.23
salinity@015,2020,32.22
salinity@015,2020,32.21
salinity@015,2020,32.2
salinity@015,2020,32.19
salinity@015,2020,32.17
salinity@015,2020,32.16
salinity@015,2020,32.15
salinity@015,2020,32.14
salinity@015,2020,32.13
salinity@015,2020,32.11
salinity@015,2020,32.1
salinity@015,2020,32.09
salinity@015,2020,32.08
salinity@015,2020,32.39
salinity@015,2020,32.38
salinity@015,2020,32.37
salinity@015,2020,32.36
salinity@015,2020,32.34
salinity@015,2020,32.33
salinity@015,2020,32.32
salinity@015,2020,32.31
salinity@015,2020,32.29
salinity@015,2020,32.28
salinity@015,2020,32.27
salinity@015,2020,32.26
salinity@015,2020,32.25
salinity@015,2020,32.23
salinity@015,2020,32.22
salinity@015,2020,32.21
salinity@015,2020,32.2
salinity@015,2020,32.19
salinity@015,2020,32.17
salinity@015,2020,32.16
salinity@015,2020,32.15
salinity@015,2020,32.14
salinity@015,2020,32.13
salinity@015,2020,32.11
salinity@015,2020,32.1
salinity@015,2020,32.09
salinity@015,2020,32.08
salinity@015,2020,32.06
salinity@015,2020,32.05
salinity@015,2020,32.04
salinity@015,2020,32.36
salinity@015,2020,32.34
salinity@015,2020,32.33
salinity@015,2020,32.32
salinity@015,2020,32.31
salinity@015,2020,32.29
salinity@015,2020,32.28
salinity@015,2020,32.27
salinity@015,2020,32.26
salinity@015,2020,32.25
salinity@015,2020,32.23
salinity@015,2020,32.22
salinity@015,2020,32.21
salinity@015,2020,32.2
salinity@015,2020,32.19
salinity@015,2020,32.17
salinity@015,2020,32.16
salinity@015,2020,32.15
salinity@015,2020,32.14
salinity@015,2020,32.13
salinity@015,2020,32.11
salinity@015,2020,32.1
salinity@015,2020,32.09
salinity@015,2020,32.08
salinity@015,2020,32.06
salinity@015,2020,32.05
salinity@015,2020,32.04
salinity@015,2020,32.03
salinity@015,2020,32.02
salinity@015,2020,32.32
salinity@015,2020,32.31
salinity@015,2020,32.29
salinity@015,2020,32.28
salinity@015,2020,32.27
salinity@015,2020,32.26
salinity@015,2020,32.25
salinity@015,2020,32.23
salinity@015,2020,32.22
salinity@015,2020,32.21
salinity@015,2020,32.2
salinity@015,2020,32.19
salinity@015,2020,32.17
salinity@015,2020,32.16
salinity@015,2020,32.15
salinity@015,2020,32.14
salinity@015,2020,32.13
salinity@015,2020,32.11
salinity@015,2020,32.1
salinity@015,2020,32.09
salinity@015,2020,32.08
salinity@015,2020,32.06
salinity@015,2020,32.05
salinity@015,2020,32.04
salinity@015,2020,32.03
salinity@015,2020,32.02
salinity@015,2020,32
salinity@015,2020,31.99
salinity@015,2020,31.98
salinity@015,2020,32.28
salinity@015,2020,32.27
salinity@015,2020,32.26
salinity@015,2020,32.25
salinity@015,2020,32.23
salinity@015,2020,32.22
salinity@015,2020,32.21
salinity@015,2020,32.2
salinity@015,2020,32.19
salinity@015,2020,32.17
salinity@015,2020,32.16
salinity@015,2020,32.15
salinity@015,2020,32.14
salinity@015,2020,32.13
salinity@015,2020,32.11
salinity@015,2020,32.1
salinity@015,2020,32.09
salinity@015,2020,32.08
salinity@015,2020,32.06
salinity@015,2020,32.05
salinity@015,2020,32.04
salinity@015,2020,32.03
salinity@015,2020,32.02
salinity@015,2020,32
salinity@015,2020,31.99
salinity@015,2020,31.98
salinity@015,2020,31.97
salinity@015,2020,31.96
salinity@015,2020,31.94
salinity@015,2020,32.25
salinity@015,2020,32.23
salinity@015,2020,32.22
salinity@015,2020,32.21
salinity@015,2020,32.2
salinity@015,2020,32.19
salinity@015,2020,32.17
salinity@015,2020,32.16
salinity@015,2020,32.15
salinity@015,2020,32.14
salinity@015,2020,32.13
salinity@015,2020,32.11
salinity@015,2020,32.1
salinity@015,2020,32.09
salinity@015,2020,32.08
salinity@015,2020,32.06
salinity@015,2020,32.05
salinity@015,2020,32.04
salinity@015,2020,32.03
salinity@015,2020,32.02
salinity@015,2020,32
salinity@015,2020,31.99
salinity@015,2020,31.98
salinity@015,2020,31.97
salinity@015,2020,31.96
salinity@015,2020,31.94
salinity@015,2020,31.93
salinity@015,2020,31.92
salinity@015,2020,32.21
salinity@015,2020,32.2
salinity@015,2020,32.19
salinity@015,2020,32.17
salinity@015,2020,32.16
salinity@015,2020,32.15
salinity@015,2020,32.14
salinity@015,2020,32.13
salinity@015,2020,32.11
salinity@015,2020,32.1
salinity@015,2020,32.09
salinity@015,2020,32.08
salinity@015,2020,32.06
salinity@015,2020,32.05
salinity@015,2020,32.04
salinity@015,2020,32.03
salinity@015,2020,32.02
salinity@015,2020,32
salinity@015,2020,31.99
salinity@015,2020,31.98
salinity@015,2020,31.97
salinity@015,2020,31.96
salinity@015,2020,31.94
salinity@015,2020,31.93
salinity@015,2020,31.92
salinity@015,2020,31.91
salinity@015,2020,31.9
salinity@015,2020,31.88
salinity@015,2020,32.17
salinity@015,2020,32.16
salinity@015,2020,32.15
salinity@015,2020,32.14
salinity@015,2020,32.13
salinity@015,2020,32.11
salinity@015,2020,32.1
salinity@015,2020,32.09
salinity@015,2020,32.08
salinity@015,2020,32.06
salinity@015,2020,32.05
salinity@015,2020,32.04
salinity@015,2020,32.03
salinity@015,2020,32.02
salinity@015,2020,32
salinity@015,2020,31.99
salinity@015,2020,31.98
salinity@015,2020,31.97
salinity@015,2020,31.96
salinity@015,2020,31.94
salinity@015,2020,31.93
salinity@015,2020,31.92
salinity@015,2020,31.91
salinity@015,2020,31.9
salinity@015,2020,31.88
salinity@015,2020,31.87
salinity@015,2020,31.86
salinity@015,2020,32.14
salinity@015,2020,32.13
salinity@015,2020,32.11
salinity@015,2020,32.1
salinity@015,2020,32.09
salinity@015,2020,32.08
salinity@015,2020,32.06
salinity@015,2020,32.05
salinity@015,2020,32.04
salinity@015,2020,32.03
salinity@015,2020,32.02
salinity@015,2020,32
salinity@015,2020,31.99
salinity@015,2020,31.98
salinity@015,2020,31.97
salinity@015,2020,31.96
salinity@015,2020,31.94
salinity@015,2020,31.93
salinity@015,2020,31.92
salinity@015,2020,31.91
salinity@015,2020,31.9
salinity@015,2020,31.88
salinity@015,2020,31.87
salinity@015,2020,31.86
salinity@015,2020,31.85
salinity@015,2020,31.84
salinity@015,2020,31.82
salinity@015,2020,32.1
salinity@015,2020,32.09
salinity@015,2020,32.08
salinity@015,2020,32.06
salinity@015,2020,32.05
salinity@015,2020,32.04
salinity@015,2020,32.03
salinity@015,2020,32.02
salinity@015,2020,32
salinity@015,2020,31.99
salinity@015,2020,31.98
salinity@015,2020,31.97
salinity@015,2020,31.96
salinity@015,2020,31.94
salinity@015,2020,31.93
salinity@015,2020,31.92
salinity@015,2020,31.91
salinity@015,2020,31.9
salinity@015,2020,31.88
salinity@015,2020,31.87
salinity@015,2020,31.86
salinity@015,2020,31.85
salinity@015,2020,31.84
salinity@015,2020,31.82
salinity@015,2020,31.81
salinity@015,2020,31.8
salinity@015,2020,31.79
salinity@015,2020,32.08
salinity@015,2020,32.06
salinity@015,2020,32.05
salinity@015,2020,32.04
salinity@015,2020,32.03
salinity@015,2020,32.02
salinity@015,2020,32
salinity@015,2020,31.99
salinity@015,2020,31.98
salinity@015,2020,31.97
salinity@015,2020,31.96
salinity@015,2020,31.94
salinity@015,2020,31.93
salinity@015,2020,31.92
salinity@015,2020,31.91
salinity@015,2020,31.9
salinity@015,2020,31.88
salinity@015,2020,31.87
salinity@015,2020,31.86
salinity@015,2020,31.85
salinity@015,2020,31.84
salinity@015,2020,31.82
salinity@015,2020,31.81
salinity@015,2020,31.8
salinity@015,2020,31.79
salinity@015,2020,31.77
salinity@015,2020,31.76
salinity@015,2020,32.04
salinity@015,2020,32.03
salinity@015,2020,32.02
salinity@015,2020,32
salinity@015,2020,31.99
salinity@015,2020,31.98
salinity@015,2020,31.97
salinity@015,2020,31.96
salinity@015,2020,31.94
salinity@015,2020,31.93
salinity@015,2020,31.92
salinity@015,2020,31.91
salinity@015,2020,31.9
salinity@015,2020,31.88
salinity@015,2020,31.87
salinity@015,2020,31.86
salinity@015,2020,31.85
salinity@015,2020,31.84
salinity@015,2020,31.82
salinity@015,2020,31.81
salinity@015,2020,31.8
salinity@015,2020,31.79
salinity@015,2020,31.77
salinity@015,2020,31.76
salinity@015,2020,31.75
salinity@015,2020,31.74
salinity@015,2020,31.73
salinity@015,2020,32
salinity@015,2020,31.99
salinity@015,2020,31.98
salinity@015,2020,31.97
salinity@015,2020,31.96
salinity@015,2020,31.94
salinity@015,2020,31.93
salinity@015,2020,31.92
salinity@015,2020,31.91
salinity@015,2020,31.9
salinity@015,2020,31.88
salinity@015,2020,31.87
salinity@015,2020,31.86
salinity@015,2020,31.85
salinity@015,2020,31.84
salinity@015,2020,31.82
salinity@015,2020,31.81
salinity@015,2020,31.8
salinity@015,2020,31.79
salinity@015,2020,31.77
salinity@015,2020,31.76
salinity@015,2020,31.75
salinity@015,2020,31.74
salinity@015,2020,31.73
salinity@015,2020,31.71
salinity@015,2020,31.7
salinity@015,2020,31.69
salinity@015,2020,31.98
salinity@015,2020,31.97
salinity@015,2020,31.96
salinity@015,2020,31.94
salinity@015,2020,31.93
salinity@015,2020,31.92
salinity@015,2020,31.91
salinity@015,2020,31.9
salinity@015,2020,31.88
salinity@015,2020,31.87
salinity@015,2020,31.86
salinity@015,2020,31.85
salinity@015,2020,31.84
salinity@015,2020,31.82
salinity@015,2020,31.81
salinity@015,2020,31.8
salinity@015,2020,31.79
salinity@015,2020,31.77
salinity@015,2020,31.76
salinity@015,2020,31.75
salinity@015,2020,31.74
salinity@015,2020,31.73
salinity@015,2020,31.71
salinity@015,2020,31.7
salinity@015,2020,31.69
salinity@015,2020,31.68
salinity@015,2020,31.94
salinity@015,2020,31.93
salinity@015,2020,31.92
salinity@015,2020,31.91
salinity@015,2020,31.9
salinity@015,2020,31.88
salinity@015,2020,31.87
salinity@015,2020,31.86
salinity@015,2020,31.85
salinity@015,2020,31.84
salinity@015,2020,31.82
salinity@015,2020,31.81
salinity@015,2020,31.8
salinity@015,2020,31.79
salinity@015,2020,31.77
salinity@015,2020,31.76
salinity@015,2020,31.75
salinity@015,2020,31.74
salinity@015,2020,31.73
salinity@015,2020,31.71
salinity@015,2020,31.7
salinity@015,2020,31.69
salinity@015,2020,31.68
salinity@015,2020,31.67
salinity@015,2020,31.91
salinity@015,2020,31.9
salinity@015,2020,31.88
salinity@015,2020,31.87
salinity@015,2020,31.86
salinity@015,2020,31.85
salinity@015,2020,31.84
salinity@015,2020,31.82
salinity@015,2020,31.81
salinity@015,2020,31.8
salinity@015,2020,31.79
salinity@015,2020,31.77
salinity@015,2020,31.76
salinity@015,2020,31.75
salinity@015,2020,31.74
salinity@015,2020,31.73
salinity@015,2020,31.71
salinity@015,2020,31.7
salinity@015,2020,31.69
salinity@015,2020,31.68
salinity@015,2020,31.67
salinity@015,2020,31.9
salinity@015,2020,31.88
salinity@015,2020,31.87
salinity@015,2020,31.86
salinity@015,2020,31.85
salinity@015,2020,31.84
salinity@015,2020,31.82
salinity@015,2020,31.81
salinity@015,2020,31.8
salinity@015,2020,31.79
salinity@015,2020,31.77
salinity@015,2020,31.76
salinity@015,2020,31.75
salinity@015,2020,31.74
salinity@015,2020,31.73
salinity@015,2020,31.71
salinity@015,2020,31.7
salinity@015,2020,31.69
salinity@015,2020,31.68
salinity@015,2020,31.67
salinity@015,2020,31.93
salinity@015,2020,31.92
salinity@015,2020,31.91
salinity@015,2020,31.9
salinity@015,2020,31.88
salinity@015,2020,31.87
salinity@015,2020,31.86
salinity@015,2020,31.85
salinity@015,2020,31.84
salinity@015,2020,31.82
salinity@015,2020,31.81
salinity@015,2020,31.8
salinity@015,2020,31.79
salinity@015,2020,31.77
salinity@015,2020,31.76
salinity@015,2020,31.75
salinity@015,2020,31.74
salinity@015,2020,31.73
salinity@015,2020,31.71
salinity@015,2020,31.7
salinity@015,2020,31.69
salinity@015,2020,31.68
salinity@015,2020,31.67
salinity@015,2020,31.65
salinity@015,2020,31.97
salinity@015,2020,31.96
salinity@015,2020,31.94
salinity@015,2020,31.93
salinity@015,2020,31.92
salinity@015,2020,31.91
salinity@015,2020,31.9
salinity@015,2020,31.88
salinity@015,2020,31.87
salinity@015,2020,31.86
salinity@015,2020,31.85
salinity@015,2020,31.84
salinity@015,2020,31.82
salinity@015,2020,31.81
salinity@015,2020,31.8
salinity@015,2020,31.79
salinity@015,2020,31.77
salinity@015,2020,31.76
salinity@015,2020,31.75
salinity@015,2020,31.74
salinity@015,2020,31.73
salinity@015,2020,31.71
salinity@015,2020,31.7
salinity@015,2020,31.69
salinity@015,2020,31.68
salinity@015,2020,31.67
salinity@015,2020,32
salinity@015,2020,31.99
salinity@015,2020,31.98
salinity@015,2020,31.97
salinity@015,2020,31.96
salinity@015,2020,31.94
salinity@015,2020,31.93
salinity@015,2020,31.92
salinity@015,2020,31.91
salinity@015,2020,31.9
salinity@015,2020,31.88
salinity@015,2020,31.87
salinity@015,2020,31.86
salinity@015,2020,31.85
salinity@015,2020,31.84
salinity@015,2020,31.82
salinity@015,2020,31.81
salinity@015,2020,31.8
salinity@015,2020,31.79
salinity@015,2020,31.77
salinity@015,2020,31.76
salinity@015,2020,31.75
salinity@015,2020,31.74
salinity@015,2020,31.73
salinity@015,2020,31.71
salinity@015,2020,31.7
salinity@015,2020,31.69
salinity@015,2020,31.68
salinity@015,2020,32.04
salinity@015,2020,32.03
salinity@015,2020,32.02
salinity@015,2020,32
salinity@015,2020,31.99
salinity@015,2020,31.98
salinity@015,2020,31.97
salinity@015,2020,31.96
salinity@015,2020,31.94
salinity@015,2020,31.93
salinity@015,2020,31.92
salinity@015,2020,31.91
salinity@015,2020,31.9
salinity@015,2020,31.88
salinity@015,2020,31.87
salinity@015,2020,31.86
salinity@015,2020,31.85
salinity@015,2020,31.84
salinity@015,2020,31.82
salinity@015,2020,31.81
salinity@015,2020,31.8
salinity@015,2020,31.79
salinity@015,2020,31.77
salinity@015,2020,31.76
salinity@015,2020,31.75
salinity@015,2020,31.74
salinity@015,2020,31.73
salinity@015,2020,31.71
salinity@015,2020,31.7
salinity@015,2020,31.69
salinity@015,2020,31.68
salinity@015,2020,32.09
salinity@015,2020,32.08
salinity@015,2020,32.06
salinity@015,2020,32.05
salinity@015,2020,32.04
salinity@015,2020,32.03
salinity@015,2020,32.02
salinity@015,2020,32
salinity@015,2020,31.99
salinity@015,2020,31.98
salinity@015,2020,31.97
salinity@015,2020,31.96
salinity@015,2020,31.94
salinity@015,2020,31.93
salinity@015,2020,31.92
salinity@015,2020,31.91
salinity@015,2020,31.9
salinity@015,2020,31.88
salinity@015,2020,31.87
salinity@015,2020,31.86
salinity@015,2020,31.85
salinity@015,2020,31.84
salinity@015,2020,31.82
salinity@015,2020,31.81
salinity@015,2020,31.8
salinity@015,2020,31.79
salinity@015,2020,31.77
salinity@015,2020,31.76
salinity@015,2020,31.75
salinity@015,2020,31.74
salinity@015,2020,31.73
salinity@015,2020,31.71
salinity@015,2020,31.7
salinity@015,2020,32.13
salinity@015,2020,32.11
salinity@015,2020,32.1
salinity@015,2020,32.09
salinity@015,2020,32.08
salinity@015,2020,32.06
salinity@015,2020,32.05
salinity@015,2020,32.04
salinity@015,2020,32.03
salinity@015,2020,32.02
salinity@015,2020,32
salinity@015,2020,31.99
salinity@015,2020,31.98
salinity@015,2020,31.97
salinity@015,2020,31.96
salinity@015,2020,31.94
salinity@015,2020,31.93
salinity@015,2020,31.92
salinity@015,2020,31.91
salinity@015,2020,31.9
salinity@015,2020,31.88
salinity@015,2020,31.87
salinity@015,2020,31.86
salinity@015,2020,31.85
salinity@015,2020,31.84
salinity@015,2020,31.82
salinity@015,2020,31.81
salinity@015,2020,31.8
salinity@015,2020,31.79
salinity@015,2020,31.77
salinity@015,2020,31.76
salinity@015,2020,31.75
salinity@015,2020,32.16
salinity@015,2020,32.15
salinity@015,2020,32.14
salinity@015,2020,32.13
salinity@015,2020,32.11
salinity@015,2020,32.1
salinity@015,2020,32.09
salinity@015,2020,32.08
salinity@015,2020,32.06
salinity@015,2020,32.05
salinity@015,2020,32.04
salinity@015,2020,32.03
salinity@015,2020,32.02
salinity@015,2020,32
salinity@015,2020,31.99
salinity@015,2020,31.98
salinity@015,2020,31.97
salinity@015,2020,31.96
salinity@015,2020,31.94
salinity@015,2020,31.93
salinity@015,2020,31.92
salinity@015,2020,31.91
salinity@015,2020,31.9
salinity@015,2020,31.88
salinity@015,2020,31.87
salinity@015,2020,31.86
salinity@015,2020,31.85
salinity@015,2020,31.84
salinity@015,2020,31.82
salinity@015,2020,31.81
salinity@015,2020,31.8
salinity@015,2020,31.79
salinity@015,2020,32.2
salinity@015,2020,32.19
salinity@015,2020,32.17
salinity@015,2020,32.16
salinity@015,2020,32.15
salinity@015,2020,32.14
salinity@015,2020,32.13
salinity@015,2020,32.11
salinity@015,2020,32.1
salinity@015,2020,32.09
salinity@015,2020,32.08
salinity@015,2020,32.06
salinity@015,2020,32.05
salinity@015,2020,32.04
salinity@015,2020,32.03
salinity@015,2020,32.02
salinity@015,2020,32
salinity@015,2020,31.99
salinity@015,2020,31.98
salinity@015,2020,31.97
salinity@015,2020,31.96
salinity@015,2020,31.94
salinity@015,2020,31.93
salinity@015,2020,31.92
salinity@015,2020,31.91
salinity@015,2020,31.9
salinity@015,2020,31.88
salinity@015,2020,31.87
salinity@015,2020,31.86
salinity@015,2020,31.85
salinity@015,2020,31.84
salinity@015,2020,31.82
salinity@015,2020,32.23
salinity@015,2020,32.22
salinity@015,2020,32.21
salinity@015,2020,32.2
salinity@015,2020,32.19
salinity@015,2020,32.17
salinity@015,2020,32.16
salinity@015,2020,32.15
salinity@015,2020,32.14
salinity@015,2020,32.13
salinity@015,2020,32.11
salinity@015,2020,32.1
salinity@015,2020,32.09
salinity@015,2020,32.08
salinity@015,2020,32.06
salinity@015,2020,32.05
salinity@015,2020,32.04
salinity@015,2020,32.03
salinity@015,2020,32.02
salinity@015,2020,32
salinity@015,2020,31.99
salinity@015,2020,31.98
salinity@015,2020,31.97
salinity@015,2020,31.96
salinity@015,2020,31.94
salinity@015,2020,31.93
salinity@015,2020,31.92
salinity@015,2020,31.91
salinity@015,2020,31.9
salinity@015,2020,31.88
salinity@015,2020,31.87
salinity@015,2020,31.86
salinity@015,2020,32.26
salinity@015,2020,32.25
salinity@015,2020,32.23
salinity@015,2020,32.22
salinity@015,2020,32.21
salinity@015,2020,32.2
salinity@015,2020,32.19
salinity@015,2020,32.17
salinity@015,2020,32.16
salinity@015,2020,32.15
salinity@015,2020,32.14
salinity@015,2020,32.13
salinity@015,2020,32.11
salinity@015,2020,32.1
salinity@015,2020,32.09
salinity@015,2020,32.08
salinity@015,2020,32.06
salinity@015,2020,32.05
salinity@015,2020,32.04
salinity@015,2020,32.03
salinity@015,2020,32.02
salinity@015,2020,32
salinity@015,2020,31.99
salinity@015,2020,31.98
salinity@015,2020,31.97
salinity@015,2020,31.96
salinity@015,2020,31.94
salinity@015,2020,31.93
salinity@015,2020,31.92
salinity@015,2020,31.91
salinity@015,2020,32.27
salinity@015,2020,32.26
salinity@015,2020,32.25
salinity@015,2020,32.23
salinity@015,2020,32.22
salinity@015,2020,32.21
salinity@015,2020,32.2
salinity@015,2020,32.19
salinity@015,2020,32.17
salinity@015,2020,32.16
salinity@015,2020,32.15
salinity@015,2020,32.14
salinity@015,2020,32.13
salinity@015,2020,32.11
salinity@015,2020,32.1
salinity@015,2020,32.09
salinity@015,2020,32.08
salinity@015,2020,32.06
salinity@015,2020,32.05
salinity@015,2020,32.04
salinity@015,2020,32.03
salinity@015,2020,32.02
salinity@015,2020,32
salinity@015,2020,31.99
salinity@015,2020,31.98
salinity@015,2020,31.97
salinity@015,2020,31.96
salinity@015,2020,31.94
salinity@015,2020,32.28
salinity@015,2020,32.27
salinity@015,2020,32.26
salinity@015,2020,32.25
salinity@015,2020,32.23
salinity@015,2020,32.22
salinity@015,2020,32.21
salinity@015,2020,32.2
salinity@015,2020,32.19
salinity@015,2020,32.17
salinity@015,2020,32.16
salinity@015,2020,32.15
salinity@015,2020,32.14
salinity@015,2020,32.13
salinity@015,2020,32.11
salinity@015,2020,32.1
salinity@015,2020,32.09
salinity@015,2020,32.08
salinity@015,2020,32.06
salinity@015,2020,32.05
salinity@015,2020,32.04
salinity@015,2020,32.03
salinity@015,2020,32.02
salinity@015,2020,32
salinity@015,2020,31.99
salinity@015,2020,31.98
salinity@015,2020,32.28
salinity@015,2020,32.27
salinity@015,2020,32.26
salinity@015,2020,32.25
salinity@015,2020,32.23
salinity@015,2020,32.22
salinity@015,2020,32.21
salinity@015,2020,32.2
salinity@015,2020,32.19
salinity@015,2020,32.17
salinity@015,2020,32.16
salinity@015,2020,32.15
salinity@015,2020,32.14
salinity@015,2020,32.13
salinity@015,2020,32.11
salinity@015,2020,32.1
salinity@015,2020,32.09
salinity@015,2020,32.08
salinity@015,2020,32.06
salinity@015,2020,32.05
salinity@015,2020,32.04
salinity@015,2020,32.03
salinity@015,2020,32.02
salinity@015,2020,32.28
salinity@015,2020,32.27
salinity@015,2020,32.26
salinity@015,2020,32.25
salinity@015,2020,32.23
salinity@015,2020,32.22
salinity@015,2020,32.21
salinity@015,2020,32.2
salinity@015,2020,32.19
salinity@015,2020,32.17
salinity@015,2020,32.16
salinity@015,2020,32.15
salinity@015,2020,32.14
salinity@015,2020,32.13
salinity@015,2020,32.11
salinity@015,2020,32.1
salinity@015,2020,32.09
salinity@015,2020,32.08
salinity@015,2020,32.06
salinity@015,2020,32.28
salinity@015,2020,32.27
salinity@015,2020,32.26
salinity@015,2020,32.25
salinity@015,2020,32.23
salinity@015,2020,32.22
salinity@015,2020,32.21
salinity@015,2020,32.2
salinity@015,2020,32.19
salinity@015,2020,32.17
salinity@015,2020,32.16
salinity@015,2020,32.15
salinity@015,2020,32.14
salinity@015,2020,32.13
salinity@015,2020,32.11
salinity@015,2020,32.1
salinity@015,2020,32.27
salinity@015,2020,32.26
salinity@015,2020,32.25
salinity@015,2020,32.23
salinity@015,2020,32.22
salinity@015,2020,32.21
salinity@015,2020,32.2
salinity@015,2020,32.19
salinity@015,2020,32.17
salinity@015,2020,32.16
salinity@015,2020,32.15
salinity@015,2020,32.14
salinity@015,2020,32.27
salinity@015,2020,32.26
salinity@015,2020,32.25
salinity@015,2020,32.23
salinity@015,2020,32.22
salinity@015,2020,32.21
salinity@015,2020,32.2
salinity@015,2020,32.19
salinity@015,2020,32.17
salinity@015,2020,32.16
salinity@015,2020,32.27
salinity@015,2020,32.26
salinity@015,2020,32.25
salinity@015,2020,32.23
salinity@015,2020,32.22
salinity@015,2020,32.21
salinity@015,2020,32.2
salinity@015,2020,32.19
salinity@015,2020,32.17
salinity@015,2020,32.16
salinity@015,2020,32.26
salinity@015,2020,32.25
salinity@015,2020,32.23
salinity@015,2020,32.22
salinity@015,2020,32.21
salinity@015,2020,32.2
salinity@015,2020,32.19
salinity@015,2020,32.17
salinity@015,2020,32.16
salinity@015,2020,32.15
salinity@015,2020,32.26
salinity@015,2020,32.25
salinity@015,2020,32.23
salinity@015,2020,32.22
salinity@015,2020,32.21
salinity@015,2020,32.2
salinity@015,2020,32.19
salinity@015,2020,32.17
salinity@015,2020,32.16
salinity@015,2020,32.15
salinity@015,2020,32.26
salinity@015,2020,32.25
salinity@015,2020,32.23
salinity@015,2020,32.22
salinity@015,2020,32.21
salinity@015,2020,32.2
salinity@015,2020,32.19
salinity@015,2020,32.17
salinity@015,2020,32.16
salinity@015,2020,32.15
salinity@015,2020,32.25
salinity@015,2020,32.23
salinity@015,2020,32.22
salinity@015,2020,32.21
salinity@015,2020,32.2
salinity@015,2020,32.19
salinity@015,2020,32.17
salinity@015,2020,32.16
salinity@015,2020,32.15
salinity@015,2020,32.14
salinity@015,2020,32.25
salinity@015,2020,32.23
salinity@015,2020,32.22
salinity@015,2020,32.21
salinity@015,2020,32.2
salinity@015,2020,32.19
salinity@015,2020,32.17
salinity@015,2020,32.16
salinity@015,2020,32.15
salinity@015,2020,32.14
salinity@015,2020,32.25
salinity@015,2020,32.23
salinity@015,2020,32.22
salinity@015,2020,32.21
salinity@015,2020,32.2
salinity@015,2020,32.19
salinity@015,2020,32.17
salinity@015,2020,32.16
salinity@015,2020,32.15
salinity@015,2020,32.14
salinity@015,2020,32.23
salinity@015,2020,32.22
salinity@015,2020,32.21
salinity@015,2020,32.2
salinity@015,2020,32.19
salinity@015,2020,32.17
salinity@015,2020,32.16
salinity@015,2020,32.15
salinity@015,2020,32.14
salinity@015,2020,32.13
salinity@015,2020,32.23
salinity@015,2020,32.22
salinity@015,2020,32.21
salinity@015,2020,32.2
salinity@015,2020,32.19
salinity@015,2020,32.17
salinity@015,2020,32.16
salinity@015,2020,32.15
salinity@015,2020,32.14
salinity@015,2020,32.13
salinity@015,2020,32.25
salinity@015,2020,32.23
salinity@015,2020,32.22
salinity@015,2020,32.21
salinity@015,2020,32.2
salinity@015,2020,32.19
salinity@015,2020,32.17
salinity@015,2020,32.16
salinity@015,2020,32.15
salinity@015,2020,32.14
salinity@015,2020,32.13
salinity@015,2020,32.25
salinity@015,2020,32.23
salinity@015,2020,32.22
salinity@015,2020,32.21
salinity@015,2020,32.2
salinity@015,2020,32.19
salinity@015,2020,32.17
salinity@015,2020,32.16
salinity@015,2020,32.15
salinity@015,2020,32.14
salinity@015,2020,32.13
salinity@015,2020,32.26
salinity@015,2020,32.25
salinity@015,2020,32.23
salinity@015,2020,32.22
salinity@015,2020,32.21
salinity@015,2020,32.2
salinity@015,2020,32.19
salinity@015,2020,32.17
salinity@015,2020,32.16
salinity@015,2020,32.15
salinity@015,2020,32.14
salinity@015,2020,32.26
salinity@015,2020,32.25
salinity@015,2020,32.23
salinity@015,2020,32.22
salinity@015,2020,32.21
salinity@015,2020,32.2
salinity@015,2020,32.19
salinity@015,2020,32.17
salinity@015,2020,32.16
salinity@015,2020,32.15
salinity@015,2020,32.14
salinity@015,2020,32.27
salinity@015,2020,32.26
salinity@015,2020,32.25
salinity@015,2020,32.23
salinity@015,2020,32.22
salinity@015,2020,32.21
salinity@015,2020,32.2
salinity@015,2020,32.19
salinity@015,2020,32.17
salinity@015,2020,32.16
salinity@015,2020,32.15
salinity@015,2020,32.28
salinity@015,2020,32.27
salinity@015,2020,32.26
salinity@015,2020,32.25
salinity@015,2020,32.23
salinity@015,2020,32.22
salinity@015,2020,32.21
salinity@015,2020,32.2
salinity@015,2020,32.19
salinity@015,2020,32.17
salinity@015,2020,32.16
salinity@015,2020,32.15
salinity@015,2020,32.28
salinity@015,2020,32.27
salinity@015,2020,32.26
salinity@015,2020,32.25
salinity@015,2020,32.23
salinity@015,2020,32.22
salinity@015,2020,32.21
salinity@015,2020,32.2
salinity@015,2020,32.19
salinity@015,2020,32.17
salinity@015,2020,32.16
salinity@015,2020,32.29
salinity@015,2020,32.28
salinity@015,2020,32.27
salinity@015,2020,32.26
salinity@015,2020,32.25
salinity@015,2020,32.23
salinity@015,2020,32.22
salinity@015,2020,32.21
salinity@015,2020,32.2
salinity@015,2020,32.19
salinity@015,2020,32.17
salinity@015,2020,32.29
salinity@015,2020,32.28
salinity@015,2020,32.27
salinity@015,2020,32.26
salinity@015,2020,32.25
salinity@015,2020,32.23
salinity@015,2020,32.22
salinity@015,2020,32.21
salinity@015,2020,32.2
salinity@015,2020,32.19
salinity@015,2020,32.17
salinity@015,2020,32.31
salinity@015,2020,32.29
salinity@015,2020,32.28
salinity@015,2020,32.27
salinity@015,2020,32.26
salinity@015,2020,32.25
salinity@015,2020,32.23
salinity@015,2020,32.22
salinity@015,2020,32.21
salinity@015,2020,32.2
salinity@015,2020,32.19
salinity@015,2020,32.32
salinity@015,2020,32.31
salinity@015,2020,32.29
salinity@015,2020,32.28
salinity@015,2020,32.27
salinity@015,2020,32.26
salinity@015,2020,32.25
salinity@015,2020,32.23
salinity@015,2020,32.22
salinity@015,2020,32.21
salinity@015,2020,32.2
salinity@015,2020,32.32
salinity@015,2020,32.31
salinity@015,2020,32.29
salinity@015,2020,32.28
salinity@015,2020,32.27
salinity@015,2020,32.26
salinity@015,2020,32.25
salinity@015,2020,32.23
salinity@015,2020,32.22
salinity@015,2020,32.21
salinity@015,2020,32.2
salinity@015,2020,32.33
salinity@015,2020,32.32
salinity@015,2020,32.31
salinity@015,2020,32.29
salinity@015,2020,32.28
salinity@015,2020,32.27
salinity@015,2020,32.26
salinity@015,2020,32.25
salinity@015,2020,32.23
salinity@015,2020,32.22
salinity@015,2020,32.21
salinity@015,2020,32.33
salinity@015,2020,32.32
salinity@015,2020,32.31
salinity@015,2020,32.29
salinity@015,2020,32.28
salinity@015,2020,32.27
salinity@015,2020,32.26
salinity@015,2020,32.25
salinity@015,2020,32.23
salinity@015,2020,32.22
salinity@015,2020,32.21
salinity@015,2020,32.33
salinity@015,2020,32.32
salinity@015,2020,32.31
salinity@015,2020,32.29
salinity@015,2020,32.28
salinity@015,2020,32.27
salinity@015,2020,32.26
salinity@015,2020,32.25
salinity@015,2020,32.23
salinity@015,2020,32.22
salinity@015,2020,32.33
salinity@015,2020,32.32
salinity@015,2020,32.31
salinity@015,2020,32.29
salinity@015,2020,32.28
salinity@015,2020,32.27
salinity@015,2020,32.26
salinity@015,2020,32.25
salinity@015,2020,32.23
salinity@015,2020,32.22
salinity@015,2020,32.33
salinity@015,2020,32.32
salinity@015,2020,32.31
salinity@015,2020,32.29
salinity@015,2020,32.28
salinity@015,2020,32.27
salinity@015,2020,32.26
salinity@015,2020,32.25
salinity@015,2020,32.23
salinity@015,2020,32.22
salinity@015,2020,32.34
salinity@015,2020,32.33
salinity@015,2020,32.32
salinity@015,2020,32.31
salinity@015,2020,32.29
salinity@015,2020,32.28
salinity@015,2020,32.27
salinity@015,2020,32.26
salinity@015,2020,32.25
salinity@015,2020,32.23
salinity@015,2020,32.34
salinity@015,2020,32.33
salinity@015,2020,32.32
salinity@015,2020,32.31
salinity@015,2020,32.29
salinity@015,2020,32.28
salinity@015,2020,32.27
salinity@015,2020,32.26
salinity@015,2020,32.25
salinity@015,2020,32.23
salinity@015,2020,32.34
salinity@015,2020,32.33
salinity@015,2020,32.32
salinity@015,2020,32.31
salinity@015,2020,32.29
salinity@015,2020,32.28
salinity@015,2020,32.27
salinity@015,2020,32.26
salinity@015,2020,32.25
salinity@015,2020,32.23
salinity@015,2020,32.34
salinity@015,2020,32.33
salinity@015,2020,32.32
salinity@015,2020,32.31
salinity@015,2020,32.29
salinity@015,2020,32.28
salinity@015,2020,32.27
salinity@015,2020,32.26
salinity@015,2020,32.25
salinity@015,2020,32.23
salinity@015,2020,32.34
salinity@015,2020,32.33
salinity@015,2020,32.32
salinity@015,2020,32.31
salinity@015,2020,32.29
salinity@015,2020,32.28
salinity@015,2020,32.27
salinity@015,2020,32.26
salinity@015,2020,32.25
salinity@015,2020,32.36
salinity@015,2020,32.34
salinity@015,2020,32.33
salinity@015,2020,32.32
salinity@015,2020,32.31
salinity@015,2020,32.29
salinity@015,2020,32.28
salinity@015,2020,32.27
salinity@015,2020,32.26
salinity@015,2020,32.25
salinity@015,2020,32.36
salinity@015,2020,32.34
salinity@015,2020,32.33
salinity@015,2020,32.32
salinity@015,2020,32.31
salinity@015,2020,32.29
salinity@015,2020,32.28
salinity@015,2020,32.27
salinity@015,2020,32.26
salinity@015,2020,32.25
salinity@015,2020,32.36
salinity@015,2020,32.34
salinity@015,2020,32.33
salinity@015,2020,32.32
salinity@015,2020,32.31
salinity@015,2020,32.29
salinity@015,2020,32.28
salinity@015,2020,32.27
salinity@015,2020,32.26
salinity@015,2020,32.25
salinity@015,2020,32.36
salinity@015,2020,32.34
salinity@015,2020,32.33
salinity@015,2020,32.32
salinity@015,2020,32.31
salinity@015,2020,32.29
salinity@015,2020,32.28
salinity@015,2020,32.27
salinity@015,2020,32.26
salinity@015,2020,32.25
salinity@015,2020,32.36
salinity@015,2020,32.34
salinity@015,2020,32.33
salinity@015,2020,32.32
salinity@015,2020,32.31
salinity@015,2020,32.29
salinity@015,2020,32.28
salinity@015,2020,32.27
salinity@015,2020,32.26
salinity@015,2020,32.25
salinity@015,2020,32.36
salinity@015,2020,32.34
salinity@015,2020,32.33
salinity@015,2020,32.32
salinity@015,2020,32.31
salinity@015,2020,32.29
salinity@015,2020,32.28
salinity@015,2020,32.27
salinity@015,2020,32.26
salinity@015,2020,32.25
salinity@015,2020,32.36
salinity@015,2020,32.34
salinity@015,2020,32.33
salinity@015,2020,32.32
salinity@015,2020,32.31
salinity@015,2020,32.29
salinity@015,2020,32.28
salinity@015,2020,32.27
salinity@015,2020,32.26
salinity@015,2020,32.25
salinity@015,2020,32.36
salinity@015,2020,32.34
salinity@015,2020,32.33
salinity@015,2020,32.32
salinity@015,2020,32.31
salinity@015,2020,32.29
salinity@015,2020,32.28
salinity@015,2020,32.27
salinity@015,2020,32.26
salinity@015,2020,32.25
salinity@015,2020,32.34
salinity@015,2020,32.33
salinity@015,2020,32.32
salinity@015,2020,32.31
salinity@015,2020,32.29
salinity@015,2020,32.28
salinity@015,2020,32.27
salinity@015,2020,32.26
salinity@015,2020,32.25
salinity@015,2020,32.23
salinity@015,2020,32.34
salinity@015,2020,32.33
salinity@015,2020,32.32
salinity@015,2020,32.31
salinity@015,2020,32.29
salinity@015,2020,32.28
salinity@015,2020,32.27
salinity@015,2020,32.26
salinity@015,2020,32.25
salinity@015,2020,32.23
salinity@015,2020,32.34
salinity@015,2020,32.33
salinity@015,2020,32.32
salinity@015,2020,32.31
salinity@015,2020,32.29
salinity@015,2020,32.28
salinity@015,2020,32.27
salinity@015,2020,32.26
salinity@015,2020,32.25
salinity@015,2020,32.23
salinity@015,2020,32.34
salinity@015,2020,32.33
salinity@015,2020,32.32
salinity@015,2020,32.31
salinity@015,2020,32.29
salinity@015,2020,32.28
salinity@015,2020,32.27
salinity@015,2020,32.26
salinity@015,2020,32.25
salinity@015,2020,32.23
salinity@015,2020,32.33
salinity@015,2020,32.32
salinity@015,2020,32.31
salinity@015,2020,32.29
salinity@015,2020,32.28
salinity@015,2020,32.27
salinity@015,2020,32.26
salinity@015,2020,32.25
salinity@015,2020,32.23
salinity@015,2020,32.22
salinity@015,2020,32.33
salinity@015,2020,32.32
salinity@015,2020,32.31
salinity@015,2020,32.29
salinity@015,2020,32.28
salinity@015,2020,32.27
salinity@015,2020,32.26
salinity@015,2020,32.25
salinity@015,2020,32.23
salinity@015,2020,32.22
salinity@015,2020,32.33
salinity@015,2020,32.32
salinity@015,2020,32.31
salinity@015,2020,32.29
salinity@015,2020,32.28
salinity@015,2020,32.27
salinity@015,2020,32.26
salinity@015,2020,32.25
salinity@015,2020,32.23
salinity@015,2020,32.22
salinity@015,2020,32.32
salinity@015,2020,32.31
salinity@015,2020,32.29
salinity@015,2020,32.28
salinity@015,2020,32.27
salinity@015,2020,32.26
salinity@015,2020,32.25
salinity@015,2020,32.23
salinity@015,2020,32.22
salinity@015,2020,32.21
salinity@015,2020,32.32
salinity@015,2020,32.31
salinity@015,2020,32.29
salinity@015,2020,32.28
salinity@015,2020,32.27
salinity@015,2020,32.26
salinity@015,2020,32.25
salinity@015,2020,32.23
salinity@015,2020,32.22
salinity@015,2020,32.21
salinity@015,2020,32.22
salinity@015,2020,32.21
salinity@015,2020,32.21
salinity@015,2021,32.34
salinity@015,2021,32.33
salinity@015,2021,32.32
salinity@015,2021,32.31
salinity@015,2021,32.37
salinity@015,2021,32.36
salinity@015,2021,32.34
salinity@015,2021,32.33
salinity@015,2021,32.32
salinity@015,2021,32.31
salinity@015,2021,32.29
salinity@015,2021,32.28
salinity@015,2021,32.37
salinity@015,2021,32.36
salinity@015,2021,32.34
salinity@015,2021,32.33
salinity@015,2021,32.32
salinity@015,2021,32.31
salinity@015,2021,32.29
salinity@015,2021,32.28
salinity@015,2021,32.27
salinity@015,2021,32.38
salinity@015,2021,32.37
salinity@015,2021,32.36
salinity@015,2021,32.34
salinity@015,2021,32.33
salinity@015,2021,32.32
salinity@015,2021,32.31
salinity@015,2021,32.29
salinity@015,2021,32.28
salinity@015,2021,32.27
salinity@015,2021,32.26
salinity@015,2021,32.38
salinity@015,2021,32.37
salinity@015,2021,32.36
salinity@015,2021,32.34
salinity@015,2021,32.33
salinity@015,2021,32.32
salinity@015,2021,32.31
salinity@015,2021,32.29
salinity@015,2021,32.28
salinity@015,2021,32.27
salinity@015,2021,32.26
salinity@015,2021,32.25
salinity@015,2021,32.38
salinity@015,2021,32.37
salinity@015,2021,32.36
salinity@015,2021,32.34
salinity@015,2021,32.33
salinity@015,2021,32.32
salinity@015,2021,32.31
salinity@015,2021,32.29
salinity@015,2021,32.28
salinity@015,2021,32.27
salinity@015,2021,32.26
salinity@015,2021,32.25
salinity@015,2021,32.23
salinity@015,2021,32.37
salinity@015,2021,32.36
salinity@015,2021,32.34
salinity@015,2021,32.33
salinity@015,2021,32.32
salinity@015,2021,32.31
salinity@015,2021,32.29
salinity@015,2021,32.28
salinity@015,2021,32.27
salinity@015,2021,32.26
salinity@015,2021,32.25
salinity@015,2021,32.23
salinity@015,2021,32.22
salinity@015,2021,32.21
salinity@015,2021,32.37
salinity@015,2021,32.36
salinity@015,2021,32.34
salinity@015,2021,32.33
salinity@015,2021,32.32
salinity@015,2021,32.31
salinity@015,2021,32.29
salinity@015,2021,32.28
salinity@015,2021,32.27
salinity@015,2021,32.26
salinity@015,2021,32.25
salinity@015,2021,32.23
salinity@015,2021,32.22
salinity@015,2021,32.21
salinity@015,2021,32.2
salinity@015,2021,32.36
salinity@015,2021,32.34
salinity@015,2021,32.33
salinity@015,2021,32.32
salinity@015,2021,32.31
salinity@015,2021,32.29
salinity@015,2021,32.28
salinity@015,2021,32.27
salinity@015,2021,32.26
salinity@015,2021,32.25
salinity@015,2021,32.23
salinity@015,2021,32.22
salinity@015,2021,32.21
salinity@015,2021,32.2
salinity@015,2021,32.19
salinity@015,2021,32.34
salinity@015,2021,32.33
salinity@015,2021,32.32
salinity@015,2021,32.31
salinity@015,2021,32.29
salinity@015,2021,32.28
salinity@015,2021,32.27
salinity@015,2021,32.26
salinity@015,2021,32.25
salinity@015,2021,32.23
salinity@015,2021,32.22
salinity@015,2021,32.21
salinity@015,2021,32.2
salinity@015,2021,32.19
salinity@015,2021,32.17
salinity@015,2021,32.32
salinity@015,2021,32.31
salinity@015,2021,32.29
salinity@015,2021,32.28
salinity@015,2021,32.27
salinity@015,2021,32.26
salinity@015,2021,32.25
salinity@015,2021,32.23
salinity@015,2021,32.22
salinity@015,2021,32.21
salinity@015,2021,32.2
salinity@015,2021,32.19
salinity@015,2021,32.17
salinity@015,2021,32.16
salinity@015,2021,32.31
salinity@015,2021,32.29
salinity@015,2021,32.28
salinity@015,2021,32.27
salinity@015,2021,32.26
salinity@015,2021,32.25
salinity@015,2021,32.23
salinity@015,2021,32.22
salinity@015,2021,32.21
salinity@015,2021,32.2
salinity@015,2021,32.19
salinity@015,2021,32.17
salinity@015,2021,32.16
salinity@015,2021,32.15
salinity@015,2021,32.14
salinity@015,2021,32.29
salinity@015,2021,32.28
salinity@015,2021,32.27
salinity@015,2021,32.26
salinity@015,2021,32.25
salinity@015,2021,32.23
salinity@015,2021,32.22
salinity@015,2021,32.21
salinity@015,2021,32.2
salinity@015,2021,32.19
salinity@015,2021,32.17
salinity@015,2021,32.16
salinity@015,2021,32.15
salinity@015,2021,32.14
salinity@015,2021,32.13
salinity@015,2021,32.28
salinity@015,2021,32.27
salinity@015,2021,32.26
salinity@015,2021,32.25
salinity@015,2021,32.23
salinity@015,2021,32.22
salinity@015,2021,32.21
salinity@015,2021,32.2
salinity@015,2021,32.19
salinity@015,2021,32.17
salinity@015,2021,32.16
salinity@015,2021,32.15
salinity@015,2021,32.14
salinity@015,2021,32.13
salinity@015,2021,32.11
salinity@015,2021,32.27
salinity@015,2021,32.26
salinity@015,2021,32.25
salinity@015,2021,32.23
salinity@015,2021,32.22
salinity@015,2021,32.21
salinity@015,2021,32.2
salinity@015,2021,32.19
salinity@015,2021,32.17
salinity@015,2021,32.16
salinity@015,2021,32.15
salinity@015,2021,32.14
salinity@015,2021,32.13
salinity@015,2021,32.11
salinity@015,2021,32.1
salinity@015,2021,32.25
salinity@015,2021,32.23
salinity@015,2021,32.22
salinity@015,2021,32.21
salinity@015,2021,32.2
salinity@015,2021,32.19
salinity@015,2021,32.17
salinity@015,2021,32.16
salinity@015,2021,32.15
salinity@015,2021,32.14
salinity@015,2021,32.13
salinity@015,2021,32.11
salinity@015,2021,32.1
salinity@015,2021,32.09
salinity@015,2021,32.23
salinity@015,2021,32.22
salinity@015,2021,32.21
salinity@015,2021,32.2
salinity@015,2021,32.19
salinity@015,2021,32.17
salinity@015,2021,32.16
salinity@015,2021,32.15
salinity@015,2021,32.14
salinity@015,2021,32.13
salinity@015,2021,32.11
salinity@015,2021,32.1
salinity@015,2021,32.09
salinity@015,2021,32.25
salinity@015,2021,32.23
salinity@015,2021,32.22
salinity@015,2021,32.21
salinity@015,2021,32.2
salinity@015,2021,32.19
salinity@015,2021,32.17
salinity@015,2021,32.16
salinity@015,2021,32.15
salinity@015,2021,32.14
salinity@015,2021,32.13
salinity@015,2021,32.11
salinity@015,2021,32.1
salinity@015,2021,32.09
salinity@015,2021,32.27
salinity@015,2021,32.26
salinity@015,2021,32.25
salinity@015,2021,32.23
salinity@015,2021,32.22
salinity@015,2021,32.21
salinity@015,2021,32.2
salinity@015,2021,32.19
salinity@015,2021,32.17
salinity@015,2021,32.16
salinity@015,2021,32.15
salinity@015,2021,32.14
salinity@015,2021,32.13
salinity@015,2021,32.11
salinity@015,2021,32.1
salinity@015,2021,32.09
salinity@015,2021,32.29
salinity@015,2021,32.28
salinity@015,2021,32.27
salinity@015,2021,32.26
salinity@015,2021,32.25
salinity@015,2021,32.23
salinity@015,2021,32.22
salinity@015,2021,32.21
salinity@015,2021,32.2
salinity@015,2021,32.19
salinity@015,2021,32.17
salinity@015,2021,32.16
salinity@015,2021,32.15
salinity@015,2021,32.14
salinity@015,2021,32.13
salinity@015,2021,32.11
salinity@015,2021,32.1
salinity@015,2021,32.09
salinity@015,2021,32.32
salinity@015,2021,32.31
salinity@015,2021,32.29
salinity@015,2021,32.28
salinity@015,2021,32.27
salinity@015,2021,32.26
salinity@015,2021,32.25
salinity@015,2021,32.23
salinity@015,2021,32.22
salinity@015,2021,32.21
salinity@015,2021,32.2
salinity@015,2021,32.19
salinity@015,2021,32.17
salinity@015,2021,32.16
salinity@015,2021,32.15
salinity@015,2021,32.14
salinity@015,2021,32.13
salinity@015,2021,32.11
salinity@015,2021,32.1
salinity@015,2021,32.33
salinity@015,2021,32.32
salinity@015,2021,32.31
salinity@015,2021,32.29
salinity@015,2021,32.28
salinity@015,2021,32.27
salinity@015,2021,32.26
salinity@015,2021,32.25
salinity@015,2021,32.23
salinity@015,2021,32.22
salinity@015,2021,32.21
salinity@015,2021,32.2
salinity@015,2021,32.19
salinity@015,2021,32.17
salinity@015,2021,32.16
salinity@015,2021,32.15
salinity@015,2021,32.14
salinity@015,2021,32.13
salinity@015,2021,32.11
salinity@015,2021,32.36
salinity@015,2021,32.34
salinity@015,2021,32.33
salinity@015,2021,32.32
salinity@015,2021,32.31
salinity@015,2021,32.29
salinity@015,2021,32.28
salinity@015,2021,32.27
salinity@015,2021,32.26
salinity@015,2021,32.25
salinity@015,2021,32.23
salinity@015,2021,32.22
salinity@015,2021,32.21
salinity@015,2021,32.2
salinity@015,2021,32.19
salinity@015,2021,32.17
salinity@015,2021,32.16
salinity@015,2021,32.15
salinity@015,2021,32.14
salinity@015,2021,32.38
salinity@015,2021,32.37
salinity@015,2021,32.36
salinity@015,2021,32.34
salinity@015,2021,32.33
salinity@015,2021,32.32
salinity@015,2021,32.31
salinity@015,2021,32.29
salinity@015,2021,32.28
salinity@015,2021,32.27
salinity@015,2021,32.26
salinity@015,2021,32.25
salinity@015,2021,32.23
salinity@015,2021,32.22
salinity@015,2021,32.21
salinity@015,2021,32.2
salinity@015,2021,32.19
salinity@015,2021,32.17
salinity@015,2021,32.16
salinity@015,2021,32.4
salinity@015,2021,32.39
salinity@015,2021,32.38
salinity@015,2021,32.37
salinity@015,2021,32.36
salinity@015,2021,32.34
salinity@015,2021,32.33
salinity@015,2021,32.32
salinity@015,2021,32.31
salinity@015,2021,32.29
salinity@015,2021,32.28
salinity@015,2021,32.27
salinity@015,2021,32.26
salinity@015,2021,32.25
salinity@015,2021,32.23
salinity@015,2021,32.22
salinity@015,2021,32.21
salinity@015,2021,32.2
salinity@015,2021,32.19
salinity@015,2021,32.17
salinity@015,2021,32.43
salinity@015,2021,32.42
salinity@015,2021,32.4
salinity@015,2021,32.39
salinity@015,2021,32.38
salinity@015,2021,32.37
salinity@015,2021,32.36
salinity@015,2021,32.34
salinity@015,2021,32.33
salinity@015,2021,32.32
salinity@015,2021,32.31
salinity@015,2021,32.29
salinity@015,2021,32.28
salinity@015,2021,32.27
salinity@015,2021,32.26
salinity@015,2021,32.25
salinity@015,2021,32.23
salinity@015,2021,32.22
salinity@015,2021,32.21
salinity@015,2021,32.2
salinity@015,2021,32.44
salinity@015,2021,32.43
salinity@015,2021,32.42
salinity@015,2021,32.4
salinity@015,2021,32.39
salinity@015,2021,32.38
salinity@015,2021,32.37
salinity@015,2021,32.36
salinity@015,2021,32.34
salinity@015,2021,32.33
salinity@015,2021,32.32
salinity@015,2021,32.31
salinity@015,2021,32.29
salinity@015,2021,32.28
salinity@015,2021,32.27
salinity@015,2021,32.26
salinity@015,2021,32.25
salinity@015,2021,32.23
salinity@015,2021,32.22
salinity@015,2021,32.46
salinity@015,2021,32.45
salinity@015,2021,32.44
salinity@015,2021,32.43
salinity@015,2021,32.42
salinity@015,2021,32.4
salinity@015,2021,32.39
salinity@015,2021,32.38
salinity@015,2021,32.37
salinity@015,2021,32.36
salinity@015,2021,32.34
salinity@015,2021,32.33
salinity@015,2021,32.32
salinity@015,2021,32.31
salinity@015,2021,32.29
salinity@015,2021,32.28
salinity@015,2021,32.27
salinity@015,2021,32.26
salinity@015,2021,32.25
salinity@015,2021,32.46
salinity@015,2021,32.45
salinity@015,2021,32.44
salinity@015,2021,32.43
salinity@015,2021,32.42
salinity@015,2021,32.4
salinity@015,2021,32.39
salinity@015,2021,32.38
salinity@015,2021,32.37
salinity@015,2021,32.36
salinity@015,2021,32.34
salinity@015,2021,32.33
salinity@015,2021,32.32
salinity@015,2021,32.31
salinity@015,2021,32.29
salinity@015,2021,32.28
salinity@015,2021,32.27
salinity@015,2021,32.26
salinity@015,2021,32.46
salinity@015,2021,32.45
salinity@015,2021,32.44
salinity@015,2021,32.43
salinity@015,2021,32.42
salinity@015,2021,32.4
salinity@015,2021,32.39
salinity@015,2021,32.38
salinity@015,2021,32.37
salinity@015,2021,32.36
salinity@015,2021,32.34
salinity@015,2021,32.33
salinity@015,2021,32.32
salinity@015,2021,32.31
salinity@015,2021,32.29
salinity@015,2021,32.28
salinity@015,2021,32.45
salinity@015,2021,32.44
salinity@015,2021,32.43
salinity@015,2021,32.42
salinity@015,2021,32.4
salinity@015,2021,32.39
salinity@015,2021,32.38
salinity@015,2021,32.37
salinity@015,2021,32.36
salinity@015,2021,32.34
salinity@015,2021,32.33
salinity@015,2021,32.32
salinity@015,2021,32.31
salinity@015,2021,32.29
salinity@015,2021,32.43
salinity@015,2021,32.42
salinity@015,2021,32.4
salinity@015,2021,32.39
salinity@015,2021,32.38
salinity@015,2021,32.37
salinity@015,2021,32.36
salinity@015,2021,32.34
salinity@015,2021,32.33
salinity@015,2021,32.32
salinity@015,2021,32.31
salinity@015,2021,32.29
salinity@015,2021,32.28
salinity@015,2021,32.27
salinity@015,2021,32.42
salinity@015,2021,32.4
salinity@015,2021,32.39
salinity@015,2021,32.38
salinity@015,2021,32.37
salinity@015,2021,32.36
salinity@015,2021,32.34
salinity@015,2021,32.33
salinity@015,2021,32.32
salinity@015,2021,32.31
salinity@015,2021,32.29
salinity@015,2021,32.28
salinity@015,2021,32.27
salinity@015,2021,32.26
salinity@015,2021,32.25
salinity@015,2021,32.23
salinity@015,2021,32.4
salinity@015,2021,32.39
salinity@015,2021,32.38
salinity@015,2021,32.37
salinity@015,2021,32.36
salinity@015,2021,32.34
salinity@015,2021,32.33
salinity@015,2021,32.32
salinity@015,2021,32.31
salinity@015,2021,32.29
salinity@015,2021,32.28
salinity@015,2021,32.27
salinity@015,2021,32.26
salinity@015,2021,32.25
salinity@015,2021,32.23
salinity@015,2021,32.22
salinity@015,2021,32.21
salinity@015,2021,32.4
salinity@015,2021,32.39
salinity@015,2021,32.38
salinity@015,2021,32.37
salinity@015,2021,32.36
salinity@015,2021,32.34
salinity@015,2021,32.33
salinity@015,2021,32.32
salinity@015,2021,32.31
salinity@015,2021,32.29
salinity@015,2021,32.28
salinity@015,2021,32.27
salinity@015,2021,32.26
salinity@015,2021,32.25
salinity@015,2021,32.23
salinity@015,2021,32.22
salinity@015,2021,32.21
salinity@015,2021,32.2
salinity@015,2021,32.19
salinity@015,2021,32.39
salinity@015,2021,32.38
salinity@015,2021,32.37
salinity@015,2021,32.36
salinity@015,2021,32.34
salinity@015,2021,32.33
salinity@015,2021,32.32
salinity@015,2021,32.31
salinity@015,2021,32.29
salinity@015,2021,32.28
salinity@015,2021,32.27
salinity@015,2021,32.26
salinity@015,2021,32.25
salinity@015,2021,32.23
salinity@015,2021,32.22
salinity@015,2021,32.21
salinity@015,2021,32.2
salinity@015,2021,32.19
salinity@015,2021,32.17
salinity@015,2021,32.16
salinity@015,2021,32.15
salinity@015,2021,32.39
salinity@015,2021,32.38
salinity@015,2021,32.37
salinity@015,2021,32.36
salinity@015,2021,32.34
salinity@015,2021,32.33
salinity@015,2021,32.32
salinity@015,2021,32.31
salinity@015,2021,32.29
salinity@015,2021,32.28
salinity@015,2021,32.27
salinity@015,2021,32.26
salinity@015,2021,32.25
salinity@015,2021,32.23
salinity@015,2021,32.22
salinity@015,2021,32.21
salinity@015,2021,32.2
salinity@015,2021,32.19
salinity@015,2021,32.17
salinity@015,2021,32.16
salinity@015,2021,32.15
salinity@015,2021,32.14
salinity@015,2021,32.13
salinity@015,2021,32.38
salinity@015,2021,32.37
salinity@015,2021,32.36
salinity@015,2021,32.34
salinity@015,2021,32.33
salinity@015,2021,32.32
salinity@015,2021,32.31
salinity@015,2021,32.29
salinity@015,2021,32.28
salinity@015,2021,32.27
salinity@015,2021,32.26
salinity@015,2021,32.25
salinity@015,2021,32.23
salinity@015,2021,32.22
salinity@015,2021,32.21
salinity@015,2021,32.2
salinity@015,2021,32.19
salinity@015,2021,32.17
salinity@015,2021,32.16
salinity@015,2021,32.15
salinity@015,2021,32.14
salinity@015,2021,32.13
salinity@015,2021,32.11
salinity@015,2021,32.1
salinity@015,2021,32.34
salinity@015,2021,32.33
salinity@015,2021,32.32
salinity@015,2021,32.31
salinity@015,2021,32.29
salinity@015,2021,32.28
salinity@015,2021,32.27
salinity@015,2021,32.26
salinity@015,2021,32.25
salinity@015,2021,32.23
salinity@015,2021,32.22
salinity@015,2021,32.21
salinity@015,2021,32.2
salinity@015,2021,32.19
salinity@015,2021,32.17
salinity@015,2021,32.16
salinity@015,2021,32.15
salinity@015,2021,32.14
salinity@015,2021,32.13
salinity@015,2021,32.11
salinity@015,2021,32.1
salinity@015,2021,32.09
salinity@015,2021,32.08
salinity@015,2021,32.06
salinity@015,2021,32.32
salinity@015,2021,32.31
salinity@015,2021,32.29
salinity@015,2021,32.28
salinity@015,2021,32.27
salinity@015,2021,32.26
salinity@015,2021,32.25
salinity@015,2021,32.23
salinity@015,2021,32.22
salinity@015,2021,32.21
salinity@015,2021,32.2
salinity@015,2021,32.19
salinity@015,2021,32.17
salinity@015,2021,32.16
salinity@015,2021,32.15
salinity@015,2021,32.14
salinity@015,2021,32.13
salinity@015,2021,32.11
salinity@015,2021,32.1
salinity@015,2021,32.09
salinity@015,2021,32.08
salinity@015,2021,32.06
salinity@015,2021,32.05
salinity@015,2021,32.04
salinity@015,2021,32.29
salinity@015,2021,32.28
salinity@015,2021,32.27
salinity@015,2021,32.26
salinity@015,2021,32.25
salinity@015,2021,32.23
salinity@015,2021,32.22
salinity@015,2021,32.21
salinity@015,2021,32.2
salinity@015,2021,32.19
salinity@015,2021,32.17
salinity@015,2021,32.16
salinity@015,2021,32.15
salinity@015,2021,32.14
salinity@015,2021,32.13
salinity@015,2021,32.11
salinity@015,2021,32.1
salinity@015,2021,32.09
salinity@015,2021,32.08
salinity@015,2021,32.06
salinity@015,2021,32.05
salinity@015,2021,32.04
salinity@015,2021,32.03
salinity@015,2021,32.02
salinity@015,2021,32.26
salinity@015,2021,32.25
salinity@015,2021,32.23
salinity@015,2021,32.22
salinity@015,2021,32.21
salinity@015,2021,32.2
salinity@015,2021,32.19
salinity@015,2021,32.17
salinity@015,2021,32.16
salinity@015,2021,32.15
salinity@015,2021,32.14
salinity@015,2021,32.13
salinity@015,2021,32.11
salinity@015,2021,32.1
salinity@015,2021,32.09
salinity@015,2021,32.08
salinity@015,2021,32.06
salinity@015,2021,32.05
salinity@015,2021,32.04
salinity@015,2021,32.03
salinity@015,2021,32.02
salinity@015,2021,32.23
salinity@015,2021,32.22
salinity@015,2021,32.21
salinity@015,2021,32.2
salinity@015,2021,32.19
salinity@015,2021,32.17
salinity@015,2021,32.16
salinity@015,2021,32.15
salinity@015,2021,32.14
salinity@015,2021,32.13
salinity@015,2021,32.11
salinity@015,2021,32.1
salinity@015,2021,32.09
salinity@015,2021,32.08
salinity@015,2021,32.06
salinity@015,2021,32.05
salinity@015,2021,32.04
salinity@015,2021,32.03
salinity@015,2021,32.02
salinity@015,2021,32
salinity@015,2021,32.21
salinity@015,2021,32.2
salinity@015,2021,32.19
salinity@015,2021,32.17
salinity@015,2021,32.16
salinity@015,2021,32.15
salinity@015,2021,32.14
salinity@015,2021,32.13
salinity@015,2021,32.11
salinity@015,2021,32.1
salinity@015,2021,32.09
salinity@015,2021,32.08
salinity@015,2021,32.06
salinity@015,2021,32.05
salinity@015,2021,32.04
salinity@015,2021,32.03
salinity@015,2021,32.02
salinity@015,2021,32
salinity@015,2021,31.99
salinity@015,2021,32.17
salinity@015,2021,32.16
salinity@015,2021,32.15
salinity@015,2021,32.14
salinity@015,2021,32.13
salinity@015,2021,32.11
salinity@015,2021,32.1
salinity@015,2021,32.09
salinity@015,2021,32.08
salinity@015,2021,32.06
salinity@015,2021,32.05
salinity@015,2021,32.04
salinity@015,2021,32.03
salinity@015,2021,32.02
salinity@015,2021,32
salinity@015,2021,31.99
salinity@015,2021,32.15
salinity@015,2021,32.14
salinity@015,2021,32.13
salinity@015,2021,32.11
salinity@015,2021,32.1
salinity@015,2021,32.09
salinity@015,2021,32.08
salinity@015,2021,32.06
salinity@015,2021,32.05
salinity@015,2021,32.04
salinity@015,2021,32.03
salinity@015,2021,32.02
salinity@015,2021,32
salinity@015,2021,31.99
salinity@015,2021,32.13
salinity@015,2021,32.11
salinity@015,2021,32.1
salinity@015,2021,32.09
salinity@015,2021,32.08
salinity@015,2021,32.06
salinity@015,2021,32.05
salinity@015,2021,32.04
salinity@015,2021,32.03
salinity@015,2021,32.02
salinity@015,2021,32
salinity@015,2021,31.99
salinity@015,2021,31.98
salinity@015,2021,32.09
salinity@015,2021,32.08
salinity@015,2021,32.06
salinity@015,2021,32.05
salinity@015,2021,32.04
salinity@015,2021,32.03
salinity@015,2021,32.02
salinity@015,2021,32
salinity@015,2021,31.99
salinity@015,2021,31.98
salinity@015,2021,32.09
salinity@015,2021,32.08
salinity@015,2021,32.06
salinity@015,2021,32.05
salinity@015,2021,32.04
salinity@015,2021,32.03
salinity@015,2021,32.02
salinity@015,2021,32
salinity@015,2021,31.99
salinity@015,2021,31.98
salinity@015,2021,31.97
salinity@015,2021,32.08
salinity@015,2021,32.06
salinity@015,2021,32.05
salinity@015,2021,32.04
salinity@015,2021,32.03
salinity@015,2021,32.02
salinity@015,2021,32
salinity@015,2021,31.99
salinity@015,2021,31.98
salinity@015,2021,31.97
salinity@015,2021,32.08
salinity@015,2021,32.06
salinity@015,2021,32.05
salinity@015,2021,32.04
salinity@015,2021,32.03
salinity@015,2021,32.02
salinity@015,2021,32
salinity@015,2021,31.99
salinity@015,2021,31.98
salinity@015,2021,31.97
salinity@015,2021,32.08
salinity@015,2021,32.06
salinity@015,2021,32.05
salinity@015,2021,32.04
salinity@015,2021,32.03
salinity@015,2021,32.02
salinity@015,2021,32
salinity@015,2021,31.99
salinity@015,2021,31.98
salinity@015,2021,31.97
salinity@015,2021,31.96
salinity@015,2021,32.06
salinity@015,2021,32.05
salinity@015,2021,32.04
salinity@015,2021,32.03
salinity@015,2021,32.02
salinity@015,2021,32
salinity@015,2021,31.99
salinity@015,2021,31.98
salinity@015,2021,31.97
salinity@015,2021,31.96
salinity@015,2021,32.06
salinity@015,2021,32.05
salinity@015,2021,32.04
salinity@015,2021,32.03
salinity@015,2021,32.02
salinity@015,2021,32
salinity@015,2021,31.99
salinity@015,2021,31.98
salinity@015,2021,31.97
salinity@015,2021,31.96
salinity@015,2021,31.94
salinity@015,2021,32.05
salinity@015,2021,32.04
salinity@015,2021,32.03
salinity@015,2021,32.02
salinity@015,2021,32
salinity@015,2021,31.99
salinity@015,2021,31.98
salinity@015,2021,31.97
salinity@015,2021,31.96
salinity@015,2021,31.94
salinity@015,2021,32.05
salinity@015,2021,32.04
salinity@015,2021,32.03
salinity@015,2021,32.02
salinity@015,2021,32
salinity@015,2021,31.99
salinity@015,2021,31.98
salinity@015,2021,31.97
salinity@015,2021,31.96
salinity@015,2021,31.94
salinity@015,2021,32.04
salinity@015,2021,32.03
salinity@015,2021,32.02
salinity@015,2021,32
salinity@015,2021,31.99
salinity@015,2021,31.98
salinity@015,2021,31.97
salinity@015,2021,31.96
salinity@015,2021,31.94
salinity@015,2021,31.93
salinity@015,2021,32.04
salinity@015,2021,32.03
salinity@015,2021,32.02
salinity@015,2021,32
salinity@015,2021,31.99
salinity@015,2021,31.98
salinity@015,2021,31.97
salinity@015,2021,31.96
salinity@015,2021,31.94
salinity@015,2021,31.93
salinity@015,2021,32.04
salinity@015,2021,32.03
salinity@015,2021,32.02
salinity@015,2021,32
salinity@015,2021,31.99
salinity@015,2021,31.98
salinity@015,2021,31.97
salinity@015,2021,31.96
salinity@015,2021,31.94
salinity@015,2021,31.93
salinity@015,2021,32.04
salinity@015,2021,32.03
salinity@015,2021,32.02
salinity@015,2021,32
salinity@015,2021,31.99
salinity@015,2021,31.98
salinity@015,2021,31.97
salinity@015,2021,31.96
salinity@015,2021,31.94
salinity@015,2021,31.93
salinity@015,2021,32.04
salinity@015,2021,32.03
salinity@015,2021,32.02
salinity@015,2021,32
salinity@015,2021,31.99
salinity@015,2021,31.98
salinity@015,2021,31.97
salinity@015,2021,31.96
salinity@015,2021,31.94
salinity@015,2021,31.93
salinity@015,2021,32.04
salinity@015,2021,32.03
salinity@015,2021,32.02
salinity@015,2021,32
salinity@015,2021,31.99
salinity@015,2021,31.98
salinity@015,2021,31.97
salinity@015,2021,31.96
salinity@015,2021,31.94
salinity@015,2021,31.93
salinity@015,2021,32.04
salinity@015,2021,32.03
salinity@015,2021,32.02
salinity@015,2021,32
salinity@015,2021,31.99
salinity@015,2021,31.98
salinity@015,2021,31.97
salinity@015,2021,31.96
salinity@015,2021,31.94
salinity@015,2021,31.93
salinity@015,2021,32.04
salinity@015,2021,32.03
salinity@015,2021,32.02
salinity@015,2021,32
salinity@015,2021,31.99
salinity@015,2021,31.98
salinity@015,2021,31.97
salinity@015,2021,31.96
salinity@015,2021,31.94
salinity@015,2021,31.93
salinity@015,2021,32.03
salinity@015,2021,32.02
salinity@015,2021,32
salinity@015,2021,31.99
salinity@015,2021,31.98
salinity@015,2021,31.97
salinity@015,2021,31.96
salinity@015,2021,31.94
salinity@015,2021,31.93
salinity@015,2021,32.03
salinity@015,2021,32.02
salinity@015,2021,32
salinity@015,2021,31.99
salinity@015,2021,31.98
salinity@015,2021,31.97
salinity@015,2021,31.96
salinity@015,2021,31.94
salinity@015,2021,31.93
salinity@015,2021,32.03
salinity@015,2021,32.02
salinity@015,2021,32
salinity@015,2021,31.99
salinity@015,2021,31.98
salinity@015,2021,31.97
salinity@015,2021,31.96
salinity@015,2021,31.94
salinity@015,2021,31.93
salinity@015,2021,32.08
salinity@015,2021,32.06
salinity@015,2021,32.05
salinity@015,2021,32.04
salinity@015,2021,32.03
salinity@015,2021,32.02
salinity@015,2021,32
salinity@015,2021,31.99
salinity@015,2021,31.98
salinity@015,2021,31.97
salinity@015,2021,31.96
salinity@015,2021,31.94
salinity@015,2021,31.93
salinity@015,2021,32.13
salinity@015,2021,32.11
salinity@015,2021,32.1
salinity@015,2021,32.09
salinity@015,2021,32.08
salinity@015,2021,32.06
salinity@015,2021,32.05
salinity@015,2021,32.04
salinity@015,2021,32.03
salinity@015,2021,32.02
salinity@015,2021,32
salinity@015,2021,31.99
salinity@015,2021,31.98
salinity@015,2021,31.97
salinity@015,2021,31.96
salinity@015,2021,31.94
salinity@015,2021,31.93
salinity@015,2021,32.17
salinity@015,2021,32.16
salinity@015,2021,32.15
salinity@015,2021,32.14
salinity@015,2021,32.13
salinity@015,2021,32.11
salinity@015,2021,32.1
salinity@015,2021,32.09
salinity@015,2021,32.08
salinity@015,2021,32.06
salinity@015,2021,32.05
salinity@015,2021,32.04
salinity@015,2021,32.03
salinity@015,2021,32.02
salinity@015,2021,32
salinity@015,2021,31.99
salinity@015,2021,31.98
salinity@015,2021,31.97
salinity@015,2021,31.96
salinity@015,2021,31.94
salinity@015,2021,31.93
salinity@015,2021,31.92
salinity@015,2021,32.21
salinity@015,2021,32.2
salinity@015,2021,32.19
salinity@015,2021,32.17
salinity@015,2021,32.16
salinity@015,2021,32.15
salinity@015,2021,32.14
salinity@015,2021,32.13
salinity@015,2021,32.11
salinity@015,2021,32.1
salinity@015,2021,32.09
salinity@015,2021,32.08
salinity@015,2021,32.06
salinity@015,2021,32.05
salinity@015,2021,32.04
salinity@015,2021,32.03
salinity@015,2021,32.02
salinity@015,2021,32
salinity@015,2021,31.99
salinity@015,2021,31.98
salinity@015,2021,31.97
salinity@015,2021,31.96
salinity@015,2021,31.94
salinity@015,2021,31.93
salinity@015,2021,31.92
salinity@015,2021,32.26
salinity@015,2021,32.25
salinity@015,2021,32.23
salinity@015,2021,32.22
salinity@015,2021,32.21
salinity@015,2021,32.2
salinity@015,2021,32.19
salinity@015,2021,32.17
salinity@015,2021,32.16
salinity@015,2021,32.15
salinity@015,2021,32.14
salinity@015,2021,32.13
salinity@015,2021,32.11
salinity@015,2021,32.1
salinity@015,2021,32.09
salinity@015,2021,32.08
salinity@015,2021,32.06
salinity@015,2021,32.05
salinity@015,2021,32.04
salinity@015,2021,32.03
salinity@015,2021,32.02
salinity@015,2021,32
salinity@015,2021,31.99
salinity@015,2021,31.98
salinity@015,2021,31.97
salinity@015,2021,31.96
salinity@015,2021,31.94
salinity@015,2021,31.93
salinity@015,2021,32.31
salinity@015,2021,32.29
salinity@015,2021,32.28
salinity@015,2021,32.27
salinity@015,2021,32.26
salinity@015,2021,32.25
salinity@015,2021,32.23
salinity@015,2021,32.22
salinity@015,2021,32.21
salinity@015,2021,32.2
salinity@015,2021,32.19
salinity@015,2021,32.17
salinity@015,2021,32.16
salinity@015,2021,32.15
salinity@015,2021,32.14
salinity@015,2021,32.13
salinity@015,2021,32.11
salinity@015,2021,32.1
salinity@015,2021,32.09
salinity@015,2021,32.08
salinity@015,2021,32.06
salinity@015,2021,32.05
salinity@015,2021,32.04
salinity@015,2021,32.03
salinity@015,2021,32.02
salinity@015,2021,32
salinity@015,2021,31.99
salinity@015,2021,31.98
salinity@015,2021,31.97
salinity@015,2021,31.96
salinity@015,2021,31.94
salinity@015,2021,31.93
salinity@015,2021,32.36
salinity@015,2021,32.34
salinity@015,2021,32.33
salinity@015,2021,32.32
salinity@015,2021,32.31
salinity@015,2021,32.29
salinity@015,2021,32.28
salinity@015,2021,32.27
salinity@015,2021,32.26
salinity@015,2021,32.25
salinity@015,2021,32.23
salinity@015,2021,32.22
salinity@015,2021,32.21
salinity@015,2021,32.2
salinity@015,2021,32.19
salinity@015,2021,32.17
salinity@015,2021,32.16
salinity@015,2021,32.15
salinity@015,2021,32.14
salinity@015,2021,32.13
salinity@015,2021,32.11
salinity@015,2021,32.1
salinity@015,2021,32.09
salinity@015,2021,32.08
salinity@015,2021,32.06
salinity@015,2021,32.05
salinity@015,2021,32.04
salinity@015,2021,32.03
salinity@015,2021,32.02
salinity@015,2021,32
salinity@015,2021,31.99
salinity@015,2021,31.98
salinity@015,2021,31.97
salinity@015,2021,31.96
salinity@015,2021,31.94
salinity@015,2021,32.4
salinity@015,2021,32.39
salinity@015,2021,32.38
salinity@015,2021,32.37
salinity@015,2021,32.36
salinity@015,2021,32.34
salinity@015,2021,32.33
salinity@015,2021,32.32
salinity@015,2021,32.31
salinity@015,2021,32.29
salinity@015,2021,32.28
salinity@015,2021,32.27
salinity@015,2021,32.26
salinity@015,2021,32.25
salinity@015,2021,32.23
salinity@015,2021,32.22
salinity@015,2021,32.21
salinity@015,2021,32.2
salinity@015,2021,32.19
salinity@015,2021,32.17
salinity@015,2021,32.16
salinity@015,2021,32.15
salinity@015,2021,32.14
salinity@015,2021,32.13
salinity@015,2021,32.11
salinity@015,2021,32.1
salinity@015,2021,32.09
salinity@015,2021,32.08
salinity@015,2021,32.06
salinity@015,2021,32.05
salinity@015,2021,32.04
salinity@015,2021,32.03
salinity@015,2021,32.02
salinity@015,2021,32
salinity@015,2021,31.99
salinity@015,2021,31.98
salinity@015,2021,31.97
salinity@015,2021,31.96
salinity@015,2021,32.45
salinity@015,2021,32.44
salinity@015,2021,32.43
salinity@015,2021,32.42
salinity@015,2021,32.4
salinity@015,2021,32.39
salinity@015,2021,32.38
salinity@015,2021,32.37
salinity@015,2021,32.36
salinity@015,2021,32.34
salinity@015,2021,32.33
salinity@015,2021,32.32
salinity@015,2021,32.31
salinity@015,2021,32.29
salinity@015,2021,32.28
salinity@015,2021,32.27
salinity@015,2021,32.26
salinity@015,2021,32.25
salinity@015,2021,32.23
salinity@015,2021,32.22
salinity@015,2021,32.21
salinity@015,2021,32.2
salinity@015,2021,32.19
salinity@015,2021,32.17
salinity@015,2021,32.16
salinity@015,2021,32.15
salinity@015,2021,32.14
salinity@015,2021,32.13
salinity@015,2021,32.11
salinity@015,2021,32.1
salinity@015,2021,32.09
salinity@015,2021,32.08
salinity@015,2021,32.06
salinity@015,2021,32.05
salinity@015,2021,32.04
salinity@015,2021,32.03
salinity@015,2021,32.02
salinity@015,2021,32
salinity@015,2021,32.49
salinity@015,2021,32.48
salinity@015,2021,32.46
salinity@015,2021,32.45
salinity@015,2021,32.44
salinity@015,2021,32.43
salinity@015,2021,32.42
salinity@015,2021,32.4
salinity@015,2021,32.39
salinity@015,2021,32.38
salinity@015,2021,32.37
salinity@015,2021,32.36
salinity@015,2021,32.34
salinity@015,2021,32.33
salinity@015,2021,32.32
salinity@015,2021,32.31
salinity@015,2021,32.29
salinity@015,2021,32.28
salinity@015,2021,32.27
salinity@015,2021,32.26
salinity@015,2021,32.25
salinity@015,2021,32.23
salinity@015,2021,32.22
salinity@015,2021,32.21
salinity@015,2021,32.2
salinity@015,2021,32.19
salinity@015,2021,32.17
salinity@015,2021,32.16
salinity@015,2021,32.15
salinity@015,2021,32.14
salinity@015,2021,32.13
salinity@015,2021,32.11
salinity@015,2021,32.1
salinity@015,2021,32.09
salinity@015,2021,32.08
salinity@015,2021,32.06
salinity@015,2021,32.05
salinity@015,2021,32.54
salinity@015,2021,32.52
salinity@015,2021,32.51
salinity@015,2021,32.5
salinity@015,2021,32.49
salinity@015,2021,32.48
salinity@015,2021,32.46
salinity@015,2021,32.45
salinity@015,2021,32.44
salinity@015,2021,32.43
salinity@015,2021,32.42
salinity@015,2021,32.4
salinity@015,2021,32.39
salinity@015,2021,32.38
salinity@015,2021,32.37
salinity@015,2021,32.36
salinity@015,2021,32.34
salinity@015,2021,32.33
salinity@015,2021,32.32
salinity@015,2021,32.31
salinity@015,2021,32.29
salinity@015,2021,32.28
salinity@015,2021,32.27
salinity@015,2021,32.26
salinity@015,2021,32.25
salinity@015,2021,32.23
salinity@015,2021,32.22
salinity@015,2021,32.21
salinity@015,2021,32.2
salinity@015,2021,32.19
salinity@015,2021,32.17
salinity@015,2021,32.16
salinity@015,2021,32.15
salinity@015,2021,32.14
salinity@015,2021,32.13
salinity@015,2021,32.11
salinity@015,2021,32.1
salinity@015,2021,32.09
salinity@015,2021,32.58
salinity@015,2021,32.57
salinity@015,2021,32.56
salinity@015,2021,32.55
salinity@015,2021,32.54
salinity@015,2021,32.52
salinity@015,2021,32.51
salinity@015,2021,32.5
salinity@015,2021,32.49
salinity@015,2021,32.48
salinity@015,2021,32.46
salinity@015,2021,32.45
salinity@015,2021,32.44
salinity@015,2021,32.43
salinity@015,2021,32.42
salinity@015,2021,32.4
salinity@015,2021,32.39
salinity@015,2021,32.38
salinity@015,2021,32.37
salinity@015,2021,32.36
salinity@015,2021,32.34
salinity@015,2021,32.33
salinity@015,2021,32.32
salinity@015,2021,32.31
salinity@015,2021,32.29
salinity@015,2021,32.28
salinity@015,2021,32.27
salinity@015,2021,32.26
salinity@015,2021,32.25
salinity@015,2021,32.23
salinity@015,2021,32.22
salinity@015,2021,32.21
salinity@015,2021,32.2
salinity@015,2021,32.19
salinity@015,2021,32.17
salinity@015,2021,32.16
salinity@015,2021,32.15
salinity@015,2021,32.14
salinity@015,2021,32.61
salinity@015,2021,32.6
salinity@015,2021,32.58
salinity@015,2021,32.57
salinity@015,2021,32.56
salinity@015,2021,32.55
salinity@015,2021,32.54
salinity@015,2021,32.52
salinity@015,2021,32.51
salinity@015,2021,32.5
salinity@015,2021,32.49
salinity@015,2021,32.48
salinity@015,2021,32.46
salinity@015,2021,32.45
salinity@015,2021,32.44
salinity@015,2021,32.43
salinity@015,2021,32.42
salinity@015,2021,32.4
salinity@015,2021,32.39
salinity@015,2021,32.38
salinity@015,2021,32.37
salinity@015,2021,32.36
salinity@015,2021,32.34
salinity@015,2021,32.33
salinity@015,2021,32.32
salinity@015,2021,32.31
salinity@015,2021,32.29
salinity@015,2021,32.28
salinity@015,2021,32.27
salinity@015,2021,32.26
salinity@015,2021,32.25
salinity@015,2021,32.23
salinity@015,2021,32.22
salinity@015,2021,32.21
salinity@015,2021,32.2
salinity@015,2021,32.19
salinity@015,2021,32.62
salinity@015,2021,32.61
salinity@015,2021,32.6
salinity@015,2021,32.58
salinity@015,2021,32.57
salinity@015,2021,32.56
salinity@015,2021,32.55
salinity@015,2021,32.54
salinity@015,2021,32.52
salinity@015,2021,32.51
salinity@015,2021,32.5
salinity@015,2021,32.49
salinity@015,2021,32.48
salinity@015,2021,32.46
salinity@015,2021,32.45
salinity@015,2021,32.44
salinity@015,2021,32.43
salinity@015,2021,32.42
salinity@015,2021,32.4
salinity@015,2021,32.39
salinity@015,2021,32.38
salinity@015,2021,32.37
salinity@015,2021,32.36
salinity@015,2021,32.34
salinity@015,2021,32.33
salinity@015,2021,32.32
salinity@015,2021,32.31
salinity@015,2021,32.29
salinity@015,2021,32.28
salinity@015,2021,32.27
salinity@015,2021,32.26
salinity@015,2021,32.25
salinity@015,2021,32.23
salinity@015,2021,32.62
salinity@015,2021,32.61
salinity@015,2021,32.6
salinity@015,2021,32.58
salinity@015,2021,32.57
salinity@015,2021,32.56
salinity@015,2021,32.55
salinity@015,2021,32.54
salinity@015,2021,32.52
salinity@015,2021,32.51
salinity@015,2021,32.5
salinity@015,2021,32.49
salinity@015,2021,32.48
salinity@015,2021,32.46
salinity@015,2021,32.45
salinity@015,2021,32.44
salinity@015,2021,32.43
salinity@015,2021,32.42
salinity@015,2021,32.4
salinity@015,2021,32.39
salinity@015,2021,32.38
salinity@015,2021,32.37
salinity@015,2021,32.36
salinity@015,2021,32.34
salinity@015,2021,32.33
salinity@015,2021,32.32
salinity@015,2021,32.31
salinity@015,2021,32.29
salinity@015,2021,32.28
salinity@015,2021,32.62
salinity@015,2021,32.61
salinity@015,2021,32.6
salinity@015,2021,32.58
salinity@015,2021,32.57
salinity@015,2021,32.56
salinity@015,2021,32.55
salinity@015,2021,32.54
salinity@015,2021,32.52
salinity@015,2021,32.51
salinity@015,2021,32.5
salinity@015,2021,32.49
salinity@015,2021,32.48
salinity@015,2021,32.46
salinity@015,2021,32.45
salinity@015,2021,32.44
salinity@015,2021,32.43
salinity@015,2021,32.42
salinity@015,2021,32.4
salinity@015,2021,32.39
salinity@015,2021,32.38
salinity@015,2021,32.37
salinity@015,2021,32.36
salinity@015,2021,32.34
salinity@015,2021,32.33
salinity@015,2021,32.62
salinity@015,2021,32.61
salinity@015,2021,32.6
salinity@015,2021,32.58
salinity@015,2021,32.57
salinity@015,2021,32.56
salinity@015,2021,32.55
salinity@015,2021,32.54
salinity@015,2021,32.52
salinity@015,2021,32.51
salinity@015,2021,32.5
salinity@015,2021,32.49
salinity@015,2021,32.48
salinity@015,2021,32.46
salinity@015,2021,32.45
salinity@015,2021,32.44
salinity@015,2021,32.43
salinity@015,2021,32.42
salinity@015,2021,32.4
salinity@015,2021,32.39
salinity@015,2021,32.38
salinity@015,2021,32.37
salinity@015,2021,32.36
salinity@015,2021,32.34
salinity@015,2021,32.33
salinity@015,2021,32.32
salinity@015,2021,32.31
salinity@015,2021,32.62
salinity@015,2021,32.61
salinity@015,2021,32.6
salinity@015,2021,32.58
salinity@015,2021,32.57
salinity@015,2021,32.56
salinity@015,2021,32.55
salinity@015,2021,32.54
salinity@015,2021,32.52
salinity@015,2021,32.51
salinity@015,2021,32.5
salinity@015,2021,32.49
salinity@015,2021,32.48
salinity@015,2021,32.46
salinity@015,2021,32.45
salinity@015,2021,32.44
salinity@015,2021,32.43
salinity@015,2021,32.42
salinity@015,2021,32.4
salinity@015,2021,32.39
salinity@015,2021,32.38
salinity@015,2021,32.37
salinity@015,2021,32.36
salinity@015,2021,32.34
salinity@015,2021,32.33
salinity@015,2021,32.32
salinity@015,2021,32.31
salinity@015,2021,32.29
salinity@015,2021,32.28
salinity@015,2021,32.27
salinity@015,2021,32.26
salinity@015,2021,32.62
salinity@015,2021,32.61
salinity@015,2021,32.6
salinity@015,2021,32.58
salinity@015,2021,32.57
salinity@015,2021,32.56
salinity@015,2021,32.55
salinity@015,2021,32.54
salinity@015,2021,32.52
salinity@015,2021,32.51
salinity@015,2021,32.5
salinity@015,2021,32.49
salinity@015,2021,32.48
salinity@015,2021,32.46
salinity@015,2021,32.45
salinity@015,2021,32.44
salinity@015,2021,32.43
salinity@015,2021,32.42
salinity@015,2021,32.4
salinity@015,2021,32.39
salinity@015,2021,32.38
salinity@015,2021,32.37
salinity@015,2021,32.36
salinity@015,2021,32.34
salinity@015,2021,32.33
salinity@015,2021,32.32
salinity@015,2021,32.31
salinity@015,2021,32.29
salinity@015,2021,32.28
salinity@015,2021,32.27
salinity@015,2021,32.26
salinity@015,2021,32.25
salinity@015,2021,32.23
salinity@015,2021,32.22
salinity@015,2021,32.21
salinity@015,2021,32.61
salinity@015,2021,32.6
salinity@015,2021,32.58
salinity@015,2021,32.57
salinity@015,2021,32.56
salinity@015,2021,32.55
salinity@015,2021,32.54
salinity@015,2021,32.52
salinity@015,2021,32.51
salinity@015,2021,32.5
salinity@015,2021,32.49
salinity@015,2021,32.48
salinity@015,2021,32.46
salinity@015,2021,32.45
salinity@015,2021,32.44
salinity@015,2021,32.43
salinity@015,2021,32.42
salinity@015,2021,32.4
salinity@015,2021,32.39
salinity@015,2021,32.38
salinity@015,2021,32.37
salinity@015,2021,32.36
salinity@015,2021,32.34
salinity@015,2021,32.33
salinity@015,2021,32.32
salinity@015,2021,32.31
salinity@015,2021,32.29
salinity@015,2021,32.28
salinity@015,2021,32.27
salinity@015,2021,32.26
salinity@015,2021,32.25
salinity@015,2021,32.23
salinity@015,2021,32.22
salinity@015,2021,32.21
salinity@015,2021,32.2
salinity@015,2021,32.19
salinity@015,2021,32.17
salinity@015,2021,32.16
salinity@015,2021,32.58
salinity@015,2021,32.57
salinity@015,2021,32.56
salinity@015,2021,32.55
salinity@015,2021,32.54
salinity@015,2021,32.52
salinity@015,2021,32.51
salinity@015,2021,32.5
salinity@015,2021,32.49
salinity@015,2021,32.48
salinity@015,2021,32.46
salinity@015,2021,32.45
salinity@015,2021,32.44
salinity@015,2021,32.43
salinity@015,2021,32.42
salinity@015,2021,32.4
salinity@015,2021,32.39
salinity@015,2021,32.38
salinity@015,2021,32.37
salinity@015,2021,32.36
salinity@015,2021,32.34
salinity@015,2021,32.33
salinity@015,2021,32.32
salinity@015,2021,32.31
salinity@015,2021,32.29
salinity@015,2021,32.28
salinity@015,2021,32.27
salinity@015,2021,32.26
salinity@015,2021,32.25
salinity@015,2021,32.23
salinity@015,2021,32.22
salinity@015,2021,32.21
salinity@015,2021,32.2
salinity@015,2021,32.19
salinity@015,2021,32.17
salinity@015,2021,32.16
salinity@015,2021,32.15
salinity@015,2021,32.14
salinity@015,2021,32.13
salinity@015,2021,32.11
salinity@015,2021,32.55
salinity@015,2021,32.54
salinity@015,2021,32.52
salinity@015,2021,32.51
salinity@015,2021,32.5
salinity@015,2021,32.49
salinity@015,2021,32.48
salinity@015,2021,32.46
salinity@015,2021,32.45
salinity@015,2021,32.44
salinity@015,2021,32.43
salinity@015,2021,32.42
salinity@015,2021,32.4
salinity@015,2021,32.39
salinity@015,2021,32.38
salinity@015,2021,32.37
salinity@015,2021,32.36
salinity@015,2021,32.34
salinity@015,2021,32.33
salinity@015,2021,32.32
salinity@015,2021,32.31
salinity@015,2021,32.29
salinity@015,2021,32.28
salinity@015,2021,32.27
salinity@015,2021,32.26
salinity@015,2021,32.25
salinity@015,2021,32.23
salinity@015,2021,32.22
salinity@015,2021,32.21
salinity@015,2021,32.2
salinity@015,2021,32.19
salinity@015,2021,32.17
salinity@015,2021,32.16
salinity@015,2021,32.15
salinity@015,2021,32.14
salinity@015,2021,32.13
salinity@015,2021,32.11
salinity@015,2021,32.1
salinity@015,2021,32.09
salinity@015,2021,32.08
salinity@015,2021,32.06
salinity@015,2021,32.49
salinity@015,2021,32.48
salinity@015,2021,32.46
salinity@015,2021,32.45
salinity@015,2021,32.44
salinity@015,2021,32.43
salinity@015,2021,32.42
salinity@015,2021,32.4
salinity@015,2021,32.39
salinity@015,2021,32.38
salinity@015,2021,32.37
salinity@015,2021,32.36
salinity@015,2021,32.34
salinity@015,2021,32.33
salinity@015,2021,32.32
salinity@015,2021,32.31
salinity@015,2021,32.29
salinity@015,2021,32.28
salinity@015,2021,32.27
salinity@015,2021,32.26
salinity@015,2021,32.25
salinity@015,2021,32.23
salinity@015,2021,32.22
salinity@015,2021,32.21
salinity@015,2021,32.2
salinity@015,2021,32.19
salinity@015,2021,32.17
salinity@015,2021,32.16
salinity@015,2021,32.15
salinity@015,2021,32.14
salinity@015,2021,32.13
salinity@015,2021,32.11
salinity@015,2021,32.1
salinity@015,2021,32.09
salinity@015,2021,32.08
salinity@015,2021,32.06
salinity@015,2021,32.05
salinity@015,2021,32.04
salinity@015,2021,32.03
salinity@015,2021,32.02
salinity@015,2021,32.44
salinity@015,2021,32.43
salinity@015,2021,32.42
salinity@015,2021,32.4
salinity@015,2021,32.39
salinity@015,2021,32.38
salinity@015,2021,32.37
salinity@015,2021,32.36
salinity@015,2021,32.34
salinity@015,2021,32.33
salinity@015,2021,32.32
salinity@015,2021,32.31
salinity@015,2021,32.29
salinity@015,2021,32.28
salinity@015,2021,32.27
salinity@015,2021,32.26
salinity@015,2021,32.25
salinity@015,2021,32.23
salinity@015,2021,32.22
salinity@015,2021,32.21
salinity@015,2021,32.2
salinity@015,2021,32.19
salinity@015,2021,32.17
salinity@015,2021,32.16
salinity@015,2021,32.15
salinity@015,2021,32.14
salinity@015,2021,32.13
salinity@015,2021,32.11
salinity@015,2021,32.1
salinity@015,2021,32.09
salinity@015,2021,32.08
salinity@015,2021,32.06
salinity@015,2021,32.05
salinity@015,2021,32.04
salinity@015,2021,32.03
salinity@015,2021,32.02
salinity@015,2021,32
salinity@015,2021,31.99
salinity@015,2021,31.98
salinity@015,2021,31.97
salinity@015,2021,31.96
salinity@015,2021,32.39
salinity@015,2021,32.38
salinity@015,2021,32.37
salinity@015,2021,32.36
salinity@015,2021,32.34
salinity@015,2021,32.33
salinity@015,2021,32.32
salinity@015,2021,32.31
salinity@015,2021,32.29
salinity@015,2021,32.28
salinity@015,2021,32.27
salinity@015,2021,32.26
salinity@015,2021,32.25
salinity@015,2021,32.23
salinity@015,2021,32.22
salinity@015,2021,32.21
salinity@015,2021,32.2
salinity@015,2021,32.19
salinity@015,2021,32.17
salinity@015,2021,32.16
salinity@015,2021,32.15
salinity@015,2021,32.14
salinity@015,2021,32.13
salinity@015,2021,32.11
salinity@015,2021,32.1
salinity@015,2021,32.09
salinity@015,2021,32.08
salinity@015,2021,32.06
salinity@015,2021,32.05
salinity@015,2021,32.04
salinity@015,2021,32.03
salinity@015,2021,32.02
salinity@015,2021,32
salinity@015,2021,31.99
salinity@015,2021,31.98
salinity@015,2021,31.97
salinity@015,2021,31.96
salinity@015,2021,31.94
salinity@015,2021,31.93
salinity@015,2021,31.92
salinity@015,2021,31.91
salinity@015,2021,32.34
salinity@015,2021,32.33
salinity@015,2021,32.32
salinity@015,2021,32.31
salinity@015,2021,32.29
salinity@015,2021,32.28
salinity@015,2021,32.27
salinity@015,2021,32.26
salinity@015,2021,32.25
salinity@015,2021,32.23
salinity@015,2021,32.22
salinity@015,2021,32.21
salinity@015,2021,32.2
salinity@015,2021,32.19
salinity@015,2021,32.17
salinity@015,2021,32.16
salinity@015,2021,32.15
salinity@015,2021,32.14
salinity@015,2021,32.13
salinity@015,2021,32.11
salinity@015,2021,32.1
salinity@015,2021,32.09
salinity@015,2021,32.08
salinity@015,2021,32.06
salinity@015,2021,32.05
salinity@015,2021,32.04
salinity@015,2021,32.03
salinity@015,2021,32.02
salinity@015,2021,32
salinity@015,2021,31.99
salinity@015,2021,31.98
salinity@015,2021,31.97
salinity@015,2021,31.96
salinity@015,2021,31.94
salinity@015,2021,31.93
salinity@015,2021,31.92
salinity@015,2021,31.91
salinity@015,2021,31.9
salinity@015,2021,31.88
salinity@015,2021,32.29
salinity@015,2021,32.28
salinity@015,2021,32.27
salinity@015,2021,32.26
salinity@015,2021,32.25
salinity@015,2021,32.23
salinity@015,2021,32.22
salinity@015,2021,32.21
salinity@015,2021,32.2
salinity@015,2021,32.19
salinity@015,2021,32.17
salinity@015,2021,32.16
salinity@015,2021,32.15
salinity@015,2021,32.14
salinity@015,2021,32.13
salinity@015,2021,32.11
salinity@015,2021,32.1
salinity@015,2021,32.09
salinity@015,2021,32.08
salinity@015,2021,32.06
salinity@015,2021,32.05
salinity@015,2021,32.04
salinity@015,2021,32.03
salinity@015,2021,32.02
salinity@015,2021,32
salinity@015,2021,31.99
salinity@015,2021,31.98
salinity@015,2021,31.97
salinity@015,2021,31.96
salinity@015,2021,31.94
salinity@015,2021,31.93
salinity@015,2021,31.92
salinity@015,2021,31.91
salinity@015,2021,31.9
salinity@015,2021,31.88
salinity@015,2021,31.87
salinity@015,2021,31.86
salinity@015,2021,32.25
salinity@015,2021,32.23
salinity@015,2021,32.22
salinity@015,2021,32.21
salinity@015,2021,32.2
salinity@015,2021,32.19
salinity@015,2021,32.17
salinity@015,2021,32.16
salinity@015,2021,32.15
salinity@015,2021,32.14
salinity@015,2021,32.13
salinity@015,2021,32.11
salinity@015,2021,32.1
salinity@015,2021,32.09
salinity@015,2021,32.08
salinity@015,2021,32.06
salinity@015,2021,32.05
salinity@015,2021,32.04
salinity@015,2021,32.03
salinity@015,2021,32.02
salinity@015,2021,32
salinity@015,2021,31.99
salinity@015,2021,31.98
salinity@015,2021,31.97
salinity@015,2021,31.96
salinity@015,2021,31.94
salinity@015,2021,31.93
salinity@015,2021,31.92
salinity@015,2021,31.91
salinity@015,2021,31.9
salinity@015,2021,31.88
salinity@015,2021,31.87
salinity@015,2021,31.86
salinity@015,2021,31.85
salinity@015,2021,32.19
salinity@015,2021,32.17
salinity@015,2021,32.16
salinity@015,2021,32.15
salinity@015,2021,32.14
salinity@015,2021,32.13
salinity@015,2021,32.11
salinity@015,2021,32.1
salinity@015,2021,32.09
salinity@015,2021,32.08
salinity@015,2021,32.06
salinity@015,2021,32.05
salinity@015,2021,32.04
salinity@015,2021,32.03
salinity@015,2021,32.02
salinity@015,2021,32
salinity@015,2021,31.99
salinity@015,2021,31.98
salinity@015,2021,31.97
salinity@015,2021,31.96
salinity@015,2021,31.94
salinity@015,2021,31.93
salinity@015,2021,31.92
salinity@015,2021,31.91
salinity@015,2021,31.9
salinity@015,2021,31.88
salinity@015,2021,31.87
salinity@015,2021,31.86
salinity@015,2021,31.85
salinity@015,2021,31.84
salinity@015,2021,31.82
salinity@015,2021,32.14
salinity@015,2021,32.13
salinity@015,2021,32.11
salinity@015,2021,32.1
salinity@015,2021,32.09
salinity@015,2021,32.08
salinity@015,2021,32.06
salinity@015,2021,32.05
salinity@015,2021,32.04
salinity@015,2021,32.03
salinity@015,2021,32.02
salinity@015,2021,32
salinity@015,2021,31.99
salinity@015,2021,31.98
salinity@015,2021,31.97
salinity@015,2021,31.96
salinity@015,2021,31.94
salinity@015,2021,31.93
salinity@015,2021,31.92
salinity@015,2021,31.91
salinity@015,2021,31.9
salinity@015,2021,31.88
salinity@015,2021,31.87
salinity@015,2021,31.86
salinity@015,2021,31.85
salinity@015,2021,31.84
salinity@015,2021,31.82
salinity@015,2021,31.81
salinity@015,2021,32.09
salinity@015,2021,32.08
salinity@015,2021,32.06
salinity@015,2021,32.05
salinity@015,2021,32.04
salinity@015,2021,32.03
salinity@015,2021,32.02
salinity@015,2021,32
salinity@015,2021,31.99
salinity@015,2021,31.98
salinity@015,2021,31.97
salinity@015,2021,31.96
salinity@015,2021,31.94
salinity@015,2021,31.93
salinity@015,2021,31.92
salinity@015,2021,31.91
salinity@015,2021,31.9
salinity@015,2021,31.88
salinity@015,2021,31.87
salinity@015,2021,31.86
salinity@015,2021,31.85
salinity@015,2021,31.84
salinity@015,2021,31.82
salinity@015,2021,31.81
salinity@015,2021,31.8
salinity@015,2021,31.79
salinity@015,2021,32.04
salinity@015,2021,32.03
salinity@015,2021,32.02
salinity@015,2021,32
salinity@015,2021,31.99
salinity@015,2021,31.98
salinity@015,2021,31.97
salinity@015,2021,31.96
salinity@015,2021,31.94
salinity@015,2021,31.93
salinity@015,2021,31.92
salinity@015,2021,31.91
salinity@015,2021,31.9
salinity@015,2021,31.88
salinity@015,2021,31.87
salinity@015,2021,31.86
salinity@015,2021,31.85
salinity@015,2021,31.84
salinity@015,2021,31.82
salinity@015,2021,31.81
salinity@015,2021,31.8
salinity@015,2021,31.79
salinity@015,2021,31.77
salinity@015,2021,31.99
salinity@015,2021,31.98
salinity@015,2021,31.97
salinity@015,2021,31.96
salinity@015,2021,31.94
salinity@015,2021,31.93
salinity@015,2021,31.92
salinity@015,2021,31.91
salinity@015,2021,31.9
salinity@015,2021,31.88
salinity@015,2021,31.87
salinity@015,2021,31.86
salinity@015,2021,31.85
salinity@015,2021,31.84
salinity@015,2021,31.82
salinity@015,2021,31.81
salinity@015,2021,31.8
salinity@015,2021,31.79
salinity@015,2021,31.77
salinity@015,2021,31.76
salinity@015,2021,31.75
salinity@015,2021,31.94
salinity@015,2021,31.93
salinity@015,2021,31.92
salinity@015,2021,31.91
salinity@015,2021,31.9
salinity@015,2021,31.88
salinity@015,2021,31.87
salinity@015,2021,31.86
salinity@015,2021,31.85
salinity@015,2021,31.84
salinity@015,2021,31.82
salinity@015,2021,31.81
salinity@015,2021,31.8
salinity@015,2021,31.79
salinity@015,2021,31.77
salinity@015,2021,31.76
salinity@015,2021,31.75
salinity@015,2021,31.74
salinity@015,2021,31.91
salinity@015,2021,31.9
salinity@015,2021,31.88
salinity@015,2021,31.87
salinity@015,2021,31.86
salinity@015,2021,31.85
salinity@015,2021,31.84
salinity@015,2021,31.82
salinity@015,2021,31.81
salinity@015,2021,31.8
salinity@015,2021,31.79
salinity@015,2021,31.77
salinity@015,2021,31.76
salinity@015,2021,31.75
salinity@015,2021,31.74
salinity@015,2021,31.73
salinity@015,2021,31.71
salinity@015,2021,31.9
salinity@015,2021,31.88
salinity@015,2021,31.87
salinity@015,2021,31.86
salinity@015,2021,31.85
salinity@015,2021,31.84
salinity@015,2021,31.82
salinity@015,2021,31.81
salinity@015,2021,31.8
salinity@015,2021,31.79
salinity@015,2021,31.77
salinity@015,2021,31.76
salinity@015,2021,31.75
salinity@015,2021,31.74
salinity@015,2021,31.73
salinity@015,2021,31.71
salinity@015,2021,31.7
salinity@015,2021,31.87
salinity@015,2021,31.86
salinity@015,2021,31.85
salinity@015,2021,31.84
salinity@015,2021,31.82
salinity@015,2021,31.81
salinity@015,2021,31.8
salinity@015,2021,31.79
salinity@015,2021,31.77
salinity@015,2021,31.76
salinity@015,2021,31.75
salinity@015,2021,31.74
salinity@015,2021,31.73
salinity@015,2021,31.71
salinity@015,2021,31.7
salinity@015,2021,31.69
salinity@015,2021,31.68
salinity@015,2021,31.86
salinity@015,2021,31.85
salinity@015,2021,31.84
salinity@015,2021,31.82
salinity@015,2021,31.81
salinity@015,2021,31.8
salinity@015,2021,31.79
salinity@015,2021,31.77
salinity@015,2021,31.76
salinity@015,2021,31.75
salinity@015,2021,31.74
salinity@015,2021,31.73
salinity@015,2021,31.71
salinity@015,2021,31.7
salinity@015,2021,31.69
salinity@015,2021,31.68
salinity@015,2021,31.67
salinity@015,2021,31.84
salinity@015,2021,31.82
salinity@015,2021,31.81
salinity@015,2021,31.8
salinity@015,2021,31.79
salinity@015,2021,31.77
salinity@015,2021,31.76
salinity@015,2021,31.75
salinity@015,2021,31.74
salinity@015,2021,31.73
salinity@015,2021,31.71
salinity@015,2021,31.7
salinity@015,2021,31.69
salinity@015,2021,31.68
salinity@015,2021,31.67
salinity@015,2021,31.65
salinity@015,2021,31.64
salinity@015,2021,31.82
salinity@015,2021,31.81
salinity@015,2021,31.8
salinity@015,2021,31.79
salinity@015,2021,31.77
salinity@015,2021,31.76
salinity@015,2021,31.75
salinity@015,2021,31.74
salinity@015,2021,31.73
salinity@015,2021,31.71
salinity@015,2021,31.7
salinity@015,2021,31.69
salinity@015,2021,31.68
salinity@015,2021,31.67
salinity@015,2021,31.65
salinity@015,2021,31.64
salinity@015,2021,31.63
salinity@015,2021,31.8
salinity@015,2021,31.79
salinity@015,2021,31.77
salinity@015,2021,31.76
salinity@015,2021,31.75
salinity@015,2021,31.74
salinity@015,2021,31.73
salinity@015,2021,31.71
salinity@015,2021,31.7
salinity@015,2021,31.69
salinity@015,2021,31.68
salinity@015,2021,31.67
salinity@015,2021,31.65
salinity@015,2021,31.64
salinity@015,2021,31.63
salinity@015,2021,31.62
salinity@015,2021,31.84
salinity@015,2021,31.82
salinity@015,2021,31.81
salinity@015,2021,31.8
salinity@015,2021,31.79
salinity@015,2021,31.77
salinity@015,2021,31.76
salinity@015,2021,31.75
salinity@015,2021,31.74
salinity@015,2021,31.73
salinity@015,2021,31.71
salinity@015,2021,31.7
salinity@015,2021,31.69
salinity@015,2021,31.68
salinity@015,2021,31.67
salinity@015,2021,31.65
salinity@015,2021,31.64
salinity@015,2021,31.63
salinity@015,2021,31.62
salinity@015,2021,31.88
salinity@015,2021,31.87
salinity@015,2021,31.86
salinity@015,2021,31.85
salinity@015,2021,31.84
salinity@015,2021,31.82
salinity@015,2021,31.81
salinity@015,2021,31.8
salinity@015,2021,31.79
salinity@015,2021,31.77
salinity@015,2021,31.76
salinity@015,2021,31.75
salinity@015,2021,31.74
salinity@015,2021,31.73
salinity@015,2021,31.71
salinity@015,2021,31.7
salinity@015,2021,31.69
salinity@015,2021,31.68
salinity@015,2021,31.67
salinity@015,2021,31.65
salinity@015,2021,31.64
salinity@015,2021,31.63
salinity@015,2021,31.62
salinity@015,2021,31.92
salinity@015,2021,31.91
salinity@015,2021,31.9
salinity@015,2021,31.88
salinity@015,2021,31.87
salinity@015,2021,31.86
salinity@015,2021,31.85
salinity@015,2021,31.84
salinity@015,2021,31.82
salinity@015,2021,31.81
salinity@015,2021,31.8
salinity@015,2021,31.79
salinity@015,2021,31.77
salinity@015,2021,31.76
salinity@015,2021,31.75
salinity@015,2021,31.74
salinity@015,2021,31.73
salinity@015,2021,31.71
salinity@015,2021,31.7
salinity@015,2021,31.69
salinity@015,2021,31.68
salinity@015,2021,31.67
salinity@015,2021,31.65
salinity@015,2021,31.64
salinity@015,2021,31.63
salinity@015,2021,31.62
salinity@015,2021,31.97
salinity@015,2021,31.96
salinity@015,2021,31.94
salinity@015,2021,31.93
salinity@015,2021,31.92
salinity@015,2021,31.91
salinity@015,2021,31.9
salinity@015,2021,31.88
salinity@015,2021,31.87
salinity@015,2021,31.86
salinity@015,2021,31.85
salinity@015,2021,31.84
salinity@015,2021,31.82
salinity@015,2021,31.81
salinity@015,2021,31.8
salinity@015,2021,31.79
salinity@015,2021,31.77
salinity@015,2021,31.76
salinity@015,2021,31.75
salinity@015,2021,31.74
salinity@015,2021,31.73
salinity@015,2021,31.71
salinity@015,2021,31.7
salinity@015,2021,31.69
salinity@015,2021,31.68
salinity@015,2021,31.67
salinity@015,2021,31.65
salinity@015,2021,31.64
salinity@015,2021,31.63
salinity@015,2021,31.62
salinity@015,2021,32.02
salinity@015,2021,32
salinity@015,2021,31.99
salinity@015,2021,31.98
salinity@015,2021,31.97
salinity@015,2021,31.96
salinity@015,2021,31.94
salinity@015,2021,31.93
salinity@015,2021,31.92
salinity@015,2021,31.91
salinity@015,2021,31.9
salinity@015,2021,31.88
salinity@015,2021,31.87
salinity@015,2021,31.86
salinity@015,2021,31.85
salinity@015,2021,31.84
salinity@015,2021,31.82
salinity@015,2021,31.81
salinity@015,2021,31.8
salinity@015,2021,31.79
salinity@015,2021,31.77
salinity@015,2021,31.76
salinity@015,2021,31.75
salinity@015,2021,31.74
salinity@015,2021,31.73
salinity@015,2021,31.71
salinity@015,2021,31.7
salinity@015,2021,31.69
salinity@015,2021,31.68
salinity@015,2021,31.67
salinity@015,2021,31.65
salinity@015,2021,31.64
salinity@015,2021,31.63
salinity@015,2021,32.06
salinity@015,2021,32.05
salinity@015,2021,32.04
salinity@015,2021,32.03
salinity@015,2021,32.02
salinity@015,2021,32
salinity@015,2021,31.99
salinity@015,2021,31.98
salinity@015,2021,31.97
salinity@015,2021,31.96
salinity@015,2021,31.94
salinity@015,2021,31.93
salinity@015,2021,31.92
salinity@015,2021,31.91
salinity@015,2021,31.9
salinity@015,2021,31.88
salinity@015,2021,31.87
salinity@015,2021,31.86
salinity@015,2021,31.85
salinity@015,2021,31.84
salinity@015,2021,31.82
salinity@015,2021,31.81
salinity@015,2021,31.8
salinity@015,2021,31.79
salinity@015,2021,31.77
salinity@015,2021,31.76
salinity@015,2021,31.75
salinity@015,2021,31.74
salinity@015,2021,31.73
salinity@015,2021,31.71
salinity@015,2021,31.7
salinity@015,2021,31.69
salinity@015,2021,31.68
salinity@015,2021,31.67
salinity@015,2021,31.65
salinity@015,2021,31.64
salinity@015,2021,32.1
salinity@015,2021,32.09
salinity@015,2021,32.08
salinity@015,2021,32.06
salinity@015,2021,32.05
salinity@015,2021,32.04
salinity@015,2021,32.03
salinity@015,2021,32.02
salinity@015,2021,32
salinity@015,2021,31.99
salinity@015,2021,31.98
salinity@015,2021,31.97
salinity@015,2021,31.96
salinity@015,2021,31.94
salinity@015,2021,31.93
salinity@015,2021,31.92
salinity@015,2021,31.91
salinity@015,2021,31.9
salinity@015,2021,31.88
salinity@015,2021,31.87
salinity@015,2021,31.86
salinity@015,2021,31.85
salinity@015,2021,31.84
salinity@015,2021,31.82
salinity@015,2021,31.81
salinity@015,2021,31.8
salinity@015,2021,31.79
salinity@015,2021,31.77
salinity@015,2021,31.76
salinity@015,2021,31.75
salinity@015,2021,31.74
salinity@015,2021,31.73
salinity@015,2021,31.71
salinity@015,2021,31.7
salinity@015,2021,31.69
salinity@015,2021,31.68
salinity@015,2021,31.67
salinity@015,2021,32.15
salinity@015,2021,32.14
salinity@015,2021,32.13
salinity@015,2021,32.11
salinity@015,2021,32.1
salinity@015,2021,32.09
salinity@015,2021,32.08
salinity@015,2021,32.06
salinity@015,2021,32.05
salinity@015,2021,32.04
salinity@015,2021,32.03
salinity@015,2021,32.02
salinity@015,2021,32
salinity@015,2021,31.99
salinity@015,2021,31.98
salinity@015,2021,31.97
salinity@015,2021,31.96
salinity@015,2021,31.94
salinity@015,2021,31.93
salinity@015,2021,31.92
salinity@015,2021,31.91
salinity@015,2021,31.9
salinity@015,2021,31.88
salinity@015,2021,31.87
salinity@015,2021,31.86
salinity@015,2021,31.85
salinity@015,2021,31.84
salinity@015,2021,31.82
salinity@015,2021,31.81
salinity@015,2021,31.8
salinity@015,2021,31.79
salinity@015,2021,31.77
salinity@015,2021,31.76
salinity@015,2021,31.75
salinity@015,2021,31.74
salinity@015,2021,31.73
salinity@015,2021,31.71
salinity@015,2021,32.2
salinity@015,2021,32.19
salinity@015,2021,32.17
salinity@015,2021,32.16
salinity@015,2021,32.15
salinity@015,2021,32.14
salinity@015,2021,32.13
salinity@015,2021,32.11
salinity@015,2021,32.1
salinity@015,2021,32.09
salinity@015,2021,32.08
salinity@015,2021,32.06
salinity@015,2021,32.05
salinity@015,2021,32.04
salinity@015,2021,32.03
salinity@015,2021,32.02
salinity@015,2021,32
salinity@015,2021,31.99
salinity@015,2021,31.98
salinity@015,2021,31.97
salinity@015,2021,31.96
salinity@015,2021,31.94
salinity@015,2021,31.93
salinity@015,2021,31.92
salinity@015,2021,31.91
salinity@015,2021,31.9
salinity@015,2021,31.88
salinity@015,2021,31.87
salinity@015,2021,31.86
salinity@015,2021,31.85
salinity@015,2021,31.84
salinity@015,2021,31.82
salinity@015,2021,31.81
salinity@015,2021,31.8
salinity@015,2021,31.79
salinity@015,2021,31.77
salinity@015,2021,31.76
salinity@015,2021,32.23
salinity@015,2021,32.22
salinity@015,2021,32.21
salinity@015,2021,32.2
salinity@015,2021,32.19
salinity@015,2021,32.17
salinity@015,2021,32.16
salinity@015,2021,32.15
salinity@015,2021,32.14
salinity@015,2021,32.13
salinity@015,2021,32.11
salinity@015,2021,32.1
salinity@015,2021,32.09
salinity@015,2021,32.08
salinity@015,2021,32.06
salinity@015,2021,32.05
salinity@015,2021,32.04
salinity@015,2021,32.03
salinity@015,2021,32.02
salinity@015,2021,32
salinity@015,2021,31.99
salinity@015,2021,31.98
salinity@015,2021,31.97
salinity@015,2021,31.96
salinity@015,2021,31.94
salinity@015,2021,31.93
salinity@015,2021,31.92
salinity@015,2021,31.91
salinity@015,2021,31.9
salinity@015,2021,31.88
salinity@015,2021,31.87
salinity@015,2021,31.86
salinity@015,2021,31.85
salinity@015,2021,31.84
salinity@015,2021,31.82
salinity@015,2021,31.81
salinity@015,2021,32.25
salinity@015,2021,32.23
salinity@015,2021,32.22
salinity@015,2021,32.21
salinity@015,2021,32.2
salinity@015,2021,32.19
salinity@015,2021,32.17
salinity@015,2021,32.16
salinity@015,2021,32.15
salinity@015,2021,32.14
salinity@015,2021,32.13
salinity@015,2021,32.11
salinity@015,2021,32.1
salinity@015,2021,32.09
salinity@015,2021,32.08
salinity@015,2021,32.06
salinity@015,2021,32.05
salinity@015,2021,32.04
salinity@015,2021,32.03
salinity@015,2021,32.02
salinity@015,2021,32
salinity@015,2021,31.99
salinity@015,2021,31.98
salinity@015,2021,31.97
salinity@015,2021,31.96
salinity@015,2021,31.94
salinity@015,2021,31.93
salinity@015,2021,31.92
salinity@015,2021,31.91
salinity@015,2021,31.9
salinity@015,2021,31.88
salinity@015,2021,31.87
salinity@015,2021,31.86
salinity@015,2021,31.85
salinity@015,2021,32.26
salinity@015,2021,32.25
salinity@015,2021,32.23
salinity@015,2021,32.22
salinity@015,2021,32.21
salinity@015,2021,32.2
salinity@015,2021,32.19
salinity@015,2021,32.17
salinity@015,2021,32.16
salinity@015,2021,32.15
salinity@015,2021,32.14
salinity@015,2021,32.13
salinity@015,2021,32.11
salinity@015,2021,32.1
salinity@015,2021,32.09
salinity@015,2021,32.08
salinity@015,2021,32.06
salinity@015,2021,32.05
salinity@015,2021,32.04
salinity@015,2021,32.03
salinity@015,2021,32.02
salinity@015,2021,32
salinity@015,2021,31.99
salinity@015,2021,31.98
salinity@015,2021,31.97
salinity@015,2021,31.96
salinity@015,2021,31.94
salinity@015,2021,31.93
salinity@015,2021,31.92
salinity@015,2021,31.91
salinity@015,2021,31.9
salinity@015,2021,32.26
salinity@015,2021,32.25
salinity@015,2021,32.23
salinity@015,2021,32.22
salinity@015,2021,32.21
salinity@015,2021,32.2
salinity@015,2021,32.19
salinity@015,2021,32.17
salinity@015,2021,32.16
salinity@015,2021,32.15
salinity@015,2021,32.14
salinity@015,2021,32.13
salinity@015,2021,32.11
salinity@015,2021,32.1
salinity@015,2021,32.09
salinity@015,2021,32.08
salinity@015,2021,32.06
salinity@015,2021,32.05
salinity@015,2021,32.04
salinity@015,2021,32.03
salinity@015,2021,32.02
salinity@015,2021,32
salinity@015,2021,31.99
salinity@015,2021,31.98
salinity@015,2021,31.97
salinity@015,2021,31.96
salinity@015,2021,31.94
salinity@015,2021,32.26
salinity@015,2021,32.25
salinity@015,2021,32.23
salinity@015,2021,32.22
salinity@015,2021,32.21
salinity@015,2021,32.2
salinity@015,2021,32.19
salinity@015,2021,32.17
salinity@015,2021,32.16
salinity@015,2021,32.15
salinity@015,2021,32.14
salinity@015,2021,32.13
salinity@015,2021,32.11
salinity@015,2021,32.1
salinity@015,2021,32.09
salinity@015,2021,32.08
salinity@015,2021,32.06
salinity@015,2021,32.05
salinity@015,2021,32.04
salinity@015,2021,32.03
salinity@015,2021,32.02
salinity@015,2021,32
salinity@015,2021,31.99
salinity@015,2021,32.26
salinity@015,2021,32.25
salinity@015,2021,32.23
salinity@015,2021,32.22
salinity@015,2021,32.21
salinity@015,2021,32.2
salinity@015,2021,32.19
salinity@015,2021,32.17
salinity@015,2021,32.16
salinity@015,2021,32.15
salinity@015,2021,32.14
salinity@015,2021,32.13
salinity@015,2021,32.11
salinity@015,2021,32.1
salinity@015,2021,32.09
salinity@015,2021,32.08
salinity@015,2021,32.06
salinity@015,2021,32.05
salinity@015,2021,32.04
salinity@015,2021,32.03
salinity@015,2021,32.26
salinity@015,2021,32.25
salinity@015,2021,32.23
salinity@015,2021,32.22
salinity@015,2021,32.21
salinity@015,2021,32.2
salinity@015,2021,32.19
salinity@015,2021,32.17
salinity@015,2021,32.16
salinity@015,2021,32.15
salinity@015,2021,32.14
salinity@015,2021,32.13
salinity@015,2021,32.11
salinity@015,2021,32.1
salinity@015,2021,32.09
salinity@015,2021,32.08
salinity@015,2021,32.25
salinity@015,2021,32.23
salinity@015,2021,32.22
salinity@015,2021,32.21
salinity@015,2021,32.2
salinity@015,2021,32.19
salinity@015,2021,32.17
salinity@015,2021,32.16
salinity@015,2021,32.15
salinity@015,2021,32.14
salinity@015,2021,32.13
salinity@015,2021,32.11
salinity@015,2021,32.1
salinity@015,2021,32.09
salinity@015,2021,32.08
salinity@015,2021,32.25
salinity@015,2021,32.23
salinity@015,2021,32.22
salinity@015,2021,32.21
salinity@015,2021,32.2
salinity@015,2021,32.19
salinity@015,2021,32.17
salinity@015,2021,32.16
salinity@015,2021,32.15
salinity@015,2021,32.14
salinity@015,2021,32.13
salinity@015,2021,32.11
salinity@015,2021,32.1
salinity@015,2021,32.09
salinity@015,2021,32.08
salinity@015,2021,32.06
salinity@015,2021,32.22
salinity@015,2021,32.21
salinity@015,2021,32.2
salinity@015,2021,32.19
salinity@015,2021,32.17
salinity@015,2021,32.16
salinity@015,2021,32.15
salinity@015,2021,32.14
salinity@015,2021,32.13
salinity@015,2021,32.11
salinity@015,2021,32.1
salinity@015,2021,32.09
salinity@015,2021,32.08
salinity@015,2021,32.06
salinity@015,2021,32.05
salinity@015,2021,32.21
salinity@015,2021,32.2
salinity@015,2021,32.19
salinity@015,2021,32.17
salinity@015,2021,32.16
salinity@015,2021,32.15
salinity@015,2021,32.14
salinity@015,2021,32.11
salinity@015,2021,32.1
salinity@015,2021,32.09
salinity@015,2021,32.08
salinity@015,2021,32.06
salinity@015,2021,32.05
salinity@015,2021,32.04
salinity@015,2022,32.11
salinity@015,2022,32.1
salinity@015,2022,32.09
salinity@015,2022,32.08
salinity@015,2022,32.06
salinity@015,2022,32.05
salinity@015,2022,32.04
salinity@015,2022,32.03
salinity@015,2022,32.02
salinity@015,2022,32.11
salinity@015,2022,32.1
salinity@015,2022,32.09
salinity@015,2022,32.08
salinity@015,2022,32.06
salinity@015,2022,32.05
salinity@015,2022,32.04
salinity@015,2022,32.03
salinity@015,2022,32.02
salinity@015,2022,32
salinity@015,2022,32.11
salinity@015,2022,32.1
salinity@015,2022,32.09
salinity@015,2022,32.08
salinity@015,2022,32.06
salinity@015,2022,32.05
salinity@015,2022,32.04
salinity@015,2022,32.03
salinity@015,2022,32.02
salinity@015,2022,32
salinity@015,2022,31.99
salinity@015,2022,32.1
salinity@015,2022,32.09
salinity@015,2022,32.08
salinity@015,2022,32.06
salinity@015,2022,32.05
salinity@015,2022,32.04
salinity@015,2022,32.03
salinity@015,2022,32.02
salinity@015,2022,32
salinity@015,2022,31.99
salinity@015,2022,31.98
salinity@015,2022,32.1
salinity@015,2022,32.09
salinity@015,2022,32.08
salinity@015,2022,32.06
salinity@015,2022,32.05
salinity@015,2022,32.04
salinity@015,2022,32.03
salinity@015,2022,32.02
salinity@015,2022,32
salinity@015,2022,31.99
salinity@015,2022,31.98
salinity@015,2022,31.97
salinity@015,2022,32.1
salinity@015,2022,32.09
salinity@015,2022,32.08
salinity@015,2022,32.06
salinity@015,2022,32.05
salinity@015,2022,32.04
salinity@015,2022,32.03
salinity@015,2022,32.02
salinity@015,2022,32
salinity@015,2022,31.99
salinity@015,2022,31.98
salinity@015,2022,31.97
salinity@015,2022,31.96
salinity@015,2022,32.1
salinity@015,2022,32.09
salinity@015,2022,32.08
salinity@015,2022,32.06
salinity@015,2022,32.05
salinity@015,2022,32.04
salinity@015,2022,32.03
salinity@015,2022,32.02
salinity@015,2022,32
salinity@015,2022,31.99
salinity@015,2022,31.98
salinity@015,2022,31.97
salinity@015,2022,31.96
salinity@015,2022,32.09
salinity@015,2022,32.08
salinity@015,2022,32.06
salinity@015,2022,32.05
salinity@015,2022,32.04
salinity@015,2022,32.03
salinity@015,2022,32.02
salinity@015,2022,32
salinity@015,2022,31.99
salinity@015,2022,31.98
salinity@015,2022,31.97
salinity@015,2022,31.96
salinity@015,2022,32.06
salinity@015,2022,32.05
salinity@015,2022,32.04
salinity@015,2022,32.03
salinity@015,2022,32.02
salinity@015,2022,32
salinity@015,2022,31.99
salinity@015,2022,31.98
salinity@015,2022,31.97
salinity@015,2022,31.96
salinity@015,2022,32.05
salinity@015,2022,32.04
salinity@015,2022,32.03
salinity@015,2022,32.02
salinity@015,2022,32
salinity@015,2022,31.99
salinity@015,2022,31.98
salinity@015,2022,31.97
salinity@015,2022,32.04
salinity@015,2022,32.03
salinity@015,2022,32.02
salinity@015,2022,32
salinity@015,2022,31.99
salinity@015,2022,31.98
salinity@015,2022,32.02
salinity@015,2022,32
salinity@015,2022,32.06
salinity@015,2022,32.05
salinity@015,2022,32.09
salinity@015,2022,32.08
salinity@015,2022,32.06
salinity@015,2022,32.05
salinity@015,2022,32.04
salinity@015,2022,32.03
salinity@015,2022,32.1
salinity@015,2022,32.09
salinity@015,2022,32.08
salinity@015,2022,32.06
salinity@015,2022,32.05
salinity@015,2022,32.04
salinity@015,2022,32.03
salinity@015,2022,32.02
salinity@015,2022,32.1
salinity@015,2022,32.09
salinity@015,2022,32.08
salinity@015,2022,32.06
salinity@015,2022,32.05
salinity@015,2022,32.04
salinity@015,2022,32.03
salinity@015,2022,32.02
salinity@015,2022,32
salinity@015,2022,32.1
salinity@015,2022,32.09
salinity@015,2022,32.08
salinity@015,2022,32.06
salinity@015,2022,32.05
salinity@015,2022,32.04
salinity@015,2022,32.03
salinity@015,2022,32.02
salinity@015,2022,32
salinity@015,2022,32.1
salinity@015,2022,32.09
salinity@015,2022,32.08
salinity@015,2022,32.06
salinity@015,2022,32.05
salinity@015,2022,32.04
salinity@015,2022,32.03
salinity@015,2022,32.02
salinity@015,2022,32
salinity@015,2022,31.99
salinity@015,2022,32.1
salinity@015,2022,32.09
salinity@015,2022,32.08
salinity@015,2022,32.06
salinity@015,2022,32.05
salinity@015,2022,32.04
salinity@015,2022,32.03
salinity@015,2022,32.02
salinity@015,2022,32
salinity@015,2022,31.99
salinity@015,2022,32.1
salinity@015,2022,32.09
salinity@015,2022,32.08
salinity@015,2022,32.06
salinity@015,2022,32.05
salinity@015,2022,32.04
salinity@015,2022,32.03
salinity@015,2022,32.02
salinity@015,2022,32
salinity@015,2022,31.99
salinity@015,2022,31.98
salinity@015,2022,32.09
salinity@015,2022,32.08
salinity@015,2022,32.06
salinity@015,2022,32.05
salinity@015,2022,32.04
salinity@015,2022,32.03
salinity@015,2022,32.02
salinity@015,2022,32
salinity@015,2022,31.99
salinity@015,2022,31.98
salinity@015,2022,32.09
salinity@015,2022,32.08
salinity@015,2022,32.06
salinity@015,2022,32.05
salinity@015,2022,32.04
salinity@015,2022,32.03
salinity@015,2022,32.02
salinity@015,2022,32
salinity@015,2022,31.99
salinity@015,2022,31.98
salinity@015,2022,31.97
salinity@015,2022,32.08
salinity@015,2022,32.06
salinity@015,2022,32.05
salinity@015,2022,32.04
salinity@015,2022,32.03
salinity@015,2022,32.02
salinity@015,2022,32
salinity@015,2022,31.99
salinity@015,2022,31.98
salinity@015,2022,31.97
salinity@015,2022,32.08
salinity@015,2022,32.06
salinity@015,2022,32.05
salinity@015,2022,32.04
salinity@015,2022,32.03
salinity@015,2022,32.02
salinity@015,2022,32
salinity@015,2022,31.99
salinity@015,2022,31.98
salinity@015,2022,31.97
salinity@015,2022,31.96
salinity@015,2022,32.06
salinity@015,2022,32.05
salinity@015,2022,32.04
salinity@015,2022,32.03
salinity@015,2022,32.02
salinity@015,2022,32
salinity@015,2022,31.99
salinity@015,2022,31.98
salinity@015,2022,31.97
salinity@015,2022,31.96
salinity@015,2022,32.06
salinity@015,2022,32.05
salinity@015,2022,32.04
salinity@015,2022,32.03
salinity@015,2022,32.02
salinity@015,2022,32
salinity@015,2022,31.99
salinity@015,2022,31.98
salinity@015,2022,31.97
salinity@015,2022,31.96
salinity@015,2022,31.94
salinity@015,2022,32.05
salinity@015,2022,32.04
salinity@015,2022,32.03
salinity@015,2022,32.02
salinity@015,2022,32
salinity@015,2022,31.99
salinity@015,2022,31.98
salinity@015,2022,31.97
salinity@015,2022,31.96
salinity@015,2022,31.94
salinity@015,2022,31.93
salinity@015,2022,31.92
salinity@015,2022,32.05
salinity@015,2022,32.04
salinity@015,2022,32.03
salinity@015,2022,32.02
salinity@015,2022,32
salinity@015,2022,31.99
salinity@015,2022,31.98
salinity@015,2022,31.97
salinity@015,2022,31.96
salinity@015,2022,31.94
salinity@015,2022,31.93
salinity@015,2022,31.92
salinity@015,2022,31.91
salinity@015,2022,31.9
salinity@015,2022,32.04
salinity@015,2022,32.03
salinity@015,2022,32.02
salinity@015,2022,32
salinity@015,2022,31.99
salinity@015,2022,31.98
salinity@015,2022,31.97
salinity@015,2022,31.96
salinity@015,2022,31.94
salinity@015,2022,31.93
salinity@015,2022,31.92
salinity@015,2022,31.91
salinity@015,2022,31.9
salinity@015,2022,31.88
salinity@015,2022,31.87
salinity@015,2022,32.04
salinity@015,2022,32.03
salinity@015,2022,32.02
salinity@015,2022,32
salinity@015,2022,31.99
salinity@015,2022,31.98
salinity@015,2022,31.97
salinity@015,2022,31.96
salinity@015,2022,31.94
salinity@015,2022,31.93
salinity@015,2022,31.92
salinity@015,2022,31.91
salinity@015,2022,31.9
salinity@015,2022,31.88
salinity@015,2022,31.87
salinity@015,2022,31.86
salinity@015,2022,31.85
salinity@015,2022,32.03
salinity@015,2022,32.02
salinity@015,2022,32
salinity@015,2022,31.99
salinity@015,2022,31.98
salinity@015,2022,31.97
salinity@015,2022,31.96
salinity@015,2022,31.94
salinity@015,2022,31.93
salinity@015,2022,31.92
salinity@015,2022,31.91
salinity@015,2022,31.9
salinity@015,2022,31.88
salinity@015,2022,31.87
salinity@015,2022,31.86
salinity@015,2022,31.85
salinity@015,2022,31.84
salinity@015,2022,31.82
salinity@015,2022,32.03
salinity@015,2022,32.02
salinity@015,2022,32
salinity@015,2022,31.99
salinity@015,2022,31.98
salinity@015,2022,31.97
salinity@015,2022,31.96
salinity@015,2022,31.94
salinity@015,2022,31.93
salinity@015,2022,31.92
salinity@015,2022,31.91
salinity@015,2022,31.9
salinity@015,2022,31.88
salinity@015,2022,31.87
salinity@015,2022,31.86
salinity@015,2022,31.85
salinity@015,2022,31.84
salinity@015,2022,31.82
salinity@015,2022,31.81
salinity@015,2022,31.8
salinity@015,2022,31.79
salinity@015,2022,32.02
salinity@015,2022,32
salinity@015,2022,31.99
salinity@015,2022,31.98
salinity@015,2022,31.97
salinity@015,2022,31.96
salinity@015,2022,31.94
salinity@015,2022,31.93
salinity@015,2022,31.92
salinity@015,2022,31.91
salinity@015,2022,31.9
salinity@015,2022,31.88
salinity@015,2022,31.87
salinity@015,2022,31.86
salinity@015,2022,31.85
salinity@015,2022,31.84
salinity@015,2022,31.82
salinity@015,2022,31.81
salinity@015,2022,31.8
salinity@015,2022,31.79
salinity@015,2022,31.77
salinity@015,2022,31.76
salinity@015,2022,32
salinity@015,2022,31.99
salinity@015,2022,31.98
salinity@015,2022,31.97
salinity@015,2022,31.96
salinity@015,2022,31.94
salinity@015,2022,31.93
salinity@015,2022,31.92
salinity@015,2022,31.91
salinity@015,2022,31.9
salinity@015,2022,31.88
salinity@015,2022,31.87
salinity@015,2022,31.86
salinity@015,2022,31.85
salinity@015,2022,31.84
salinity@015,2022,31.82
salinity@015,2022,31.81
salinity@015,2022,31.8
salinity@015,2022,31.79
salinity@015,2022,31.77
salinity@015,2022,31.76
salinity@015,2022,31.75
salinity@015,2022,31.74
salinity@015,2022,31.98
salinity@015,2022,31.97
salinity@015,2022,31.96
salinity@015,2022,31.94
salinity@015,2022,31.93
salinity@015,2022,31.92
salinity@015,2022,31.91
salinity@015,2022,31.9
salinity@015,2022,31.88
salinity@015,2022,31.87
salinity@015,2022,31.86
salinity@015,2022,31.85
salinity@015,2022,31.84
salinity@015,2022,31.82
salinity@015,2022,31.81
salinity@015,2022,31.8
salinity@015,2022,31.79
salinity@015,2022,31.77
salinity@015,2022,31.76
salinity@015,2022,31.75
salinity@015,2022,31.74
salinity@015,2022,31.73
salinity@015,2022,31.71
salinity@015,2023,31.94
salinity@015,2023,31.93
salinity@015,2023,31.92
salinity@015,2023,31.91
salinity@015,2023,31.9
salinity@015,2023,31.88
salinity@015,2023,31.87
salinity@015,2023,31.86
salinity@015,2023,31.85
salinity@015,2023,31.84
salinity@015,2023,31.82
salinity@015,2023,31.81
salinity@015,2023,31.8
salinity@015,2023,31.79
salinity@015,2023,31.77
salinity@015,2023,31.76
salinity@015,2023,31.75
salinity@015,2023,31.74
salinity@015,2023,31.73
salinity@015,2023,31.71
salinity@015,2023,31.7
salinity@015,2023,31.69
salinity@015,2023,31.92
salinity@015,2023,31.91
salinity@015,2023,31.9
salinity@015,2023,31.88
salinity@015,2023,31.87
salinity@015,2023,31.86
salinity@015,2023,31.85
salinity@015,2023,31.84
salinity@015,2023,31.82
salinity@015,2023,31.81
salinity@015,2023,31.8
salinity@015,2023,31.79
salinity@015,2023,31.77
salinity@015,2023,31.76
salinity@015,2023,31.75
salinity@015,2023,31.74
salinity@015,2023,31.73
salinity@015,2023,31.71
salinity@015,2023,31.7
salinity@015,2023,31.69
salinity@015,2023,31.68
salinity@015,2023,31.67
salinity@015,2023,31.9
salinity@015,2023,31.88
salinity@015,2023,31.87
salinity@015,2023,31.86
salinity@015,2023,31.85
salinity@015,2023,31.84
salinity@015,2023,31.82
salinity@015,2023,31.81
salinity@015,2023,31.8
salinity@015,2023,31.79
salinity@015,2023,31.77
salinity@015,2023,31.76
salinity@015,2023,31.75
salinity@015,2023,31.74
salinity@015,2023,31.73
salinity@015,2023,31.71
salinity@015,2023,31.7
salinity@015,2023,31.69
salinity@015,2023,31.68
salinity@015,2023,31.67
salinity@015,2023,31.65
salinity@015,2023,31.64
salinity@015,2023,31.87
salinity@015,2023,31.86
salinity@015,2023,31.85
salinity@015,2023,31.84
salinity@015,2023,31.82
salinity@015,2023,31.81
salinity@015,2023,31.8
salinity@015,2023,31.79
salinity@015,2023,31.77
salinity@015,2023,31.76
salinity@015,2023,31.75
salinity@015,2023,31.74
salinity@015,2023,31.73
salinity@015,2023,31.71
salinity@015,2023,31.7
salinity@015,2023,31.69
salinity@015,2023,31.68
salinity@015,2023,31.67
salinity@015,2023,31.65
salinity@015,2023,31.64
salinity@015,2023,31.63
salinity@015,2023,31.62
salinity@015,2023,31.85
salinity@015,2023,31.84
salinity@015,2023,31.82
salinity@015,2023,31.81
salinity@015,2023,31.8
salinity@015,2023,31.79
salinity@015,2023,31.77
salinity@015,2023,31.76
salinity@015,2023,31.75
salinity@015,2023,31.74
salinity@015,2023,31.73
salinity@015,2023,31.71
salinity@015,2023,31.7
salinity@015,2023,31.69
salinity@015,2023,31.68
salinity@015,2023,31.67
salinity@015,2023,31.65
salinity@015,2023,31.64
salinity@015,2023,31.63
salinity@015,2023,31.62
salinity@015,2023,31.61
salinity@015,2023,31.59
salinity@015,2023,31.82
salinity@015,2023,31.81
salinity@015,2023,31.8
salinity@015,2023,31.79
salinity@015,2023,31.77
salinity@015,2023,31.76
salinity@015,2023,31.75
salinity@015,2023,31.74
salinity@015,2023,31.73
salinity@015,2023,31.71
salinity@015,2023,31.7
salinity@015,2023,31.69
salinity@015,2023,31.68
salinity@015,2023,31.67
salinity@015,2023,31.65
salinity@015,2023,31.64
salinity@015,2023,31.63
salinity@015,2023,31.62
salinity@015,2023,31.61
salinity@015,2023,31.59
salinity@015,2023,31.79
salinity@015,2023,31.77
salinity@015,2023,31.76
salinity@015,2023,31.75
salinity@015,2023,31.74
salinity@015,2023,31.73
salinity@015,2023,31.71
salinity@015,2023,31.7
salinity@015,2023,31.69
salinity@015,2023,31.68
salinity@015,2023,31.67
salinity@015,2023,31.65
salinity@015,2023,31.64
salinity@015,2023,31.63
salinity@015,2023,31.62
salinity@015,2023,31.61
salinity@015,2023,31.59
salinity@015,2023,31.76
salinity@015,2023,31.75
salinity@015,2023,31.74
salinity@015,2023,31.73
salinity@015,2023,31.71
salinity@015,2023,31.7
salinity@015,2023,31.69
salinity@015,2023,31.68
salinity@015,2023,31.67
salinity@015,2023,31.65
salinity@015,2023,31.64
salinity@015,2023,31.63
salinity@015,2023,31.62
salinity@015,2023,31.61
salinity@015,2023,31.59
salinity@015,2023,31.58
salinity@015,2023,31.74
salinity@015,2023,31.73
salinity@015,2023,31.71
salinity@015,2023,31.7
salinity@015,2023,31.69
salinity@015,2023,31.68
salinity@015,2023,31.67
salinity@015,2023,31.65
salinity@015,2023,31.64
salinity@015,2023,31.63
salinity@015,2023,31.62
salinity@015,2023,31.61
salinity@015,2023,31.59
salinity@015,2023,31.58
salinity@015,2023,31.71
salinity@015,2023,31.7
salinity@015,2023,31.69
salinity@015,2023,31.68
salinity@015,2023,31.67
salinity@015,2023,31.65
salinity@015,2023,31.64
salinity@015,2023,31.63
salinity@015,2023,31.62
salinity@015,2023,31.61
salinity@015,2023,31.59
salinity@015,2023,31.69
salinity@015,2023,31.68
salinity@015,2023,31.67
salinity@015,2023,31.65
salinity@015,2023,31.64
salinity@015,2023,31.63
salinity@015,2023,31.62
salinity@015,2023,31.61
salinity@015,2023,31.67
salinity@015,2023,31.65
salinity@015,2023,31.64
salinity@015,2023,31.63
salinity@015,2023,31.62
salinity@015,2023,31.07
salinity@015,2023,31.06
salinity@015,2023,31.07
salinity@015,2023,31.06
salinity@015,2023,31.07
salinity@015,2023,31.06
salinity@015,2023,31.07
salinity@015,2023,31.06
salinity@015,2023,31.07
salinity@015,2023,31.06
salinity@015,2023,31.07
salinity@015,2023,31.06
salinity@015,2023,31.07
salinity@015,2023,31.06
salinity@015,2023,31.07
salinity@015,2023,31.06
salinity@015,2023,31.58
salinity@015,2023,31.57
salinity@015,2023,31.56
salinity@015,2023,31.07
salinity@015,2023,31.06
salinity@015,2023,31.59
salinity@015,2023,31.58
salinity@015,2023,31.57
salinity@015,2023,31.56
salinity@015,2023,31.54
salinity@015,2023,31.53
salinity@015,2023,31.07
salinity@015,2023,31.06
salinity@015,2023,31.62
salinity@015,2023,31.61
salinity@015,2023,31.59
salinity@015,2023,31.58
salinity@015,2023,31.57
salinity@015,2023,31.56
salinity@015,2023,31.54
salinity@015,2023,31.53
salinity@015,2023,31.07
salinity@015,2023,31.06
salinity@015,2023,31.63
salinity@015,2023,31.62
salinity@015,2023,31.61
salinity@015,2023,31.59
salinity@015,2023,31.58
salinity@015,2023,31.57
salinity@015,2023,31.56
salinity@015,2023,31.54
salinity@015,2023,31.53
salinity@015,2023,31.52
salinity@015,2023,31.07
salinity@015,2023,31.06
salinity@015,2023,31.64
salinity@015,2023,31.63
salinity@015,2023,31.62
salinity@015,2023,31.61
salinity@015,2023,31.59
salinity@015,2023,31.58
salinity@015,2023,31.57
salinity@015,2023,31.56
salinity@015,2023,31.54
salinity@015,2023,31.53
salinity@015,2023,31.52
salinity@015,2023,31.07
salinity@015,2023,31.06
salinity@015,2023,31.65
salinity@015,2023,31.64
salinity@015,2023,31.63
salinity@015,2023,31.62
salinity@015,2023,31.61
salinity@015,2023,31.59
salinity@015,2023,31.58
salinity@015,2023,31.57
salinity@015,2023,31.56
salinity@015,2023,31.54
salinity@015,2023,31.53
salinity@015,2023,31.52
salinity@015,2023,31.07
salinity@015,2023,31.06
salinity@015,2023,31.68
salinity@015,2023,31.67
salinity@015,2023,31.65
salinity@015,2023,31.64
salinity@015,2023,31.63
salinity@015,2023,31.62
salinity@015,2023,31.61
salinity@015,2023,31.59
salinity@015,2023,31.58
salinity@015,2023,31.57
salinity@015,2023,31.56
salinity@015,2023,31.54
salinity@015,2023,31.53
salinity@015,2023,31.52
salinity@015,2023,31.07
salinity@015,2023,31.06
salinity@015,2023,31.69
salinity@015,2023,31.68
salinity@015,2023,31.67
salinity@015,2023,31.65
salinity@015,2023,31.64
salinity@015,2023,31.63
salinity@015,2023,31.62
salinity@015,2023,31.61
salinity@015,2023,31.59
salinity@015,2023,31.58
salinity@015,2023,31.57
salinity@015,2023,31.56
salinity@015,2023,31.54
salinity@015,2023,31.53
salinity@015,2023,31.52
salinity@015,2023,31.07
salinity@015,2023,31.06
salinity@015,2023,31.7
salinity@015,2023,31.69
salinity@015,2023,31.68
salinity@015,2023,31.67
salinity@015,2023,31.65
salinity@015,2023,31.64
salinity@015,2023,31.63
salinity@015,2023,31.62
salinity@015,2023,31.61
salinity@015,2023,31.59
salinity@015,2023,31.58
salinity@015,2023,31.57
salinity@015,2023,31.56
salinity@015,2023,31.54
salinity@015,2023,31.53
salinity@015,2023,31.07
salinity@015,2023,31.06
salinity@015,2023,31.71
salinity@015,2023,31.7
salinity@015,2023,31.69
salinity@015,2023,31.68
salinity@015,2023,31.67
salinity@015,2023,31.65
salinity@015,2023,31.64
salinity@015,2023,31.63
salinity@015,2023,31.62
salinity@015,2023,31.61
salinity@015,2023,31.59
salinity@015,2023,31.58
salinity@015,2023,31.57
salinity@015,2023,31.56
salinity@015,2023,31.54
salinity@015,2023,31.07
salinity@015,2023,31.06
salinity@015,2023,31.73
salinity@015,2023,31.71
salinity@015,2023,31.7
salinity@015,2023,31.69
salinity@015,2023,31.68
salinity@015,2023,31.67
salinity@015,2023,31.65
salinity@015,2023,31.64
salinity@015,2023,31.63
salinity@015,2023,31.62
salinity@015,2023,31.61
salinity@015,2023,31.59
salinity@015,2023,31.58
salinity@015,2023,31.57
salinity@015,2023,31.07
salinity@015,2023,31.06
salinity@015,2023,31.75
salinity@015,2023,31.74
salinity@015,2023,31.73
salinity@015,2023,31.71
salinity@015,2023,31.7
salinity@015,2023,31.69
salinity@015,2023,31.68
salinity@015,2023,31.67
salinity@015,2023,31.65
salinity@015,2023,31.64
salinity@015,2023,31.63
salinity@015,2023,31.62
salinity@015,2023,31.61
salinity@015,2023,31.59
salinity@015,2023,31.58
salinity@015,2023,31.07
salinity@015,2023,31.06
salinity@015,2023,31.76
salinity@015,2023,31.75
salinity@015,2023,31.74
salinity@015,2023,31.73
salinity@015,2023,31.71
salinity@015,2023,31.7
salinity@015,2023,31.69
salinity@015,2023,31.68
salinity@015,2023,31.67
salinity@015,2023,31.65
salinity@015,2023,31.64
salinity@015,2023,31.63
salinity@015,2023,31.62
salinity@015,2023,31.61
salinity@015,2023,31.59
salinity@015,2023,31.07
salinity@015,2023,31.06
salinity@015,2023,31.77
salinity@015,2023,31.76
salinity@015,2023,31.75
salinity@015,2023,31.74
salinity@015,2023,31.73
salinity@015,2023,31.71
salinity@015,2023,31.7
salinity@015,2023,31.69
salinity@015,2023,31.68
salinity@015,2023,31.67
salinity@015,2023,31.65
salinity@015,2023,31.64
salinity@015,2023,31.63
salinity@015,2023,31.62
salinity@015,2023,31.61
salinity@015,2023,31.07
salinity@015,2023,31.06
salinity@015,2023,31.79
salinity@015,2023,31.77
salinity@015,2023,31.76
salinity@015,2023,31.75
salinity@015,2023,31.74
salinity@015,2023,31.73
salinity@015,2023,31.71
salinity@015,2023,31.7
salinity@015,2023,31.69
salinity@015,2023,31.68
salinity@015,2023,31.67
salinity@015,2023,31.65
salinity@015,2023,31.64
salinity@015,2023,31.63
salinity@015,2023,31.62
salinity@015,2023,31.07
salinity@015,2023,31.06
salinity@015,2023,31.8
salinity@015,2023,31.79
salinity@015,2023,31.77
salinity@015,2023,31.76
salinity@015,2023,31.75
salinity@015,2023,31.74
salinity@015,2023,31.73
salinity@015,2023,31.71
salinity@015,2023,31.7
salinity@015,2023,31.69
salinity@015,2023,31.68
salinity@015,2023,31.67
salinity@015,2023,31.65
salinity@015,2023,31.64
salinity@015,2023,31.63
salinity@015,2023,31.07
salinity@015,2023,31.06
salinity@015,2023,31.8
salinity@015,2023,31.79
salinity@015,2023,31.77
salinity@015,2023,31.76
salinity@015,2023,31.75
salinity@015,2023,31.74
salinity@015,2023,31.73
salinity@015,2023,31.71
salinity@015,2023,31.7
salinity@015,2023,31.69
salinity@015,2023,31.68
salinity@015,2023,31.67
salinity@015,2023,31.65
salinity@015,2023,31.07
salinity@015,2023,31.06
salinity@015,2023,31.81
salinity@015,2023,31.8
salinity@015,2023,31.79
salinity@015,2023,31.77
salinity@015,2023,31.76
salinity@015,2023,31.75
salinity@015,2023,31.74
salinity@015,2023,31.73
salinity@015,2023,31.71
salinity@015,2023,31.7
salinity@015,2023,31.69
salinity@015,2023,31.68
salinity@015,2023,31.67
salinity@015,2023,31.65
salinity@015,2023,31.07
salinity@015,2023,31.06
salinity@015,2023,31.8
salinity@015,2023,31.79
salinity@015,2023,31.77
salinity@015,2023,31.76
salinity@015,2023,31.75
salinity@015,2023,31.74
salinity@015,2023,31.73
salinity@015,2023,31.71
salinity@015,2023,31.7
salinity@015,2023,31.69
salinity@015,2023,31.68
salinity@015,2023,31.67
salinity@015,2023,31.65
salinity@015,2023,31.64
salinity@015,2023,31.07
salinity@015,2023,31.06
salinity@015,2023,31.8
salinity@015,2023,31.79
salinity@015,2023,31.77
salinity@015,2023,31.76
salinity@015,2023,31.75
salinity@015,2023,31.74
salinity@015,2023,31.73
salinity@015,2023,31.71
salinity@015,2023,31.7
salinity@015,2023,31.69
salinity@015,2023,31.68
salinity@015,2023,31.67
salinity@015,2023,31.65
salinity@015,2023,31.64
salinity@015,2023,31.63
salinity@015,2023,31.07
salinity@015,2023,31.06
salinity@015,2023,31.8
salinity@015,2023,31.79
salinity@015,2023,31.77
salinity@015,2023,31.76
salinity@015,2023,31.75
salinity@015,2023,31.74
salinity@015,2023,31.73
salinity@015,2023,31.71
salinity@015,2023,31.7
salinity@015,2023,31.69
salinity@015,2023,31.68
salinity@015,2023,31.67
salinity@015,2023,31.65
salinity@015,2023,31.64
salinity@015,2023,31.63
salinity@015,2023,31.62
salinity@015,2023,31.61
salinity@015,2023,31.07
salinity@015,2023,31.06
salinity@015,2023,31.79
salinity@015,2023,31.77
salinity@015,2023,31.76
salinity@015,2023,31.75
salinity@015,2023,31.74
salinity@015,2023,31.73
salinity@015,2023,31.71
salinity@015,2023,31.7
salinity@015,2023,31.69
salinity@015,2023,31.68
salinity@015,2023,31.67
salinity@015,2023,31.65
salinity@015,2023,31.64
salinity@015,2023,31.63
salinity@015,2023,31.62
salinity@015,2023,31.61
salinity@015,2023,31.59
salinity@015,2023,31.58
salinity@015,2023,31.07
salinity@015,2023,31.06
salinity@015,2023,31.76
salinity@015,2023,31.75
salinity@015,2023,31.74
salinity@015,2023,31.73
salinity@015,2023,31.71
salinity@015,2023,31.7
salinity@015,2023,31.69
salinity@015,2023,31.68
salinity@015,2023,31.67
salinity@015,2023,31.65
salinity@015,2023,31.64
salinity@015,2023,31.63
salinity@015,2023,31.62
salinity@015,2023,31.61
salinity@015,2023,31.59
salinity@015,2023,31.58
salinity@015,2023,31.57
salinity@015,2023,31.07
salinity@015,2023,31.06
salinity@015,2023,31.75
salinity@015,2023,31.74
salinity@015,2023,31.73
salinity@015,2023,31.71
salinity@015,2023,31.7
salinity@015,2023,31.69
salinity@015,2023,31.68
salinity@015,2023,31.67
salinity@015,2023,31.65
salinity@015,2023,31.64
salinity@015,2023,31.63
salinity@015,2023,31.62
salinity@015,2023,31.61
salinity@015,2023,31.59
salinity@015,2023,31.58
salinity@015,2023,31.57
salinity@015,2023,31.56
salinity@015,2023,31.54
salinity@015,2023,31.07
salinity@015,2023,31.06
salinity@015,2023,31.73
salinity@015,2023,31.71
salinity@015,2023,31.7
salinity@015,2023,31.69
salinity@015,2023,31.68
salinity@015,2023,31.67
salinity@015,2023,31.65
salinity@015,2023,31.64
salinity@015,2023,31.63
salinity@015,2023,31.62
salinity@015,2023,31.61
salinity@015,2023,31.59
salinity@015,2023,31.58
salinity@015,2023,31.57
salinity@015,2023,31.56
salinity@015,2023,31.54
salinity@015,2023,31.53
salinity@015,2023,31.07
salinity@015,2023,31.06
salinity@015,2023,31.71
salinity@015,2023,31.7
salinity@015,2023,31.69
salinity@015,2023,31.68
salinity@015,2023,31.67
salinity@015,2023,31.65
salinity@015,2023,31.64
salinity@015,2023,31.63
salinity@015,2023,31.62
salinity@015,2023,31.61
salinity@015,2023,31.59
salinity@015,2023,31.58
salinity@015,2023,31.57
salinity@015,2023,31.56
salinity@015,2023,31.54
salinity@015,2023,31.53
salinity@015,2023,31.52
salinity@015,2023,31.51
salinity@015,2023,31.07
salinity@015,2023,31.06
salinity@015,2023,31.69
salinity@015,2023,31.68
salinity@015,2023,31.67
salinity@015,2023,31.65
salinity@015,2023,31.64
salinity@015,2023,31.63
salinity@015,2023,31.62
salinity@015,2023,31.61
salinity@015,2023,31.59
salinity@015,2023,31.58
salinity@015,2023,31.57
salinity@015,2023,31.56
salinity@015,2023,31.54
salinity@015,2023,31.53
salinity@015,2023,31.52
salinity@015,2023,31.51
salinity@015,2023,31.5
salinity@015,2023,31.07
salinity@015,2023,31.06
salinity@015,2023,31.68
salinity@015,2023,31.67
salinity@015,2023,31.65
salinity@015,2023,31.64
salinity@015,2023,31.63
salinity@015,2023,31.62
salinity@015,2023,31.61
salinity@015,2023,31.59
salinity@015,2023,31.58
salinity@015,2023,31.57
salinity@015,2023,31.56
salinity@015,2023,31.54
salinity@015,2023,31.53
salinity@015,2023,31.52
salinity@015,2023,31.51
salinity@015,2023,31.5
salinity@015,2023,31.48
salinity@015,2023,31.47
salinity@015,2023,31.07
salinity@015,2023,31.06
salinity@015,2023,31.65
salinity@015,2023,31.64
salinity@015,2023,31.63
salinity@015,2023,31.62
salinity@015,2023,31.61
salinity@015,2023,31.59
salinity@015,2023,31.58
salinity@015,2023,31.57
salinity@015,2023,31.56
salinity@015,2023,31.54
salinity@015,2023,31.53
salinity@015,2023,31.52
salinity@015,2023,31.51
salinity@015,2023,31.5
salinity@015,2023,31.48
salinity@015,2023,31.47
salinity@015,2023,31.46
salinity@015,2023,31.07
salinity@015,2023,31.06
salinity@015,2023,31.64
salinity@015,2023,31.63
salinity@015,2023,31.62
salinity@015,2023,31.61
salinity@015,2023,31.59
salinity@015,2023,31.58
salinity@015,2023,31.57
salinity@015,2023,31.56
salinity@015,2023,31.54
salinity@015,2023,31.53
salinity@015,2023,31.52
salinity@015,2023,31.51
salinity@015,2023,31.5
salinity@015,2023,31.48
salinity@015,2023,31.47
salinity@015,2023,31.46
salinity@015,2023,31.45
salinity@015,2023,31.44
salinity@015,2023,31.07
salinity@015,2023,31.06
salinity@015,2023,31.62
salinity@015,2023,31.61
salinity@015,2023,31.59
salinity@015,2023,31.58
salinity@015,2023,31.57
salinity@015,2023,31.56
salinity@015,2023,31.54
salinity@015,2023,31.53
salinity@015,2023,31.52
salinity@015,2023,31.51
salinity@015,2023,31.5
salinity@015,2023,31.48
salinity@015,2023,31.47
salinity@015,2023,31.46
salinity@015,2023,31.45
salinity@015,2023,31.44
salinity@015,2023,31.42
salinity@015,2023,31.07
salinity@015,2023,31.06
salinity@015,2023,31.59
salinity@015,2023,31.58
salinity@015,2023,31.57
salinity@015,2023,31.56
salinity@015,2023,31.54
salinity@015,2023,31.53
salinity@015,2023,31.52
salinity@015,2023,31.51
salinity@015,2023,31.5
salinity@015,2023,31.48
salinity@015,2023,31.47
salinity@015,2023,31.46
salinity@015,2023,31.45
salinity@015,2023,31.44
salinity@015,2023,31.42
salinity@015,2023,31.41
salinity@015,2023,31.4
salinity@015,2023,31.07
salinity@015,2023,31.06
salinity@015,2023,31.58
salinity@015,2023,31.57
salinity@015,2023,31.56
salinity@015,2023,31.54
salinity@015,2023,31.53
salinity@015,2023,31.52
salinity@015,2023,31.51
salinity@015,2023,31.5
salinity@015,2023,31.48
salinity@015,2023,31.47
salinity@015,2023,31.46
salinity@015,2023,31.45
salinity@015,2023,31.44
salinity@015,2023,31.42
salinity@015,2023,31.41
salinity@015,2023,31.4
salinity@015,2023,31.39
salinity@015,2023,31.07
salinity@015,2023,31.06
salinity@015,2023,31.56
salinity@015,2023,31.54
salinity@015,2023,31.53
salinity@015,2023,31.52
salinity@015,2023,31.51
salinity@015,2023,31.5
salinity@015,2023,31.48
salinity@015,2023,31.47
salinity@015,2023,31.46
salinity@015,2023,31.45
salinity@015,2023,31.44
salinity@015,2023,31.42
salinity@015,2023,31.41
salinity@015,2023,31.4
salinity@015,2023,31.39
salinity@015,2023,31.38
salinity@015,2023,31.07
salinity@015,2023,31.06
salinity@015,2023,31.54
salinity@015,2023,31.53
salinity@015,2023,31.52
salinity@015,2023,31.51
salinity@015,2023,31.5
salinity@015,2023,31.48
salinity@015,2023,31.47
salinity@015,2023,31.46
salinity@015,2023,31.45
salinity@015,2023,31.44
salinity@015,2023,31.42
salinity@015,2023,31.41
salinity@015,2023,31.4
salinity@015,2023,31.39
salinity@015,2023,31.38
salinity@015,2023,31.36
salinity@015,2023,31.35
salinity@015,2023,31.07
salinity@015,2023,31.06
salinity@015,2023,31.52
salinity@015,2023,31.51
salinity@015,2023,31.5
salinity@015,2023,31.48
salinity@015,2023,31.47
salinity@015,2023,31.46
salinity@015,2023,31.45
salinity@015,2023,31.44
salinity@015,2023,31.42
salinity@015,2023,31.41
salinity@015,2023,31.4
salinity@015,2023,31.39
salinity@015,2023,31.38
salinity@015,2023,31.36
salinity@015,2023,31.35
salinity@015,2023,31.34
salinity@015,2023,31.07
salinity@015,2023,31.06
salinity@015,2023,31.51
salinity@015,2023,31.5
salinity@015,2023,31.48
salinity@015,2023,31.47
salinity@015,2023,31.46
salinity@015,2023,31.45
salinity@015,2023,31.44
salinity@015,2023,31.42
salinity@015,2023,31.41
salinity@015,2023,31.4
salinity@015,2023,31.39
salinity@015,2023,31.38
salinity@015,2023,31.36
salinity@015,2023,31.35
salinity@015,2023,31.34
salinity@015,2023,31.33
salinity@015,2023,31.32
salinity@015,2023,31.07
salinity@015,2023,31.06
salinity@015,2023,31.48
salinity@015,2023,31.47
salinity@015,2023,31.46
salinity@015,2023,31.45
salinity@015,2023,31.44
salinity@015,2023,31.42
salinity@015,2023,31.41
salinity@015,2023,31.4
salinity@015,2023,31.39
salinity@015,2023,31.38
salinity@015,2023,31.36
salinity@015,2023,31.35
salinity@015,2023,31.34
salinity@015,2023,31.33
salinity@015,2023,31.32
salinity@015,2023,31.3
salinity@015,2023,31.07
salinity@015,2023,31.06
salinity@015,2023,31.47
salinity@015,2023,31.46
salinity@015,2023,31.45
salinity@015,2023,31.44
salinity@015,2023,31.42
salinity@015,2023,31.41
salinity@015,2023,31.4
salinity@015,2023,31.39
salinity@015,2023,31.38
salinity@015,2023,31.36
salinity@015,2023,31.35
salinity@015,2023,31.34
salinity@015,2023,31.33
salinity@015,2023,31.32
salinity@015,2023,31.3
salinity@015,2023,31.29
salinity@015,2023,31.07
salinity@015,2023,31.06
salinity@015,2023,31.46
salinity@015,2023,31.45
salinity@015,2023,31.44
salinity@015,2023,31.42
salinity@015,2023,31.41
salinity@015,2023,31.4
salinity@015,2023,31.39
salinity@015,2023,31.38
salinity@015,2023,31.36
salinity@015,2023,31.35
salinity@015,2023,31.34
salinity@015,2023,31.33
salinity@015,2023,31.32
salinity@015,2023,31.3
salinity@015,2023,31.29
salinity@015,2023,31.28
salinity@015,2023,31.27
salinity@015,2023,31.07
salinity@015,2023,31.06
salinity@015,2023,31.44
salinity@015,2023,31.42
salinity@015,2023,31.41
salinity@015,2023,31.4
salinity@015,2023,31.39
salinity@015,2023,31.38
salinity@015,2023,31.36
salinity@015,2023,31.35
salinity@015,2023,31.34
salinity@015,2023,31.33
salinity@015,2023,31.32
salinity@015,2023,31.3
salinity@015,2023,31.29
salinity@015,2023,31.28
salinity@015,2023,31.27
salinity@015,2023,31.25
salinity@015,2023,31.07
salinity@015,2023,31.06
salinity@015,2023,31.42
salinity@015,2023,31.41
salinity@015,2023,31.4
salinity@015,2023,31.39
salinity@015,2023,31.38
salinity@015,2023,31.36
salinity@015,2023,31.35
salinity@015,2023,31.34
salinity@015,2023,31.33
salinity@015,2023,31.32
salinity@015,2023,31.3
salinity@015,2023,31.29
salinity@015,2023,31.28
salinity@015,2023,31.27
salinity@015,2023,31.25
salinity@015,2023,31.24
salinity@015,2023,31.07
salinity@015,2023,31.06
salinity@015,2023,31.4
salinity@015,2023,31.39
salinity@015,2023,31.38
salinity@015,2023,31.36
salinity@015,2023,31.35
salinity@015,2023,31.34
salinity@015,2023,31.33
salinity@015,2023,31.32
salinity@015,2023,31.3
salinity@015,2023,31.29
salinity@015,2023,31.28
salinity@015,2023,31.27
salinity@015,2023,31.25
salinity@015,2023,31.24
salinity@015,2023,31.23
salinity@015,2023,31.07
salinity@015,2023,31.06
salinity@015,2023,31.41
salinity@015,2023,31.4
salinity@015,2023,31.39
salinity@015,2023,31.38
salinity@015,2023,31.36
salinity@015,2023,31.35
salinity@015,2023,31.34
salinity@015,2023,31.33
salinity@015,2023,31.32
salinity@015,2023,31.3
salinity@015,2023,31.29
salinity@015,2023,31.28
salinity@015,2023,31.27
salinity@015,2023,31.25
salinity@015,2023,31.24
salinity@015,2023,31.23
salinity@015,2023,31.07
salinity@015,2023,31.06
salinity@015,2023,31.45
salinity@015,2023,31.44
salinity@015,2023,31.42
salinity@015,2023,31.41
salinity@015,2023,31.4
salinity@015,2023,31.39
salinity@015,2023,31.38
salinity@015,2023,31.36
salinity@015,2023,31.35
salinity@015,2023,31.34
salinity@015,2023,31.33
salinity@015,2023,31.32
salinity@015,2023,31.3
salinity@015,2023,31.29
salinity@015,2023,31.28
salinity@015,2023,31.27
salinity@015,2023,31.25
salinity@015,2023,31.24
salinity@015,2023,31.23
salinity@015,2023,31.07
salinity@015,2023,31.06
salinity@015,2023,31.47
salinity@015,2023,31.46
salinity@015,2023,31.45
salinity@015,2023,31.44
salinity@015,2023,31.42
salinity@015,2023,31.41
salinity@015,2023,31.4
salinity@015,2023,31.39
salinity@015,2023,31.38
salinity@015,2023,31.36
salinity@015,2023,31.35
salinity@015,2023,31.34
salinity@015,2023,31.33
salinity@015,2023,31.32
salinity@015,2023,31.3
salinity@015,2023,31.29
salinity@015,2023,31.28
salinity@015,2023,31.27
salinity@015,2023,31.25
salinity@015,2023,31.24
salinity@015,2023,31.23
salinity@015,2023,31.07
salinity@015,2023,31.06
salinity@015,2023,31.51
salinity@015,2023,31.5
salinity@015,2023,31.48
salinity@015,2023,31.47
salinity@015,2023,31.46
salinity@015,2023,31.45
salinity@015,2023,31.44
salinity@015,2023,31.42
salinity@015,2023,31.41
salinity@015,2023,31.4
salinity@015,2023,31.39
salinity@015,2023,31.38
salinity@015,2023,31.36
salinity@015,2023,31.35
salinity@015,2023,31.34
salinity@015,2023,31.33
salinity@015,2023,31.32
salinity@015,2023,31.3
salinity@015,2023,31.29
salinity@015,2023,31.28
salinity@015,2023,31.27
salinity@015,2023,31.25
salinity@015,2023,31.24
salinity@015,2023,31.07
salinity@015,2023,31.06
salinity@015,2023,31.54
salinity@015,2023,31.53
salinity@015,2023,31.52
salinity@015,2023,31.51
salinity@015,2023,31.5
salinity@015,2023,31.48
salinity@015,2023,31.47
salinity@015,2023,31.46
salinity@015,2023,31.45
salinity@015,2023,31.44
salinity@015,2023,31.42
salinity@015,2023,31.41
salinity@015,2023,31.4
salinity@015,2023,31.39
salinity@015,2023,31.38
salinity@015,2023,31.36
salinity@015,2023,31.35
salinity@015,2023,31.34
salinity@015,2023,31.33
salinity@015,2023,31.32
salinity@015,2023,31.3
salinity@015,2023,31.29
salinity@015,2023,31.28
salinity@015,2023,31.27
salinity@015,2023,31.25
salinity@015,2023,31.07
salinity@015,2023,31.06
salinity@015,2023,31.57
salinity@015,2023,31.56
salinity@015,2023,31.54
salinity@015,2023,31.53
salinity@015,2023,31.52
salinity@015,2023,31.51
salinity@015,2023,31.5
salinity@015,2023,31.48
salinity@015,2023,31.47
salinity@015,2023,31.46
salinity@015,2023,31.45
salinity@015,2023,31.44
salinity@015,2023,31.42
salinity@015,2023,31.41
salinity@015,2023,31.4
salinity@015,2023,31.39
salinity@015,2023,31.38
salinity@015,2023,31.36
salinity@015,2023,31.35
salinity@015,2023,31.34
salinity@015,2023,31.33
salinity@015,2023,31.32
salinity@015,2023,31.3
salinity@015,2023,31.29
salinity@015,2023,31.28
salinity@015,2023,31.27
salinity@015,2023,31.07
salinity@015,2023,31.06
salinity@015,2023,31.61
salinity@015,2023,31.59
salinity@015,2023,31.58
salinity@015,2023,31.57
salinity@015,2023,31.56
salinity@015,2023,31.54
salinity@015,2023,31.53
salinity@015,2023,31.52
salinity@015,2023,31.51
salinity@015,2023,31.5
salinity@015,2023,31.48
salinity@015,2023,31.47
salinity@015,2023,31.46
salinity@015,2023,31.45
salinity@015,2023,31.44
salinity@015,2023,31.42
salinity@015,2023,31.41
salinity@015,2023,31.4
salinity@015,2023,31.39
salinity@015,2023,31.38
salinity@015,2023,31.36
salinity@015,2023,31.35
salinity@015,2023,31.34
salinity@015,2023,31.33
salinity@015,2023,31.32
salinity@015,2023,31.3
salinity@015,2023,31.07
salinity@015,2023,31.06
salinity@015,2023,31.63
salinity@015,2023,31.62
salinity@015,2023,31.61
salinity@015,2023,31.59
salinity@015,2023,31.58
salinity@015,2023,31.57
salinity@015,2023,31.56
salinity@015,2023,31.54
salinity@015,2023,31.53
salinity@015,2023,31.52
salinity@015,2023,31.51
salinity@015,2023,31.5
salinity@015,2023,31.48
salinity@015,2023,31.47
salinity@015,2023,31.46
salinity@015,2023,31.45
salinity@015,2023,31.44
salinity@015,2023,31.42
salinity@015,2023,31.41
salinity@015,2023,31.4
salinity@015,2023,31.39
salinity@015,2023,31.38
salinity@015,2023,31.36
salinity@015,2023,31.35
salinity@015,2023,31.34
salinity@015,2023,31.33
salinity@015,2023,31.07
salinity@015,2023,31.06
salinity@015,2023,31.67
salinity@015,2023,31.65
salinity@015,2023,31.64
salinity@015,2023,31.63
salinity@015,2023,31.62
salinity@015,2023,31.61
salinity@015,2023,31.59
salinity@015,2023,31.58
salinity@015,2023,31.57
salinity@015,2023,31.56
salinity@015,2023,31.54
salinity@015,2023,31.53
salinity@015,2023,31.52
salinity@015,2023,31.51
salinity@015,2023,31.5
salinity@015,2023,31.48
salinity@015,2023,31.47
salinity@015,2023,31.46
salinity@015,2023,31.45
salinity@015,2023,31.44
salinity@015,2023,31.42
salinity@015,2023,31.41
salinity@015,2023,31.4
salinity@015,2023,31.39
salinity@015,2023,31.38
salinity@015,2023,31.36
salinity@015,2023,31.07
salinity@015,2023,31.06
salinity@015,2023,31.69
salinity@015,2023,31.68
salinity@015,2023,31.67
salinity@015,2023,31.65
salinity@015,2023,31.64
salinity@015,2023,31.63
salinity@015,2023,31.62
salinity@015,2023,31.61
salinity@015,2023,31.59
salinity@015,2023,31.58
salinity@015,2023,31.57
salinity@015,2023,31.56
salinity@015,2023,31.54
salinity@015,2023,31.53
salinity@015,2023,31.52
salinity@015,2023,31.51
salinity@015,2023,31.5
salinity@015,2023,31.48
salinity@015,2023,31.47
salinity@015,2023,31.46
salinity@015,2023,31.45
salinity@015,2023,31.44
salinity@015,2023,31.42
salinity@015,2023,31.41
salinity@015,2023,31.4
salinity@015,2023,31.39
salinity@015,2023,31.07
salinity@015,2023,31.06
salinity@015,2023,31.71
salinity@015,2023,31.7
salinity@015,2023,31.69
salinity@015,2023,31.68
salinity@015,2023,31.67
salinity@015,2023,31.65
salinity@015,2023,31.64
salinity@015,2023,31.63
salinity@015,2023,31.62
salinity@015,2023,31.61
salinity@015,2023,31.59
salinity@015,2023,31.58
salinity@015,2023,31.57
salinity@015,2023,31.56
salinity@015,2023,31.54
salinity@015,2023,31.53
salinity@015,2023,31.52
salinity@015,2023,31.51
salinity@015,2023,31.5
salinity@015,2023,31.48
salinity@015,2023,31.47
salinity@015,2023,31.46
salinity@015,2023,31.45
salinity@015,2023,31.44
salinity@015,2023,31.42
salinity@015,2023,31.07
salinity@015,2023,31.06
salinity@015,2023,31.74
salinity@015,2023,31.73
salinity@015,2023,31.71
salinity@015,2023,31.7
salinity@015,2023,31.69
salinity@015,2023,31.68
salinity@015,2023,31.67
salinity@015,2023,31.65
salinity@015,2023,31.64
salinity@015,2023,31.63
salinity@015,2023,31.62
salinity@015,2023,31.61
salinity@015,2023,31.59
salinity@015,2023,31.58
salinity@015,2023,31.57
salinity@015,2023,31.56
salinity@015,2023,31.54
salinity@015,2023,31.53
salinity@015,2023,31.52
salinity@015,2023,31.51
salinity@015,2023,31.5
salinity@015,2023,31.48
salinity@015,2023,31.47
salinity@015,2023,31.46
salinity@015,2023,31.45
salinity@015,2023,31.07
salinity@015,2023,31.06
salinity@015,2023,31.75
salinity@015,2023,31.74
salinity@015,2023,31.73
salinity@015,2023,31.71
salinity@015,2023,31.7
salinity@015,2023,31.69
salinity@015,2023,31.68
salinity@015,2023,31.67
salinity@015,2023,31.65
salinity@015,2023,31.64
salinity@015,2023,31.63
salinity@015,2023,31.62
salinity@015,2023,31.61
salinity@015,2023,31.59
salinity@015,2023,31.58
salinity@015,2023,31.57
salinity@015,2023,31.56
salinity@015,2023,31.54
salinity@015,2023,31.53
salinity@015,2023,31.52
salinity@015,2023,31.51
salinity@015,2023,31.5
salinity@015,2023,31.48
salinity@015,2023,31.07
salinity@015,2023,31.06
salinity@015,2023,31.77
salinity@015,2023,31.76
salinity@015,2023,31.75
salinity@015,2023,31.74
salinity@015,2023,31.73
salinity@015,2023,31.71
salinity@015,2023,31.7
salinity@015,2023,31.69
salinity@015,2023,31.68
salinity@015,2023,31.67
salinity@015,2023,31.65
salinity@015,2023,31.64
salinity@015,2023,31.63
salinity@015,2023,31.62
salinity@015,2023,31.61
salinity@015,2023,31.59
salinity@015,2023,31.58
salinity@015,2023,31.57
salinity@015,2023,31.56
salinity@015,2023,31.54
salinity@015,2023,31.53
salinity@015,2023,31.52
salinity@015,2023,31.51
salinity@015,2023,31.07
salinity@015,2023,31.06
salinity@015,2023,31.79
salinity@015,2023,31.77
salinity@015,2023,31.76
salinity@015,2023,31.75
salinity@015,2023,31.74
salinity@015,2023,31.73
salinity@015,2023,31.71
salinity@015,2023,31.7
salinity@015,2023,31.69
salinity@015,2023,31.68
salinity@015,2023,31.67
salinity@015,2023,31.65
salinity@015,2023,31.64
salinity@015,2023,31.63
salinity@015,2023,31.62
salinity@015,2023,31.61
salinity@015,2023,31.59
salinity@015,2023,31.58
salinity@015,2023,31.57
salinity@015,2023,31.56
salinity@015,2023,31.54
salinity@015,2023,31.07
salinity@015,2023,31.06
salinity@015,2023,31.81
salinity@015,2023,31.8
salinity@015,2023,31.79
salinity@015,2023,31.77
salinity@015,2023,31.76
salinity@015,2023,31.75
salinity@015,2023,31.74
salinity@015,2023,31.73
salinity@015,2023,31.71
salinity@015,2023,31.7
salinity@015,2023,31.69
salinity@015,2023,31.68
salinity@015,2023,31.67
salinity@015,2023,31.65
salinity@015,2023,31.64
salinity@015,2023,31.63
salinity@015,2023,31.62
salinity@015,2023,31.61
salinity@015,2023,31.59
salinity@015,2023,31.58
salinity@015,2023,31.57
salinity@015,2023,31.07
salinity@015,2023,31.06
salinity@015,2023,31.82
salinity@015,2023,31.81
salinity@015,2023,31.8
salinity@015,2023,31.79
salinity@015,2023,31.77
salinity@015,2023,31.76
salinity@015,2023,31.75
salinity@015,2023,31.74
salinity@015,2023,31.73
salinity@015,2023,31.71
salinity@015,2023,31.7
salinity@015,2023,31.69
salinity@015,2023,31.68
salinity@015,2023,31.67
salinity@015,2023,31.65
salinity@015,2023,31.64
salinity@015,2023,31.63
salinity@015,2023,31.62
salinity@015,2023,31.61
salinity@015,2023,31.07
salinity@015,2023,31.06
salinity@015,2023,31.84
salinity@015,2023,31.82
salinity@015,2023,31.81
salinity@015,2023,31.8
salinity@015,2023,31.79
salinity@015,2023,31.77
salinity@015,2023,31.76
salinity@015,2023,31.75
salinity@015,2023,31.74
salinity@015,2023,31.73
salinity@015,2023,31.71
salinity@015,2023,31.7
salinity@015,2023,31.69
salinity@015,2023,31.68
salinity@015,2023,31.67
salinity@015,2023,31.65
salinity@015,2023,31.64
salinity@015,2023,31.07
salinity@015,2023,31.06
salinity@015,2023,31.86
salinity@015,2023,31.85
salinity@015,2023,31.84
salinity@015,2023,31.82
salinity@015,2023,31.81
salinity@015,2023,31.8
salinity@015,2023,31.79
salinity@015,2023,31.77
salinity@015,2023,31.76
salinity@015,2023,31.75
salinity@015,2023,31.74
salinity@015,2023,31.73
salinity@015,2023,31.71
salinity@015,2023,31.7
salinity@015,2023,31.69
salinity@015,2023,31.68
salinity@015,2023,31.67
salinity@015,2023,31.07
salinity@015,2023,31.06
salinity@015,2023,31.87
salinity@015,2023,31.86
salinity@015,2023,31.85
salinity@015,2023,31.84
salinity@015,2023,31.82
salinity@015,2023,31.81
salinity@015,2023,31.8
salinity@015,2023,31.79
salinity@015,2023,31.77
salinity@015,2023,31.76
salinity@015,2023,31.75
salinity@015,2023,31.74
salinity@015,2023,31.73
salinity@015,2023,31.71
salinity@015,2023,31.7
salinity@015,2023,31.69
salinity@015,2023,31.07
salinity@015,2023,31.06
salinity@015,2023,31.9
salinity@015,2023,31.88
salinity@015,2023,31.87
salinity@015,2023,31.86
salinity@015,2023,31.85
salinity@015,2023,31.84
salinity@015,2023,31.82
salinity@015,2023,31.81
salinity@015,2023,31.8
salinity@015,2023,31.79
salinity@015,2023,31.77
salinity@015,2023,31.76
salinity@015,2023,31.75
salinity@015,2023,31.74
salinity@015,2023,31.73
salinity@015,2023,31.71
salinity@015,2023,31.7
salinity@015,2023,31.07
salinity@015,2023,31.06
salinity@015,2023,31.91
salinity@015,2023,31.9
salinity@015,2023,31.88
salinity@015,2023,31.87
salinity@015,2023,31.86
salinity@015,2023,31.85
salinity@015,2023,31.84
salinity@015,2023,31.82
salinity@015,2023,31.81
salinity@015,2023,31.8
salinity@015,2023,31.79
salinity@015,2023,31.77
salinity@015,2023,31.76
salinity@015,2023,31.75
salinity@015,2023,31.74
salinity@015,2023,31.73
salinity@015,2023,31.71
salinity@015,2023,31.07
salinity@015,2023,31.06
salinity@015,2023,31.93
salinity@015,2023,31.92
salinity@015,2023,31.91
salinity@015,2023,31.9
salinity@015,2023,31.88
salinity@015,2023,31.87
salinity@015,2023,31.86
salinity@015,2023,31.85
salinity@015,2023,31.84
salinity@015,2023,31.82
salinity@015,2023,31.81
salinity@015,2023,31.8
salinity@015,2023,31.79
salinity@015,2023,31.77
salinity@015,2023,31.76
salinity@015,2023,31.75
salinity@015,2023,31.74
salinity@015,2023,31.07
salinity@015,2023,31.06
salinity@015,2023,31.94
salinity@015,2023,31.93
salinity@015,2023,31.92
salinity@015,2023,31.91
salinity@015,2023,31.9
salinity@015,2023,31.88
salinity@015,2023,31.87
salinity@015,2023,31.86
salinity@015,2023,31.85
salinity@015,2023,31.84
salinity@015,2023,31.82
salinity@015,2023,31.81
salinity@015,2023,31.8
salinity@015,2023,31.79
salinity@015,2023,31.77
salinity@015,2023,31.76
salinity@015,2023,31.75
salinity@015,2023,31.07
salinity@015,2023,31.06
salinity@015,2023,31.96
salinity@015,2023,31.94
salinity@015,2023,31.93
salinity@015,2023,31.92
salinity@015,2023,31.91
salinity@015,2023,31.9
salinity@015,2023,31.88
salinity@015,2023,31.87
salinity@015,2023,31.86
salinity@015,2023,31.85
salinity@015,2023,31.84
salinity@015,2023,31.82
salinity@015,2023,31.81
salinity@015,2023,31.8
salinity@015,2023,31.79
salinity@015,2023,31.77
salinity@015,2023,31.07
salinity@015,2023,31.06
salinity@015,2023,31.96
salinity@015,2023,31.94
salinity@015,2023,31.93
salinity@015,2023,31.92
salinity@015,2023,31.91
salinity@015,2023,31.9
salinity@015,2023,31.88
salinity@015,2023,31.87
salinity@015,2023,31.86
salinity@015,2023,31.85
salinity@015,2023,31.84
salinity@015,2023,31.82
salinity@015,2023,31.81
salinity@015,2023,31.8
salinity@015,2023,31.79
salinity@015,2023,31.07
salinity@015,2023,31.06
salinity@015,2023,31.96
salinity@015,2023,31.94
salinity@015,2023,31.93
salinity@015,2023,31.92
salinity@015,2023,31.91
salinity@015,2023,31.9
salinity@015,2023,31.88
salinity@015,2023,31.87
salinity@015,2023,31.86
salinity@015,2023,31.85
salinity@015,2023,31.84
salinity@015,2023,31.82
salinity@015,2023,31.81
salinity@015,2023,31.07
salinity@015,2023,31.06
salinity@015,2023,31.97
salinity@015,2023,31.96
salinity@015,2023,31.94
salinity@015,2023,31.93
salinity@015,2023,31.92
salinity@015,2023,31.91
salinity@015,2023,31.9
salinity@015,2023,31.88
salinity@015,2023,31.87
salinity@015,2023,31.86
salinity@015,2023,31.85
salinity@015,2023,31.84
salinity@015,2023,31.82
salinity@015,2023,31.81
salinity@015,2023,31.8
salinity@015,2023,31.79
salinity@015,2023,31.07
salinity@015,2023,31.06
salinity@015,2023,31.97
salinity@015,2023,31.96
salinity@015,2023,31.94
salinity@015,2023,31.93
salinity@015,2023,31.92
salinity@015,2023,31.91
salinity@015,2023,31.9
salinity@015,2023,31.88
salinity@015,2023,31.87
salinity@015,2023,31.86
salinity@015,2023,31.85
salinity@015,2023,31.84
salinity@015,2023,31.82
salinity@015,2023,31.81
salinity@015,2023,31.8
salinity@015,2023,31.79
salinity@015,2023,31.77
salinity@015,2023,31.76
salinity@015,2023,31.07
salinity@015,2023,31.06
salinity@015,2023,31.97
salinity@015,2023,31.96
salinity@015,2023,31.94
salinity@015,2023,31.93
salinity@015,2023,31.92
salinity@015,2023,31.91
salinity@015,2023,31.9
salinity@015,2023,31.88
salinity@015,2023,31.87
salinity@015,2023,31.86
salinity@015,2023,31.85
salinity@015,2023,31.84
salinity@015,2023,31.82
salinity@015,2023,31.81
salinity@015,2023,31.8
salinity@015,2023,31.79
salinity@015,2023,31.77
salinity@015,2023,31.76
salinity@015,2023,31.75
salinity@015,2023,31.74
salinity@015,2023,31.07
salinity@015,2023,31.06
salinity@015,2023,31.96
salinity@015,2023,31.94
salinity@015,2023,31.93
salinity@015,2023,31.92
salinity@015,2023,31.91
salinity@015,2023,31.9
salinity@015,2023,31.88
salinity@015,2023,31.87
salinity@015,2023,31.86
salinity@015,2023,31.85
salinity@015,2023,31.84
salinity@015,2023,31.82
salinity@015,2023,31.81
salinity@015,2023,31.8
salinity@015,2023,31.79
salinity@015,2023,31.77
salinity@015,2023,31.76
salinity@015,2023,31.75
salinity@015,2023,31.74
salinity@015,2023,31.73
salinity@015,2023,31.71
salinity@015,2023,31.7
salinity@015,2023,31.07
salinity@015,2023,31.06
salinity@015,2023,31.94
salinity@015,2023,31.93
salinity@015,2023,31.92
salinity@015,2023,31.91
salinity@015,2023,31.9
salinity@015,2023,31.88
salinity@015,2023,31.87
salinity@015,2023,31.86
salinity@015,2023,31.85
salinity@015,2023,31.84
salinity@015,2023,31.82
salinity@015,2023,31.81
salinity@015,2023,31.8
salinity@015,2023,31.79
salinity@015,2023,31.77
salinity@015,2023,31.76
salinity@015,2023,31.75
salinity@015,2023,31.74
salinity@015,2023,31.73
salinity@015,2023,31.71
salinity@015,2023,31.7
salinity@015,2023,31.69
salinity@015,2023,31.68
salinity@015,2023,31.07
salinity@015,2023,31.06
salinity@015,2023,31.93
salinity@015,2023,31.92
salinity@015,2023,31.91
salinity@015,2023,31.9
salinity@015,2023,31.88
salinity@015,2023,31.87
salinity@015,2023,31.86
salinity@015,2023,31.85
salinity@015,2023,31.84
salinity@015,2023,31.82
salinity@015,2023,31.81
salinity@015,2023,31.8
salinity@015,2023,31.79
salinity@015,2023,31.77
salinity@015,2023,31.76
salinity@015,2023,31.75
salinity@015,2023,31.74
salinity@015,2023,31.73
salinity@015,2023,31.71
salinity@015,2023,31.7
salinity@015,2023,31.69
salinity@015,2023,31.68
salinity@015,2023,31.67
salinity@015,2023,31.65
salinity@015,2023,31.9
salinity@015,2023,31.88
salinity@015,2023,31.87
salinity@015,2023,31.86
salinity@015,2023,31.85
salinity@015,2023,31.84
salinity@015,2023,31.82
salinity@015,2023,31.81
salinity@015,2023,31.8
salinity@015,2023,31.79
salinity@015,2023,31.77
salinity@015,2023,31.76
salinity@015,2023,31.75
salinity@015,2023,31.74
salinity@015,2023,31.73
salinity@015,2023,31.71
salinity@015,2023,31.7
salinity@015,2023,31.69
salinity@015,2023,31.68
salinity@015,2023,31.67
salinity@015,2023,31.65
salinity@015,2023,31.64
salinity@015,2023,31.63
salinity@015,2023,31.87
salinity@015,2023,31.86
salinity@015,2023,31.85
salinity@015,2023,31.84
salinity@015,2023,31.82
salinity@015,2023,31.81
salinity@015,2023,31.8
salinity@015,2023,31.79
salinity@015,2023,31.77
salinity@015,2023,31.76
salinity@015,2023,31.75
salinity@015,2023,31.74
salinity@015,2023,31.73
salinity@015,2023,31.71
salinity@015,2023,31.7
salinity@015,2023,31.69
salinity@015,2023,31.68
salinity@015,2023,31.67
salinity@015,2023,31.65
salinity@015,2023,31.64
salinity@015,2023,31.63
salinity@015,2023,31.62
salinity@015,2023,31.61
salinity@015,2023,31.59
salinity@015,2023,31.85
salinity@015,2023,31.84
salinity@015,2023,31.82
salinity@015,2023,31.81
salinity@015,2023,31.8
salinity@015,2023,31.79
salinity@015,2023,31.77
salinity@015,2023,31.76
salinity@015,2023,31.75
salinity@015,2023,31.74
salinity@015,2023,31.73
salinity@015,2023,31.71
salinity@015,2023,31.7
salinity@015,2023,31.69
salinity@015,2023,31.68
salinity@015,2023,31.67
salinity@015,2023,31.65
salinity@015,2023,31.64
salinity@015,2023,31.63
salinity@015,2023,31.62
salinity@015,2023,31.61
salinity@015,2023,31.59
salinity@015,2023,31.58
salinity@015,2023,31.57
salinity@015,2023,31.81
salinity@015,2023,31.8
salinity@015,2023,31.79
salinity@015,2023,31.77
salinity@015,2023,31.76
salinity@015,2023,31.75
salinity@015,2023,31.74
salinity@015,2023,31.73
salinity@015,2023,31.71
salinity@015,2023,31.7
salinity@015,2023,31.69
salinity@015,2023,31.68
salinity@015,2023,31.67
salinity@015,2023,31.65
salinity@015,2023,31.64
salinity@015,2023,31.63
salinity@015,2023,31.62
salinity@015,2023,31.61
salinity@015,2023,31.59
salinity@015,2023,31.58
salinity@015,2023,31.57
salinity@015,2023,31.56
salinity@015,2023,31.79
salinity@015,2023,31.77
salinity@015,2023,31.76
salinity@015,2023,31.75
salinity@015,2023,31.74
salinity@015,2023,31.73
salinity@015,2023,31.71
salinity@015,2023,31.7
salinity@015,2023,31.69
salinity@015,2023,31.68
salinity@015,2023,31.67
salinity@015,2023,31.65
salinity@015,2023,31.64
salinity@015,2023,31.63
salinity@015,2023,31.62
salinity@015,2023,31.61
salinity@015,2023,31.59
salinity@015,2023,31.58
salinity@015,2023,31.57
salinity@015,2023,31.56
salinity@015,2023,31.54
salinity@015,2023,31.76
salinity@015,2023,31.75
salinity@015,2023,31.74
salinity@015,2023,31.73
salinity@015,2023,31.71
salinity@015,2023,31.7
salinity@015,2023,31.69
salinity@015,2023,31.68
salinity@015,2023,31.67
salinity@015,2023,31.65
salinity@015,2023,31.64
salinity@015,2023,31.63
salinity@015,2023,31.62
salinity@015,2023,31.61
salinity@015,2023,31.59
salinity@015,2023,31.58
salinity@015,2023,31.57
salinity@015,2023,31.56
salinity@015,2023,31.54
salinity@015,2023,31.53
salinity@015,2023,31.74
salinity@015,2023,31.73
salinity@015,2023,31.71
salinity@015,2023,31.7
salinity@015,2023,31.69
salinity@015,2023,31.68
salinity@015,2023,31.67
salinity@015,2023,31.65
salinity@015,2023,31.64
salinity@015,2023,31.63
salinity@015,2023,31.62
salinity@015,2023,31.61
salinity@015,2023,31.59
salinity@015,2023,31.58
salinity@015,2023,31.57
salinity@015,2023,31.56
salinity@015,2023,31.54
salinity@015,2023,31.53
salinity@015,2023,31.7
salinity@015,2023,31.69
salinity@015,2023,31.68
salinity@015,2023,31.67
salinity@015,2023,31.65
salinity@015,2023,31.64
salinity@015,2023,31.63
salinity@015,2023,31.62
salinity@015,2023,31.61
salinity@015,2023,31.59
salinity@015,2023,31.58
salinity@015,2023,31.57
salinity@015,2023,31.56
salinity@015,2023,31.54
salinity@015,2023,31.53
salinity@015,2023,31.68
salinity@015,2023,31.67
salinity@015,2023,31.65
salinity@015,2023,31.64
salinity@015,2023,31.63
salinity@015,2023,31.62
salinity@015,2023,31.61
salinity@015,2023,31.59
salinity@015,2023,31.58
salinity@015,2023,31.57
salinity@015,2023,31.56
salinity@015,2023,31.54
salinity@015,2023,31.53
salinity@015,2023,31.65
salinity@015,2023,31.64
salinity@015,2023,31.63
salinity@015,2023,31.62
salinity@015,2023,31.61
salinity@015,2023,31.59
salinity@015,2023,31.58
salinity@015,2023,31.57
salinity@015,2023,31.56
salinity@015,2023,31.54
salinity@015,2023,31.53
salinity@015,2023,31.64
salinity@015,2023,31.63
salinity@015,2023,31.62
salinity@015,2023,31.61
salinity@015,2023,31.59
salinity@015,2023,31.58
salinity@015,2023,31.57
salinity@015,2023,31.56
salinity@015,2023,31.54
salinity@015,2023,31.53
salinity@015,2023,31.64
salinity@015,2023,31.63
salinity@015,2023,31.62
salinity@015,2023,31.61
salinity@015,2023,31.59
salinity@015,2023,31.58
salinity@015,2023,31.57
salinity@015,2023,31.56
salinity@015,2023,31.54
salinity@015,2023,31.53
salinity@015,2024,31.64
salinity@015,2024,31.63
salinity@015,2024,31.62
salinity@015,2024,31.61
salinity@015,2024,31.59
salinity@015,2024,31.58
salinity@015,2024,31.57
salinity@015,2024,31.56
salinity@015,2024,31.54
salinity@015,2024,31.53
salinity@015,2024,31.64
salinity@015,2024,31.63
salinity@015,2024,31.62
salinity@015,2024,31.61
salinity@015,2024,31.59
salinity@015,2024,31.58
salinity@015,2024,31.57
salinity@015,2024,31.56
salinity@015,2024,31.54
salinity@015,2024,31.64
salinity@015,2024,31.63
salinity@015,2024,31.62
salinity@015,2024,31.61
salinity@015,2024,31.59
salinity@015,2024,31.58
salinity@015,2024,31.57
salinity@015,2024,31.56
salinity@015,2024,31.54
salinity@015,2024,31.64
salinity@015,2024,31.63
salinity@015,2024,31.62
salinity@015,2024,31.61
salinity@015,2024,31.59
salinity@015,2024,31.58
salinity@015,2024,31.57
salinity@015,2024,31.56
salinity@015,2024,31.54
salinity@015,2024,31.65
salinity@015,2024,31.64
salinity@015,2024,31.63
salinity@015,2024,31.62
salinity@015,2024,31.61
salinity@015,2024,31.59
salinity@015,2024,31.58
salinity@015,2024,31.57
salinity@015,2024,31.56
salinity@015,2024,31.54
salinity@015,2024,31.69
salinity@015,2024,31.68
salinity@015,2024,31.67
salinity@015,2024,31.65
salinity@015,2024,31.64
salinity@015,2024,31.63
salinity@015,2024,31.62
salinity@015,2024,31.61
salinity@015,2024,31.59
salinity@015,2024,31.58
salinity@015,2024,31.57
salinity@015,2024,31.56
salinity@015,2024,31.54
salinity@015,2024,31.73
salinity@015,2024,31.71
salinity@015,2024,31.7
salinity@015,2024,31.69
salinity@015,2024,31.68
salinity@015,2024,31.67
salinity@015,2024,31.65
salinity@015,2024,31.64
salinity@015,2024,31.63
salinity@015,2024,31.62
salinity@015,2024,31.61
salinity@015,2024,31.59
salinity@015,2024,31.58
salinity@015,2024,31.57
salinity@015,2024,31.56
salinity@015,2024,31.54
salinity@015,2024,31.77
salinity@015,2024,31.76
salinity@015,2024,31.75
salinity@015,2024,31.74
salinity@015,2024,31.73
salinity@015,2024,31.71
salinity@015,2024,31.7
salinity@015,2024,31.69
salinity@015,2024,31.68
salinity@015,2024,31.67
salinity@015,2024,31.65
salinity@015,2024,31.64
salinity@015,2024,31.63
salinity@015,2024,31.62
salinity@015,2024,31.61
salinity@015,2024,31.59
salinity@015,2024,31.58
salinity@015,2024,31.57
salinity@015,2024,31.56
salinity@015,2024,31.54
salinity@015,2024,31.81
salinity@015,2024,31.8
salinity@015,2024,31.79
salinity@015,2024,31.77
salinity@015,2024,31.76
salinity@015,2024,31.75
salinity@015,2024,31.74
salinity@015,2024,31.73
salinity@015,2024,31.71
salinity@015,2024,31.7
salinity@015,2024,31.69
salinity@015,2024,31.68
salinity@015,2024,31.67
salinity@015,2024,31.65
salinity@015,2024,31.64
salinity@015,2024,31.63
salinity@015,2024,31.62
salinity@015,2024,31.61
salinity@015,2024,31.59
salinity@015,2024,31.58
salinity@015,2024,31.57
salinity@015,2024,31.56
salinity@015,2024,31.86
salinity@015,2024,31.85
salinity@015,2024,31.84
salinity@015,2024,31.82
salinity@015,2024,31.81
salinity@015,2024,31.8
salinity@015,2024,31.79
salinity@015,2024,31.77
salinity@015,2024,31.76
salinity@015,2024,31.75
salinity@015,2024,31.74
salinity@015,2024,31.73
salinity@015,2024,31.71
salinity@015,2024,31.7
salinity@015,2024,31.69
salinity@015,2024,31.68
salinity@015,2024,31.67
salinity@015,2024,31.65
salinity@015,2024,31.64
salinity@015,2024,31.63
salinity@015,2024,31.62
salinity@015,2024,31.61
salinity@015,2024,31.59
salinity@015,2024,31.58
salinity@015,2024,31.57
salinity@015,2024,31.56
salinity@015,2024,31.9
salinity@015,2024,31.88
salinity@015,2024,31.87
salinity@015,2024,31.86
salinity@015,2024,31.85
salinity@015,2024,31.84
salinity@015,2024,31.82
salinity@015,2024,31.81
salinity@015,2024,31.8
salinity@015,2024,31.79
salinity@015,2024,31.77
salinity@015,2024,31.76
salinity@015,2024,31.75
salinity@015,2024,31.74
salinity@015,2024,31.73
salinity@015,2024,31.71
salinity@015,2024,31.7
salinity@015,2024,31.69
salinity@015,2024,31.68
salinity@015,2024,31.67
salinity@015,2024,31.65
salinity@015,2024,31.64
salinity@015,2024,31.63
salinity@015,2024,31.62
salinity@015,2024,31.61
salinity@015,2024,31.59
salinity@015,2024,31.58
salinity@015,2024,31.57
salinity@015,2024,31.56
salinity@015,2024,31.94
salinity@015,2024,31.93
salinity@015,2024,31.92
salinity@015,2024,31.91
salinity@015,2024,31.9
salinity@015,2024,31.88
salinity@015,2024,31.87
salinity@015,2024,31.86
salinity@015,2024,31.85
salinity@015,2024,31.84
salinity@015,2024,31.82
salinity@015,2024,31.81
salinity@015,2024,31.8
salinity@015,2024,31.79
salinity@015,2024,31.77
salinity@015,2024,31.76
salinity@015,2024,31.75
salinity@015,2024,31.74
salinity@015,2024,31.73
salinity@015,2024,31.71
salinity@015,2024,31.7
salinity@015,2024,31.69
salinity@015,2024,31.68
salinity@015,2024,31.67
salinity@015,2024,31.65
salinity@015,2024,31.64
salinity@015,2024,31.63
salinity@015,2024,31.62
salinity@015,2024,31.61
salinity@015,2024,31.59
salinity@015,2024,31.58
salinity@015,2024,31.57
salinity@015,2024,31.98
salinity@015,2024,31.97
salinity@015,2024,31.96
salinity@015,2024,31.94
salinity@015,2024,31.93
salinity@015,2024,31.92
salinity@015,2024,31.91
salinity@015,2024,31.9
salinity@015,2024,31.88
salinity@015,2024,31.87
salinity@015,2024,31.86
salinity@015,2024,31.85
salinity@015,2024,31.84
salinity@015,2024,31.82
salinity@015,2024,31.81
salinity@015,2024,31.8
salinity@015,2024,31.79
salinity@015,2024,31.77
salinity@015,2024,31.76
salinity@015,2024,31.75
salinity@015,2024,31.74
salinity@015,2024,31.73
salinity@015,2024,31.71
salinity@015,2024,31.7
salinity@015,2024,31.69
salinity@015,2024,31.68
salinity@015,2024,31.67
salinity@015,2024,31.65
salinity@015,2024,31.64
salinity@015,2024,31.63
salinity@015,2024,31.62
salinity@015,2024,31.61
salinity@015,2024,31.59
salinity@015,2024,31.58
salinity@015,2024,32.03
salinity@015,2024,32.02
salinity@015,2024,32
salinity@015,2024,31.99
salinity@015,2024,31.98
salinity@015,2024,31.97
salinity@015,2024,31.96
salinity@015,2024,31.94
salinity@015,2024,31.93
salinity@015,2024,31.92
salinity@015,2024,31.91
salinity@015,2024,31.9
salinity@015,2024,31.88
salinity@015,2024,31.87
salinity@015,2024,31.86
salinity@015,2024,31.85
salinity@015,2024,31.84
salinity@015,2024,31.82
salinity@015,2024,31.81
salinity@015,2024,31.8
salinity@015,2024,31.79
salinity@015,2024,31.77
salinity@015,2024,31.76
salinity@015,2024,31.75
salinity@015,2024,31.74
salinity@015,2024,31.73
salinity@015,2024,31.71
salinity@015,2024,31.7
salinity@015,2024,31.69
salinity@015,2024,31.68
salinity@015,2024,31.67
salinity@015,2024,31.65
salinity@015,2024,31.64
salinity@015,2024,31.63
salinity@015,2024,31.62
salinity@015,2024,32.06
salinity@015,2024,32.05
salinity@015,2024,32.04
salinity@015,2024,32.03
salinity@015,2024,32.02
salinity@015,2024,32
salinity@015,2024,31.99
salinity@015,2024,31.98
salinity@015,2024,31.97
salinity@015,2024,31.96
salinity@015,2024,31.94
salinity@015,2024,31.93
salinity@015,2024,31.92
salinity@015,2024,31.91
salinity@015,2024,31.9
salinity@015,2024,31.88
salinity@015,2024,31.87
salinity@015,2024,31.86
salinity@015,2024,31.85
salinity@015,2024,31.84
salinity@015,2024,31.82
salinity@015,2024,31.81
salinity@015,2024,31.8
salinity@015,2024,31.79
salinity@015,2024,31.77
salinity@015,2024,31.76
salinity@015,2024,31.75
salinity@015,2024,31.74
salinity@015,2024,31.73
salinity@015,2024,31.71
salinity@015,2024,31.7
salinity@015,2024,31.69
salinity@015,2024,31.68
salinity@015,2024,31.67
salinity@015,2024,32.11
salinity@015,2024,32.1
salinity@015,2024,32.09
salinity@015,2024,32.08
salinity@015,2024,32.06
salinity@015,2024,32.05
salinity@015,2024,32.04
salinity@015,2024,32.03
salinity@015,2024,32.02
salinity@015,2024,32
salinity@015,2024,31.99
salinity@015,2024,31.98
salinity@015,2024,31.97
salinity@015,2024,31.96
salinity@015,2024,31.94
salinity@015,2024,31.93
salinity@015,2024,31.92
salinity@015,2024,31.91
salinity@015,2024,31.9
salinity@015,2024,31.88
salinity@015,2024,31.87
salinity@015,2024,31.86
salinity@015,2024,31.85
salinity@015,2024,31.84
salinity@015,2024,31.82
salinity@015,2024,31.81
salinity@015,2024,31.8
salinity@015,2024,31.79
salinity@015,2024,31.77
salinity@015,2024,31.76
salinity@015,2024,31.75
salinity@015,2024,31.74
salinity@015,2024,31.73
salinity@015,2024,31.71
salinity@015,2024,31.7
salinity@015,2024,32.15
salinity@015,2024,32.14
salinity@015,2024,32.13
salinity@015,2024,32.11
salinity@015,2024,32.1
salinity@015,2024,32.09
salinity@015,2024,32.08
salinity@015,2024,32.06
salinity@015,2024,32.05
salinity@015,2024,32.04
salinity@015,2024,32.03
salinity@015,2024,32.02
salinity@015,2024,32
salinity@015,2024,31.99
salinity@015,2024,31.98
salinity@015,2024,31.97
salinity@015,2024,31.96
salinity@015,2024,31.94
salinity@015,2024,31.93
salinity@015,2024,31.92
salinity@015,2024,31.91
salinity@015,2024,31.9
salinity@015,2024,31.88
salinity@015,2024,31.87
salinity@015,2024,31.86
salinity@015,2024,31.85
salinity@015,2024,31.84
salinity@015,2024,31.82
salinity@015,2024,31.81
salinity@015,2024,31.8
salinity@015,2024,31.79
salinity@015,2024,31.77
salinity@015,2024,31.76
salinity@015,2024,31.75
salinity@015,2024,32.19
salinity@015,2024,32.17
salinity@015,2024,32.16
salinity@015,2024,32.15
salinity@015,2024,32.14
salinity@015,2024,32.13
salinity@015,2024,32.11
salinity@015,2024,32.1
salinity@015,2024,32.09
salinity@015,2024,32.08
salinity@015,2024,32.06
salinity@015,2024,32.05
salinity@015,2024,32.04
salinity@015,2024,32.03
salinity@015,2024,32.02
salinity@015,2024,32
salinity@015,2024,31.99
salinity@015,2024,31.98
salinity@015,2024,31.97
salinity@015,2024,31.96
salinity@015,2024,31.94
salinity@015,2024,31.93
salinity@015,2024,31.92
salinity@015,2024,31.91
salinity@015,2024,31.9
salinity@015,2024,31.88
salinity@015,2024,31.87
salinity@015,2024,31.86
salinity@015,2024,31.85
salinity@015,2024,31.84
salinity@015,2024,31.82
salinity@015,2024,31.81
salinity@015,2024,31.8
salinity@015,2024,31.79
salinity@015,2024,32.2
salinity@015,2024,32.19
salinity@015,2024,32.17
salinity@015,2024,32.16
salinity@015,2024,32.15
salinity@015,2024,32.14
salinity@015,2024,32.13
salinity@015,2024,32.11
salinity@015,2024,32.1
salinity@015,2024,32.09
salinity@015,2024,32.08
salinity@015,2024,32.06
salinity@015,2024,32.05
salinity@015,2024,32.04
salinity@015,2024,32.03
salinity@015,2024,32.02
salinity@015,2024,32
salinity@015,2024,31.99
salinity@015,2024,31.98
salinity@015,2024,31.97
salinity@015,2024,31.96
salinity@015,2024,31.94
salinity@015,2024,31.93
salinity@015,2024,31.92
salinity@015,2024,31.91
salinity@015,2024,31.9
salinity@015,2024,31.88
salinity@015,2024,31.87
salinity@015,2024,31.86
salinity@015,2024,31.85
salinity@015,2024,31.84
salinity@015,2024,32.2
salinity@015,2024,32.19
salinity@015,2024,32.17
salinity@015,2024,32.16
salinity@015,2024,32.15
salinity@015,2024,32.14
salinity@015,2024,32.13
salinity@015,2024,32.11
salinity@015,2024,32.1
salinity@015,2024,32.09
salinity@015,2024,32.08
salinity@015,2024,32.06
salinity@015,2024,32.05
salinity@015,2024,32.04
salinity@015,2024,32.03
salinity@015,2024,32.02
salinity@015,2024,32
salinity@015,2024,31.99
salinity@015,2024,31.98
salinity@015,2024,31.97
salinity@015,2024,31.96
salinity@015,2024,31.94
salinity@015,2024,31.93
salinity@015,2024,31.92
salinity@015,2024,31.91
salinity@015,2024,31.9
salinity@015,2024,31.88
salinity@015,2024,31.87
salinity@015,2024,32.2
salinity@015,2024,32.19
salinity@015,2024,32.17
salinity@015,2024,32.16
salinity@015,2024,32.15
salinity@015,2024,32.14
salinity@015,2024,32.13
salinity@015,2024,32.11
salinity@015,2024,32.1
salinity@015,2024,32.09
salinity@015,2024,32.08
salinity@015,2024,32.06
salinity@015,2024,32.05
salinity@015,2024,32.04
salinity@015,2024,32.03
salinity@015,2024,32.02
salinity@015,2024,32
salinity@015,2024,31.99
salinity@015,2024,31.98
salinity@015,2024,31.97
salinity@015,2024,31.96
salinity@015,2024,31.94
salinity@015,2024,31.93
salinity@015,2024,31.92
salinity@015,2024,32.2
salinity@015,2024,32.19
salinity@015,2024,32.17
salinity@015,2024,32.16
salinity@015,2024,32.15
salinity@015,2024,32.14
salinity@015,2024,32.13
salinity@015,2024,32.11
salinity@015,2024,32.1
salinity@015,2024,32.09
salinity@015,2024,32.08
salinity@015,2024,32.06
salinity@015,2024,32.05
salinity@015,2024,32.04
salinity@015,2024,32.03
salinity@015,2024,32.02
salinity@015,2024,32
salinity@015,2024,31.99
salinity@015,2024,31.98
salinity@015,2024,31.97
salinity@015,2024,31.96
salinity@015,2024,32.2
salinity@015,2024,32.19
salinity@015,2024,32.17
salinity@015,2024,32.16
salinity@015,2024,32.15
salinity@015,2024,32.14
salinity@015,2024,32.13
salinity@015,2024,32.11
salinity@015,2024,32.1
salinity@015,2024,32.09
salinity@015,2024,32.08
salinity@015,2024,32.06
salinity@015,2024,32.05
salinity@015,2024,32.04
salinity@015,2024,32.03
salinity@015,2024,32.02
salinity@015,2024,32
salinity@015,2024,32.2
salinity@015,2024,32.19
salinity@015,2024,32.17
salinity@015,2024,32.16
salinity@015,2024,32.15
salinity@015,2024,32.14
salinity@015,2024,32.13
salinity@015,2024,32.11
salinity@015,2024,32.1
salinity@015,2024,32.09
salinity@015,2024,32.08
salinity@015,2024,32.06
salinity@015,2024,32.05
salinity@015,2024,32.04
salinity@015,2024,32.19
salinity@015,2024,32.17
salinity@015,2024,32.16
salinity@015,2024,32.15
salinity@015,2024,32.14
salinity@015,2024,32.13
salinity@015,2024,32.11
salinity@015,2024,32.1
salinity@015,2024,32.09
salinity@015,2024,32.08
salinity@015,2024,32.06
salinity@015,2024,32.19
salinity@015,2024,32.17
salinity@015,2024,32.16
salinity@015,2024,32.15
salinity@015,2024,32.14
salinity@015,2024,32.13
salinity@015,2024,32.11
salinity@015,2024,32.1
salinity@015,2024,32.09
salinity@015,2024,32.08
salinity@015,2024,32.06
salinity@015,2024,32.17
salinity@015,2024,32.16
salinity@015,2024,32.15
salinity@015,2024,32.14
salinity@015,2024,32.13
salinity@015,2024,32.11
salinity@015,2024,32.1
salinity@015,2024,32.09
salinity@015,2024,32.08
salinity@015,2024,32.06
salinity@015,2024,32.05
salinity@015,2024,32.17
salinity@015,2024,32.16
salinity@015,2024,32.15
salinity@015,2024,32.14
salinity@015,2024,32.13
salinity@015,2024,32.11
salinity@015,2024,32.1
salinity@015,2024,32.09
salinity@015,2024,32.08
salinity@015,2024,32.06
salinity@015,2024,32.05
salinity@015,2024,32.16
salinity@015,2024,32.15
salinity@015,2024,32.14
salinity@015,2024,32.13
salinity@015,2024,32.11
salinity@015,2024,32.1
salinity@015,2024,32.09
salinity@015,2024,32.08
salinity@015,2024,32.06
salinity@015,2024,32.05
salinity@015,2024,32.04
salinity@015,2024,32.15
salinity@015,2024,32.14
salinity@015,2024,32.13
salinity@015,2024,32.11
salinity@015,2024,32.1
salinity@015,2024,32.09
salinity@015,2024,32.08
salinity@015,2024,32.06
salinity@015,2024,32.05
salinity@015,2024,32.04
salinity@015,2024,32.15
salinity@015,2024,32.14
salinity@015,2024,32.13
salinity@015,2024,32.11
salinity@015,2024,32.1
salinity@015,2024,32.09
salinity@015,2024,32.08
salinity@015,2024,32.06
salinity@015,2024,32.05
salinity@015,2024,32.04
salinity@015,2024,32.03
salinity@015,2024,32.14
salinity@015,2024,32.13
salinity@015,2024,32.11
salinity@015,2024,32.1
salinity@015,2024,32.09
salinity@015,2024,32.08
salinity@015,2024,32.06
salinity@015,2024,32.05
salinity@015,2024,32.04
salinity@015,2024,32.03
salinity@015,2024,32.02
salinity@015,2024,32.14
salinity@015,2024,32.13
salinity@015,2024,32.11
salinity@015,2024,32.1
salinity@015,2024,32.09
salinity@015,2024,32.08
salinity@015,2024,32.06
salinity@015,2024,32.05
salinity@015,2024,32.04
salinity@015,2024,32.03
salinity@015,2024,32.02
salinity@015,2024,32.13
salinity@015,2024,32.11
salinity@015,2024,32.1
salinity@015,2024,32.09
salinity@015,2024,32.08
salinity@015,2024,32.06
salinity@015,2024,32.05
salinity@015,2024,32.04
salinity@015,2024,32.03
salinity@015,2024,32.02
salinity@015,2024,32
salinity@015,2024,32.13
salinity@015,2024,32.11
salinity@015,2024,32.1
salinity@015,2024,32.09
salinity@015,2024,32.08
salinity@015,2024,32.06
salinity@015,2024,32.05
salinity@015,2024,32.04
salinity@015,2024,32.03
salinity@015,2024,32.02
salinity@015,2024,32
salinity@015,2024,32.13
salinity@015,2024,32.11
salinity@015,2024,32.1
salinity@015,2024,32.09
salinity@015,2024,32.08
salinity@015,2024,32.06
salinity@015,2024,32.05
salinity@015,2024,32.04
salinity@015,2024,32.03
salinity@015,2024,32.02
salinity@015,2024,32
salinity@015,2024,32.13
salinity@015,2024,32.11
salinity@015,2024,32.1
salinity@015,2024,32.09
salinity@015,2024,32.08
salinity@015,2024,32.06
salinity@015,2024,32.05
salinity@015,2024,32.04
salinity@015,2024,32.03
salinity@015,2024,32.02
salinity@015,2024,32.14
salinity@015,2024,32.13
salinity@015,2024,32.11
salinity@015,2024,32.1
salinity@015,2024,32.09
salinity@015,2024,32.08
salinity@015,2024,32.06
salinity@015,2024,32.05
salinity@015,2024,32.04
salinity@015,2024,32.03
salinity@015,2024,32.02
salinity@015,2024,32.14
salinity@015,2024,32.13
salinity@015,2024,32.11
salinity@015,2024,32.1
salinity@015,2024,32.09
salinity@015,2024,32.08
salinity@015,2024,32.06
salinity@015,2024,32.05
salinity@015,2024,32.04
salinity@015,2024,32.03
salinity@015,2024,32.15
salinity@015,2024,32.14
salinity@015,2024,32.13
salinity@015,2024,32.11
salinity@015,2024,32.1
salinity@015,2024,32.09
salinity@015,2024,32.08
salinity@015,2024,32.06
salinity@015,2024,32.05
salinity@015,2024,32.04
salinity@015,2024,32.03
salinity@015,2024,32.15
salinity@015,2024,32.14
salinity@015,2024,32.13
salinity@015,2024,32.11
salinity@015,2024,32.1
salinity@015,2024,32.09
salinity@015,2024,32.08
salinity@015,2024,32.06
salinity@015,2024,32.05
salinity@015,2024,32.04
salinity@015,2024,32.15
salinity@015,2024,32.14
salinity@015,2024,32.13
salinity@015,2024,32.11
salinity@015,2024,32.1
salinity@015,2024,32.09
salinity@015,2024,32.08
salinity@015,2024,32.06
salinity@015,2024,32.05
salinity@015,2024,32.04
salinity@015,2024,32.16
salinity@015,2024,32.15
salinity@015,2024,32.14
salinity@015,2024,32.13
salinity@015,2024,32.11
salinity@015,2024,32.1
salinity@015,2024,32.09
salinity@015,2024,32.08
salinity@015,2024,32.06
salinity@015,2024,32.05
salinity@015,2024,32.04
salinity@015,2024,32.16
salinity@015,2024,32.15
salinity@015,2024,32.14
salinity@015,2024,32.13
salinity@015,2024,32.11
salinity@015,2024,32.1
salinity@015,2024,32.09
salinity@015,2024,32.08
salinity@015,2024,32.06
salinity@015,2024,32.05
salinity@015,2024,32.17
salinity@015,2024,32.16
salinity@015,2024,32.15
salinity@015,2024,32.14
salinity@015,2024,32.13
salinity@015,2024,32.11
salinity@015,2024,32.1
salinity@015,2024,32.09
salinity@015,2024,32.08
salinity@015,2024,32.06
salinity@015,2024,32.05
salinity@015,2024,32.17
salinity@015,2024,32.16
salinity@015,2024,32.15
salinity@015,2024,32.14
salinity@015,2024,32.13
salinity@015,2024,32.11
salinity@015,2024,32.1
salinity@015,2024,32.09
salinity@015,2024,32.08
salinity@015,2024,32.06
salinity@015,2024,32.19
salinity@015,2024,32.17
salinity@015,2024,32.16
salinity@015,2024,32.15
salinity@015,2024,32.14
salinity@015,2024,32.13
salinity@015,2024,32.11
salinity@015,2024,32.1
salinity@015,2024,32.09
salinity@015,2024,32.08
salinity@015,2024,32.06
salinity@015,2024,32.19
salinity@015,2024,32.17
salinity@015,2024,32.16
salinity@015,2024,32.15
salinity@015,2024,32.14
salinity@015,2024,32.13
salinity@015,2024,32.11
salinity@015,2024,32.1
salinity@015,2024,32.09
salinity@015,2024,32.08
salinity@015,2024,32.19
salinity@015,2024,32.17
salinity@015,2024,32.16
salinity@015,2024,32.15
salinity@015,2024,32.14
salinity@015,2024,32.13
salinity@015,2024,32.11
salinity@015,2024,32.1
salinity@015,2024,32.09
salinity@015,2024,32.08
salinity@015,2024,32.2
salinity@015,2024,32.19
salinity@015,2024,32.17
salinity@015,2024,32.16
salinity@015,2024,32.15
salinity@015,2024,32.14
salinity@015,2024,32.13
salinity@015,2024,32.11
salinity@015,2024,32.1
salinity@015,2024,32.09
salinity@015,2024,32.2
salinity@015,2024,32.19
salinity@015,2024,32.17
salinity@015,2024,32.16
salinity@015,2024,32.15
salinity@015,2024,32.14
salinity@015,2024,32.13
salinity@015,2024,32.11
salinity@015,2024,32.1
salinity@015,2024,32.09
salinity@015,2024,32.21
salinity@015,2024,32.2
salinity@015,2024,32.19
salinity@015,2024,32.17
salinity@015,2024,32.16
salinity@015,2024,32.15
salinity@015,2024,32.14
salinity@015,2024,32.13
salinity@015,2024,32.11
salinity@015,2024,32.1
salinity@015,2024,32.09
salinity@015,2024,32.21
salinity@015,2024,32.2
salinity@015,2024,32.19
salinity@015,2024,32.17
salinity@015,2024,32.16
salinity@015,2024,32.15
salinity@015,2024,32.14
salinity@015,2024,32.13
salinity@015,2024,32.11
salinity@015,2024,32.1
salinity@015,2024,32.21
salinity@015,2024,32.2
salinity@015,2024,32.19
salinity@015,2024,32.17
salinity@015,2024,32.16
salinity@015,2024,32.15
salinity@015,2024,32.14
salinity@015,2024,32.13
salinity@015,2024,32.11
salinity@015,2024,32.1
salinity@015,2024,32.22
salinity@015,2024,32.21
salinity@015,2024,32.2
salinity@015,2024,32.19
salinity@015,2024,32.17
salinity@015,2024,32.16
salinity@015,2024,32.15
salinity@015,2024,32.14
salinity@015,2024,32.13
salinity@015,2024,32.11
salinity@015,2024,32.1
salinity@015,2024,32.22
salinity@015,2024,32.21
salinity@015,2024,32.2
salinity@015,2024,32.19
salinity@015,2024,32.17
salinity@015,2024,32.16
salinity@015,2024,32.15
salinity@015,2024,32.14
salinity@015,2024,32.13
salinity@015,2024,32.11
salinity@015,2024,32.22
salinity@015,2024,32.21
salinity@015,2024,32.2
salinity@015,2024,32.19
salinity@015,2024,32.17
salinity@015,2024,32.16
salinity@015,2024,32.15
salinity@015,2024,32.14
salinity@015,2024,32.13
salinity@015,2024,32.11
salinity@015,2024,32.23
salinity@015,2024,32.22
salinity@015,2024,32.21
salinity@015,2024,32.2
salinity@015,2024,32.19
salinity@015,2024,32.17
salinity@015,2024,32.16
salinity@015,2024,32.15
salinity@015,2024,32.14
salinity@015,2024,32.13
salinity@015,2024,32.23
salinity@015,2024,32.22
salinity@015,2024,32.21
salinity@015,2024,32.2
salinity@015,2024,32.19
salinity@015,2024,32.17
salinity@015,2024,32.16
salinity@015,2024,32.15
salinity@015,2024,32.14
salinity@015,2024,32.13
salinity@015,2024,32.23
salinity@015,2024,32.22
salinity@015,2024,32.21
salinity@015,2024,32.2
salinity@015,2024,32.19
salinity@015,2024,32.17
salinity@015,2024,32.16
salinity@015,2024,32.15
salinity@015,2024,32.14
salinity@015,2024,32.13
salinity@015,2024,32.25
salinity@015,2024,32.23
salinity@015,2024,32.22
salinity@015,2024,32.21
salinity@015,2024,32.2
salinity@015,2024,32.19
salinity@015,2024,32.17
salinity@015,2024,32.16
salinity@015,2024,32.15
salinity@015,2024,32.14
salinity@015,2024,32.26
salinity@015,2024,32.25
salinity@015,2024,32.23
salinity@015,2024,32.22
salinity@015,2024,32.21
salinity@015,2024,32.2
salinity@015,2024,32.19
salinity@015,2024,32.17
salinity@015,2024,32.16
salinity@015,2024,32.15
salinity@015,2024,32.14
salinity@015,2024,32.26
salinity@015,2024,32.25
salinity@015,2024,32.23
salinity@015,2024,32.22
salinity@015,2024,32.21
salinity@015,2024,32.2
salinity@015,2024,32.19
salinity@015,2024,32.17
salinity@015,2024,32.16
salinity@015,2024,32.15
salinity@015,2024,32.14
salinity@015,2024,32.27
salinity@015,2024,32.26
salinity@015,2024,32.25
salinity@015,2024,32.23
salinity@015,2024,32.22
salinity@015,2024,32.21
salinity@015,2024,32.2
salinity@015,2024,32.19
salinity@015,2024,32.17
salinity@015,2024,32.16
salinity@015,2024,32.15
salinity@015,2024,32.27
salinity@015,2024,32.26
salinity@015,2024,32.25
salinity@015,2024,32.23
salinity@015,2024,32.22
salinity@015,2024,32.21
salinity@015,2024,32.2
salinity@015,2024,32.19
salinity@015,2024,32.17
salinity@015,2024,32.16
salinity@015,2024,32.15
salinity@015,2024,32.28
salinity@015,2024,32.27
salinity@015,2024,32.26
salinity@015,2024,32.25
salinity@015,2024,32.23
salinity@015,2024,32.22
salinity@015,2024,32.21
salinity@015,2024,32.2
salinity@015,2024,32.19
salinity@015,2024,32.17
salinity@015,2024,32.16
salinity@015,2024,32.29
salinity@015,2024,32.28
salinity@015,2024,32.27
salinity@015,2024,32.26
salinity@015,2024,32.25
salinity@015,2024,32.23
salinity@015,2024,32.22
salinity@015,2024,32.21
salinity@015,2024,32.2
salinity@015,2024,32.19
salinity@015,2024,32.17
salinity@015,2024,32.29
salinity@015,2024,32.28
salinity@015,2024,32.27
salinity@015,2024,32.26
salinity@015,2024,32.25
salinity@015,2024,32.23
salinity@015,2024,32.22
salinity@015,2024,32.21
salinity@015,2024,32.2
salinity@015,2024,32.19
salinity@015,2024,32.17
salinity@015,2024,32.31
salinity@015,2024,32.29
salinity@015,2024,32.28
salinity@015,2024,32.27
salinity@015,2024,32.26
salinity@015,2024,32.25
salinity@015,2024,32.23
salinity@015,2024,32.22
salinity@015,2024,32.21
salinity@015,2024,32.2
salinity@015,2024,32.19
salinity@015,2024,32.31
salinity@015,2024,32.29
salinity@015,2024,32.28
salinity@015,2024,32.27
salinity@015,2024,32.26
salinity@015,2024,32.25
salinity@015,2024,32.23
salinity@015,2024,32.22
salinity@015,2024,32.21
salinity@015,2024,32.2
salinity@015,2024,32.19
salinity@015,2024,32.32
salinity@015,2024,32.31
salinity@015,2024,32.29
salinity@015,2024,32.28
salinity@015,2024,32.27
salinity@015,2024,32.26
salinity@015,2024,32.25
salinity@015,2024,32.23
salinity@015,2024,32.22
salinity@015,2024,32.21
salinity@015,2024,32.2
salinity@015,2024,32.33
salinity@015,2024,32.32
salinity@015,2024,32.31
salinity@015,2024,32.29
salinity@015,2024,32.28
salinity@015,2024,32.27
salinity@015,2024,32.26
salinity@015,2024,32.25
salinity@015,2024,32.23
salinity@015,2024,32.22
salinity@015,2024,32.21
salinity@015,2024,32.33
salinity@015,2024,32.32
salinity@015,2024,32.31
salinity@015,2024,32.29
salinity@015,2024,32.28
salinity@015,2024,32.27
salinity@015,2024,32.26
salinity@015,2024,32.25
salinity@015,2024,32.23
salinity@015,2024,32.22
salinity@015,2024,32.21
salinity@015,2024,32.2
salinity@015,2024,32.33
salinity@015,2024,32.32
salinity@015,2024,32.31
salinity@015,2024,32.29
salinity@015,2024,32.28
salinity@015,2024,32.27
salinity@015,2024,32.26
salinity@015,2024,32.25
salinity@015,2024,32.23
salinity@015,2024,32.22
salinity@015,2024,32.21
salinity@015,2024,32.2
salinity@015,2024,32.19
salinity@015,2024,32.33
salinity@015,2024,32.32
salinity@015,2024,32.31
salinity@015,2024,32.29
salinity@015,2024,32.28
salinity@015,2024,32.27
salinity@015,2024,32.26
salinity@015,2024,32.25
salinity@015,2024,32.23
salinity@015,2024,32.22
salinity@015,2024,32.21
salinity@015,2024,32.2
salinity@015,2024,32.19
salinity@015,2024,32.17
salinity@015,2024,32.16
salinity@015,2024,32.33
salinity@015,2024,32.32
salinity@015,2024,32.31
salinity@015,2024,32.29
salinity@015,2024,32.28
salinity@015,2024,32.27
salinity@015,2024,32.26
salinity@015,2024,32.25
salinity@015,2024,32.23
salinity@015,2024,32.22
salinity@015,2024,32.21
salinity@015,2024,32.2
salinity@015,2024,32.19
salinity@015,2024,32.17
salinity@015,2024,32.16
salinity@015,2024,32.15
salinity@015,2024,32.14
salinity@015,2024,32.33
salinity@015,2024,32.32
salinity@015,2024,32.31
salinity@015,2024,32.29
salinity@015,2024,32.28
salinity@015,2024,32.27
salinity@015,2024,32.26
salinity@015,2024,32.25
salinity@015,2024,32.23
salinity@015,2024,32.22
salinity@015,2024,32.21
salinity@015,2024,32.2
salinity@015,2024,32.19
salinity@015,2024,32.17
salinity@015,2024,32.16
salinity@015,2024,32.15
salinity@015,2024,32.14
salinity@015,2024,32.13
salinity@015,2024,32.11
salinity@015,2024,32.32
salinity@015,2024,32.31
salinity@015,2024,32.29
salinity@015,2024,32.28
salinity@015,2024,32.27
salinity@015,2024,32.26
salinity@015,2024,32.25
salinity@015,2024,32.23
salinity@015,2024,32.22
salinity@015,2024,32.21
salinity@015,2024,32.2
salinity@015,2024,32.19
salinity@015,2024,32.17
salinity@015,2024,32.16
salinity@015,2024,32.15
salinity@015,2024,32.14
salinity@015,2024,32.13
salinity@015,2024,32.11
salinity@015,2024,32.1
salinity@015,2024,32.09
salinity@015,2024,32.29
salinity@015,2024,32.28
salinity@015,2024,32.27
salinity@015,2024,32.26
salinity@015,2024,32.25
salinity@015,2024,32.23
salinity@015,2024,32.22
salinity@015,2024,32.21
salinity@015,2024,32.2
salinity@015,2024,32.19
salinity@015,2024,32.17
salinity@015,2024,32.16
salinity@015,2024,32.15
salinity@015,2024,32.14
salinity@015,2024,32.13
salinity@015,2024,32.11
salinity@015,2024,32.1
salinity@015,2024,32.09
salinity@015,2024,32.08
salinity@015,2024,32.06
salinity@015,2024,32.27
salinity@015,2024,32.26
salinity@015,2024,32.25
salinity@015,2024,32.23
salinity@015,2024,32.22
salinity@015,2024,32.21
salinity@015,2024,32.2
salinity@015,2024,32.19
salinity@015,2024,32.17
salinity@015,2024,32.16
salinity@015,2024,32.15
salinity@015,2024,32.14
salinity@015,2024,32.13
salinity@015,2024,32.11
salinity@015,2024,32.1
salinity@015,2024,32.09
salinity@015,2024,32.08
salinity@015,2024,32.06
salinity@015,2024,32.05
salinity@015,2024,32.26
salinity@015,2024,32.25
salinity@015,2024,32.23
salinity@015,2024,32.22
salinity@015,2024,32.21
salinity@015,2024,32.2
salinity@015,2024,32.19
salinity@015,2024,32.17
salinity@015,2024,32.16
salinity@015,2024,32.15
salinity@015,2024,32.14
salinity@015,2024,32.13
salinity@015,2024,32.11
salinity@015,2024,32.1
salinity@015,2024,32.09
salinity@015,2024,32.08
salinity@015,2024,32.06
salinity@015,2024,32.05
salinity@015,2024,32.04
salinity@015,2024,32.03
salinity@015,2024,32.23
salinity@015,2024,32.22
salinity@015,2024,32.21
salinity@015,2024,32.2
salinity@015,2024,32.19
salinity@015,2024,32.17
salinity@015,2024,32.16
salinity@015,2024,32.15
salinity@015,2024,32.14
salinity@015,2024,32.13
salinity@015,2024,32.11
salinity@015,2024,32.1
salinity@015,2024,32.09
salinity@015,2024,32.08
salinity@015,2024,32.06
salinity@015,2024,32.05
salinity@015,2024,32.04
salinity@015,2024,32.03
salinity@015,2024,32.02
salinity@015,2024,32
salinity@015,2024,32.21
salinity@015,2024,32.2
salinity@015,2024,32.19
salinity@015,2024,32.17
salinity@015,2024,32.16
salinity@015,2024,32.15
salinity@015,2024,32.14
salinity@015,2024,32.13
salinity@015,2024,32.11
salinity@015,2024,32.1
salinity@015,2024,32.09
salinity@015,2024,32.08
salinity@015,2024,32.06
salinity@015,2024,32.05
salinity@015,2024,32.04
salinity@015,2024,32.03
salinity@015,2024,32.02
salinity@015,2024,32
salinity@015,2024,31.99
salinity@015,2024,31.98
salinity@015,2024,32.19
salinity@015,2024,32.17
salinity@015,2024,32.16
salinity@015,2024,32.15
salinity@015,2024,32.14
salinity@015,2024,32.13
salinity@015,2024,32.11
salinity@015,2024,32.1
salinity@015,2024,32.09
salinity@015,2024,32.08
salinity@015,2024,32.06
salinity@015,2024,32.05
salinity@015,2024,32.04
salinity@015,2024,32.03
salinity@015,2024,32.02
salinity@015,2024,32
salinity@015,2024,31.99
salinity@015,2024,31.98
salinity@015,2024,31.97
salinity@015,2024,32.16
salinity@015,2024,32.15
salinity@015,2024,32.14
salinity@015,2024,32.13
salinity@015,2024,32.11
salinity@015,2024,32.1
salinity@015,2024,32.09
salinity@015,2024,32.08
salinity@015,2024,32.06
salinity@015,2024,32.05
salinity@015,2024,32.04
salinity@015,2024,32.03
salinity@015,2024,32.02
salinity@015,2024,32
salinity@015,2024,31.99
salinity@015,2024,31.98
salinity@015,2024,31.97
salinity@015,2024,31.96
salinity@015,2024,32.14
salinity@015,2024,32.13
salinity@015,2024,32.11
salinity@015,2024,32.1
salinity@015,2024,32.09
salinity@015,2024,32.08
salinity@015,2024,32.06
salinity@015,2024,32.05
salinity@015,2024,32.04
salinity@015,2024,32.03
salinity@015,2024,32.02
salinity@015,2024,32
salinity@015,2024,31.99
salinity@015,2024,31.98
salinity@015,2024,31.97
salinity@015,2024,31.96
salinity@015,2024,31.94
salinity@015,2024,32.13
salinity@015,2024,32.11
salinity@015,2024,32.1
salinity@015,2024,32.09
salinity@015,2024,32.08
salinity@015,2024,32.06
salinity@015,2024,32.05
salinity@015,2024,32.04
salinity@015,2024,32.03
salinity@015,2024,32.02
salinity@015,2024,32
salinity@015,2024,31.99
salinity@015,2024,31.98
salinity@015,2024,31.97
salinity@015,2024,31.96
salinity@015,2024,31.94
salinity@015,2024,32.1
salinity@015,2024,32.09
salinity@015,2024,32.08
salinity@015,2024,32.06
salinity@015,2024,32.05
salinity@015,2024,32.04
salinity@015,2024,32.03
salinity@015,2024,32.02
salinity@015,2024,32
salinity@015,2024,31.99
salinity@015,2024,31.98
salinity@015,2024,31.97
salinity@015,2024,31.96
salinity@015,2024,31.94
salinity@015,2024,32.08
salinity@015,2024,32.06
salinity@015,2024,32.05
salinity@015,2024,32.04
salinity@015,2024,32.03
salinity@015,2024,32.02
salinity@015,2024,32
salinity@015,2024,31.99
salinity@015,2024,31.98
salinity@015,2024,31.97
salinity@015,2024,31.96
salinity@015,2024,31.94
salinity@015,2024,32.05
salinity@015,2024,32.04
salinity@015,2024,32.03
salinity@015,2024,32.02
salinity@015,2024,32
salinity@015,2024,31.99
salinity@015,2024,31.98
salinity@015,2024,31.97
salinity@015,2024,31.96
salinity@015,2024,31.94
salinity@015,2024,32.05
salinity@015,2024,32.04
salinity@015,2024,32.03
salinity@015,2024,32.02
salinity@015,2024,32
salinity@015,2024,31.99
salinity@015,2024,31.98
salinity@015,2024,31.97
salinity@015,2024,31.96
salinity@015,2024,32.06
salinity@015,2024,32.05
salinity@015,2024,32.04
salinity@015,2024,32.03
salinity@015,2024,32.02
salinity@015,2024,32
salinity@015,2024,31.99
salinity@015,2024,31.98
salinity@015,2024,31.97
salinity@015,2024,31.96
salinity@015,2024,32.06
salinity@015,2024,32.05
salinity@015,2024,32.04
salinity@015,2024,32.03
salinity@015,2024,32.02
salinity@015,2024,32
salinity@015,2024,31.99
salinity@015,2024,31.98
salinity@015,2024,31.97
salinity@015,2024,31.96
salinity@015,2024,32.06
salinity@015,2024,32.05
salinity@015,2024,32.04
salinity@015,2024,32.03
salinity@015,2024,32.02
salinity@015,2024,32
salinity@015,2024,31.99
salinity@015,2024,31.98
salinity@015,2024,31.97
salinity@015,2024,31.96
salinity@015,2024,32.06
salinity@015,2024,32.05
salinity@015,2024,32.04
salinity@015,2024,32.03
salinity@015,2024,32.02
salinity@015,2024,32
salinity@015,2024,31.99
salinity@015,2024,31.98
salinity@015,2024,31.97
salinity@015,2024,31.96
salinity@015,2024,32.08
salinity@015,2024,32.06
salinity@015,2024,32.05
salinity@015,2024,32.04
salinity@015,2024,32.03
salinity@015,2024,32.02
salinity@015,2024,32
salinity@015,2024,31.99
salinity@015,2024,31.98
salinity@015,2024,31.97
salinity@015,2024,32.08
salinity@015,2024,32.06
salinity@015,2024,32.05
salinity@015,2024,32.04
salinity@015,2024,32.03
salinity@015,2024,32.02
salinity@015,2024,32
salinity@015,2024,31.99
salinity@015,2024,31.98
salinity@015,2024,31.97
salinity@015,2024,32.09
salinity@015,2024,32.08
salinity@015,2024,32.06
salinity@015,2024,32.05
salinity@015,2024,32.04
salinity@015,2024,32.03
salinity@015,2024,32.02
salinity@015,2024,32
salinity@015,2024,31.99
salinity@015,2024,31.98
salinity@015,2024,31.97
salinity@015,2024,32.13
salinity@015,2024,32.11
salinity@015,2024,32.1
salinity@015,2024,32.09
salinity@015,2024,32.08
salinity@015,2024,32.06
salinity@015,2024,32.05
salinity@015,2024,32.04
salinity@015,2024,32.03
salinity@015,2024,32.02
salinity@015,2024,32
salinity@015,2024,31.99
salinity@015,2024,31.98
salinity@015,2024,31.97
salinity@015,2024,32.15
salinity@015,2024,32.14
salinity@015,2024,32.13
salinity@015,2024,32.11
salinity@015,2024,32.1
salinity@015,2024,32.09
salinity@015,2024,32.08
salinity@015,2024,32.06
salinity@015,2024,32.05
salinity@015,2024,32.04
salinity@015,2024,32.03
salinity@015,2024,32.02
salinity@015,2024,32
salinity@015,2024,31.99
salinity@015,2024,31.98
salinity@015,2024,32.17
salinity@015,2024,32.16
salinity@015,2024,32.15
salinity@015,2024,32.14
salinity@015,2024,32.13
salinity@015,2024,32.11
salinity@015,2024,32.1
salinity@015,2024,32.09
salinity@015,2024,32.08
salinity@015,2024,32.06
salinity@015,2024,32.05
salinity@015,2024,32.04
salinity@015,2024,32.03
salinity@015,2024,32.02
salinity@015,2024,32
salinity@015,2024,31.99
salinity@015,2024,31.98
salinity@015,2024,32.21
salinity@015,2024,32.2
salinity@015,2024,32.19
salinity@015,2024,32.17
salinity@015,2024,32.16
salinity@015,2024,32.15
salinity@015,2024,32.14
salinity@015,2024,32.13
salinity@015,2024,32.11
salinity@015,2024,32.1
salinity@015,2024,32.09
salinity@015,2024,32.08
salinity@015,2024,32.06
salinity@015,2024,32.05
salinity@015,2024,32.04
salinity@015,2024,32.03
salinity@015,2024,32.02
salinity@015,2024,32
salinity@015,2024,31.99
salinity@015,2024,31.98
salinity@015,2024,32.23
salinity@015,2024,32.22
salinity@015,2024,32.21
salinity@015,2024,32.2
salinity@015,2024,32.19
salinity@015,2024,32.17
salinity@015,2024,32.16
salinity@015,2024,32.15
salinity@015,2024,32.14
salinity@015,2024,32.13
salinity@015,2024,32.11
salinity@015,2024,32.1
salinity@015,2024,32.09
salinity@015,2024,32.08
salinity@015,2024,32.06
salinity@015,2024,32.05
salinity@015,2024,32.04
salinity@015,2024,32.03
salinity@015,2024,32.02
salinity@015,2024,32
salinity@015,2024,31.99
salinity@015,2024,32.26
salinity@015,2024,32.25
salinity@015,2024,32.23
salinity@015,2024,32.22
salinity@015,2024,32.21
salinity@015,2024,32.2
salinity@015,2024,32.19
salinity@015,2024,32.17
salinity@015,2024,32.16
salinity@015,2024,32.15
salinity@015,2024,32.14
salinity@015,2024,32.13
salinity@015,2024,32.11
salinity@015,2024,32.1
salinity@015,2024,32.09
salinity@015,2024,32.08
salinity@015,2024,32.06
salinity@015,2024,32.05
salinity@015,2024,32.04
salinity@015,2024,32.03
salinity@015,2024,32.02
salinity@015,2024,32
salinity@015,2024,31.99
salinity@015,2024,32.28
salinity@015,2024,32.27
salinity@015,2024,32.26
salinity@015,2024,32.25
salinity@015,2024,32.23
salinity@015,2024,32.22
salinity@015,2024,32.21
salinity@015,2024,32.2
salinity@015,2024,32.19
salinity@015,2024,32.17
salinity@015,2024,32.16
salinity@015,2024,32.15
salinity@015,2024,32.14
salinity@015,2024,32.13
salinity@015,2024,32.11
salinity@015,2024,32.1
salinity@015,2024,32.09
salinity@015,2024,32.08
salinity@015,2024,32.06
salinity@015,2024,32.05
salinity@015,2024,32.04
salinity@015,2024,32.03
salinity@015,2024,32.02
salinity@015,2024,32.32
salinity@015,2024,32.31
salinity@015,2024,32.29
salinity@015,2024,32.28
salinity@015,2024,32.27
salinity@015,2024,32.26
salinity@015,2024,32.25
salinity@015,2024,32.23
salinity@015,2024,32.22
salinity@015,2024,32.21
salinity@015,2024,32.2
salinity@015,2024,32.19
salinity@015,2024,32.17
salinity@015,2024,32.16
salinity@015,2024,32.15
salinity@015,2024,32.14
salinity@015,2024,32.13
salinity@015,2024,32.11
salinity@015,2024,32.1
salinity@015,2024,32.09
salinity@015,2024,32.08
salinity@015,2024,32.06
salinity@015,2024,32.05
salinity@015,2024,32.04
salinity@015,2024,32.34
salinity@015,2024,32.33
salinity@015,2024,32.32
salinity@015,2024,32.31
salinity@015,2024,32.29
salinity@015,2024,32.28
salinity@015,2024,32.27
salinity@015,2024,32.26
salinity@015,2024,32.25
salinity@015,2024,32.23
salinity@015,2024,32.22
salinity@015,2024,32.21
salinity@015,2024,32.2
salinity@015,2024,32.19
salinity@015,2024,32.17
salinity@015,2024,32.16
salinity@015,2024,32.15
salinity@015,2024,32.14
salinity@015,2024,32.13
salinity@015,2024,32.11
salinity@015,2024,32.1
salinity@015,2024,32.09
salinity@015,2024,32.08
salinity@015,2024,32.06
salinity@015,2024,32.37
salinity@015,2024,32.36
salinity@015,2024,32.34
salinity@015,2024,32.33
salinity@015,2024,32.32
salinity@015,2024,32.31
salinity@015,2024,32.29
salinity@015,2024,32.28
salinity@015,2024,32.27
salinity@015,2024,32.26
salinity@015,2024,32.25
salinity@015,2024,32.23
salinity@015,2024,32.22
salinity@015,2024,32.21
salinity@015,2024,32.2
salinity@015,2024,32.19
salinity@015,2024,32.17
salinity@015,2024,32.16
salinity@015,2024,32.15
salinity@015,2024,32.14
salinity@015,2024,32.13
salinity@015,2024,32.11
salinity@015,2024,32.1
salinity@015,2024,32.39
salinity@015,2024,32.38
salinity@015,2024,32.37
salinity@015,2024,32.36
salinity@015,2024,32.34
salinity@015,2024,32.33
salinity@015,2024,32.32
salinity@015,2024,32.31
salinity@015,2024,32.29
salinity@015,2024,32.28
salinity@015,2024,32.27
salinity@015,2024,32.26
salinity@015,2024,32.25
salinity@015,2024,32.23
salinity@015,2024,32.22
salinity@015,2024,32.21
salinity@015,2024,32.2
salinity@015,2024,32.19
salinity@015,2024,32.17
salinity@015,2024,32.16
salinity@015,2024,32.15
salinity@015,2024,32.14
salinity@015,2024,32.13
salinity@015,2024,32.42
salinity@015,2024,32.4
salinity@015,2024,32.39
salinity@015,2024,32.38
salinity@015,2024,32.37
salinity@015,2024,32.36
salinity@015,2024,32.34
salinity@015,2024,32.33
salinity@015,2024,32.32
salinity@015,2024,32.31
salinity@015,2024,32.29
salinity@015,2024,32.28
salinity@015,2024,32.27
salinity@015,2024,32.26
salinity@015,2024,32.25
salinity@015,2024,32.23
salinity@015,2024,32.22
salinity@015,2024,32.21
salinity@015,2024,32.2
salinity@015,2024,32.19
salinity@015,2024,32.17
salinity@015,2024,32.16
salinity@015,2024,32.15
salinity@015,2024,32.43
salinity@015,2024,32.42
salinity@015,2024,32.4
salinity@015,2024,32.39
salinity@015,2024,32.38
salinity@015,2024,32.37
salinity@015,2024,32.36
salinity@015,2024,32.34
salinity@015,2024,32.33
salinity@015,2024,32.32
salinity@015,2024,32.31
salinity@015,2024,32.29
salinity@015,2024,32.28
salinity@015,2024,32.27
salinity@015,2024,32.26
salinity@015,2024,32.25
salinity@015,2024,32.23
salinity@015,2024,32.22
salinity@015,2024,32.21
salinity@015,2024,32.2
salinity@015,2024,32.19
salinity@015,2024,31.07
salinity@015,2024,31.06
salinity@015,2024,31.05
salinity@015,2024,31.04
salinity@015,2024,32.44
salinity@015,2024,32.43
salinity@015,2024,32.42
salinity@015,2024,32.4
salinity@015,2024,32.39
salinity@015,2024,32.38
salinity@015,2024,32.37
salinity@015,2024,32.36
salinity@015,2024,32.34
salinity@015,2024,32.33
salinity@015,2024,32.32
salinity@015,2024,32.31
salinity@015,2024,32.29
salinity@015,2024,32.28
salinity@015,2024,32.27
salinity@015,2024,32.26
salinity@015,2024,32.25
salinity@015,2024,32.23
salinity@015,2024,32.22
salinity@015,2024,32.21
salinity@015,2024,31.07
salinity@015,2024,31.06
salinity@015,2024,31.05
salinity@015,2024,31.04
salinity@015,2024,32.44
salinity@015,2024,32.43
salinity@015,2024,32.42
salinity@015,2024,32.4
salinity@015,2024,32.39
salinity@015,2024,32.38
salinity@015,2024,32.37
salinity@015,2024,32.36
salinity@015,2024,32.34
salinity@015,2024,32.33
salinity@015,2024,32.32
salinity@015,2024,32.31
salinity@015,2024,32.29
salinity@015,2024,32.28
salinity@015,2024,32.27
salinity@015,2024,32.26
salinity@015,2024,32.25
salinity@015,2024,32.23
salinity@015,2024,31.07
salinity@015,2024,31.06
salinity@015,2024,31.05
salinity@015,2024,31.04
salinity@015,2024,32.44
salinity@015,2024,32.43
salinity@015,2024,32.42
salinity@015,2024,32.4
salinity@015,2024,32.39
salinity@015,2024,32.38
salinity@015,2024,32.37
salinity@015,2024,32.36
salinity@015,2024,32.34
salinity@015,2024,32.33
salinity@015,2024,32.32
salinity@015,2024,32.31
salinity@015,2024,32.29
salinity@015,2024,32.28
salinity@015,2024,32.27
salinity@015,2024,32.26
salinity@015,2024,31.07
salinity@015,2024,31.06
salinity@015,2024,31.05
salinity@015,2024,31.04
salinity@015,2024,32.43
salinity@015,2024,32.42
salinity@015,2024,32.4
salinity@015,2024,32.39
salinity@015,2024,32.38
salinity@015,2024,32.37
salinity@015,2024,32.36
salinity@015,2024,32.34
salinity@015,2024,32.33
salinity@015,2024,32.32
salinity@015,2024,32.31
salinity@015,2024,32.29
salinity@015,2024,32.28
salinity@015,2024,31.07
salinity@015,2024,31.06
salinity@015,2024,31.05
salinity@015,2024,31.04
salinity@015,2024,32.42
salinity@015,2024,32.4
salinity@015,2024,32.39
salinity@015,2024,32.38
salinity@015,2024,32.37
salinity@015,2024,32.36
salinity@015,2024,32.34
salinity@015,2024,32.33
salinity@015,2024,32.32
salinity@015,2024,32.31
salinity@015,2024,32.29
salinity@015,2024,32.28
salinity@015,2024,32.27
salinity@015,2024,31.07
salinity@015,2024,31.06
salinity@015,2024,31.05
salinity@015,2024,31.04
salinity@015,2024,32.4
salinity@015,2024,32.39
salinity@015,2024,32.38
salinity@015,2024,32.37
salinity@015,2024,32.36
salinity@015,2024,32.34
salinity@015,2024,32.33
salinity@015,2024,32.32
salinity@015,2024,32.31
salinity@015,2024,32.29
salinity@015,2024,32.28
salinity@015,2024,32.27
salinity@015,2024,32.26
salinity@015,2024,31.07
salinity@015,2024,31.06
salinity@015,2024,31.05
salinity@015,2024,31.04
salinity@015,2024,32.39
salinity@015,2024,32.38
salinity@015,2024,32.37
salinity@015,2024,32.36
salinity@015,2024,32.34
salinity@015,2024,32.33
salinity@015,2024,32.32
salinity@015,2024,32.31
salinity@015,2024,32.29
salinity@015,2024,32.28
salinity@015,2024,32.27
salinity@015,2024,32.26
salinity@015,2024,32.25
salinity@015,2024,31.07
salinity@015,2024,31.06
salinity@015,2024,31.05
salinity@015,2024,31.04
salinity@015,2024,32.38
salinity@015,2024,32.37
salinity@015,2024,32.36
salinity@015,2024,32.34
salinity@015,2024,32.33
salinity@015,2024,32.32
salinity@015,2024,32.31
salinity@015,2024,32.29
salinity@015,2024,32.28
salinity@015,2024,32.27
salinity@015,2024,32.26
salinity@015,2024,32.25
salinity@015,2024,32.23
salinity@015,2024,31.07
salinity@015,2024,31.06
salinity@015,2024,31.05
salinity@015,2024,31.04
salinity@015,2024,32.37
salinity@015,2024,32.36
salinity@015,2024,32.34
salinity@015,2024,32.33
salinity@015,2024,32.32
salinity@015,2024,32.31
salinity@015,2024,32.29
salinity@015,2024,32.28
salinity@015,2024,32.27
salinity@015,2024,32.26
salinity@015,2024,32.25
salinity@015,2024,32.23
salinity@015,2024,32.22
salinity@015,2024,31.07
salinity@015,2024,31.06
salinity@015,2024,31.05
salinity@015,2024,31.04
salinity@015,2024,32.36
salinity@015,2024,32.34
salinity@015,2024,32.33
salinity@015,2024,32.32
salinity@015,2024,32.31
salinity@015,2024,32.29
salinity@015,2024,32.28
salinity@015,2024,32.27
salinity@015,2024,32.26
salinity@015,2024,32.25
salinity@015,2024,32.23
salinity@015,2024,32.22
salinity@015,2024,32.21
salinity@015,2024,32.2
salinity@015,2024,31.07
salinity@015,2024,31.06
salinity@015,2024,31.05
salinity@015,2024,31.04
salinity@015,2024,32.36
salinity@015,2024,32.34
salinity@015,2024,32.33
salinity@015,2024,32.32
salinity@015,2024,32.31
salinity@015,2024,32.29
salinity@015,2024,32.28
salinity@015,2024,32.27
salinity@015,2024,32.26
salinity@015,2024,32.25
salinity@015,2024,32.23
salinity@015,2024,32.22
salinity@015,2024,32.21
salinity@015,2024,32.2
salinity@015,2024,32.19
salinity@015,2024,31.07
salinity@015,2024,31.06
salinity@015,2024,31.05
salinity@015,2024,31.04
salinity@015,2024,32.33
salinity@015,2024,32.32
salinity@015,2024,32.31
salinity@015,2024,32.29
salinity@015,2024,32.28
salinity@015,2024,32.27
salinity@015,2024,32.26
salinity@015,2024,32.25
salinity@015,2024,32.23
salinity@015,2024,32.22
salinity@015,2024,32.21
salinity@015,2024,32.2
salinity@015,2024,32.19
salinity@015,2024,32.17
salinity@015,2024,31.07
salinity@015,2024,31.06
salinity@015,2024,31.05
salinity@015,2024,31.04
salinity@015,2024,32.32
salinity@015,2024,32.31
salinity@015,2024,32.29
salinity@015,2024,32.28
salinity@015,2024,32.27
salinity@015,2024,32.26
salinity@015,2024,32.25
salinity@015,2024,32.23
salinity@015,2024,32.22
salinity@015,2024,32.21
salinity@015,2024,32.2
salinity@015,2024,32.19
salinity@015,2024,32.17
salinity@015,2024,32.16
salinity@015,2024,32.15
salinity@015,2024,32.14
salinity@015,2024,31.07
salinity@015,2024,31.06
salinity@015,2024,31.05
salinity@015,2024,31.04
salinity@015,2024,32.31
salinity@015,2024,32.29
salinity@015,2024,32.28
salinity@015,2024,32.27
salinity@015,2024,32.26
salinity@015,2024,32.25
salinity@015,2024,32.23
salinity@015,2024,32.22
salinity@015,2024,32.21
salinity@015,2024,32.2
salinity@015,2024,32.19
salinity@015,2024,32.17
salinity@015,2024,32.16
salinity@015,2024,32.15
salinity@015,2024,32.14
salinity@015,2024,32.13
salinity@015,2024,32.11
salinity@015,2024,31.07
salinity@015,2024,31.06
salinity@015,2024,31.05
salinity@015,2024,31.04
salinity@015,2024,32.29
salinity@015,2024,32.28
salinity@015,2024,32.27
salinity@015,2024,32.26
salinity@015,2024,32.25
salinity@015,2024,32.23
salinity@015,2024,32.22
salinity@015,2024,32.21
salinity@015,2024,32.2
salinity@015,2024,32.19
salinity@015,2024,32.17
salinity@015,2024,32.16
salinity@015,2024,32.15
salinity@015,2024,32.14
salinity@015,2024,32.13
salinity@015,2024,32.11
salinity@015,2024,32.1
salinity@015,2024,32.09
salinity@015,2024,32.08
salinity@015,2024,31.07
salinity@015,2024,31.06
salinity@015,2024,31.05
salinity@015,2024,31.04
salinity@015,2024,32.28
salinity@015,2024,32.27
salinity@015,2024,32.26
salinity@015,2024,32.25
salinity@015,2024,32.23
salinity@015,2024,32.22
salinity@015,2024,32.21
salinity@015,2024,32.2
salinity@015,2024,32.19
salinity@015,2024,32.17
salinity@015,2024,32.16
salinity@015,2024,32.15
salinity@015,2024,32.14
salinity@015,2024,32.13
salinity@015,2024,32.11
salinity@015,2024,32.1
salinity@015,2024,32.09
salinity@015,2024,32.08
salinity@015,2024,32.06
salinity@015,2024,32.05
salinity@015,2024,31.07
salinity@015,2024,31.06
salinity@015,2024,31.05
salinity@015,2024,31.04
salinity@015,2024,32.27
salinity@015,2024,32.26
salinity@015,2024,32.25
salinity@015,2024,32.23
salinity@015,2024,32.22
salinity@015,2024,32.21
salinity@015,2024,32.2
salinity@015,2024,32.19
salinity@015,2024,32.17
salinity@015,2024,32.16
salinity@015,2024,32.15
salinity@015,2024,32.14
salinity@015,2024,32.13
salinity@015,2024,32.11
salinity@015,2024,32.1
salinity@015,2024,32.09
salinity@015,2024,32.08
salinity@015,2024,32.06
salinity@015,2024,32.05
salinity@015,2024,32.04
salinity@015,2024,32.03
salinity@015,2024,32.02
salinity@015,2024,31.07
salinity@015,2024,31.06
salinity@015,2024,31.05
salinity@015,2024,31.04
salinity@015,2024,29.05
salinity@015,2024,29.04
salinity@015,2024,29.03
salinity@015,2024,29.02
salinity@015,2024,32.26
salinity@015,2024,32.25
salinity@015,2024,32.23
salinity@015,2024,32.22
salinity@015,2024,32.21
salinity@015,2024,32.2
salinity@015,2024,32.19
salinity@015,2024,32.17
salinity@015,2024,32.16
salinity@015,2024,32.15
salinity@015,2024,32.14
salinity@015,2024,32.13
salinity@015,2024,32.11
salinity@015,2024,32.1
salinity@015,2024,32.09
salinity@015,2024,32.08
salinity@015,2024,32.06
salinity@015,2024,32.05
salinity@015,2024,32.04
salinity@015,2024,32.03
salinity@015,2024,32.02
salinity@015,2024,32
salinity@015,2024,31.99
salinity@015,2024,31.07
salinity@015,2024,31.06
salinity@015,2024,31.05
salinity@015,2024,31.04
salinity@015,2024,29.05
salinity@015,2024,29.04
salinity@015,2024,29.03
salinity@015,2024,29.02
salinity@015,2024,32.25
salinity@015,2024,32.23
salinity@015,2024,32.22
salinity@015,2024,32.21
salinity@015,2024,32.2
salinity@015,2024,32.19
salinity@015,2024,32.17
salinity@015,2024,32.16
salinity@015,2024,32.15
salinity@015,2024,32.14
salinity@015,2024,32.13
salinity@015,2024,32.11
salinity@015,2024,32.1
salinity@015,2024,32.09
salinity@015,2024,32.08
salinity@015,2024,32.06
salinity@015,2024,32.05
salinity@015,2024,32.04
salinity@015,2024,32.03
salinity@015,2024,32.02
salinity@015,2024,32
salinity@015,2024,31.99
salinity@015,2024,31.98
salinity@015,2024,31.97
salinity@015,2024,31.96
salinity@015,2024,31.07
salinity@015,2024,31.06
salinity@015,2024,31.05
salinity@015,2024,31.04
salinity@015,2024,29.05
salinity@015,2024,29.04
salinity@015,2024,29.03
salinity@015,2024,29.02
salinity@015,2024,32.22
salinity@015,2024,32.21
salinity@015,2024,32.2
salinity@015,2024,32.19
salinity@015,2024,32.17
salinity@015,2024,32.16
salinity@015,2024,32.15
salinity@015,2024,32.14
salinity@015,2024,32.13
salinity@015,2024,32.11
salinity@015,2024,32.1
salinity@015,2024,32.09
salinity@015,2024,32.08
salinity@015,2024,32.06
salinity@015,2024,32.05
salinity@015,2024,32.04
salinity@015,2024,32.03
salinity@015,2024,32.02
salinity@015,2024,32
salinity@015,2024,31.99
salinity@015,2024,31.98
salinity@015,2024,31.97
salinity@015,2024,31.96
salinity@015,2024,31.94
salinity@015,2024,31.93
salinity@015,2024,31.07
salinity@015,2024,31.06
salinity@015,2024,31.05
salinity@015,2024,31.04
salinity@015,2024,29.05
salinity@015,2024,29.04
salinity@015,2024,29.03
salinity@015,2024,29.02
salinity@015,2024,32.2
salinity@015,2024,32.19
salinity@015,2024,32.17
salinity@015,2024,32.16
salinity@015,2024,32.15
salinity@015,2024,32.14
salinity@015,2024,32.13
salinity@015,2024,32.11
salinity@015,2024,32.1
salinity@015,2024,32.09
salinity@015,2024,32.08
salinity@015,2024,32.06
salinity@015,2024,32.05
salinity@015,2024,32.04
salinity@015,2024,32.03
salinity@015,2024,32.02
salinity@015,2024,32
salinity@015,2024,31.99
salinity@015,2024,31.98
salinity@015,2024,31.97
salinity@015,2024,31.96
salinity@015,2024,31.94
salinity@015,2024,31.93
salinity@015,2024,31.92
salinity@015,2024,31.91
salinity@015,2024,31.9
salinity@015,2024,31.07
salinity@015,2024,31.06
salinity@015,2024,31.05
salinity@015,2024,31.04
salinity@015,2024,29.05
salinity@015,2024,29.04
salinity@015,2024,29.03
salinity@015,2024,29.02
salinity@015,2024,32.16
salinity@015,2024,32.15
salinity@015,2024,32.14
salinity@015,2024,32.13
salinity@015,2024,32.11
salinity@015,2024,32.1
salinity@015,2024,32.09
salinity@015,2024,32.08
salinity@015,2024,32.06
salinity@015,2024,32.05
salinity@015,2024,32.04
salinity@015,2024,32.03
salinity@015,2024,32.02
salinity@015,2024,32
salinity@015,2024,31.99
salinity@015,2024,31.98
salinity@015,2024,31.97
salinity@015,2024,31.96
salinity@015,2024,31.94
salinity@015,2024,31.93
salinity@015,2024,31.92
salinity@015,2024,31.91
salinity@015,2024,31.9
salinity@015,2024,31.88
salinity@015,2024,31.87
salinity@015,2024,31.07
salinity@015,2024,31.06
salinity@015,2024,31.05
salinity@015,2024,31.04
salinity@015,2024,29.05
salinity@015,2024,29.04
salinity@015,2024,29.03
salinity@015,2024,29.02
salinity@015,2024,32.14
salinity@015,2024,32.13
salinity@015,2024,32.11
salinity@015,2024,32.1
salinity@015,2024,32.09
salinity@015,2024,32.08
salinity@015,2024,32.06
salinity@015,2024,32.05
salinity@015,2024,32.04
salinity@015,2024,32.03
salinity@015,2024,32.02
salinity@015,2024,32
salinity@015,2024,31.99
salinity@015,2024,31.98
salinity@015,2024,31.97
salinity@015,2024,31.96
salinity@015,2024,31.94
salinity@015,2024,31.93
salinity@015,2024,31.92
salinity@015,2024,31.91
salinity@015,2024,31.9
salinity@015,2024,31.88
salinity@015,2024,31.87
salinity@015,2024,31.86
salinity@015,2024,31.85
salinity@015,2024,31.07
salinity@015,2024,31.06
salinity@015,2024,31.05
salinity@015,2024,31.04
salinity@015,2024,29.05
salinity@015,2024,29.04
salinity@015,2024,29.03
salinity@015,2024,29.02
salinity@015,2024,32.11
salinity@015,2024,32.1
salinity@015,2024,32.09
salinity@015,2024,32.08
salinity@015,2024,32.06
salinity@015,2024,32.05
salinity@015,2024,32.04
salinity@015,2024,32.03
salinity@015,2024,32.02
salinity@015,2024,32
salinity@015,2024,31.99
salinity@015,2024,31.98
salinity@015,2024,31.97
salinity@015,2024,31.96
salinity@015,2024,31.94
salinity@015,2024,31.93
salinity@015,2024,31.92
salinity@015,2024,31.91
salinity@015,2024,31.9
salinity@015,2024,31.88
salinity@015,2024,31.87
salinity@015,2024,31.86
salinity@015,2024,31.85
salinity@015,2024,31.84
salinity@015,2024,31.82
salinity@015,2024,31.81
salinity@015,2024,31.07
salinity@015,2024,31.06
salinity@015,2024,31.05
salinity@015,2024,31.04
salinity@015,2024,29.05
salinity@015,2024,29.04
salinity@015,2024,29.03
salinity@015,2024,29.02
salinity@015,2024,32.08
salinity@015,2024,32.06
salinity@015,2024,32.05
salinity@015,2024,32.04
salinity@015,2024,32.03
salinity@015,2024,32.02
salinity@015,2024,32
salinity@015,2024,31.99
salinity@015,2024,31.98
salinity@015,2024,31.97
salinity@015,2024,31.96
salinity@015,2024,31.94
salinity@015,2024,31.93
salinity@015,2024,31.92
salinity@015,2024,31.91
salinity@015,2024,31.9
salinity@015,2024,31.88
salinity@015,2024,31.87
salinity@015,2024,31.86
salinity@015,2024,31.85
salinity@015,2024,31.84
salinity@015,2024,31.82
salinity@015,2024,31.81
salinity@015,2024,31.8
salinity@015,2024,31.79
salinity@015,2024,31.77
salinity@015,2024,31.76
salinity@015,2024,31.75
salinity@015,2024,31.74
salinity@015,2024,31.73
salinity@015,2024,31.71
salinity@015,2024,31.7
salinity@015,2024,31.69
salinity@015,2024,31.68
salinity@015,2024,31.67
salinity@015,2024,31.65
salinity@015,2024,31.64
salinity@015,2024,31.63
salinity@015,2024,31.62
salinity@015,2024,31.61
salinity@015,2024,31.59
salinity@015,2024,31.58
salinity@015,2024,31.57
salinity@015,2024,31.07
salinity@015,2024,31.06
salinity@015,2024,31.05
salinity@015,2024,31.04
salinity@015,2024,29.05
salinity@015,2024,29.04
salinity@015,2024,29.03
salinity@015,2024,29.02
salinity@015,2024,32.05
salinity@015,2024,32.04
salinity@015,2024,32.03
salinity@015,2024,32.02
salinity@015,2024,32
salinity@015,2024,31.99
salinity@015,2024,31.98
salinity@015,2024,31.97
salinity@015,2024,31.96
salinity@015,2024,31.94
salinity@015,2024,31.93
salinity@015,2024,31.92
salinity@015,2024,31.91
salinity@015,2024,31.9
salinity@015,2024,31.88
salinity@015,2024,31.87
salinity@015,2024,31.86
salinity@015,2024,31.85
salinity@015,2024,31.84
salinity@015,2024,31.82
salinity@015,2024,31.81
salinity@015,2024,31.8
salinity@015,2024,31.79
salinity@015,2024,31.77
salinity@015,2024,31.76
salinity@015,2024,31.75
salinity@015,2024,31.74
salinity@015,2024,31.73
salinity@015,2024,31.71
salinity@015,2024,31.7
salinity@015,2024,31.69
salinity@015,2024,31.68
salinity@015,2024,31.67
salinity@015,2024,31.65
salinity@015,2024,31.64
salinity@015,2024,31.63
salinity@015,2024,31.62
salinity@015,2024,31.61
salinity@015,2024,31.59
salinity@015,2024,31.58
salinity@015,2024,31.57
salinity@015,2024,31.56
salinity@015,2024,31.54
salinity@015,2024,31.53
salinity@015,2024,31.52
salinity@015,2024,31.51
salinity@015,2024,31.5
salinity@015,2024,31.48
salinity@015,2024,31.47
salinity@015,2024,31.46
salinity@015,2024,31.45
salinity@015,2024,31.44
salinity@015,2024,31.42
salinity@015,2024,31.41
salinity@015,2024,31.4
salinity@015,2024,31.39
salinity@015,2024,31.38
salinity@015,2024,31.36
salinity@015,2024,31.35
salinity@015,2024,31.34
salinity@015,2024,31.33
salinity@015,2024,31.32
salinity@015,2024,31.3
salinity@015,2024,31.29
salinity@015,2024,31.28
salinity@015,2024,31.27
salinity@015,2024,31.25
salinity@015,2024,31.24
salinity@015,2024,31.23
salinity@015,2024,31.22
salinity@015,2024,31.07
salinity@015,2024,31.06
salinity@015,2024,31.05
salinity@015,2024,31.04
salinity@015,2024,29.05
salinity@015,2024,29.04
salinity@015,2024,29.03
salinity@015,2024,29.02
salinity@015,2024,32.02
salinity@015,2024,32
salinity@015,2024,31.99
salinity@015,2024,31.98
salinity@015,2024,31.97
salinity@015,2024,31.96
salinity@015,2024,31.94
salinity@015,2024,31.93
salinity@015,2024,31.92
salinity@015,2024,31.91
salinity@015,2024,31.9
salinity@015,2024,31.88
salinity@015,2024,31.87
salinity@015,2024,31.86
salinity@015,2024,31.85
salinity@015,2024,31.84
salinity@015,2024,31.82
salinity@015,2024,31.81
salinity@015,2024,31.8
salinity@015,2024,31.79
salinity@015,2024,31.77
salinity@015,2024,31.76
salinity@015,2024,31.75
salinity@015,2024,31.74
salinity@015,2024,31.73
salinity@015,2024,31.71
salinity@015,2024,31.7
salinity@015,2024,31.69
salinity@015,2024,31.68
salinity@015,2024,31.67
salinity@015,2024,31.65
salinity@015,2024,31.64
salinity@015,2024,31.63
salinity@015,2024,31.62
salinity@015,2024,31.61
salinity@015,2024,31.59
salinity@015,2024,31.58
salinity@015,2024,31.57
salinity@015,2024,31.56
salinity@015,2024,31.54
salinity@015,2024,31.53
salinity@015,2024,31.52
salinity@015,2024,31.51
salinity@015,2024,31.5
salinity@015,2024,31.48
salinity@015,2024,31.47
salinity@015,2024,31.46
salinity@015,2024,31.45
salinity@015,2024,31.44
salinity@015,2024,31.42
salinity@015,2024,31.41
salinity@015,2024,31.4
salinity@015,2024,31.39
salinity@015,2024,31.38
salinity@015,2024,31.36
salinity@015,2024,31.35
salinity@015,2024,31.34
salinity@015,2024,31.33
salinity@015,2024,31.32
salinity@015,2024,31.3
salinity@015,2024,31.29
salinity@015,2024,31.28
salinity@015,2024,31.27
salinity@015,2024,31.25
salinity@015,2024,31.24
salinity@015,2024,31.23
salinity@015,2024,31.22
salinity@015,2024,31.21
salinity@015,2024,31.19
salinity@015,2024,31.18
salinity@015,2024,31.17
salinity@015,2024,31.16
salinity@015,2024,31.15
salinity@015,2024,31.13
salinity@015,2024,31.12
salinity@015,2024,31.11
salinity@015,2024,31.1
salinity@015,2024,31.09
salinity@015,2024,31.07
salinity@015,2024,31.06
salinity@015,2024,31.05
salinity@015,2024,31.04
salinity@015,2024,31.02
salinity@015,2024,31.01
salinity@015,2024,31
salinity@015,2024,30.99
salinity@015,2024,30.98
salinity@015,2024,30.96
salinity@015,2024,30.95
salinity@015,2024,30.94
salinity@015,2024,30.93
salinity@015,2024,30.92
salinity@015,2024,30.9
salinity@015,2024,30.89
salinity@015,2024,30.88
salinity@015,2024,30.87
salinity@015,2024,29.05
salinity@015,2024,29.04
salinity@015,2024,29.03
salinity@015,2024,29.02
salinity@015,2024,31.99
salinity@015,2024,31.98
salinity@015,2024,31.97
salinity@015,2024,31.96
salinity@015,2024,31.94
salinity@015,2024,31.93
salinity@015,2024,31.92
salinity@015,2024,31.91
salinity@015,2024,31.9
salinity@015,2024,31.88
salinity@015,2024,31.87
salinity@015,2024,31.86
salinity@015,2024,31.85
salinity@015,2024,31.84
salinity@015,2024,31.82
salinity@015,2024,31.81
salinity@015,2024,31.8
salinity@015,2024,31.79
salinity@015,2024,31.77
salinity@015,2024,31.76
salinity@015,2024,31.75
salinity@015,2024,31.74
salinity@015,2024,31.73
salinity@015,2024,31.71
salinity@015,2024,31.7
salinity@015,2024,31.69
salinity@015,2024,31.68
salinity@015,2024,31.67
salinity@015,2024,31.65
salinity@015,2024,31.64
salinity@015,2024,31.63
salinity@015,2024,31.62
salinity@015,2024,31.61
salinity@015,2024,31.59
salinity@015,2024,31.58
salinity@015,2024,31.57
salinity@015,2024,31.56
salinity@015,2024,31.54
salinity@015,2024,31.53
salinity@015,2024,31.52
salinity@015,2024,31.51
salinity@015,2024,31.5
salinity@015,2024,31.48
salinity@015,2024,31.47
salinity@015,2024,31.46
salinity@015,2024,31.45
salinity@015,2024,31.44
salinity@015,2024,31.42
salinity@015,2024,31.41
salinity@015,2024,31.4
salinity@015,2024,31.39
salinity@015,2024,31.38
salinity@015,2024,31.36
salinity@015,2024,31.35
salinity@015,2024,31.34
salinity@015,2024,31.33
salinity@015,2024,31.32
salinity@015,2024,31.3
salinity@015,2024,31.29
salinity@015,2024,31.28
salinity@015,2024,31.27
salinity@015,2024,31.25
salinity@015,2024,31.24
salinity@015,2024,31.23
salinity@015,2024,31.22
salinity@015,2024,31.21
salinity@015,2024,31.19
salinity@015,2024,31.18
salinity@015,2024,31.17
salinity@015,2024,31.16
salinity@015,2024,31.15
salinity@015,2024,31.13
salinity@015,2024,31.12
salinity@015,2024,31.11
salinity@015,2024,31.1
salinity@015,2024,31.09
salinity@015,2024,31.07
salinity@015,2024,31.06
salinity@015,2024,31.05
salinity@015,2024,31.04
salinity@015,2024,31.02
salinity@015,2024,31.01
salinity@015,2024,31
salinity@015,2024,30.99
salinity@015,2024,30.98
salinity@015,2024,30.96
salinity@015,2024,30.95
salinity@015,2024,30.94
salinity@015,2024,30.93
salinity@015,2024,30.92
salinity@015,2024,30.9
salinity@015,2024,30.89
salinity@015,2024,30.88
salinity@015,2024,30.87
salinity@015,2024,30.86
salinity@015,2024,30.84
salinity@015,2024,30.83
salinity@015,2024,30.82
salinity@015,2024,30.81
salinity@015,2024,30.8
salinity@015,2024,30.78
salinity@015,2024,30.77
salinity@015,2024,30.76
salinity@015,2024,30.75
salinity@015,2024,30.73
salinity@015,2024,30.72
salinity@015,2024,30.71
salinity@015,2024,30.7
salinity@015,2024,30.69
salinity@015,2024,30.67
salinity@015,2024,30.66
salinity@015,2024,30.65
salinity@015,2024,30.64
salinity@015,2024,30.63
salinity@015,2024,30.61
salinity@015,2024,30.6
salinity@015,2024,30.59
salinity@015,2024,30.58
salinity@015,2024,30.57
salinity@015,2024,30.55
salinity@015,2024,30.54
salinity@015,2024,30.53
salinity@015,2024,30.52
salinity@015,2024,29.05
salinity@015,2024,29.04
salinity@015,2024,29.03
salinity@015,2024,29.02
salinity@015,2024,26.99
salinity@015,2024,26.97
salinity@015,2024,26.96
salinity@015,2024,26.95
salinity@015,2024,31.96
salinity@015,2024,31.94
salinity@015,2024,31.93
salinity@015,2024,31.92
salinity@015,2024,31.91
salinity@015,2024,31.9
salinity@015,2024,31.88
salinity@015,2024,31.87
salinity@015,2024,31.86
salinity@015,2024,31.85
salinity@015,2024,31.84
salinity@015,2024,31.82
salinity@015,2024,31.81
salinity@015,2024,31.8
salinity@015,2024,31.79
salinity@015,2024,31.77
salinity@015,2024,31.76
salinity@015,2024,31.75
salinity@015,2024,31.74
salinity@015,2024,31.73
salinity@015,2024,31.71
salinity@015,2024,31.7
salinity@015,2024,31.69
salinity@015,2024,31.68
salinity@015,2024,31.67
salinity@015,2024,31.65
salinity@015,2024,31.64
salinity@015,2024,31.63
salinity@015,2024,31.62
salinity@015,2024,31.61
salinity@015,2024,31.59
salinity@015,2024,31.58
salinity@015,2024,31.57
salinity@015,2024,31.56
salinity@015,2024,31.54
salinity@015,2024,31.53
salinity@015,2024,31.52
salinity@015,2024,31.51
salinity@015,2024,31.5
salinity@015,2024,31.48
salinity@015,2024,31.47
salinity@015,2024,31.46
salinity@015,2024,31.45
salinity@015,2024,31.44
salinity@015,2024,31.42
salinity@015,2024,31.41
salinity@015,2024,31.4
salinity@015,2024,31.39
salinity@015,2024,31.38
salinity@015,2024,31.36
salinity@015,2024,31.35
salinity@015,2024,31.34
salinity@015,2024,31.33
salinity@015,2024,31.32
salinity@015,2024,31.3
salinity@015,2024,31.29
salinity@015,2024,31.28
salinity@015,2024,31.27
salinity@015,2024,31.25
salinity@015,2024,31.24
salinity@015,2024,31.23
salinity@015,2024,31.22
salinity@015,2024,31.21
salinity@015,2024,31.19
salinity@015,2024,31.18
salinity@015,2024,31.17
salinity@015,2024,31.16
salinity@015,2024,31.15
salinity@015,2024,31.13
salinity@015,2024,31.12
salinity@015,2024,31.11
salinity@015,2024,31.1
salinity@015,2024,31.09
salinity@015,2024,31.07
salinity@015,2024,31.06
salinity@015,2024,31.05
salinity@015,2024,31.04
salinity@015,2024,31.02
salinity@015,2024,31.01
salinity@015,2024,31
salinity@015,2024,30.99
salinity@015,2024,30.98
salinity@015,2024,30.96
salinity@015,2024,30.95
salinity@015,2024,30.94
salinity@015,2024,30.93
salinity@015,2024,30.92
salinity@015,2024,30.9
salinity@015,2024,30.89
salinity@015,2024,30.88
salinity@015,2024,30.87
salinity@015,2024,30.86
salinity@015,2024,30.84
salinity@015,2024,30.83
salinity@015,2024,30.82
salinity@015,2024,30.81
salinity@015,2024,30.8
salinity@015,2024,30.78
salinity@015,2024,30.77
salinity@015,2024,30.76
salinity@015,2024,30.75
salinity@015,2024,30.73
salinity@015,2024,30.72
salinity@015,2024,30.71
salinity@015,2024,30.7
salinity@015,2024,30.69
salinity@015,2024,30.67
salinity@015,2024,30.66
salinity@015,2024,30.65
salinity@015,2024,30.64
salinity@015,2024,30.63
salinity@015,2024,30.61
salinity@015,2024,30.6
salinity@015,2024,30.59
salinity@015,2024,30.58
salinity@015,2024,30.57
salinity@015,2024,30.55
salinity@015,2024,30.54
salinity@015,2024,30.53
salinity@015,2024,30.52
salinity@015,2024,30.51
salinity@015,2024,30.49
salinity@015,2024,30.48
salinity@015,2024,30.47
salinity@015,2024,30.46
salinity@015,2024,30.44
salinity@015,2024,30.43
salinity@015,2024,30.42
salinity@015,2024,30.41
salinity@015,2024,30.4
salinity@015,2024,30.38
salinity@015,2024,30.37
salinity@015,2024,30.36
salinity@015,2024,30.35
salinity@015,2024,30.34
salinity@015,2024,30.32
salinity@015,2024,30.31
salinity@015,2024,30.3
salinity@015,2024,30.29
salinity@015,2024,30.28
salinity@015,2024,30.26
salinity@015,2024,30.25
salinity@015,2024,30.24
salinity@015,2024,30.23
salinity@015,2024,30.21
salinity@015,2024,30.2
salinity@015,2024,30.19
salinity@015,2024,30.18
salinity@015,2024,30.17
salinity@015,2024,29.05
salinity@015,2024,29.04
salinity@015,2024,29.03
salinity@015,2024,29.02
salinity@015,2024,26.99
salinity@015,2024,26.97
salinity@015,2024,26.96
salinity@015,2024,26.95
salinity@015,2024,31.93
salinity@015,2024,31.92
salinity@015,2024,31.91
salinity@015,2024,31.9
salinity@015,2024,31.88
salinity@015,2024,31.87
salinity@015,2024,31.86
salinity@015,2024,31.85
salinity@015,2024,31.84
salinity@015,2024,31.82
salinity@015,2024,31.81
salinity@015,2024,31.8
salinity@015,2024,31.79
salinity@015,2024,31.77
salinity@015,2024,31.76
salinity@015,2024,31.75
salinity@015,2024,31.74
salinity@015,2024,31.73
salinity@015,2024,31.71
salinity@015,2024,31.7
salinity@015,2024,31.69
salinity@015,2024,31.68
salinity@015,2024,31.67
salinity@015,2024,31.65
salinity@015,2024,31.64
salinity@015,2024,31.63
salinity@015,2024,31.62
salinity@015,2024,31.61
salinity@015,2024,31.59
salinity@015,2024,31.58
salinity@015,2024,31.57
salinity@015,2024,31.56
salinity@015,2024,31.54
salinity@015,2024,31.53
salinity@015,2024,31.52
salinity@015,2024,31.51
salinity@015,2024,31.5
salinity@015,2024,31.48
salinity@015,2024,31.47
salinity@015,2024,31.46
salinity@015,2024,31.45
salinity@015,2024,31.44
salinity@015,2024,31.42
salinity@015,2024,31.41
salinity@015,2024,31.4
salinity@015,2024,31.39
salinity@015,2024,31.38
salinity@015,2024,31.36
salinity@015,2024,31.35
salinity@015,2024,31.34
salinity@015,2024,31.33
salinity@015,2024,31.32
salinity@015,2024,31.3
salinity@015,2024,31.29
salinity@015,2024,31.28
salinity@015,2024,31.27
salinity@015,2024,31.25
salinity@015,2024,31.24
salinity@015,2024,31.23
salinity@015,2024,31.22
salinity@015,2024,31.21
salinity@015,2024,31.19
salinity@015,2024,31.18
salinity@015,2024,31.17
salinity@015,2024,31.16
salinity@015,2024,31.15
salinity@015,2024,31.13
salinity@015,2024,31.12
salinity@015,2024,31.11
salinity@015,2024,31.1
salinity@015,2024,31.09
salinity@015,2024,31.07
salinity@015,2024,31.06
salinity@015,2024,31.05
salinity@015,2024,31.04
salinity@015,2024,31.02
salinity@015,2024,31.01
salinity@015,2024,31
salinity@015,2024,30.99
salinity@015,2024,30.98
salinity@015,2024,30.96
salinity@015,2024,30.95
salinity@015,2024,30.94
salinity@015,2024,30.93
salinity@015,2024,30.92
salinity@015,2024,30.9
salinity@015,2024,30.89
salinity@015,2024,30.88
salinity@015,2024,30.87
salinity@015,2024,30.86
salinity@015,2024,30.84
salinity@015,2024,30.83
salinity@015,2024,30.82
salinity@015,2024,30.81
salinity@015,2024,30.8
salinity@015,2024,30.78
salinity@015,2024,30.77
salinity@015,2024,30.76
salinity@015,2024,30.75
salinity@015,2024,30.73
salinity@015,2024,30.72
salinity@015,2024,30.71
salinity@015,2024,30.7
salinity@015,2024,30.69
salinity@015,2024,30.67
salinity@015,2024,30.66
salinity@015,2024,30.65
salinity@015,2024,30.64
salinity@015,2024,30.63
salinity@015,2024,30.61
salinity@015,2024,30.6
salinity@015,2024,30.59
salinity@015,2024,30.58
salinity@015,2024,30.57
salinity@015,2024,30.55
salinity@015,2024,30.54
salinity@015,2024,30.53
salinity@015,2024,30.52
salinity@015,2024,30.51
salinity@015,2024,30.49
salinity@015,2024,30.48
salinity@015,2024,30.47
salinity@015,2024,30.46
salinity@015,2024,30.44
salinity@015,2024,30.43
salinity@015,2024,30.42
salinity@015,2024,30.41
salinity@015,2024,30.4
salinity@015,2024,30.38
salinity@015,2024,30.37
salinity@015,2024,30.36
salinity@015,2024,30.35
salinity@015,2024,30.34
salinity@015,2024,30.32
salinity@015,2024,30.31
salinity@015,2024,30.3
salinity@015,2024,30.29
salinity@015,2024,30.28
salinity@015,2024,30.26
salinity@015,2024,30.25
salinity@015,2024,30.24
salinity@015,2024,30.23
salinity@015,2024,30.21
salinity@015,2024,30.2
salinity@015,2024,30.19
salinity@015,2024,30.18
salinity@015,2024,30.17
salinity@015,2024,30.15
salinity@015,2024,30.14
salinity@015,2024,30.13
salinity@015,2024,30.12
salinity@015,2024,30.11
salinity@015,2024,30.09
salinity@015,2024,30.08
salinity@015,2024,30.07
salinity@015,2024,30.06
salinity@015,2024,30.05
salinity@015,2024,30.03
salinity@015,2024,30.02
salinity@015,2024,30.01
salinity@015,2024,30
salinity@015,2024,29.99
salinity@015,2024,29.97
salinity@015,2024,29.96
salinity@015,2024,29.95
salinity@015,2024,29.94
salinity@015,2024,29.92
salinity@015,2024,29.91
salinity@015,2024,29.9
salinity@015,2024,29.89
salinity@015,2024,29.88
salinity@015,2024,29.86
salinity@015,2024,29.85
salinity@015,2024,29.84
salinity@015,2024,29.83
salinity@015,2024,29.82
salinity@015,2024,29.8
salinity@015,2024,29.05
salinity@015,2024,29.04
salinity@015,2024,29.03
salinity@015,2024,29.02
salinity@015,2024,26.99
salinity@015,2024,26.97
salinity@015,2024,26.96
salinity@015,2024,26.95
salinity@015,2024,31.9
salinity@015,2024,31.88
salinity@015,2024,31.87
salinity@015,2024,31.86
salinity@015,2024,31.85
salinity@015,2024,31.84
salinity@015,2024,31.82
salinity@015,2024,31.81
salinity@015,2024,31.8
salinity@015,2024,31.79
salinity@015,2024,31.77
salinity@015,2024,31.76
salinity@015,2024,31.75
salinity@015,2024,31.74
salinity@015,2024,31.73
salinity@015,2024,31.71
salinity@015,2024,31.7
salinity@015,2024,31.69
salinity@015,2024,31.68
salinity@015,2024,31.67
salinity@015,2024,31.65
salinity@015,2024,31.64
salinity@015,2024,31.63
salinity@015,2024,31.62
salinity@015,2024,31.61
salinity@015,2024,31.59
salinity@015,2024,31.58
salinity@015,2024,31.57
salinity@015,2024,31.56
salinity@015,2024,31.54
salinity@015,2024,31.53
salinity@015,2024,31.52
salinity@015,2024,31.51
salinity@015,2024,31.5
salinity@015,2024,31.48
salinity@015,2024,31.47
salinity@015,2024,31.46
salinity@015,2024,31.45
salinity@015,2024,31.44
salinity@015,2024,31.42
salinity@015,2024,31.41
salinity@015,2024,31.4
salinity@015,2024,31.39
salinity@015,2024,31.38
salinity@015,2024,31.36
salinity@015,2024,31.35
salinity@015,2024,31.34
salinity@015,2024,31.33
salinity@015,2024,31.32
salinity@015,2024,31.3
salinity@015,2024,31.29
salinity@015,2024,31.28
salinity@015,2024,31.27
salinity@015,2024,31.25
salinity@015,2024,31.24
salinity@015,2024,31.23
salinity@015,2024,31.22
salinity@015,2024,31.21
salinity@015,2024,31.19
salinity@015,2024,31.18
salinity@015,2024,31.17
salinity@015,2024,31.16
salinity@015,2024,31.15
salinity@015,2024,31.13
salinity@015,2024,31.12
salinity@015,2024,31.11
salinity@015,2024,31.1
salinity@015,2024,31.09
salinity@015,2024,31.07
salinity@015,2024,31.06
salinity@015,2024,31.05
salinity@015,2024,31.04
salinity@015,2024,31.02
salinity@015,2024,31.01
salinity@015,2024,31
salinity@015,2024,30.99
salinity@015,2024,30.98
salinity@015,2024,30.96
salinity@015,2024,30.95
salinity@015,2024,30.94
salinity@015,2024,30.93
salinity@015,2024,30.92
salinity@015,2024,30.9
salinity@015,2024,30.89
salinity@015,2024,30.88
salinity@015,2024,30.87
salinity@015,2024,30.86
salinity@015,2024,30.84
salinity@015,2024,30.83
salinity@015,2024,30.82
salinity@015,2024,30.81
salinity@015,2024,30.8
salinity@015,2024,30.78
salinity@015,2024,30.77
salinity@015,2024,30.76
salinity@015,2024,30.75
salinity@015,2024,30.73
salinity@015,2024,30.72
salinity@015,2024,30.71
salinity@015,2024,30.7
salinity@015,2024,30.69
salinity@015,2024,30.67
salinity@015,2024,30.66
salinity@015,2024,30.65
salinity@015,2024,30.64
salinity@015,2024,30.63
salinity@015,2024,30.61
salinity@015,2024,30.6
salinity@015,2024,30.59
salinity@015,2024,30.58
salinity@015,2024,30.57
salinity@015,2024,30.55
salinity@015,2024,30.54
salinity@015,2024,30.53
salinity@015,2024,30.52
salinity@015,2024,30.51
salinity@015,2024,30.49
salinity@015,2024,30.48
salinity@015,2024,30.47
salinity@015,2024,30.46
salinity@015,2024,30.44
salinity@015,2024,30.43
salinity@015,2024,30.42
salinity@015,2024,30.41
salinity@015,2024,30.4
salinity@015,2024,30.38
salinity@015,2024,30.37
salinity@015,2024,30.36
salinity@015,2024,30.35
salinity@015,2024,30.34
salinity@015,2024,30.32
salinity@015,2024,30.31
salinity@015,2024,30.3
salinity@015,2024,30.29
salinity@015,2024,30.28
salinity@015,2024,30.26
salinity@015,2024,30.25
salinity@015,2024,30.24
salinity@015,2024,30.23
salinity@015,2024,30.21
salinity@015,2024,30.2
salinity@015,2024,30.19
salinity@015,2024,30.18
salinity@015,2024,30.17
salinity@015,2024,30.15
salinity@015,2024,30.14
salinity@015,2024,30.13
salinity@015,2024,30.12
salinity@015,2024,30.11
salinity@015,2024,30.09
salinity@015,2024,30.08
salinity@015,2024,30.07
salinity@015,2024,30.06
salinity@015,2024,30.05
salinity@015,2024,30.03
salinity@015,2024,30.02
salinity@015,2024,30.01
salinity@015,2024,30
salinity@015,2024,29.99
salinity@015,2024,29.97
salinity@015,2024,29.96
salinity@015,2024,29.95
salinity@015,2024,29.94
salinity@015,2024,29.92
salinity@015,2024,29.91
salinity@015,2024,29.9
salinity@015,2024,29.89
salinity@015,2024,29.88
salinity@015,2024,29.86
salinity@015,2024,29.85
salinity@015,2024,29.84
salinity@015,2024,29.83
salinity@015,2024,29.82
salinity@015,2024,29.8
salinity@015,2024,29.79
salinity@015,2024,29.78
salinity@015,2024,29.77
salinity@015,2024,29.76
salinity@015,2024,29.74
salinity@015,2024,29.73
salinity@015,2024,29.72
salinity@015,2024,29.71
salinity@015,2024,29.69
salinity@015,2024,29.68
salinity@015,2024,29.67
salinity@015,2024,29.66
salinity@015,2024,29.65
salinity@015,2024,29.63
salinity@015,2024,29.62
salinity@015,2024,29.61
salinity@015,2024,29.6
salinity@015,2024,29.59
salinity@015,2024,29.57
salinity@015,2024,29.56
salinity@015,2024,29.55
salinity@015,2024,29.54
salinity@015,2024,29.53
salinity@015,2024,29.51
salinity@015,2024,29.5
salinity@015,2024,29.49
salinity@015,2024,29.48
salinity@015,2024,29.47
salinity@015,2024,29.45
salinity@015,2024,29.05
salinity@015,2024,29.04
salinity@015,2024,29.03
salinity@015,2024,29.02
salinity@015,2024,26.99
salinity@015,2024,26.97
salinity@015,2024,26.96
salinity@015,2024,26.95
salinity@015,2024,31.87
salinity@015,2024,31.86
salinity@015,2024,31.85
salinity@015,2024,31.84
salinity@015,2024,31.82
salinity@015,2024,31.81
salinity@015,2024,31.8
salinity@015,2024,31.79
salinity@015,2024,31.77
salinity@015,2024,31.76
salinity@015,2024,31.75
salinity@015,2024,31.74
salinity@015,2024,31.73
salinity@015,2024,31.71
salinity@015,2024,31.7
salinity@015,2024,31.69
salinity@015,2024,31.68
salinity@015,2024,31.67
salinity@015,2024,31.65
salinity@015,2024,31.64
salinity@015,2024,31.63
salinity@015,2024,31.62
salinity@015,2024,31.61
salinity@015,2024,31.59
salinity@015,2024,31.58
salinity@015,2024,31.57
salinity@015,2024,31.56
salinity@015,2024,31.54
salinity@015,2024,31.53
salinity@015,2024,31.52
salinity@015,2024,31.51
salinity@015,2024,31.5
salinity@015,2024,31.48
salinity@015,2024,31.47
salinity@015,2024,31.46
salinity@015,2024,31.45
salinity@015,2024,31.44
salinity@015,2024,31.42
salinity@015,2024,31.41
salinity@015,2024,31.4
salinity@015,2024,31.39
salinity@015,2024,31.38
salinity@015,2024,31.36
salinity@015,2024,31.35
salinity@015,2024,31.34
salinity@015,2024,31.33
salinity@015,2024,31.32
salinity@015,2024,31.3
salinity@015,2024,31.29
salinity@015,2024,31.28
salinity@015,2024,31.27
salinity@015,2024,31.25
salinity@015,2024,31.24
salinity@015,2024,31.23
salinity@015,2024,31.22
salinity@015,2024,31.21
salinity@015,2024,31.19
salinity@015,2024,31.18
salinity@015,2024,31.17
salinity@015,2024,31.16
salinity@015,2024,31.15
salinity@015,2024,31.13
salinity@015,2024,31.12
salinity@015,2024,31.11
salinity@015,2024,31.1
salinity@015,2024,31.09
salinity@015,2024,31.07
salinity@015,2024,31.06
salinity@015,2024,31.05
salinity@015,2024,31.04
salinity@015,2024,31.02
salinity@015,2024,31.01
salinity@015,2024,31
salinity@015,2024,30.99
salinity@015,2024,30.98
salinity@015,2024,30.96
salinity@015,2024,30.95
salinity@015,2024,30.94
salinity@015,2024,30.93
salinity@015,2024,30.92
salinity@015,2024,30.9
salinity@015,2024,30.89
salinity@015,2024,30.88
salinity@015,2024,30.87
salinity@015,2024,30.86
salinity@015,2024,30.84
salinity@015,2024,30.83
salinity@015,2024,30.82
salinity@015,2024,30.81
salinity@015,2024,30.8
salinity@015,2024,30.78
salinity@015,2024,30.77
salinity@015,2024,30.76
salinity@015,2024,30.75
salinity@015,2024,30.73
salinity@015,2024,30.72
salinity@015,2024,30.71
salinity@015,2024,30.7
salinity@015,2024,30.69
salinity@015,2024,30.67
salinity@015,2024,30.66
salinity@015,2024,30.65
salinity@015,2024,30.64
salinity@015,2024,30.63
salinity@015,2024,30.61
salinity@015,2024,30.6
salinity@015,2024,30.59
salinity@015,2024,30.58
salinity@015,2024,30.57
salinity@015,2024,30.55
salinity@015,2024,30.54
salinity@015,2024,30.53
salinity@015,2024,30.52
salinity@015,2024,30.51
salinity@015,2024,30.49
salinity@015,2024,30.48
salinity@015,2024,30.47
salinity@015,2024,30.46
salinity@015,2024,30.44
salinity@015,2024,30.43
salinity@015,2024,30.42
salinity@015,2024,30.41
salinity@015,2024,30.4
salinity@015,2024,30.38
salinity@015,2024,30.37
salinity@015,2024,30.36
salinity@015,2024,30.35
salinity@015,2024,30.34
salinity@015,2024,30.32
salinity@015,2024,30.31
salinity@015,2024,30.3
salinity@015,2024,30.29
salinity@015,2024,30.28
salinity@015,2024,30.26
salinity@015,2024,30.25
salinity@015,2024,30.24
salinity@015,2024,30.23
salinity@015,2024,30.21
salinity@015,2024,30.2
salinity@015,2024,30.19
salinity@015,2024,30.18
salinity@015,2024,30.17
salinity@015,2024,30.15
salinity@015,2024,30.14
salinity@015,2024,30.13
salinity@015,2024,30.12
salinity@015,2024,30.11
salinity@015,2024,30.09
salinity@015,2024,30.08
salinity@015,2024,30.07
salinity@015,2024,30.06
salinity@015,2024,30.05
salinity@015,2024,30.03
salinity@015,2024,30.02
salinity@015,2024,30.01
salinity@015,2024,30
salinity@015,2024,29.99
salinity@015,2024,29.97
salinity@015,2024,29.96
salinity@015,2024,29.95
salinity@015,2024,29.94
salinity@015,2024,29.92
salinity@015,2024,29.91
salinity@015,2024,29.9
salinity@015,2024,29.89
salinity@015,2024,29.88
salinity@015,2024,29.86
salinity@015,2024,29.85
salinity@015,2024,29.84
salinity@015,2024,29.83
salinity@015,2024,29.82
salinity@015,2024,29.8
salinity@015,2024,29.79
salinity@015,2024,29.78
salinity@015,2024,29.77
salinity@015,2024,29.76
salinity@015,2024,29.74
salinity@015,2024,29.73
salinity@015,2024,29.72
salinity@015,2024,29.71
salinity@015,2024,29.69
salinity@015,2024,29.68
salinity@015,2024,29.67
salinity@015,2024,29.66
salinity@015,2024,29.65
salinity@015,2024,29.63
salinity@015,2024,29.62
salinity@015,2024,29.61
salinity@015,2024,29.6
salinity@015,2024,29.59
salinity@015,2024,29.57
salinity@015,2024,29.56
salinity@015,2024,29.55
salinity@015,2024,29.54
salinity@015,2024,29.53
salinity@015,2024,29.51
salinity@015,2024,29.5
salinity@015,2024,29.49
salinity@015,2024,29.48
salinity@015,2024,29.47
salinity@015,2024,29.45
salinity@015,2024,29.44
salinity@015,2024,29.43
salinity@015,2024,29.42
salinity@015,2024,29.4
salinity@015,2024,29.39
salinity@015,2024,29.38
salinity@015,2024,29.37
salinity@015,2024,29.36
salinity@015,2024,29.34
salinity@015,2024,29.33
salinity@015,2024,29.32
salinity@015,2024,29.31
salinity@015,2024,29.3
salinity@015,2024,29.28
salinity@015,2024,29.27
salinity@015,2024,29.26
salinity@015,2024,29.25
salinity@015,2024,29.24
salinity@015,2024,29.22
salinity@015,2024,29.21
salinity@015,2024,29.2
salinity@015,2024,29.19
salinity@015,2024,29.17
salinity@015,2024,29.16
salinity@015,2024,29.15
salinity@015,2024,29.14
salinity@015,2024,29.13
salinity@015,2024,29.11
salinity@015,2024,29.1
salinity@015,2024,29.07
salinity@015,2024,29.05
salinity@015,2024,29.04
salinity@015,2024,29.03
salinity@015,2024,29.02
salinity@015,2024,26.99
salinity@015,2024,26.97
salinity@015,2024,26.96
salinity@015,2024,26.95
salinity@015,2024,31.84
salinity@015,2024,31.82
salinity@015,2024,31.81
salinity@015,2024,31.8
salinity@015,2024,31.79
salinity@015,2024,31.77
salinity@015,2024,31.76
salinity@015,2024,31.75
salinity@015,2024,31.74
salinity@015,2024,31.73
salinity@015,2024,31.71
salinity@015,2024,31.7
salinity@015,2024,31.69
salinity@015,2024,31.68
salinity@015,2024,31.67
salinity@015,2024,31.65
salinity@015,2024,31.64
salinity@015,2024,31.63
salinity@015,2024,31.62
salinity@015,2024,31.61
salinity@015,2024,31.59
salinity@015,2024,31.58
salinity@015,2024,31.57
salinity@015,2024,31.56
salinity@015,2024,31.54
salinity@015,2024,31.53
salinity@015,2024,31.52
salinity@015,2024,31.51
salinity@015,2024,31.5
salinity@015,2024,31.48
salinity@015,2024,31.47
salinity@015,2024,31.46
salinity@015,2024,31.45
salinity@015,2024,31.44
salinity@015,2024,31.42
salinity@015,2024,31.41
salinity@015,2024,31.4
salinity@015,2024,31.39
salinity@015,2024,31.38
salinity@015,2024,31.36
salinity@015,2024,31.35
salinity@015,2024,31.34
salinity@015,2024,31.33
salinity@015,2024,31.32
salinity@015,2024,31.3
salinity@015,2024,31.29
salinity@015,2024,31.28
salinity@015,2024,31.27
salinity@015,2024,31.25
salinity@015,2024,31.24
salinity@015,2024,31.23
salinity@015,2024,31.22
salinity@015,2024,31.21
salinity@015,2024,31.19
salinity@015,2024,31.18
salinity@015,2024,31.17
salinity@015,2024,31.16
salinity@015,2024,31.15
salinity@015,2024,31.13
salinity@015,2024,31.12
salinity@015,2024,31.11
salinity@015,2024,31.1
salinity@015,2024,31.09
salinity@015,2024,31.07
salinity@015,2024,31.06
salinity@015,2024,31.05
salinity@015,2024,31.04
salinity@015,2024,31.02
salinity@015,2024,31.01
salinity@015,2024,31
salinity@015,2024,30.99
salinity@015,2024,30.98
salinity@015,2024,30.96
salinity@015,2024,30.95
salinity@015,2024,30.94
salinity@015,2024,30.93
salinity@015,2024,30.92
salinity@015,2024,30.9
salinity@015,2024,30.89
salinity@015,2024,30.88
salinity@015,2024,30.87
salinity@015,2024,30.86
salinity@015,2024,30.84
salinity@015,2024,30.83
salinity@015,2024,30.82
salinity@015,2024,30.81
salinity@015,2024,30.8
salinity@015,2024,30.78
salinity@015,2024,30.77
salinity@015,2024,30.76
salinity@015,2024,30.75
salinity@015,2024,30.73
salinity@015,2024,30.72
salinity@015,2024,30.71
salinity@015,2024,30.7
salinity@015,2024,30.69
salinity@015,2024,30.67
salinity@015,2024,30.66
salinity@015,2024,30.65
salinity@015,2024,30.64
salinity@015,2024,30.63
salinity@015,2024,30.61
salinity@015,2024,30.6
salinity@015,2024,30.59
salinity@015,2024,30.58
salinity@015,2024,30.57
salinity@015,2024,30.55
salinity@015,2024,30.54
salinity@015,2024,30.53
salinity@015,2024,30.52
salinity@015,2024,30.51
salinity@015,2024,30.49
salinity@015,2024,30.48
salinity@015,2024,30.47
salinity@015,2024,30.46
salinity@015,2024,30.44
salinity@015,2024,30.43
salinity@015,2024,30.42
salinity@015,2024,30.41
salinity@015,2024,30.4
salinity@015,2024,30.38
salinity@015,2024,30.37
salinity@015,2024,30.36
salinity@015,2024,30.35
salinity@015,2024,30.34
salinity@015,2024,30.32
salinity@015,2024,30.31
salinity@015,2024,30.3
salinity@015,2024,30.29
salinity@015,2024,30.28
salinity@015,2024,30.26
salinity@015,2024,30.25
salinity@015,2024,30.24
salinity@015,2024,30.23
salinity@015,2024,30.21
salinity@015,2024,30.2
salinity@015,2024,30.19
salinity@015,2024,30.18
salinity@015,2024,30.17
salinity@015,2024,30.15
salinity@015,2024,30.14
salinity@015,2024,30.13
salinity@015,2024,30.12
salinity@015,2024,30.11
salinity@015,2024,30.09
salinity@015,2024,30.08
salinity@015,2024,30.07
salinity@015,2024,30.06
salinity@015,2024,30.05
salinity@015,2024,30.03
salinity@015,2024,30.02
salinity@015,2024,30.01
salinity@015,2024,30
salinity@015,2024,29.99
salinity@015,2024,29.97
salinity@015,2024,29.96
salinity@015,2024,29.95
salinity@015,2024,29.94
salinity@015,2024,29.92
salinity@015,2024,29.91
salinity@015,2024,29.9
salinity@015,2024,29.89
salinity@015,2024,29.88
salinity@015,2024,29.86
salinity@015,2024,29.85
salinity@015,2024,29.84
salinity@015,2024,29.83
salinity@015,2024,29.82
salinity@015,2024,29.8
salinity@015,2024,29.79
salinity@015,2024,29.78
salinity@015,2024,29.77
salinity@015,2024,29.76
salinity@015,2024,29.74
salinity@015,2024,29.73
salinity@015,2024,29.72
salinity@015,2024,29.71
salinity@015,2024,29.69
salinity@015,2024,29.68
salinity@015,2024,29.67
salinity@015,2024,29.66
salinity@015,2024,29.65
salinity@015,2024,29.63
salinity@015,2024,29.62
salinity@015,2024,29.61
salinity@015,2024,29.6
salinity@015,2024,29.59
salinity@015,2024,29.57
salinity@015,2024,29.56
salinity@015,2024,29.55
salinity@015,2024,29.54
salinity@015,2024,29.53
salinity@015,2024,29.51
salinity@015,2024,29.5
salinity@015,2024,29.49
salinity@015,2024,29.48
salinity@015,2024,29.47
salinity@015,2024,29.45
salinity@015,2024,29.44
salinity@015,2024,29.43
salinity@015,2024,29.42
salinity@015,2024,29.4
salinity@015,2024,29.39
salinity@015,2024,29.38
salinity@015,2024,29.37
salinity@015,2024,29.36
salinity@015,2024,29.34
salinity@015,2024,29.33
salinity@015,2024,29.32
salinity@015,2024,29.31
salinity@015,2024,29.3
salinity@015,2024,29.28
salinity@015,2024,29.27
salinity@015,2024,29.26
salinity@015,2024,29.25
salinity@015,2024,29.24
salinity@015,2024,29.22
salinity@015,2024,29.21
salinity@015,2024,29.2
salinity@015,2024,29.19
salinity@015,2024,29.17
salinity@015,2024,29.16
salinity@015,2024,29.15
salinity@015,2024,29.14
salinity@015,2024,29.13
salinity@015,2024,29.11
salinity@015,2024,29.1
salinity@015,2024,29.09
salinity@015,2024,29.08
salinity@015,2024,29.07
salinity@015,2024,29.05
salinity@015,2024,29.04
salinity@015,2024,29.03
salinity@015,2024,29.02
salinity@015,2024,29.01
salinity@015,2024,28.99
salinity@015,2024,28.98
salinity@015,2024,28.97
salinity@015,2024,28.96
salinity@015,2024,28.95
salinity@015,2024,28.93
salinity@015,2024,28.92
salinity@015,2024,28.91
salinity@015,2024,28.9
salinity@015,2024,28.88
salinity@015,2024,28.87
salinity@015,2024,28.86
salinity@015,2024,28.85
salinity@015,2024,28.84
salinity@015,2024,28.82
salinity@015,2024,28.81
salinity@015,2024,28.8
salinity@015,2024,28.79
salinity@015,2024,28.78
salinity@015,2024,28.76
salinity@015,2024,28.75
salinity@015,2024,26.99
salinity@015,2024,26.97
salinity@015,2024,26.96
salinity@015,2024,26.95
salinity@015,2024,31.76
salinity@015,2024,31.75
salinity@015,2024,31.74
salinity@015,2024,31.73
salinity@015,2024,31.71
salinity@015,2024,31.7
salinity@015,2024,31.69
salinity@015,2024,31.68
salinity@015,2024,31.67
salinity@015,2024,31.65
salinity@015,2024,31.64
salinity@015,2024,31.63
salinity@015,2024,31.62
salinity@015,2024,31.61
salinity@015,2024,31.59
salinity@015,2024,31.58
salinity@015,2024,31.57
salinity@015,2024,31.56
salinity@015,2024,31.54
salinity@015,2024,31.53
salinity@015,2024,31.52
salinity@015,2024,31.51
salinity@015,2024,31.5
salinity@015,2024,31.48
salinity@015,2024,31.47
salinity@015,2024,31.46
salinity@015,2024,31.45
salinity@015,2024,31.44
salinity@015,2024,31.42
salinity@015,2024,31.41
salinity@015,2024,31.4
salinity@015,2024,31.39
salinity@015,2024,31.38
salinity@015,2024,31.36
salinity@015,2024,31.35
salinity@015,2024,31.34
salinity@015,2024,31.33
salinity@015,2024,31.32
salinity@015,2024,31.3
salinity@015,2024,31.29
salinity@015,2024,31.28
salinity@015,2024,31.27
salinity@015,2024,31.25
salinity@015,2024,31.24
salinity@015,2024,31.23
salinity@015,2024,31.22
salinity@015,2024,31.21
salinity@015,2024,31.19
salinity@015,2024,31.18
salinity@015,2024,31.17
salinity@015,2024,31.16
salinity@015,2024,31.15
salinity@015,2024,31.13
salinity@015,2024,31.12
salinity@015,2024,31.11
salinity@015,2024,31.1
salinity@015,2024,31.09
salinity@015,2024,31.07
salinity@015,2024,31.06
salinity@015,2024,31.05
salinity@015,2024,31.04
salinity@015,2024,31.02
salinity@015,2024,31.01
salinity@015,2024,31
salinity@015,2024,30.99
salinity@015,2024,30.98
salinity@015,2024,30.96
salinity@015,2024,30.95
salinity@015,2024,30.94
salinity@015,2024,30.93
salinity@015,2024,30.92
salinity@015,2024,30.9
salinity@015,2024,30.89
salinity@015,2024,30.88
salinity@015,2024,30.87
salinity@015,2024,30.86
salinity@015,2024,30.84
salinity@015,2024,30.83
salinity@015,2024,30.82
salinity@015,2024,30.81
salinity@015,2024,30.8
salinity@015,2024,30.78
salinity@015,2024,30.77
salinity@015,2024,30.76
salinity@015,2024,30.75
salinity@015,2024,30.73
salinity@015,2024,30.72
salinity@015,2024,30.71
salinity@015,2024,30.7
salinity@015,2024,30.69
salinity@015,2024,30.67
salinity@015,2024,30.66
salinity@015,2024,30.65
salinity@015,2024,30.64
salinity@015,2024,30.63
salinity@015,2024,30.61
salinity@015,2024,30.6
salinity@015,2024,30.59
salinity@015,2024,30.58
salinity@015,2024,30.57
salinity@015,2024,30.55
salinity@015,2024,30.54
salinity@015,2024,30.53
salinity@015,2024,30.52
salinity@015,2024,30.51
salinity@015,2024,30.49
salinity@015,2024,30.48
salinity@015,2024,30.47
salinity@015,2024,30.46
salinity@015,2024,30.44
salinity@015,2024,30.43
salinity@015,2024,30.42
salinity@015,2024,30.41
salinity@015,2024,30.4
salinity@015,2024,30.38
salinity@015,2024,30.37
salinity@015,2024,30.36
salinity@015,2024,30.35
salinity@015,2024,30.34
salinity@015,2024,30.32
salinity@015,2024,30.31
salinity@015,2024,30.3
salinity@015,2024,30.29
salinity@015,2024,30.28
salinity@015,2024,30.26
salinity@015,2024,30.25
salinity@015,2024,30.24
salinity@015,2024,30.23
salinity@015,2024,30.21
salinity@015,2024,30.2
salinity@015,2024,30.19
salinity@015,2024,30.18
salinity@015,2024,30.17
salinity@015,2024,30.15
salinity@015,2024,30.14
salinity@015,2024,30.13
salinity@015,2024,30.12
salinity@015,2024,30.11
salinity@015,2024,30.09
salinity@015,2024,30.08
salinity@015,2024,30.07
salinity@015,2024,30.06
salinity@015,2024,30.05
salinity@015,2024,30.03
salinity@015,2024,30.02
salinity@015,2024,30.01
salinity@015,2024,30
salinity@015,2024,29.99
salinity@015,2024,29.97
salinity@015,2024,29.96
salinity@015,2024,29.95
salinity@015,2024,29.94
salinity@015,2024,29.92
salinity@015,2024,29.91
salinity@015,2024,29.9
salinity@015,2024,29.89
salinity@015,2024,29.88
salinity@015,2024,29.86
salinity@015,2024,29.85
salinity@015,2024,29.84
salinity@015,2024,29.83
salinity@015,2024,29.82
salinity@015,2024,29.8
salinity@015,2024,29.79
salinity@015,2024,29.78
salinity@015,2024,29.77
salinity@015,2024,29.76
salinity@015,2024,29.74
salinity@015,2024,29.73
salinity@015,2024,29.72
salinity@015,2024,29.71
salinity@015,2024,29.69
salinity@015,2024,29.68
salinity@015,2024,29.67
salinity@015,2024,29.66
salinity@015,2024,29.65
salinity@015,2024,29.63
salinity@015,2024,29.62
salinity@015,2024,29.61
salinity@015,2024,29.6
salinity@015,2024,29.59
salinity@015,2024,29.57
salinity@015,2024,29.56
salinity@015,2024,29.55
salinity@015,2024,29.54
salinity@015,2024,29.53
salinity@015,2024,29.51
salinity@015,2024,29.5
salinity@015,2024,29.49
salinity@015,2024,29.48
salinity@015,2024,29.47
salinity@015,2024,29.45
salinity@015,2024,29.44
salinity@015,2024,29.43
salinity@015,2024,29.42
salinity@015,2024,29.4
salinity@015,2024,29.39
salinity@015,2024,29.38
salinity@015,2024,29.37
salinity@015,2024,29.36
salinity@015,2024,29.34
salinity@015,2024,29.33
salinity@015,2024,29.32
salinity@015,2024,29.31
salinity@015,2024,29.3
salinity@015,2024,29.28
salinity@015,2024,29.27
salinity@015,2024,29.26
salinity@015,2024,29.25
salinity@015,2024,29.24
salinity@015,2024,29.22
salinity@015,2024,29.21
salinity@015,2024,29.2
salinity@015,2024,29.19
salinity@015,2024,29.17
salinity@015,2024,29.16
salinity@015,2024,29.15
salinity@015,2024,29.14
salinity@015,2024,29.13
salinity@015,2024,29.11
salinity@015,2024,29.1
salinity@015,2024,29.09
salinity@015,2024,29.08
salinity@015,2024,29.07
salinity@015,2024,29.05
salinity@015,2024,29.04
salinity@015,2024,29.03
salinity@015,2024,29.02
salinity@015,2024,29.01
salinity@015,2024,28.99
salinity@015,2024,28.98
salinity@015,2024,28.97
salinity@015,2024,28.96
salinity@015,2024,28.95
salinity@015,2024,28.93
salinity@015,2024,28.92
salinity@015,2024,28.91
salinity@015,2024,28.9
salinity@015,2024,28.88
salinity@015,2024,28.87
salinity@015,2024,28.86
salinity@015,2024,28.85
salinity@015,2024,28.84
salinity@015,2024,28.82
salinity@015,2024,28.81
salinity@015,2024,28.8
salinity@015,2024,28.79
salinity@015,2024,28.78
salinity@015,2024,28.76
salinity@015,2024,28.75
salinity@015,2024,28.74
salinity@015,2024,28.73
salinity@015,2024,28.72
salinity@015,2024,28.7
salinity@015,2024,28.69
salinity@015,2024,28.68
salinity@015,2024,28.67
salinity@015,2024,28.65
salinity@015,2024,28.64
salinity@015,2024,28.63
salinity@015,2024,28.62
salinity@015,2024,28.61
salinity@015,2024,28.59
salinity@015,2024,28.58
salinity@015,2024,28.57
salinity@015,2024,28.56
salinity@015,2024,28.55
salinity@015,2024,28.53
salinity@015,2024,28.52
salinity@015,2024,28.51
salinity@015,2024,28.5
salinity@015,2024,28.49
salinity@015,2024,28.47
salinity@015,2024,28.46
salinity@015,2024,28.45
salinity@015,2024,28.44
salinity@015,2024,28.43
salinity@015,2024,28.41
salinity@015,2024,28.4
salinity@015,2024,26.99
salinity@015,2024,26.97
salinity@015,2024,26.96
salinity@015,2024,26.95
salinity@015,2024,31.41
salinity@015,2024,31.4
salinity@015,2024,31.39
salinity@015,2024,31.38
salinity@015,2024,31.36
salinity@015,2024,31.35
salinity@015,2024,31.34
salinity@015,2024,31.33
salinity@015,2024,31.32
salinity@015,2024,31.3
salinity@015,2024,31.29
salinity@015,2024,31.28
salinity@015,2024,31.27
salinity@015,2024,31.25
salinity@015,2024,31.24
salinity@015,2024,31.23
salinity@015,2024,31.22
salinity@015,2024,31.21
salinity@015,2024,31.19
salinity@015,2024,31.18
salinity@015,2024,31.17
salinity@015,2024,31.16
salinity@015,2024,31.15
salinity@015,2024,31.13
salinity@015,2024,31.12
salinity@015,2024,31.11
salinity@015,2024,31.1
salinity@015,2024,31.09
salinity@015,2024,31.07
salinity@015,2024,31.06
salinity@015,2024,31.05
salinity@015,2024,31.04
salinity@015,2024,31.02
salinity@015,2024,31.01
salinity@015,2024,31
salinity@015,2024,30.99
salinity@015,2024,30.98
salinity@015,2024,30.96
salinity@015,2024,30.95
salinity@015,2024,30.94
salinity@015,2024,30.93
salinity@015,2024,30.92
salinity@015,2024,30.9
salinity@015,2024,30.89
salinity@015,2024,30.88
salinity@015,2024,30.87
salinity@015,2024,30.86
salinity@015,2024,30.84
salinity@015,2024,30.83
salinity@015,2024,30.82
salinity@015,2024,30.81
salinity@015,2024,30.8
salinity@015,2024,30.78
salinity@015,2024,30.77
salinity@015,2024,30.76
salinity@015,2024,30.75
salinity@015,2024,30.73
salinity@015,2024,30.72
salinity@015,2024,30.71
salinity@015,2024,30.7
salinity@015,2024,30.69
salinity@015,2024,30.67
salinity@015,2024,30.66
salinity@015,2024,30.65
salinity@015,2024,30.64
salinity@015,2024,30.63
salinity@015,2024,30.61
salinity@015,2024,30.6
salinity@015,2024,30.59
salinity@015,2024,30.58
salinity@015,2024,30.57
salinity@015,2024,30.55
salinity@015,2024,30.54
salinity@015,2024,30.53
salinity@015,2024,30.52
salinity@015,2024,30.51
salinity@015,2024,30.49
salinity@015,2024,30.48
salinity@015,2024,30.47
salinity@015,2024,30.46
salinity@015,2024,30.44
salinity@015,2024,30.43
salinity@015,2024,30.42
salinity@015,2024,30.41
salinity@015,2024,30.4
salinity@015,2024,30.38
salinity@015,2024,30.37
salinity@015,2024,30.36
salinity@015,2024,30.35
salinity@015,2024,30.34
salinity@015,2024,30.32
salinity@015,2024,30.31
salinity@015,2024,30.3
salinity@015,2024,30.29
salinity@015,2024,30.28
salinity@015,2024,30.26
salinity@015,2024,30.25
salinity@015,2024,30.24
salinity@015,2024,30.23
salinity@015,2024,30.21
salinity@015,2024,30.2
salinity@015,2024,30.19
salinity@015,2024,30.18
salinity@015,2024,30.17
salinity@015,2024,30.15
salinity@015,2024,30.14
salinity@015,2024,30.13
salinity@015,2024,30.12
salinity@015,2024,30.11
salinity@015,2024,30.09
salinity@015,2024,30.08
salinity@015,2024,30.07
salinity@015,2024,30.06
salinity@015,2024,30.05
salinity@015,2024,30.03
salinity@015,2024,30.02
salinity@015,2024,30.01
salinity@015,2024,30
salinity@015,2024,29.99
salinity@015,2024,29.97
salinity@015,2024,29.96
salinity@015,2024,29.95
salinity@015,2024,29.94
salinity@015,2024,29.92
salinity@015,2024,29.91
salinity@015,2024,29.9
salinity@015,2024,29.89
salinity@015,2024,29.88
salinity@015,2024,29.86
salinity@015,2024,29.85
salinity@015,2024,29.84
salinity@015,2024,29.83
salinity@015,2024,29.82
salinity@015,2024,29.8
salinity@015,2024,29.79
salinity@015,2024,29.78
salinity@015,2024,29.77
salinity@015,2024,29.76
salinity@015,2024,29.74
salinity@015,2024,29.73
salinity@015,2024,29.72
salinity@015,2024,29.71
salinity@015,2024,29.69
salinity@015,2024,29.68
salinity@015,2024,29.67
salinity@015,2024,29.66
salinity@015,2024,29.65
salinity@015,2024,29.63
salinity@015,2024,29.62
salinity@015,2024,29.61
salinity@015,2024,29.6
salinity@015,2024,29.59
salinity@015,2024,29.57
salinity@015,2024,29.56
salinity@015,2024,29.55
salinity@015,2024,29.54
salinity@015,2024,29.53
salinity@015,2024,29.51
salinity@015,2024,29.5
salinity@015,2024,29.49
salinity@015,2024,29.48
salinity@015,2024,29.47
salinity@015,2024,29.45
salinity@015,2024,29.44
salinity@015,2024,29.43
salinity@015,2024,29.42
salinity@015,2024,29.4
salinity@015,2024,29.39
salinity@015,2024,29.38
salinity@015,2024,29.37
salinity@015,2024,29.36
salinity@015,2024,29.34
salinity@015,2024,29.33
salinity@015,2024,29.32
salinity@015,2024,29.31
salinity@015,2024,29.3
salinity@015,2024,29.28
salinity@015,2024,29.27
salinity@015,2024,29.26
salinity@015,2024,29.25
salinity@015,2024,29.24
salinity@015,2024,29.22
salinity@015,2024,29.21
salinity@015,2024,29.2
salinity@015,2024,29.19
salinity@015,2024,29.17
salinity@015,2024,29.16
salinity@015,2024,29.15
salinity@015,2024,29.14
salinity@015,2024,29.13
salinity@015,2024,29.11
salinity@015,2024,29.1
salinity@015,2024,29.09
salinity@015,2024,29.08
salinity@015,2024,29.07
salinity@015,2024,29.05
salinity@015,2024,29.04
salinity@015,2024,29.03
salinity@015,2024,29.02
salinity@015,2024,29.01
salinity@015,2024,28.99
salinity@015,2024,28.98
salinity@015,2024,28.97
salinity@015,2024,28.96
salinity@015,2024,28.95
salinity@015,2024,28.93
salinity@015,2024,28.92
salinity@015,2024,28.91
salinity@015,2024,28.9
salinity@015,2024,28.88
salinity@015,2024,28.87
salinity@015,2024,28.86
salinity@015,2024,28.85
salinity@015,2024,28.84
salinity@015,2024,28.82
salinity@015,2024,28.81
salinity@015,2024,28.8
salinity@015,2024,28.79
salinity@015,2024,28.78
salinity@015,2024,28.76
salinity@015,2024,28.75
salinity@015,2024,28.74
salinity@015,2024,28.73
salinity@015,2024,28.72
salinity@015,2024,28.7
salinity@015,2024,28.69
salinity@015,2024,28.68
salinity@015,2024,28.67
salinity@015,2024,28.65
salinity@015,2024,28.64
salinity@015,2024,28.63
salinity@015,2024,28.62
salinity@015,2024,28.61
salinity@015,2024,28.59
salinity@015,2024,28.58
salinity@015,2024,28.57
salinity@015,2024,28.56
salinity@015,2024,28.55
salinity@015,2024,28.53
salinity@015,2024,28.52
salinity@015,2024,28.51
salinity@015,2024,28.5
salinity@015,2024,28.49
salinity@015,2024,28.47
salinity@015,2024,28.46
salinity@015,2024,28.45
salinity@015,2024,28.44
salinity@015,2024,28.43
salinity@015,2024,28.41
salinity@015,2024,28.4
salinity@015,2024,28.39
salinity@015,2024,28.38
salinity@015,2024,28.36
salinity@015,2024,28.35
salinity@015,2024,28.34
salinity@015,2024,28.33
salinity@015,2024,28.32
salinity@015,2024,28.3
salinity@015,2024,28.29
salinity@015,2024,28.28
salinity@015,2024,28.27
salinity@015,2024,28.26
salinity@015,2024,28.24
salinity@015,2024,28.23
salinity@015,2024,28.22
salinity@015,2024,28.21
salinity@015,2024,28.2
salinity@015,2024,28.18
salinity@015,2024,28.17
salinity@015,2024,28.16
salinity@015,2024,28.15
salinity@015,2024,28.13
salinity@015,2024,28.12
salinity@015,2024,28.11
salinity@015,2024,28.1
salinity@015,2024,28.09
salinity@015,2024,28.07
salinity@015,2024,28.06
salinity@015,2024,28.05
salinity@015,2024,28.04
salinity@015,2024,26.99
salinity@015,2024,26.97
salinity@015,2024,26.96
salinity@015,2024,26.95
salinity@015,2024,31.07
salinity@015,2024,31.06
salinity@015,2024,31.05
salinity@015,2024,31.04
salinity@015,2024,31.02
salinity@015,2024,31.01
salinity@015,2024,31
salinity@015,2024,30.99
salinity@015,2024,30.98
salinity@015,2024,30.96
salinity@015,2024,30.95
salinity@015,2024,30.94
salinity@015,2024,30.93
salinity@015,2024,30.92
salinity@015,2024,30.9
salinity@015,2024,30.89
salinity@015,2024,30.88
salinity@015,2024,30.87
salinity@015,2024,30.86
salinity@015,2024,30.84
salinity@015,2024,30.83
salinity@015,2024,30.82
salinity@015,2024,30.81
salinity@015,2024,30.8
salinity@015,2024,30.78
salinity@015,2024,30.77
salinity@015,2024,30.76
salinity@015,2024,30.75
salinity@015,2024,30.73
salinity@015,2024,30.72
salinity@015,2024,30.71
salinity@015,2024,30.7
salinity@015,2024,30.69
salinity@015,2024,30.67
salinity@015,2024,30.66
salinity@015,2024,30.65
salinity@015,2024,30.64
salinity@015,2024,30.63
salinity@015,2024,30.61
salinity@015,2024,30.6
salinity@015,2024,30.59
salinity@015,2024,30.58
salinity@015,2024,30.57
salinity@015,2024,30.55
salinity@015,2024,30.54
salinity@015,2024,30.53
salinity@015,2024,30.52
salinity@015,2024,30.51
salinity@015,2024,30.49
salinity@015,2024,30.48
salinity@015,2024,30.47
salinity@015,2024,30.46
salinity@015,2024,30.44
salinity@015,2024,30.43
salinity@015,2024,30.42
salinity@015,2024,30.41
salinity@015,2024,30.4
salinity@015,2024,30.38
salinity@015,2024,30.37
salinity@015,2024,30.36
salinity@015,2024,30.35
salinity@015,2024,30.34
salinity@015,2024,30.32
salinity@015,2024,30.31
salinity@015,2024,30.3
salinity@015,2024,30.29
salinity@015,2024,30.28
salinity@015,2024,30.26
salinity@015,2024,30.25
salinity@015,2024,30.24
salinity@015,2024,30.23
salinity@015,2024,30.21
salinity@015,2024,30.2
salinity@015,2024,30.19
salinity@015,2024,30.18
salinity@015,2024,30.17
salinity@015,2024,30.15
salinity@015,2024,30.14
salinity@015,2024,30.13
salinity@015,2024,30.12
salinity@015,2024,30.11
salinity@015,2024,30.09
salinity@015,2024,30.08
salinity@015,2024,30.07
salinity@015,2024,30.06
salinity@015,2024,30.05
salinity@015,2024,30.03
salinity@015,2024,30.02
salinity@015,2024,30.01
salinity@015,2024,30
salinity@015,2024,29.99
salinity@015,2024,29.97
salinity@015,2024,29.96
salinity@015,2024,29.95
salinity@015,2024,29.94
salinity@015,2024,29.92
salinity@015,2024,29.91
salinity@015,2024,29.9
salinity@015,2024,29.89
salinity@015,2024,29.88
salinity@015,2024,29.86
salinity@015,2024,29.85
salinity@015,2024,29.84
salinity@015,2024,29.83
salinity@015,2024,29.82
salinity@015,2024,29.8
salinity@015,2024,29.79
salinity@015,2024,29.78
salinity@015,2024,29.77
salinity@015,2024,29.76
salinity@015,2024,29.74
salinity@015,2024,29.73
salinity@015,2024,29.72
salinity@015,2024,29.71
salinity@015,2024,29.69
salinity@015,2024,29.68
salinity@015,2024,29.67
salinity@015,2024,29.66
salinity@015,2024,29.65
salinity@015,2024,29.63
salinity@015,2024,29.62
salinity@015,2024,29.61
salinity@015,2024,29.6
salinity@015,2024,29.59
salinity@015,2024,29.57
salinity@015,2024,29.56
salinity@015,2024,29.55
salinity@015,2024,29.54
salinity@015,2024,29.53
salinity@015,2024,29.51
salinity@015,2024,29.5
salinity@015,2024,29.49
salinity@015,2024,29.48
salinity@015,2024,29.47
salinity@015,2024,29.45
salinity@015,2024,29.44
salinity@015,2024,29.43
salinity@015,2024,29.42
salinity@015,2024,29.4
salinity@015,2024,29.39
salinity@015,2024,29.38
salinity@015,2024,29.37
salinity@015,2024,29.36
salinity@015,2024,29.34
salinity@015,2024,29.33
salinity@015,2024,29.32
salinity@015,2024,29.31
salinity@015,2024,29.3
salinity@015,2024,29.28
salinity@015,2024,29.27
salinity@015,2024,29.26
salinity@015,2024,29.25
salinity@015,2024,29.24
salinity@015,2024,29.22
salinity@015,2024,29.21
salinity@015,2024,29.2
salinity@015,2024,29.19
salinity@015,2024,29.17
salinity@015,2024,29.16
salinity@015,2024,29.15
salinity@015,2024,29.14
salinity@015,2024,29.13
salinity@015,2024,29.11
salinity@015,2024,29.1
salinity@015,2024,29.09
salinity@015,2024,29.08
salinity@015,2024,29.07
salinity@015,2024,29.05
salinity@015,2024,29.04
salinity@015,2024,29.03
salinity@015,2024,29.02
salinity@015,2024,29.01
salinity@015,2024,28.99
salinity@015,2024,28.98
salinity@015,2024,28.97
salinity@015,2024,28.96
salinity@015,2024,28.95
salinity@015,2024,28.93
salinity@015,2024,28.92
salinity@015,2024,28.91
salinity@015,2024,28.9
salinity@015,2024,28.88
salinity@015,2024,28.87
salinity@015,2024,28.86
salinity@015,2024,28.85
salinity@015,2024,28.84
salinity@015,2024,28.82
salinity@015,2024,28.81
salinity@015,2024,28.8
salinity@015,2024,28.79
salinity@015,2024,28.78
salinity@015,2024,28.76
salinity@015,2024,28.75
salinity@015,2024,28.74
salinity@015,2024,28.73
salinity@015,2024,28.72
salinity@015,2024,28.7
salinity@015,2024,28.69
salinity@015,2024,28.68
salinity@015,2024,28.67
salinity@015,2024,28.65
salinity@015,2024,28.64
salinity@015,2024,28.63
salinity@015,2024,28.62
salinity@015,2024,28.61
salinity@015,2024,28.59
salinity@015,2024,28.58
salinity@015,2024,28.57
salinity@015,2024,28.56
salinity@015,2024,28.55
salinity@015,2024,28.53
salinity@015,2024,28.52
salinity@015,2024,28.51
salinity@015,2024,28.5
salinity@015,2024,28.49
salinity@015,2024,28.47
salinity@015,2024,28.46
salinity@015,2024,28.45
salinity@015,2024,28.44
salinity@015,2024,28.43
salinity@015,2024,28.41
salinity@015,2024,28.4
salinity@015,2024,28.39
salinity@015,2024,28.38
salinity@015,2024,28.36
salinity@015,2024,28.35
salinity@015,2024,28.34
salinity@015,2024,28.33
salinity@015,2024,28.32
salinity@015,2024,28.3
salinity@015,2024,28.29
salinity@015,2024,28.28
salinity@015,2024,28.27
salinity@015,2024,28.26
salinity@015,2024,28.24
salinity@015,2024,28.23
salinity@015,2024,28.22
salinity@015,2024,28.21
salinity@015,2024,28.2
salinity@015,2024,28.18
salinity@015,2024,28.17
salinity@015,2024,28.16
salinity@015,2024,28.15
salinity@015,2024,28.13
salinity@015,2024,28.12
salinity@015,2024,28.11
salinity@015,2024,28.1
salinity@015,2024,28.09
salinity@015,2024,28.07
salinity@015,2024,28.06
salinity@015,2024,28.05
salinity@015,2024,28.04
salinity@015,2024,28.03
salinity@015,2024,28.01
salinity@015,2024,28
salinity@015,2024,27.99
salinity@015,2024,27.98
salinity@015,2024,27.97
salinity@015,2024,27.95
salinity@015,2024,27.94
salinity@015,2024,27.93
salinity@015,2024,27.92
salinity@015,2024,27.91
salinity@015,2024,27.89
salinity@015,2024,27.88
salinity@015,2024,27.87
salinity@015,2024,27.86
salinity@015,2024,27.84
salinity@015,2024,27.83
salinity@015,2024,27.82
salinity@015,2024,27.81
salinity@015,2024,27.8
salinity@015,2024,27.78
salinity@015,2024,27.77
salinity@015,2024,27.76
salinity@015,2024,27.75
salinity@015,2024,27.74
salinity@015,2024,27.72
salinity@015,2024,27.71
salinity@015,2024,27.7
salinity@015,2024,27.69
salinity@015,2024,26.99
salinity@015,2024,26.97
salinity@015,2024,26.96
salinity@015,2024,26.95
salinity@015,2024,31.07
salinity@015,2024,31.06
salinity@015,2024,31.05
salinity@015,2024,31.04
salinity@015,2024,30.71
salinity@015,2024,30.7
salinity@015,2024,30.69
salinity@015,2024,30.67
salinity@015,2024,30.66
salinity@015,2024,30.65
salinity@015,2024,30.64
salinity@015,2024,30.63
salinity@015,2024,30.61
salinity@015,2024,30.6
salinity@015,2024,30.59
salinity@015,2024,30.58
salinity@015,2024,30.57
salinity@015,2024,30.55
salinity@015,2024,30.54
salinity@015,2024,30.53
salinity@015,2024,30.52
salinity@015,2024,30.51
salinity@015,2024,30.49
salinity@015,2024,30.48
salinity@015,2024,30.47
salinity@015,2024,30.46
salinity@015,2024,30.44
salinity@015,2024,30.43
salinity@015,2024,30.42
salinity@015,2024,30.41
salinity@015,2024,30.4
salinity@015,2024,30.38
salinity@015,2024,30.37
salinity@015,2024,30.36
salinity@015,2024,30.35
salinity@015,2024,30.34
salinity@015,2024,30.32
salinity@015,2024,30.31
salinity@015,2024,30.3
salinity@015,2024,30.29
salinity@015,2024,30.28
salinity@015,2024,30.26
salinity@015,2024,30.25
salinity@015,2024,30.24
salinity@015,2024,30.23
salinity@015,2024,30.21
salinity@015,2024,30.2
salinity@015,2024,30.19
salinity@015,2024,30.18
salinity@015,2024,30.17
salinity@015,2024,30.15
salinity@015,2024,30.14
salinity@015,2024,30.13
salinity@015,2024,30.12
salinity@015,2024,30.11
salinity@015,2024,30.09
salinity@015,2024,30.08
salinity@015,2024,30.07
salinity@015,2024,30.06
salinity@015,2024,30.05
salinity@015,2024,30.03
salinity@015,2024,30.02
salinity@015,2024,30.01
salinity@015,2024,30
salinity@015,2024,29.99
salinity@015,2024,29.97
salinity@015,2024,29.96
salinity@015,2024,29.95
salinity@015,2024,29.94
salinity@015,2024,29.92
salinity@015,2024,29.91
salinity@015,2024,29.9
salinity@015,2024,29.89
salinity@015,2024,29.88
salinity@015,2024,29.86
salinity@015,2024,29.85
salinity@015,2024,29.84
salinity@015,2024,29.83
salinity@015,2024,29.82
salinity@015,2024,29.8
salinity@015,2024,29.79
salinity@015,2024,29.78
salinity@015,2024,29.77
salinity@015,2024,29.76
salinity@015,2024,29.74
salinity@015,2024,29.73
salinity@015,2024,29.72
salinity@015,2024,29.71
salinity@015,2024,29.69
salinity@015,2024,29.68
salinity@015,2024,29.67
salinity@015,2024,29.66
salinity@015,2024,29.65
salinity@015,2024,29.63
salinity@015,2024,29.62
salinity@015,2024,29.61
salinity@015,2024,29.6
salinity@015,2024,29.59
salinity@015,2024,29.57
salinity@015,2024,29.56
salinity@015,2024,29.55
salinity@015,2024,29.54
salinity@015,2024,29.53
salinity@015,2024,29.51
salinity@015,2024,29.5
salinity@015,2024,29.49
salinity@015,2024,29.48
salinity@015,2024,29.47
salinity@015,2024,29.45
salinity@015,2024,29.44
salinity@015,2024,29.43
salinity@015,2024,29.42
salinity@015,2024,29.4
salinity@015,2024,29.39
salinity@015,2024,29.38
salinity@015,2024,29.37
salinity@015,2024,29.36
salinity@015,2024,29.34
salinity@015,2024,29.33
salinity@015,2024,29.32
salinity@015,2024,29.31
salinity@015,2024,29.3
salinity@015,2024,29.28
salinity@015,2024,29.27
salinity@015,2024,29.26
salinity@015,2024,29.25
salinity@015,2024,29.24
salinity@015,2024,29.22
salinity@015,2024,29.21
salinity@015,2024,29.2
salinity@015,2024,29.19
salinity@015,2024,29.17
salinity@015,2024,29.16
salinity@015,2024,29.15
salinity@015,2024,29.14
salinity@015,2024,29.13
salinity@015,2024,29.11
salinity@015,2024,29.1
salinity@015,2024,29.09
salinity@015,2024,29.08
salinity@015,2024,29.07
salinity@015,2024,29.05
salinity@015,2024,29.04
salinity@015,2024,29.03
salinity@015,2024,29.02
salinity@015,2024,29.01
salinity@015,2024,28.99
salinity@015,2024,28.98
salinity@015,2024,28.97
salinity@015,2024,28.96
salinity@015,2024,28.95
salinity@015,2024,28.93
salinity@015,2024,28.92
salinity@015,2024,28.91
salinity@015,2024,28.9
salinity@015,2024,28.88
salinity@015,2024,28.87
salinity@015,2024,28.86
salinity@015,2024,28.85
salinity@015,2024,28.84
salinity@015,2024,28.82
salinity@015,2024,28.81
salinity@015,2024,28.8
salinity@015,2024,28.79
salinity@015,2024,28.78
salinity@015,2024,28.76
salinity@015,2024,28.75
salinity@015,2024,28.74
salinity@015,2024,28.73
salinity@015,2024,28.72
salinity@015,2024,28.7
salinity@015,2024,28.69
salinity@015,2024,28.68
salinity@015,2024,28.67
salinity@015,2024,28.65
salinity@015,2024,28.64
salinity@015,2024,28.63
salinity@015,2024,28.62
salinity@015,2024,28.61
salinity@015,2024,28.59
salinity@015,2024,28.58
salinity@015,2024,28.57
salinity@015,2024,28.56
salinity@015,2024,28.55
salinity@015,2024,28.53
salinity@015,2024,28.52
salinity@015,2024,28.51
salinity@015,2024,28.5
salinity@015,2024,28.49
salinity@015,2024,28.47
salinity@015,2024,28.46
salinity@015,2024,28.45
salinity@015,2024,28.44
salinity@015,2024,28.43
salinity@015,2024,28.41
salinity@015,2024,28.4
salinity@015,2024,28.39
salinity@015,2024,28.38
salinity@015,2024,28.36
salinity@015,2024,28.35
salinity@015,2024,28.34
salinity@015,2024,28.33
salinity@015,2024,28.32
salinity@015,2024,28.3
salinity@015,2024,28.29
salinity@015,2024,28.28
salinity@015,2024,28.27
salinity@015,2024,28.26
salinity@015,2024,28.24
salinity@015,2024,28.23
salinity@015,2024,28.22
salinity@015,2024,28.21
salinity@015,2024,28.2
salinity@015,2024,28.18
salinity@015,2024,28.17
salinity@015,2024,28.16
salinity@015,2024,28.15
salinity@015,2024,28.13
salinity@015,2024,28.12
salinity@015,2024,28.11
salinity@015,2024,28.1
salinity@015,2024,28.09
salinity@015,2024,28.07
salinity@015,2024,28.06
salinity@015,2024,28.05
salinity@015,2024,28.04
salinity@015,2024,28.03
salinity@015,2024,28.01
salinity@015,2024,28
salinity@015,2024,27.99
salinity@015,2024,27.98
salinity@015,2024,27.97
salinity@015,2024,27.95
salinity@015,2024,27.94
salinity@015,2024,27.93
salinity@015,2024,27.92
salinity@015,2024,27.91
salinity@015,2024,27.89
salinity@015,2024,27.88
salinity@015,2024,27.87
salinity@015,2024,27.86
salinity@015,2024,27.84
salinity@015,2024,27.83
salinity@015,2024,27.82
salinity@015,2024,27.81
salinity@015,2024,27.8
salinity@015,2024,27.78
salinity@015,2024,27.77
salinity@015,2024,27.76
salinity@015,2024,27.75
salinity@015,2024,27.74
salinity@015,2024,27.72
salinity@015,2024,27.71
salinity@015,2024,27.7
salinity@015,2024,27.69
salinity@015,2024,27.68
salinity@015,2024,27.66
salinity@015,2024,27.65
salinity@015,2024,27.64
salinity@015,2024,27.63
salinity@015,2024,27.61
salinity@015,2024,27.6
salinity@015,2024,27.59
salinity@015,2024,27.58
salinity@015,2024,27.57
salinity@015,2024,27.55
salinity@015,2024,27.54
salinity@015,2024,27.53
salinity@015,2024,27.52
salinity@015,2024,27.51
salinity@015,2024,27.49
salinity@015,2024,26.99
salinity@015,2024,26.97
salinity@015,2024,26.96
salinity@015,2024,26.95
salinity@015,2024,24.93
salinity@015,2024,24.92
salinity@015,2024,24.91
salinity@015,2024,24.89
salinity@015,2024,24.88
salinity@015,2024,31.07
salinity@015,2024,31.06
salinity@015,2024,31.05
salinity@015,2024,31.04
salinity@015,2024,30.36
salinity@015,2024,30.35
salinity@015,2024,30.34
salinity@015,2024,30.32
salinity@015,2024,30.31
salinity@015,2024,30.3
salinity@015,2024,30.29
salinity@015,2024,30.28
salinity@015,2024,30.26
salinity@015,2024,30.25
salinity@015,2024,30.24
salinity@015,2024,30.23
salinity@015,2024,30.21
salinity@015,2024,30.2
salinity@015,2024,30.19
salinity@015,2024,30.18
salinity@015,2024,30.17
salinity@015,2024,30.15
salinity@015,2024,30.14
salinity@015,2024,30.13
salinity@015,2024,30.12
salinity@015,2024,30.11
salinity@015,2024,30.09
salinity@015,2024,30.08
salinity@015,2024,30.07
salinity@015,2024,30.06
salinity@015,2024,30.05
salinity@015,2024,30.03
salinity@015,2024,30.02
salinity@015,2024,30.01
salinity@015,2024,30
salinity@015,2024,29.99
salinity@015,2024,29.97
salinity@015,2024,29.96
salinity@015,2024,29.95
salinity@015,2024,29.94
salinity@015,2024,29.92
salinity@015,2024,29.91
salinity@015,2024,29.9
salinity@015,2024,29.89
salinity@015,2024,29.88
salinity@015,2024,29.86
salinity@015,2024,29.85
salinity@015,2024,29.84
salinity@015,2024,29.83
salinity@015,2024,29.82
salinity@015,2024,29.8
salinity@015,2024,29.79
salinity@015,2024,29.78
salinity@015,2024,29.77
salinity@015,2024,29.76
salinity@015,2024,29.74
salinity@015,2024,29.73
salinity@015,2024,29.72
salinity@015,2024,29.71
salinity@015,2024,29.69
salinity@015,2024,29.68
salinity@015,2024,29.67
salinity@015,2024,29.66
salinity@015,2024,29.65
salinity@015,2024,29.63
salinity@015,2024,29.62
salinity@015,2024,29.61
salinity@015,2024,29.6
salinity@015,2024,29.59
salinity@015,2024,29.57
salinity@015,2024,29.56
salinity@015,2024,29.55
salinity@015,2024,29.54
salinity@015,2024,29.53
salinity@015,2024,29.51
salinity@015,2024,29.5
salinity@015,2024,29.49
salinity@015,2024,29.48
salinity@015,2024,29.47
salinity@015,2024,29.45
salinity@015,2024,29.44
salinity@015,2024,29.43
salinity@015,2024,29.42
salinity@015,2024,29.4
salinity@015,2024,29.39
salinity@015,2024,29.38
salinity@015,2024,29.37
salinity@015,2024,29.36
salinity@015,2024,29.34
salinity@015,2024,29.33
salinity@015,2024,29.32
salinity@015,2024,29.31
salinity@015,2024,29.3
salinity@015,2024,29.28
salinity@015,2024,29.27
salinity@015,2024,29.26
salinity@015,2024,29.25
salinity@015,2024,29.24
salinity@015,2024,29.22
salinity@015,2024,29.21
salinity@015,2024,29.2
salinity@015,2024,29.19
salinity@015,2024,29.17
salinity@015,2024,29.16
salinity@015,2024,29.15
salinity@015,2024,29.14
salinity@015,2024,29.13
salinity@015,2024,29.11
salinity@015,2024,29.1
salinity@015,2024,29.09
salinity@015,2024,29.08
salinity@015,2024,29.07
salinity@015,2024,29.05
salinity@015,2024,29.04
salinity@015,2024,29.03
salinity@015,2024,29.02
salinity@015,2024,29.01
salinity@015,2024,28.99
salinity@015,2024,28.98
salinity@015,2024,28.97
salinity@015,2024,28.96
salinity@015,2024,28.95
salinity@015,2024,28.93
salinity@015,2024,28.92
salinity@015,2024,28.91
salinity@015,2024,28.9
salinity@015,2024,28.88
salinity@015,2024,28.87
salinity@015,2024,28.86
salinity@015,2024,28.85
salinity@015,2024,28.84
salinity@015,2024,28.82
salinity@015,2024,28.81
salinity@015,2024,28.8
salinity@015,2024,28.79
salinity@015,2024,28.78
salinity@015,2024,28.76
salinity@015,2024,28.75
salinity@015,2024,28.74
salinity@015,2024,28.73
salinity@015,2024,28.72
salinity@015,2024,28.7
salinity@015,2024,28.69
salinity@015,2024,28.68
salinity@015,2024,28.67
salinity@015,2024,28.65
salinity@015,2024,28.64
salinity@015,2024,28.63
salinity@015,2024,28.62
salinity@015,2024,28.61
salinity@015,2024,28.59
salinity@015,2024,28.58
salinity@015,2024,28.57
salinity@015,2024,28.56
salinity@015,2024,28.55
salinity@015,2024,28.53
salinity@015,2024,28.52
salinity@015,2024,28.51
salinity@015,2024,28.5
salinity@015,2024,28.49
salinity@015,2024,28.47
salinity@015,2024,28.46
salinity@015,2024,28.45
salinity@015,2024,28.44
salinity@015,2024,28.43
salinity@015,2024,28.41
salinity@015,2024,28.4
salinity@015,2024,28.39
salinity@015,2024,28.38
salinity@015,2024,28.36
salinity@015,2024,28.35
salinity@015,2024,28.34
salinity@015,2024,28.33
salinity@015,2024,28.32
salinity@015,2024,28.3
salinity@015,2024,28.29
salinity@015,2024,28.28
salinity@015,2024,28.27
salinity@015,2024,28.26
salinity@015,2024,28.24
salinity@015,2024,28.23
salinity@015,2024,28.22
salinity@015,2024,28.21
salinity@015,2024,28.2
salinity@015,2024,28.18
salinity@015,2024,28.17
salinity@015,2024,28.16
salinity@015,2024,28.15
salinity@015,2024,28.13
salinity@015,2024,28.12
salinity@015,2024,28.11
salinity@015,2024,28.1
salinity@015,2024,28.09
salinity@015,2024,28.07
salinity@015,2024,28.06
salinity@015,2024,28.05
salinity@015,2024,28.04
salinity@015,2024,28.03
salinity@015,2024,28.01
salinity@015,2024,28
salinity@015,2024,27.99
salinity@015,2024,27.98
salinity@015,2024,27.97
salinity@015,2024,27.95
salinity@015,2024,27.94
salinity@015,2024,27.93
salinity@015,2024,27.92
salinity@015,2024,27.91
salinity@015,2024,27.89
salinity@015,2024,27.88
salinity@015,2024,27.87
salinity@015,2024,27.86
salinity@015,2024,27.84
salinity@015,2024,27.83
salinity@015,2024,27.82
salinity@015,2024,27.81
salinity@015,2024,27.8
salinity@015,2024,27.78
salinity@015,2024,27.77
salinity@015,2024,27.76
salinity@015,2024,27.75
salinity@015,2024,27.74
salinity@015,2024,27.72
salinity@015,2024,27.71
salinity@015,2024,27.7
salinity@015,2024,27.69
salinity@015,2024,27.68
salinity@015,2024,27.66
salinity@015,2024,27.65
salinity@015,2024,27.64
salinity@015,2024,27.63
salinity@015,2024,27.61
salinity@015,2024,27.6
salinity@015,2024,27.59
salinity@015,2024,27.58
salinity@015,2024,27.57
salinity@015,2024,27.55
salinity@015,2024,27.54
salinity@015,2024,27.53
salinity@015,2024,27.52
salinity@015,2024,27.51
salinity@015,2024,27.49
salinity@015,2024,27.48
salinity@015,2024,27.47
salinity@015,2024,27.46
salinity@015,2024,27.45
salinity@015,2024,27.43
salinity@015,2024,27.42
salinity@015,2024,27.41
salinity@015,2024,27.4
salinity@015,2024,27.39
salinity@015,2024,27.37
salinity@015,2024,26.99
salinity@015,2024,26.97
salinity@015,2024,26.96
salinity@015,2024,26.95
salinity@015,2024,24.93
salinity@015,2024,24.92
salinity@015,2024,24.91
salinity@015,2024,24.89
salinity@015,2024,24.88
salinity@015,2024,31.07
salinity@015,2024,31.06
salinity@015,2024,31.05
salinity@015,2024,31.04
salinity@015,2024,30
salinity@015,2024,29.99
salinity@015,2024,29.97
salinity@015,2024,29.96
salinity@015,2024,29.95
salinity@015,2024,29.94
salinity@015,2024,29.92
salinity@015,2024,29.91
salinity@015,2024,29.9
salinity@015,2024,29.89
salinity@015,2024,29.88
salinity@015,2024,29.86
salinity@015,2024,29.85
salinity@015,2024,29.84
salinity@015,2024,29.83
salinity@015,2024,29.82
salinity@015,2024,29.8
salinity@015,2024,29.79
salinity@015,2024,29.78
salinity@015,2024,29.77
salinity@015,2024,29.76
salinity@015,2024,29.74
salinity@015,2024,29.73
salinity@015,2024,29.72
salinity@015,2024,29.71
salinity@015,2024,29.69
salinity@015,2024,29.68
salinity@015,2024,29.67
salinity@015,2024,29.66
salinity@015,2024,29.65
salinity@015,2024,29.63
salinity@015,2024,29.62
salinity@015,2024,29.61
salinity@015,2024,29.6
salinity@015,2024,29.59
salinity@015,2024,29.57
salinity@015,2024,29.56
salinity@015,2024,29.55
salinity@015,2024,29.54
salinity@015,2024,29.53
salinity@015,2024,29.51
salinity@015,2024,29.5
salinity@015,2024,29.49
salinity@015,2024,29.48
salinity@015,2024,29.47
salinity@015,2024,29.45
salinity@015,2024,29.44
salinity@015,2024,29.43
salinity@015,2024,29.42
salinity@015,2024,29.4
salinity@015,2024,29.39
salinity@015,2024,29.38
salinity@015,2024,29.37
salinity@015,2024,29.36
salinity@015,2024,29.34
salinity@015,2024,29.33
salinity@015,2024,29.32
salinity@015,2024,29.31
salinity@015,2024,29.3
salinity@015,2024,29.28
salinity@015,2024,29.27
salinity@015,2024,29.26
salinity@015,2024,29.25
salinity@015,2024,29.24
salinity@015,2024,29.22
salinity@015,2024,29.21
salinity@015,2024,29.2
salinity@015,2024,29.19
salinity@015,2024,29.17
salinity@015,2024,29.16
salinity@015,2024,29.15
salinity@015,2024,29.14
salinity@015,2024,29.13
salinity@015,2024,29.11
salinity@015,2024,29.1
salinity@015,2024,29.09
salinity@015,2024,29.08
salinity@015,2024,29.07
salinity@015,2024,29.05
salinity@015,2024,29.04
salinity@015,2024,29.03
salinity@015,2024,29.02
salinity@015,2024,29.01
salinity@015,2024,28.99
salinity@015,2024,28.98
salinity@015,2024,28.97
salinity@015,2024,28.96
salinity@015,2024,28.95
salinity@015,2024,28.93
salinity@015,2024,28.92
salinity@015,2024,28.91
salinity@015,2024,28.9
salinity@015,2024,28.88
salinity@015,2024,28.87
salinity@015,2024,28.86
salinity@015,2024,28.85
salinity@015,2024,28.84
salinity@015,2024,28.82
salinity@015,2024,28.81
salinity@015,2024,28.8
salinity@015,2024,28.79
salinity@015,2024,28.78
salinity@015,2024,28.76
salinity@015,2024,28.75
salinity@015,2024,28.74
salinity@015,2024,28.73
salinity@015,2024,28.72
salinity@015,2024,28.7
salinity@015,2024,28.69
salinity@015,2024,28.68
salinity@015,2024,28.67
salinity@015,2024,28.65
salinity@015,2024,28.64
salinity@015,2024,28.63
salinity@015,2024,28.62
salinity@015,2024,28.61
salinity@015,2024,28.59
salinity@015,2024,28.58
salinity@015,2024,28.57
salinity@015,2024,28.56
salinity@015,2024,28.55
salinity@015,2024,28.53
salinity@015,2024,28.52
salinity@015,2024,28.51
salinity@015,2024,28.5
salinity@015,2024,28.49
salinity@015,2024,28.47
salinity@015,2024,28.46
salinity@015,2024,28.45
salinity@015,2024,28.44
salinity@015,2024,28.43
salinity@015,2024,28.41
salinity@015,2024,28.4
salinity@015,2024,28.39
salinity@015,2024,28.38
salinity@015,2024,28.36
salinity@015,2024,28.35
salinity@015,2024,28.34
salinity@015,2024,28.33
salinity@015,2024,28.32
salinity@015,2024,28.3
salinity@015,2024,28.29
salinity@015,2024,28.28
salinity@015,2024,28.27
salinity@015,2024,28.26
salinity@015,2024,28.24
salinity@015,2024,28.23
salinity@015,2024,28.22
salinity@015,2024,28.21
salinity@015,2024,28.2
salinity@015,2024,28.18
salinity@015,2024,28.17
salinity@015,2024,28.16
salinity@015,2024,28.15
salinity@015,2024,28.13
salinity@015,2024,28.12
salinity@015,2024,28.11
salinity@015,2024,28.1
salinity@015,2024,28.09
salinity@015,2024,28.07
salinity@015,2024,28.06
salinity@015,2024,28.05
salinity@015,2024,28.04
salinity@015,2024,28.03
salinity@015,2024,28.01
salinity@015,2024,28
salinity@015,2024,27.99
salinity@015,2024,27.98
salinity@015,2024,27.97
salinity@015,2024,27.95
salinity@015,2024,27.94
salinity@015,2024,27.93
salinity@015,2024,27.92
salinity@015,2024,27.91
salinity@015,2024,27.89
salinity@015,2024,27.88
salinity@015,2024,27.87
salinity@015,2024,27.86
salinity@015,2024,27.84
salinity@015,2024,27.83
salinity@015,2024,27.82
salinity@015,2024,27.81
salinity@015,2024,27.8
salinity@015,2024,27.78
salinity@015,2024,27.77
salinity@015,2024,27.76
salinity@015,2024,27.75
salinity@015,2024,27.74
salinity@015,2024,27.72
salinity@015,2024,27.71
salinity@015,2024,27.7
salinity@015,2024,27.69
salinity@015,2024,27.68
salinity@015,2024,27.66
salinity@015,2024,27.65
salinity@015,2024,27.64
salinity@015,2024,27.63
salinity@015,2024,27.61
salinity@015,2024,27.6
salinity@015,2024,27.59
salinity@015,2024,27.58
salinity@015,2024,27.57
salinity@015,2024,27.55
salinity@015,2024,27.54
salinity@015,2024,27.53
salinity@015,2024,27.52
salinity@015,2024,27.51
salinity@015,2024,27.49
salinity@015,2024,27.48
salinity@015,2024,27.47
salinity@015,2024,27.46
salinity@015,2024,27.45
salinity@015,2024,27.43
salinity@015,2024,27.42
salinity@015,2024,27.41
salinity@015,2024,27.4
salinity@015,2024,27.39
salinity@015,2024,27.37
salinity@015,2024,27.36
salinity@015,2024,27.35
salinity@015,2024,27.34
salinity@015,2024,27.32
salinity@015,2024,27.31
salinity@015,2024,27.3
salinity@015,2024,27.29
salinity@015,2024,27.28
salinity@015,2024,27.26
salinity@015,2024,27.25
salinity@015,2024,27.24
salinity@015,2024,26.99
salinity@015,2024,26.97
salinity@015,2024,26.96
salinity@015,2024,26.95
salinity@015,2024,24.93
salinity@015,2024,24.92
salinity@015,2024,24.91
salinity@015,2024,24.89
salinity@015,2024,24.88
salinity@015,2024,31.07
salinity@015,2024,31.06
salinity@015,2024,31.05
salinity@015,2024,31.04
salinity@015,2024,29.65
salinity@015,2024,29.63
salinity@015,2024,29.62
salinity@015,2024,29.61
salinity@015,2024,29.6
salinity@015,2024,29.59
salinity@015,2024,29.57
salinity@015,2024,29.56
salinity@015,2024,29.55
salinity@015,2024,29.54
salinity@015,2024,29.53
salinity@015,2024,29.51
salinity@015,2024,29.5
salinity@015,2024,29.49
salinity@015,2024,29.48
salinity@015,2024,29.47
salinity@015,2024,29.45
salinity@015,2024,29.44
salinity@015,2024,29.43
salinity@015,2024,29.42
salinity@015,2024,29.4
salinity@015,2024,29.39
salinity@015,2024,29.38
salinity@015,2024,29.37
salinity@015,2024,29.36
salinity@015,2024,29.34
salinity@015,2024,29.33
salinity@015,2024,29.32
salinity@015,2024,29.31
salinity@015,2024,29.3
salinity@015,2024,29.28
salinity@015,2024,29.27
salinity@015,2024,29.26
salinity@015,2024,29.25
salinity@015,2024,29.24
salinity@015,2024,29.22
salinity@015,2024,29.21
salinity@015,2024,29.2
salinity@015,2024,29.19
salinity@015,2024,29.17
salinity@015,2024,29.16
salinity@015,2024,29.15
salinity@015,2024,29.14
salinity@015,2024,29.13
salinity@015,2024,29.11
salinity@015,2024,29.1
salinity@015,2024,29.09
salinity@015,2024,29.08
salinity@015,2024,29.07
salinity@015,2024,29.05
salinity@015,2024,29.04
salinity@015,2024,29.03
salinity@015,2024,29.02
salinity@015,2024,29.01
salinity@015,2024,28.99
salinity@015,2024,28.98
salinity@015,2024,28.97
salinity@015,2024,28.96
salinity@015,2024,28.95
salinity@015,2024,28.93
salinity@015,2024,28.92
salinity@015,2024,28.91
salinity@015,2024,28.9
salinity@015,2024,28.88
salinity@015,2024,28.87
salinity@015,2024,28.86
salinity@015,2024,28.85
salinity@015,2024,28.84
salinity@015,2024,28.82
salinity@015,2024,28.81
salinity@015,2024,28.8
salinity@015,2024,28.79
salinity@015,2024,28.78
salinity@015,2024,28.76
salinity@015,2024,28.75
salinity@015,2024,28.74
salinity@015,2024,28.73
salinity@015,2024,28.72
salinity@015,2024,28.7
salinity@015,2024,28.69
salinity@015,2024,28.68
salinity@015,2024,28.67
salinity@015,2024,28.65
salinity@015,2024,28.64
salinity@015,2024,28.63
salinity@015,2024,28.62
salinity@015,2024,28.61
salinity@015,2024,28.59
salinity@015,2024,28.58
salinity@015,2024,28.57
salinity@015,2024,28.56
salinity@015,2024,28.55
salinity@015,2024,28.53
salinity@015,2024,28.52
salinity@015,2024,28.51
salinity@015,2024,28.5
salinity@015,2024,28.49
salinity@015,2024,28.47
salinity@015,2024,28.46
salinity@015,2024,28.45
salinity@015,2024,28.44
salinity@015,2024,28.43
salinity@015,2024,28.41
salinity@015,2024,28.4
salinity@015,2024,28.39
salinity@015,2024,28.38
salinity@015,2024,28.36
salinity@015,2024,28.35
salinity@015,2024,28.34
salinity@015,2024,28.33
salinity@015,2024,28.32
salinity@015,2024,28.3
salinity@015,2024,28.29
salinity@015,2024,28.28
salinity@015,2024,28.27
salinity@015,2024,28.26
salinity@015,2024,28.24
salinity@015,2024,28.23
salinity@015,2024,28.22
salinity@015,2024,28.21
salinity@015,2024,28.2
salinity@015,2024,28.18
salinity@015,2024,28.17
salinity@015,2024,28.16
salinity@015,2024,28.15
salinity@015,2024,28.13
salinity@015,2024,28.12
salinity@015,2024,28.11
salinity@015,2024,28.1
salinity@015,2024,28.09
salinity@015,2024,28.07
salinity@015,2024,28.06
salinity@015,2024,28.05
salinity@015,2024,28.04
salinity@015,2024,28.03
salinity@015,2024,28.01
salinity@015,2024,28
salinity@015,2024,27.99
salinity@015,2024,27.98
salinity@015,2024,27.97
salinity@015,2024,27.95
salinity@015,2024,27.94
salinity@015,2024,27.93
salinity@015,2024,27.92
salinity@015,2024,27.91
salinity@015,2024,27.89
salinity@015,2024,27.88
salinity@015,2024,27.87
salinity@015,2024,27.86
salinity@015,2024,27.84
salinity@015,2024,27.83
salinity@015,2024,27.82
salinity@015,2024,27.81
salinity@015,2024,27.8
salinity@015,2024,27.78
salinity@015,2024,27.77
salinity@015,2024,27.76
salinity@015,2024,27.75
salinity@015,2024,27.74
salinity@015,2024,27.72
salinity@015,2024,27.71
salinity@015,2024,27.7
salinity@015,2024,27.69
salinity@015,2024,27.68
salinity@015,2024,27.66
salinity@015,2024,27.65
salinity@015,2024,27.64
salinity@015,2024,27.63
salinity@015,2024,27.61
salinity@015,2024,27.6
salinity@015,2024,27.59
salinity@015,2024,27.58
salinity@015,2024,27.57
salinity@015,2024,27.55
salinity@015,2024,27.54
salinity@015,2024,27.53
salinity@015,2024,27.52
salinity@015,2024,27.51
salinity@015,2024,27.49
salinity@015,2024,27.48
salinity@015,2024,27.47
salinity@015,2024,27.46
salinity@015,2024,27.45
salinity@015,2024,27.43
salinity@015,2024,27.42
salinity@015,2024,27.41
salinity@015,2024,27.4
salinity@015,2024,27.39
salinity@015,2024,27.37
salinity@015,2024,27.36
salinity@015,2024,27.35
salinity@015,2024,27.34
salinity@015,2024,27.32
salinity@015,2024,27.31
salinity@015,2024,27.3
salinity@015,2024,27.29
salinity@015,2024,27.28
salinity@015,2024,27.26
salinity@015,2024,27.25
salinity@015,2024,27.24
salinity@015,2024,27.23
salinity@015,2024,27.22
salinity@015,2024,27.2
salinity@015,2024,27.19
salinity@015,2024,27.18
salinity@015,2024,27.17
salinity@015,2024,27.16
salinity@015,2024,27.14
salinity@015,2024,27.13
salinity@015,2024,27.12
salinity@015,2024,26.99
salinity@015,2024,26.97
salinity@015,2024,26.96
salinity@015,2024,26.95
salinity@015,2024,24.93
salinity@015,2024,24.92
salinity@015,2024,24.91
salinity@015,2024,24.89
salinity@015,2024,24.88
salinity@015,2024,31.07
salinity@015,2024,31.06
salinity@015,2024,31.05
salinity@015,2024,31.04
salinity@015,2024,29.3
salinity@015,2024,29.28
salinity@015,2024,29.27
salinity@015,2024,29.26
salinity@015,2024,29.25
salinity@015,2024,29.24
salinity@015,2024,29.22
salinity@015,2024,29.21
salinity@015,2024,29.2
salinity@015,2024,29.19
salinity@015,2024,29.17
salinity@015,2024,29.16
salinity@015,2024,29.15
salinity@015,2024,29.14
salinity@015,2024,29.13
salinity@015,2024,29.11
salinity@015,2024,29.1
salinity@015,2024,29.09
salinity@015,2024,29.08
salinity@015,2024,29.07
salinity@015,2024,29.05
salinity@015,2024,29.04
salinity@015,2024,29.03
salinity@015,2024,29.02
salinity@015,2024,29.01
salinity@015,2024,28.99
salinity@015,2024,28.98
salinity@015,2024,28.97
salinity@015,2024,28.96
salinity@015,2024,28.95
salinity@015,2024,28.93
salinity@015,2024,28.92
salinity@015,2024,28.91
salinity@015,2024,28.9
salinity@015,2024,28.88
salinity@015,2024,28.87
salinity@015,2024,28.86
salinity@015,2024,28.85
salinity@015,2024,28.84
salinity@015,2024,28.82
salinity@015,2024,28.81
salinity@015,2024,28.8
salinity@015,2024,28.79
salinity@015,2024,28.78
salinity@015,2024,28.76
salinity@015,2024,28.75
salinity@015,2024,28.74
salinity@015,2024,28.73
salinity@015,2024,28.72
salinity@015,2024,28.7
salinity@015,2024,28.69
salinity@015,2024,28.68
salinity@015,2024,28.67
salinity@015,2024,28.65
salinity@015,2024,28.64
salinity@015,2024,28.63
salinity@015,2024,28.62
salinity@015,2024,28.61
salinity@015,2024,28.59
salinity@015,2024,28.58
salinity@015,2024,28.57
salinity@015,2024,28.56
salinity@015,2024,28.55
salinity@015,2024,28.53
salinity@015,2024,28.52
salinity@015,2024,28.51
salinity@015,2024,28.5
salinity@015,2024,28.49
salinity@015,2024,28.47
salinity@015,2024,28.46
salinity@015,2024,28.45
salinity@015,2024,28.44
salinity@015,2024,28.43
salinity@015,2024,28.41
salinity@015,2024,28.4
salinity@015,2024,28.39
salinity@015,2024,28.38
salinity@015,2024,28.36
salinity@015,2024,28.35
salinity@015,2024,28.34
salinity@015,2024,28.33
salinity@015,2024,28.32
salinity@015,2024,28.3
salinity@015,2024,28.29
salinity@015,2024,28.28
salinity@015,2024,28.27
salinity@015,2024,28.26
salinity@015,2024,28.24
salinity@015,2024,28.23
salinity@015,2024,28.22
salinity@015,2024,28.21
salinity@015,2024,28.2
salinity@015,2024,28.18
salinity@015,2024,28.17
salinity@015,2024,28.16
salinity@015,2024,28.15
salinity@015,2024,28.13
salinity@015,2024,28.12
salinity@015,2024,28.11
salinity@015,2024,28.1
salinity@015,2024,28.09
salinity@015,2024,28.07
salinity@015,2024,28.06
salinity@015,2024,28.05
salinity@015,2024,28.04
salinity@015,2024,28.03
salinity@015,2024,28.01
salinity@015,2024,28
salinity@015,2024,27.99
salinity@015,2024,27.98
salinity@015,2024,27.97
salinity@015,2024,27.95
salinity@015,2024,27.94
salinity@015,2024,27.93
salinity@015,2024,27.92
salinity@015,2024,27.91
salinity@015,2024,27.89
salinity@015,2024,27.88
salinity@015,2024,27.87
salinity@015,2024,27.86
salinity@015,2024,27.84
salinity@015,2024,27.83
salinity@015,2024,27.82
salinity@015,2024,27.81
salinity@015,2024,27.8
salinity@015,2024,27.78
salinity@015,2024,27.77
salinity@015,2024,27.76
salinity@015,2024,27.75
salinity@015,2024,27.74
salinity@015,2024,27.72
salinity@015,2024,27.71
salinity@015,2024,27.7
salinity@015,2024,27.69
salinity@015,2024,27.68
salinity@015,2024,27.66
salinity@015,2024,27.65
salinity@015,2024,27.64
salinity@015,2024,27.63
salinity@015,2024,27.61
salinity@015,2024,27.6
salinity@015,2024,27.59
salinity@015,2024,27.58
salinity@015,2024,27.57
salinity@015,2024,27.55
salinity@015,2024,27.54
salinity@015,2024,27.53
salinity@015,2024,27.52
salinity@015,2024,27.51
salinity@015,2024,27.49
salinity@015,2024,27.48
salinity@015,2024,27.47
salinity@015,2024,27.46
salinity@015,2024,27.45
salinity@015,2024,27.43
salinity@015,2024,27.42
salinity@015,2024,27.41
salinity@015,2024,27.4
salinity@015,2024,27.39
salinity@015,2024,27.37
salinity@015,2024,27.36
salinity@015,2024,27.35
salinity@015,2024,27.34
salinity@015,2024,27.32
salinity@015,2024,27.31
salinity@015,2024,27.3
salinity@015,2024,27.29
salinity@015,2024,27.28
salinity@015,2024,27.26
salinity@015,2024,27.25
salinity@015,2024,27.24
salinity@015,2024,27.23
salinity@015,2024,27.22
salinity@015,2024,27.2
salinity@015,2024,27.19
salinity@015,2024,27.18
salinity@015,2024,27.17
salinity@015,2024,27.16
salinity@015,2024,27.14
salinity@015,2024,27.13
salinity@015,2024,27.12
salinity@015,2024,27.11
salinity@015,2024,27.09
salinity@015,2024,27.08
salinity@015,2024,27.07
salinity@015,2024,27.06
salinity@015,2024,27.05
salinity@015,2024,27.03
salinity@015,2024,27.02
salinity@015,2024,27.01
salinity@015,2024,27
salinity@015,2024,26.99
salinity@015,2024,26.97
salinity@015,2024,26.96
salinity@015,2024,26.95
salinity@015,2024,24.93
salinity@015,2024,24.92
salinity@015,2024,24.91
salinity@015,2024,24.89
salinity@015,2024,24.88
salinity@015,2024,31.07
salinity@015,2024,31.06
salinity@015,2024,31.05
salinity@015,2024,31.04
salinity@015,2024,29.05
salinity@015,2024,29.04
salinity@015,2024,29.03
salinity@015,2024,29.02
salinity@015,2024,28.95
salinity@015,2024,28.93
salinity@015,2024,28.92
salinity@015,2024,28.91
salinity@015,2024,28.9
salinity@015,2024,28.88
salinity@015,2024,28.87
salinity@015,2024,28.86
salinity@015,2024,28.85
salinity@015,2024,28.84
salinity@015,2024,28.82
salinity@015,2024,28.81
salinity@015,2024,28.8
salinity@015,2024,28.79
salinity@015,2024,28.78
salinity@015,2024,28.76
salinity@015,2024,28.75
salinity@015,2024,28.74
salinity@015,2024,28.73
salinity@015,2024,28.72
salinity@015,2024,28.7
salinity@015,2024,28.69
salinity@015,2024,28.68
salinity@015,2024,28.67
salinity@015,2024,28.65
salinity@015,2024,28.64
salinity@015,2024,28.63
salinity@015,2024,28.62
salinity@015,2024,28.61
salinity@015,2024,28.59
salinity@015,2024,28.58
salinity@015,2024,28.57
salinity@015,2024,28.56
salinity@015,2024,28.55
salinity@015,2024,28.53
salinity@015,2024,28.52
salinity@015,2024,28.51
salinity@015,2024,28.5
salinity@015,2024,28.49
salinity@015,2024,28.47
salinity@015,2024,28.46
salinity@015,2024,28.45
salinity@015,2024,28.44
salinity@015,2024,28.43
salinity@015,2024,28.41
salinity@015,2024,28.4
salinity@015,2024,28.39
salinity@015,2024,28.38
salinity@015,2024,28.36
salinity@015,2024,28.35
salinity@015,2024,28.34
salinity@015,2024,28.33
salinity@015,2024,28.32
salinity@015,2024,28.3
salinity@015,2024,28.29
salinity@015,2024,28.28
salinity@015,2024,28.27
salinity@015,2024,28.26
salinity@015,2024,28.24
salinity@015,2024,28.23
salinity@015,2024,28.22
salinity@015,2024,28.21
salinity@015,2024,28.2
salinity@015,2024,28.18
salinity@015,2024,28.17
salinity@015,2024,28.16
salinity@015,2024,28.15
salinity@015,2024,28.13
salinity@015,2024,28.12
salinity@015,2024,28.11
salinity@015,2024,28.1
salinity@015,2024,28.09
salinity@015,2024,28.07
salinity@015,2024,28.06
salinity@015,2024,28.05
salinity@015,2024,28.04
salinity@015,2024,28.03
salinity@015,2024,28.01
salinity@015,2024,28
salinity@015,2024,27.99
salinity@015,2024,27.98
salinity@015,2024,27.97
salinity@015,2024,27.95
salinity@015,2024,27.94
salinity@015,2024,27.93
salinity@015,2024,27.92
salinity@015,2024,27.91
salinity@015,2024,27.89
salinity@015,2024,27.88
salinity@015,2024,27.87
salinity@015,2024,27.86
salinity@015,2024,27.84
salinity@015,2024,27.83
salinity@015,2024,27.82
salinity@015,2024,27.81
salinity@015,2024,27.8
salinity@015,2024,27.78
salinity@015,2024,27.77
salinity@015,2024,27.76
salinity@015,2024,27.75
salinity@015,2024,27.74
salinity@015,2024,27.72
salinity@015,2024,27.71
salinity@015,2024,27.7
salinity@015,2024,27.69
salinity@015,2024,27.68
salinity@015,2024,27.66
salinity@015,2024,27.65
salinity@015,2024,27.64
salinity@015,2024,27.63
salinity@015,2024,27.61
salinity@015,2024,27.6
salinity@015,2024,27.59
salinity@015,2024,27.58
salinity@015,2024,27.57
salinity@015,2024,27.55
salinity@015,2024,27.54
salinity@015,2024,27.53
salinity@015,2024,27.52
salinity@015,2024,27.51
salinity@015,2024,27.49
salinity@015,2024,27.48
salinity@015,2024,27.47
salinity@015,2024,27.46
salinity@015,2024,27.45
salinity@015,2024,27.43
salinity@015,2024,27.42
salinity@015,2024,27.41
salinity@015,2024,27.4
salinity@015,2024,27.39
salinity@015,2024,27.37
salinity@015,2024,27.36
salinity@015,2024,27.35
salinity@015,2024,27.34
salinity@015,2024,27.32
salinity@015,2024,27.31
salinity@015,2024,27.3
salinity@015,2024,27.29
salinity@015,2024,27.28
salinity@015,2024,27.26
salinity@015,2024,27.25
salinity@015,2024,27.24
salinity@015,2024,27.23
salinity@015,2024,27.22
salinity@015,2024,27.2
salinity@015,2024,27.19
salinity@015,2024,27.18
salinity@015,2024,27.17
salinity@015,2024,27.16
salinity@015,2024,27.14
salinity@015,2024,27.13
salinity@015,2024,27.12
salinity@015,2024,27.11
salinity@015,2024,27.09
salinity@015,2024,27.08
salinity@015,2024,27.07
salinity@015,2024,27.06
salinity@015,2024,27.05
salinity@015,2024,27.03
salinity@015,2024,27.02
salinity@015,2024,27.01
salinity@015,2024,27
salinity@015,2024,26.99
salinity@015,2024,26.97
salinity@015,2024,26.96
salinity@015,2024,26.95
salinity@015,2024,26.94
salinity@015,2024,26.93
salinity@015,2024,26.91
salinity@015,2024,26.9
salinity@015,2024,26.89
salinity@015,2024,26.88
salinity@015,2024,26.87
salinity@015,2024,24.93
salinity@015,2024,24.92
salinity@015,2024,24.91
salinity@015,2024,24.89
salinity@015,2024,24.88
salinity@015,2024,31.07
salinity@015,2024,31.06
salinity@015,2024,31.05
salinity@015,2024,31.04
salinity@015,2024,29.05
salinity@015,2024,29.04
salinity@015,2024,29.03
salinity@015,2024,29.02
salinity@015,2024,28.59
salinity@015,2024,28.58
salinity@015,2024,28.57
salinity@015,2024,28.56
salinity@015,2024,28.55
salinity@015,2024,28.53
salinity@015,2024,28.52
salinity@015,2024,28.51
salinity@015,2024,28.5
salinity@015,2024,28.49
salinity@015,2024,28.47
salinity@015,2024,28.46
salinity@015,2024,28.45
salinity@015,2024,28.44
salinity@015,2024,28.43
salinity@015,2024,28.41
salinity@015,2024,28.4
salinity@015,2024,28.39
salinity@015,2024,28.38
salinity@015,2024,28.36
salinity@015,2024,28.35
salinity@015,2024,28.34
salinity@015,2024,28.33
salinity@015,2024,28.32
salinity@015,2024,28.3
salinity@015,2024,28.29
salinity@015,2024,28.28
salinity@015,2024,28.27
salinity@015,2024,28.26
salinity@015,2024,28.24
salinity@015,2024,28.23
salinity@015,2024,28.22
salinity@015,2024,28.21
salinity@015,2024,28.2
salinity@015,2024,28.18
salinity@015,2024,28.17
salinity@015,2024,28.16
salinity@015,2024,28.15
salinity@015,2024,28.13
salinity@015,2024,28.12
salinity@015,2024,28.11
salinity@015,2024,28.1
salinity@015,2024,28.09
salinity@015,2024,28.07
salinity@015,2024,28.06
salinity@015,2024,28.05
salinity@015,2024,28.04
salinity@015,2024,28.03
salinity@015,2024,28.01
salinity@015,2024,28
salinity@015,2024,27.99
salinity@015,2024,27.98
salinity@015,2024,27.97
salinity@015,2024,27.95
salinity@015,2024,27.94
salinity@015,2024,27.93
salinity@015,2024,27.92
salinity@015,2024,27.91
salinity@015,2024,27.89
salinity@015,2024,27.88
salinity@015,2024,27.87
salinity@015,2024,27.86
salinity@015,2024,27.84
salinity@015,2024,27.83
salinity@015,2024,27.82
salinity@015,2024,27.81
salinity@015,2024,27.8
salinity@015,2024,27.78
salinity@015,2024,27.77
salinity@015,2024,27.76
salinity@015,2024,27.75
salinity@015,2024,27.74
salinity@015,2024,27.72
salinity@015,2024,27.71
salinity@015,2024,27.7
salinity@015,2024,27.69
salinity@015,2024,27.68
salinity@015,2024,27.66
salinity@015,2024,27.65
salinity@015,2024,27.64
salinity@015,2024,27.63
salinity@015,2024,27.61
salinity@015,2024,27.6
salinity@015,2024,27.59
salinity@015,2024,27.58
salinity@015,2024,27.57
salinity@015,2024,27.55
salinity@015,2024,27.54
salinity@015,2024,27.53
salinity@015,2024,27.52
salinity@015,2024,27.51
salinity@015,2024,27.49
salinity@015,2024,27.48
salinity@015,2024,27.47
salinity@015,2024,27.46
salinity@015,2024,27.45
salinity@015,2024,27.43
salinity@015,2024,27.42
salinity@015,2024,27.41
salinity@015,2024,27.4
salinity@015,2024,27.39
salinity@015,2024,27.37
salinity@015,2024,27.36
salinity@015,2024,27.35
salinity@015,2024,27.34
salinity@015,2024,27.32
salinity@015,2024,27.31
salinity@015,2024,27.3
salinity@015,2024,27.29
salinity@015,2024,27.28
salinity@015,2024,27.26
salinity@015,2024,27.25
salinity@015,2024,27.24
salinity@015,2024,27.23
salinity@015,2024,27.22
salinity@015,2024,27.2
salinity@015,2024,27.19
salinity@015,2024,27.18
salinity@015,2024,27.17
salinity@015,2024,27.16
salinity@015,2024,27.14
salinity@015,2024,27.13
salinity@015,2024,27.12
salinity@015,2024,27.11
salinity@015,2024,27.09
salinity@015,2024,27.08
salinity@015,2024,27.07
salinity@015,2024,27.06
salinity@015,2024,27.05
salinity@015,2024,27.03
salinity@015,2024,27.02
salinity@015,2024,27.01
salinity@015,2024,27
salinity@015,2024,26.99
salinity@015,2024,26.97
salinity@015,2024,26.96
salinity@015,2024,26.95
salinity@015,2024,26.94
salinity@015,2024,26.93
salinity@015,2024,26.91
salinity@015,2024,26.9
salinity@015,2024,26.89
salinity@015,2024,26.88
salinity@015,2024,26.87
salinity@015,2024,26.85
salinity@015,2024,26.84
salinity@015,2024,26.83
salinity@015,2024,26.82
salinity@015,2024,26.8
salinity@015,2024,26.79
salinity@015,2024,26.78
salinity@015,2024,26.77
salinity@015,2024,26.76
salinity@015,2024,26.74
salinity@015,2024,26.73
salinity@015,2024,24.93
salinity@015,2024,24.92
salinity@015,2024,24.91
salinity@015,2024,24.89
salinity@015,2024,24.88
salinity@015,2024,31.07
salinity@015,2024,31.06
salinity@015,2024,31.05
salinity@015,2024,31.04
salinity@015,2024,29.05
salinity@015,2024,29.04
salinity@015,2024,29.03
salinity@015,2024,29.02
salinity@015,2024,28.23
salinity@015,2024,28.22
salinity@015,2024,28.21
salinity@015,2024,28.2
salinity@015,2024,28.18
salinity@015,2024,28.17
salinity@015,2024,28.16
salinity@015,2024,28.15
salinity@015,2024,28.13
salinity@015,2024,28.12
salinity@015,2024,28.11
salinity@015,2024,28.1
salinity@015,2024,28.09
salinity@015,2024,28.07
salinity@015,2024,28.06
salinity@015,2024,28.05
salinity@015,2024,28.04
salinity@015,2024,28.03
salinity@015,2024,28.01
salinity@015,2024,28
salinity@015,2024,27.99
salinity@015,2024,27.98
salinity@015,2024,27.97
salinity@015,2024,27.95
salinity@015,2024,27.94
salinity@015,2024,27.93
salinity@015,2024,27.92
salinity@015,2024,27.91
salinity@015,2024,27.89
salinity@015,2024,27.88
salinity@015,2024,27.87
salinity@015,2024,27.86
salinity@015,2024,27.84
salinity@015,2024,27.83
salinity@015,2024,27.82
salinity@015,2024,27.81
salinity@015,2024,27.8
salinity@015,2024,27.78
salinity@015,2024,27.77
salinity@015,2024,27.76
salinity@015,2024,27.75
salinity@015,2024,27.74
salinity@015,2024,27.72
salinity@015,2024,27.71
salinity@015,2024,27.7
salinity@015,2024,27.69
salinity@015,2024,27.68
salinity@015,2024,27.66
salinity@015,2024,27.65
salinity@015,2024,27.64
salinity@015,2024,27.63
salinity@015,2024,27.61
salinity@015,2024,27.6
salinity@015,2024,27.59
salinity@015,2024,27.58
salinity@015,2024,27.57
salinity@015,2024,27.55
salinity@015,2024,27.54
salinity@015,2024,27.53
salinity@015,2024,27.52
salinity@015,2024,27.51
salinity@015,2024,27.49
salinity@015,2024,27.48
salinity@015,2024,27.47
salinity@015,2024,27.46
salinity@015,2024,27.45
salinity@015,2024,27.43
salinity@015,2024,27.42
salinity@015,2024,27.41
salinity@015,2024,27.4
salinity@015,2024,27.39
salinity@015,2024,27.37
salinity@015,2024,27.36
salinity@015,2024,27.35
salinity@015,2024,27.34
salinity@015,2024,27.32
salinity@015,2024,27.31
salinity@015,2024,27.3
salinity@015,2024,27.29
salinity@015,2024,27.28
salinity@015,2024,27.26
salinity@015,2024,27.25
salinity@015,2024,27.24
salinity@015,2024,27.23
salinity@015,2024,27.22
salinity@015,2024,27.2
salinity@015,2024,27.19
salinity@015,2024,27.18
salinity@015,2024,27.17
salinity@015,2024,27.16
salinity@015,2024,27.14
salinity@015,2024,27.13
salinity@015,2024,27.12
salinity@015,2024,27.11
salinity@015,2024,27.09
salinity@015,2024,27.08
salinity@015,2024,27.07
salinity@015,2024,27.06
salinity@015,2024,27.05
salinity@015,2024,27.03
salinity@015,2024,27.02
salinity@015,2024,27.01
salinity@015,2024,27
salinity@015,2024,26.99
salinity@015,2024,26.97
salinity@015,2024,26.96
salinity@015,2024,26.95
salinity@015,2024,26.94
salinity@015,2024,26.93
salinity@015,2024,26.91
salinity@015,2024,26.9
salinity@015,2024,26.89
salinity@015,2024,26.88
salinity@015,2024,26.87
salinity@015,2024,26.85
salinity@015,2024,26.84
salinity@015,2024,26.83
salinity@015,2024,26.82
salinity@015,2024,26.8
salinity@015,2024,26.79
salinity@015,2024,26.78
salinity@015,2024,26.77
salinity@015,2024,26.76
salinity@015,2024,26.74
salinity@015,2024,26.73
salinity@015,2024,26.72
salinity@015,2024,26.71
salinity@015,2024,26.7
salinity@015,2024,26.68
salinity@015,2024,26.67
salinity@015,2024,26.66
salinity@015,2024,26.65
salinity@015,2024,26.64
salinity@015,2024,26.62
salinity@015,2024,26.61
salinity@015,2024,24.93
salinity@015,2024,24.92
salinity@015,2024,24.91
salinity@015,2024,24.89
salinity@015,2024,24.88
salinity@015,2025,31.07
salinity@015,2025,31.06
salinity@015,2025,31.05
salinity@015,2025,31.04
salinity@015,2025,29.05
salinity@015,2025,29.04
salinity@015,2025,29.03
salinity@015,2025,29.02
salinity@015,2025,27.88
salinity@015,2025,27.87
salinity@015,2025,27.86
salinity@015,2025,27.84
salinity@015,2025,27.83
salinity@015,2025,27.82
salinity@015,2025,27.81
salinity@015,2025,27.8
salinity@015,2025,27.78
salinity@015,2025,27.77
salinity@015,2025,27.76
salinity@015,2025,27.75
salinity@015,2025,27.74
salinity@015,2025,27.72
salinity@015,2025,27.71
salinity@015,2025,27.7
salinity@015,2025,27.69
salinity@015,2025,27.68
salinity@015,2025,27.66
salinity@015,2025,27.65
salinity@015,2025,27.64
salinity@015,2025,27.63
salinity@015,2025,27.61
salinity@015,2025,27.6
salinity@015,2025,27.59
salinity@015,2025,27.58
salinity@015,2025,27.57
salinity@015,2025,27.55
salinity@015,2025,27.54
salinity@015,2025,27.53
salinity@015,2025,27.52
salinity@015,2025,27.51
salinity@015,2025,27.49
salinity@015,2025,27.48
salinity@015,2025,27.47
salinity@015,2025,27.46
salinity@015,2025,27.45
salinity@015,2025,27.43
salinity@015,2025,27.42
salinity@015,2025,27.41
salinity@015,2025,27.4
salinity@015,2025,27.39
salinity@015,2025,27.37
salinity@015,2025,27.36
salinity@015,2025,27.35
salinity@015,2025,27.34
salinity@015,2025,27.32
salinity@015,2025,27.31
salinity@015,2025,27.3
salinity@015,2025,27.29
salinity@015,2025,27.28
salinity@015,2025,27.26
salinity@015,2025,27.25
salinity@015,2025,27.24
salinity@015,2025,27.23
salinity@015,2025,27.22
salinity@015,2025,27.2
salinity@015,2025,27.19
salinity@015,2025,27.18
salinity@015,2025,27.17
salinity@015,2025,27.16
salinity@015,2025,27.14
salinity@015,2025,27.13
salinity@015,2025,27.12
salinity@015,2025,27.11
salinity@015,2025,27.09
salinity@015,2025,27.08
salinity@015,2025,27.07
salinity@015,2025,27.06
salinity@015,2025,27.05
salinity@015,2025,27.03
salinity@015,2025,27.02
salinity@015,2025,27.01
salinity@015,2025,27
salinity@015,2025,26.99
salinity@015,2025,26.97
salinity@015,2025,26.96
salinity@015,2025,26.95
salinity@015,2025,26.94
salinity@015,2025,26.93
salinity@015,2025,26.91
salinity@015,2025,26.9
salinity@015,2025,26.89
salinity@015,2025,26.88
salinity@015,2025,26.87
salinity@015,2025,26.85
salinity@015,2025,26.84
salinity@015,2025,26.83
salinity@015,2025,26.82
salinity@015,2025,26.8
salinity@015,2025,26.79
salinity@015,2025,26.78
salinity@015,2025,26.77
salinity@015,2025,26.76
salinity@015,2025,26.74
salinity@015,2025,26.73
salinity@015,2025,26.72
salinity@015,2025,26.71
salinity@015,2025,26.7
salinity@015,2025,26.68
salinity@015,2025,26.67
salinity@015,2025,26.66
salinity@015,2025,26.65
salinity@015,2025,26.64
salinity@015,2025,26.62
salinity@015,2025,26.61
salinity@015,2025,26.6
salinity@015,2025,26.59
salinity@015,2025,26.57
salinity@015,2025,26.56
salinity@015,2025,26.55
salinity@015,2025,26.54
salinity@015,2025,26.53
salinity@015,2025,26.51
salinity@015,2025,26.5
salinity@015,2025,26.49
salinity@015,2025,24.93
salinity@015,2025,24.92
salinity@015,2025,24.91
salinity@015,2025,24.89
salinity@015,2025,24.88
salinity@015,2025,31.07
salinity@015,2025,31.06
salinity@015,2025,31.05
salinity@015,2025,31.04
salinity@015,2025,29.05
salinity@015,2025,29.04
salinity@015,2025,29.03
salinity@015,2025,29.02
salinity@015,2025,27.55
salinity@015,2025,27.54
salinity@015,2025,27.53
salinity@015,2025,27.52
salinity@015,2025,27.51
salinity@015,2025,27.49
salinity@015,2025,27.48
salinity@015,2025,27.47
salinity@015,2025,27.46
salinity@015,2025,27.45
salinity@015,2025,27.43
salinity@015,2025,27.42
salinity@015,2025,27.41
salinity@015,2025,27.4
salinity@015,2025,27.39
salinity@015,2025,27.37
salinity@015,2025,27.36
salinity@015,2025,27.35
salinity@015,2025,27.34
salinity@015,2025,27.32
salinity@015,2025,27.31
salinity@015,2025,27.3
salinity@015,2025,27.29
salinity@015,2025,27.28
salinity@015,2025,27.26
salinity@015,2025,27.25
salinity@015,2025,27.24
salinity@015,2025,27.23
salinity@015,2025,27.22
salinity@015,2025,27.2
salinity@015,2025,27.19
salinity@015,2025,27.18
salinity@015,2025,27.17
salinity@015,2025,27.16
salinity@015,2025,27.14
salinity@015,2025,27.13
salinity@015,2025,27.12
salinity@015,2025,27.11
salinity@015,2025,27.09
salinity@015,2025,27.08
salinity@015,2025,27.07
salinity@015,2025,27.06
salinity@015,2025,27.05
salinity@015,2025,27.03
salinity@015,2025,27.02
salinity@015,2025,27.01
salinity@015,2025,27
salinity@015,2025,26.99
salinity@015,2025,26.97
salinity@015,2025,26.96
salinity@015,2025,26.95
salinity@015,2025,26.94
salinity@015,2025,26.93
salinity@015,2025,26.91
salinity@015,2025,26.9
salinity@015,2025,26.89
salinity@015,2025,26.88
salinity@015,2025,26.87
salinity@015,2025,26.85
salinity@015,2025,26.84
salinity@015,2025,26.83
salinity@015,2025,26.82
salinity@015,2025,26.8
salinity@015,2025,26.79
salinity@015,2025,26.78
salinity@015,2025,26.77
salinity@015,2025,26.76
salinity@015,2025,26.74
salinity@015,2025,26.73
salinity@015,2025,26.72
salinity@015,2025,26.71
salinity@015,2025,26.7
salinity@015,2025,26.68
salinity@015,2025,26.67
salinity@015,2025,26.66
salinity@015,2025,26.65
salinity@015,2025,26.64
salinity@015,2025,26.62
salinity@015,2025,26.61
salinity@015,2025,26.6
salinity@015,2025,26.59
salinity@015,2025,26.57
salinity@015,2025,26.56
salinity@015,2025,26.55
salinity@015,2025,26.54
salinity@015,2025,26.53
salinity@015,2025,26.51
salinity@015,2025,26.5
salinity@015,2025,26.49
salinity@015,2025,26.48
salinity@015,2025,26.47
salinity@015,2025,26.45
salinity@015,2025,26.44
salinity@015,2025,26.43
salinity@015,2025,26.42
salinity@015,2025,26.41
salinity@015,2025,26.39
salinity@015,2025,26.38
salinity@015,2025,26.37
salinity@015,2025,26.36
salinity@015,2025,24.93
salinity@015,2025,24.92
salinity@015,2025,24.91
salinity@015,2025,24.89
salinity@015,2025,24.88
salinity@015,2025,31.07
salinity@015,2025,31.06
salinity@015,2025,31.05
salinity@015,2025,31.04
salinity@015,2025,29.05
salinity@015,2025,29.04
salinity@015,2025,29.03
salinity@015,2025,29.02
salinity@015,2025,27.43
salinity@015,2025,27.42
salinity@015,2025,27.41
salinity@015,2025,27.4
salinity@015,2025,27.39
salinity@015,2025,27.37
salinity@015,2025,27.36
salinity@015,2025,27.35
salinity@015,2025,27.34
salinity@015,2025,27.32
salinity@015,2025,27.31
salinity@015,2025,27.3
salinity@015,2025,27.29
salinity@015,2025,27.28
salinity@015,2025,27.26
salinity@015,2025,27.25
salinity@015,2025,27.24
salinity@015,2025,27.23
salinity@015,2025,27.22
salinity@015,2025,27.2
salinity@015,2025,27.19
salinity@015,2025,27.18
salinity@015,2025,27.17
salinity@015,2025,27.16
salinity@015,2025,27.14
salinity@015,2025,27.13
salinity@015,2025,27.12
salinity@015,2025,27.11
salinity@015,2025,27.09
salinity@015,2025,27.08
salinity@015,2025,27.07
salinity@015,2025,27.06
salinity@015,2025,27.05
salinity@015,2025,27.03
salinity@015,2025,27.02
salinity@015,2025,27.01
salinity@015,2025,27
salinity@015,2025,26.99
salinity@015,2025,26.97
salinity@015,2025,26.96
salinity@015,2025,26.95
salinity@015,2025,26.94
salinity@015,2025,26.93
salinity@015,2025,26.91
salinity@015,2025,26.9
salinity@015,2025,26.89
salinity@015,2025,26.88
salinity@015,2025,26.87
salinity@015,2025,26.85
salinity@015,2025,26.84
salinity@015,2025,26.83
salinity@015,2025,26.82
salinity@015,2025,26.8
salinity@015,2025,26.79
salinity@015,2025,26.78
salinity@015,2025,26.77
salinity@015,2025,26.76
salinity@015,2025,26.74
salinity@015,2025,26.73
salinity@015,2025,26.72
salinity@015,2025,26.71
salinity@015,2025,26.7
salinity@015,2025,26.68
salinity@015,2025,26.67
salinity@015,2025,26.66
salinity@015,2025,26.65
salinity@015,2025,26.64
salinity@015,2025,26.62
salinity@015,2025,26.61
salinity@015,2025,26.6
salinity@015,2025,26.59
salinity@015,2025,26.57
salinity@015,2025,26.56
salinity@015,2025,26.55
salinity@015,2025,26.54
salinity@015,2025,26.53
salinity@015,2025,26.51
salinity@015,2025,26.5
salinity@015,2025,26.49
salinity@015,2025,26.48
salinity@015,2025,26.47
salinity@015,2025,26.45
salinity@015,2025,26.44
salinity@015,2025,26.43
salinity@015,2025,26.42
salinity@015,2025,26.41
salinity@015,2025,26.39
salinity@015,2025,26.38
salinity@015,2025,26.37
salinity@015,2025,26.36
salinity@015,2025,26.35
salinity@015,2025,26.33
salinity@015,2025,26.32
salinity@015,2025,26.31
salinity@015,2025,26.3
salinity@015,2025,26.28
salinity@015,2025,26.27
salinity@015,2025,26.26
salinity@015,2025,26.25
salinity@015,2025,26.24
salinity@015,2025,24.93
salinity@015,2025,24.92
salinity@015,2025,24.91
salinity@015,2025,24.89
salinity@015,2025,24.88
salinity@015,2025,31.07
salinity@015,2025,31.06
salinity@015,2025,31.05
salinity@015,2025,31.04
salinity@015,2025,29.05
salinity@015,2025,29.04
salinity@015,2025,29.03
salinity@015,2025,29.02
salinity@015,2025,27.3
salinity@015,2025,27.29
salinity@015,2025,27.28
salinity@015,2025,27.26
salinity@015,2025,27.25
salinity@015,2025,27.24
salinity@015,2025,27.23
salinity@015,2025,27.22
salinity@015,2025,27.2
salinity@015,2025,27.19
salinity@015,2025,27.18
salinity@015,2025,27.17
salinity@015,2025,27.16
salinity@015,2025,27.14
salinity@015,2025,27.13
salinity@015,2025,27.12
salinity@015,2025,27.11
salinity@015,2025,27.09
salinity@015,2025,27.08
salinity@015,2025,27.07
salinity@015,2025,27.06
salinity@015,2025,27.05
salinity@015,2025,27.03
salinity@015,2025,27.02
salinity@015,2025,27.01
salinity@015,2025,27
salinity@015,2025,26.99
salinity@015,2025,26.97
salinity@015,2025,26.96
salinity@015,2025,26.95
salinity@015,2025,26.94
salinity@015,2025,26.93
salinity@015,2025,26.91
salinity@015,2025,26.9
salinity@015,2025,26.89
salinity@015,2025,26.88
salinity@015,2025,26.87
salinity@015,2025,26.85
salinity@015,2025,26.84
salinity@015,2025,26.83
salinity@015,2025,26.82
salinity@015,2025,26.8
salinity@015,2025,26.79
salinity@015,2025,26.78
salinity@015,2025,26.77
salinity@015,2025,26.76
salinity@015,2025,26.74
salinity@015,2025,26.73
salinity@015,2025,26.72
salinity@015,2025,26.71
salinity@015,2025,26.7
salinity@015,2025,26.68
salinity@015,2025,26.67
salinity@015,2025,26.66
salinity@015,2025,26.65
salinity@015,2025,26.64
salinity@015,2025,26.62
salinity@015,2025,26.61
salinity@015,2025,26.6
salinity@015,2025,26.59
salinity@015,2025,26.57
salinity@015,2025,26.56
salinity@015,2025,26.55
salinity@015,2025,26.54
salinity@015,2025,26.53
salinity@015,2025,26.51
salinity@015,2025,26.5
salinity@015,2025,26.49
salinity@015,2025,26.48
salinity@015,2025,26.47
salinity@015,2025,26.45
salinity@015,2025,26.44
salinity@015,2025,26.43
salinity@015,2025,26.42
salinity@015,2025,26.41
salinity@015,2025,26.39
salinity@015,2025,26.38
salinity@015,2025,26.37
salinity@015,2025,26.36
salinity@015,2025,26.35
salinity@015,2025,26.33
salinity@015,2025,26.32
salinity@015,2025,26.31
salinity@015,2025,26.3
salinity@015,2025,26.28
salinity@015,2025,26.27
salinity@015,2025,26.26
salinity@015,2025,26.25
salinity@015,2025,26.24
salinity@015,2025,26.22
salinity@015,2025,26.21
salinity@015,2025,26.2
salinity@015,2025,26.19
salinity@015,2025,26.18
salinity@015,2025,26.16
salinity@015,2025,26.15
salinity@015,2025,26.14
salinity@015,2025,26.13
salinity@015,2025,26.12
salinity@015,2025,26.1
salinity@015,2025,24.93
salinity@015,2025,24.92
salinity@015,2025,24.91
salinity@015,2025,24.89
salinity@015,2025,24.88
salinity@015,2025,31.07
salinity@015,2025,31.06
salinity@015,2025,31.05
salinity@015,2025,31.04
salinity@015,2025,29.05
salinity@015,2025,29.04
salinity@015,2025,29.03
salinity@015,2025,29.02
salinity@015,2025,27.18
salinity@015,2025,27.17
salinity@015,2025,27.16
salinity@015,2025,27.14
salinity@015,2025,27.13
salinity@015,2025,27.12
salinity@015,2025,27.11
salinity@015,2025,27.09
salinity@015,2025,27.08
salinity@015,2025,27.07
salinity@015,2025,27.06
salinity@015,2025,27.05
salinity@015,2025,27.03
salinity@015,2025,27.02
salinity@015,2025,27.01
salinity@015,2025,27
salinity@015,2025,26.99
salinity@015,2025,26.97
salinity@015,2025,26.96
salinity@015,2025,26.95
salinity@015,2025,26.94
salinity@015,2025,26.93
salinity@015,2025,26.91
salinity@015,2025,26.9
salinity@015,2025,26.89
salinity@015,2025,26.88
salinity@015,2025,26.87
salinity@015,2025,26.85
salinity@015,2025,26.84
salinity@015,2025,26.83
salinity@015,2025,26.82
salinity@015,2025,26.8
salinity@015,2025,26.79
salinity@015,2025,26.78
salinity@015,2025,26.77
salinity@015,2025,26.76
salinity@015,2025,26.74
salinity@015,2025,26.73
salinity@015,2025,26.72
salinity@015,2025,26.71
salinity@015,2025,26.7
salinity@015,2025,26.68
salinity@015,2025,26.67
salinity@015,2025,26.66
salinity@015,2025,26.65
salinity@015,2025,26.64
salinity@015,2025,26.62
salinity@015,2025,26.61
salinity@015,2025,26.6
salinity@015,2025,26.59
salinity@015,2025,26.57
salinity@015,2025,26.56
salinity@015,2025,26.55
salinity@015,2025,26.54
salinity@015,2025,26.53
salinity@015,2025,26.51
salinity@015,2025,26.5
salinity@015,2025,26.49
salinity@015,2025,26.48
salinity@015,2025,26.47
salinity@015,2025,26.45
salinity@015,2025,26.44
salinity@015,2025,26.43
salinity@015,2025,26.42
salinity@015,2025,26.41
salinity@015,2025,26.39
salinity@015,2025,26.38
salinity@015,2025,26.37
salinity@015,2025,26.36
salinity@015,2025,26.35
salinity@015,2025,26.33
salinity@015,2025,26.32
salinity@015,2025,26.31
salinity@015,2025,26.3
salinity@015,2025,26.28
salinity@015,2025,26.27
salinity@015,2025,26.26
salinity@015,2025,26.25
salinity@015,2025,26.24
salinity@015,2025,26.22
salinity@015,2025,26.21
salinity@015,2025,26.2
salinity@015,2025,26.19
salinity@015,2025,26.18
salinity@015,2025,26.16
salinity@015,2025,26.15
salinity@015,2025,26.14
salinity@015,2025,26.13
salinity@015,2025,26.12
salinity@015,2025,26.1
salinity@015,2025,26.09
salinity@015,2025,26.08
salinity@015,2025,26.07
salinity@015,2025,26.06
salinity@015,2025,26.04
salinity@015,2025,26.03
salinity@015,2025,26.02
salinity@015,2025,26.01
salinity@015,2025,25.99
salinity@015,2025,25.98
salinity@015,2025,24.93
salinity@015,2025,24.92
salinity@015,2025,24.91
salinity@015,2025,24.89
salinity@015,2025,24.88
salinity@015,2025,29.05
salinity@015,2025,29.04
salinity@015,2025,29.03
salinity@015,2025,29.02
salinity@015,2025,27.06
salinity@015,2025,27.05
salinity@015,2025,27.03
salinity@015,2025,27.02
salinity@015,2025,27.01
salinity@015,2025,27
salinity@015,2025,26.99
salinity@015,2025,26.97
salinity@015,2025,26.96
salinity@015,2025,26.95
salinity@015,2025,26.94
salinity@015,2025,26.93
salinity@015,2025,26.91
salinity@015,2025,26.9
salinity@015,2025,26.89
salinity@015,2025,26.88
salinity@015,2025,26.87
salinity@015,2025,26.85
salinity@015,2025,26.84
salinity@015,2025,26.83
salinity@015,2025,26.82
salinity@015,2025,26.8
salinity@015,2025,26.79
salinity@015,2025,26.78
salinity@015,2025,26.77
salinity@015,2025,26.76
salinity@015,2025,26.74
salinity@015,2025,26.73
salinity@015,2025,26.72
salinity@015,2025,26.71
salinity@015,2025,26.7
salinity@015,2025,26.68
salinity@015,2025,26.67
salinity@015,2025,26.66
salinity@015,2025,26.65
salinity@015,2025,26.64
salinity@015,2025,26.62
salinity@015,2025,26.61
salinity@015,2025,26.6
salinity@015,2025,26.59
salinity@015,2025,26.57
salinity@015,2025,26.56
salinity@015,2025,26.55
salinity@015,2025,26.54
salinity@015,2025,26.53
salinity@015,2025,26.51
salinity@015,2025,26.5
salinity@015,2025,26.49
salinity@015,2025,26.48
salinity@015,2025,26.47
salinity@015,2025,26.45
salinity@015,2025,26.44
salinity@015,2025,26.43
salinity@015,2025,26.42
salinity@015,2025,26.41
salinity@015,2025,26.39
salinity@015,2025,26.38
salinity@015,2025,26.37
salinity@015,2025,26.36
salinity@015,2025,26.35
salinity@015,2025,26.33
salinity@015,2025,26.32
salinity@015,2025,26.31
salinity@015,2025,26.3
salinity@015,2025,26.28
salinity@015,2025,26.27
salinity@015,2025,26.26
salinity@015,2025,26.25
salinity@015,2025,26.24
salinity@015,2025,26.22
salinity@015,2025,26.21
salinity@015,2025,26.2
salinity@015,2025,26.19
salinity@015,2025,26.18
salinity@015,2025,26.16
salinity@015,2025,26.15
salinity@015,2025,26.14
salinity@015,2025,26.13
salinity@015,2025,26.12
salinity@015,2025,26.1
salinity@015,2025,26.09
salinity@015,2025,26.08
salinity@015,2025,26.07
salinity@015,2025,26.06
salinity@015,2025,26.04
salinity@015,2025,26.03
salinity@015,2025,26.02
salinity@015,2025,26.01
salinity@015,2025,25.99
salinity@015,2025,25.98
salinity@015,2025,25.97
salinity@015,2025,25.96
salinity@015,2025,25.95
salinity@015,2025,25.93
salinity@015,2025,25.92
salinity@015,2025,25.91
salinity@015,2025,25.9
salinity@015,2025,25.89
salinity@015,2025,24.93
salinity@015,2025,24.92
salinity@015,2025,24.91
salinity@015,2025,24.89
salinity@015,2025,24.88
salinity@015,2025,29.05
salinity@015,2025,29.04
salinity@015,2025,29.03
salinity@015,2025,29.02
salinity@015,2025,26.99
salinity@015,2025,26.97
salinity@015,2025,26.96
salinity@015,2025,26.95
salinity@015,2025,26.93
salinity@015,2025,26.91
salinity@015,2025,26.9
salinity@015,2025,26.89
salinity@015,2025,26.88
salinity@015,2025,26.87
salinity@015,2025,26.85
salinity@015,2025,26.84
salinity@015,2025,26.83
salinity@015,2025,26.82
salinity@015,2025,26.8
salinity@015,2025,26.79
salinity@015,2025,26.78
salinity@015,2025,26.77
salinity@015,2025,26.76
salinity@015,2025,26.74
salinity@015,2025,26.73
salinity@015,2025,26.72
salinity@015,2025,26.71
salinity@015,2025,26.7
salinity@015,2025,26.68
salinity@015,2025,26.67
salinity@015,2025,26.66
salinity@015,2025,26.65
salinity@015,2025,26.64
salinity@015,2025,26.62
salinity@015,2025,26.61
salinity@015,2025,26.6
salinity@015,2025,26.59
salinity@015,2025,26.57
salinity@015,2025,26.56
salinity@015,2025,26.55
salinity@015,2025,26.54
salinity@015,2025,26.53
salinity@015,2025,26.51
salinity@015,2025,26.5
salinity@015,2025,26.49
salinity@015,2025,26.48
salinity@015,2025,26.47
salinity@015,2025,26.45
salinity@015,2025,26.44
salinity@015,2025,26.43
salinity@015,2025,26.42
salinity@015,2025,26.41
salinity@015,2025,26.39
salinity@015,2025,26.38
salinity@015,2025,26.37
salinity@015,2025,26.36
salinity@015,2025,26.35
salinity@015,2025,26.33
salinity@015,2025,26.32
salinity@015,2025,26.31
salinity@015,2025,26.3
salinity@015,2025,26.28
salinity@015,2025,26.27
salinity@015,2025,26.26
salinity@015,2025,26.25
salinity@015,2025,26.24
salinity@015,2025,26.22
salinity@015,2025,26.21
salinity@015,2025,26.2
salinity@015,2025,26.19
salinity@015,2025,26.18
salinity@015,2025,26.16
salinity@015,2025,26.15
salinity@015,2025,26.14
salinity@015,2025,26.13
salinity@015,2025,26.12
salinity@015,2025,26.1
salinity@015,2025,26.09
salinity@015,2025,26.08
salinity@015,2025,26.07
salinity@015,2025,26.06
salinity@015,2025,26.04
salinity@015,2025,26.03
salinity@015,2025,26.02
salinity@015,2025,26.01
salinity@015,2025,25.99
salinity@015,2025,25.98
salinity@015,2025,25.97
salinity@015,2025,25.96
salinity@015,2025,25.95
salinity@015,2025,25.93
salinity@015,2025,25.92
salinity@015,2025,25.91
salinity@015,2025,25.9
salinity@015,2025,25.89
salinity@015,2025,25.87
salinity@015,2025,24.93
salinity@015,2025,24.92
salinity@015,2025,24.91
salinity@015,2025,24.89
salinity@015,2025,24.88
salinity@015,2025,29.05
salinity@015,2025,29.04
salinity@015,2025,29.03
salinity@015,2025,29.02
salinity@015,2025,26.99
salinity@015,2025,26.97
salinity@015,2025,26.96
salinity@015,2025,26.95
salinity@015,2025,26.8
salinity@015,2025,26.79
salinity@015,2025,26.78
salinity@015,2025,26.77
salinity@015,2025,26.76
salinity@015,2025,26.74
salinity@015,2025,26.73
salinity@015,2025,26.72
salinity@015,2025,26.71
salinity@015,2025,26.7
salinity@015,2025,26.68
salinity@015,2025,26.67
salinity@015,2025,26.66
salinity@015,2025,26.65
salinity@015,2025,26.64
salinity@015,2025,26.62
salinity@015,2025,26.61
salinity@015,2025,26.6
salinity@015,2025,26.59
salinity@015,2025,26.57
salinity@015,2025,26.56
salinity@015,2025,26.55
salinity@015,2025,26.54
salinity@015,2025,26.53
salinity@015,2025,26.51
salinity@015,2025,26.5
salinity@015,2025,26.49
salinity@015,2025,26.48
salinity@015,2025,26.47
salinity@015,2025,26.45
salinity@015,2025,26.44
salinity@015,2025,26.43
salinity@015,2025,26.42
salinity@015,2025,26.41
salinity@015,2025,26.39
salinity@015,2025,26.38
salinity@015,2025,26.37
salinity@015,2025,26.36
salinity@015,2025,26.35
salinity@015,2025,26.33
salinity@015,2025,26.32
salinity@015,2025,26.31
salinity@015,2025,26.3
salinity@015,2025,26.28
salinity@015,2025,26.27
salinity@015,2025,26.26
salinity@015,2025,26.25
salinity@015,2025,26.24
salinity@015,2025,26.22
salinity@015,2025,26.21
salinity@015,2025,26.2
salinity@015,2025,26.19
salinity@015,2025,26.18
salinity@015,2025,26.16
salinity@015,2025,26.15
salinity@015,2025,26.14
salinity@015,2025,26.13
salinity@015,2025,26.12
salinity@015,2025,26.1
salinity@015,2025,26.09
salinity@015,2025,26.08
salinity@015,2025,26.07
salinity@015,2025,26.06
salinity@015,2025,26.04
salinity@015,2025,26.03
salinity@015,2025,26.02
salinity@015,2025,26.01
salinity@015,2025,25.99
salinity@015,2025,25.98
salinity@015,2025,25.97
salinity@015,2025,25.96
salinity@015,2025,25.95
salinity@015,2025,25.93
salinity@015,2025,25.92
salinity@015,2025,25.91
salinity@015,2025,25.9
salinity@015,2025,25.89
salinity@015,2025,25.87
salinity@015,2025,25.86
salinity@015,2025,24.93
salinity@015,2025,24.92
salinity@015,2025,24.91
salinity@015,2025,24.89
salinity@015,2025,24.88
salinity@015,2025,29.05
salinity@015,2025,29.04
salinity@015,2025,29.03
salinity@015,2025,29.02
salinity@015,2025,26.99
salinity@015,2025,26.97
salinity@015,2025,26.96
salinity@015,2025,26.95
salinity@015,2025,26.67
salinity@015,2025,26.66
salinity@015,2025,26.65
salinity@015,2025,26.64
salinity@015,2025,26.62
salinity@015,2025,26.61
salinity@015,2025,26.6
salinity@015,2025,26.59
salinity@015,2025,26.57
salinity@015,2025,26.56
salinity@015,2025,26.55
salinity@015,2025,26.54
salinity@015,2025,26.53
salinity@015,2025,26.51
salinity@015,2025,26.5
salinity@015,2025,26.49
salinity@015,2025,26.48
salinity@015,2025,26.47
salinity@015,2025,26.45
salinity@015,2025,26.44
salinity@015,2025,26.43
salinity@015,2025,26.42
salinity@015,2025,26.41
salinity@015,2025,26.39
salinity@015,2025,26.38
salinity@015,2025,26.37
salinity@015,2025,26.36
salinity@015,2025,26.35
salinity@015,2025,26.33
salinity@015,2025,26.32
salinity@015,2025,26.31
salinity@015,2025,26.3
salinity@015,2025,26.28
salinity@015,2025,26.27
salinity@015,2025,26.26
salinity@015,2025,26.25
salinity@015,2025,26.24
salinity@015,2025,26.22
salinity@015,2025,26.21
salinity@015,2025,26.2
salinity@015,2025,26.19
salinity@015,2025,26.18
salinity@015,2025,26.16
salinity@015,2025,26.15
salinity@015,2025,26.14
salinity@015,2025,26.13
salinity@015,2025,26.12
salinity@015,2025,26.1
salinity@015,2025,26.09
salinity@015,2025,26.08
salinity@015,2025,26.07
salinity@015,2025,26.06
salinity@015,2025,26.04
salinity@015,2025,26.03
salinity@015,2025,26.02
salinity@015,2025,26.01
salinity@015,2025,25.99
salinity@015,2025,25.98
salinity@015,2025,25.97
salinity@015,2025,25.96
salinity@015,2025,25.95
salinity@015,2025,25.93
salinity@015,2025,25.92
salinity@015,2025,25.91
salinity@015,2025,25.9
salinity@015,2025,25.89
salinity@015,2025,25.87
salinity@015,2025,25.86
salinity@015,2025,25.85
salinity@015,2025,24.93
salinity@015,2025,24.92
salinity@015,2025,24.91
salinity@015,2025,24.89
salinity@015,2025,24.88
salinity@015,2025,29.05
salinity@015,2025,29.04
salinity@015,2025,29.03
salinity@015,2025,29.02
salinity@015,2025,26.99
salinity@015,2025,26.97
salinity@015,2025,26.96
salinity@015,2025,26.95
salinity@015,2025,26.55
salinity@015,2025,26.54
salinity@015,2025,26.53
salinity@015,2025,26.51
salinity@015,2025,26.5
salinity@015,2025,26.49
salinity@015,2025,26.48
salinity@015,2025,26.47
salinity@015,2025,26.45
salinity@015,2025,26.44
salinity@015,2025,26.43
salinity@015,2025,26.42
salinity@015,2025,26.41
salinity@015,2025,26.39
salinity@015,2025,26.38
salinity@015,2025,26.37
salinity@015,2025,26.36
salinity@015,2025,26.35
salinity@015,2025,26.33
salinity@015,2025,26.32
salinity@015,2025,26.31
salinity@015,2025,26.3
salinity@015,2025,26.28
salinity@015,2025,26.27
salinity@015,2025,26.26
salinity@015,2025,26.25
salinity@015,2025,26.24
salinity@015,2025,26.22
salinity@015,2025,26.21
salinity@015,2025,26.2
salinity@015,2025,26.19
salinity@015,2025,26.18
salinity@015,2025,26.16
salinity@015,2025,26.15
salinity@015,2025,26.14
salinity@015,2025,26.13
salinity@015,2025,26.12
salinity@015,2025,26.1
salinity@015,2025,26.09
salinity@015,2025,26.08
salinity@015,2025,26.07
salinity@015,2025,26.06
salinity@015,2025,26.04
salinity@015,2025,26.03
salinity@015,2025,26.02
salinity@015,2025,26.01
salinity@015,2025,25.99
salinity@015,2025,25.98
salinity@015,2025,25.97
salinity@015,2025,25.96
salinity@015,2025,25.95
salinity@015,2025,25.93
salinity@015,2025,25.92
salinity@015,2025,25.91
salinity@015,2025,25.9
salinity@015,2025,25.89
salinity@015,2025,25.87
salinity@015,2025,25.86
salinity@015,2025,25.85
salinity@015,2025,25.84
salinity@015,2025,24.93
salinity@015,2025,24.92
salinity@015,2025,24.91
salinity@015,2025,24.89
salinity@015,2025,24.88
salinity@015,2025,29.05
salinity@015,2025,29.04
salinity@015,2025,29.03
salinity@015,2025,29.02
salinity@015,2025,26.99
salinity@015,2025,26.97
salinity@015,2025,26.96
salinity@015,2025,26.95
salinity@015,2025,26.43
salinity@015,2025,26.42
salinity@015,2025,26.41
salinity@015,2025,26.39
salinity@015,2025,26.38
salinity@015,2025,26.37
salinity@015,2025,26.36
salinity@015,2025,26.35
salinity@015,2025,26.33
salinity@015,2025,26.32
salinity@015,2025,26.31
salinity@015,2025,26.3
salinity@015,2025,26.28
salinity@015,2025,26.27
salinity@015,2025,26.26
salinity@015,2025,26.25
salinity@015,2025,26.24
salinity@015,2025,26.22
salinity@015,2025,26.21
salinity@015,2025,26.2
salinity@015,2025,26.19
salinity@015,2025,26.18
salinity@015,2025,26.16
salinity@015,2025,26.15
salinity@015,2025,26.14
salinity@015,2025,26.13
salinity@015,2025,26.12
salinity@015,2025,26.1
salinity@015,2025,26.09
salinity@015,2025,26.08
salinity@015,2025,26.07
salinity@015,2025,26.06
salinity@015,2025,26.04
salinity@015,2025,26.03
salinity@015,2025,26.02
salinity@015,2025,26.01
salinity@015,2025,25.99
salinity@015,2025,25.98
salinity@015,2025,25.97
salinity@015,2025,25.96
salinity@015,2025,25.95
salinity@015,2025,25.93
salinity@015,2025,25.92
salinity@015,2025,25.91
salinity@015,2025,25.9
salinity@015,2025,25.89
salinity@015,2025,25.87
salinity@015,2025,25.86
salinity@015,2025,25.85
salinity@015,2025,25.84
salinity@015,2025,25.83
salinity@015,2025,24.93
salinity@015,2025,24.92
salinity@015,2025,24.91
salinity@015,2025,24.89
salinity@015,2025,24.88
salinity@015,2025,29.05
salinity@015,2025,29.04
salinity@015,2025,29.03
salinity@015,2025,29.02
salinity@015,2025,26.99
salinity@015,2025,26.97
salinity@015,2025,26.96
salinity@015,2025,26.95
salinity@015,2025,26.3
salinity@015,2025,26.28
salinity@015,2025,26.27
salinity@015,2025,26.26
salinity@015,2025,26.25
salinity@015,2025,26.24
salinity@015,2025,26.22
salinity@015,2025,26.21
salinity@015,2025,26.2
salinity@015,2025,26.19
salinity@015,2025,26.18
salinity@015,2025,26.16
salinity@015,2025,26.15
salinity@015,2025,26.14
salinity@015,2025,26.13
salinity@015,2025,26.12
salinity@015,2025,26.1
salinity@015,2025,26.09
salinity@015,2025,26.08
salinity@015,2025,26.07
salinity@015,2025,26.06
salinity@015,2025,26.04
salinity@015,2025,26.03
salinity@015,2025,26.02
salinity@015,2025,26.01
salinity@015,2025,25.99
salinity@015,2025,25.98
salinity@015,2025,25.97
salinity@015,2025,25.96
salinity@015,2025,25.95
salinity@015,2025,25.93
salinity@015,2025,25.92
salinity@015,2025,25.91
salinity@015,2025,25.9
salinity@015,2025,25.89
salinity@015,2025,25.87
salinity@015,2025,25.86
salinity@015,2025,25.85
salinity@015,2025,25.84
salinity@015,2025,25.83
salinity@015,2025,24.93
salinity@015,2025,24.92
salinity@015,2025,24.91
salinity@015,2025,24.89
salinity@015,2025,24.88
salinity@015,2025,29.05
salinity@015,2025,29.04
salinity@015,2025,29.03
salinity@015,2025,29.02
salinity@015,2025,26.99
salinity@015,2025,26.97
salinity@015,2025,26.96
salinity@015,2025,26.95
salinity@015,2025,26.18
salinity@015,2025,26.16
salinity@015,2025,26.15
salinity@015,2025,26.14
salinity@015,2025,26.13
salinity@015,2025,26.12
salinity@015,2025,26.1
salinity@015,2025,26.09
salinity@015,2025,26.08
salinity@015,2025,26.07
salinity@015,2025,26.06
salinity@015,2025,26.04
salinity@015,2025,26.03
salinity@015,2025,26.02
salinity@015,2025,26.01
salinity@015,2025,25.99
salinity@015,2025,25.98
salinity@015,2025,25.97
salinity@015,2025,25.96
salinity@015,2025,25.95
salinity@015,2025,25.93
salinity@015,2025,25.92
salinity@015,2025,25.91
salinity@015,2025,25.9
salinity@015,2025,25.89
salinity@015,2025,25.87
salinity@015,2025,25.86
salinity@015,2025,25.85
salinity@015,2025,25.84
salinity@015,2025,25.83
salinity@015,2025,25.81
salinity@015,2025,24.93
salinity@015,2025,24.92
salinity@015,2025,24.91
salinity@015,2025,29.05
salinity@015,2025,29.04
salinity@015,2025,29.03
salinity@015,2025,29.02
salinity@015,2025,26.99
salinity@015,2025,26.97
salinity@015,2025,26.96
salinity@015,2025,26.95
salinity@015,2025,26.04
salinity@015,2025,26.03
salinity@015,2025,26.02
salinity@015,2025,26.01
salinity@015,2025,25.99
salinity@015,2025,25.98
salinity@015,2025,25.97
salinity@015,2025,25.96
salinity@015,2025,25.95
salinity@015,2025,25.93
salinity@015,2025,25.92
salinity@015,2025,25.91
salinity@015,2025,25.9
salinity@015,2025,25.89
salinity@015,2025,25.87
salinity@015,2025,25.86
salinity@015,2025,25.85
salinity@015,2025,25.84
salinity@015,2025,25.83
salinity@015,2025,25.81
salinity@015,2025,25.8
salinity@015,2025,24.93
salinity@015,2025,29.05
salinity@015,2025,29.04
salinity@015,2025,29.03
salinity@015,2025,29.02
salinity@015,2025,26.99
salinity@015,2025,26.97
salinity@015,2025,26.96
salinity@015,2025,26.95
salinity@015,2025,25.92
salinity@015,2025,25.91
salinity@015,2025,25.9
salinity@015,2025,25.89
salinity@015,2025,25.87
salinity@015,2025,25.86
salinity@015,2025,25.85
salinity@015,2025,25.84
salinity@015,2025,25.83
salinity@015,2025,25.81
salinity@015,2025,25.8
salinity@015,2025,25.79
salinity@015,2025,29.05
salinity@015,2025,29.04
salinity@015,2025,29.03
salinity@015,2025,29.02
salinity@015,2025,26.99
salinity@015,2025,26.97
salinity@015,2025,26.96
salinity@015,2025,26.95
salinity@015,2025,25.92
salinity@015,2025,25.91
salinity@015,2025,25.9
salinity@015,2025,25.89
salinity@015,2025,25.87
salinity@015,2025,25.86
salinity@015,2025,25.85
salinity@015,2025,25.84
salinity@015,2025,25.83
salinity@015,2025,25.81
salinity@015,2025,25.8
salinity@015,2025,25.79
salinity@015,2025,25.78
salinity@015,2025,29.05
salinity@015,2025,29.04
salinity@015,2025,29.03
salinity@015,2025,29.02
salinity@015,2025,26.99
salinity@015,2025,26.97
salinity@015,2025,26.96
salinity@015,2025,26.95
salinity@015,2025,25.91
salinity@015,2025,25.9
salinity@015,2025,25.89
salinity@015,2025,25.87
salinity@015,2025,25.86
salinity@015,2025,25.85
salinity@015,2025,25.84
salinity@015,2025,25.83
salinity@015,2025,25.81
salinity@015,2025,25.8
salinity@015,2025,25.79
salinity@015,2025,25.78
salinity@015,2025,29.05
salinity@015,2025,29.04
salinity@015,2025,29.03
salinity@015,2025,29.02
salinity@015,2025,26.99
salinity@015,2025,26.97
salinity@015,2025,26.96
salinity@015,2025,26.95
salinity@015,2025,25.9
salinity@015,2025,25.89
salinity@015,2025,25.87
salinity@015,2025,25.86
salinity@015,2025,25.85
salinity@015,2025,25.84
salinity@015,2025,25.83
salinity@015,2025,25.81
salinity@015,2025,25.8
salinity@015,2025,25.79
salinity@015,2025,25.78
salinity@015,2025,25.76
salinity@015,2025,29.05
salinity@015,2025,29.04
salinity@015,2025,29.03
salinity@015,2025,29.02
salinity@015,2025,26.99
salinity@015,2025,26.97
salinity@015,2025,26.96
salinity@015,2025,26.95
salinity@015,2025,25.89
salinity@015,2025,25.87
salinity@015,2025,25.86
salinity@015,2025,25.85
salinity@015,2025,25.84
salinity@015,2025,25.83
salinity@015,2025,25.81
salinity@015,2025,25.8
salinity@015,2025,25.79
salinity@015,2025,25.78
salinity@015,2025,25.76
salinity@015,2025,25.75
salinity@015,2025,29.05
salinity@015,2025,29.04
salinity@015,2025,29.03
salinity@015,2025,29.02
salinity@015,2025,26.99
salinity@015,2025,26.97
salinity@015,2025,26.96
salinity@015,2025,26.95
salinity@015,2025,25.87
salinity@015,2025,25.86
salinity@015,2025,25.85
salinity@015,2025,25.84
salinity@015,2025,25.83
salinity@015,2025,25.81
salinity@015,2025,25.8
salinity@015,2025,25.79
salinity@015,2025,25.78
salinity@015,2025,25.76
salinity@015,2025,25.75
salinity@015,2025,25.74
salinity@015,2025,29.05
salinity@015,2025,29.04
salinity@015,2025,29.03
salinity@015,2025,29.02
salinity@015,2025,26.99
salinity@015,2025,26.97
salinity@015,2025,26.96
salinity@015,2025,26.95
salinity@015,2025,25.86
salinity@015,2025,25.85
salinity@015,2025,25.84
salinity@015,2025,25.83
salinity@015,2025,25.81
salinity@015,2025,25.8
salinity@015,2025,25.79
salinity@015,2025,25.78
salinity@015,2025,25.76
salinity@015,2025,25.75
salinity@015,2025,25.74
salinity@015,2025,25.73
salinity@015,2025,29.05
salinity@015,2025,29.04
salinity@015,2025,29.03
salinity@015,2025,29.02
salinity@015,2025,26.99
salinity@015,2025,26.97
salinity@015,2025,26.96
salinity@015,2025,26.95
salinity@015,2025,25.87
salinity@015,2025,25.86
salinity@015,2025,25.85
salinity@015,2025,25.84
salinity@015,2025,25.83
salinity@015,2025,25.81
salinity@015,2025,25.8
salinity@015,2025,25.79
salinity@015,2025,25.78
salinity@015,2025,25.76
salinity@015,2025,25.75
salinity@015,2025,25.74
salinity@015,2025,25.73
salinity@015,2025,26.99
salinity@015,2025,26.97
salinity@015,2025,26.96
salinity@015,2025,26.95
salinity@015,2025,25.9
salinity@015,2025,25.89
salinity@015,2025,25.87
salinity@015,2025,25.86
salinity@015,2025,25.85
salinity@015,2025,25.84
salinity@015,2025,25.83
salinity@015,2025,25.81
salinity@015,2025,25.8
salinity@015,2025,25.79
salinity@015,2025,25.78
salinity@015,2025,25.76
salinity@015,2025,25.75
salinity@015,2025,25.74
salinity@015,2025,25.73
salinity@015,2025,26.99
salinity@015,2025,26.97
salinity@015,2025,26.96
salinity@015,2025,26.95
salinity@015,2025,25.92
salinity@015,2025,25.91
salinity@015,2025,25.9
salinity@015,2025,25.89
salinity@015,2025,25.87
salinity@015,2025,25.86
salinity@015,2025,25.85
salinity@015,2025,25.84
salinity@015,2025,25.83
salinity@015,2025,25.81
salinity@015,2025,25.8
salinity@015,2025,25.79
salinity@015,2025,25.78
salinity@015,2025,25.76
salinity@015,2025,25.75
salinity@015,2025,25.74
salinity@015,2025,25.73
salinity@015,2025,26.99
salinity@015,2025,26.97
salinity@015,2025,26.96
salinity@015,2025,26.95
salinity@015,2025,25.95
salinity@015,2025,25.93
salinity@015,2025,25.92
salinity@015,2025,25.91
salinity@015,2025,25.9
salinity@015,2025,25.89
salinity@015,2025,25.87
salinity@015,2025,25.86
salinity@015,2025,25.85
salinity@015,2025,25.84
salinity@015,2025,25.83
salinity@015,2025,25.81
salinity@015,2025,25.8
salinity@015,2025,25.79
salinity@015,2025,25.78
salinity@015,2025,25.76
salinity@015,2025,25.75
salinity@015,2025,25.74
salinity@015,2025,25.73
salinity@015,2025,26.99
salinity@015,2025,26.97
salinity@015,2025,26.96
salinity@015,2025,26.95
salinity@015,2025,25.97
salinity@015,2025,25.96
salinity@015,2025,25.95
salinity@015,2025,25.93
salinity@015,2025,25.92
salinity@015,2025,25.91
salinity@015,2025,25.9
salinity@015,2025,25.89
salinity@015,2025,25.87
salinity@015,2025,25.86
salinity@015,2025,25.85
salinity@015,2025,25.84
salinity@015,2025,25.83
salinity@015,2025,25.81
salinity@015,2025,25.8
salinity@015,2025,25.79
salinity@015,2025,25.78
salinity@015,2025,25.76
salinity@015,2025,25.75
salinity@015,2025,25.74
salinity@015,2025,26.99
salinity@015,2025,26.97
salinity@015,2025,26.96
salinity@015,2025,26.95
salinity@015,2025,25.99
salinity@015,2025,25.98
salinity@015,2025,25.97
salinity@015,2025,25.96
salinity@015,2025,25.95
salinity@015,2025,25.93
salinity@015,2025,25.92
salinity@015,2025,25.91
salinity@015,2025,25.9
salinity@015,2025,25.89
salinity@015,2025,25.87
salinity@015,2025,25.86
salinity@015,2025,25.85
salinity@015,2025,25.84
salinity@015,2025,25.83
salinity@015,2025,25.81
salinity@015,2025,25.8
salinity@015,2025,25.79
salinity@015,2025,25.78
salinity@015,2025,25.76
salinity@015,2025,25.75
salinity@015,2025,26.99
salinity@015,2025,26.97
salinity@015,2025,26.96
salinity@015,2025,26.95
salinity@015,2025,26.03
salinity@015,2025,26.02
salinity@015,2025,26.01
salinity@015,2025,25.99
salinity@015,2025,25.98
salinity@015,2025,25.97
salinity@015,2025,25.96
salinity@015,2025,25.95
salinity@015,2025,25.93
salinity@015,2025,25.92
salinity@015,2025,25.91
salinity@015,2025,25.9
salinity@015,2025,25.89
salinity@015,2025,25.87
salinity@015,2025,25.86
salinity@015,2025,25.85
salinity@015,2025,25.84
salinity@015,2025,25.83
salinity@015,2025,25.81
salinity@015,2025,25.8
salinity@015,2025,25.79
salinity@015,2025,25.78
salinity@015,2025,25.76
salinity@015,2025,26.99
salinity@015,2025,26.97
salinity@015,2025,26.96
salinity@015,2025,26.95
salinity@015,2025,26.06
salinity@015,2025,26.04
salinity@015,2025,26.03
salinity@015,2025,26.02
salinity@015,2025,26.01
salinity@015,2025,25.99
salinity@015,2025,25.98
salinity@015,2025,25.97
salinity@015,2025,25.96
salinity@015,2025,25.95
salinity@015,2025,25.93
salinity@015,2025,25.92
salinity@015,2025,25.91
salinity@015,2025,25.9
salinity@015,2025,25.89
salinity@015,2025,25.87
salinity@015,2025,25.86
salinity@015,2025,25.85
salinity@015,2025,25.84
salinity@015,2025,25.83
salinity@015,2025,25.81
salinity@015,2025,25.8
salinity@015,2025,25.79
salinity@015,2025,26.99
salinity@015,2025,26.97
salinity@015,2025,26.96
salinity@015,2025,26.95
salinity@015,2025,26.08
salinity@015,2025,26.07
salinity@015,2025,26.06
salinity@015,2025,26.04
salinity@015,2025,26.03
salinity@015,2025,26.02
salinity@015,2025,26.01
salinity@015,2025,25.99
salinity@015,2025,25.98
salinity@015,2025,25.97
salinity@015,2025,25.96
salinity@015,2025,25.95
salinity@015,2025,25.93
salinity@015,2025,25.92
salinity@015,2025,25.91
salinity@015,2025,25.9
salinity@015,2025,25.89
salinity@015,2025,25.87
salinity@015,2025,25.86
salinity@015,2025,25.85
salinity@015,2025,25.84
salinity@015,2025,25.83
salinity@015,2025,26.99
salinity@015,2025,26.97
salinity@015,2025,26.96
salinity@015,2025,26.95
salinity@015,2025,26.1
salinity@015,2025,26.09
salinity@015,2025,26.08
salinity@015,2025,26.07
salinity@015,2025,26.06
salinity@015,2025,26.04
salinity@015,2025,26.03
salinity@015,2025,26.02
salinity@015,2025,26.01
salinity@015,2025,25.99
salinity@015,2025,25.98
salinity@015,2025,25.97
salinity@015,2025,25.96
salinity@015,2025,25.95
salinity@015,2025,25.93
salinity@015,2025,25.92
salinity@015,2025,25.91
salinity@015,2025,25.9
salinity@015,2025,25.89
salinity@015,2025,25.87
salinity@015,2025,25.86
salinity@015,2025,25.85
salinity@015,2025,26.99
salinity@015,2025,26.97
salinity@015,2025,26.96
salinity@015,2025,26.95
salinity@015,2025,26.13
salinity@015,2025,26.12
salinity@015,2025,26.1
salinity@015,2025,26.09
salinity@015,2025,26.08
salinity@015,2025,26.07
salinity@015,2025,26.06
salinity@015,2025,26.04
salinity@015,2025,26.03
salinity@015,2025,26.02
salinity@015,2025,26.01
salinity@015,2025,25.99
salinity@015,2025,25.98
salinity@015,2025,25.97
salinity@015,2025,25.96
salinity@015,2025,25.95
salinity@015,2025,25.93
salinity@015,2025,25.92
salinity@015,2025,25.91
salinity@015,2025,25.9
salinity@015,2025,25.89
salinity@015,2025,25.87
salinity@015,2025,26.99
salinity@015,2025,26.97
salinity@015,2025,26.96
salinity@015,2025,26.95
salinity@015,2025,26.15
salinity@015,2025,26.14
salinity@015,2025,26.13
salinity@015,2025,26.12
salinity@015,2025,26.1
salinity@015,2025,26.09
salinity@015,2025,26.08
salinity@015,2025,26.07
salinity@015,2025,26.06
salinity@015,2025,26.04
salinity@015,2025,26.03
salinity@015,2025,26.02
salinity@015,2025,26.01
salinity@015,2025,25.99
salinity@015,2025,25.98
salinity@015,2025,25.97
salinity@015,2025,25.96
salinity@015,2025,25.95
salinity@015,2025,25.93
salinity@015,2025,25.92
salinity@015,2025,25.91
salinity@015,2025,25.9
salinity@015,2025,26.99
salinity@015,2025,26.97
salinity@015,2025,26.96
salinity@015,2025,26.95
salinity@015,2025,26.16
salinity@015,2025,26.15
salinity@015,2025,26.14
salinity@015,2025,26.13
salinity@015,2025,26.12
salinity@015,2025,26.1
salinity@015,2025,26.09
salinity@015,2025,26.08
salinity@015,2025,26.07
salinity@015,2025,26.06
salinity@015,2025,26.04
salinity@015,2025,26.03
salinity@015,2025,26.02
salinity@015,2025,26.01
salinity@015,2025,25.99
salinity@015,2025,25.98
salinity@015,2025,25.97
salinity@015,2025,25.96
salinity@015,2025,25.95
salinity@015,2025,25.93
salinity@015,2025,25.92
salinity@015,2025,26.99
salinity@015,2025,26.97
salinity@015,2025,26.96
salinity@015,2025,26.95
salinity@015,2025,26.18
salinity@015,2025,26.16
salinity@015,2025,26.15
salinity@015,2025,26.14
salinity@015,2025,26.13
salinity@015,2025,26.12
salinity@015,2025,26.1
salinity@015,2025,26.09
salinity@015,2025,26.08
salinity@015,2025,26.07
salinity@015,2025,26.06
salinity@015,2025,26.04
salinity@015,2025,26.03
salinity@015,2025,26.02
salinity@015,2025,26.01
salinity@015,2025,25.99
salinity@015,2025,25.98
salinity@015,2025,25.97
salinity@015,2025,25.96
salinity@015,2025,25.95
salinity@015,2025,26.99
salinity@015,2025,26.97
salinity@015,2025,26.96
salinity@015,2025,26.95
salinity@015,2025,26.19
salinity@015,2025,26.18
salinity@015,2025,26.16
salinity@015,2025,26.15
salinity@015,2025,26.14
salinity@015,2025,26.13
salinity@015,2025,26.12
salinity@015,2025,26.1
salinity@015,2025,26.09
salinity@015,2025,26.08
salinity@015,2025,26.07
salinity@015,2025,26.06
salinity@015,2025,26.04
salinity@015,2025,26.03
salinity@015,2025,26.02
salinity@015,2025,26.01
salinity@015,2025,25.99
salinity@015,2025,25.98
salinity@015,2025,25.97
salinity@015,2025,26.21
salinity@015,2025,26.2
salinity@015,2025,26.19
salinity@015,2025,26.18
salinity@015,2025,26.16
salinity@015,2025,26.15
salinity@015,2025,26.14
salinity@015,2025,26.13
salinity@015,2025,26.12
salinity@015,2025,26.1
salinity@015,2025,26.09
salinity@015,2025,26.08
salinity@015,2025,26.07
salinity@015,2025,26.06
salinity@015,2025,26.04
salinity@015,2025,26.03
salinity@015,2025,26.02
salinity@015,2025,26.01
salinity@015,2025,25.99
salinity@015,2025,26.22
salinity@015,2025,26.21
salinity@015,2025,26.2
salinity@015,2025,26.19
salinity@015,2025,26.18
salinity@015,2025,26.16
salinity@015,2025,26.15
salinity@015,2025,26.14
salinity@015,2025,26.13
salinity@015,2025,26.12
salinity@015,2025,26.1
salinity@015,2025,26.09
salinity@015,2025,26.08
salinity@015,2025,26.07
salinity@015,2025,26.06
salinity@015,2025,26.04
salinity@015,2025,26.03
salinity@015,2025,26.02
salinity@015,2025,26.24
salinity@015,2025,26.22
salinity@015,2025,26.21
salinity@015,2025,26.2
salinity@015,2025,26.19
salinity@015,2025,26.18
salinity@015,2025,26.16
salinity@015,2025,26.15
salinity@015,2025,26.14
salinity@015,2025,26.13
salinity@015,2025,26.12
salinity@015,2025,26.1
salinity@015,2025,26.09
salinity@015,2025,26.08
salinity@015,2025,26.07
salinity@015,2025,26.06
salinity@015,2025,26.26
salinity@015,2025,26.25
salinity@015,2025,26.24
salinity@015,2025,26.22
salinity@015,2025,26.21
salinity@015,2025,26.2
salinity@015,2025,26.19
salinity@015,2025,26.18
salinity@015,2025,26.16
salinity@015,2025,26.15
salinity@015,2025,26.14
salinity@015,2025,26.13
salinity@015,2025,26.12
salinity@015,2025,26.1
salinity@015,2025,26.09
salinity@015,2025,26.08
salinity@015,2025,26.27
salinity@015,2025,26.26
salinity@015,2025,26.25
salinity@015,2025,26.24
salinity@015,2025,26.22
salinity@015,2025,26.21
salinity@015,2025,26.2
salinity@015,2025,26.19
salinity@015,2025,26.18
salinity@015,2025,26.16
salinity@015,2025,26.15
salinity@015,2025,26.14
salinity@015,2025,26.13
salinity@015,2025,26.12
salinity@015,2025,26.1
salinity@015,2025,26.09
salinity@015,2025,26.28
salinity@015,2025,26.27
salinity@015,2025,26.26
salinity@015,2025,26.25
salinity@015,2025,26.24
salinity@015,2025,26.22
salinity@015,2025,26.21
salinity@015,2025,26.2
salinity@015,2025,26.19
salinity@015,2025,26.18
salinity@015,2025,26.16
salinity@015,2025,26.15
salinity@015,2025,26.14
salinity@015,2025,26.13
salinity@015,2025,26.12
salinity@015,2025,26.3
salinity@015,2025,26.28
salinity@015,2025,26.27
salinity@015,2025,26.26
salinity@015,2025,26.25
salinity@015,2025,26.24
salinity@015,2025,26.22
salinity@015,2025,26.21
salinity@015,2025,26.2
salinity@015,2025,26.19
salinity@015,2025,26.18
salinity@015,2025,26.16
salinity@015,2025,26.15
salinity@015,2025,26.14
salinity@015,2025,26.13
salinity@015,2025,26.32
salinity@015,2025,26.31
salinity@015,2025,26.3
salinity@015,2025,26.28
salinity@015,2025,26.27
salinity@015,2025,26.26
salinity@015,2025,26.25
salinity@015,2025,26.24
salinity@015,2025,26.22
salinity@015,2025,26.21
salinity@015,2025,26.2
salinity@015,2025,26.19
salinity@015,2025,26.18
salinity@015,2025,26.16
salinity@015,2025,26.15
salinity@015,2025,26.14
salinity@015,2025,26.33
salinity@015,2025,26.32
salinity@015,2025,26.31
salinity@015,2025,26.3
salinity@015,2025,26.28
salinity@015,2025,26.27
salinity@015,2025,26.26
salinity@015,2025,26.25
salinity@015,2025,26.24
salinity@015,2025,26.22
salinity@015,2025,26.21
salinity@015,2025,26.2
salinity@015,2025,26.19
salinity@015,2025,26.18
salinity@015,2025,26.16
salinity@015,2025,26.35
salinity@015,2025,26.33
salinity@015,2025,26.32
salinity@015,2025,26.31
salinity@015,2025,26.3
salinity@015,2025,26.28
salinity@015,2025,26.27
salinity@015,2025,26.26
salinity@015,2025,26.25
salinity@015,2025,26.24
salinity@015,2025,26.22
salinity@015,2025,26.21
salinity@015,2025,26.2
salinity@015,2025,26.19
salinity@015,2025,26.18
salinity@015,2025,26.36
salinity@015,2025,26.35
salinity@015,2025,26.33
salinity@015,2025,26.32
salinity@015,2025,26.31
salinity@015,2025,26.3
salinity@015,2025,26.28
salinity@015,2025,26.27
salinity@015,2025,26.26
salinity@015,2025,26.25
salinity@015,2025,26.24
salinity@015,2025,26.22
salinity@015,2025,26.21
salinity@015,2025,26.2
salinity@015,2025,26.19
salinity@015,2025,26.36
salinity@015,2025,26.35
salinity@015,2025,26.33
salinity@015,2025,26.32
salinity@015,2025,26.31
salinity@015,2025,26.3
salinity@015,2025,26.28
salinity@015,2025,26.27
salinity@015,2025,26.26
salinity@015,2025,26.25
salinity@015,2025,26.24
salinity@015,2025,26.22
salinity@015,2025,26.21
salinity@015,2025,26.2
salinity@015,2025,26.37
salinity@015,2025,26.36
salinity@015,2025,26.35
salinity@015,2025,26.33
salinity@015,2025,26.32
salinity@015,2025,26.31
salinity@015,2025,26.3
salinity@015,2025,26.28
salinity@015,2025,26.27
salinity@015,2025,26.26
salinity@015,2025,26.25
salinity@015,2025,26.24
salinity@015,2025,26.22
salinity@015,2025,26.37
salinity@015,2025,26.36
salinity@015,2025,26.35
salinity@015,2025,26.33
salinity@015,2025,26.32
salinity@015,2025,26.31
salinity@015,2025,26.3
salinity@015,2025,26.28
salinity@015,2025,26.27
salinity@015,2025,26.26
salinity@015,2025,26.25
salinity@015,2025,26.24
salinity@015,2025,26.36
salinity@015,2025,26.35
salinity@015,2025,26.33
salinity@015,2025,26.32
salinity@015,2025,26.31
salinity@015,2025,26.3
salinity@015,2025,26.28
salinity@015,2025,26.27
salinity@015,2025,26.26
salinity@015,2025,26.25
salinity@015,2025,26.36
salinity@015,2025,26.35
salinity@015,2025,26.33
salinity@015,2025,26.32
salinity@015,2025,26.31
salinity@015,2025,26.3
salinity@015,2025,26.28
salinity@015,2025,26.27
salinity@015,2025,26.26
salinity@015,2025,26.36
salinity@015,2025,26.35
salinity@015,2025,26.33
salinity@015,2025,26.32
salinity@015,2025,26.31
salinity@015,2025,26.3
salinity@015,2025,26.28
salinity@015,2025,26.27
salinity@015,2025,26.26
salinity@015,2025,26.36
salinity@015,2025,26.35
salinity@015,2025,26.33
salinity@015,2025,26.32
salinity@015,2025,26.31
salinity@015,2025,26.3
salinity@015,2025,26.28
salinity@015,2025,26.27
salinity@015,2025,26.26
salinity@015,2025,26.25
salinity@015,2025,26.36
salinity@015,2025,26.35
salinity@015,2025,26.33
salinity@015,2025,26.32
salinity@015,2025,26.31
salinity@015,2025,26.3
salinity@015,2025,26.28
salinity@015,2025,26.27
salinity@015,2025,26.26
salinity@015,2025,26.25
salinity@015,2025,26.36
salinity@015,2025,26.35
salinity@015,2025,26.33
salinity@015,2025,26.32
salinity@015,2025,26.31
salinity@015,2025,26.3
salinity@015,2025,26.28
salinity@015,2025,26.27
salinity@015,2025,26.26
salinity@015,2025,26.25
salinity@015,2025,26.35
salinity@015,2025,26.33
salinity@015,2025,26.32
salinity@015,2025,26.31
salinity@015,2025,26.3
salinity@015,2025,26.28
salinity@015,2025,26.27
salinity@015,2025,26.26
salinity@015,2025,26.25
salinity@015,2025,26.35
salinity@015,2025,26.33
salinity@015,2025,26.32
salinity@015,2025,26.31
salinity@015,2025,26.3
salinity@015,2025,26.28
salinity@015,2025,26.27
salinity@015,2025,26.26
salinity@015,2025,26.25
salinity@015,2025,26.35
salinity@015,2025,26.33
salinity@015,2025,26.32
salinity@015,2025,26.31
salinity@015,2025,26.3
salinity@015,2025,26.28
salinity@015,2025,26.27
salinity@015,2025,26.26
salinity@015,2025,26.25
salinity@015,2025,26.35
salinity@015,2025,26.33
salinity@015,2025,26.32
salinity@015,2025,26.31
salinity@015,2025,26.3
salinity@015,2025,26.28
salinity@015,2025,26.27
salinity@015,2025,26.26
salinity@015,2025,26.25
salinity@015,2025,26.35
salinity@015,2025,26.33
salinity@015,2025,26.32
salinity@015,2025,26.31
salinity@015,2025,26.3
salinity@015,2025,26.28
salinity@015,2025,26.27
salinity@015,2025,26.26
salinity@015,2025,26.25
salinity@015,2025,26.24
salinity@015,2025,26.35
salinity@015,2025,26.33
salinity@015,2025,26.32
salinity@015,2025,26.31
salinity@015,2025,26.3
salinity@015,2025,26.28
salinity@015,2025,26.27
salinity@015,2025,26.26
salinity@015,2025,26.25
salinity@015,2025,26.24
salinity@015,2025,26.35
salinity@015,2025,26.33
salinity@015,2025,26.32
salinity@015,2025,26.31
salinity@015,2025,26.3
salinity@015,2025,26.28
salinity@015,2025,26.27
salinity@015,2025,26.26
salinity@015,2025,26.25
salinity@015,2025,26.24
salinity@015,2025,26.36
salinity@015,2025,26.35
salinity@015,2025,26.33
salinity@015,2025,26.32
salinity@015,2025,26.31
salinity@015,2025,26.3
salinity@015,2025,26.28
salinity@015,2025,26.27
salinity@015,2025,26.26
salinity@015,2025,26.25
salinity@015,2025,26.24
salinity@015,2025,26.36
salinity@015,2025,26.35
salinity@015,2025,26.33
salinity@015,2025,26.32
salinity@015,2025,26.31
salinity@015,2025,26.3
salinity@015,2025,26.28
salinity@015,2025,26.27
salinity@015,2025,26.26
salinity@015,2025,26.25
salinity@015,2025,26.37
salinity@015,2025,26.36
salinity@015,2025,26.35
salinity@015,2025,26.33
salinity@015,2025,26.32
salinity@015,2025,26.31
salinity@015,2025,26.3
salinity@015,2025,26.28
salinity@015,2025,26.27
salinity@015,2025,26.26
salinity@015,2025,26.25
salinity@015,2025,26.37
salinity@015,2025,26.36
salinity@015,2025,26.35
salinity@015,2025,26.33
salinity@015,2025,26.32
salinity@015,2025,26.31
salinity@015,2025,26.3
salinity@015,2025,26.28
salinity@015,2025,26.27
salinity@015,2025,26.26
salinity@015,2025,26.37
salinity@015,2025,26.36
salinity@015,2025,26.35
salinity@015,2025,26.33
salinity@015,2025,26.32
salinity@015,2025,26.31
salinity@015,2025,26.3
salinity@015,2025,26.28
salinity@015,2025,26.27
salinity@015,2025,26.26
salinity@015,2025,26.38
salinity@015,2025,26.37
salinity@015,2025,26.36
salinity@015,2025,26.35
salinity@015,2025,26.33
salinity@015,2025,26.32
salinity@015,2025,26.31
salinity@015,2025,26.3
salinity@015,2025,26.28
salinity@015,2025,26.27
salinity@015,2025,26.26
salinity@015,2025,26.38
salinity@015,2025,26.37
salinity@015,2025,26.36
salinity@015,2025,26.35
salinity@015,2025,26.33
salinity@015,2025,26.32
salinity@015,2025,26.31
salinity@015,2025,26.3
salinity@015,2025,26.28
salinity@015,2025,26.27
salinity@015,2025,26.39
salinity@015,2025,26.38
salinity@015,2025,26.37
salinity@015,2025,26.36
salinity@015,2025,26.35
salinity@015,2025,26.33
salinity@015,2025,26.32
salinity@015,2025,26.31
salinity@015,2025,26.3
salinity@015,2025,26.28
salinity@015,2025,26.27
salinity@015,2025,26.39
salinity@015,2025,26.38
salinity@015,2025,26.37
salinity@015,2025,26.36
salinity@015,2025,26.35
salinity@015,2025,26.33
salinity@015,2025,26.32
salinity@015,2025,26.31
salinity@015,2025,26.3
salinity@015,2025,26.28
salinity@015,2025,26.41
salinity@015,2025,26.39
salinity@015,2025,26.38
salinity@015,2025,26.37
salinity@015,2025,26.36
salinity@015,2025,26.35
salinity@015,2025,26.33
salinity@015,2025,26.32
salinity@015,2025,26.31
salinity@015,2025,26.3
salinity@015,2025,26.28
salinity@015,2025,26.41
salinity@015,2025,26.39
salinity@015,2025,26.38
salinity@015,2025,26.37
salinity@015,2025,26.36
salinity@015,2025,26.35
salinity@015,2025,26.33
salinity@015,2025,26.32
salinity@015,2025,26.31
salinity@015,2025,26.3
salinity@015,2025,26.41
salinity@015,2025,26.39
salinity@015,2025,26.38
salinity@015,2025,26.37
salinity@015,2025,26.36
salinity@015,2025,26.35
salinity@015,2025,26.33
salinity@015,2025,26.32
salinity@015,2025,26.31
salinity@015,2025,26.3
salinity@015,2025,26.42
salinity@015,2025,26.41
salinity@015,2025,26.39
salinity@015,2025,26.38
salinity@015,2025,26.37
salinity@015,2025,26.36
salinity@015,2025,26.35
salinity@015,2025,26.33
salinity@015,2025,26.32
salinity@015,2025,26.31
salinity@015,2025,26.41
salinity@015,2025,26.39
salinity@015,2025,26.38
salinity@015,2025,26.37
salinity@015,2025,26.36
salinity@015,2025,26.35
salinity@015,2025,26.33
salinity@015,2025,26.32
salinity@015,2025,26.31
salinity@015,2025,26.41
salinity@015,2025,26.39
salinity@015,2025,26.38
salinity@015,2025,26.37
salinity@015,2025,26.36
salinity@015,2025,26.35
salinity@015,2025,26.33
salinity@015,2025,26.32
salinity@015,2025,26.41
salinity@015,2025,26.39
salinity@015,2025,26.38
salinity@015,2025,26.37
salinity@015,2025,26.36
salinity@015,2025,26.35
salinity@015,2025,26.33
salinity@015,2025,26.32
