parameter_name,year,value
temperature,2010,27.16
temperature,2010,27.13
temperature,2010,27.1
temperature,2010,27.07
temperature,2010,27.05
temperature,2010,27.02
temperature,2010,26.99
temperature,2010,26.96
temperature,2010,26.93
temperature,2010,27.19
temperature,2010,27.16
temperature,2010,27.13
temperature,2010,27.1
temperature,2010,27.07
temperature,2010,27.05
temperature,2010,27.02
temperature,2010,26.99
temperature,2010,26.96
temperature,2010,26.93
temperature,2010,27.16
temperature,2010,27.13
temperature,2010,27.1
temperature,2010,27.07
temperature,2010,27.05
temperature,2010,27.02
temperature,2010,26.99
temperature,2010,26.96
temperature,2010,26.93
temperature,2010,26.9
temperature,2010,27.16
temperature,2010,27.13
temperature,2010,27.1
temperature,2010,27.07
temperature,2010,27.05
temperature,2010,27.02
temperature,2010,26.99
temperature,2010,26.96
temperature,2010,26.93
temperature,2010,26.9
temperature,2010,27.16
temperature,2010,27.13
temperature,2010,27.1
temperature,2010,27.07
temperature,2010,27.05
temperature,2010,27.02
temperature,2010,26.99
temperature,2010,26.96
temperature,2010,26.93
temperature,2010,26.9
temperature,2010,26.88
temperature,2010,27.13
temperature,2010,27.1
temperature,2010,27.07
temperature,2010,27.05
temperature,2010,27.02
temperature,2010,26.99
temperature,2010,26.96
temperature,2010,26.93
temperature,2010,26.9
temperature,2010,26.88
temperature,2010,27.13
temperature,2010,27.1
temperature,2010,27.07
temperature,2010,27.05
temperature,2010,27.02
temperature,2010,26.99
temperature,2010,26.96
temperature,2010,26.93
temperature,2010,26.9
temperature,2010,26.88
temperature,2010,26.85
temperature,2010,27.1
temperature,2010,27.07
temperature,2010,27.05
temperature,2010,27.02
temperature,2010,26.99
temperature,2010,26.96
temperature,2010,26.93
temperature,2010,26.9
temperature,2010,26.88
temperature,2010,26.85
temperature,2010,27.1
temperature,2010,27.07
temperature,2010,27.05
temperature,2010,27.02
temperature,2010,26.99
temperature,2010,26.96
temperature,2010,26.93
temperature,2010,26.9
temperature,2010,26.88
temperature,2010,26.85
temperature,2010,26.82
temperature,2010,27.07
temperature,2010,27.05
temperature,2010,27.02
temperature,2010,26.99
temperature,2010,26.96
temperature,2010,26.93
temperature,2010,26.9
temperature,2010,26.88
temperature,2010,26.85
temperature,2010,26.82
temperature,2010,27.07
temperature,2010,27.05
temperature,2010,27.02
temperature,2010,26.99
temperature,2010,26.96
temperature,2010,26.93
temperature,2010,26.9
temperature,2010,26.88
temperature,2010,26.85
temperature,2010,26.82
temperature,2010,26.79
temperature,2010,27.05
temperature,2010,27.02
temperature,2010,26.99
temperature,2010,26.96
temperature,2010,26.93
temperature,2010,26.9
temperature,2010,26.88
temperature,2010,26.85
temperature,2010,26.82
temperature,2010,26.79
temperature,2010,27.05
temperature,2010,27.02
temperature,2010,26.99
temperature,2010,26.96
temperature,2010,26.93
temperature,2010,26.9
temperature,2010,26.88
temperature,2010,26.85
temperature,2010,26.82
temperature,2010,26.79
temperature,2010,26.76
temperature,2010,27.02
temperature,2010,26.99
temperature,2010,26.96
temperature,2010,26.93
temperature,2010,26.9
temperature,2010,26.88
temperature,2010,26.85
temperature,2010,26.82
temperature,2010,26.79
temperature,2010,26.76
temperature,2010,26.73
temperature,2010,27.02
temperature,2010,26.99
temperature,2010,26.96
temperature,2010,26.93
temperature,2010,26.9
temperature,2010,26.88
temperature,2010,26.85
temperature,2010,26.82
temperature,2010,26.79
temperature,2010,26.76
temperature,2010,26.73
temperature,2010,26.99
temperature,2010,26.96
temperature,2010,26.93
temperature,2010,26.9
temperature,2010,26.88
temperature,2010,26.85
temperature,2010,26.82
temperature,2010,26.79
temperature,2010,26.76
temperature,2010,26.73
temperature,2010,26.71
temperature,2010,26.99
temperature,2010,26.96
temperature,2010,26.93
temperature,2010,26.9
temperature,2010,26.88
temperature,2010,26.85
temperature,2010,26.82
temperature,2010,26.79
temperature,2010,26.76
temperature,2010,26.73
temperature,2010,26.71
temperature,2010,26.68
temperature,2010,26.96
temperature,2010,26.93
temperature,2010,26.9
temperature,2010,26.88
temperature,2010,26.85
temperature,2010,26.82
temperature,2010,26.79
temperature,2010,26.76
temperature,2010,26.73
temperature,2010,26.71
temperature,2010,26.68
temperature,2010,26.65
temperature,2010,26.93
temperature,2010,26.9
temperature,2010,26.88
temperature,2010,26.85
temperature,2010,26.82
temperature,2010,26.79
temperature,2010,26.76
temperature,2010,26.73
temperature,2010,26.71
temperature,2010,26.68
temperature,2010,26.65
temperature,2010,26.93
temperature,2010,26.9
temperature,2010,26.88
temperature,2010,26.85
temperature,2010,26.82
temperature,2010,26.79
temperature,2010,26.76
temperature,2010,26.73
temperature,2010,26.71
temperature,2010,26.68
temperature,2010,26.65
temperature,2010,26.62
temperature,2010,26.9
temperature,2010,26.88
temperature,2010,26.85
temperature,2010,26.82
temperature,2010,26.79
temperature,2010,26.76
temperature,2010,26.73
temperature,2010,26.71
temperature,2010,26.68
temperature,2010,26.65
temperature,2010,26.62
temperature,2010,26.59
temperature,2010,26.88
temperature,2010,26.85
temperature,2010,26.82
temperature,2010,26.79
temperature,2010,26.76
temperature,2010,26.73
temperature,2010,26.71
temperature,2010,26.68
temperature,2010,26.65
temperature,2010,26.62
temperature,2010,26.59
temperature,2010,26.56
temperature,2010,26.85
temperature,2010,26.82
temperature,2010,26.79
temperature,2010,26.76
temperature,2010,26.73
temperature,2010,26.71
temperature,2010,26.68
temperature,2010,26.65
temperature,2010,26.62
temperature,2010,26.59
temperature,2010,26.56
temperature,2010,26.54
temperature,2010,26.85
temperature,2010,26.82
temperature,2010,26.79
temperature,2010,26.76
temperature,2010,26.73
temperature,2010,26.71
temperature,2010,26.68
temperature,2010,26.65
temperature,2010,26.62
temperature,2010,26.59
temperature,2010,26.56
temperature,2010,26.54
temperature,2010,26.82
temperature,2010,26.79
temperature,2010,26.76
temperature,2010,26.73
temperature,2010,26.71
temperature,2010,26.68
temperature,2010,26.65
temperature,2010,26.62
temperature,2010,26.59
temperature,2010,26.56
temperature,2010,26.54
temperature,2010,26.51
temperature,2010,26.79
temperature,2010,26.76
temperature,2010,26.73
temperature,2010,26.71
temperature,2010,26.68
temperature,2010,26.65
temperature,2010,26.62
temperature,2010,26.59
temperature,2010,26.56
temperature,2010,26.54
temperature,2010,26.51
temperature,2010,26.48
temperature,2010,26.76
temperature,2010,26.73
temperature,2010,26.71
temperature,2010,26.68
temperature,2010,26.65
temperature,2010,26.62
temperature,2010,26.59
temperature,2010,26.56
temperature,2010,26.54
temperature,2010,26.51
temperature,2010,26.48
temperature,2010,26.45
temperature,2010,26.76
temperature,2010,26.73
temperature,2010,26.71
temperature,2010,26.68
temperature,2010,26.65
temperature,2010,26.62
temperature,2010,26.59
temperature,2010,26.56
temperature,2010,26.54
temperature,2010,26.51
temperature,2010,26.48
temperature,2010,26.45
temperature,2010,26.73
temperature,2010,26.71
temperature,2010,26.68
temperature,2010,26.65
temperature,2010,26.62
temperature,2010,26.59
temperature,2010,26.56
temperature,2010,26.54
temperature,2010,26.51
temperature,2010,26.48
temperature,2010,26.45
temperature,2010,26.42
temperature,2010,26.71
temperature,2010,26.68
temperature,2010,26.65
temperature,2010,26.62
temperature,2010,26.59
temperature,2010,26.56
temperature,2010,26.54
temperature,2010,26.51
temperature,2010,26.48
temperature,2010,26.45
temperature,2010,26.42
temperature,2010,26.39
temperature,2010,26.68
temperature,2010,26.65
temperature,2010,26.62
temperature,2010,26.59
temperature,2010,26.56
temperature,2010,26.54
temperature,2010,26.51
temperature,2010,26.48
temperature,2010,26.45
temperature,2010,26.42
temperature,2010,26.39
temperature,2010,26.36
temperature,2010,26.68
temperature,2010,26.65
temperature,2010,26.62
temperature,2010,26.59
temperature,2010,26.56
temperature,2010,26.54
temperature,2010,26.51
temperature,2010,26.48
temperature,2010,26.45
temperature,2010,26.42
temperature,2010,26.39
temperature,2010,26.36
temperature,2010,26.65
temperature,2010,26.62
temperature,2010,26.59
temperature,2010,26.56
temperature,2010,26.54
temperature,2010,26.51
temperature,2010,26.48
temperature,2010,26.45
temperature,2010,26.42
temperature,2010,26.39
temperature,2010,26.36
temperature,2010,26.34
temperature,2010,26.62
temperature,2010,26.59
temperature,2010,26.56
temperature,2010,26.54
temperature,2010,26.51
temperature,2010,26.48
temperature,2010,26.45
temperature,2010,26.42
temperature,2010,26.39
temperature,2010,26.36
temperature,2010,26.34
temperature,2010,26.31
temperature,2010,26.59
temperature,2010,26.56
temperature,2010,26.54
temperature,2010,26.51
temperature,2010,26.48
temperature,2010,26.45
temperature,2010,26.42
temperature,2010,26.39
temperature,2010,26.36
temperature,2010,26.34
temperature,2010,26.31
temperature,2010,26.59
temperature,2010,26.56
temperature,2010,26.54
temperature,2010,26.51
temperature,2010,26.48
temperature,2010,26.45
temperature,2010,26.42
temperature,2010,26.39
temperature,2010,26.36
temperature,2010,26.34
temperature,2010,26.31
temperature,2010,26.28
temperature,2010,26.56
temperature,2010,26.54
temperature,2010,26.51
temperature,2010,26.48
temperature,2010,26.45
temperature,2010,26.42
temperature,2010,26.39
temperature,2010,26.36
temperature,2010,26.34
temperature,2010,26.31
temperature,2010,26.28
temperature,2010,26.25
temperature,2010,26.54
temperature,2010,26.51
temperature,2010,26.48
temperature,2010,26.45
temperature,2010,26.42
temperature,2010,26.39
temperature,2010,26.36
temperature,2010,26.34
temperature,2010,26.31
temperature,2010,26.28
temperature,2010,26.25
temperature,2010,26.22
temperature,2010,26.51
temperature,2010,26.48
temperature,2010,26.45
temperature,2010,26.42
temperature,2010,26.39
temperature,2010,26.36
temperature,2010,26.34
temperature,2010,26.31
temperature,2010,26.28
temperature,2010,26.25
temperature,2010,26.22
temperature,2010,26.51
temperature,2010,26.48
temperature,2010,26.45
temperature,2010,26.42
temperature,2010,26.39
temperature,2010,26.36
temperature,2010,26.34
temperature,2010,26.31
temperature,2010,26.28
temperature,2010,26.25
temperature,2010,26.22
temperature,2010,26.19
temperature,2010,29.89
temperature,2010,29.86
temperature,2010,29.83
temperature,2010,29.8
temperature,2010,26.48
temperature,2010,26.45
temperature,2010,26.42
temperature,2010,26.39
temperature,2010,26.36
temperature,2010,26.34
temperature,2010,26.31
temperature,2010,26.28
temperature,2010,26.25
temperature,2010,26.22
temperature,2010,26.19
temperature,2010,29.89
temperature,2010,29.86
temperature,2010,29.83
temperature,2010,29.8
temperature,2010,26.51
temperature,2010,26.48
temperature,2010,26.45
temperature,2010,26.42
temperature,2010,26.39
temperature,2010,26.36
temperature,2010,26.34
temperature,2010,26.31
temperature,2010,26.28
temperature,2010,26.25
temperature,2010,26.22
temperature,2010,26.19
temperature,2010,29.89
temperature,2010,29.86
temperature,2010,29.83
temperature,2010,29.8
temperature,2010,26.54
temperature,2010,26.51
temperature,2010,26.48
temperature,2010,26.45
temperature,2010,26.42
temperature,2010,26.39
temperature,2010,26.36
temperature,2010,26.34
temperature,2010,26.31
temperature,2010,26.28
temperature,2010,26.25
temperature,2010,26.22
temperature,2010,26.19
temperature,2010,29.89
temperature,2010,29.86
temperature,2010,29.83
temperature,2010,29.8
temperature,2010,26.56
temperature,2010,26.54
temperature,2010,26.51
temperature,2010,26.48
temperature,2010,26.45
temperature,2010,26.42
temperature,2010,26.39
temperature,2010,26.36
temperature,2010,26.34
temperature,2010,26.31
temperature,2010,26.28
temperature,2010,26.25
temperature,2010,26.22
temperature,2010,29.89
temperature,2010,29.86
temperature,2010,29.83
temperature,2010,29.8
temperature,2010,26.59
temperature,2010,26.56
temperature,2010,26.54
temperature,2010,26.51
temperature,2010,26.48
temperature,2010,26.45
temperature,2010,26.42
temperature,2010,26.39
temperature,2010,26.36
temperature,2010,26.34
temperature,2010,26.31
temperature,2010,26.28
temperature,2010,26.25
temperature,2010,29.89
temperature,2010,29.86
temperature,2010,29.83
temperature,2010,29.8
temperature,2010,26.62
temperature,2010,26.59
temperature,2010,26.56
temperature,2010,26.54
temperature,2010,26.51
temperature,2010,26.48
temperature,2010,26.45
temperature,2010,26.42
temperature,2010,26.39
temperature,2010,26.36
temperature,2010,26.34
temperature,2010,26.31
temperature,2010,26.28
temperature,2010,29.89
temperature,2010,29.86
temperature,2010,29.83
temperature,2010,29.8
temperature,2010,26.62
temperature,2010,26.59
temperature,2010,26.56
temperature,2010,26.54
temperature,2010,26.51
temperature,2010,26.48
temperature,2010,26.45
temperature,2010,26.42
temperature,2010,26.39
temperature,2010,26.36
temperature,2010,26.34
temperature,2010,26.31
temperature,2010,29.89
temperature,2010,29.86
temperature,2010,29.83
temperature,2010,29.8
temperature,2010,26.65
temperature,2010,26.62
temperature,2010,26.59
temperature,2010,26.56
temperature,2010,26.54
temperature,2010,26.51
temperature,2010,26.48
temperature,2010,26.45
temperature,2010,26.42
temperature,2010,26.39
temperature,2010,26.36
temperature,2010,26.34
temperature,2010,29.89
temperature,2010,29.86
temperature,2010,29.83
temperature,2010,29.8
temperature,2010,26.68
temperature,2010,26.65
temperature,2010,26.62
temperature,2010,26.59
temperature,2010,26.56
temperature,2010,26.54
temperature,2010,26.51
temperature,2010,26.48
temperature,2010,26.45
temperature,2010,26.42
temperature,2010,26.39
temperature,2010,26.36
temperature,2010,26.34
temperature,2010,29.89
temperature,2010,29.86
temperature,2010,29.83
temperature,2010,29.8
temperature,2010,26.71
temperature,2010,26.68
temperature,2010,26.65
temperature,2010,26.62
temperature,2010,26.59
temperature,2010,26.56
temperature,2010,26.54
temperature,2010,26.51
temperature,2010,26.48
temperature,2010,26.45
temperature,2010,26.42
temperature,2010,26.39
temperature,2010,26.36
temperature,2010,29.89
temperature,2010,29.86
temperature,2010,29.83
temperature,2010,29.8
temperature,2010,26.73
temperature,2010,26.71
temperature,2010,26.68
temperature,2010,26.65
temperature,2010,26.62
temperature,2010,26.59
temperature,2010,26.56
temperature,2010,26.54
temperature,2010,26.51
temperature,2010,26.48
temperature,2010,26.45
temperature,2010,26.42
temperature,2010,26.39
temperature,2010,29.89
temperature,2010,29.86
temperature,2010,29.83
temperature,2010,29.8
temperature,2010,26.79
temperature,2010,26.76
temperature,2010,26.73
temperature,2010,26.71
temperature,2010,26.68
temperature,2010,26.65
temperature,2010,26.62
temperature,2010,26.59
temperature,2010,26.56
temperature,2010,26.54
temperature,2010,26.51
temperature,2010,26.48
temperature,2010,26.45
temperature,2010,26.42
temperature,2010,29.89
temperature,2010,29.86
temperature,2010,29.83
temperature,2010,29.8
temperature,2010,26.88
temperature,2010,26.85
temperature,2010,26.82
temperature,2010,26.79
temperature,2010,26.76
temperature,2010,26.73
temperature,2010,26.71
temperature,2010,26.68
temperature,2010,26.65
temperature,2010,26.62
temperature,2010,26.59
temperature,2010,26.56
temperature,2010,26.54
temperature,2010,26.51
temperature,2010,26.48
temperature,2010,26.45
temperature,2010,29.89
temperature,2010,29.86
temperature,2010,29.83
temperature,2010,29.8
temperature,2010,26.93
temperature,2010,26.9
temperature,2010,26.88
temperature,2010,26.85
temperature,2010,26.82
temperature,2010,26.79
temperature,2010,26.76
temperature,2010,26.73
temperature,2010,26.71
temperature,2010,26.68
temperature,2010,26.65
temperature,2010,26.62
temperature,2010,26.59
temperature,2010,26.56
temperature,2010,26.54
temperature,2010,26.51
temperature,2010,26.48
temperature,2010,29.89
temperature,2010,29.86
temperature,2010,29.83
temperature,2010,29.8
temperature,2010,26.99
temperature,2010,26.96
temperature,2010,26.93
temperature,2010,26.9
temperature,2010,26.88
temperature,2010,26.85
temperature,2010,26.82
temperature,2010,26.79
temperature,2010,26.76
temperature,2010,26.73
temperature,2010,26.71
temperature,2010,26.68
temperature,2010,26.65
temperature,2010,26.62
temperature,2010,26.59
temperature,2010,26.56
temperature,2010,26.54
temperature,2010,26.51
temperature,2010,34.86
temperature,2010,34.83
temperature,2010,29.89
temperature,2010,29.86
temperature,2010,29.83
temperature,2010,29.8
temperature,2010,27.05
temperature,2010,27.02
temperature,2010,26.99
temperature,2010,26.96
temperature,2010,26.93
temperature,2010,26.9
temperature,2010,26.88
temperature,2010,26.85
temperature,2010,26.82
temperature,2010,26.79
temperature,2010,26.76
temperature,2010,26.73
temperature,2010,26.71
temperature,2010,26.68
temperature,2010,26.65
temperature,2010,26.62
temperature,2010,26.59
temperature,2010,26.56
temperature,2010,26.54
temperature,2010,34.86
temperature,2010,34.83
temperature,2010,34.8
temperature,2010,34.77
temperature,2010,29.89
temperature,2010,29.86
temperature,2010,29.83
temperature,2010,29.8
temperature,2010,27.13
temperature,2010,27.1
temperature,2010,27.07
temperature,2010,27.05
temperature,2010,27.02
temperature,2010,26.99
temperature,2010,26.96
temperature,2010,26.93
temperature,2010,26.9
temperature,2010,26.88
temperature,2010,26.85
temperature,2010,26.82
temperature,2010,26.79
temperature,2010,26.76
temperature,2010,26.73
temperature,2010,26.71
temperature,2010,26.68
temperature,2010,26.65
temperature,2010,26.62
temperature,2010,26.59
temperature,2010,26.56
temperature,2010,26.54
temperature,2010,34.86
temperature,2010,34.83
temperature,2010,34.8
temperature,2010,34.77
temperature,2010,29.89
temperature,2010,29.86
temperature,2010,29.83
temperature,2010,29.8
temperature,2010,27.19
temperature,2010,27.16
temperature,2010,27.13
temperature,2010,27.1
temperature,2010,27.07
temperature,2010,27.05
temperature,2010,27.02
temperature,2010,26.99
temperature,2010,26.96
temperature,2010,26.93
temperature,2010,26.9
temperature,2010,26.88
temperature,2010,26.85
temperature,2010,26.82
temperature,2010,26.79
temperature,2010,26.76
temperature,2010,26.73
temperature,2010,26.71
temperature,2010,26.68
temperature,2010,26.65
temperature,2010,26.62
temperature,2010,26.59
temperature,2010,26.56
temperature,2010,34.86
temperature,2010,34.83
temperature,2010,34.8
temperature,2010,34.77
temperature,2010,29.89
temperature,2010,29.86
temperature,2010,29.83
temperature,2010,29.8
temperature,2010,27.25
temperature,2010,27.22
temperature,2010,27.19
temperature,2010,27.16
temperature,2010,27.13
temperature,2010,27.1
temperature,2010,27.07
temperature,2010,27.05
temperature,2010,27.02
temperature,2010,26.99
temperature,2010,26.96
temperature,2010,26.93
temperature,2010,26.9
temperature,2010,26.88
temperature,2010,26.85
temperature,2010,26.82
temperature,2010,26.79
temperature,2010,26.76
temperature,2010,26.73
temperature,2010,26.71
temperature,2010,26.68
temperature,2010,26.65
temperature,2010,26.62
temperature,2010,34.86
temperature,2010,34.83
temperature,2010,34.8
temperature,2010,34.77
temperature,2010,29.89
temperature,2010,29.86
temperature,2010,29.83
temperature,2010,29.8
temperature,2010,27.3
temperature,2010,27.27
temperature,2010,27.25
temperature,2010,27.22
temperature,2010,27.19
temperature,2010,27.16
temperature,2010,27.13
temperature,2010,27.1
temperature,2010,27.07
temperature,2010,27.05
temperature,2010,27.02
temperature,2010,26.99
temperature,2010,26.96
temperature,2010,26.93
temperature,2010,26.9
temperature,2010,26.88
temperature,2010,26.85
temperature,2010,26.82
temperature,2010,26.79
temperature,2010,26.76
temperature,2010,26.73
temperature,2010,26.71
temperature,2010,26.68
temperature,2010,39.97
temperature,2010,39.94
temperature,2010,39.92
temperature,2010,39.89
temperature,2010,34.86
temperature,2010,34.83
temperature,2010,34.8
temperature,2010,34.77
temperature,2010,29.89
temperature,2010,29.86
temperature,2010,29.83
temperature,2010,29.8
temperature,2010,27.36
temperature,2010,27.33
temperature,2010,27.3
temperature,2010,27.27
temperature,2010,27.25
temperature,2010,27.22
temperature,2010,27.19
temperature,2010,27.16
temperature,2010,27.13
temperature,2010,27.1
temperature,2010,27.07
temperature,2010,27.05
temperature,2010,27.02
temperature,2010,26.99
temperature,2010,26.96
temperature,2010,26.93
temperature,2010,26.9
temperature,2010,26.88
temperature,2010,26.85
temperature,2010,26.82
temperature,2010,26.79
temperature,2010,26.76
temperature,2010,26.73
temperature,2010,39.97
temperature,2010,39.94
temperature,2010,39.92
temperature,2010,39.89
temperature,2010,34.86
temperature,2010,34.83
temperature,2010,34.8
temperature,2010,34.77
temperature,2010,29.89
temperature,2010,29.86
temperature,2010,29.83
temperature,2010,29.8
temperature,2010,27.44
temperature,2010,27.42
temperature,2010,27.39
temperature,2010,27.36
temperature,2010,27.33
temperature,2010,27.3
temperature,2010,27.27
temperature,2010,27.25
temperature,2010,27.22
temperature,2010,27.19
temperature,2010,27.16
temperature,2010,27.13
temperature,2010,27.1
temperature,2010,27.07
temperature,2010,27.05
temperature,2010,27.02
temperature,2010,26.99
temperature,2010,26.96
temperature,2010,26.93
temperature,2010,26.9
temperature,2010,26.88
temperature,2010,26.85
temperature,2010,26.82
temperature,2010,39.97
temperature,2010,39.94
temperature,2010,39.92
temperature,2010,39.89
temperature,2010,34.86
temperature,2010,34.83
temperature,2010,34.8
temperature,2010,34.77
temperature,2010,29.89
temperature,2010,29.86
temperature,2010,29.83
temperature,2010,29.8
temperature,2010,27.56
temperature,2010,27.53
temperature,2010,27.5
temperature,2010,27.47
temperature,2010,27.44
temperature,2010,27.42
temperature,2010,27.39
temperature,2010,27.36
temperature,2010,27.33
temperature,2010,27.3
temperature,2010,27.27
temperature,2010,27.25
temperature,2010,27.22
temperature,2010,27.19
temperature,2010,27.16
temperature,2010,27.13
temperature,2010,27.1
temperature,2010,27.07
temperature,2010,27.05
temperature,2010,27.02
temperature,2010,26.99
temperature,2010,26.96
temperature,2010,26.93
temperature,2010,26.9
temperature,2010,26.88
temperature,2010,39.97
temperature,2010,39.94
temperature,2010,39.92
temperature,2010,39.89
temperature,2010,34.86
temperature,2010,34.83
temperature,2010,34.8
temperature,2010,34.77
temperature,2010,29.89
temperature,2010,29.86
temperature,2010,29.83
temperature,2010,29.8
temperature,2010,27.7
temperature,2010,27.67
temperature,2010,27.64
temperature,2010,27.61
temperature,2010,27.59
temperature,2010,27.56
temperature,2010,27.53
temperature,2010,27.5
temperature,2010,27.47
temperature,2010,27.44
temperature,2010,27.42
temperature,2010,27.39
temperature,2010,27.36
temperature,2010,27.33
temperature,2010,27.3
temperature,2010,27.27
temperature,2010,27.25
temperature,2010,27.22
temperature,2010,27.19
temperature,2010,27.16
temperature,2010,27.13
temperature,2010,27.1
temperature,2010,27.07
temperature,2010,27.05
temperature,2010,27.02
temperature,2010,26.99
temperature,2010,26.96
temperature,2010,26.93
temperature,2010,39.97
temperature,2010,39.94
temperature,2010,39.92
temperature,2010,39.89
temperature,2010,34.86
temperature,2010,34.83
temperature,2010,34.8
temperature,2010,34.77
temperature,2010,29.89
temperature,2010,29.86
temperature,2010,29.83
temperature,2010,29.8
temperature,2010,27.84
temperature,2010,27.81
temperature,2010,27.79
temperature,2010,27.76
temperature,2010,27.73
temperature,2010,27.7
temperature,2010,27.67
temperature,2010,27.64
temperature,2010,27.61
temperature,2010,27.59
temperature,2010,27.56
temperature,2010,27.53
temperature,2010,27.5
temperature,2010,27.47
temperature,2010,27.44
temperature,2010,27.42
temperature,2010,27.39
temperature,2010,27.36
temperature,2010,27.33
temperature,2010,27.3
temperature,2010,27.27
temperature,2010,27.25
temperature,2010,27.22
temperature,2010,27.19
temperature,2010,27.16
temperature,2010,27.13
temperature,2010,27.1
temperature,2010,27.07
temperature,2010,27.05
temperature,2010,27.02
temperature,2010,26.99
temperature,2010,39.97
temperature,2010,39.94
temperature,2010,39.92
temperature,2010,39.89
temperature,2010,34.86
temperature,2010,34.83
temperature,2010,34.8
temperature,2010,34.77
temperature,2010,29.89
temperature,2010,29.86
temperature,2010,29.83
temperature,2010,29.8
temperature,2010,28.01
temperature,2010,27.98
temperature,2010,27.96
temperature,2010,27.93
temperature,2010,27.9
temperature,2010,27.87
temperature,2010,27.84
temperature,2010,27.81
temperature,2010,27.79
temperature,2010,27.76
temperature,2010,27.73
temperature,2010,27.7
temperature,2010,27.67
temperature,2010,27.64
temperature,2010,27.61
temperature,2010,27.59
temperature,2010,27.56
temperature,2010,27.53
temperature,2010,27.5
temperature,2010,27.47
temperature,2010,27.44
temperature,2010,27.42
temperature,2010,27.39
temperature,2010,27.36
temperature,2010,27.33
temperature,2010,27.3
temperature,2010,27.27
temperature,2010,27.25
temperature,2010,27.22
temperature,2010,27.19
temperature,2010,27.16
temperature,2010,27.13
temperature,2010,27.1
temperature,2010,27.07
temperature,2010,27.05
temperature,2010,39.97
temperature,2010,39.94
temperature,2010,39.92
temperature,2010,39.89
temperature,2010,34.86
temperature,2010,34.83
temperature,2010,34.8
temperature,2010,34.77
temperature,2010,29.89
temperature,2010,29.86
temperature,2010,29.83
temperature,2010,29.8
temperature,2010,28.15
temperature,2010,28.13
temperature,2010,28.1
temperature,2010,28.07
temperature,2010,28.04
temperature,2010,28.01
temperature,2010,27.98
temperature,2010,27.96
temperature,2010,27.93
temperature,2010,27.9
temperature,2010,27.87
temperature,2010,27.84
temperature,2010,27.81
temperature,2010,27.79
temperature,2010,27.76
temperature,2010,27.73
temperature,2010,27.7
temperature,2010,27.67
temperature,2010,27.64
temperature,2010,27.61
temperature,2010,27.59
temperature,2010,27.56
temperature,2010,27.53
temperature,2010,27.5
temperature,2010,27.47
temperature,2010,27.44
temperature,2010,27.42
temperature,2010,27.39
temperature,2010,27.36
temperature,2010,27.33
temperature,2010,27.3
temperature,2010,27.27
temperature,2010,27.25
temperature,2010,27.22
temperature,2010,27.19
temperature,2010,27.16
temperature,2010,27.13
temperature,2010,39.97
temperature,2010,39.94
temperature,2010,39.92
temperature,2010,39.89
temperature,2010,34.86
temperature,2010,34.83
temperature,2010,34.8
temperature,2010,34.77
temperature,2010,29.89
temperature,2010,29.86
temperature,2010,29.83
temperature,2010,29.8
temperature,2010,28.3
temperature,2010,28.27
temperature,2010,28.24
temperature,2010,28.21
temperature,2010,28.18
temperature,2010,28.15
temperature,2010,28.13
temperature,2010,28.1
temperature,2010,28.07
temperature,2010,28.04
temperature,2010,28.01
temperature,2010,27.98
temperature,2010,27.96
temperature,2010,27.93
temperature,2010,27.9
temperature,2010,27.87
temperature,2010,27.84
temperature,2010,27.81
temperature,2010,27.79
temperature,2010,27.76
temperature,2010,27.73
temperature,2010,27.7
temperature,2010,27.67
temperature,2010,27.64
temperature,2010,27.61
temperature,2010,27.59
temperature,2010,27.56
temperature,2010,27.53
temperature,2010,27.5
temperature,2010,27.47
temperature,2010,27.44
temperature,2010,27.42
temperature,2010,27.39
temperature,2010,27.36
temperature,2010,27.33
temperature,2010,27.3
temperature,2010,27.27
temperature,2010,27.25
temperature,2010,27.22
temperature,2010,27.19
temperature,2010,39.97
temperature,2010,39.94
temperature,2010,39.92
temperature,2010,39.89
temperature,2010,34.86
temperature,2010,34.83
temperature,2010,34.8
temperature,2010,34.77
temperature,2010,29.89
temperature,2010,29.86
temperature,2010,29.83
temperature,2010,29.8
temperature,2010,28.44
temperature,2010,28.41
temperature,2010,28.38
temperature,2010,28.35
temperature,2010,28.32
temperature,2010,28.3
temperature,2010,28.27
temperature,2010,28.24
temperature,2010,28.21
temperature,2010,28.18
temperature,2010,28.15
temperature,2010,28.13
temperature,2010,28.1
temperature,2010,28.07
temperature,2010,28.04
temperature,2010,28.01
temperature,2010,27.98
temperature,2010,27.96
temperature,2010,27.93
temperature,2010,27.9
temperature,2010,27.87
temperature,2010,27.84
temperature,2010,27.81
temperature,2010,27.79
temperature,2010,27.76
temperature,2010,27.73
temperature,2010,27.7
temperature,2010,27.67
temperature,2010,27.64
temperature,2010,27.61
temperature,2010,27.59
temperature,2010,27.56
temperature,2010,27.53
temperature,2010,27.5
temperature,2010,27.47
temperature,2010,27.44
temperature,2010,27.42
temperature,2010,27.39
temperature,2010,27.36
temperature,2010,27.33
temperature,2010,27.3
temperature,2010,27.27
temperature,2010,27.25
temperature,2010,39.97
temperature,2010,39.94
temperature,2010,39.92
temperature,2010,39.89
temperature,2010,34.86
temperature,2010,34.83
temperature,2010,34.8
temperature,2010,34.77
temperature,2010,29.89
temperature,2010,29.86
temperature,2010,29.83
temperature,2010,29.8
temperature,2010,28.58
temperature,2010,28.55
temperature,2010,28.52
temperature,2010,28.5
temperature,2010,28.47
temperature,2010,28.44
temperature,2010,28.41
temperature,2010,28.38
temperature,2010,28.35
temperature,2010,28.32
temperature,2010,28.3
temperature,2010,28.27
temperature,2010,28.24
temperature,2010,28.21
temperature,2010,28.18
temperature,2010,28.15
temperature,2010,28.13
temperature,2010,28.1
temperature,2010,28.07
temperature,2010,28.04
temperature,2010,28.01
temperature,2010,27.98
temperature,2010,27.96
temperature,2010,27.93
temperature,2010,27.9
temperature,2010,27.87
temperature,2010,27.84
temperature,2010,27.81
temperature,2010,27.79
temperature,2010,27.76
temperature,2010,27.73
temperature,2010,27.7
temperature,2010,27.67
temperature,2010,27.64
temperature,2010,27.61
temperature,2010,27.59
temperature,2010,27.56
temperature,2010,27.53
temperature,2010,27.5
temperature,2010,27.47
temperature,2010,27.44
temperature,2010,27.42
temperature,2010,27.39
temperature,2010,27.36
temperature,2010,27.33
temperature,2010,27.3
temperature,2010,39.97
temperature,2010,39.94
temperature,2010,39.92
temperature,2010,39.89
temperature,2010,34.86
temperature,2010,34.83
temperature,2010,34.8
temperature,2010,34.77
temperature,2010,29.89
temperature,2010,29.86
temperature,2010,29.83
temperature,2010,29.8
temperature,2010,28.72
temperature,2010,28.69
temperature,2010,28.67
temperature,2010,28.64
temperature,2010,28.61
temperature,2010,28.58
temperature,2010,28.55
temperature,2010,28.52
temperature,2010,28.5
temperature,2010,28.47
temperature,2010,28.44
temperature,2010,28.41
temperature,2010,28.38
temperature,2010,28.35
temperature,2010,28.32
temperature,2010,28.3
temperature,2010,28.27
temperature,2010,28.24
temperature,2010,28.21
temperature,2010,28.18
temperature,2010,28.15
temperature,2010,28.13
temperature,2010,28.1
temperature,2010,28.07
temperature,2010,28.04
temperature,2010,28.01
temperature,2010,27.98
temperature,2010,27.96
temperature,2010,27.93
temperature,2010,27.9
temperature,2010,27.87
temperature,2010,27.84
temperature,2010,27.81
temperature,2010,27.79
temperature,2010,27.76
temperature,2010,27.73
temperature,2010,27.7
temperature,2010,27.67
temperature,2010,27.64
temperature,2010,27.61
temperature,2010,27.59
temperature,2010,27.56
temperature,2010,27.53
temperature,2010,27.5
temperature,2010,27.47
temperature,2010,27.44
temperature,2010,27.42
temperature,2010,27.39
temperature,2010,27.36
temperature,2010,39.97
temperature,2010,39.94
temperature,2010,39.92
temperature,2010,39.89
temperature,2010,34.86
temperature,2010,34.83
temperature,2010,34.8
temperature,2010,34.77
temperature,2010,29.89
temperature,2010,29.86
temperature,2010,29.83
temperature,2010,29.8
temperature,2010,28.86
temperature,2010,28.84
temperature,2010,28.81
temperature,2010,28.78
temperature,2010,28.75
temperature,2010,28.72
temperature,2010,28.69
temperature,2010,28.67
temperature,2010,28.64
temperature,2010,28.61
temperature,2010,28.58
temperature,2010,28.55
temperature,2010,28.52
temperature,2010,28.5
temperature,2010,28.47
temperature,2010,28.44
temperature,2010,28.41
temperature,2010,28.38
temperature,2010,28.35
temperature,2010,28.32
temperature,2010,28.3
temperature,2010,28.27
temperature,2010,28.24
temperature,2010,28.21
temperature,2010,28.18
temperature,2010,28.15
temperature,2010,28.13
temperature,2010,28.1
temperature,2010,28.07
temperature,2010,28.04
temperature,2010,28.01
temperature,2010,27.98
temperature,2010,27.96
temperature,2010,27.93
temperature,2010,27.9
temperature,2010,27.87
temperature,2010,27.84
temperature,2010,27.81
temperature,2010,27.79
temperature,2010,27.76
temperature,2010,27.73
temperature,2010,27.7
temperature,2010,27.67
temperature,2010,27.64
temperature,2010,27.61
temperature,2010,27.59
temperature,2010,27.56
temperature,2010,27.53
temperature,2010,27.5
temperature,2010,27.47
temperature,2010,39.97
temperature,2010,39.94
temperature,2010,39.92
temperature,2010,39.89
temperature,2010,34.86
temperature,2010,34.83
temperature,2010,34.8
temperature,2010,34.77
temperature,2010,29.89
temperature,2010,29.86
temperature,2010,29.83
temperature,2010,29.8
temperature,2010,29.01
temperature,2010,28.98
temperature,2010,28.95
temperature,2010,28.92
temperature,2010,28.89
temperature,2010,28.86
temperature,2010,28.84
temperature,2010,28.81
temperature,2010,28.78
temperature,2010,28.75
temperature,2010,28.72
temperature,2010,28.69
temperature,2010,28.67
temperature,2010,28.64
temperature,2010,28.61
temperature,2010,28.58
temperature,2010,28.55
temperature,2010,28.52
temperature,2010,28.5
temperature,2010,28.47
temperature,2010,28.44
temperature,2010,28.41
temperature,2010,28.38
temperature,2010,28.35
temperature,2010,28.32
temperature,2010,28.3
temperature,2010,28.27
temperature,2010,28.24
temperature,2010,28.21
temperature,2010,28.18
temperature,2010,28.15
temperature,2010,28.13
temperature,2010,28.1
temperature,2010,28.07
temperature,2010,28.04
temperature,2010,28.01
temperature,2010,27.98
temperature,2010,27.96
temperature,2010,27.93
temperature,2010,27.9
temperature,2010,27.87
temperature,2010,27.84
temperature,2010,27.81
temperature,2010,27.79
temperature,2010,27.76
temperature,2010,27.73
temperature,2010,27.7
temperature,2010,27.67
temperature,2010,27.64
temperature,2010,27.61
temperature,2010,39.97
temperature,2010,39.94
temperature,2010,39.92
temperature,2010,39.89
temperature,2010,34.86
temperature,2010,34.83
temperature,2010,34.8
temperature,2010,34.77
temperature,2010,29.89
temperature,2010,29.86
temperature,2010,29.83
temperature,2010,29.8
temperature,2010,29.18
temperature,2010,29.15
temperature,2010,29.12
temperature,2010,29.09
temperature,2010,29.06
temperature,2010,29.04
temperature,2010,29.01
temperature,2010,28.98
temperature,2010,28.95
temperature,2010,28.92
temperature,2010,28.89
temperature,2010,28.86
temperature,2010,28.84
temperature,2010,28.81
temperature,2010,28.78
temperature,2010,28.75
temperature,2010,28.72
temperature,2010,28.69
temperature,2010,28.67
temperature,2010,28.64
temperature,2010,28.61
temperature,2010,28.58
temperature,2010,28.55
temperature,2010,28.52
temperature,2010,28.5
temperature,2010,28.47
temperature,2010,28.44
temperature,2010,28.41
temperature,2010,28.38
temperature,2010,28.35
temperature,2010,28.32
temperature,2010,28.3
temperature,2010,28.27
temperature,2010,28.24
temperature,2010,28.21
temperature,2010,28.18
temperature,2010,28.15
temperature,2010,28.13
temperature,2010,28.1
temperature,2010,28.07
temperature,2010,28.04
temperature,2010,28.01
temperature,2010,27.98
temperature,2010,27.96
temperature,2010,27.93
temperature,2010,27.9
temperature,2010,27.87
temperature,2010,27.84
temperature,2010,27.81
temperature,2010,27.79
temperature,2010,39.97
temperature,2010,39.94
temperature,2010,39.92
temperature,2010,39.89
temperature,2010,34.86
temperature,2010,34.83
temperature,2010,34.8
temperature,2010,34.77
temperature,2010,29.89
temperature,2010,29.86
temperature,2010,29.83
temperature,2010,29.8
temperature,2010,29.32
temperature,2010,29.29
temperature,2010,29.26
temperature,2010,29.23
temperature,2010,29.21
temperature,2010,29.18
temperature,2010,29.15
temperature,2010,29.12
temperature,2010,29.09
temperature,2010,29.06
temperature,2010,29.04
temperature,2010,29.01
temperature,2010,28.98
temperature,2010,28.95
temperature,2010,28.92
temperature,2010,28.89
temperature,2010,28.86
temperature,2010,28.84
temperature,2010,28.81
temperature,2010,28.78
temperature,2010,28.75
temperature,2010,28.72
temperature,2010,28.69
temperature,2010,28.67
temperature,2010,28.64
temperature,2010,28.61
temperature,2010,28.58
temperature,2010,28.55
temperature,2010,28.52
temperature,2010,28.5
temperature,2010,28.47
temperature,2010,28.44
temperature,2010,28.41
temperature,2010,28.38
temperature,2010,28.35
temperature,2010,28.32
temperature,2010,28.3
temperature,2010,28.27
temperature,2010,28.24
temperature,2010,28.21
temperature,2010,28.18
temperature,2010,28.15
temperature,2010,28.13
temperature,2010,28.1
temperature,2010,28.07
temperature,2010,28.04
temperature,2010,28.01
temperature,2010,27.98
temperature,2010,27.96
temperature,2010,27.93
temperature,2010,39.97
temperature,2010,39.94
temperature,2010,39.92
temperature,2010,39.89
temperature,2010,34.86
temperature,2010,34.83
temperature,2010,34.8
temperature,2010,34.77
temperature,2010,29.89
temperature,2010,29.86
temperature,2010,29.83
temperature,2010,29.8
temperature,2010,29.77
temperature,2010,29.72
temperature,2010,29.69
temperature,2010,29.66
temperature,2010,29.63
temperature,2010,29.6
temperature,2010,29.57
temperature,2010,29.55
temperature,2010,29.52
temperature,2010,29.49
temperature,2010,29.46
temperature,2010,29.43
temperature,2010,29.4
temperature,2010,29.38
temperature,2010,29.35
temperature,2010,29.32
temperature,2010,29.29
temperature,2010,29.26
temperature,2010,29.23
temperature,2010,29.21
temperature,2010,29.18
temperature,2010,29.15
temperature,2010,29.12
temperature,2010,29.09
temperature,2010,29.06
temperature,2010,29.04
temperature,2010,29.01
temperature,2010,28.98
temperature,2010,28.95
temperature,2010,28.92
temperature,2010,28.89
temperature,2010,28.86
temperature,2010,28.84
temperature,2010,28.81
temperature,2010,28.78
temperature,2010,28.75
temperature,2010,28.72
temperature,2010,28.69
temperature,2010,28.67
temperature,2010,28.64
temperature,2010,28.61
temperature,2010,28.58
temperature,2010,28.55
temperature,2010,28.52
temperature,2010,28.5
temperature,2010,28.47
temperature,2010,28.44
temperature,2010,28.41
temperature,2010,28.38
temperature,2010,28.35
temperature,2010,28.32
temperature,2010,28.3
temperature,2010,28.27
temperature,2010,28.24
temperature,2010,28.21
temperature,2010,28.18
temperature,2010,28.15
temperature,2010,28.13
temperature,2010,28.1
temperature,2010,28.07
temperature,2010,39.97
temperature,2010,39.94
temperature,2010,39.92
temperature,2010,39.89
temperature,2010,34.86
temperature,2010,34.83
temperature,2010,34.8
temperature,2010,34.77
temperature,2010,30.51
temperature,2010,30.48
temperature,2010,30.46
temperature,2010,30.43
temperature,2010,30.4
temperature,2010,30.37
temperature,2010,30.34
temperature,2010,30.31
temperature,2010,30.28
temperature,2010,30.26
temperature,2010,30.23
temperature,2010,30.2
temperature,2010,30.17
temperature,2010,30.14
temperature,2010,30.11
temperature,2010,30.09
temperature,2010,30.06
temperature,2010,30.03
temperature,2010,30
temperature,2010,29.97
temperature,2010,29.94
temperature,2010,29.92
temperature,2010,29.89
temperature,2010,29.86
temperature,2010,29.83
temperature,2010,29.8
temperature,2010,29.77
temperature,2010,29.75
temperature,2010,29.72
temperature,2010,29.69
temperature,2010,29.66
temperature,2010,29.63
temperature,2010,29.6
temperature,2010,29.57
temperature,2010,29.55
temperature,2010,29.52
temperature,2010,29.49
temperature,2010,29.46
temperature,2010,29.43
temperature,2010,29.4
temperature,2010,29.38
temperature,2010,29.35
temperature,2010,29.32
temperature,2010,29.29
temperature,2010,29.26
temperature,2010,29.23
temperature,2010,29.21
temperature,2010,29.18
temperature,2010,29.15
temperature,2010,29.12
temperature,2010,29.09
temperature,2010,29.06
temperature,2010,29.04
temperature,2010,29.01
temperature,2010,28.98
temperature,2010,28.95
temperature,2010,28.92
temperature,2010,28.89
temperature,2010,28.86
temperature,2010,28.84
temperature,2010,28.81
temperature,2010,28.78
temperature,2010,28.75
temperature,2010,28.72
temperature,2010,28.69
temperature,2010,28.67
temperature,2010,28.64
temperature,2010,28.61
temperature,2010,28.58
temperature,2010,28.55
temperature,2010,28.52
temperature,2010,28.5
temperature,2010,28.47
temperature,2010,28.44
temperature,2010,28.41
temperature,2010,28.38
temperature,2010,28.35
temperature,2010,28.32
temperature,2010,28.3
temperature,2010,28.27
temperature,2010,28.24
temperature,2010,28.21
temperature,2010,39.97
temperature,2010,39.94
temperature,2010,39.92
temperature,2010,39.89
temperature,2010,34.86
temperature,2010,34.83
temperature,2010,34.8
temperature,2010,34.77
temperature,2010,31.34
temperature,2010,31.31
temperature,2010,31.28
temperature,2010,31.25
temperature,2010,31.22
temperature,2010,31.19
temperature,2010,31.17
temperature,2010,31.14
temperature,2010,31.11
temperature,2010,31.08
temperature,2010,31.05
temperature,2010,31.02
temperature,2010,31
temperature,2010,30.97
temperature,2010,30.94
temperature,2010,30.91
temperature,2010,30.88
temperature,2010,30.85
temperature,2010,30.82
temperature,2010,30.8
temperature,2010,30.77
temperature,2010,30.74
temperature,2010,30.71
temperature,2010,30.68
temperature,2010,30.65
temperature,2010,30.63
temperature,2010,30.6
temperature,2010,30.57
temperature,2010,30.54
temperature,2010,30.51
temperature,2010,30.48
temperature,2010,30.46
temperature,2010,30.43
temperature,2010,30.4
temperature,2010,30.37
temperature,2010,30.34
temperature,2010,30.31
temperature,2010,30.28
temperature,2010,30.26
temperature,2010,30.23
temperature,2010,30.2
temperature,2010,30.17
temperature,2010,30.14
temperature,2010,30.11
temperature,2010,30.09
temperature,2010,30.06
temperature,2010,30.03
temperature,2010,30
temperature,2010,29.97
temperature,2010,29.94
temperature,2010,29.92
temperature,2010,29.89
temperature,2010,29.86
temperature,2010,29.83
temperature,2010,29.8
temperature,2010,29.77
temperature,2010,29.75
temperature,2010,29.72
temperature,2010,29.69
temperature,2010,29.66
temperature,2010,29.63
temperature,2010,29.6
temperature,2010,29.57
temperature,2010,29.55
temperature,2010,29.52
temperature,2010,29.49
temperature,2010,29.46
temperature,2010,29.43
temperature,2010,29.4
temperature,2010,29.38
temperature,2010,29.35
temperature,2010,29.32
temperature,2010,29.29
temperature,2010,29.26
temperature,2010,29.23
temperature,2010,29.21
temperature,2010,29.18
temperature,2010,29.15
temperature,2010,29.12
temperature,2010,29.09
temperature,2010,29.06
temperature,2010,29.04
temperature,2010,29.01
temperature,2010,28.98
temperature,2010,28.95
temperature,2010,28.92
temperature,2010,28.89
temperature,2010,28.86
temperature,2010,28.84
temperature,2010,28.81
temperature,2010,28.78
temperature,2010,28.75
temperature,2010,28.72
temperature,2010,28.69
temperature,2010,28.67
temperature,2010,28.64
temperature,2010,28.61
temperature,2010,28.58
temperature,2010,28.55
temperature,2010,28.52
temperature,2010,28.5
temperature,2010,28.47
temperature,2010,28.44
temperature,2010,28.41
temperature,2010,28.38
temperature,2010,28.35
temperature,2010,39.97
temperature,2010,39.94
temperature,2010,39.92
temperature,2010,39.89
temperature,2010,34.86
temperature,2010,34.83
temperature,2010,34.8
temperature,2010,34.77
temperature,2010,32.13
temperature,2010,32.1
temperature,2010,32.07
temperature,2010,32.05
temperature,2010,32.02
temperature,2010,31.99
temperature,2010,31.96
temperature,2010,31.93
temperature,2010,31.9
temperature,2010,31.88
temperature,2010,31.85
temperature,2010,31.82
temperature,2010,31.79
temperature,2010,31.76
temperature,2010,31.73
temperature,2010,31.71
temperature,2010,31.68
temperature,2010,31.65
temperature,2010,31.62
temperature,2010,31.59
temperature,2010,31.56
temperature,2010,31.53
temperature,2010,31.51
temperature,2010,31.48
temperature,2010,31.45
temperature,2010,31.42
temperature,2010,31.39
temperature,2010,31.36
temperature,2010,31.34
temperature,2010,31.31
temperature,2010,31.28
temperature,2010,31.25
temperature,2010,31.22
temperature,2010,31.19
temperature,2010,31.17
temperature,2010,31.14
temperature,2010,31.11
temperature,2010,31.08
temperature,2010,31.05
temperature,2010,31.02
temperature,2010,31
temperature,2010,30.97
temperature,2010,30.94
temperature,2010,30.91
temperature,2010,30.88
temperature,2010,30.85
temperature,2010,30.82
temperature,2010,30.8
temperature,2010,30.77
temperature,2010,30.74
temperature,2010,30.71
temperature,2010,30.68
temperature,2010,30.65
temperature,2010,30.63
temperature,2010,30.6
temperature,2010,30.57
temperature,2010,30.54
temperature,2010,30.51
temperature,2010,30.48
temperature,2010,30.46
temperature,2010,30.43
temperature,2010,30.4
temperature,2010,30.37
temperature,2010,30.34
temperature,2010,30.31
temperature,2010,30.28
temperature,2010,30.26
temperature,2010,30.23
temperature,2010,30.2
temperature,2010,30.17
temperature,2010,30.14
temperature,2010,30.11
temperature,2010,30.09
temperature,2010,30.06
temperature,2010,30.03
temperature,2010,30
temperature,2010,29.97
temperature,2010,29.94
temperature,2010,29.92
temperature,2010,29.89
temperature,2010,29.86
temperature,2010,29.83
temperature,2010,29.8
temperature,2010,29.77
temperature,2010,29.75
temperature,2010,29.72
temperature,2010,29.69
temperature,2010,29.66
temperature,2010,29.63
temperature,2010,29.6
temperature,2010,29.57
temperature,2010,29.55
temperature,2010,29.52
temperature,2010,29.49
temperature,2010,29.46
temperature,2010,29.43
temperature,2010,29.4
temperature,2010,29.38
temperature,2010,29.35
temperature,2010,29.32
temperature,2010,29.29
temperature,2010,29.26
temperature,2010,29.23
temperature,2010,29.21
temperature,2010,29.18
temperature,2010,29.15
temperature,2010,29.12
temperature,2010,29.09
temperature,2010,29.06
temperature,2010,29.04
temperature,2010,29.01
temperature,2010,28.98
temperature,2010,28.95
temperature,2010,28.92
temperature,2010,28.89
temperature,2010,28.86
temperature,2010,28.84
temperature,2010,28.81
temperature,2010,28.78
temperature,2010,28.75
temperature,2010,28.72
temperature,2010,28.69
temperature,2010,28.67
temperature,2010,28.64
temperature,2010,28.61
temperature,2010,28.58
temperature,2010,28.55
temperature,2010,28.52
temperature,2010,28.5
temperature,2010,39.97
temperature,2010,39.94
temperature,2010,39.92
temperature,2010,39.89
temperature,2010,34.86
temperature,2010,34.83
temperature,2010,34.8
temperature,2010,34.77
temperature,2010,32.96
temperature,2010,32.93
temperature,2010,32.9
temperature,2010,32.87
temperature,2010,32.84
temperature,2010,32.81
temperature,2010,32.78
temperature,2010,32.76
temperature,2010,32.73
temperature,2010,32.7
temperature,2010,32.67
temperature,2010,32.64
temperature,2010,32.61
temperature,2010,32.59
temperature,2010,32.56
temperature,2010,32.53
temperature,2010,32.5
temperature,2010,32.47
temperature,2010,32.44
temperature,2010,32.42
temperature,2010,32.39
temperature,2010,32.36
temperature,2010,32.33
temperature,2010,32.3
temperature,2010,32.27
temperature,2010,32.25
temperature,2010,32.22
temperature,2010,32.19
temperature,2010,32.16
temperature,2010,32.13
temperature,2010,32.1
temperature,2010,32.07
temperature,2010,32.05
temperature,2010,32.02
temperature,2010,31.99
temperature,2010,31.96
temperature,2010,31.93
temperature,2010,31.9
temperature,2010,31.88
temperature,2010,31.85
temperature,2010,31.82
temperature,2010,31.79
temperature,2010,31.76
temperature,2010,31.73
temperature,2010,31.71
temperature,2010,31.68
temperature,2010,31.65
temperature,2010,31.62
temperature,2010,31.59
temperature,2010,31.56
temperature,2010,31.53
temperature,2010,31.51
temperature,2010,31.48
temperature,2010,31.45
temperature,2010,31.42
temperature,2010,31.39
temperature,2010,31.36
temperature,2010,31.34
temperature,2010,31.31
temperature,2010,31.28
temperature,2010,31.25
temperature,2010,31.22
temperature,2010,31.19
temperature,2010,31.17
temperature,2010,31.14
temperature,2010,31.11
temperature,2010,31.08
temperature,2010,31.05
temperature,2010,31.02
temperature,2010,31
temperature,2010,30.97
temperature,2010,30.94
temperature,2010,30.91
temperature,2010,30.88
temperature,2010,30.85
temperature,2010,30.82
temperature,2010,30.8
temperature,2010,30.77
temperature,2010,30.74
temperature,2010,30.71
temperature,2010,30.68
temperature,2010,30.65
temperature,2010,30.63
temperature,2010,30.6
temperature,2010,30.57
temperature,2010,30.54
temperature,2010,30.51
temperature,2010,30.48
temperature,2010,30.46
temperature,2010,30.43
temperature,2010,30.4
temperature,2010,30.37
temperature,2010,30.34
temperature,2010,30.31
temperature,2010,30.28
temperature,2010,30.26
temperature,2010,30.23
temperature,2010,30.2
temperature,2010,30.17
temperature,2010,30.14
temperature,2010,30.11
temperature,2010,30.09
temperature,2010,30.06
temperature,2010,30.03
temperature,2010,30
temperature,2010,29.97
temperature,2010,29.94
temperature,2010,29.92
temperature,2010,29.89
temperature,2010,29.86
temperature,2010,29.83
temperature,2010,29.8
temperature,2010,29.77
temperature,2010,29.75
temperature,2010,29.72
temperature,2010,29.69
temperature,2010,29.66
temperature,2010,29.63
temperature,2010,29.6
temperature,2010,29.57
temperature,2010,29.55
temperature,2010,29.52
temperature,2010,29.49
temperature,2010,29.46
temperature,2010,29.43
temperature,2010,29.4
temperature,2010,29.38
temperature,2010,29.35
temperature,2010,29.32
temperature,2010,29.29
temperature,2010,29.26
temperature,2010,29.23
temperature,2010,29.21
temperature,2010,29.18
temperature,2010,29.15
temperature,2010,29.12
temperature,2010,29.09
temperature,2010,29.06
temperature,2010,29.04
temperature,2010,29.01
temperature,2010,28.98
temperature,2010,28.95
temperature,2010,28.92
temperature,2010,28.89
temperature,2010,28.86
temperature,2010,28.84
temperature,2010,28.81
temperature,2010,28.78
temperature,2010,28.75
temperature,2010,28.72
temperature,2010,28.69
temperature,2010,28.67
temperature,2010,28.64
temperature,2010,39.97
temperature,2010,39.94
temperature,2010,39.92
temperature,2010,39.89
temperature,2010,34.86
temperature,2010,34.83
temperature,2010,34.8
temperature,2010,34.77
temperature,2010,33.75
temperature,2010,33.72
temperature,2010,33.69
temperature,2010,33.67
temperature,2010,33.64
temperature,2010,33.61
temperature,2010,33.58
temperature,2010,33.55
temperature,2010,33.52
temperature,2010,33.49
temperature,2010,33.47
temperature,2010,33.44
temperature,2010,33.41
temperature,2010,33.38
temperature,2010,33.35
temperature,2010,33.32
temperature,2010,33.3
temperature,2010,33.27
temperature,2010,33.24
temperature,2010,33.21
temperature,2010,33.18
temperature,2010,33.15
temperature,2010,33.13
temperature,2010,33.1
temperature,2010,33.07
temperature,2010,33.04
temperature,2010,33.01
temperature,2010,32.98
temperature,2010,32.96
temperature,2010,32.93
temperature,2010,32.9
temperature,2010,32.87
temperature,2010,32.84
temperature,2010,32.81
temperature,2010,32.78
temperature,2010,32.76
temperature,2010,32.73
temperature,2010,32.7
temperature,2010,32.67
temperature,2010,32.64
temperature,2010,32.61
temperature,2010,32.59
temperature,2010,32.56
temperature,2010,32.53
temperature,2010,32.5
temperature,2010,32.47
temperature,2010,32.44
temperature,2010,32.42
temperature,2010,32.39
temperature,2010,32.36
temperature,2010,32.33
temperature,2010,32.3
temperature,2010,32.27
temperature,2010,32.25
temperature,2010,32.22
temperature,2010,32.19
temperature,2010,32.16
temperature,2010,32.13
temperature,2010,32.1
temperature,2010,32.07
temperature,2010,32.05
temperature,2010,32.02
temperature,2010,31.99
temperature,2010,31.96
temperature,2010,31.93
temperature,2010,31.9
temperature,2010,31.88
temperature,2010,31.85
temperature,2010,31.82
temperature,2010,31.79
temperature,2010,31.76
temperature,2010,31.73
temperature,2010,31.71
temperature,2010,31.68
temperature,2010,31.65
temperature,2010,31.62
temperature,2010,31.59
temperature,2010,31.56
temperature,2010,31.53
temperature,2010,31.51
temperature,2010,31.48
temperature,2010,31.45
temperature,2010,31.42
temperature,2010,31.39
temperature,2010,31.36
temperature,2010,31.34
temperature,2010,31.31
temperature,2010,31.28
temperature,2010,31.25
temperature,2010,31.22
temperature,2010,31.19
temperature,2010,31.17
temperature,2010,31.14
temperature,2010,31.11
temperature,2010,31.08
temperature,2010,31.05
temperature,2010,31.02
temperature,2010,31
temperature,2010,30.97
temperature,2010,30.94
temperature,2010,30.91
temperature,2010,30.88
temperature,2010,30.85
temperature,2010,30.82
temperature,2010,30.8
temperature,2010,30.77
temperature,2010,30.74
temperature,2010,30.71
temperature,2010,30.68
temperature,2010,30.65
temperature,2010,30.63
temperature,2010,30.6
temperature,2010,30.57
temperature,2010,30.54
temperature,2010,30.51
temperature,2010,30.48
temperature,2010,30.46
temperature,2010,30.43
temperature,2010,30.4
temperature,2010,30.37
temperature,2010,30.34
temperature,2010,30.31
temperature,2010,30.28
temperature,2010,30.26
temperature,2010,30.23
temperature,2010,30.2
temperature,2010,30.17
temperature,2010,30.14
temperature,2010,30.11
temperature,2010,30.09
temperature,2010,30.06
temperature,2010,30.03
temperature,2010,30
temperature,2010,29.97
temperature,2010,29.94
temperature,2010,29.92
temperature,2010,29.89
temperature,2010,29.86
temperature,2010,29.83
temperature,2010,29.8
temperature,2010,29.77
temperature,2010,29.75
temperature,2010,29.72
temperature,2010,29.69
temperature,2010,29.66
temperature,2010,29.63
temperature,2010,29.6
temperature,2010,29.57
temperature,2010,29.55
temperature,2010,29.52
temperature,2010,29.49
temperature,2010,29.46
temperature,2010,29.43
temperature,2010,29.4
temperature,2010,29.38
temperature,2010,29.35
temperature,2010,29.32
temperature,2010,29.29
temperature,2010,29.26
temperature,2010,29.23
temperature,2010,29.21
temperature,2010,29.18
temperature,2010,29.15
temperature,2010,29.12
temperature,2010,29.09
temperature,2010,29.06
temperature,2010,29.04
temperature,2010,29.01
temperature,2010,28.98
temperature,2010,28.95
temperature,2010,28.92
temperature,2010,28.89
temperature,2010,28.86
temperature,2010,28.84
temperature,2010,28.81
temperature,2010,28.78
temperature,2010,39.97
temperature,2010,39.94
temperature,2010,39.92
temperature,2010,39.89
temperature,2010,34.86
temperature,2010,34.83
temperature,2010,34.8
temperature,2010,34.77
temperature,2010,34.55
temperature,2010,34.52
temperature,2010,34.49
temperature,2010,34.46
temperature,2010,34.43
temperature,2010,34.4
temperature,2010,34.38
temperature,2010,34.35
temperature,2010,34.32
temperature,2010,34.29
temperature,2010,34.26
temperature,2010,34.23
temperature,2010,34.21
temperature,2010,34.18
temperature,2010,34.15
temperature,2010,34.12
temperature,2010,34.09
temperature,2010,34.06
temperature,2010,34.03
temperature,2010,34.01
temperature,2010,33.98
temperature,2010,33.95
temperature,2010,33.92
temperature,2010,33.89
temperature,2010,33.86
temperature,2010,33.84
temperature,2010,33.81
temperature,2010,33.78
temperature,2010,33.75
temperature,2010,33.72
temperature,2010,33.69
temperature,2010,33.67
temperature,2010,33.64
temperature,2010,33.61
temperature,2010,33.58
temperature,2010,33.55
temperature,2010,33.52
temperature,2010,33.49
temperature,2010,33.47
temperature,2010,33.44
temperature,2010,33.41
temperature,2010,33.38
temperature,2010,33.35
temperature,2010,33.32
temperature,2010,33.3
temperature,2010,33.27
temperature,2010,33.24
temperature,2010,33.21
temperature,2010,33.18
temperature,2010,33.15
temperature,2010,33.13
temperature,2010,33.1
temperature,2010,33.07
temperature,2010,33.04
temperature,2010,33.01
temperature,2010,32.98
temperature,2010,32.96
temperature,2010,32.93
temperature,2010,32.9
temperature,2010,32.87
temperature,2010,32.84
temperature,2010,32.81
temperature,2010,32.78
temperature,2010,32.76
temperature,2010,32.73
temperature,2010,32.7
temperature,2010,32.67
temperature,2010,32.64
temperature,2010,32.61
temperature,2010,32.59
temperature,2010,32.56
temperature,2010,32.53
temperature,2010,32.5
temperature,2010,32.47
temperature,2010,32.44
temperature,2010,32.42
temperature,2010,32.39
temperature,2010,32.36
temperature,2010,32.33
temperature,2010,32.3
temperature,2010,32.27
temperature,2010,32.25
temperature,2010,32.22
temperature,2010,32.19
temperature,2010,32.16
temperature,2010,32.13
temperature,2010,32.1
temperature,2010,32.07
temperature,2010,32.05
temperature,2010,32.02
temperature,2010,31.99
temperature,2010,31.96
temperature,2010,31.93
temperature,2010,31.9
temperature,2010,31.88
temperature,2010,31.85
temperature,2010,31.82
temperature,2010,31.79
temperature,2010,31.76
temperature,2010,31.73
temperature,2010,31.71
temperature,2010,31.68
temperature,2010,31.65
temperature,2010,31.62
temperature,2010,31.59
temperature,2010,31.56
temperature,2010,31.53
temperature,2010,31.51
temperature,2010,31.48
temperature,2010,31.45
temperature,2010,31.42
temperature,2010,31.39
temperature,2010,31.36
temperature,2010,31.34
temperature,2010,31.31
temperature,2010,31.28
temperature,2010,31.25
temperature,2010,31.22
temperature,2010,31.19
temperature,2010,31.17
temperature,2010,31.14
temperature,2010,31.11
temperature,2010,31.08
temperature,2010,31.05
temperature,2010,31.02
temperature,2010,31
temperature,2010,30.97
temperature,2010,30.94
temperature,2010,30.91
temperature,2010,30.88
temperature,2010,30.85
temperature,2010,30.82
temperature,2010,30.8
temperature,2010,30.77
temperature,2010,30.74
temperature,2010,30.71
temperature,2010,30.68
temperature,2010,30.65
temperature,2010,30.63
temperature,2010,30.6
temperature,2010,30.57
temperature,2010,30.54
temperature,2010,30.51
temperature,2010,30.48
temperature,2010,30.46
temperature,2010,30.43
temperature,2010,30.4
temperature,2010,30.37
temperature,2010,30.34
temperature,2010,30.31
temperature,2010,30.28
temperature,2010,30.26
temperature,2010,30.23
temperature,2010,30.2
temperature,2010,30.17
temperature,2010,30.14
temperature,2010,30.11
temperature,2010,30.09
temperature,2010,30.06
temperature,2010,30.03
temperature,2010,30
temperature,2010,29.97
temperature,2010,29.94
temperature,2010,29.92
temperature,2010,29.89
temperature,2010,29.86
temperature,2010,29.83
temperature,2010,29.8
temperature,2010,29.77
temperature,2010,29.75
temperature,2010,29.72
temperature,2010,29.69
temperature,2010,29.66
temperature,2010,29.63
temperature,2010,29.6
temperature,2010,29.57
temperature,2010,29.55
temperature,2010,29.52
temperature,2010,29.49
temperature,2010,29.46
temperature,2010,29.43
temperature,2010,29.4
temperature,2010,29.38
temperature,2010,29.35
temperature,2010,29.32
temperature,2010,29.29
temperature,2010,29.26
temperature,2010,29.23
temperature,2010,29.21
temperature,2010,29.18
temperature,2010,29.15
temperature,2010,29.12
temperature,2010,29.09
temperature,2010,29.06
temperature,2010,29.04
temperature,2010,29.01
temperature,2010,28.98
temperature,2010,28.95
temperature,2011,39.97
temperature,2011,39.94
temperature,2011,39.92
temperature,2011,39.89
temperature,2011,35.37
temperature,2011,35.34
temperature,2011,35.31
temperature,2011,35.28
temperature,2011,35.26
temperature,2011,35.23
temperature,2011,35.2
temperature,2011,35.17
temperature,2011,35.14
temperature,2011,35.11
temperature,2011,35.09
temperature,2011,35.06
temperature,2011,35.03
temperature,2011,35
temperature,2011,34.97
temperature,2011,34.94
temperature,2011,34.92
temperature,2011,34.89
temperature,2011,34.86
temperature,2011,34.83
temperature,2011,34.8
temperature,2011,34.77
temperature,2011,34.74
temperature,2011,34.72
temperature,2011,34.69
temperature,2011,34.66
temperature,2011,34.63
temperature,2011,34.6
temperature,2011,34.57
temperature,2011,34.55
temperature,2011,34.52
temperature,2011,34.49
temperature,2011,34.46
temperature,2011,34.43
temperature,2011,34.4
temperature,2011,34.38
temperature,2011,34.35
temperature,2011,34.32
temperature,2011,34.29
temperature,2011,34.26
temperature,2011,34.23
temperature,2011,34.21
temperature,2011,34.18
temperature,2011,34.15
temperature,2011,34.12
temperature,2011,34.09
temperature,2011,34.06
temperature,2011,34.03
temperature,2011,34.01
temperature,2011,33.98
temperature,2011,33.95
temperature,2011,33.92
temperature,2011,33.89
temperature,2011,33.86
temperature,2011,33.84
temperature,2011,33.81
temperature,2011,33.78
temperature,2011,33.75
temperature,2011,33.72
temperature,2011,33.69
temperature,2011,33.67
temperature,2011,33.64
temperature,2011,33.61
temperature,2011,33.58
temperature,2011,33.55
temperature,2011,33.52
temperature,2011,33.49
temperature,2011,33.47
temperature,2011,33.44
temperature,2011,33.41
temperature,2011,33.38
temperature,2011,33.35
temperature,2011,33.32
temperature,2011,33.3
temperature,2011,33.27
temperature,2011,33.24
temperature,2011,33.21
temperature,2011,33.18
temperature,2011,33.15
temperature,2011,33.13
temperature,2011,33.1
temperature,2011,33.07
temperature,2011,33.04
temperature,2011,33.01
temperature,2011,32.98
temperature,2011,32.96
temperature,2011,32.93
temperature,2011,32.9
temperature,2011,32.87
temperature,2011,32.84
temperature,2011,32.81
temperature,2011,32.78
temperature,2011,32.76
temperature,2011,32.73
temperature,2011,32.7
temperature,2011,32.67
temperature,2011,32.64
temperature,2011,32.61
temperature,2011,32.59
temperature,2011,32.56
temperature,2011,32.53
temperature,2011,32.5
temperature,2011,32.47
temperature,2011,32.44
temperature,2011,32.42
temperature,2011,32.39
temperature,2011,32.36
temperature,2011,32.33
temperature,2011,32.3
temperature,2011,32.27
temperature,2011,32.25
temperature,2011,32.22
temperature,2011,32.19
temperature,2011,32.16
temperature,2011,32.13
temperature,2011,32.1
temperature,2011,32.07
temperature,2011,32.05
temperature,2011,32.02
temperature,2011,31.99
temperature,2011,31.96
temperature,2011,31.93
temperature,2011,31.9
temperature,2011,31.88
temperature,2011,31.85
temperature,2011,31.82
temperature,2011,31.79
temperature,2011,31.76
temperature,2011,31.73
temperature,2011,31.71
temperature,2011,31.68
temperature,2011,31.65
temperature,2011,31.62
temperature,2011,31.59
temperature,2011,31.56
temperature,2011,31.53
temperature,2011,31.51
temperature,2011,31.48
temperature,2011,31.45
temperature,2011,31.42
temperature,2011,31.39
temperature,2011,31.36
temperature,2011,31.34
temperature,2011,31.31
temperature,2011,31.28
temperature,2011,31.25
temperature,2011,31.22
temperature,2011,31.19
temperature,2011,31.17
temperature,2011,31.14
temperature,2011,31.11
temperature,2011,31.08
temperature,2011,31.05
temperature,2011,31.02
temperature,2011,31
temperature,2011,30.97
temperature,2011,30.94
temperature,2011,30.91
temperature,2011,30.88
temperature,2011,30.85
temperature,2011,30.82
temperature,2011,30.8
temperature,2011,30.77
temperature,2011,30.74
temperature,2011,30.71
temperature,2011,30.68
temperature,2011,30.65
temperature,2011,30.63
temperature,2011,30.6
temperature,2011,30.57
temperature,2011,30.54
temperature,2011,30.51
temperature,2011,30.48
temperature,2011,30.46
temperature,2011,30.43
temperature,2011,30.4
temperature,2011,30.37
temperature,2011,30.34
temperature,2011,30.31
temperature,2011,30.28
temperature,2011,30.26
temperature,2011,30.23
temperature,2011,30.2
temperature,2011,30.17
temperature,2011,30.14
temperature,2011,30.11
temperature,2011,30.09
temperature,2011,30.06
temperature,2011,30.03
temperature,2011,30
temperature,2011,29.97
temperature,2011,29.94
temperature,2011,29.92
temperature,2011,29.89
temperature,2011,29.86
temperature,2011,29.83
temperature,2011,29.8
temperature,2011,29.77
temperature,2011,29.75
temperature,2011,29.72
temperature,2011,29.69
temperature,2011,29.66
temperature,2011,29.63
temperature,2011,29.6
temperature,2011,29.57
temperature,2011,29.55
temperature,2011,29.52
temperature,2011,29.49
temperature,2011,29.46
temperature,2011,29.43
temperature,2011,29.4
temperature,2011,29.38
temperature,2011,29.35
temperature,2011,29.32
temperature,2011,29.29
temperature,2011,29.26
temperature,2011,29.23
temperature,2011,29.21
temperature,2011,29.18
temperature,2011,29.15
temperature,2011,29.12
temperature,2011,29.09
temperature,2011,39.97
temperature,2011,39.94
temperature,2011,39.92
temperature,2011,39.89
temperature,2011,36.17
temperature,2011,36.14
temperature,2011,36.11
temperature,2011,36.08
temperature,2011,36.05
temperature,2011,36.02
temperature,2011,35.99
temperature,2011,35.97
temperature,2011,35.94
temperature,2011,35.91
temperature,2011,35.88
temperature,2011,35.85
temperature,2011,35.82
temperature,2011,35.8
temperature,2011,35.77
temperature,2011,35.74
temperature,2011,35.71
temperature,2011,35.68
temperature,2011,35.65
temperature,2011,35.63
temperature,2011,35.6
temperature,2011,35.57
temperature,2011,35.54
temperature,2011,35.51
temperature,2011,35.48
temperature,2011,35.46
temperature,2011,35.43
temperature,2011,35.4
temperature,2011,35.37
temperature,2011,35.34
temperature,2011,35.31
temperature,2011,35.28
temperature,2011,35.26
temperature,2011,35.23
temperature,2011,35.2
temperature,2011,35.17
temperature,2011,35.14
temperature,2011,35.11
temperature,2011,35.09
temperature,2011,35.06
temperature,2011,35.03
temperature,2011,35
temperature,2011,34.97
temperature,2011,34.94
temperature,2011,34.92
temperature,2011,34.89
temperature,2011,34.86
temperature,2011,34.83
temperature,2011,34.8
temperature,2011,34.77
temperature,2011,34.74
temperature,2011,34.72
temperature,2011,34.69
temperature,2011,34.66
temperature,2011,34.63
temperature,2011,34.6
temperature,2011,34.57
temperature,2011,34.55
temperature,2011,34.52
temperature,2011,34.49
temperature,2011,34.46
temperature,2011,34.43
temperature,2011,34.4
temperature,2011,34.38
temperature,2011,34.35
temperature,2011,34.32
temperature,2011,34.29
temperature,2011,34.26
temperature,2011,34.23
temperature,2011,34.21
temperature,2011,34.18
temperature,2011,34.15
temperature,2011,34.12
temperature,2011,34.09
temperature,2011,34.06
temperature,2011,34.03
temperature,2011,34.01
temperature,2011,33.98
temperature,2011,33.95
temperature,2011,33.92
temperature,2011,33.89
temperature,2011,33.86
temperature,2011,33.84
temperature,2011,33.81
temperature,2011,33.78
temperature,2011,33.75
temperature,2011,33.72
temperature,2011,33.69
temperature,2011,33.67
temperature,2011,33.64
temperature,2011,33.61
temperature,2011,33.58
temperature,2011,33.55
temperature,2011,33.52
temperature,2011,33.49
temperature,2011,33.47
temperature,2011,33.44
temperature,2011,33.41
temperature,2011,33.38
temperature,2011,33.35
temperature,2011,33.32
temperature,2011,33.3
temperature,2011,33.27
temperature,2011,33.24
temperature,2011,33.21
temperature,2011,33.18
temperature,2011,33.15
temperature,2011,33.13
temperature,2011,33.1
temperature,2011,33.07
temperature,2011,33.04
temperature,2011,33.01
temperature,2011,32.98
temperature,2011,32.96
temperature,2011,32.93
temperature,2011,32.9
temperature,2011,32.87
temperature,2011,32.84
temperature,2011,32.81
temperature,2011,32.78
temperature,2011,32.76
temperature,2011,32.73
temperature,2011,32.7
temperature,2011,32.67
temperature,2011,32.64
temperature,2011,32.61
temperature,2011,32.59
temperature,2011,32.56
temperature,2011,32.53
temperature,2011,32.5
temperature,2011,32.47
temperature,2011,32.44
temperature,2011,32.42
temperature,2011,32.39
temperature,2011,32.36
temperature,2011,32.33
temperature,2011,32.3
temperature,2011,32.27
temperature,2011,32.25
temperature,2011,32.22
temperature,2011,32.19
temperature,2011,32.16
temperature,2011,32.13
temperature,2011,32.1
temperature,2011,32.07
temperature,2011,32.05
temperature,2011,32.02
temperature,2011,31.99
temperature,2011,31.96
temperature,2011,31.93
temperature,2011,31.9
temperature,2011,31.88
temperature,2011,31.85
temperature,2011,31.82
temperature,2011,31.79
temperature,2011,31.76
temperature,2011,31.73
temperature,2011,31.71
temperature,2011,31.68
temperature,2011,31.65
temperature,2011,31.62
temperature,2011,31.59
temperature,2011,31.56
temperature,2011,31.53
temperature,2011,31.51
temperature,2011,31.48
temperature,2011,31.45
temperature,2011,31.42
temperature,2011,31.39
temperature,2011,31.36
temperature,2011,31.34
temperature,2011,31.31
temperature,2011,31.28
temperature,2011,31.25
temperature,2011,31.22
temperature,2011,31.19
temperature,2011,31.17
temperature,2011,31.14
temperature,2011,31.11
temperature,2011,31.08
temperature,2011,31.05
temperature,2011,31.02
temperature,2011,31
temperature,2011,30.97
temperature,2011,30.94
temperature,2011,30.91
temperature,2011,30.88
temperature,2011,30.85
temperature,2011,30.82
temperature,2011,30.8
temperature,2011,30.77
temperature,2011,30.74
temperature,2011,30.71
temperature,2011,30.68
temperature,2011,30.65
temperature,2011,30.63
temperature,2011,30.6
temperature,2011,30.57
temperature,2011,30.54
temperature,2011,30.51
temperature,2011,30.48
temperature,2011,30.46
temperature,2011,30.43
temperature,2011,30.4
temperature,2011,30.37
temperature,2011,30.34
temperature,2011,30.31
temperature,2011,30.28
temperature,2011,30.26
temperature,2011,30.23
temperature,2011,30.2
temperature,2011,30.17
temperature,2011,30.14
temperature,2011,30.11
temperature,2011,30.09
temperature,2011,30.06
temperature,2011,30.03
temperature,2011,30
temperature,2011,29.97
temperature,2011,29.94
temperature,2011,29.92
temperature,2011,29.89
temperature,2011,29.86
temperature,2011,29.83
temperature,2011,29.8
temperature,2011,29.77
temperature,2011,29.75
temperature,2011,29.72
temperature,2011,29.69
temperature,2011,29.66
temperature,2011,29.63
temperature,2011,29.6
temperature,2011,29.57
temperature,2011,29.55
temperature,2011,29.52
temperature,2011,29.49
temperature,2011,29.46
temperature,2011,29.43
temperature,2011,29.4
temperature,2011,29.38
temperature,2011,29.35
temperature,2011,29.32
temperature,2011,29.29
temperature,2011,29.26
temperature,2011,29.23
temperature,2011,39.97
temperature,2011,39.94
temperature,2011,39.92
temperature,2011,39.89
temperature,2011,36.99
temperature,2011,36.96
temperature,2011,36.93
temperature,2011,36.9
temperature,2011,36.88
temperature,2011,36.85
temperature,2011,36.82
temperature,2011,36.79
temperature,2011,36.76
temperature,2011,36.73
temperature,2011,36.71
temperature,2011,36.68
temperature,2011,36.65
temperature,2011,36.62
temperature,2011,36.59
temperature,2011,36.56
temperature,2011,36.53
temperature,2011,36.51
temperature,2011,36.48
temperature,2011,36.45
temperature,2011,36.42
temperature,2011,36.39
temperature,2011,36.36
temperature,2011,36.34
temperature,2011,36.31
temperature,2011,36.28
temperature,2011,36.25
temperature,2011,36.22
temperature,2011,36.19
temperature,2011,36.17
temperature,2011,36.14
temperature,2011,36.11
temperature,2011,36.08
temperature,2011,36.05
temperature,2011,36.02
temperature,2011,35.99
temperature,2011,35.97
temperature,2011,35.94
temperature,2011,35.91
temperature,2011,35.88
temperature,2011,35.85
temperature,2011,35.82
temperature,2011,35.8
temperature,2011,35.77
temperature,2011,35.74
temperature,2011,35.71
temperature,2011,35.68
temperature,2011,35.65
temperature,2011,35.63
temperature,2011,35.6
temperature,2011,35.57
temperature,2011,35.54
temperature,2011,35.51
temperature,2011,35.48
temperature,2011,35.46
temperature,2011,35.43
temperature,2011,35.4
temperature,2011,35.37
temperature,2011,35.34
temperature,2011,35.31
temperature,2011,35.28
temperature,2011,35.26
temperature,2011,35.23
temperature,2011,35.2
temperature,2011,35.17
temperature,2011,35.14
temperature,2011,35.11
temperature,2011,35.09
temperature,2011,35.06
temperature,2011,35.03
temperature,2011,35
temperature,2011,34.97
temperature,2011,34.94
temperature,2011,34.92
temperature,2011,34.89
temperature,2011,34.86
temperature,2011,34.83
temperature,2011,34.8
temperature,2011,34.77
temperature,2011,34.74
temperature,2011,34.72
temperature,2011,34.69
temperature,2011,34.66
temperature,2011,34.63
temperature,2011,34.6
temperature,2011,34.57
temperature,2011,34.55
temperature,2011,34.52
temperature,2011,34.49
temperature,2011,34.46
temperature,2011,34.43
temperature,2011,34.4
temperature,2011,34.38
temperature,2011,34.35
temperature,2011,34.32
temperature,2011,34.29
temperature,2011,34.26
temperature,2011,34.23
temperature,2011,34.21
temperature,2011,34.18
temperature,2011,34.15
temperature,2011,34.12
temperature,2011,34.09
temperature,2011,34.06
temperature,2011,34.03
temperature,2011,34.01
temperature,2011,33.98
temperature,2011,33.95
temperature,2011,33.92
temperature,2011,33.89
temperature,2011,33.86
temperature,2011,33.84
temperature,2011,33.81
temperature,2011,33.78
temperature,2011,33.75
temperature,2011,33.72
temperature,2011,33.69
temperature,2011,33.67
temperature,2011,33.64
temperature,2011,33.61
temperature,2011,33.58
temperature,2011,33.55
temperature,2011,33.52
temperature,2011,33.49
temperature,2011,33.47
temperature,2011,33.44
temperature,2011,33.41
temperature,2011,33.38
temperature,2011,33.35
temperature,2011,33.32
temperature,2011,33.3
temperature,2011,33.27
temperature,2011,33.24
temperature,2011,33.21
temperature,2011,33.18
temperature,2011,33.15
temperature,2011,33.13
temperature,2011,33.1
temperature,2011,33.07
temperature,2011,33.04
temperature,2011,33.01
temperature,2011,32.98
temperature,2011,32.96
temperature,2011,32.93
temperature,2011,32.9
temperature,2011,32.87
temperature,2011,32.84
temperature,2011,32.81
temperature,2011,32.78
temperature,2011,32.76
temperature,2011,32.73
temperature,2011,32.7
temperature,2011,32.67
temperature,2011,32.64
temperature,2011,32.61
temperature,2011,32.59
temperature,2011,32.56
temperature,2011,32.53
temperature,2011,32.5
temperature,2011,32.47
temperature,2011,32.44
temperature,2011,32.42
temperature,2011,32.39
temperature,2011,32.36
temperature,2011,32.33
temperature,2011,32.3
temperature,2011,32.27
temperature,2011,32.25
temperature,2011,32.22
temperature,2011,32.19
temperature,2011,32.16
temperature,2011,32.13
temperature,2011,32.1
temperature,2011,32.07
temperature,2011,32.05
temperature,2011,32.02
temperature,2011,31.99
temperature,2011,31.96
temperature,2011,31.93
temperature,2011,31.9
temperature,2011,31.88
temperature,2011,31.85
temperature,2011,31.82
temperature,2011,31.79
temperature,2011,31.76
temperature,2011,31.73
temperature,2011,31.71
temperature,2011,31.68
temperature,2011,31.65
temperature,2011,31.62
temperature,2011,31.59
temperature,2011,31.56
temperature,2011,31.53
temperature,2011,31.51
temperature,2011,31.48
temperature,2011,31.45
temperature,2011,31.42
temperature,2011,31.39
temperature,2011,31.36
temperature,2011,31.34
temperature,2011,31.31
temperature,2011,31.28
temperature,2011,31.25
temperature,2011,31.22
temperature,2011,31.19
temperature,2011,31.17
temperature,2011,31.14
temperature,2011,31.11
temperature,2011,31.08
temperature,2011,31.05
temperature,2011,31.02
temperature,2011,31
temperature,2011,30.97
temperature,2011,30.94
temperature,2011,30.91
temperature,2011,30.88
temperature,2011,30.85
temperature,2011,30.82
temperature,2011,30.8
temperature,2011,30.77
temperature,2011,30.74
temperature,2011,30.71
temperature,2011,30.68
temperature,2011,30.65
temperature,2011,30.63
temperature,2011,30.6
temperature,2011,30.57
temperature,2011,30.54
temperature,2011,30.51
temperature,2011,30.48
temperature,2011,30.46
temperature,2011,30.43
temperature,2011,30.4
temperature,2011,30.37
temperature,2011,30.34
temperature,2011,30.31
temperature,2011,30.28
temperature,2011,30.26
temperature,2011,30.23
temperature,2011,30.2
temperature,2011,30.17
temperature,2011,30.14
temperature,2011,30.11
temperature,2011,30.09
temperature,2011,30.06
temperature,2011,30.03
temperature,2011,30
temperature,2011,29.97
temperature,2011,29.94
temperature,2011,29.92
temperature,2011,29.89
temperature,2011,29.86
temperature,2011,29.83
temperature,2011,29.8
temperature,2011,29.77
temperature,2011,29.75
temperature,2011,29.72
temperature,2011,29.69
temperature,2011,29.66
temperature,2011,29.63
temperature,2011,29.6
temperature,2011,29.57
temperature,2011,29.55
temperature,2011,29.52
temperature,2011,29.49
temperature,2011,29.46
temperature,2011,29.43
temperature,2011,29.4
temperature,2011,29.38
temperature,2011,39.97
temperature,2011,39.94
temperature,2011,39.92
temperature,2011,39.89
temperature,2011,37.78
temperature,2011,37.76
temperature,2011,37.73
temperature,2011,37.7
temperature,2011,37.67
temperature,2011,37.64
temperature,2011,37.61
temperature,2011,37.59
temperature,2011,37.56
temperature,2011,37.53
temperature,2011,37.5
temperature,2011,37.47
temperature,2011,37.44
temperature,2011,37.42
temperature,2011,37.39
temperature,2011,37.36
temperature,2011,37.33
temperature,2011,37.3
temperature,2011,37.27
temperature,2011,37.24
temperature,2011,37.22
temperature,2011,37.19
temperature,2011,37.16
temperature,2011,37.13
temperature,2011,37.1
temperature,2011,37.07
temperature,2011,37.05
temperature,2011,37.02
temperature,2011,36.99
temperature,2011,36.96
temperature,2011,36.93
temperature,2011,36.9
temperature,2011,36.88
temperature,2011,36.85
temperature,2011,36.82
temperature,2011,36.79
temperature,2011,36.76
temperature,2011,36.73
temperature,2011,36.71
temperature,2011,36.68
temperature,2011,36.65
temperature,2011,36.62
temperature,2011,36.59
temperature,2011,36.56
temperature,2011,36.53
temperature,2011,36.51
temperature,2011,36.48
temperature,2011,36.45
temperature,2011,36.42
temperature,2011,36.39
temperature,2011,36.36
temperature,2011,36.34
temperature,2011,36.31
temperature,2011,36.28
temperature,2011,36.25
temperature,2011,36.22
temperature,2011,36.19
temperature,2011,36.17
temperature,2011,36.14
temperature,2011,36.11
temperature,2011,36.08
temperature,2011,36.05
temperature,2011,36.02
temperature,2011,35.99
temperature,2011,35.97
temperature,2011,35.94
temperature,2011,35.91
temperature,2011,35.88
temperature,2011,35.85
temperature,2011,35.82
temperature,2011,35.8
temperature,2011,35.77
temperature,2011,35.74
temperature,2011,35.71
temperature,2011,35.68
temperature,2011,35.65
temperature,2011,35.63
temperature,2011,35.6
temperature,2011,35.57
temperature,2011,35.54
temperature,2011,35.51
temperature,2011,35.48
temperature,2011,35.46
temperature,2011,35.43
temperature,2011,35.4
temperature,2011,35.37
temperature,2011,35.34
temperature,2011,35.31
temperature,2011,35.28
temperature,2011,35.26
temperature,2011,35.23
temperature,2011,35.2
temperature,2011,35.17
temperature,2011,35.14
temperature,2011,35.11
temperature,2011,35.09
temperature,2011,35.06
temperature,2011,35.03
temperature,2011,35
temperature,2011,34.97
temperature,2011,34.94
temperature,2011,34.92
temperature,2011,34.89
temperature,2011,34.86
temperature,2011,34.83
temperature,2011,34.8
temperature,2011,34.77
temperature,2011,34.74
temperature,2011,34.72
temperature,2011,34.69
temperature,2011,34.66
temperature,2011,34.63
temperature,2011,34.6
temperature,2011,34.57
temperature,2011,34.55
temperature,2011,34.52
temperature,2011,34.49
temperature,2011,34.46
temperature,2011,34.43
temperature,2011,34.4
temperature,2011,34.38
temperature,2011,34.35
temperature,2011,34.32
temperature,2011,34.29
temperature,2011,34.26
temperature,2011,34.23
temperature,2011,34.21
temperature,2011,34.18
temperature,2011,34.15
temperature,2011,34.12
temperature,2011,34.09
temperature,2011,34.06
temperature,2011,34.03
temperature,2011,34.01
temperature,2011,33.98
temperature,2011,33.95
temperature,2011,33.92
temperature,2011,33.89
temperature,2011,33.86
temperature,2011,33.84
temperature,2011,33.81
temperature,2011,33.78
temperature,2011,33.75
temperature,2011,33.72
temperature,2011,33.69
temperature,2011,33.67
temperature,2011,33.64
temperature,2011,33.61
temperature,2011,33.58
temperature,2011,33.55
temperature,2011,33.52
temperature,2011,33.49
temperature,2011,33.47
temperature,2011,33.44
temperature,2011,33.41
temperature,2011,33.38
temperature,2011,33.35
temperature,2011,33.32
temperature,2011,33.3
temperature,2011,33.27
temperature,2011,33.24
temperature,2011,33.21
temperature,2011,33.18
temperature,2011,33.15
temperature,2011,33.13
temperature,2011,33.1
temperature,2011,33.07
temperature,2011,33.04
temperature,2011,33.01
temperature,2011,32.98
temperature,2011,32.96
temperature,2011,32.93
temperature,2011,32.9
temperature,2011,32.87
temperature,2011,32.84
temperature,2011,32.81
temperature,2011,32.78
temperature,2011,32.76
temperature,2011,32.73
temperature,2011,32.7
temperature,2011,32.67
temperature,2011,32.64
temperature,2011,32.61
temperature,2011,32.59
temperature,2011,32.56
temperature,2011,32.53
temperature,2011,32.5
temperature,2011,32.47
temperature,2011,32.44
temperature,2011,32.42
temperature,2011,32.39
temperature,2011,32.36
temperature,2011,32.33
temperature,2011,32.3
temperature,2011,32.27
temperature,2011,32.25
temperature,2011,32.22
temperature,2011,32.19
temperature,2011,32.16
temperature,2011,32.13
temperature,2011,32.1
temperature,2011,32.07
temperature,2011,32.05
temperature,2011,32.02
temperature,2011,31.99
temperature,2011,31.96
temperature,2011,31.93
temperature,2011,31.9
temperature,2011,31.88
temperature,2011,31.85
temperature,2011,31.82
temperature,2011,31.79
temperature,2011,31.76
temperature,2011,31.73
temperature,2011,31.71
temperature,2011,31.68
temperature,2011,31.65
temperature,2011,31.62
temperature,2011,31.59
temperature,2011,31.56
temperature,2011,31.53
temperature,2011,31.51
temperature,2011,31.48
temperature,2011,31.45
temperature,2011,31.42
temperature,2011,31.39
temperature,2011,31.36
temperature,2011,31.34
temperature,2011,31.31
temperature,2011,31.28
temperature,2011,31.25
temperature,2011,31.22
temperature,2011,31.19
temperature,2011,31.17
temperature,2011,31.14
temperature,2011,31.11
temperature,2011,31.08
temperature,2011,31.05
temperature,2011,31.02
temperature,2011,31
temperature,2011,30.97
temperature,2011,30.94
temperature,2011,30.91
temperature,2011,30.88
temperature,2011,30.85
temperature,2011,30.82
temperature,2011,30.8
temperature,2011,30.77
temperature,2011,30.74
temperature,2011,30.71
temperature,2011,30.68
temperature,2011,30.65
temperature,2011,30.63
temperature,2011,30.6
temperature,2011,30.57
temperature,2011,30.54
temperature,2011,30.51
temperature,2011,30.48
temperature,2011,30.46
temperature,2011,30.43
temperature,2011,30.4
temperature,2011,30.37
temperature,2011,30.34
temperature,2011,30.31
temperature,2011,30.28
temperature,2011,30.26
temperature,2011,30.23
temperature,2011,30.2
temperature,2011,30.17
temperature,2011,30.14
temperature,2011,30.11
temperature,2011,30.09
temperature,2011,29.89
temperature,2011,29.86
temperature,2011,29.83
temperature,2011,29.8
temperature,2011,39.97
temperature,2011,39.94
temperature,2011,39.92
temperature,2011,39.89
temperature,2011,38.58
temperature,2011,38.55
temperature,2011,38.52
temperature,2011,38.49
temperature,2011,38.47
temperature,2011,38.44
temperature,2011,38.41
temperature,2011,38.38
temperature,2011,38.35
temperature,2011,38.32
temperature,2011,38.3
temperature,2011,38.27
temperature,2011,38.24
temperature,2011,38.21
temperature,2011,38.18
temperature,2011,38.15
temperature,2011,38.13
temperature,2011,38.1
temperature,2011,38.07
temperature,2011,38.04
temperature,2011,38.01
temperature,2011,37.98
temperature,2011,37.95
temperature,2011,37.93
temperature,2011,37.9
temperature,2011,37.87
temperature,2011,37.84
temperature,2011,37.81
temperature,2011,37.78
temperature,2011,37.76
temperature,2011,37.73
temperature,2011,37.7
temperature,2011,37.67
temperature,2011,37.64
temperature,2011,37.61
temperature,2011,37.59
temperature,2011,37.56
temperature,2011,37.53
temperature,2011,37.5
temperature,2011,37.47
temperature,2011,37.44
temperature,2011,37.42
temperature,2011,37.39
temperature,2011,37.36
temperature,2011,37.33
temperature,2011,37.3
temperature,2011,37.27
temperature,2011,37.24
temperature,2011,37.22
temperature,2011,37.19
temperature,2011,37.16
temperature,2011,37.13
temperature,2011,37.1
temperature,2011,37.07
temperature,2011,37.05
temperature,2011,37.02
temperature,2011,36.99
temperature,2011,36.96
temperature,2011,36.93
temperature,2011,36.9
temperature,2011,36.88
temperature,2011,36.85
temperature,2011,36.82
temperature,2011,36.79
temperature,2011,36.76
temperature,2011,36.73
temperature,2011,36.71
temperature,2011,36.68
temperature,2011,36.65
temperature,2011,36.62
temperature,2011,36.59
temperature,2011,36.56
temperature,2011,36.53
temperature,2011,36.51
temperature,2011,36.48
temperature,2011,36.45
temperature,2011,36.42
temperature,2011,36.39
temperature,2011,36.36
temperature,2011,36.34
temperature,2011,36.31
temperature,2011,36.28
temperature,2011,36.25
temperature,2011,36.22
temperature,2011,36.19
temperature,2011,36.17
temperature,2011,36.14
temperature,2011,36.11
temperature,2011,36.08
temperature,2011,36.05
temperature,2011,36.02
temperature,2011,35.99
temperature,2011,35.97
temperature,2011,35.94
temperature,2011,35.91
temperature,2011,35.88
temperature,2011,35.85
temperature,2011,35.82
temperature,2011,35.8
temperature,2011,35.77
temperature,2011,35.74
temperature,2011,35.71
temperature,2011,35.68
temperature,2011,35.65
temperature,2011,35.63
temperature,2011,35.6
temperature,2011,35.57
temperature,2011,35.54
temperature,2011,35.51
temperature,2011,35.48
temperature,2011,35.46
temperature,2011,35.43
temperature,2011,35.4
temperature,2011,35.37
temperature,2011,35.34
temperature,2011,35.31
temperature,2011,35.28
temperature,2011,35.26
temperature,2011,35.23
temperature,2011,35.2
temperature,2011,35.17
temperature,2011,35.14
temperature,2011,35.11
temperature,2011,35.09
temperature,2011,35.06
temperature,2011,35.03
temperature,2011,35
temperature,2011,34.97
temperature,2011,34.94
temperature,2011,34.92
temperature,2011,34.89
temperature,2011,34.86
temperature,2011,34.83
temperature,2011,34.8
temperature,2011,34.77
temperature,2011,34.74
temperature,2011,34.72
temperature,2011,34.69
temperature,2011,34.66
temperature,2011,34.63
temperature,2011,34.6
temperature,2011,34.57
temperature,2011,34.55
temperature,2011,34.52
temperature,2011,34.49
temperature,2011,34.46
temperature,2011,34.43
temperature,2011,34.4
temperature,2011,34.38
temperature,2011,34.35
temperature,2011,34.32
temperature,2011,34.29
temperature,2011,34.26
temperature,2011,34.23
temperature,2011,34.21
temperature,2011,34.18
temperature,2011,34.15
temperature,2011,34.12
temperature,2011,34.09
temperature,2011,34.06
temperature,2011,34.03
temperature,2011,34.01
temperature,2011,33.98
temperature,2011,33.95
temperature,2011,33.92
temperature,2011,33.89
temperature,2011,33.86
temperature,2011,33.84
temperature,2011,33.81
temperature,2011,33.78
temperature,2011,33.75
temperature,2011,33.72
temperature,2011,33.69
temperature,2011,33.67
temperature,2011,33.64
temperature,2011,33.61
temperature,2011,33.58
temperature,2011,33.55
temperature,2011,33.52
temperature,2011,33.49
temperature,2011,33.47
temperature,2011,33.44
temperature,2011,33.41
temperature,2011,33.38
temperature,2011,33.35
temperature,2011,33.32
temperature,2011,33.3
temperature,2011,33.27
temperature,2011,33.24
temperature,2011,33.21
temperature,2011,33.18
temperature,2011,33.15
temperature,2011,33.13
temperature,2011,33.1
temperature,2011,33.07
temperature,2011,33.04
temperature,2011,33.01
temperature,2011,32.98
temperature,2011,32.96
temperature,2011,32.93
temperature,2011,32.9
temperature,2011,32.87
temperature,2011,32.84
temperature,2011,32.81
temperature,2011,32.78
temperature,2011,32.76
temperature,2011,32.73
temperature,2011,32.7
temperature,2011,32.67
temperature,2011,32.64
temperature,2011,32.61
temperature,2011,32.59
temperature,2011,32.56
temperature,2011,32.53
temperature,2011,32.5
temperature,2011,32.47
temperature,2011,32.44
temperature,2011,32.42
temperature,2011,32.39
temperature,2011,32.36
temperature,2011,32.33
temperature,2011,32.3
temperature,2011,32.27
temperature,2011,32.25
temperature,2011,32.22
temperature,2011,32.19
temperature,2011,32.16
temperature,2011,32.13
temperature,2011,32.1
temperature,2011,32.07
temperature,2011,32.05
temperature,2011,32.02
temperature,2011,31.99
temperature,2011,31.96
temperature,2011,31.93
temperature,2011,31.9
temperature,2011,31.88
temperature,2011,31.85
temperature,2011,31.82
temperature,2011,31.79
temperature,2011,31.76
temperature,2011,31.73
temperature,2011,31.71
temperature,2011,31.68
temperature,2011,31.65
temperature,2011,31.62
temperature,2011,31.59
temperature,2011,31.56
temperature,2011,31.53
temperature,2011,31.51
temperature,2011,31.48
temperature,2011,31.45
temperature,2011,31.42
temperature,2011,31.39
temperature,2011,31.36
temperature,2011,31.34
temperature,2011,31.31
temperature,2011,31.28
temperature,2011,31.25
temperature,2011,31.22
temperature,2011,31.19
temperature,2011,31.17
temperature,2011,31.14
temperature,2011,31.11
temperature,2011,31.08
temperature,2011,31.05
temperature,2011,31.02
temperature,2011,31
temperature,2011,30.97
temperature,2011,30.94
temperature,2011,30.91
temperature,2011,30.88
temperature,2011,29.89
temperature,2011,29.86
temperature,2011,29.83
temperature,2011,29.8
temperature,2011,39.97
temperature,2011,39.94
temperature,2011,39.92
temperature,2011,39.89
temperature,2011,39.4
temperature,2011,39.38
temperature,2011,39.35
temperature,2011,39.32
temperature,2011,39.29
temperature,2011,39.26
temperature,2011,39.23
temperature,2011,39.2
temperature,2011,39.18
temperature,2011,39.15
temperature,2011,39.12
temperature,2011,39.09
temperature,2011,39.06
temperature,2011,39.03
temperature,2011,39.01
temperature,2011,38.98
temperature,2011,38.95
temperature,2011,38.92
temperature,2011,38.89
temperature,2011,38.86
temperature,2011,38.84
temperature,2011,38.81
temperature,2011,38.78
temperature,2011,38.75
temperature,2011,38.72
temperature,2011,38.69
temperature,2011,38.67
temperature,2011,38.64
temperature,2011,38.61
temperature,2011,38.58
temperature,2011,38.55
temperature,2011,38.52
temperature,2011,38.49
temperature,2011,38.47
temperature,2011,38.44
temperature,2011,38.41
temperature,2011,38.38
temperature,2011,38.35
temperature,2011,38.32
temperature,2011,38.3
temperature,2011,38.27
temperature,2011,38.24
temperature,2011,38.21
temperature,2011,38.18
temperature,2011,38.15
temperature,2011,38.13
temperature,2011,38.1
temperature,2011,38.07
temperature,2011,38.04
temperature,2011,38.01
temperature,2011,37.98
temperature,2011,37.95
temperature,2011,37.93
temperature,2011,37.9
temperature,2011,37.87
temperature,2011,37.84
temperature,2011,37.81
temperature,2011,37.78
temperature,2011,37.76
temperature,2011,37.73
temperature,2011,37.7
temperature,2011,37.67
temperature,2011,37.64
temperature,2011,37.61
temperature,2011,37.59
temperature,2011,37.56
temperature,2011,37.53
temperature,2011,37.5
temperature,2011,37.47
temperature,2011,37.44
temperature,2011,37.42
temperature,2011,37.39
temperature,2011,37.36
temperature,2011,37.33
temperature,2011,37.3
temperature,2011,37.27
temperature,2011,37.24
temperature,2011,37.22
temperature,2011,37.19
temperature,2011,37.16
temperature,2011,37.13
temperature,2011,37.1
temperature,2011,37.07
temperature,2011,37.05
temperature,2011,37.02
temperature,2011,36.99
temperature,2011,36.96
temperature,2011,36.93
temperature,2011,36.9
temperature,2011,36.88
temperature,2011,36.85
temperature,2011,36.82
temperature,2011,36.79
temperature,2011,36.76
temperature,2011,36.73
temperature,2011,36.71
temperature,2011,36.68
temperature,2011,36.65
temperature,2011,36.62
temperature,2011,36.59
temperature,2011,36.56
temperature,2011,36.53
temperature,2011,36.51
temperature,2011,36.48
temperature,2011,36.45
temperature,2011,36.42
temperature,2011,36.39
temperature,2011,36.36
temperature,2011,36.34
temperature,2011,36.31
temperature,2011,36.28
temperature,2011,36.25
temperature,2011,36.22
temperature,2011,36.19
temperature,2011,36.17
temperature,2011,36.14
temperature,2011,36.11
temperature,2011,36.08
temperature,2011,36.05
temperature,2011,36.02
temperature,2011,35.99
temperature,2011,35.97
temperature,2011,35.94
temperature,2011,35.91
temperature,2011,35.88
temperature,2011,35.85
temperature,2011,35.82
temperature,2011,35.8
temperature,2011,35.77
temperature,2011,35.74
temperature,2011,35.71
temperature,2011,35.68
temperature,2011,35.65
temperature,2011,35.63
temperature,2011,35.6
temperature,2011,35.57
temperature,2011,35.54
temperature,2011,35.51
temperature,2011,35.48
temperature,2011,35.46
temperature,2011,35.43
temperature,2011,35.4
temperature,2011,35.37
temperature,2011,35.34
temperature,2011,35.31
temperature,2011,35.28
temperature,2011,35.26
temperature,2011,35.23
temperature,2011,35.2
temperature,2011,35.17
temperature,2011,35.14
temperature,2011,35.11
temperature,2011,35.09
temperature,2011,35.06
temperature,2011,35.03
temperature,2011,35
temperature,2011,34.97
temperature,2011,34.94
temperature,2011,34.92
temperature,2011,34.89
temperature,2011,34.86
temperature,2011,34.83
temperature,2011,34.8
temperature,2011,34.77
temperature,2011,34.74
temperature,2011,34.72
temperature,2011,34.69
temperature,2011,34.66
temperature,2011,34.63
temperature,2011,34.6
temperature,2011,34.57
temperature,2011,34.55
temperature,2011,34.52
temperature,2011,34.49
temperature,2011,34.46
temperature,2011,34.43
temperature,2011,34.4
temperature,2011,34.38
temperature,2011,34.35
temperature,2011,34.32
temperature,2011,34.29
temperature,2011,34.26
temperature,2011,34.23
temperature,2011,34.21
temperature,2011,34.18
temperature,2011,34.15
temperature,2011,34.12
temperature,2011,34.09
temperature,2011,34.06
temperature,2011,34.03
temperature,2011,34.01
temperature,2011,33.98
temperature,2011,33.95
temperature,2011,33.92
temperature,2011,33.89
temperature,2011,33.86
temperature,2011,33.84
temperature,2011,33.81
temperature,2011,33.78
temperature,2011,33.75
temperature,2011,33.72
temperature,2011,33.69
temperature,2011,33.67
temperature,2011,33.64
temperature,2011,33.61
temperature,2011,33.58
temperature,2011,33.55
temperature,2011,33.52
temperature,2011,33.49
temperature,2011,33.47
temperature,2011,33.44
temperature,2011,33.41
temperature,2011,33.38
temperature,2011,33.35
temperature,2011,33.32
temperature,2011,33.3
temperature,2011,33.27
temperature,2011,33.24
temperature,2011,33.21
temperature,2011,33.18
temperature,2011,33.15
temperature,2011,33.13
temperature,2011,33.1
temperature,2011,33.07
temperature,2011,33.04
temperature,2011,33.01
temperature,2011,32.98
temperature,2011,32.96
temperature,2011,32.93
temperature,2011,32.9
temperature,2011,32.87
temperature,2011,32.84
temperature,2011,32.81
temperature,2011,32.78
temperature,2011,32.76
temperature,2011,32.73
temperature,2011,32.7
temperature,2011,32.67
temperature,2011,32.64
temperature,2011,32.61
temperature,2011,32.59
temperature,2011,32.56
temperature,2011,32.53
temperature,2011,32.5
temperature,2011,32.47
temperature,2011,32.44
temperature,2011,32.42
temperature,2011,32.39
temperature,2011,32.36
temperature,2011,32.33
temperature,2011,32.3
temperature,2011,32.27
temperature,2011,32.25
temperature,2011,32.22
temperature,2011,32.19
temperature,2011,32.16
temperature,2011,32.13
temperature,2011,32.1
temperature,2011,32.07
temperature,2011,32.05
temperature,2011,32.02
temperature,2011,31.99
temperature,2011,31.96
temperature,2011,31.93
temperature,2011,31.9
temperature,2011,31.88
temperature,2011,31.85
temperature,2011,31.82
temperature,2011,31.79
temperature,2011,31.76
temperature,2011,31.73
temperature,2011,31.71
temperature,2011,29.89
temperature,2011,29.86
temperature,2011,29.83
temperature,2011,29.8
temperature,2011,40
temperature,2011,39.97
temperature,2011,39.94
temperature,2011,39.92
temperature,2011,39.89
temperature,2011,39.86
temperature,2011,39.83
temperature,2011,39.8
temperature,2011,39.77
temperature,2011,39.74
temperature,2011,39.72
temperature,2011,39.69
temperature,2011,39.66
temperature,2011,39.63
temperature,2011,39.6
temperature,2011,39.57
temperature,2011,39.55
temperature,2011,39.52
temperature,2011,39.49
temperature,2011,39.46
temperature,2011,39.43
temperature,2011,39.4
temperature,2011,39.38
temperature,2011,39.35
temperature,2011,39.32
temperature,2011,39.29
temperature,2011,39.26
temperature,2011,39.23
temperature,2011,39.2
temperature,2011,39.18
temperature,2011,39.15
temperature,2011,39.12
temperature,2011,39.09
temperature,2011,39.06
temperature,2011,39.03
temperature,2011,39.01
temperature,2011,38.98
temperature,2011,38.95
temperature,2011,38.92
temperature,2011,38.89
temperature,2011,38.86
temperature,2011,38.84
temperature,2011,38.81
temperature,2011,38.78
temperature,2011,38.75
temperature,2011,38.72
temperature,2011,38.69
temperature,2011,38.67
temperature,2011,38.64
temperature,2011,38.61
temperature,2011,38.58
temperature,2011,38.55
temperature,2011,38.52
temperature,2011,38.49
temperature,2011,38.47
temperature,2011,38.44
temperature,2011,38.41
temperature,2011,38.38
temperature,2011,38.35
temperature,2011,38.32
temperature,2011,38.3
temperature,2011,38.27
temperature,2011,38.24
temperature,2011,38.21
temperature,2011,38.18
temperature,2011,38.15
temperature,2011,38.13
temperature,2011,38.1
temperature,2011,38.07
temperature,2011,38.04
temperature,2011,38.01
temperature,2011,37.98
temperature,2011,37.95
temperature,2011,37.93
temperature,2011,37.9
temperature,2011,37.87
temperature,2011,37.84
temperature,2011,37.81
temperature,2011,37.78
temperature,2011,37.76
temperature,2011,37.73
temperature,2011,37.7
temperature,2011,37.67
temperature,2011,37.64
temperature,2011,37.61
temperature,2011,37.59
temperature,2011,37.56
temperature,2011,37.53
temperature,2011,37.5
temperature,2011,37.47
temperature,2011,37.44
temperature,2011,37.42
temperature,2011,37.39
temperature,2011,37.36
temperature,2011,37.33
temperature,2011,37.3
temperature,2011,37.27
temperature,2011,37.24
temperature,2011,37.22
temperature,2011,37.19
temperature,2011,37.16
temperature,2011,37.13
temperature,2011,37.1
temperature,2011,37.07
temperature,2011,37.05
temperature,2011,37.02
temperature,2011,36.99
temperature,2011,36.96
temperature,2011,36.93
temperature,2011,36.9
temperature,2011,36.88
temperature,2011,36.85
temperature,2011,36.82
temperature,2011,36.79
temperature,2011,36.76
temperature,2011,36.73
temperature,2011,36.71
temperature,2011,36.68
temperature,2011,36.65
temperature,2011,36.62
temperature,2011,36.59
temperature,2011,36.56
temperature,2011,36.53
temperature,2011,36.51
temperature,2011,36.48
temperature,2011,36.45
temperature,2011,36.42
temperature,2011,36.39
temperature,2011,36.36
temperature,2011,36.34
temperature,2011,36.31
temperature,2011,36.28
temperature,2011,36.25
temperature,2011,36.22
temperature,2011,36.19
temperature,2011,36.17
temperature,2011,36.14
temperature,2011,36.11
temperature,2011,36.08
temperature,2011,36.05
temperature,2011,36.02
temperature,2011,35.99
temperature,2011,35.97
temperature,2011,35.94
temperature,2011,35.91
temperature,2011,35.88
temperature,2011,35.85
temperature,2011,35.82
temperature,2011,35.8
temperature,2011,35.77
temperature,2011,35.74
temperature,2011,35.71
temperature,2011,35.68
temperature,2011,35.65
temperature,2011,35.63
temperature,2011,35.6
temperature,2011,35.57
temperature,2011,35.54
temperature,2011,35.51
temperature,2011,35.48
temperature,2011,35.46
temperature,2011,35.43
temperature,2011,35.4
temperature,2011,35.37
temperature,2011,35.34
temperature,2011,35.31
temperature,2011,35.28
temperature,2011,35.26
temperature,2011,35.23
temperature,2011,35.2
temperature,2011,35.17
temperature,2011,35.14
temperature,2011,35.11
temperature,2011,35.09
temperature,2011,35.06
temperature,2011,35.03
temperature,2011,35
temperature,2011,34.97
temperature,2011,34.94
temperature,2011,34.92
temperature,2011,34.89
temperature,2011,34.86
temperature,2011,34.83
temperature,2011,34.8
temperature,2011,34.77
temperature,2011,34.74
temperature,2011,34.72
temperature,2011,34.69
temperature,2011,34.66
temperature,2011,34.63
temperature,2011,34.6
temperature,2011,34.57
temperature,2011,34.55
temperature,2011,34.52
temperature,2011,34.49
temperature,2011,34.46
temperature,2011,34.43
temperature,2011,34.4
temperature,2011,34.38
temperature,2011,34.35
temperature,2011,34.32
temperature,2011,34.29
temperature,2011,34.26
temperature,2011,34.23
temperature,2011,34.21
temperature,2011,34.18
temperature,2011,34.15
temperature,2011,34.12
temperature,2011,34.09
temperature,2011,34.06
temperature,2011,34.03
temperature,2011,34.01
temperature,2011,33.98
temperature,2011,33.95
temperature,2011,33.92
temperature,2011,33.89
temperature,2011,33.86
temperature,2011,33.84
temperature,2011,33.81
temperature,2011,33.78
temperature,2011,33.75
temperature,2011,33.72
temperature,2011,33.69
temperature,2011,33.67
temperature,2011,33.64
temperature,2011,33.61
temperature,2011,33.58
temperature,2011,33.55
temperature,2011,33.52
temperature,2011,33.49
temperature,2011,33.47
temperature,2011,33.44
temperature,2011,33.41
temperature,2011,33.38
temperature,2011,33.35
temperature,2011,33.32
temperature,2011,33.3
temperature,2011,33.27
temperature,2011,33.24
temperature,2011,33.21
temperature,2011,33.18
temperature,2011,33.15
temperature,2011,33.13
temperature,2011,33.1
temperature,2011,33.07
temperature,2011,33.04
temperature,2011,33.01
temperature,2011,32.98
temperature,2011,32.96
temperature,2011,32.93
temperature,2011,32.9
temperature,2011,32.87
temperature,2011,32.84
temperature,2011,32.81
temperature,2011,32.78
temperature,2011,32.76
temperature,2011,32.73
temperature,2011,32.7
temperature,2011,32.67
temperature,2011,32.64
temperature,2011,32.61
temperature,2011,32.59
temperature,2011,32.56
temperature,2011,32.53
temperature,2011,32.5
temperature,2011,29.89
temperature,2011,29.86
temperature,2011,29.83
temperature,2011,29.8
temperature,2011,40.03
temperature,2011,40
temperature,2011,39.97
temperature,2011,39.94
temperature,2011,39.92
temperature,2011,39.89
temperature,2011,39.86
temperature,2011,39.83
temperature,2011,39.8
temperature,2011,39.77
temperature,2011,39.74
temperature,2011,39.72
temperature,2011,39.69
temperature,2011,39.66
temperature,2011,39.63
temperature,2011,39.6
temperature,2011,39.57
temperature,2011,39.55
temperature,2011,39.52
temperature,2011,39.49
temperature,2011,39.46
temperature,2011,39.43
temperature,2011,39.4
temperature,2011,39.38
temperature,2011,39.35
temperature,2011,39.32
temperature,2011,39.29
temperature,2011,39.26
temperature,2011,39.23
temperature,2011,39.2
temperature,2011,39.18
temperature,2011,39.15
temperature,2011,39.12
temperature,2011,39.09
temperature,2011,39.06
temperature,2011,39.03
temperature,2011,39.01
temperature,2011,38.98
temperature,2011,38.95
temperature,2011,38.92
temperature,2011,38.89
temperature,2011,38.86
temperature,2011,38.84
temperature,2011,38.81
temperature,2011,38.78
temperature,2011,38.75
temperature,2011,38.72
temperature,2011,38.69
temperature,2011,38.67
temperature,2011,38.64
temperature,2011,38.61
temperature,2011,38.58
temperature,2011,38.55
temperature,2011,38.52
temperature,2011,38.49
temperature,2011,38.47
temperature,2011,38.44
temperature,2011,38.41
temperature,2011,38.38
temperature,2011,38.35
temperature,2011,38.32
temperature,2011,38.3
temperature,2011,38.27
temperature,2011,38.24
temperature,2011,38.21
temperature,2011,38.18
temperature,2011,38.15
temperature,2011,38.13
temperature,2011,38.1
temperature,2011,38.07
temperature,2011,38.04
temperature,2011,38.01
temperature,2011,37.98
temperature,2011,37.95
temperature,2011,37.93
temperature,2011,37.9
temperature,2011,37.87
temperature,2011,37.84
temperature,2011,37.81
temperature,2011,37.78
temperature,2011,37.76
temperature,2011,37.73
temperature,2011,37.7
temperature,2011,37.67
temperature,2011,37.64
temperature,2011,37.61
temperature,2011,37.59
temperature,2011,37.56
temperature,2011,37.53
temperature,2011,37.5
temperature,2011,37.47
temperature,2011,37.44
temperature,2011,37.42
temperature,2011,37.39
temperature,2011,37.36
temperature,2011,37.33
temperature,2011,37.3
temperature,2011,37.27
temperature,2011,37.24
temperature,2011,37.22
temperature,2011,37.19
temperature,2011,37.16
temperature,2011,37.13
temperature,2011,37.1
temperature,2011,37.07
temperature,2011,37.05
temperature,2011,37.02
temperature,2011,36.99
temperature,2011,36.96
temperature,2011,36.93
temperature,2011,36.9
temperature,2011,36.88
temperature,2011,36.85
temperature,2011,36.82
temperature,2011,36.79
temperature,2011,36.76
temperature,2011,36.73
temperature,2011,36.71
temperature,2011,36.68
temperature,2011,36.65
temperature,2011,36.62
temperature,2011,36.59
temperature,2011,36.56
temperature,2011,36.53
temperature,2011,36.51
temperature,2011,36.48
temperature,2011,36.45
temperature,2011,36.42
temperature,2011,36.39
temperature,2011,36.36
temperature,2011,36.34
temperature,2011,36.31
temperature,2011,36.28
temperature,2011,36.25
temperature,2011,36.22
temperature,2011,36.19
temperature,2011,36.17
temperature,2011,36.14
temperature,2011,36.11
temperature,2011,36.08
temperature,2011,36.05
temperature,2011,36.02
temperature,2011,35.99
temperature,2011,35.97
temperature,2011,35.94
temperature,2011,35.91
temperature,2011,35.88
temperature,2011,35.85
temperature,2011,35.82
temperature,2011,35.8
temperature,2011,35.77
temperature,2011,35.74
temperature,2011,35.71
temperature,2011,35.68
temperature,2011,35.65
temperature,2011,35.63
temperature,2011,35.6
temperature,2011,35.57
temperature,2011,35.54
temperature,2011,35.51
temperature,2011,35.48
temperature,2011,35.46
temperature,2011,35.43
temperature,2011,35.4
temperature,2011,35.37
temperature,2011,35.34
temperature,2011,35.31
temperature,2011,35.28
temperature,2011,35.26
temperature,2011,35.23
temperature,2011,35.2
temperature,2011,35.17
temperature,2011,35.14
temperature,2011,35.11
temperature,2011,35.09
temperature,2011,35.06
temperature,2011,35.03
temperature,2011,35
temperature,2011,34.97
temperature,2011,34.94
temperature,2011,34.92
temperature,2011,34.89
temperature,2011,34.86
temperature,2011,34.83
temperature,2011,34.8
temperature,2011,34.77
temperature,2011,34.74
temperature,2011,34.72
temperature,2011,34.69
temperature,2011,34.66
temperature,2011,34.63
temperature,2011,34.6
temperature,2011,34.57
temperature,2011,34.55
temperature,2011,34.52
temperature,2011,34.49
temperature,2011,34.46
temperature,2011,34.43
temperature,2011,34.4
temperature,2011,34.38
temperature,2011,34.35
temperature,2011,34.32
temperature,2011,34.29
temperature,2011,34.26
temperature,2011,34.23
temperature,2011,34.21
temperature,2011,34.18
temperature,2011,34.15
temperature,2011,34.12
temperature,2011,34.09
temperature,2011,34.06
temperature,2011,34.03
temperature,2011,34.01
temperature,2011,33.98
temperature,2011,33.95
temperature,2011,33.92
temperature,2011,33.89
temperature,2011,33.86
temperature,2011,33.84
temperature,2011,33.81
temperature,2011,33.78
temperature,2011,33.75
temperature,2011,33.72
temperature,2011,33.69
temperature,2011,33.67
temperature,2011,33.64
temperature,2011,33.61
temperature,2011,33.58
temperature,2011,33.55
temperature,2011,33.52
temperature,2011,33.49
temperature,2011,33.47
temperature,2011,33.44
temperature,2011,33.41
temperature,2011,33.38
temperature,2011,33.35
temperature,2011,33.32
temperature,2011,33.3
temperature,2011,29.89
temperature,2011,29.86
temperature,2011,29.83
temperature,2011,29.8
temperature,2011,40.06
temperature,2011,40.03
temperature,2011,40
temperature,2011,39.97
temperature,2011,39.94
temperature,2011,39.92
temperature,2011,39.89
temperature,2011,39.86
temperature,2011,39.83
temperature,2011,39.8
temperature,2011,39.77
temperature,2011,39.74
temperature,2011,39.72
temperature,2011,39.69
temperature,2011,39.66
temperature,2011,39.63
temperature,2011,39.6
temperature,2011,39.57
temperature,2011,39.55
temperature,2011,39.52
temperature,2011,39.49
temperature,2011,39.46
temperature,2011,39.43
temperature,2011,39.4
temperature,2011,39.38
temperature,2011,39.35
temperature,2011,39.32
temperature,2011,39.29
temperature,2011,39.26
temperature,2011,39.23
temperature,2011,39.2
temperature,2011,39.18
temperature,2011,39.15
temperature,2011,39.12
temperature,2011,39.09
temperature,2011,39.06
temperature,2011,39.03
temperature,2011,39.01
temperature,2011,38.98
temperature,2011,38.95
temperature,2011,38.92
temperature,2011,38.89
temperature,2011,38.86
temperature,2011,38.84
temperature,2011,38.81
temperature,2011,38.78
temperature,2011,38.75
temperature,2011,38.72
temperature,2011,38.69
temperature,2011,38.67
temperature,2011,38.64
temperature,2011,38.61
temperature,2011,38.58
temperature,2011,38.55
temperature,2011,38.52
temperature,2011,38.49
temperature,2011,38.47
temperature,2011,38.44
temperature,2011,38.41
temperature,2011,38.38
temperature,2011,38.35
temperature,2011,38.32
temperature,2011,38.3
temperature,2011,38.27
temperature,2011,38.24
temperature,2011,38.21
temperature,2011,38.18
temperature,2011,38.15
temperature,2011,38.13
temperature,2011,38.1
temperature,2011,38.07
temperature,2011,38.04
temperature,2011,38.01
temperature,2011,37.98
temperature,2011,37.95
temperature,2011,37.93
temperature,2011,37.9
temperature,2011,37.87
temperature,2011,37.84
temperature,2011,37.81
temperature,2011,37.78
temperature,2011,37.76
temperature,2011,37.73
temperature,2011,37.7
temperature,2011,37.67
temperature,2011,37.64
temperature,2011,37.61
temperature,2011,37.59
temperature,2011,37.56
temperature,2011,37.53
temperature,2011,37.5
temperature,2011,37.47
temperature,2011,37.44
temperature,2011,37.42
temperature,2011,37.39
temperature,2011,37.36
temperature,2011,37.33
temperature,2011,37.3
temperature,2011,37.27
temperature,2011,37.24
temperature,2011,37.22
temperature,2011,37.19
temperature,2011,37.16
temperature,2011,37.13
temperature,2011,37.1
temperature,2011,37.07
temperature,2011,37.05
temperature,2011,37.02
temperature,2011,36.99
temperature,2011,36.96
temperature,2011,36.93
temperature,2011,36.9
temperature,2011,36.88
temperature,2011,36.85
temperature,2011,36.82
temperature,2011,36.79
temperature,2011,36.76
temperature,2011,36.73
temperature,2011,36.71
temperature,2011,36.68
temperature,2011,36.65
temperature,2011,36.62
temperature,2011,36.59
temperature,2011,36.56
temperature,2011,36.53
temperature,2011,36.51
temperature,2011,36.48
temperature,2011,36.45
temperature,2011,36.42
temperature,2011,36.39
temperature,2011,36.36
temperature,2011,36.34
temperature,2011,36.31
temperature,2011,36.28
temperature,2011,36.25
temperature,2011,36.22
temperature,2011,36.19
temperature,2011,36.17
temperature,2011,36.14
temperature,2011,36.11
temperature,2011,36.08
temperature,2011,36.05
temperature,2011,36.02
temperature,2011,35.99
temperature,2011,35.97
temperature,2011,35.94
temperature,2011,35.91
temperature,2011,35.88
temperature,2011,35.85
temperature,2011,35.82
temperature,2011,35.8
temperature,2011,35.77
temperature,2011,35.74
temperature,2011,35.71
temperature,2011,35.68
temperature,2011,35.65
temperature,2011,35.63
temperature,2011,35.6
temperature,2011,35.57
temperature,2011,35.54
temperature,2011,35.51
temperature,2011,35.48
temperature,2011,35.46
temperature,2011,35.43
temperature,2011,35.4
temperature,2011,35.37
temperature,2011,35.34
temperature,2011,35.31
temperature,2011,35.28
temperature,2011,35.26
temperature,2011,35.23
temperature,2011,35.2
temperature,2011,35.17
temperature,2011,35.14
temperature,2011,35.11
temperature,2011,35.09
temperature,2011,35.06
temperature,2011,35.03
temperature,2011,35
temperature,2011,34.97
temperature,2011,34.94
temperature,2011,34.92
temperature,2011,34.89
temperature,2011,34.86
temperature,2011,34.83
temperature,2011,34.8
temperature,2011,34.77
temperature,2011,34.74
temperature,2011,34.72
temperature,2011,34.69
temperature,2011,34.66
temperature,2011,34.63
temperature,2011,34.6
temperature,2011,34.57
temperature,2011,34.55
temperature,2011,34.52
temperature,2011,34.49
temperature,2011,34.46
temperature,2011,34.43
temperature,2011,34.4
temperature,2011,34.38
temperature,2011,34.35
temperature,2011,34.32
temperature,2011,34.29
temperature,2011,34.26
temperature,2011,34.23
temperature,2011,34.21
temperature,2011,34.18
temperature,2011,34.15
temperature,2011,34.12
temperature,2011,29.89
temperature,2011,29.86
temperature,2011,29.83
temperature,2011,29.8
temperature,2011,40.09
temperature,2011,40.06
temperature,2011,40.03
temperature,2011,40
temperature,2011,39.97
temperature,2011,39.94
temperature,2011,39.92
temperature,2011,39.89
temperature,2011,39.86
temperature,2011,39.83
temperature,2011,39.8
temperature,2011,39.77
temperature,2011,39.74
temperature,2011,39.72
temperature,2011,39.69
temperature,2011,39.66
temperature,2011,39.63
temperature,2011,39.6
temperature,2011,39.57
temperature,2011,39.55
temperature,2011,39.52
temperature,2011,39.49
temperature,2011,39.46
temperature,2011,39.43
temperature,2011,39.4
temperature,2011,39.38
temperature,2011,39.35
temperature,2011,39.32
temperature,2011,39.29
temperature,2011,39.26
temperature,2011,39.23
temperature,2011,39.2
temperature,2011,39.18
temperature,2011,39.15
temperature,2011,39.12
temperature,2011,39.09
temperature,2011,39.06
temperature,2011,39.03
temperature,2011,39.01
temperature,2011,38.98
temperature,2011,38.95
temperature,2011,38.92
temperature,2011,38.89
temperature,2011,38.86
temperature,2011,38.84
temperature,2011,38.81
temperature,2011,38.78
temperature,2011,38.75
temperature,2011,38.72
temperature,2011,38.69
temperature,2011,38.67
temperature,2011,38.64
temperature,2011,38.61
temperature,2011,38.58
temperature,2011,38.55
temperature,2011,38.52
temperature,2011,38.49
temperature,2011,38.47
temperature,2011,38.44
temperature,2011,38.41
temperature,2011,38.38
temperature,2011,38.35
temperature,2011,38.32
temperature,2011,38.3
temperature,2011,38.27
temperature,2011,38.24
temperature,2011,38.21
temperature,2011,38.18
temperature,2011,38.15
temperature,2011,38.13
temperature,2011,38.1
temperature,2011,38.07
temperature,2011,38.04
temperature,2011,38.01
temperature,2011,37.98
temperature,2011,37.95
temperature,2011,37.93
temperature,2011,37.9
temperature,2011,37.87
temperature,2011,37.84
temperature,2011,37.81
temperature,2011,37.78
temperature,2011,37.76
temperature,2011,37.73
temperature,2011,37.7
temperature,2011,37.67
temperature,2011,37.64
temperature,2011,37.61
temperature,2011,37.59
temperature,2011,37.56
temperature,2011,37.53
temperature,2011,37.5
temperature,2011,37.47
temperature,2011,37.44
temperature,2011,37.42
temperature,2011,37.39
temperature,2011,37.36
temperature,2011,37.33
temperature,2011,37.3
temperature,2011,37.27
temperature,2011,37.24
temperature,2011,37.22
temperature,2011,37.19
temperature,2011,37.16
temperature,2011,37.13
temperature,2011,37.1
temperature,2011,37.07
temperature,2011,37.05
temperature,2011,37.02
temperature,2011,36.99
temperature,2011,36.96
temperature,2011,36.93
temperature,2011,36.9
temperature,2011,36.88
temperature,2011,36.85
temperature,2011,36.82
temperature,2011,36.79
temperature,2011,36.76
temperature,2011,36.73
temperature,2011,36.71
temperature,2011,36.68
temperature,2011,36.65
temperature,2011,36.62
temperature,2011,36.59
temperature,2011,36.56
temperature,2011,36.53
temperature,2011,36.51
temperature,2011,36.48
temperature,2011,36.45
temperature,2011,36.42
temperature,2011,36.39
temperature,2011,36.36
temperature,2011,36.34
temperature,2011,36.31
temperature,2011,36.28
temperature,2011,36.25
temperature,2011,36.22
temperature,2011,36.19
temperature,2011,36.17
temperature,2011,36.14
temperature,2011,36.11
temperature,2011,36.08
temperature,2011,36.05
temperature,2011,36.02
temperature,2011,35.99
temperature,2011,35.97
temperature,2011,35.94
temperature,2011,35.91
temperature,2011,35.88
temperature,2011,35.85
temperature,2011,35.82
temperature,2011,35.8
temperature,2011,35.77
temperature,2011,35.74
temperature,2011,35.71
temperature,2011,35.68
temperature,2011,35.65
temperature,2011,35.63
temperature,2011,35.6
temperature,2011,35.57
temperature,2011,35.54
temperature,2011,35.51
temperature,2011,35.48
temperature,2011,35.46
temperature,2011,35.43
temperature,2011,35.4
temperature,2011,35.37
temperature,2011,35.34
temperature,2011,35.31
temperature,2011,35.28
temperature,2011,35.26
temperature,2011,35.23
temperature,2011,35.2
temperature,2011,35.17
temperature,2011,35.14
temperature,2011,35.11
temperature,2011,35.09
temperature,2011,35.06
temperature,2011,35.03
temperature,2011,35
temperature,2011,34.97
temperature,2011,34.94
temperature,2011,34.92
temperature,2011,34.89
temperature,2011,34.86
temperature,2011,34.83
temperature,2011,34.8
temperature,2011,34.77
temperature,2011,29.89
temperature,2011,29.86
temperature,2011,29.83
temperature,2011,29.8
temperature,2011,40.09
temperature,2011,40.06
temperature,2011,40.03
temperature,2011,40
temperature,2011,39.97
temperature,2011,39.94
temperature,2011,39.92
temperature,2011,39.89
temperature,2011,39.86
temperature,2011,39.83
temperature,2011,39.8
temperature,2011,39.77
temperature,2011,39.74
temperature,2011,39.72
temperature,2011,39.69
temperature,2011,39.66
temperature,2011,39.63
temperature,2011,39.6
temperature,2011,39.57
temperature,2011,39.55
temperature,2011,39.52
temperature,2011,39.49
temperature,2011,39.46
temperature,2011,39.43
temperature,2011,39.4
temperature,2011,39.38
temperature,2011,39.35
temperature,2011,39.32
temperature,2011,39.29
temperature,2011,39.26
temperature,2011,39.23
temperature,2011,39.2
temperature,2011,39.18
temperature,2011,39.15
temperature,2011,39.12
temperature,2011,39.09
temperature,2011,39.06
temperature,2011,39.03
temperature,2011,39.01
temperature,2011,38.98
temperature,2011,38.95
temperature,2011,38.92
temperature,2011,38.89
temperature,2011,38.86
temperature,2011,38.84
temperature,2011,38.81
temperature,2011,38.78
temperature,2011,38.75
temperature,2011,38.72
temperature,2011,38.69
temperature,2011,38.67
temperature,2011,38.64
temperature,2011,38.61
temperature,2011,38.58
temperature,2011,38.55
temperature,2011,38.52
temperature,2011,38.49
temperature,2011,38.47
temperature,2011,38.44
temperature,2011,38.41
temperature,2011,38.38
temperature,2011,38.35
temperature,2011,38.32
temperature,2011,38.3
temperature,2011,38.27
temperature,2011,38.24
temperature,2011,38.21
temperature,2011,38.18
temperature,2011,38.15
temperature,2011,38.13
temperature,2011,38.1
temperature,2011,38.07
temperature,2011,38.04
temperature,2011,38.01
temperature,2011,37.98
temperature,2011,37.95
temperature,2011,37.93
temperature,2011,37.9
temperature,2011,37.87
temperature,2011,37.84
temperature,2011,37.81
temperature,2011,37.78
temperature,2011,37.76
temperature,2011,37.73
temperature,2011,37.7
temperature,2011,37.67
temperature,2011,37.64
temperature,2011,37.61
temperature,2011,37.59
temperature,2011,37.56
temperature,2011,37.53
temperature,2011,37.5
temperature,2011,37.47
temperature,2011,37.44
temperature,2011,37.42
temperature,2011,37.39
temperature,2011,37.36
temperature,2011,37.33
temperature,2011,37.3
temperature,2011,37.27
temperature,2011,37.24
temperature,2011,37.22
temperature,2011,37.19
temperature,2011,37.16
temperature,2011,37.13
temperature,2011,37.1
temperature,2011,37.07
temperature,2011,37.05
temperature,2011,37.02
temperature,2011,36.99
temperature,2011,36.96
temperature,2011,36.93
temperature,2011,36.9
temperature,2011,36.88
temperature,2011,36.85
temperature,2011,36.82
temperature,2011,36.79
temperature,2011,36.76
temperature,2011,36.73
temperature,2011,36.71
temperature,2011,36.68
temperature,2011,36.65
temperature,2011,36.62
temperature,2011,36.59
temperature,2011,36.56
temperature,2011,36.53
temperature,2011,36.51
temperature,2011,36.48
temperature,2011,36.45
temperature,2011,36.42
temperature,2011,36.39
temperature,2011,36.36
temperature,2011,36.34
temperature,2011,36.31
temperature,2011,36.28
temperature,2011,36.25
temperature,2011,36.22
temperature,2011,36.19
temperature,2011,36.17
temperature,2011,36.14
temperature,2011,36.11
temperature,2011,36.08
temperature,2011,36.05
temperature,2011,36.02
temperature,2011,35.99
temperature,2011,35.97
temperature,2011,35.94
temperature,2011,35.91
temperature,2011,35.88
temperature,2011,35.85
temperature,2011,35.82
temperature,2011,35.8
temperature,2011,35.77
temperature,2011,35.74
temperature,2011,34.86
temperature,2011,34.83
temperature,2011,34.8
temperature,2011,34.77
temperature,2011,29.89
temperature,2011,29.86
temperature,2011,29.83
temperature,2011,29.8
temperature,2011,40.09
temperature,2011,40.06
temperature,2011,40.03
temperature,2011,40
temperature,2011,39.97
temperature,2011,39.94
temperature,2011,39.92
temperature,2011,39.89
temperature,2011,39.86
temperature,2011,39.83
temperature,2011,39.8
temperature,2011,39.77
temperature,2011,39.74
temperature,2011,39.72
temperature,2011,39.69
temperature,2011,39.66
temperature,2011,39.63
temperature,2011,39.6
temperature,2011,39.57
temperature,2011,39.55
temperature,2011,39.52
temperature,2011,39.49
temperature,2011,39.46
temperature,2011,39.43
temperature,2011,39.4
temperature,2011,39.38
temperature,2011,39.35
temperature,2011,39.32
temperature,2011,39.29
temperature,2011,39.26
temperature,2011,39.23
temperature,2011,39.2
temperature,2011,39.18
temperature,2011,39.15
temperature,2011,39.12
temperature,2011,39.09
temperature,2011,39.06
temperature,2011,39.03
temperature,2011,39.01
temperature,2011,38.98
temperature,2011,38.95
temperature,2011,38.92
temperature,2011,38.89
temperature,2011,38.86
temperature,2011,38.84
temperature,2011,38.81
temperature,2011,38.78
temperature,2011,38.75
temperature,2011,38.72
temperature,2011,38.69
temperature,2011,38.67
temperature,2011,38.64
temperature,2011,38.61
temperature,2011,38.58
temperature,2011,38.55
temperature,2011,38.52
temperature,2011,38.49
temperature,2011,38.47
temperature,2011,38.44
temperature,2011,38.41
temperature,2011,38.38
temperature,2011,38.35
temperature,2011,38.32
temperature,2011,38.3
temperature,2011,38.27
temperature,2011,38.24
temperature,2011,38.21
temperature,2011,38.18
temperature,2011,38.15
temperature,2011,38.13
temperature,2011,38.1
temperature,2011,38.07
temperature,2011,38.04
temperature,2011,38.01
temperature,2011,37.98
temperature,2011,37.95
temperature,2011,37.93
temperature,2011,37.9
temperature,2011,37.87
temperature,2011,37.84
temperature,2011,37.81
temperature,2011,37.78
temperature,2011,37.76
temperature,2011,37.73
temperature,2011,37.7
temperature,2011,37.67
temperature,2011,37.64
temperature,2011,37.61
temperature,2011,37.59
temperature,2011,37.56
temperature,2011,37.53
temperature,2011,37.5
temperature,2011,37.47
temperature,2011,37.44
temperature,2011,37.42
temperature,2011,37.39
temperature,2011,37.36
temperature,2011,37.33
temperature,2011,37.3
temperature,2011,37.27
temperature,2011,37.24
temperature,2011,37.22
temperature,2011,37.19
temperature,2011,37.16
temperature,2011,37.13
temperature,2011,37.1
temperature,2011,37.07
temperature,2011,37.05
temperature,2011,37.02
temperature,2011,36.99
temperature,2011,36.96
temperature,2011,36.93
temperature,2011,36.9
temperature,2011,36.88
temperature,2011,36.85
temperature,2011,36.82
temperature,2011,36.79
temperature,2011,36.76
temperature,2011,36.73
temperature,2011,36.71
temperature,2011,36.68
temperature,2011,36.65
temperature,2011,36.62
temperature,2011,36.59
temperature,2011,36.56
temperature,2011,36.53
temperature,2011,34.86
temperature,2011,34.83
temperature,2011,34.8
temperature,2011,34.77
temperature,2011,29.89
temperature,2011,29.86
temperature,2011,29.83
temperature,2011,29.8
temperature,2011,40.09
temperature,2011,40.06
temperature,2011,40.03
temperature,2011,40
temperature,2011,39.97
temperature,2011,39.94
temperature,2011,39.92
temperature,2011,39.89
temperature,2011,39.86
temperature,2011,39.83
temperature,2011,39.8
temperature,2011,39.77
temperature,2011,39.74
temperature,2011,39.72
temperature,2011,39.69
temperature,2011,39.66
temperature,2011,39.63
temperature,2011,39.6
temperature,2011,39.57
temperature,2011,39.55
temperature,2011,39.52
temperature,2011,39.49
temperature,2011,39.46
temperature,2011,39.43
temperature,2011,39.4
temperature,2011,39.38
temperature,2011,39.35
temperature,2011,39.32
temperature,2011,39.29
temperature,2011,39.26
temperature,2011,39.23
temperature,2011,39.2
temperature,2011,39.18
temperature,2011,39.15
temperature,2011,39.12
temperature,2011,39.09
temperature,2011,39.06
temperature,2011,39.03
temperature,2011,39.01
temperature,2011,38.98
temperature,2011,38.95
temperature,2011,38.92
temperature,2011,38.89
temperature,2011,38.86
temperature,2011,38.84
temperature,2011,38.81
temperature,2011,38.78
temperature,2011,38.75
temperature,2011,38.72
temperature,2011,38.69
temperature,2011,38.67
temperature,2011,38.64
temperature,2011,38.61
temperature,2011,38.58
temperature,2011,38.55
temperature,2011,38.52
temperature,2011,38.49
temperature,2011,38.47
temperature,2011,38.44
temperature,2011,38.41
temperature,2011,38.38
temperature,2011,38.35
temperature,2011,38.32
temperature,2011,38.3
temperature,2011,38.27
temperature,2011,38.24
temperature,2011,38.21
temperature,2011,38.18
temperature,2011,38.15
temperature,2011,38.13
temperature,2011,38.1
temperature,2011,38.07
temperature,2011,38.04
temperature,2011,38.01
temperature,2011,37.98
temperature,2011,37.95
temperature,2011,37.93
temperature,2011,37.9
temperature,2011,37.87
temperature,2011,37.84
temperature,2011,37.81
temperature,2011,37.78
temperature,2011,37.76
temperature,2011,37.73
temperature,2011,37.7
temperature,2011,37.67
temperature,2011,37.64
temperature,2011,37.61
temperature,2011,37.59
temperature,2011,37.56
temperature,2011,37.53
temperature,2011,37.5
temperature,2011,37.47
temperature,2011,37.44
temperature,2011,37.42
temperature,2011,37.39
temperature,2011,37.36
temperature,2011,37.33
temperature,2011,34.86
temperature,2011,34.83
temperature,2011,34.8
temperature,2011,34.77
temperature,2011,29.89
temperature,2011,29.86
temperature,2011,29.83
temperature,2011,29.8
temperature,2011,40.06
temperature,2011,40.03
temperature,2011,40
temperature,2011,39.97
temperature,2011,39.94
temperature,2011,39.92
temperature,2011,39.89
temperature,2011,39.86
temperature,2011,39.83
temperature,2011,39.8
temperature,2011,39.77
temperature,2011,39.74
temperature,2011,39.72
temperature,2011,39.69
temperature,2011,39.66
temperature,2011,39.63
temperature,2011,39.6
temperature,2011,39.57
temperature,2011,39.55
temperature,2011,39.52
temperature,2011,39.49
temperature,2011,39.46
temperature,2011,39.43
temperature,2011,39.4
temperature,2011,39.38
temperature,2011,39.35
temperature,2011,39.32
temperature,2011,39.29
temperature,2011,39.26
temperature,2011,39.23
temperature,2011,39.2
temperature,2011,39.18
temperature,2011,39.15
temperature,2011,39.12
temperature,2011,39.09
temperature,2011,39.06
temperature,2011,39.03
temperature,2011,39.01
temperature,2011,38.98
temperature,2011,38.95
temperature,2011,38.92
temperature,2011,38.89
temperature,2011,38.86
temperature,2011,38.84
temperature,2011,38.81
temperature,2011,38.78
temperature,2011,38.75
temperature,2011,38.72
temperature,2011,38.69
temperature,2011,38.67
temperature,2011,38.64
temperature,2011,38.61
temperature,2011,38.58
temperature,2011,38.55
temperature,2011,38.52
temperature,2011,38.49
temperature,2011,38.47
temperature,2011,38.44
temperature,2011,38.41
temperature,2011,38.38
temperature,2011,38.35
temperature,2011,38.32
temperature,2011,38.3
temperature,2011,38.27
temperature,2011,38.24
temperature,2011,38.21
temperature,2011,38.18
temperature,2011,38.15
temperature,2011,34.86
temperature,2011,34.83
temperature,2011,34.8
temperature,2011,34.77
temperature,2011,29.89
temperature,2011,29.86
temperature,2011,29.83
temperature,2011,29.8
temperature,2011,40.03
temperature,2011,40
temperature,2011,39.97
temperature,2011,39.94
temperature,2011,39.92
temperature,2011,39.89
temperature,2011,39.86
temperature,2011,39.83
temperature,2011,39.8
temperature,2011,39.77
temperature,2011,39.74
temperature,2011,39.72
temperature,2011,39.69
temperature,2011,39.66
temperature,2011,39.63
temperature,2011,39.6
temperature,2011,39.57
temperature,2011,39.55
temperature,2011,39.52
temperature,2011,39.49
temperature,2011,39.46
temperature,2011,39.43
temperature,2011,39.4
temperature,2011,39.38
temperature,2011,39.35
temperature,2011,39.32
temperature,2011,39.29
temperature,2011,39.26
temperature,2011,39.23
temperature,2011,39.2
temperature,2011,39.18
temperature,2011,39.15
temperature,2011,39.12
temperature,2011,39.09
temperature,2011,39.06
temperature,2011,39.03
temperature,2011,39.01
temperature,2011,38.98
temperature,2011,38.95
temperature,2011,34.86
temperature,2011,34.83
temperature,2011,34.8
temperature,2011,34.77
temperature,2011,29.89
temperature,2011,29.86
temperature,2011,29.83
temperature,2011,29.8
temperature,2011,40
temperature,2011,39.97
temperature,2011,39.94
temperature,2011,39.92
temperature,2011,39.89
temperature,2011,39.86
temperature,2011,39.83
temperature,2011,39.8
temperature,2011,39.77
temperature,2011,39.74
temperature,2011,39.72
temperature,2011,39.69
temperature,2011,39.66
temperature,2011,39.63
temperature,2011,39.6
temperature,2011,39.57
temperature,2011,39.55
temperature,2011,39.52
temperature,2011,39.49
temperature,2011,39.46
temperature,2011,39.43
temperature,2011,39.4
temperature,2011,39.38
temperature,2011,39.35
temperature,2011,39.32
temperature,2011,39.29
temperature,2011,39.26
temperature,2011,39.23
temperature,2011,39.2
temperature,2011,39.18
temperature,2011,39.15
temperature,2011,39.12
temperature,2011,39.09
temperature,2011,39.06
temperature,2011,39.03
temperature,2011,39.01
temperature,2011,38.98
temperature,2011,38.95
temperature,2011,38.92
temperature,2011,38.89
temperature,2011,38.86
temperature,2011,34.86
temperature,2011,34.83
temperature,2011,34.8
temperature,2011,34.77
temperature,2011,29.89
temperature,2011,29.86
temperature,2011,29.83
temperature,2011,29.8
temperature,2011,39.97
temperature,2011,39.94
temperature,2011,39.92
temperature,2011,39.89
temperature,2011,39.86
temperature,2011,39.83
temperature,2011,39.8
temperature,2011,39.77
temperature,2011,39.74
temperature,2011,39.72
temperature,2011,39.69
temperature,2011,39.66
temperature,2011,39.63
temperature,2011,39.6
temperature,2011,39.57
temperature,2011,39.55
temperature,2011,39.52
temperature,2011,39.49
temperature,2011,39.46
temperature,2011,39.43
temperature,2011,39.4
temperature,2011,39.38
temperature,2011,39.35
temperature,2011,39.32
temperature,2011,39.29
temperature,2011,39.26
temperature,2011,39.23
temperature,2011,39.2
temperature,2011,39.18
temperature,2011,39.15
temperature,2011,39.12
temperature,2011,39.09
temperature,2011,39.06
temperature,2011,39.03
temperature,2011,39.01
temperature,2011,38.98
temperature,2011,38.95
temperature,2011,38.92
temperature,2011,38.89
temperature,2011,38.86
temperature,2011,38.84
temperature,2011,38.81
temperature,2011,38.78
temperature,2011,38.75
temperature,2011,34.86
temperature,2011,34.83
temperature,2011,34.8
temperature,2011,34.77
temperature,2011,29.89
temperature,2011,29.86
temperature,2011,29.83
temperature,2011,29.8
temperature,2011,39.97
temperature,2011,39.94
temperature,2011,39.92
temperature,2011,39.89
temperature,2011,39.77
temperature,2011,39.74
temperature,2011,39.72
temperature,2011,39.69
temperature,2011,39.66
temperature,2011,39.63
temperature,2011,39.6
temperature,2011,39.57
temperature,2011,39.55
temperature,2011,39.52
temperature,2011,39.49
temperature,2011,39.46
temperature,2011,39.43
temperature,2011,39.4
temperature,2011,39.38
temperature,2011,39.35
temperature,2011,39.32
temperature,2011,39.29
temperature,2011,39.26
temperature,2011,39.23
temperature,2011,39.2
temperature,2011,39.18
temperature,2011,39.15
temperature,2011,39.12
temperature,2011,39.09
temperature,2011,39.06
temperature,2011,39.03
temperature,2011,39.01
temperature,2011,38.98
temperature,2011,38.95
temperature,2011,38.92
temperature,2011,38.89
temperature,2011,38.86
temperature,2011,38.84
temperature,2011,38.81
temperature,2011,38.78
temperature,2011,38.75
temperature,2011,38.72
temperature,2011,38.69
temperature,2011,38.67
temperature,2011,38.64
temperature,2011,34.86
temperature,2011,34.83
temperature,2011,34.8
temperature,2011,34.77
temperature,2011,29.89
temperature,2011,29.86
temperature,2011,29.83
temperature,2011,29.8
temperature,2011,39.97
temperature,2011,39.94
temperature,2011,39.92
temperature,2011,39.89
temperature,2011,39.63
temperature,2011,39.6
temperature,2011,39.57
temperature,2011,39.55
temperature,2011,39.52
temperature,2011,39.49
temperature,2011,39.46
temperature,2011,39.43
temperature,2011,39.4
temperature,2011,39.38
temperature,2011,39.35
temperature,2011,39.32
temperature,2011,39.29
temperature,2011,39.26
temperature,2011,39.23
temperature,2011,39.2
temperature,2011,39.18
temperature,2011,39.15
temperature,2011,39.12
temperature,2011,39.09
temperature,2011,39.06
temperature,2011,39.03
temperature,2011,39.01
temperature,2011,38.98
temperature,2011,38.95
temperature,2011,38.92
temperature,2011,38.89
temperature,2011,38.86
temperature,2011,38.84
temperature,2011,38.81
temperature,2011,38.78
temperature,2011,38.75
temperature,2011,38.72
temperature,2011,38.69
temperature,2011,38.67
temperature,2011,38.64
temperature,2011,38.61
temperature,2011,38.58
temperature,2011,38.55
temperature,2011,38.52
temperature,2011,34.86
temperature,2011,34.83
temperature,2011,34.8
temperature,2011,34.77
temperature,2011,29.89
temperature,2011,29.86
temperature,2011,29.83
temperature,2011,29.8
temperature,2011,39.97
temperature,2011,39.94
temperature,2011,39.92
temperature,2011,39.89
temperature,2011,39.52
temperature,2011,39.49
temperature,2011,39.46
temperature,2011,39.43
temperature,2011,39.4
temperature,2011,39.38
temperature,2011,39.35
temperature,2011,39.32
temperature,2011,39.29
temperature,2011,39.26
temperature,2011,39.23
temperature,2011,39.2
temperature,2011,39.18
temperature,2011,39.15
temperature,2011,39.12
temperature,2011,39.09
temperature,2011,39.06
temperature,2011,39.03
temperature,2011,39.01
temperature,2011,38.98
temperature,2011,38.95
temperature,2011,38.92
temperature,2011,38.89
temperature,2011,38.86
temperature,2011,38.84
temperature,2011,38.81
temperature,2011,38.78
temperature,2011,38.75
temperature,2011,38.72
temperature,2011,38.69
temperature,2011,38.67
temperature,2011,38.64
temperature,2011,38.61
temperature,2011,38.58
temperature,2011,38.55
temperature,2011,38.52
temperature,2011,38.49
temperature,2011,38.47
temperature,2011,38.44
temperature,2011,38.41
temperature,2011,34.86
temperature,2011,34.83
temperature,2011,34.8
temperature,2011,34.77
temperature,2011,29.89
temperature,2011,29.86
temperature,2011,29.83
temperature,2011,29.8
temperature,2011,39.97
temperature,2011,39.94
temperature,2011,39.92
temperature,2011,39.89
temperature,2011,39.4
temperature,2011,39.38
temperature,2011,39.35
temperature,2011,39.32
temperature,2011,39.29
temperature,2011,39.26
temperature,2011,39.23
temperature,2011,39.2
temperature,2011,39.18
temperature,2011,39.15
temperature,2011,39.12
temperature,2011,39.09
temperature,2011,39.06
temperature,2011,39.03
temperature,2011,39.01
temperature,2011,38.98
temperature,2011,38.95
temperature,2011,38.92
temperature,2011,38.89
temperature,2011,38.86
temperature,2011,38.84
temperature,2011,38.81
temperature,2011,38.78
temperature,2011,38.75
temperature,2011,38.72
temperature,2011,38.69
temperature,2011,38.67
temperature,2011,38.64
temperature,2011,38.61
temperature,2011,38.58
temperature,2011,38.55
temperature,2011,38.52
temperature,2011,38.49
temperature,2011,38.47
temperature,2011,38.44
temperature,2011,38.41
temperature,2011,38.38
temperature,2011,38.35
temperature,2011,38.32
temperature,2011,34.86
temperature,2011,34.83
temperature,2011,34.8
temperature,2011,34.77
temperature,2011,29.89
temperature,2011,29.86
temperature,2011,29.83
temperature,2011,29.8
temperature,2011,39.97
temperature,2011,39.94
temperature,2011,39.92
temperature,2011,39.89
temperature,2011,39.29
temperature,2011,39.26
temperature,2011,39.23
temperature,2011,39.2
temperature,2011,39.18
temperature,2011,39.15
temperature,2011,39.12
temperature,2011,39.09
temperature,2011,39.06
temperature,2011,39.03
temperature,2011,39.01
temperature,2011,38.98
temperature,2011,38.95
temperature,2011,38.92
temperature,2011,38.89
temperature,2011,38.86
temperature,2011,38.84
temperature,2011,38.81
temperature,2011,38.78
temperature,2011,38.75
temperature,2011,38.72
temperature,2011,38.69
temperature,2011,38.67
temperature,2011,38.64
temperature,2011,38.61
temperature,2011,38.58
temperature,2011,38.55
temperature,2011,38.52
temperature,2011,38.49
temperature,2011,38.47
temperature,2011,38.44
temperature,2011,38.41
temperature,2011,38.38
temperature,2011,38.35
temperature,2011,38.32
temperature,2011,38.3
temperature,2011,34.86
temperature,2011,34.83
temperature,2011,34.8
temperature,2011,34.77
temperature,2011,29.89
temperature,2011,29.86
temperature,2011,29.83
temperature,2011,29.8
temperature,2011,39.97
temperature,2011,39.94
temperature,2011,39.92
temperature,2011,39.89
temperature,2011,39.18
temperature,2011,39.15
temperature,2011,39.12
temperature,2011,39.09
temperature,2011,39.06
temperature,2011,39.03
temperature,2011,39.01
temperature,2011,38.98
temperature,2011,38.95
temperature,2011,38.92
temperature,2011,38.89
temperature,2011,38.86
temperature,2011,38.84
temperature,2011,38.81
temperature,2011,38.78
temperature,2011,38.75
temperature,2011,38.72
temperature,2011,38.69
temperature,2011,38.67
temperature,2011,38.64
temperature,2011,38.61
temperature,2011,38.58
temperature,2011,38.55
temperature,2011,38.52
temperature,2011,38.49
temperature,2011,38.47
temperature,2011,38.44
temperature,2011,38.41
temperature,2011,38.38
temperature,2011,38.35
temperature,2011,38.32
temperature,2011,38.3
temperature,2011,38.27
temperature,2011,34.86
temperature,2011,34.83
temperature,2011,34.8
temperature,2011,34.77
temperature,2011,29.89
temperature,2011,29.86
temperature,2011,29.83
temperature,2011,29.8
temperature,2011,39.97
temperature,2011,39.94
temperature,2011,39.92
temperature,2011,39.89
temperature,2011,39.06
temperature,2011,39.03
temperature,2011,39.01
temperature,2011,38.98
temperature,2011,38.95
temperature,2011,38.92
temperature,2011,38.89
temperature,2011,38.86
temperature,2011,38.84
temperature,2011,38.81
temperature,2011,38.78
temperature,2011,38.75
temperature,2011,38.72
temperature,2011,38.69
temperature,2011,38.67
temperature,2011,38.64
temperature,2011,38.61
temperature,2011,38.58
temperature,2011,38.55
temperature,2011,38.52
temperature,2011,38.49
temperature,2011,38.47
temperature,2011,38.44
temperature,2011,38.41
temperature,2011,38.38
temperature,2011,38.35
temperature,2011,38.32
temperature,2011,38.3
temperature,2011,38.27
temperature,2011,34.86
temperature,2011,34.83
temperature,2011,34.8
temperature,2011,34.77
temperature,2011,39.97
temperature,2011,39.94
temperature,2011,39.92
temperature,2011,39.89
temperature,2011,38.95
temperature,2011,38.92
temperature,2011,38.89
temperature,2011,38.86
temperature,2011,38.84
temperature,2011,38.81
temperature,2011,38.78
temperature,2011,38.75
temperature,2011,38.72
temperature,2011,38.69
temperature,2011,38.67
temperature,2011,38.64
temperature,2011,38.61
temperature,2011,38.58
temperature,2011,38.55
temperature,2011,38.52
temperature,2011,38.49
temperature,2011,38.47
temperature,2011,38.44
temperature,2011,38.41
temperature,2011,38.38
temperature,2011,38.35
temperature,2011,38.32
temperature,2011,38.3
temperature,2011,38.27
temperature,2011,34.86
temperature,2011,34.83
temperature,2011,34.8
temperature,2011,34.77
temperature,2011,39.97
temperature,2011,39.94
temperature,2011,39.92
temperature,2011,39.89
temperature,2011,38.84
temperature,2011,38.81
temperature,2011,38.78
temperature,2011,38.75
temperature,2011,38.72
temperature,2011,38.69
temperature,2011,38.67
temperature,2011,38.64
temperature,2011,38.61
temperature,2011,38.58
temperature,2011,38.55
temperature,2011,38.52
temperature,2011,38.49
temperature,2011,38.47
temperature,2011,38.44
temperature,2011,38.41
temperature,2011,38.38
temperature,2011,38.35
temperature,2011,38.32
temperature,2011,38.3
temperature,2011,38.27
temperature,2011,34.86
temperature,2011,34.83
temperature,2011,34.8
temperature,2011,34.77
temperature,2011,39.97
temperature,2011,39.94
temperature,2011,39.92
temperature,2011,39.89
temperature,2011,38.69
temperature,2011,38.67
temperature,2011,38.64
temperature,2011,38.61
temperature,2011,38.58
temperature,2011,38.55
temperature,2011,38.52
temperature,2011,38.49
temperature,2011,38.47
temperature,2011,38.44
temperature,2011,38.41
temperature,2011,38.38
temperature,2011,38.35
temperature,2011,38.32
temperature,2011,38.3
temperature,2011,38.27
temperature,2011,34.86
temperature,2011,34.83
temperature,2011,34.8
temperature,2011,34.77
temperature,2011,39.97
temperature,2011,39.94
temperature,2011,39.92
temperature,2011,39.89
temperature,2011,38.61
temperature,2011,38.58
temperature,2011,38.55
temperature,2011,38.52
temperature,2011,38.49
temperature,2011,38.47
temperature,2011,38.44
temperature,2011,38.41
temperature,2011,38.38
temperature,2011,38.35
temperature,2011,38.32
temperature,2011,38.3
temperature,2011,34.86
temperature,2011,34.83
temperature,2011,34.8
temperature,2011,34.77
temperature,2011,39.97
temperature,2011,39.94
temperature,2011,39.92
temperature,2011,39.89
temperature,2011,38.61
temperature,2011,38.58
temperature,2011,38.55
temperature,2011,38.52
temperature,2011,38.49
temperature,2011,38.47
temperature,2011,38.44
temperature,2011,38.41
temperature,2011,38.38
temperature,2011,38.35
temperature,2011,38.32
temperature,2011,38.3
temperature,2011,34.86
temperature,2011,34.83
temperature,2011,34.8
temperature,2011,34.77
temperature,2011,39.97
temperature,2011,39.94
temperature,2011,39.92
temperature,2011,39.89
temperature,2011,38.64
temperature,2011,38.61
temperature,2011,38.58
temperature,2011,38.55
temperature,2011,38.52
temperature,2011,38.49
temperature,2011,38.47
temperature,2011,38.44
temperature,2011,38.41
temperature,2011,38.38
temperature,2011,38.35
temperature,2011,38.32
temperature,2011,34.86
temperature,2011,34.83
temperature,2011,34.8
temperature,2011,34.77
temperature,2011,39.97
temperature,2011,39.94
temperature,2011,39.92
temperature,2011,39.89
temperature,2011,38.67
temperature,2011,38.64
temperature,2011,38.61
temperature,2011,38.58
temperature,2011,38.55
temperature,2011,38.52
temperature,2011,38.49
temperature,2011,38.47
temperature,2011,38.44
temperature,2011,38.41
temperature,2011,38.38
temperature,2011,38.35
temperature,2011,34.86
temperature,2011,34.83
temperature,2011,34.8
temperature,2011,34.77
temperature,2011,39.97
temperature,2011,39.94
temperature,2011,39.92
temperature,2011,39.89
temperature,2011,38.67
temperature,2011,38.64
temperature,2011,38.61
temperature,2011,38.58
temperature,2011,38.55
temperature,2011,38.52
temperature,2011,38.49
temperature,2011,38.47
temperature,2011,38.44
temperature,2011,38.41
temperature,2011,38.38
temperature,2011,34.86
temperature,2011,34.83
temperature,2011,34.8
temperature,2011,34.77
temperature,2011,39.97
temperature,2011,39.94
temperature,2011,39.92
temperature,2011,39.89
temperature,2011,38.69
temperature,2011,38.67
temperature,2011,38.64
temperature,2011,38.61
temperature,2011,38.58
temperature,2011,38.55
temperature,2011,38.52
temperature,2011,38.49
temperature,2011,38.47
temperature,2011,38.44
temperature,2011,38.41
temperature,2011,38.38
temperature,2011,34.86
temperature,2011,34.83
temperature,2011,34.8
temperature,2011,34.77
temperature,2011,39.97
temperature,2011,39.94
temperature,2011,39.92
temperature,2011,39.89
temperature,2011,38.72
temperature,2011,38.69
temperature,2011,38.67
temperature,2011,38.64
temperature,2011,38.61
temperature,2011,38.58
temperature,2011,38.55
temperature,2011,38.52
temperature,2011,38.49
temperature,2011,38.47
temperature,2011,38.44
temperature,2011,38.41
temperature,2011,34.86
temperature,2011,34.83
temperature,2011,34.8
temperature,2011,34.77
temperature,2011,39.97
temperature,2011,39.94
temperature,2011,39.92
temperature,2011,39.89
temperature,2011,38.81
temperature,2011,38.78
temperature,2011,38.75
temperature,2011,38.72
temperature,2011,38.69
temperature,2011,38.67
temperature,2011,38.64
temperature,2011,38.61
temperature,2011,38.58
temperature,2011,38.55
temperature,2011,38.52
temperature,2011,38.49
temperature,2011,38.47
temperature,2011,38.44
temperature,2011,39.97
temperature,2011,39.94
temperature,2011,39.92
temperature,2011,39.89
temperature,2011,38.92
temperature,2011,38.89
temperature,2011,38.86
temperature,2011,38.84
temperature,2011,38.81
temperature,2011,38.78
temperature,2011,38.75
temperature,2011,38.72
temperature,2011,38.69
temperature,2011,38.67
temperature,2011,38.64
temperature,2011,38.61
temperature,2011,38.58
temperature,2011,38.55
temperature,2011,38.52
temperature,2011,38.49
temperature,2011,38.47
temperature,2011,39.97
temperature,2011,39.94
temperature,2011,39.92
temperature,2011,39.89
temperature,2011,39.01
temperature,2011,38.98
temperature,2011,38.95
temperature,2011,38.92
temperature,2011,38.89
temperature,2011,38.86
temperature,2011,38.84
temperature,2011,38.81
temperature,2011,38.78
temperature,2011,38.75
temperature,2011,38.72
temperature,2011,38.69
temperature,2011,38.67
temperature,2011,38.64
temperature,2011,38.61
temperature,2011,38.58
temperature,2011,38.55
temperature,2011,38.52
temperature,2011,38.49
temperature,2011,38.47
temperature,2011,39.97
temperature,2011,39.94
temperature,2011,39.92
temperature,2011,39.89
temperature,2011,39.12
temperature,2011,39.09
temperature,2011,39.06
temperature,2011,39.03
temperature,2011,39.01
temperature,2011,38.98
temperature,2011,38.95
temperature,2011,38.92
temperature,2011,38.89
temperature,2011,38.86
temperature,2011,38.84
temperature,2011,38.81
temperature,2011,38.78
temperature,2011,38.75
temperature,2011,38.72
temperature,2011,38.69
temperature,2011,38.67
temperature,2011,38.64
temperature,2011,38.61
temperature,2011,38.58
temperature,2011,38.55
temperature,2011,38.52
temperature,2011,38.49
temperature,2011,39.97
temperature,2011,39.94
temperature,2011,39.92
temperature,2011,39.89
temperature,2011,39.2
temperature,2011,39.18
temperature,2011,39.15
temperature,2011,39.12
temperature,2011,39.09
temperature,2011,39.06
temperature,2011,39.03
temperature,2011,39.01
temperature,2011,38.98
temperature,2011,38.95
temperature,2011,38.92
temperature,2011,38.89
temperature,2011,38.86
temperature,2011,38.84
temperature,2011,38.81
temperature,2011,38.78
temperature,2011,38.75
temperature,2011,38.72
temperature,2011,38.69
temperature,2011,38.67
temperature,2011,38.64
temperature,2011,38.61
temperature,2011,38.58
temperature,2011,38.55
temperature,2011,38.52
temperature,2011,39.97
temperature,2011,39.94
temperature,2011,39.92
temperature,2011,39.89
temperature,2011,39.32
temperature,2011,39.29
temperature,2011,39.26
temperature,2011,39.23
temperature,2011,39.2
temperature,2011,39.18
temperature,2011,39.15
temperature,2011,39.12
temperature,2011,39.09
temperature,2011,39.06
temperature,2011,39.03
temperature,2011,39.01
temperature,2011,38.98
temperature,2011,38.95
temperature,2011,38.92
temperature,2011,38.89
temperature,2011,38.86
temperature,2011,38.84
temperature,2011,38.81
temperature,2011,38.78
temperature,2011,38.75
temperature,2011,38.72
temperature,2011,38.69
temperature,2011,38.67
temperature,2011,38.64
temperature,2011,38.61
temperature,2011,38.58
temperature,2011,38.55
temperature,2011,39.97
temperature,2011,39.94
temperature,2011,39.92
temperature,2011,39.89
temperature,2011,39.4
temperature,2011,39.38
temperature,2011,39.35
temperature,2011,39.32
temperature,2011,39.29
temperature,2011,39.26
temperature,2011,39.23
temperature,2011,39.2
temperature,2011,39.18
temperature,2011,39.15
temperature,2011,39.12
temperature,2011,39.09
temperature,2011,39.06
temperature,2011,39.03
temperature,2011,39.01
temperature,2011,38.98
temperature,2011,38.95
temperature,2011,38.92
temperature,2011,38.89
temperature,2011,38.86
temperature,2011,38.84
temperature,2011,38.81
temperature,2011,38.78
temperature,2011,38.75
temperature,2011,38.72
temperature,2011,38.69
temperature,2011,38.67
temperature,2011,38.64
temperature,2011,38.61
temperature,2011,38.58
temperature,2011,38.55
temperature,2011,39.97
temperature,2011,39.94
temperature,2011,39.92
temperature,2011,39.89
temperature,2011,39.49
temperature,2011,39.46
temperature,2011,39.43
temperature,2011,39.4
temperature,2011,39.38
temperature,2011,39.35
temperature,2011,39.32
temperature,2011,39.29
temperature,2011,39.26
temperature,2011,39.23
temperature,2011,39.2
temperature,2011,39.18
temperature,2011,39.15
temperature,2011,39.12
temperature,2011,39.09
temperature,2011,39.06
temperature,2011,39.03
temperature,2011,39.01
temperature,2011,38.98
temperature,2011,38.95
temperature,2011,38.92
temperature,2011,38.89
temperature,2011,38.86
temperature,2011,38.84
temperature,2011,38.81
temperature,2011,38.78
temperature,2011,38.75
temperature,2011,38.72
temperature,2011,38.69
temperature,2011,38.67
temperature,2011,38.64
temperature,2011,38.61
temperature,2011,38.58
temperature,2011,39.97
temperature,2011,39.94
temperature,2011,39.92
temperature,2011,39.89
temperature,2011,39.6
temperature,2011,39.57
temperature,2011,39.55
temperature,2011,39.52
temperature,2011,39.49
temperature,2011,39.46
temperature,2011,39.43
temperature,2011,39.4
temperature,2011,39.38
temperature,2011,39.35
temperature,2011,39.32
temperature,2011,39.29
temperature,2011,39.26
temperature,2011,39.23
temperature,2011,39.2
temperature,2011,39.18
temperature,2011,39.15
temperature,2011,39.12
temperature,2011,39.09
temperature,2011,39.06
temperature,2011,39.03
temperature,2011,39.01
temperature,2011,38.98
temperature,2011,38.95
temperature,2011,38.92
temperature,2011,38.89
temperature,2011,38.86
temperature,2011,38.84
temperature,2011,38.81
temperature,2011,38.78
temperature,2011,38.75
temperature,2011,38.72
temperature,2011,38.69
temperature,2011,38.67
temperature,2011,39.97
temperature,2011,39.94
temperature,2011,39.92
temperature,2011,39.89
temperature,2011,39.69
temperature,2011,39.66
temperature,2011,39.63
temperature,2011,39.6
temperature,2011,39.57
temperature,2011,39.55
temperature,2011,39.52
temperature,2011,39.49
temperature,2011,39.46
temperature,2011,39.43
temperature,2011,39.4
temperature,2011,39.38
temperature,2011,39.35
temperature,2011,39.32
temperature,2011,39.29
temperature,2011,39.26
temperature,2011,39.23
temperature,2011,39.2
temperature,2011,39.18
temperature,2011,39.15
temperature,2011,39.12
temperature,2011,39.09
temperature,2011,39.06
temperature,2011,39.03
temperature,2011,39.01
temperature,2011,38.98
temperature,2011,38.95
temperature,2011,38.92
temperature,2011,38.89
temperature,2011,38.86
temperature,2011,38.84
temperature,2011,38.81
temperature,2011,38.78
temperature,2011,38.75
temperature,2011,39.97
temperature,2011,39.94
temperature,2011,39.92
temperature,2011,39.89
temperature,2011,39.8
temperature,2011,39.77
temperature,2011,39.74
temperature,2011,39.72
temperature,2011,39.69
temperature,2011,39.66
temperature,2011,39.63
temperature,2011,39.6
temperature,2011,39.57
temperature,2011,39.55
temperature,2011,39.52
temperature,2011,39.49
temperature,2011,39.46
temperature,2011,39.43
temperature,2011,39.4
temperature,2011,39.38
temperature,2011,39.35
temperature,2011,39.32
temperature,2011,39.29
temperature,2011,39.26
temperature,2011,39.23
temperature,2011,39.2
temperature,2011,39.18
temperature,2011,39.15
temperature,2011,39.12
temperature,2011,39.09
temperature,2011,39.06
temperature,2011,39.03
temperature,2011,39.01
temperature,2011,38.98
temperature,2011,38.95
temperature,2011,38.92
temperature,2011,38.89
temperature,2011,38.86
temperature,2011,39.97
temperature,2011,39.94
temperature,2011,39.92
temperature,2011,39.89
temperature,2011,39.86
temperature,2011,39.83
temperature,2011,39.8
temperature,2011,39.77
temperature,2011,39.74
temperature,2011,39.72
temperature,2011,39.69
temperature,2011,39.66
temperature,2011,39.63
temperature,2011,39.6
temperature,2011,39.57
temperature,2011,39.55
temperature,2011,39.52
temperature,2011,39.49
temperature,2011,39.46
temperature,2011,39.43
temperature,2011,39.4
temperature,2011,39.38
temperature,2011,39.35
temperature,2011,39.32
temperature,2011,39.29
temperature,2011,39.26
temperature,2011,39.23
temperature,2011,39.2
temperature,2011,39.18
temperature,2011,39.15
temperature,2011,39.12
temperature,2011,39.09
temperature,2011,39.06
temperature,2011,39.03
temperature,2011,39.01
temperature,2011,38.98
temperature,2011,38.95
temperature,2011,40
temperature,2011,39.97
temperature,2011,39.94
temperature,2011,39.92
temperature,2011,39.89
temperature,2011,39.86
temperature,2011,39.83
temperature,2011,39.8
temperature,2011,39.77
temperature,2011,39.74
temperature,2011,39.72
temperature,2011,39.69
temperature,2011,39.66
temperature,2011,39.63
temperature,2011,39.6
temperature,2011,39.57
temperature,2011,39.55
temperature,2011,39.52
temperature,2011,39.49
temperature,2011,39.46
temperature,2011,39.43
temperature,2011,39.4
temperature,2011,39.38
temperature,2011,39.35
temperature,2011,39.32
temperature,2011,39.29
temperature,2011,39.26
temperature,2011,39.23
temperature,2011,39.2
temperature,2011,39.18
temperature,2011,39.15
temperature,2011,39.12
temperature,2011,39.09
temperature,2011,39.06
temperature,2011,40.03
temperature,2011,40
temperature,2011,39.97
temperature,2011,39.94
temperature,2011,39.92
temperature,2011,39.89
temperature,2011,39.86
temperature,2011,39.83
temperature,2011,39.8
temperature,2011,39.77
temperature,2011,39.74
temperature,2011,39.72
temperature,2011,39.69
temperature,2011,39.66
temperature,2011,39.63
temperature,2011,39.6
temperature,2011,39.57
temperature,2011,39.55
temperature,2011,39.52
temperature,2011,39.49
temperature,2011,39.46
temperature,2011,39.43
temperature,2011,39.4
temperature,2011,39.38
temperature,2011,39.35
temperature,2011,39.32
temperature,2011,39.29
temperature,2011,39.26
temperature,2011,39.23
temperature,2011,39.2
temperature,2011,39.18
temperature,2011,39.15
temperature,2011,40.06
temperature,2011,40.03
temperature,2011,40
temperature,2011,39.97
temperature,2011,39.94
temperature,2011,39.92
temperature,2011,39.89
temperature,2011,39.86
temperature,2011,39.83
temperature,2011,39.8
temperature,2011,39.77
temperature,2011,39.74
temperature,2011,39.72
temperature,2011,39.69
temperature,2011,39.66
temperature,2011,39.63
temperature,2011,39.6
temperature,2011,39.57
temperature,2011,39.55
temperature,2011,39.52
temperature,2011,39.49
temperature,2011,39.46
temperature,2011,39.43
temperature,2011,39.4
temperature,2011,39.38
temperature,2011,39.35
temperature,2011,39.32
temperature,2011,39.29
temperature,2011,39.26
temperature,2011,39.23
temperature,2011,40.09
temperature,2011,40.06
temperature,2011,40.03
temperature,2011,40
temperature,2011,39.97
temperature,2011,39.94
temperature,2011,39.92
temperature,2011,39.89
temperature,2011,39.86
temperature,2011,39.83
temperature,2011,39.8
temperature,2011,39.77
temperature,2011,39.74
temperature,2011,39.72
temperature,2011,39.69
temperature,2011,39.66
temperature,2011,39.63
temperature,2011,39.6
temperature,2011,39.57
temperature,2011,39.55
temperature,2011,39.52
temperature,2011,39.49
temperature,2011,39.46
temperature,2011,39.43
temperature,2011,39.4
temperature,2011,39.38
temperature,2011,39.35
temperature,2011,40.09
temperature,2011,40.06
temperature,2011,40.03
temperature,2011,40
temperature,2011,39.97
temperature,2011,39.94
temperature,2011,39.92
temperature,2011,39.89
temperature,2011,39.86
temperature,2011,39.83
temperature,2011,39.8
temperature,2011,39.77
temperature,2011,39.74
temperature,2011,39.72
temperature,2011,39.69
temperature,2011,39.66
temperature,2011,39.63
temperature,2011,39.6
temperature,2011,39.57
temperature,2011,39.55
temperature,2011,39.52
temperature,2011,39.49
temperature,2011,39.46
temperature,2011,39.43
temperature,2011,40.09
temperature,2011,40.06
temperature,2011,40.03
temperature,2011,40
temperature,2011,39.97
temperature,2011,39.94
temperature,2011,39.92
temperature,2011,39.89
temperature,2011,39.86
temperature,2011,39.83
temperature,2011,39.8
temperature,2011,39.77
temperature,2011,39.74
temperature,2011,39.72
temperature,2011,39.69
temperature,2011,39.66
temperature,2011,39.63
temperature,2011,39.6
temperature,2011,39.57
temperature,2011,39.55
temperature,2011,40.09
temperature,2011,40.06
temperature,2011,40.03
temperature,2011,40
temperature,2011,39.97
temperature,2011,39.94
temperature,2011,39.92
temperature,2011,39.89
temperature,2011,39.86
temperature,2011,39.83
temperature,2011,39.8
temperature,2011,39.77
temperature,2011,39.74
temperature,2011,39.72
temperature,2011,39.69
temperature,2011,39.66
temperature,2011,39.63
temperature,2011,40.09
temperature,2011,40.06
temperature,2011,40.03
temperature,2011,40
temperature,2011,39.97
temperature,2011,39.94
temperature,2011,39.92
temperature,2011,39.89
temperature,2011,39.86
temperature,2011,39.83
temperature,2011,39.8
temperature,2011,39.77
temperature,2011,39.74
temperature,2011,39.72
temperature,2011,40.09
temperature,2011,40.06
temperature,2011,40.03
temperature,2011,40
temperature,2011,39.97
temperature,2011,39.94
temperature,2011,39.92
temperature,2011,39.89
temperature,2011,39.86
temperature,2011,39.83
temperature,2011,40.09
temperature,2011,40.06
temperature,2011,40.03
temperature,2011,40
temperature,2011,39.97
temperature,2011,39.94
temperature,2011,39.92
temperature,2011,39.89
temperature,2011,39.86
temperature,2011,39.83
temperature,2011,40.09
temperature,2011,40.06
temperature,2011,40.03
temperature,2011,40
temperature,2011,39.97
temperature,2011,39.94
temperature,2011,39.92
temperature,2011,39.89
temperature,2011,39.86
temperature,2011,39.83
temperature,2011,40.09
temperature,2011,40.06
temperature,2011,40.03
temperature,2011,40
temperature,2011,39.97
temperature,2011,39.94
temperature,2011,39.92
temperature,2011,39.89
temperature,2011,39.86
temperature,2011,39.83
temperature,2011,40.09
temperature,2011,40.06
temperature,2011,40.03
temperature,2011,40
temperature,2011,39.97
temperature,2011,39.94
temperature,2011,39.92
temperature,2011,39.89
temperature,2011,39.86
temperature,2011,39.83
temperature,2011,40.09
temperature,2011,40.06
temperature,2011,40.03
temperature,2011,40
temperature,2011,39.97
temperature,2011,39.94
temperature,2011,39.92
temperature,2011,39.89
temperature,2011,39.86
temperature,2011,39.83
temperature,2011,40.09
temperature,2011,40.06
temperature,2011,40.03
temperature,2011,40
temperature,2011,39.97
temperature,2011,39.94
temperature,2011,39.92
temperature,2011,39.89
temperature,2011,39.86
temperature,2011,39.83
temperature,2011,40.09
temperature,2011,40.06
temperature,2011,40.03
temperature,2011,40
temperature,2011,39.97
temperature,2011,39.94
temperature,2011,39.92
temperature,2011,39.89
temperature,2011,39.86
temperature,2011,39.83
temperature,2011,40.09
temperature,2011,40.06
temperature,2011,40.03
temperature,2011,40
temperature,2011,39.97
temperature,2011,39.94
temperature,2011,39.92
temperature,2011,39.89
temperature,2011,39.86
temperature,2011,39.83
temperature,2011,40.09
temperature,2011,40.06
temperature,2011,40.03
temperature,2011,40
temperature,2011,39.97
temperature,2011,39.94
temperature,2011,39.92
temperature,2011,39.89
temperature,2011,39.86
temperature,2011,39.83
temperature,2011,40.09
temperature,2011,40.06
temperature,2011,40.03
temperature,2011,40
temperature,2011,39.97
temperature,2011,39.94
temperature,2011,39.92
temperature,2011,39.89
temperature,2011,39.86
temperature,2011,39.83
temperature,2011,40.09
temperature,2011,40.06
temperature,2011,40.03
temperature,2011,40
temperature,2011,39.97
temperature,2011,39.94
temperature,2011,39.92
temperature,2011,39.89
temperature,2011,39.86
temperature,2011,40.09
temperature,2011,40.06
temperature,2011,40.03
temperature,2011,40
temperature,2011,39.97
temperature,2011,39.94
temperature,2011,39.92
temperature,2011,39.89
temperature,2011,39.86
temperature,2011,40.06
temperature,2011,40.03
temperature,2011,40
temperature,2011,39.97
temperature,2011,39.94
temperature,2011,39.92
temperature,2011,39.89
temperature,2011,39.86
temperature,2011,40.03
temperature,2011,40
temperature,2011,39.97
temperature,2011,39.94
temperature,2011,39.92
temperature,2011,39.89
temperature,2011,39.97
temperature,2011,39.94
temperature,2011,39.92
temperature,2011,39.89
temperature,2011,39.97
temperature,2011,39.94
temperature,2011,39.92
temperature,2011,39.89
temperature,2011,39.97
temperature,2011,39.94
temperature,2011,39.92
temperature,2011,39.89
temperature,2011,39.97
temperature,2011,39.94
temperature,2011,39.92
temperature,2011,39.89
temperature,2011,39.97
temperature,2011,39.94
temperature,2011,39.92
temperature,2011,39.89
temperature,2011,39.97
temperature,2011,39.94
temperature,2011,39.92
temperature,2011,39.89
temperature,2011,39.97
temperature,2011,39.94
temperature,2011,39.92
temperature,2011,39.89
temperature,2011,39.97
temperature,2011,39.94
temperature,2011,39.92
temperature,2011,39.89
temperature,2011,39.97
temperature,2011,39.94
temperature,2011,39.92
temperature,2011,39.89
temperature,2011,39.97
temperature,2011,39.94
temperature,2011,39.92
temperature,2011,39.89
temperature,2011,39.97
temperature,2011,39.94
temperature,2011,39.92
temperature,2011,39.89
temperature,2011,39.97
temperature,2011,39.94
temperature,2011,39.92
temperature,2011,39.89
temperature,2011,39.97
temperature,2011,39.94
temperature,2011,39.92
temperature,2011,39.89
temperature,2011,39.97
temperature,2011,39.94
temperature,2011,39.92
temperature,2011,39.89
temperature,2011,39.97
temperature,2011,39.94
temperature,2011,39.92
temperature,2011,39.89
temperature,2011,39.97
temperature,2011,39.94
temperature,2011,39.92
temperature,2011,39.89
temperature,2011,39.97
temperature,2011,39.94
temperature,2011,39.92
temperature,2011,39.89
temperature,2011,39.97
temperature,2011,39.94
temperature,2011,39.92
temperature,2011,39.89
temperature,2011,39.97
temperature,2011,39.94
temperature,2011,39.92
temperature,2011,39.89
temperature,2011,27.05
temperature,2011,27.02
temperature,2011,26.99
temperature,2011,26.96
temperature,2011,26.93
temperature,2011,26.9
temperature,2011,39.97
temperature,2011,39.94
temperature,2011,39.92
temperature,2011,39.89
temperature,2011,27.07
temperature,2011,27.05
temperature,2011,27.02
temperature,2011,26.99
temperature,2011,26.96
temperature,2011,26.93
temperature,2011,26.9
temperature,2011,26.88
temperature,2011,39.97
temperature,2011,39.94
temperature,2011,39.92
temperature,2011,39.89
temperature,2011,27.1
temperature,2011,27.07
temperature,2011,27.05
temperature,2011,27.02
temperature,2011,26.99
temperature,2011,26.96
temperature,2011,26.93
temperature,2011,26.9
temperature,2011,26.88
temperature,2011,39.97
temperature,2011,39.94
temperature,2011,39.92
temperature,2011,39.89
temperature,2011,27.13
temperature,2011,27.1
temperature,2011,27.07
temperature,2011,27.05
temperature,2011,27.02
temperature,2011,26.99
temperature,2011,26.96
temperature,2011,26.93
temperature,2011,26.9
temperature,2011,26.88
temperature,2011,39.97
temperature,2011,39.94
temperature,2011,39.92
temperature,2011,39.89
temperature,2011,27.16
temperature,2011,27.13
temperature,2011,27.1
temperature,2011,27.07
temperature,2011,27.05
temperature,2011,27.02
temperature,2011,26.99
temperature,2011,26.96
temperature,2011,26.93
temperature,2011,26.9
temperature,2011,26.88
temperature,2011,26.85
temperature,2011,39.97
temperature,2011,39.94
temperature,2011,39.92
temperature,2011,39.89
temperature,2011,27.19
temperature,2011,27.16
temperature,2011,27.13
temperature,2011,27.1
temperature,2011,27.07
temperature,2011,27.05
temperature,2011,27.02
temperature,2011,26.99
temperature,2011,26.96
temperature,2011,26.93
temperature,2011,26.9
temperature,2011,26.88
temperature,2011,39.97
temperature,2011,39.94
temperature,2011,39.92
temperature,2011,39.89
temperature,2011,27.22
temperature,2011,27.19
temperature,2011,27.16
temperature,2011,27.13
temperature,2011,27.1
temperature,2011,27.07
temperature,2011,27.05
temperature,2011,27.02
temperature,2011,26.99
temperature,2011,26.96
temperature,2011,26.93
temperature,2011,26.9
temperature,2011,26.88
temperature,2011,39.97
temperature,2011,39.94
temperature,2011,39.92
temperature,2011,39.89
temperature,2011,27.25
temperature,2011,27.22
temperature,2011,27.19
temperature,2011,27.16
temperature,2011,27.13
temperature,2011,27.1
temperature,2011,27.07
temperature,2011,27.05
temperature,2011,27.02
temperature,2011,26.99
temperature,2011,26.96
temperature,2011,26.93
temperature,2011,26.9
temperature,2011,39.97
temperature,2011,39.94
temperature,2011,39.92
temperature,2011,39.89
temperature,2011,27.27
temperature,2011,27.25
temperature,2011,27.22
temperature,2011,27.19
temperature,2011,27.16
temperature,2011,27.13
temperature,2011,27.1
temperature,2011,27.07
temperature,2011,27.05
temperature,2011,27.02
temperature,2011,26.99
temperature,2011,26.96
temperature,2011,26.93
temperature,2011,39.97
temperature,2011,39.94
temperature,2011,39.92
temperature,2011,39.89
temperature,2011,27.3
temperature,2011,27.27
temperature,2011,27.25
temperature,2011,27.22
temperature,2011,27.19
temperature,2011,27.16
temperature,2011,27.13
temperature,2011,27.1
temperature,2011,27.07
temperature,2011,27.05
temperature,2011,27.02
temperature,2011,26.99
temperature,2011,26.96
temperature,2011,39.97
temperature,2011,39.94
temperature,2011,39.92
temperature,2011,39.89
temperature,2011,27.33
temperature,2011,27.3
temperature,2011,27.27
temperature,2011,27.25
temperature,2011,27.22
temperature,2011,27.19
temperature,2011,27.16
temperature,2011,27.13
temperature,2011,27.1
temperature,2011,27.07
temperature,2011,27.05
temperature,2011,27.02
temperature,2011,26.99
temperature,2011,39.97
temperature,2011,39.94
temperature,2011,39.92
temperature,2011,39.89
temperature,2011,27.36
temperature,2011,27.33
temperature,2011,27.3
temperature,2011,27.27
temperature,2011,27.25
temperature,2011,27.22
temperature,2011,27.19
temperature,2011,27.16
temperature,2011,27.13
temperature,2011,27.1
temperature,2011,27.07
temperature,2011,27.05
temperature,2011,27.02
temperature,2011,39.97
temperature,2011,39.94
temperature,2011,39.92
temperature,2011,39.89
temperature,2011,27.39
temperature,2011,27.36
temperature,2011,27.33
temperature,2011,27.3
temperature,2011,27.27
temperature,2011,27.25
temperature,2011,27.22
temperature,2011,27.19
temperature,2011,27.16
temperature,2011,27.13
temperature,2011,27.1
temperature,2011,27.07
temperature,2011,27.05
temperature,2011,39.97
temperature,2011,39.94
temperature,2011,39.92
temperature,2011,39.89
temperature,2011,27.42
temperature,2011,27.39
temperature,2011,27.36
temperature,2011,27.33
temperature,2011,27.3
temperature,2011,27.27
temperature,2011,27.25
temperature,2011,27.22
temperature,2011,27.19
temperature,2011,27.16
temperature,2011,27.13
temperature,2011,27.1
temperature,2011,27.07
temperature,2011,39.97
temperature,2011,39.94
temperature,2011,39.92
temperature,2011,39.89
temperature,2011,27.44
temperature,2011,27.42
temperature,2011,27.39
temperature,2011,27.36
temperature,2011,27.33
temperature,2011,27.3
temperature,2011,27.27
temperature,2011,27.25
temperature,2011,27.22
temperature,2011,27.19
temperature,2011,27.16
temperature,2011,27.13
temperature,2011,27.1
temperature,2011,39.97
temperature,2011,39.94
temperature,2011,39.92
temperature,2011,39.89
temperature,2011,27.47
temperature,2011,27.44
temperature,2011,27.42
temperature,2011,27.39
temperature,2011,27.36
temperature,2011,27.33
temperature,2011,27.3
temperature,2011,27.27
temperature,2011,27.25
temperature,2011,27.22
temperature,2011,27.19
temperature,2011,27.16
temperature,2011,27.13
temperature,2011,39.97
temperature,2011,39.94
temperature,2011,39.92
temperature,2011,39.89
temperature,2011,27.47
temperature,2011,27.44
temperature,2011,27.42
temperature,2011,27.39
temperature,2011,27.36
temperature,2011,27.33
temperature,2011,27.3
temperature,2011,27.27
temperature,2011,27.25
temperature,2011,27.22
temperature,2011,27.19
temperature,2011,27.16
temperature,2011,39.97
temperature,2011,39.94
temperature,2011,39.92
temperature,2011,39.89
temperature,2011,27.47
temperature,2011,27.44
temperature,2011,27.42
temperature,2011,27.39
temperature,2011,27.36
temperature,2011,27.33
temperature,2011,27.3
temperature,2011,27.27
temperature,2011,27.25
temperature,2011,27.22
temperature,2011,27.19
temperature,2011,27.16
temperature,2011,27.13
temperature,2011,39.97
temperature,2011,39.94
temperature,2011,39.92
temperature,2011,39.89
temperature,2011,27.47
temperature,2011,27.44
temperature,2011,27.42
temperature,2011,27.39
temperature,2011,27.36
temperature,2011,27.33
temperature,2011,27.3
temperature,2011,27.27
temperature,2011,27.25
temperature,2011,27.22
temperature,2011,27.19
temperature,2011,27.16
temperature,2011,27.13
temperature,2011,27.1
temperature,2011,39.97
temperature,2011,39.94
temperature,2011,39.92
temperature,2011,39.89
temperature,2011,27.47
temperature,2011,27.44
temperature,2011,27.42
temperature,2011,27.39
temperature,2011,27.36
temperature,2011,27.33
temperature,2011,27.3
temperature,2011,27.27
temperature,2011,27.25
temperature,2011,27.22
temperature,2011,27.19
temperature,2011,27.16
temperature,2011,27.13
temperature,2011,27.1
temperature,2011,27.07
temperature,2011,27.05
temperature,2011,39.97
temperature,2011,39.94
temperature,2011,39.92
temperature,2011,39.89
temperature,2011,27.44
temperature,2011,27.42
temperature,2011,27.39
temperature,2011,27.36
temperature,2011,27.33
temperature,2011,27.3
temperature,2011,27.27
temperature,2011,27.25
temperature,2011,27.22
temperature,2011,27.19
temperature,2011,27.16
temperature,2011,27.13
temperature,2011,27.1
temperature,2011,27.07
temperature,2011,27.05
temperature,2011,27.02
temperature,2011,39.97
temperature,2011,39.94
temperature,2011,39.92
temperature,2011,39.89
temperature,2011,27.42
temperature,2011,27.39
temperature,2011,27.36
temperature,2011,27.33
temperature,2011,27.3
temperature,2011,27.27
temperature,2011,27.25
temperature,2011,27.22
temperature,2011,27.19
temperature,2011,27.16
temperature,2011,27.13
temperature,2011,27.1
temperature,2011,27.07
temperature,2011,27.05
temperature,2011,27.02
temperature,2011,26.99
temperature,2011,26.96
temperature,2011,27.36
temperature,2011,27.33
temperature,2011,27.3
temperature,2011,27.27
temperature,2011,27.25
temperature,2011,27.22
temperature,2011,27.19
temperature,2011,27.16
temperature,2011,27.13
temperature,2011,27.1
temperature,2011,27.07
temperature,2011,27.05
temperature,2011,27.02
temperature,2011,26.99
temperature,2011,26.96
temperature,2011,26.93
temperature,2011,27.33
temperature,2011,27.3
temperature,2011,27.27
temperature,2011,27.25
temperature,2011,27.22
temperature,2011,27.19
temperature,2011,27.16
temperature,2011,27.13
temperature,2011,27.1
temperature,2011,27.07
temperature,2011,27.05
temperature,2011,27.02
temperature,2011,26.99
temperature,2011,26.96
temperature,2011,26.93
temperature,2011,26.9
temperature,2011,26.88
temperature,2011,27.27
temperature,2011,27.25
temperature,2011,27.22
temperature,2011,27.19
temperature,2011,27.16
temperature,2011,27.13
temperature,2011,27.1
temperature,2011,27.07
temperature,2011,27.05
temperature,2011,27.02
temperature,2011,26.99
temperature,2011,26.96
temperature,2011,26.93
temperature,2011,26.9
temperature,2011,26.88
temperature,2011,26.85
temperature,2011,27.25
temperature,2011,27.22
temperature,2011,27.19
temperature,2011,27.16
temperature,2011,27.13
temperature,2011,27.1
temperature,2011,27.07
temperature,2011,27.05
temperature,2011,27.02
temperature,2011,26.99
temperature,2011,26.96
temperature,2011,26.93
temperature,2011,26.9
temperature,2011,26.88
temperature,2011,26.85
temperature,2011,26.82
temperature,2011,26.79
temperature,2011,27.22
temperature,2011,27.19
temperature,2011,27.16
temperature,2011,27.13
temperature,2011,27.1
temperature,2011,27.07
temperature,2011,27.05
temperature,2011,27.02
temperature,2011,26.99
temperature,2011,26.96
temperature,2011,26.93
temperature,2011,26.9
temperature,2011,26.88
temperature,2011,26.85
temperature,2011,26.82
temperature,2011,26.79
temperature,2011,26.76
temperature,2011,27.16
temperature,2011,27.13
temperature,2011,27.1
temperature,2011,27.07
temperature,2011,27.05
temperature,2011,27.02
temperature,2011,26.99
temperature,2011,26.96
temperature,2011,26.93
temperature,2011,26.9
temperature,2011,26.88
temperature,2011,26.85
temperature,2011,26.82
temperature,2011,26.79
temperature,2011,26.76
temperature,2011,26.73
temperature,2011,27.13
temperature,2011,27.1
temperature,2011,27.07
temperature,2011,27.05
temperature,2011,27.02
temperature,2011,26.99
temperature,2011,26.96
temperature,2011,26.93
temperature,2011,26.9
temperature,2011,26.88
temperature,2011,26.85
temperature,2011,26.82
temperature,2011,26.79
temperature,2011,26.76
temperature,2011,26.73
temperature,2011,26.71
temperature,2011,27.07
temperature,2011,27.05
temperature,2011,27.02
temperature,2011,26.99
temperature,2011,26.96
temperature,2011,26.93
temperature,2011,26.9
temperature,2011,26.88
temperature,2011,26.85
temperature,2011,26.82
temperature,2011,26.79
temperature,2011,26.76
temperature,2011,26.73
temperature,2011,26.71
temperature,2011,26.68
temperature,2011,27.05
temperature,2011,27.02
temperature,2011,26.99
temperature,2011,26.96
temperature,2011,26.93
temperature,2011,26.9
temperature,2011,26.88
temperature,2011,26.85
temperature,2011,26.82
temperature,2011,26.79
temperature,2011,26.76
temperature,2011,26.73
temperature,2011,26.71
temperature,2011,26.68
temperature,2011,27.02
temperature,2011,26.99
temperature,2011,26.96
temperature,2011,26.93
temperature,2011,26.9
temperature,2011,26.88
temperature,2011,26.85
temperature,2011,26.82
temperature,2011,26.79
temperature,2011,26.76
temperature,2011,26.73
temperature,2011,26.71
temperature,2011,26.68
temperature,2011,27.02
temperature,2011,26.99
temperature,2011,26.96
temperature,2011,26.93
temperature,2011,26.9
temperature,2011,26.88
temperature,2011,26.85
temperature,2011,26.82
temperature,2011,26.79
temperature,2011,26.76
temperature,2011,26.73
temperature,2011,26.71
temperature,2011,27.05
temperature,2011,27.02
temperature,2011,26.99
temperature,2011,26.96
temperature,2011,26.93
temperature,2011,26.9
temperature,2011,26.88
temperature,2011,26.85
temperature,2011,26.82
temperature,2011,26.79
temperature,2011,26.76
temperature,2011,26.73
temperature,2011,26.71
temperature,2011,27.07
temperature,2011,27.05
temperature,2011,27.02
temperature,2011,26.99
temperature,2011,26.96
temperature,2011,26.93
temperature,2011,26.9
temperature,2011,26.88
temperature,2011,26.85
temperature,2011,26.82
temperature,2011,26.79
temperature,2011,26.76
temperature,2011,26.73
temperature,2011,27.1
temperature,2011,27.07
temperature,2011,27.05
temperature,2011,27.02
temperature,2011,26.99
temperature,2011,26.96
temperature,2011,26.93
temperature,2011,26.9
temperature,2011,26.88
temperature,2011,26.85
temperature,2011,26.82
temperature,2011,26.79
temperature,2011,26.76
temperature,2011,27.13
temperature,2011,27.1
temperature,2011,27.07
temperature,2011,27.05
temperature,2011,27.02
temperature,2011,26.99
temperature,2011,26.96
temperature,2011,26.93
temperature,2011,26.9
temperature,2011,26.88
temperature,2011,26.85
temperature,2011,26.82
temperature,2011,26.79
temperature,2011,27.16
temperature,2011,27.13
temperature,2011,27.1
temperature,2011,27.07
temperature,2011,27.05
temperature,2011,27.02
temperature,2011,26.99
temperature,2011,26.96
temperature,2011,26.93
temperature,2011,26.9
temperature,2011,26.88
temperature,2011,26.85
temperature,2011,26.82
temperature,2011,27.19
temperature,2011,27.16
temperature,2011,27.13
temperature,2011,27.1
temperature,2011,27.07
temperature,2011,27.05
temperature,2011,27.02
temperature,2011,26.99
temperature,2011,26.96
temperature,2011,26.93
temperature,2011,26.9
temperature,2011,26.88
temperature,2011,26.85
temperature,2011,27.22
temperature,2011,27.19
temperature,2011,27.16
temperature,2011,27.13
temperature,2011,27.1
temperature,2011,27.07
temperature,2011,27.05
temperature,2011,27.02
temperature,2011,26.99
temperature,2011,26.96
temperature,2011,26.93
temperature,2011,26.9
temperature,2011,26.88
temperature,2011,27.25
temperature,2011,27.22
temperature,2011,27.19
temperature,2011,27.16
temperature,2011,27.13
temperature,2011,27.1
temperature,2011,27.07
temperature,2011,27.05
temperature,2011,27.02
temperature,2011,26.99
temperature,2011,26.96
temperature,2011,26.93
temperature,2011,26.9
temperature,2011,27.33
temperature,2011,27.3
temperature,2011,27.27
temperature,2011,27.25
temperature,2011,27.22
temperature,2011,27.19
temperature,2011,27.16
temperature,2011,27.13
temperature,2011,27.1
temperature,2011,27.07
temperature,2011,27.05
temperature,2011,27.02
temperature,2011,26.99
temperature,2011,26.96
temperature,2011,26.93
temperature,2011,27.39
temperature,2011,27.36
temperature,2011,27.33
temperature,2011,27.3
temperature,2011,27.27
temperature,2011,27.25
temperature,2011,27.22
temperature,2011,27.19
temperature,2011,27.16
temperature,2011,27.13
temperature,2011,27.1
temperature,2011,27.07
temperature,2011,27.05
temperature,2011,27.02
temperature,2011,26.99
temperature,2011,26.96
temperature,2011,27.44
temperature,2011,27.42
temperature,2011,27.39
temperature,2011,27.36
temperature,2011,27.33
temperature,2011,27.3
temperature,2011,27.27
temperature,2011,27.25
temperature,2011,27.22
temperature,2011,27.19
temperature,2011,27.16
temperature,2011,27.13
temperature,2011,27.1
temperature,2011,27.07
temperature,2011,27.05
temperature,2011,27.02
temperature,2011,26.99
temperature,2011,27.5
temperature,2011,27.47
temperature,2011,27.44
temperature,2011,27.42
temperature,2011,27.39
temperature,2011,27.36
temperature,2011,27.33
temperature,2011,27.3
temperature,2011,27.27
temperature,2011,27.25
temperature,2011,27.22
temperature,2011,27.19
temperature,2011,27.16
temperature,2011,27.13
temperature,2011,27.1
temperature,2011,27.07
temperature,2011,27.05
temperature,2011,27.02
temperature,2011,27.59
temperature,2011,27.56
temperature,2011,27.53
temperature,2011,27.5
temperature,2011,27.47
temperature,2011,27.44
temperature,2011,27.42
temperature,2011,27.39
temperature,2011,27.36
temperature,2011,27.33
temperature,2011,27.3
temperature,2011,27.27
temperature,2011,27.25
temperature,2011,27.22
temperature,2011,27.19
temperature,2011,27.16
temperature,2011,27.13
temperature,2011,27.1
temperature,2011,27.07
temperature,2011,27.05
temperature,2011,27.64
temperature,2011,27.61
temperature,2011,27.59
temperature,2011,27.56
temperature,2011,27.53
temperature,2011,27.5
temperature,2011,27.47
temperature,2011,27.44
temperature,2011,27.42
temperature,2011,27.39
temperature,2011,27.36
temperature,2011,27.33
temperature,2011,27.3
temperature,2011,27.27
temperature,2011,27.25
temperature,2011,27.22
temperature,2011,27.19
temperature,2011,27.16
temperature,2011,27.13
temperature,2011,27.1
temperature,2011,27.07
temperature,2011,27.7
temperature,2011,27.67
temperature,2011,27.64
temperature,2011,27.61
temperature,2011,27.59
temperature,2011,27.56
temperature,2011,27.53
temperature,2011,27.5
temperature,2011,27.47
temperature,2011,27.44
temperature,2011,27.42
temperature,2011,27.39
temperature,2011,27.36
temperature,2011,27.33
temperature,2011,27.3
temperature,2011,27.27
temperature,2011,27.25
temperature,2011,27.22
temperature,2011,27.19
temperature,2011,27.16
temperature,2011,27.13
temperature,2011,27.1
temperature,2011,27.79
temperature,2011,27.76
temperature,2011,27.73
temperature,2011,27.7
temperature,2011,27.67
temperature,2011,27.64
temperature,2011,27.61
temperature,2011,27.59
temperature,2011,27.56
temperature,2011,27.53
temperature,2011,27.5
temperature,2011,27.47
temperature,2011,27.44
temperature,2011,27.42
temperature,2011,27.39
temperature,2011,27.36
temperature,2011,27.33
temperature,2011,27.3
temperature,2011,27.27
temperature,2011,27.25
temperature,2011,27.22
temperature,2011,27.19
temperature,2011,27.16
temperature,2011,27.13
temperature,2011,27.84
temperature,2011,27.81
temperature,2011,27.79
temperature,2011,27.76
temperature,2011,27.73
temperature,2011,27.7
temperature,2011,27.67
temperature,2011,27.64
temperature,2011,27.61
temperature,2011,27.59
temperature,2011,27.56
temperature,2011,27.53
temperature,2011,27.5
temperature,2011,27.47
temperature,2011,27.44
temperature,2011,27.42
temperature,2011,27.39
temperature,2011,27.36
temperature,2011,27.33
temperature,2011,27.3
temperature,2011,27.27
temperature,2011,27.25
temperature,2011,27.22
temperature,2011,27.19
temperature,2011,27.9
temperature,2011,27.87
temperature,2011,27.84
temperature,2011,27.81
temperature,2011,27.79
temperature,2011,27.76
temperature,2011,27.73
temperature,2011,27.7
temperature,2011,27.67
temperature,2011,27.64
temperature,2011,27.61
temperature,2011,27.59
temperature,2011,27.56
temperature,2011,27.53
temperature,2011,27.5
temperature,2011,27.47
temperature,2011,27.44
temperature,2011,27.42
temperature,2011,27.39
temperature,2011,27.36
temperature,2011,27.33
temperature,2011,27.3
temperature,2011,27.27
temperature,2011,27.25
temperature,2011,27.96
temperature,2011,27.93
temperature,2011,27.9
temperature,2011,27.87
temperature,2011,27.84
temperature,2011,27.81
temperature,2011,27.79
temperature,2011,27.76
temperature,2011,27.73
temperature,2011,27.7
temperature,2011,27.67
temperature,2011,27.64
temperature,2011,27.61
temperature,2011,27.59
temperature,2011,27.56
temperature,2011,27.53
temperature,2011,27.5
temperature,2011,27.47
temperature,2011,27.44
temperature,2011,27.42
temperature,2011,27.39
temperature,2011,27.36
temperature,2011,27.33
temperature,2011,28.04
temperature,2011,28.01
temperature,2011,27.98
temperature,2011,27.96
temperature,2011,27.93
temperature,2011,27.9
temperature,2011,27.87
temperature,2011,27.84
temperature,2011,27.81
temperature,2011,27.79
temperature,2011,27.76
temperature,2011,27.73
temperature,2011,27.7
temperature,2011,27.67
temperature,2011,27.64
temperature,2011,27.61
temperature,2011,27.59
temperature,2011,27.56
temperature,2011,27.53
temperature,2011,27.5
temperature,2011,27.47
temperature,2011,27.44
temperature,2011,27.42
temperature,2011,27.39
temperature,2011,28.07
temperature,2011,28.04
temperature,2011,28.01
temperature,2011,27.98
temperature,2011,27.96
temperature,2011,27.93
temperature,2011,27.9
temperature,2011,27.87
temperature,2011,27.84
temperature,2011,27.81
temperature,2011,27.79
temperature,2011,27.76
temperature,2011,27.73
temperature,2011,27.7
temperature,2011,27.67
temperature,2011,27.64
temperature,2011,27.61
temperature,2011,27.59
temperature,2011,27.56
temperature,2011,27.53
temperature,2011,27.5
temperature,2011,27.47
temperature,2011,27.44
temperature,2011,28.1
temperature,2011,28.07
temperature,2011,28.04
temperature,2011,28.01
temperature,2011,27.98
temperature,2011,27.96
temperature,2011,27.93
temperature,2011,27.9
temperature,2011,27.87
temperature,2011,27.84
temperature,2011,27.81
temperature,2011,27.79
temperature,2011,27.76
temperature,2011,27.73
temperature,2011,27.7
temperature,2011,27.67
temperature,2011,27.64
temperature,2011,27.61
temperature,2011,27.59
temperature,2011,27.56
temperature,2011,27.53
temperature,2011,28.13
temperature,2011,28.1
temperature,2011,28.07
temperature,2011,28.04
temperature,2011,28.01
temperature,2011,27.98
temperature,2011,27.96
temperature,2011,27.93
temperature,2011,27.9
temperature,2011,27.87
temperature,2011,27.84
temperature,2011,27.81
temperature,2011,27.79
temperature,2011,27.76
temperature,2011,27.73
temperature,2011,27.7
temperature,2011,27.67
temperature,2011,27.64
temperature,2011,27.61
temperature,2011,27.59
temperature,2011,28.13
temperature,2011,28.1
temperature,2011,28.07
temperature,2011,28.04
temperature,2011,28.01
temperature,2011,27.98
temperature,2011,27.96
temperature,2011,27.93
temperature,2011,27.9
temperature,2011,27.87
temperature,2011,27.84
temperature,2011,27.81
temperature,2011,27.79
temperature,2011,27.76
temperature,2011,27.73
temperature,2011,27.7
temperature,2011,27.67
temperature,2011,27.64
temperature,2011,28.13
temperature,2011,28.1
temperature,2011,28.07
temperature,2011,28.04
temperature,2011,28.01
temperature,2011,27.98
temperature,2011,27.96
temperature,2011,27.93
temperature,2011,27.9
temperature,2011,27.87
temperature,2011,27.84
temperature,2011,27.81
temperature,2011,27.79
temperature,2011,27.76
temperature,2011,27.73
temperature,2011,27.7
temperature,2011,28.13
temperature,2011,28.1
temperature,2011,28.07
temperature,2011,28.04
temperature,2011,28.01
temperature,2011,27.98
temperature,2011,27.96
temperature,2011,27.93
temperature,2011,27.9
temperature,2011,27.87
temperature,2011,27.84
temperature,2011,27.81
temperature,2011,27.79
temperature,2011,28.1
temperature,2011,28.07
temperature,2011,28.04
temperature,2011,28.01
temperature,2011,27.98
temperature,2011,27.96
temperature,2011,27.93
temperature,2011,27.9
temperature,2011,27.87
temperature,2011,27.84
temperature,2011,28.1
temperature,2011,28.07
temperature,2011,28.04
temperature,2011,28.01
temperature,2011,27.98
temperature,2011,27.96
temperature,2011,27.93
temperature,2011,27.9
temperature,2011,28.04
temperature,2011,28.01
temperature,2011,27.98
temperature,2012,27.96
temperature,2012,27.93
temperature,2012,27.9
temperature,2012,27.87
temperature,2012,27.84
temperature,2012,27.81
temperature,2012,27.98
temperature,2012,27.96
temperature,2012,27.93
temperature,2012,27.9
temperature,2012,27.87
temperature,2012,27.84
temperature,2012,27.81
temperature,2012,27.79
temperature,2012,28.01
temperature,2012,27.98
temperature,2012,27.96
temperature,2012,27.93
temperature,2012,27.9
temperature,2012,27.87
temperature,2012,27.84
temperature,2012,27.81
temperature,2012,27.79
temperature,2012,27.76
temperature,2012,28.01
temperature,2012,27.98
temperature,2012,27.96
temperature,2012,27.93
temperature,2012,27.9
temperature,2012,27.87
temperature,2012,27.84
temperature,2012,27.81
temperature,2012,27.79
temperature,2012,27.76
temperature,2012,27.73
temperature,2012,27.7
temperature,2012,28.01
temperature,2012,27.98
temperature,2012,27.96
temperature,2012,27.93
temperature,2012,27.9
temperature,2012,27.87
temperature,2012,27.84
temperature,2012,27.81
temperature,2012,27.79
temperature,2012,27.76
temperature,2012,27.73
temperature,2012,27.7
temperature,2012,27.67
temperature,2012,28.01
temperature,2012,27.98
temperature,2012,27.96
temperature,2012,27.93
temperature,2012,27.9
temperature,2012,27.87
temperature,2012,27.84
temperature,2012,27.81
temperature,2012,27.79
temperature,2012,27.76
temperature,2012,27.73
temperature,2012,27.7
temperature,2012,27.67
temperature,2012,27.64
temperature,2012,28.01
temperature,2012,27.98
temperature,2012,27.96
temperature,2012,27.93
temperature,2012,27.9
temperature,2012,27.87
temperature,2012,27.84
temperature,2012,27.81
temperature,2012,27.79
temperature,2012,27.76
temperature,2012,27.73
temperature,2012,27.7
temperature,2012,27.67
temperature,2012,27.64
temperature,2012,27.61
temperature,2012,27.59
temperature,2012,27.98
temperature,2012,27.96
temperature,2012,27.93
temperature,2012,27.9
temperature,2012,27.87
temperature,2012,27.84
temperature,2012,27.81
temperature,2012,27.79
temperature,2012,27.76
temperature,2012,27.73
temperature,2012,27.7
temperature,2012,27.67
temperature,2012,27.64
temperature,2012,27.61
temperature,2012,27.59
temperature,2012,27.56
temperature,2012,27.96
temperature,2012,27.93
temperature,2012,27.9
temperature,2012,27.87
temperature,2012,27.84
temperature,2012,27.81
temperature,2012,27.79
temperature,2012,27.76
temperature,2012,27.73
temperature,2012,27.7
temperature,2012,27.67
temperature,2012,27.64
temperature,2012,27.61
temperature,2012,27.59
temperature,2012,27.56
temperature,2012,27.53
temperature,2012,27.9
temperature,2012,27.87
temperature,2012,27.84
temperature,2012,27.81
temperature,2012,27.79
temperature,2012,27.76
temperature,2012,27.73
temperature,2012,27.7
temperature,2012,27.67
temperature,2012,27.64
temperature,2012,27.61
temperature,2012,27.59
temperature,2012,27.56
temperature,2012,27.53
temperature,2012,27.5
temperature,2012,27.47
temperature,2012,27.87
temperature,2012,27.84
temperature,2012,27.81
temperature,2012,27.79
temperature,2012,27.76
temperature,2012,27.73
temperature,2012,27.7
temperature,2012,27.67
temperature,2012,27.64
temperature,2012,27.61
temperature,2012,27.59
temperature,2012,27.56
temperature,2012,27.53
temperature,2012,27.5
temperature,2012,27.47
temperature,2012,27.44
temperature,2012,27.84
temperature,2012,27.81
temperature,2012,27.79
temperature,2012,27.76
temperature,2012,27.73
temperature,2012,27.7
temperature,2012,27.67
temperature,2012,27.64
temperature,2012,27.61
temperature,2012,27.59
temperature,2012,27.56
temperature,2012,27.53
temperature,2012,27.5
temperature,2012,27.47
temperature,2012,27.44
temperature,2012,27.42
temperature,2012,27.79
temperature,2012,27.76
temperature,2012,27.73
temperature,2012,27.7
temperature,2012,27.67
temperature,2012,27.64
temperature,2012,27.61
temperature,2012,27.59
temperature,2012,27.56
temperature,2012,27.53
temperature,2012,27.5
temperature,2012,27.47
temperature,2012,27.44
temperature,2012,27.42
temperature,2012,27.39
temperature,2012,27.76
temperature,2012,27.73
temperature,2012,27.7
temperature,2012,27.67
temperature,2012,27.64
temperature,2012,27.61
temperature,2012,27.59
temperature,2012,27.56
temperature,2012,27.53
temperature,2012,27.5
temperature,2012,27.47
temperature,2012,27.44
temperature,2012,27.42
temperature,2012,27.39
temperature,2012,27.36
temperature,2012,27.33
temperature,2012,27.73
temperature,2012,27.7
temperature,2012,27.67
temperature,2012,27.64
temperature,2012,27.61
temperature,2012,27.59
temperature,2012,27.56
temperature,2012,27.53
temperature,2012,27.5
temperature,2012,27.47
temperature,2012,27.44
temperature,2012,27.42
temperature,2012,27.39
temperature,2012,27.36
temperature,2012,27.33
temperature,2012,27.3
temperature,2012,27.67
temperature,2012,27.64
temperature,2012,27.61
temperature,2012,27.59
temperature,2012,27.56
temperature,2012,27.53
temperature,2012,27.5
temperature,2012,27.47
temperature,2012,27.44
temperature,2012,27.42
temperature,2012,27.39
temperature,2012,27.36
temperature,2012,27.33
temperature,2012,27.3
temperature,2012,27.64
temperature,2012,27.61
temperature,2012,27.59
temperature,2012,27.56
temperature,2012,27.53
temperature,2012,27.5
temperature,2012,27.47
temperature,2012,27.44
temperature,2012,27.42
temperature,2012,27.39
temperature,2012,27.36
temperature,2012,27.33
temperature,2012,27.3
temperature,2012,27.27
temperature,2012,27.61
temperature,2012,27.59
temperature,2012,27.56
temperature,2012,27.53
temperature,2012,27.5
temperature,2012,27.47
temperature,2012,27.44
temperature,2012,27.42
temperature,2012,27.39
temperature,2012,27.36
temperature,2012,27.33
temperature,2012,27.3
temperature,2012,27.27
temperature,2012,27.56
temperature,2012,27.53
temperature,2012,27.5
temperature,2012,27.47
temperature,2012,27.44
temperature,2012,27.42
temperature,2012,27.39
temperature,2012,27.36
temperature,2012,27.33
temperature,2012,27.3
temperature,2012,27.27
temperature,2012,27.53
temperature,2012,27.5
temperature,2012,27.47
temperature,2012,27.44
temperature,2012,27.42
temperature,2012,27.39
temperature,2012,27.36
temperature,2012,27.33
temperature,2012,27.3
temperature,2012,27.27
temperature,2012,27.53
temperature,2012,27.5
temperature,2012,27.47
temperature,2012,27.44
temperature,2012,27.42
temperature,2012,27.39
temperature,2012,27.36
temperature,2012,27.33
temperature,2012,27.3
temperature,2012,27.27
temperature,2012,27.53
temperature,2012,27.5
temperature,2012,27.47
temperature,2012,27.44
temperature,2012,27.42
temperature,2012,27.39
temperature,2012,27.36
temperature,2012,27.33
temperature,2012,27.3
temperature,2012,27.27
temperature,2012,27.53
temperature,2012,27.5
temperature,2012,27.47
temperature,2012,27.44
temperature,2012,27.42
temperature,2012,27.39
temperature,2012,27.36
temperature,2012,27.33
temperature,2012,27.3
temperature,2012,27.27
temperature,2012,27.53
temperature,2012,27.5
temperature,2012,27.47
temperature,2012,27.44
temperature,2012,27.42
temperature,2012,27.39
temperature,2012,27.36
temperature,2012,27.33
temperature,2012,27.3
temperature,2012,27.27
temperature,2012,27.53
temperature,2012,27.5
temperature,2012,27.47
temperature,2012,27.44
temperature,2012,27.42
temperature,2012,27.39
temperature,2012,27.36
temperature,2012,27.33
temperature,2012,27.3
temperature,2012,27.27
temperature,2012,27.53
temperature,2012,27.5
temperature,2012,27.47
temperature,2012,27.44
temperature,2012,27.42
temperature,2012,27.39
temperature,2012,27.36
temperature,2012,27.33
temperature,2012,27.3
temperature,2012,27.27
temperature,2012,27.53
temperature,2012,27.5
temperature,2012,27.47
temperature,2012,27.44
temperature,2012,27.42
temperature,2012,27.39
temperature,2012,27.36
temperature,2012,27.33
temperature,2012,27.3
temperature,2012,27.27
temperature,2012,27.53
temperature,2012,27.5
temperature,2012,27.47
temperature,2012,27.44
temperature,2012,27.42
temperature,2012,27.39
temperature,2012,27.36
temperature,2012,27.33
temperature,2012,27.3
temperature,2012,27.27
temperature,2012,27.53
temperature,2012,27.5
temperature,2012,27.47
temperature,2012,27.44
temperature,2012,27.42
temperature,2012,27.39
temperature,2012,27.36
temperature,2012,27.33
temperature,2012,27.3
temperature,2012,27.27
temperature,2012,27.53
temperature,2012,27.5
temperature,2012,27.47
temperature,2012,27.44
temperature,2012,27.42
temperature,2012,27.39
temperature,2012,27.36
temperature,2012,27.33
temperature,2012,27.3
temperature,2012,27.27
temperature,2012,27.53
temperature,2012,27.5
temperature,2012,27.47
temperature,2012,27.44
temperature,2012,27.42
temperature,2012,27.39
temperature,2012,27.36
temperature,2012,27.33
temperature,2012,27.3
temperature,2012,27.27
temperature,2012,27.53
temperature,2012,27.5
temperature,2012,27.47
temperature,2012,27.44
temperature,2012,27.42
temperature,2012,27.39
temperature,2012,27.36
temperature,2012,27.33
temperature,2012,27.3
temperature,2012,27.27
temperature,2012,27.5
temperature,2012,27.47
temperature,2012,27.44
temperature,2012,27.42
temperature,2012,27.39
temperature,2012,27.36
temperature,2012,27.33
temperature,2012,27.3
temperature,2012,27.27
temperature,2012,27.25
temperature,2012,27.5
temperature,2012,27.47
temperature,2012,27.44
temperature,2012,27.42
temperature,2012,27.39
temperature,2012,27.36
temperature,2012,27.33
temperature,2012,27.3
temperature,2012,27.27
temperature,2012,27.25
temperature,2012,27.5
temperature,2012,27.47
temperature,2012,27.44
temperature,2012,27.42
temperature,2012,27.39
temperature,2012,27.36
temperature,2012,27.33
temperature,2012,27.3
temperature,2012,27.27
temperature,2012,27.25
temperature,2012,27.22
temperature,2012,27.47
temperature,2012,27.44
temperature,2012,27.42
temperature,2012,27.39
temperature,2012,27.36
temperature,2012,27.33
temperature,2012,27.3
temperature,2012,27.27
temperature,2012,27.25
temperature,2012,27.22
temperature,2012,27.47
temperature,2012,27.44
temperature,2012,27.42
temperature,2012,27.39
temperature,2012,27.36
temperature,2012,27.33
temperature,2012,27.3
temperature,2012,27.27
temperature,2012,27.25
temperature,2012,27.22
temperature,2012,27.19
temperature,2012,27.44
temperature,2012,27.42
temperature,2012,27.39
temperature,2012,27.36
temperature,2012,27.33
temperature,2012,27.3
temperature,2012,27.27
temperature,2012,27.25
temperature,2012,27.22
temperature,2012,27.19
temperature,2012,27.44
temperature,2012,27.42
temperature,2012,27.39
temperature,2012,27.36
temperature,2012,27.33
temperature,2012,27.3
temperature,2012,27.27
temperature,2012,27.25
temperature,2012,27.22
temperature,2012,27.19
temperature,2012,27.16
temperature,2012,27.42
temperature,2012,27.39
temperature,2012,27.36
temperature,2012,27.33
temperature,2012,27.3
temperature,2012,27.27
temperature,2012,27.25
temperature,2012,27.22
temperature,2012,27.19
temperature,2012,27.16
temperature,2012,27.42
temperature,2012,27.39
temperature,2012,27.36
temperature,2012,27.33
temperature,2012,27.3
temperature,2012,27.27
temperature,2012,27.25
temperature,2012,27.22
temperature,2012,27.19
temperature,2012,27.16
temperature,2012,27.13
temperature,2012,27.39
temperature,2012,27.36
temperature,2012,27.33
temperature,2012,27.3
temperature,2012,27.27
temperature,2012,27.25
temperature,2012,27.22
temperature,2012,27.19
temperature,2012,27.16
temperature,2012,27.13
temperature,2012,27.1
temperature,2012,27.39
temperature,2012,27.36
temperature,2012,27.33
temperature,2012,27.3
temperature,2012,27.27
temperature,2012,27.25
temperature,2012,27.22
temperature,2012,27.19
temperature,2012,27.16
temperature,2012,27.13
temperature,2012,27.1
temperature,2012,27.07
temperature,2012,27.39
temperature,2012,27.36
temperature,2012,27.33
temperature,2012,27.3
temperature,2012,27.27
temperature,2012,27.25
temperature,2012,27.22
temperature,2012,27.19
temperature,2012,27.16
temperature,2012,27.13
temperature,2012,27.1
temperature,2012,27.07
temperature,2012,27.05
temperature,2012,27.36
temperature,2012,27.33
temperature,2012,27.3
temperature,2012,27.27
temperature,2012,27.25
temperature,2012,27.22
temperature,2012,27.19
temperature,2012,27.16
temperature,2012,27.13
temperature,2012,27.1
temperature,2012,27.07
temperature,2012,27.05
temperature,2012,27.02
temperature,2012,27.36
temperature,2012,27.33
temperature,2012,27.3
temperature,2012,27.27
temperature,2012,27.25
temperature,2012,27.22
temperature,2012,27.19
temperature,2012,27.16
temperature,2012,27.13
temperature,2012,27.1
temperature,2012,27.07
temperature,2012,27.05
temperature,2012,27.02
temperature,2012,26.99
temperature,2012,26.96
temperature,2012,27.33
temperature,2012,27.3
temperature,2012,27.27
temperature,2012,27.25
temperature,2012,27.22
temperature,2012,27.19
temperature,2012,27.16
temperature,2012,27.13
temperature,2012,27.1
temperature,2012,27.07
temperature,2012,27.05
temperature,2012,27.02
temperature,2012,26.99
temperature,2012,26.96
temperature,2012,26.93
temperature,2012,27.3
temperature,2012,27.27
temperature,2012,27.25
temperature,2012,27.22
temperature,2012,27.19
temperature,2012,27.16
temperature,2012,27.13
temperature,2012,27.1
temperature,2012,27.07
temperature,2012,27.05
temperature,2012,27.02
temperature,2012,26.99
temperature,2012,26.96
temperature,2012,26.93
temperature,2012,26.9
temperature,2012,27.27
temperature,2012,27.25
temperature,2012,27.22
temperature,2012,27.19
temperature,2012,27.16
temperature,2012,27.13
temperature,2012,27.1
temperature,2012,27.07
temperature,2012,27.05
temperature,2012,27.02
temperature,2012,26.99
temperature,2012,26.96
temperature,2012,26.93
temperature,2012,26.9
temperature,2012,26.88
temperature,2012,26.85
temperature,2012,27.25
temperature,2012,27.22
temperature,2012,27.19
temperature,2012,27.16
temperature,2012,27.13
temperature,2012,27.1
temperature,2012,27.07
temperature,2012,27.05
temperature,2012,27.02
temperature,2012,26.99
temperature,2012,26.96
temperature,2012,26.93
temperature,2012,26.9
temperature,2012,26.88
temperature,2012,26.85
temperature,2012,26.82
temperature,2012,27.19
temperature,2012,27.16
temperature,2012,27.13
temperature,2012,27.1
temperature,2012,27.07
temperature,2012,27.05
temperature,2012,27.02
temperature,2012,26.99
temperature,2012,26.96
temperature,2012,26.93
temperature,2012,26.9
temperature,2012,26.88
temperature,2012,26.85
temperature,2012,26.82
temperature,2012,26.79
temperature,2012,27.16
temperature,2012,27.13
temperature,2012,27.1
temperature,2012,27.07
temperature,2012,27.05
temperature,2012,27.02
temperature,2012,26.99
temperature,2012,26.96
temperature,2012,26.93
temperature,2012,26.9
temperature,2012,26.88
temperature,2012,26.85
temperature,2012,26.82
temperature,2012,26.79
temperature,2012,26.76
temperature,2012,27.13
temperature,2012,27.1
temperature,2012,27.07
temperature,2012,27.05
temperature,2012,27.02
temperature,2012,26.99
temperature,2012,26.96
temperature,2012,26.93
temperature,2012,26.9
temperature,2012,26.88
temperature,2012,26.85
temperature,2012,26.82
temperature,2012,26.79
temperature,2012,26.76
temperature,2012,26.73
temperature,2012,26.71
temperature,2012,27.07
temperature,2012,27.05
temperature,2012,27.02
temperature,2012,26.99
temperature,2012,26.96
temperature,2012,26.93
temperature,2012,26.9
temperature,2012,26.88
temperature,2012,26.85
temperature,2012,26.82
temperature,2012,26.79
temperature,2012,26.76
temperature,2012,26.73
temperature,2012,26.71
temperature,2012,26.68
temperature,2012,27.05
temperature,2012,27.02
temperature,2012,26.99
temperature,2012,26.96
temperature,2012,26.93
temperature,2012,26.9
temperature,2012,26.88
temperature,2012,26.85
temperature,2012,26.82
temperature,2012,26.79
temperature,2012,26.76
temperature,2012,26.73
temperature,2012,26.71
temperature,2012,26.68
temperature,2012,26.65
temperature,2012,27.02
temperature,2012,26.99
temperature,2012,26.96
temperature,2012,26.93
temperature,2012,26.9
temperature,2012,26.88
temperature,2012,26.85
temperature,2012,26.82
temperature,2012,26.79
temperature,2012,26.76
temperature,2012,26.73
temperature,2012,26.71
temperature,2012,26.68
temperature,2012,26.65
temperature,2012,26.62
temperature,2012,26.99
temperature,2012,26.96
temperature,2012,26.93
temperature,2012,26.9
temperature,2012,26.88
temperature,2012,26.85
temperature,2012,26.82
temperature,2012,26.79
temperature,2012,26.76
temperature,2012,26.73
temperature,2012,26.71
temperature,2012,26.68
temperature,2012,26.65
temperature,2012,26.62
temperature,2012,26.93
temperature,2012,26.9
temperature,2012,26.88
temperature,2012,26.85
temperature,2012,26.82
temperature,2012,26.79
temperature,2012,26.76
temperature,2012,26.73
temperature,2012,26.71
temperature,2012,26.68
temperature,2012,26.65
temperature,2012,26.62
temperature,2012,26.9
temperature,2012,26.88
temperature,2012,26.85
temperature,2012,26.82
temperature,2012,26.79
temperature,2012,26.76
temperature,2012,26.73
temperature,2012,26.71
temperature,2012,26.68
temperature,2012,26.65
temperature,2012,26.62
temperature,2012,26.88
temperature,2012,26.85
temperature,2012,26.82
temperature,2012,26.79
temperature,2012,26.76
temperature,2012,26.73
temperature,2012,26.71
temperature,2012,26.68
temperature,2012,26.65
temperature,2012,26.62
temperature,2012,26.82
temperature,2012,26.79
temperature,2012,26.76
temperature,2012,26.73
temperature,2012,26.71
temperature,2012,26.68
temperature,2012,26.65
temperature,2012,26.79
temperature,2012,26.76
temperature,2012,26.73
temperature,2012,26.71
temperature,2012,26.68
temperature,2013,29.89
temperature,2013,29.86
temperature,2013,29.83
temperature,2013,29.8
temperature,2013,29.89
temperature,2013,29.86
temperature,2013,29.83
temperature,2013,29.8
temperature,2013,29.89
temperature,2013,29.86
temperature,2013,29.83
temperature,2013,29.8
temperature,2013,29.89
temperature,2013,29.86
temperature,2013,29.83
temperature,2013,29.8
temperature,2013,29.89
temperature,2013,29.86
temperature,2013,29.83
temperature,2013,29.8
temperature,2013,29.89
temperature,2013,29.86
temperature,2013,29.83
temperature,2013,29.8
temperature,2013,29.89
temperature,2013,29.86
temperature,2013,29.83
temperature,2013,29.8
temperature,2013,29.89
temperature,2013,29.86
temperature,2013,29.83
temperature,2013,29.8
temperature,2013,29.89
temperature,2013,29.86
temperature,2013,29.83
temperature,2013,29.8
temperature,2013,28.67
temperature,2013,28.64
temperature,2013,28.61
temperature,2013,28.58
temperature,2013,28.55
temperature,2013,29.89
temperature,2013,29.86
temperature,2013,29.83
temperature,2013,29.8
temperature,2013,28.72
temperature,2013,28.69
temperature,2013,28.67
temperature,2013,28.64
temperature,2013,28.61
temperature,2013,28.58
temperature,2013,28.55
temperature,2013,28.52
temperature,2013,29.89
temperature,2013,29.86
temperature,2013,29.83
temperature,2013,29.8
temperature,2013,28.72
temperature,2013,28.69
temperature,2013,28.67
temperature,2013,28.64
temperature,2013,28.61
temperature,2013,28.58
temperature,2013,28.55
temperature,2013,28.52
temperature,2013,28.5
temperature,2013,29.89
temperature,2013,29.86
temperature,2013,29.83
temperature,2013,29.8
temperature,2013,28.72
temperature,2013,28.69
temperature,2013,28.67
temperature,2013,28.64
temperature,2013,28.61
temperature,2013,28.58
temperature,2013,28.55
temperature,2013,28.52
temperature,2013,28.5
temperature,2013,28.47
temperature,2013,29.89
temperature,2013,29.86
temperature,2013,29.83
temperature,2013,29.8
temperature,2013,28.75
temperature,2013,28.72
temperature,2013,28.69
temperature,2013,28.67
temperature,2013,28.64
temperature,2013,28.61
temperature,2013,28.58
temperature,2013,28.55
temperature,2013,28.52
temperature,2013,28.5
temperature,2013,28.47
temperature,2013,28.44
temperature,2013,29.89
temperature,2013,29.86
temperature,2013,29.83
temperature,2013,29.8
temperature,2013,28.72
temperature,2013,28.69
temperature,2013,28.67
temperature,2013,28.64
temperature,2013,28.61
temperature,2013,28.58
temperature,2013,28.55
temperature,2013,28.52
temperature,2013,28.5
temperature,2013,28.47
temperature,2013,28.44
temperature,2013,28.41
temperature,2013,29.89
temperature,2013,29.86
temperature,2013,29.83
temperature,2013,29.8
temperature,2013,28.72
temperature,2013,28.69
temperature,2013,28.67
temperature,2013,28.64
temperature,2013,28.61
temperature,2013,28.58
temperature,2013,28.55
temperature,2013,28.52
temperature,2013,28.5
temperature,2013,28.47
temperature,2013,28.44
temperature,2013,28.41
temperature,2013,28.38
temperature,2013,29.89
temperature,2013,29.86
temperature,2013,29.83
temperature,2013,29.8
temperature,2013,28.69
temperature,2013,28.67
temperature,2013,28.64
temperature,2013,28.61
temperature,2013,28.58
temperature,2013,28.55
temperature,2013,28.52
temperature,2013,28.5
temperature,2013,28.47
temperature,2013,28.44
temperature,2013,28.41
temperature,2013,28.38
temperature,2013,28.35
temperature,2013,29.89
temperature,2013,29.86
temperature,2013,29.83
temperature,2013,29.8
temperature,2013,28.67
temperature,2013,28.64
temperature,2013,28.61
temperature,2013,28.58
temperature,2013,28.55
temperature,2013,28.52
temperature,2013,28.5
temperature,2013,28.47
temperature,2013,28.44
temperature,2013,28.41
temperature,2013,28.38
temperature,2013,28.35
temperature,2013,28.32
temperature,2013,29.89
temperature,2013,29.86
temperature,2013,29.83
temperature,2013,29.8
temperature,2013,28.64
temperature,2013,28.61
temperature,2013,28.58
temperature,2013,28.55
temperature,2013,28.52
temperature,2013,28.5
temperature,2013,28.47
temperature,2013,28.44
temperature,2013,28.41
temperature,2013,28.38
temperature,2013,28.35
temperature,2013,28.32
temperature,2013,28.3
temperature,2013,29.89
temperature,2013,29.86
temperature,2013,29.83
temperature,2013,29.8
temperature,2013,28.61
temperature,2013,28.58
temperature,2013,28.55
temperature,2013,28.52
temperature,2013,28.5
temperature,2013,28.47
temperature,2013,28.44
temperature,2013,28.41
temperature,2013,28.38
temperature,2013,28.35
temperature,2013,28.32
temperature,2013,28.3
temperature,2013,28.27
temperature,2013,29.89
temperature,2013,29.86
temperature,2013,29.83
temperature,2013,29.8
temperature,2013,28.58
temperature,2013,28.55
temperature,2013,28.52
temperature,2013,28.5
temperature,2013,28.47
temperature,2013,28.44
temperature,2013,28.41
temperature,2013,28.38
temperature,2013,28.35
temperature,2013,28.32
temperature,2013,28.3
temperature,2013,28.27
temperature,2013,28.24
temperature,2013,29.89
temperature,2013,29.86
temperature,2013,29.83
temperature,2013,29.8
temperature,2013,28.55
temperature,2013,28.52
temperature,2013,28.5
temperature,2013,28.47
temperature,2013,28.44
temperature,2013,28.41
temperature,2013,28.38
temperature,2013,28.35
temperature,2013,28.32
temperature,2013,28.3
temperature,2013,28.27
temperature,2013,28.24
temperature,2013,28.21
temperature,2013,29.89
temperature,2013,29.86
temperature,2013,29.83
temperature,2013,29.8
temperature,2013,28.52
temperature,2013,28.5
temperature,2013,28.47
temperature,2013,28.44
temperature,2013,28.41
temperature,2013,28.38
temperature,2013,28.35
temperature,2013,28.32
temperature,2013,28.3
temperature,2013,28.27
temperature,2013,28.24
temperature,2013,28.21
temperature,2013,28.18
temperature,2013,29.89
temperature,2013,29.86
temperature,2013,29.83
temperature,2013,29.8
temperature,2013,28.5
temperature,2013,28.47
temperature,2013,28.44
temperature,2013,28.41
temperature,2013,28.38
temperature,2013,28.35
temperature,2013,28.32
temperature,2013,28.3
temperature,2013,28.27
temperature,2013,28.24
temperature,2013,28.21
temperature,2013,28.18
temperature,2013,28.15
temperature,2013,29.89
temperature,2013,29.86
temperature,2013,29.83
temperature,2013,29.8
temperature,2013,28.47
temperature,2013,28.44
temperature,2013,28.41
temperature,2013,28.38
temperature,2013,28.35
temperature,2013,28.32
temperature,2013,28.3
temperature,2013,28.27
temperature,2013,28.24
temperature,2013,28.21
temperature,2013,28.18
temperature,2013,28.15
temperature,2013,28.13
temperature,2013,28.1
temperature,2013,29.89
temperature,2013,29.86
temperature,2013,29.83
temperature,2013,29.8
temperature,2013,28.44
temperature,2013,28.41
temperature,2013,28.38
temperature,2013,28.35
temperature,2013,28.32
temperature,2013,28.3
temperature,2013,28.27
temperature,2013,28.24
temperature,2013,28.21
temperature,2013,28.18
temperature,2013,28.15
temperature,2013,28.13
temperature,2013,28.1
temperature,2013,28.07
temperature,2013,29.89
temperature,2013,29.86
temperature,2013,29.83
temperature,2013,29.8
temperature,2013,28.41
temperature,2013,28.38
temperature,2013,28.35
temperature,2013,28.32
temperature,2013,28.3
temperature,2013,28.27
temperature,2013,28.24
temperature,2013,28.21
temperature,2013,28.18
temperature,2013,28.15
temperature,2013,28.13
temperature,2013,28.1
temperature,2013,28.07
temperature,2013,28.04
temperature,2013,28.01
temperature,2013,29.89
temperature,2013,29.86
temperature,2013,29.83
temperature,2013,29.8
temperature,2013,28.38
temperature,2013,28.35
temperature,2013,28.32
temperature,2013,28.3
temperature,2013,28.27
temperature,2013,28.24
temperature,2013,28.21
temperature,2013,28.18
temperature,2013,28.15
temperature,2013,28.13
temperature,2013,28.1
temperature,2013,28.07
temperature,2013,28.04
temperature,2013,28.01
temperature,2013,27.98
temperature,2013,29.89
temperature,2013,29.86
temperature,2013,29.83
temperature,2013,29.8
temperature,2013,28.35
temperature,2013,28.32
temperature,2013,28.3
temperature,2013,28.27
temperature,2013,28.24
temperature,2013,28.21
temperature,2013,28.18
temperature,2013,28.15
temperature,2013,28.13
temperature,2013,28.1
temperature,2013,28.07
temperature,2013,28.04
temperature,2013,28.01
temperature,2013,27.98
temperature,2013,27.96
temperature,2013,27.93
temperature,2013,29.89
temperature,2013,29.86
temperature,2013,29.83
temperature,2013,29.8
temperature,2013,28.32
temperature,2013,28.3
temperature,2013,28.27
temperature,2013,28.24
temperature,2013,28.21
temperature,2013,28.18
temperature,2013,28.15
temperature,2013,28.13
temperature,2013,28.1
temperature,2013,28.07
temperature,2013,28.04
temperature,2013,28.01
temperature,2013,27.98
temperature,2013,27.96
temperature,2013,27.93
temperature,2013,27.9
temperature,2013,29.89
temperature,2013,29.86
temperature,2013,29.83
temperature,2013,29.8
temperature,2013,28.3
temperature,2013,28.27
temperature,2013,28.24
temperature,2013,28.21
temperature,2013,28.18
temperature,2013,28.15
temperature,2013,28.13
temperature,2013,28.1
temperature,2013,28.07
temperature,2013,28.04
temperature,2013,28.01
temperature,2013,27.98
temperature,2013,27.96
temperature,2013,27.93
temperature,2013,27.9
temperature,2013,27.87
temperature,2013,27.84
temperature,2013,29.89
temperature,2013,29.86
temperature,2013,29.83
temperature,2013,29.8
temperature,2013,28.27
temperature,2013,28.24
temperature,2013,28.21
temperature,2013,28.18
temperature,2013,28.15
temperature,2013,28.13
temperature,2013,28.1
temperature,2013,28.07
temperature,2013,28.04
temperature,2013,28.01
temperature,2013,27.98
temperature,2013,27.96
temperature,2013,27.93
temperature,2013,27.9
temperature,2013,27.87
temperature,2013,27.84
temperature,2013,27.81
temperature,2013,29.89
temperature,2013,29.86
temperature,2013,29.83
temperature,2013,29.8
temperature,2013,28.21
temperature,2013,28.18
temperature,2013,28.15
temperature,2013,28.13
temperature,2013,28.1
temperature,2013,28.07
temperature,2013,28.04
temperature,2013,28.01
temperature,2013,27.98
temperature,2013,27.96
temperature,2013,27.93
temperature,2013,27.9
temperature,2013,27.87
temperature,2013,27.84
temperature,2013,27.81
temperature,2013,27.79
temperature,2013,29.89
temperature,2013,29.86
temperature,2013,29.83
temperature,2013,29.8
temperature,2013,28.18
temperature,2013,28.15
temperature,2013,28.13
temperature,2013,28.1
temperature,2013,28.07
temperature,2013,28.04
temperature,2013,28.01
temperature,2013,27.98
temperature,2013,27.96
temperature,2013,27.93
temperature,2013,27.9
temperature,2013,27.87
temperature,2013,27.84
temperature,2013,27.81
temperature,2013,27.79
temperature,2013,29.89
temperature,2013,29.86
temperature,2013,29.83
temperature,2013,29.8
temperature,2013,28.13
temperature,2013,28.1
temperature,2013,28.07
temperature,2013,28.04
temperature,2013,28.01
temperature,2013,27.98
temperature,2013,27.96
temperature,2013,27.93
temperature,2013,27.9
temperature,2013,27.87
temperature,2013,27.84
temperature,2013,27.81
temperature,2013,27.79
temperature,2013,29.89
temperature,2013,29.86
temperature,2013,29.83
temperature,2013,29.8
temperature,2013,28.1
temperature,2013,28.07
temperature,2013,28.04
temperature,2013,28.01
temperature,2013,27.98
temperature,2013,27.96
temperature,2013,27.93
temperature,2013,27.9
temperature,2013,27.87
temperature,2013,27.84
temperature,2013,27.81
temperature,2013,27.79
temperature,2013,27.76
temperature,2013,29.89
temperature,2013,29.86
temperature,2013,29.83
temperature,2013,29.8
temperature,2013,28.07
temperature,2013,28.04
temperature,2013,28.01
temperature,2013,27.98
temperature,2013,27.96
temperature,2013,27.93
temperature,2013,27.9
temperature,2013,27.87
temperature,2013,27.84
temperature,2013,27.81
temperature,2013,27.79
temperature,2013,27.76
temperature,2013,27.73
temperature,2013,29.89
temperature,2013,29.86
temperature,2013,29.83
temperature,2013,29.8
temperature,2013,28.01
temperature,2013,27.98
temperature,2013,27.96
temperature,2013,27.93
temperature,2013,27.9
temperature,2013,27.87
temperature,2013,27.84
temperature,2013,27.81
temperature,2013,27.79
temperature,2013,27.76
temperature,2013,27.73
temperature,2013,29.89
temperature,2013,29.86
temperature,2013,29.83
temperature,2013,29.8
temperature,2013,27.98
temperature,2013,27.96
temperature,2013,27.93
temperature,2013,27.9
temperature,2013,27.87
temperature,2013,27.84
temperature,2013,27.81
temperature,2013,27.79
temperature,2013,27.76
temperature,2013,27.73
temperature,2013,27.7
temperature,2013,29.89
temperature,2013,29.86
temperature,2013,29.83
temperature,2013,29.8
temperature,2013,27.93
temperature,2013,27.9
temperature,2013,27.87
temperature,2013,27.84
temperature,2013,27.81
temperature,2013,27.79
temperature,2013,27.76
temperature,2013,27.73
temperature,2013,27.7
temperature,2013,29.89
temperature,2013,29.86
temperature,2013,29.83
temperature,2013,29.8
temperature,2013,27.9
temperature,2013,27.87
temperature,2013,27.84
temperature,2013,27.81
temperature,2013,27.79
temperature,2013,27.76
temperature,2013,27.73
temperature,2013,27.7
temperature,2013,27.67
temperature,2013,29.89
temperature,2013,29.86
temperature,2013,29.83
temperature,2013,29.8
temperature,2013,27.84
temperature,2013,27.81
temperature,2013,27.79
temperature,2013,27.76
temperature,2013,27.73
temperature,2013,27.7
temperature,2013,27.67
temperature,2013,29.83
temperature,2013,29.8
temperature,2013,27.81
temperature,2013,27.79
temperature,2013,27.76
temperature,2013,27.73
temperature,2013,27.7
temperature,2013,27.67
temperature,2013,27.81
temperature,2013,27.79
temperature,2013,27.76
temperature,2013,27.73
temperature,2013,27.7
temperature,2013,27.67
temperature,2013,27.64
temperature,2013,27.81
temperature,2013,27.79
temperature,2013,27.76
temperature,2013,27.73
temperature,2013,27.7
temperature,2013,27.67
temperature,2013,27.64
temperature,2013,27.81
temperature,2013,27.79
temperature,2013,27.76
temperature,2013,27.73
temperature,2013,27.7
temperature,2013,27.67
temperature,2013,27.64
temperature,2013,27.61
temperature,2013,27.81
temperature,2013,27.79
temperature,2013,27.76
temperature,2013,27.73
temperature,2013,27.7
temperature,2013,27.67
temperature,2013,27.64
temperature,2013,27.61
temperature,2013,27.81
temperature,2013,27.79
temperature,2013,27.76
temperature,2013,27.73
temperature,2013,27.7
temperature,2013,27.67
temperature,2013,27.64
temperature,2013,27.61
temperature,2013,27.59
temperature,2013,27.81
temperature,2013,27.79
temperature,2013,27.76
temperature,2013,27.73
temperature,2013,27.7
temperature,2013,27.67
temperature,2013,27.64
temperature,2013,27.61
temperature,2013,27.59
temperature,2013,27.84
temperature,2013,27.81
temperature,2013,27.79
temperature,2013,27.76
temperature,2013,27.73
temperature,2013,27.7
temperature,2013,27.67
temperature,2013,27.64
temperature,2013,27.61
temperature,2013,27.59
temperature,2013,27.84
temperature,2013,27.81
temperature,2013,27.79
temperature,2013,27.76
temperature,2013,27.73
temperature,2013,27.7
temperature,2013,27.67
temperature,2013,27.64
temperature,2013,27.61
temperature,2013,27.59
temperature,2013,27.84
temperature,2013,27.81
temperature,2013,27.79
temperature,2013,27.76
temperature,2013,27.73
temperature,2013,27.7
temperature,2013,27.67
temperature,2013,27.64
temperature,2013,27.61
temperature,2013,27.59
temperature,2013,27.84
temperature,2013,27.81
temperature,2013,27.79
temperature,2013,27.76
temperature,2013,27.73
temperature,2013,27.7
temperature,2013,27.67
temperature,2013,27.64
temperature,2013,27.61
temperature,2013,27.59
temperature,2013,27.84
temperature,2013,27.81
temperature,2013,27.79
temperature,2013,27.76
temperature,2013,27.73
temperature,2013,27.7
temperature,2013,27.67
temperature,2013,27.64
temperature,2013,27.61
temperature,2013,27.59
temperature,2013,27.84
temperature,2013,27.81
temperature,2013,27.79
temperature,2013,27.76
temperature,2013,27.73
temperature,2013,27.7
temperature,2013,27.67
temperature,2013,27.64
temperature,2013,27.61
temperature,2013,27.59
temperature,2013,27.84
temperature,2013,27.81
temperature,2013,27.79
temperature,2013,27.76
temperature,2013,27.73
temperature,2013,27.7
temperature,2013,27.67
temperature,2013,27.64
temperature,2013,27.61
temperature,2013,27.59
temperature,2013,27.81
temperature,2013,27.79
temperature,2013,27.76
temperature,2013,27.73
temperature,2013,27.7
temperature,2013,27.67
temperature,2013,27.64
temperature,2013,27.61
temperature,2013,27.59
temperature,2013,27.81
temperature,2013,27.79
temperature,2013,27.76
temperature,2013,27.73
temperature,2013,27.7
temperature,2013,27.67
temperature,2013,27.64
temperature,2013,27.61
temperature,2013,27.59
temperature,2013,27.81
temperature,2013,27.79
temperature,2013,27.76
temperature,2013,27.73
temperature,2013,27.7
temperature,2013,27.67
temperature,2013,27.64
temperature,2013,27.61
temperature,2013,27.59
temperature,2013,27.56
temperature,2013,27.81
temperature,2013,27.79
temperature,2013,27.76
temperature,2013,27.73
temperature,2013,27.7
temperature,2013,27.67
temperature,2013,27.64
temperature,2013,27.61
temperature,2013,27.59
temperature,2013,27.56
temperature,2013,27.81
temperature,2013,27.79
temperature,2013,27.76
temperature,2013,27.73
temperature,2013,27.7
temperature,2013,27.67
temperature,2013,27.64
temperature,2013,27.61
temperature,2013,27.59
temperature,2013,27.56
temperature,2013,27.79
temperature,2013,27.76
temperature,2013,27.73
temperature,2013,27.7
temperature,2013,27.67
temperature,2013,27.64
temperature,2013,27.61
temperature,2013,27.59
temperature,2013,27.56
temperature,2013,27.79
temperature,2013,27.76
temperature,2013,27.73
temperature,2013,27.7
temperature,2013,27.67
temperature,2013,27.64
temperature,2013,27.61
temperature,2013,27.59
temperature,2013,27.56
temperature,2013,27.79
temperature,2013,27.76
temperature,2013,27.73
temperature,2013,27.7
temperature,2013,27.67
temperature,2013,27.64
temperature,2013,27.61
temperature,2013,27.59
temperature,2013,27.56
temperature,2013,27.53
temperature,2013,27.79
temperature,2013,27.76
temperature,2013,27.73
temperature,2013,27.7
temperature,2013,27.67
temperature,2013,27.64
temperature,2013,27.61
temperature,2013,27.59
temperature,2013,27.56
temperature,2013,27.53
temperature,2013,27.79
temperature,2013,27.76
temperature,2013,27.73
temperature,2013,27.7
temperature,2013,27.67
temperature,2013,27.64
temperature,2013,27.61
temperature,2013,27.59
temperature,2013,27.56
temperature,2013,27.53
temperature,2013,27.81
temperature,2013,27.79
temperature,2013,27.76
temperature,2013,27.73
temperature,2013,27.7
temperature,2013,27.67
temperature,2013,27.64
temperature,2013,27.61
temperature,2013,27.59
temperature,2013,27.56
temperature,2013,27.53
temperature,2013,27.84
temperature,2013,27.81
temperature,2013,27.79
temperature,2013,27.76
temperature,2013,27.73
temperature,2013,27.7
temperature,2013,27.67
temperature,2013,27.64
temperature,2013,27.61
temperature,2013,27.59
temperature,2013,27.56
temperature,2013,27.53
temperature,2013,27.84
temperature,2013,27.81
temperature,2013,27.79
temperature,2013,27.76
temperature,2013,27.73
temperature,2013,27.7
temperature,2013,27.67
temperature,2013,27.64
temperature,2013,27.61
temperature,2013,27.59
temperature,2013,27.56
temperature,2013,27.53
temperature,2013,27.87
temperature,2013,27.84
temperature,2013,27.81
temperature,2013,27.79
temperature,2013,27.76
temperature,2013,27.73
temperature,2013,27.7
temperature,2013,27.67
temperature,2013,27.64
temperature,2013,27.61
temperature,2013,27.59
temperature,2013,27.56
temperature,2013,27.9
temperature,2013,27.87
temperature,2013,27.84
temperature,2013,27.81
temperature,2013,27.79
temperature,2013,27.76
temperature,2013,27.73
temperature,2013,27.7
temperature,2013,27.67
temperature,2013,27.64
temperature,2013,27.61
temperature,2013,27.59
temperature,2013,27.93
temperature,2013,27.9
temperature,2013,27.87
temperature,2013,27.84
temperature,2013,27.81
temperature,2013,27.79
temperature,2013,27.76
temperature,2013,27.73
temperature,2013,27.7
temperature,2013,27.67
temperature,2013,27.64
temperature,2013,27.61
temperature,2013,27.96
temperature,2013,27.93
temperature,2013,27.9
temperature,2013,27.87
temperature,2013,27.84
temperature,2013,27.81
temperature,2013,27.79
temperature,2013,27.76
temperature,2013,27.73
temperature,2013,27.7
temperature,2013,27.67
temperature,2013,27.64
temperature,2013,27.61
temperature,2013,27.98
temperature,2013,27.96
temperature,2013,27.93
temperature,2013,27.9
temperature,2013,27.87
temperature,2013,27.84
temperature,2013,27.81
temperature,2013,27.79
temperature,2013,27.76
temperature,2013,27.73
temperature,2013,27.7
temperature,2013,27.67
temperature,2013,27.64
temperature,2013,28.01
temperature,2013,27.98
temperature,2013,27.96
temperature,2013,27.93
temperature,2013,27.9
temperature,2013,27.87
temperature,2013,27.84
temperature,2013,27.81
temperature,2013,27.79
temperature,2013,27.76
temperature,2013,27.73
temperature,2013,27.7
temperature,2013,27.67
temperature,2013,28.01
temperature,2013,27.98
temperature,2013,27.96
temperature,2013,27.93
temperature,2013,27.9
temperature,2013,27.87
temperature,2013,27.84
temperature,2013,27.81
temperature,2013,27.79
temperature,2013,27.76
temperature,2013,27.73
temperature,2013,27.7
temperature,2013,28.04
temperature,2013,28.01
temperature,2013,27.98
temperature,2013,27.96
temperature,2013,27.93
temperature,2013,27.9
temperature,2013,27.87
temperature,2013,27.84
temperature,2013,27.81
temperature,2013,27.79
temperature,2013,27.76
temperature,2013,27.73
temperature,2013,28.07
temperature,2013,28.04
temperature,2013,28.01
temperature,2013,27.98
temperature,2013,27.96
temperature,2013,27.93
temperature,2013,27.9
temperature,2013,27.87
temperature,2013,27.84
temperature,2013,27.81
temperature,2013,27.79
temperature,2013,27.76
temperature,2013,28.1
temperature,2013,28.07
temperature,2013,28.04
temperature,2013,28.01
temperature,2013,27.98
temperature,2013,27.96
temperature,2013,27.93
temperature,2013,27.9
temperature,2013,27.87
temperature,2013,27.84
temperature,2013,27.81
temperature,2013,27.79
temperature,2013,27.76
temperature,2013,28.1
temperature,2013,28.07
temperature,2013,28.04
temperature,2013,28.01
temperature,2013,27.98
temperature,2013,27.96
temperature,2013,27.93
temperature,2013,27.9
temperature,2013,27.87
temperature,2013,27.84
temperature,2013,27.81
temperature,2013,27.79
temperature,2013,27.76
temperature,2013,27.73
temperature,2013,27.7
temperature,2013,28.1
temperature,2013,28.07
temperature,2013,28.04
temperature,2013,28.01
temperature,2013,27.98
temperature,2013,27.96
temperature,2013,27.93
temperature,2013,27.9
temperature,2013,27.87
temperature,2013,27.84
temperature,2013,27.81
temperature,2013,27.79
temperature,2013,27.76
temperature,2013,27.73
temperature,2013,27.7
temperature,2013,27.67
temperature,2013,27.64
temperature,2013,28.1
temperature,2013,28.07
temperature,2013,28.04
temperature,2013,28.01
temperature,2013,27.98
temperature,2013,27.96
temperature,2013,27.93
temperature,2013,27.9
temperature,2013,27.87
temperature,2013,27.84
temperature,2013,27.81
temperature,2013,27.79
temperature,2013,27.76
temperature,2013,27.73
temperature,2013,27.7
temperature,2013,27.67
temperature,2013,27.64
temperature,2013,27.61
temperature,2013,27.59
temperature,2013,27.56
temperature,2013,28.07
temperature,2013,28.04
temperature,2013,28.01
temperature,2013,27.98
temperature,2013,27.96
temperature,2013,27.93
temperature,2013,27.9
temperature,2013,27.87
temperature,2013,27.84
temperature,2013,27.81
temperature,2013,27.79
temperature,2013,27.76
temperature,2013,27.73
temperature,2013,27.7
temperature,2013,27.67
temperature,2013,27.64
temperature,2013,27.61
temperature,2013,27.59
temperature,2013,27.56
temperature,2013,27.53
temperature,2013,27.5
temperature,2013,28.04
temperature,2013,28.01
temperature,2013,27.98
temperature,2013,27.96
temperature,2013,27.93
temperature,2013,27.9
temperature,2013,27.87
temperature,2013,27.84
temperature,2013,27.81
temperature,2013,27.79
temperature,2013,27.76
temperature,2013,27.73
temperature,2013,27.7
temperature,2013,27.67
temperature,2013,27.64
temperature,2013,27.61
temperature,2013,27.59
temperature,2013,27.56
temperature,2013,27.53
temperature,2013,27.5
temperature,2013,27.47
temperature,2013,27.44
temperature,2013,28.01
temperature,2013,27.98
temperature,2013,27.96
temperature,2013,27.93
temperature,2013,27.9
temperature,2013,27.87
temperature,2013,27.84
temperature,2013,27.81
temperature,2013,27.79
temperature,2013,27.76
temperature,2013,27.73
temperature,2013,27.7
temperature,2013,27.67
temperature,2013,27.64
temperature,2013,27.61
temperature,2013,27.59
temperature,2013,27.56
temperature,2013,27.53
temperature,2013,27.5
temperature,2013,27.47
temperature,2013,27.44
temperature,2013,27.42
temperature,2013,27.39
temperature,2013,27.96
temperature,2013,27.93
temperature,2013,27.9
temperature,2013,27.87
temperature,2013,27.84
temperature,2013,27.81
temperature,2013,27.79
temperature,2013,27.76
temperature,2013,27.73
temperature,2013,27.7
temperature,2013,27.67
temperature,2013,27.64
temperature,2013,27.61
temperature,2013,27.59
temperature,2013,27.56
temperature,2013,27.53
temperature,2013,27.5
temperature,2013,27.47
temperature,2013,27.44
temperature,2013,27.42
temperature,2013,27.39
temperature,2013,27.36
temperature,2013,27.33
temperature,2013,27.3
temperature,2013,27.9
temperature,2013,27.87
temperature,2013,27.84
temperature,2013,27.81
temperature,2013,27.79
temperature,2013,27.76
temperature,2013,27.73
temperature,2013,27.7
temperature,2013,27.67
temperature,2013,27.64
temperature,2013,27.61
temperature,2013,27.59
temperature,2013,27.56
temperature,2013,27.53
temperature,2013,27.5
temperature,2013,27.47
temperature,2013,27.44
temperature,2013,27.42
temperature,2013,27.39
temperature,2013,27.36
temperature,2013,27.33
temperature,2013,27.3
temperature,2013,27.27
temperature,2013,27.25
temperature,2013,27.81
temperature,2013,27.79
temperature,2013,27.76
temperature,2013,27.73
temperature,2013,27.7
temperature,2013,27.67
temperature,2013,27.64
temperature,2013,27.61
temperature,2013,27.59
temperature,2013,27.56
temperature,2013,27.53
temperature,2013,27.5
temperature,2013,27.47
temperature,2013,27.44
temperature,2013,27.42
temperature,2013,27.39
temperature,2013,27.36
temperature,2013,27.33
temperature,2013,27.3
temperature,2013,27.27
temperature,2013,27.25
temperature,2013,27.22
temperature,2013,27.19
temperature,2013,27.76
temperature,2013,27.73
temperature,2013,27.7
temperature,2013,27.67
temperature,2013,27.64
temperature,2013,27.61
temperature,2013,27.59
temperature,2013,27.56
temperature,2013,27.53
temperature,2013,27.5
temperature,2013,27.47
temperature,2013,27.44
temperature,2013,27.42
temperature,2013,27.39
temperature,2013,27.36
temperature,2013,27.33
temperature,2013,27.3
temperature,2013,27.27
temperature,2013,27.25
temperature,2013,27.22
temperature,2013,27.19
temperature,2013,27.16
temperature,2013,27.13
temperature,2013,27.7
temperature,2013,27.67
temperature,2013,27.64
temperature,2013,27.61
temperature,2013,27.59
temperature,2013,27.56
temperature,2013,27.53
temperature,2013,27.5
temperature,2013,27.47
temperature,2013,27.44
temperature,2013,27.42
temperature,2013,27.39
temperature,2013,27.36
temperature,2013,27.33
temperature,2013,27.3
temperature,2013,27.27
temperature,2013,27.25
temperature,2013,27.22
temperature,2013,27.19
temperature,2013,27.16
temperature,2013,27.13
temperature,2013,27.1
temperature,2013,27.07
temperature,2013,27.64
temperature,2013,27.61
temperature,2013,27.59
temperature,2013,27.56
temperature,2013,27.53
temperature,2013,27.5
temperature,2013,27.47
temperature,2013,27.44
temperature,2013,27.42
temperature,2013,27.39
temperature,2013,27.36
temperature,2013,27.33
temperature,2013,27.3
temperature,2013,27.27
temperature,2013,27.25
temperature,2013,27.22
temperature,2013,27.19
temperature,2013,27.16
temperature,2013,27.13
temperature,2013,27.1
temperature,2013,27.07
temperature,2013,27.05
temperature,2013,27.56
temperature,2013,27.53
temperature,2013,27.5
temperature,2013,27.47
temperature,2013,27.44
temperature,2013,27.42
temperature,2013,27.39
temperature,2013,27.36
temperature,2013,27.33
temperature,2013,27.3
temperature,2013,27.27
temperature,2013,27.25
temperature,2013,27.22
temperature,2013,27.19
temperature,2013,27.16
temperature,2013,27.13
temperature,2013,27.1
temperature,2013,27.07
temperature,2013,27.05
temperature,2013,27.02
temperature,2013,27.5
temperature,2013,27.47
temperature,2013,27.44
temperature,2013,27.42
temperature,2013,27.39
temperature,2013,27.36
temperature,2013,27.33
temperature,2013,27.3
temperature,2013,27.27
temperature,2013,27.25
temperature,2013,27.22
temperature,2013,27.19
temperature,2013,27.16
temperature,2013,27.13
temperature,2013,27.1
temperature,2013,27.07
temperature,2013,27.05
temperature,2013,27.02
temperature,2013,27.44
temperature,2013,27.42
temperature,2013,27.39
temperature,2013,27.36
temperature,2013,27.33
temperature,2013,27.3
temperature,2013,27.27
temperature,2013,27.25
temperature,2013,27.22
temperature,2013,27.19
temperature,2013,27.16
temperature,2013,27.13
temperature,2013,27.1
temperature,2013,27.07
temperature,2013,27.05
temperature,2013,27.02
temperature,2013,27.39
temperature,2013,27.36
temperature,2013,27.33
temperature,2013,27.3
temperature,2013,27.27
temperature,2013,27.25
temperature,2013,27.22
temperature,2013,27.19
temperature,2013,27.16
temperature,2013,27.13
temperature,2013,27.1
temperature,2013,27.07
temperature,2013,27.05
temperature,2013,27.02
temperature,2013,27.3
temperature,2013,27.27
temperature,2013,27.25
temperature,2013,27.22
temperature,2013,27.19
temperature,2013,27.16
temperature,2013,27.13
temperature,2013,27.1
temperature,2013,27.07
temperature,2013,27.05
temperature,2013,27.3
temperature,2013,27.27
temperature,2013,27.25
temperature,2013,27.22
temperature,2013,27.19
temperature,2013,27.16
temperature,2013,27.13
temperature,2013,27.1
temperature,2013,27.07
temperature,2013,27.05
temperature,2013,27.3
temperature,2013,27.27
temperature,2013,27.25
temperature,2013,27.22
temperature,2013,27.19
temperature,2013,27.16
temperature,2013,27.13
temperature,2013,27.1
temperature,2013,27.07
temperature,2013,27.05
temperature,2013,27.3
temperature,2013,27.27
temperature,2013,27.25
temperature,2013,27.22
temperature,2013,27.19
temperature,2013,27.16
temperature,2013,27.13
temperature,2013,27.1
temperature,2013,27.07
temperature,2013,27.05
temperature,2013,27.33
temperature,2013,27.3
temperature,2013,27.27
temperature,2013,27.25
temperature,2013,27.22
temperature,2013,27.19
temperature,2013,27.16
temperature,2013,27.13
temperature,2013,27.1
temperature,2013,27.07
temperature,2013,27.33
temperature,2013,27.3
temperature,2013,27.27
temperature,2013,27.25
temperature,2013,27.22
temperature,2013,27.19
temperature,2013,27.16
temperature,2013,27.13
temperature,2013,27.1
temperature,2013,27.07
temperature,2013,27.33
temperature,2013,27.3
temperature,2013,27.27
temperature,2013,27.25
temperature,2013,27.22
temperature,2013,27.19
temperature,2013,27.16
temperature,2013,27.13
temperature,2013,27.1
temperature,2013,27.07
temperature,2013,27.36
temperature,2013,27.33
temperature,2013,27.3
temperature,2013,27.27
temperature,2013,27.25
temperature,2013,27.22
temperature,2013,27.19
temperature,2013,27.16
temperature,2013,27.13
temperature,2013,27.1
temperature,2013,27.36
temperature,2013,27.33
temperature,2013,27.3
temperature,2013,27.27
temperature,2013,27.25
temperature,2013,27.22
temperature,2013,27.19
temperature,2013,27.16
temperature,2013,27.13
temperature,2013,27.1
temperature,2013,27.36
temperature,2013,27.33
temperature,2013,27.3
temperature,2013,27.27
temperature,2013,27.25
temperature,2013,27.22
temperature,2013,27.19
temperature,2013,27.16
temperature,2013,27.13
temperature,2013,27.1
temperature,2013,27.39
temperature,2013,27.36
temperature,2013,27.33
temperature,2013,27.3
temperature,2013,27.27
temperature,2013,27.25
temperature,2013,27.22
temperature,2013,27.19
temperature,2013,27.16
temperature,2013,27.13
temperature,2013,27.1
temperature,2013,27.39
temperature,2013,27.36
temperature,2013,27.33
temperature,2013,27.3
temperature,2013,27.27
temperature,2013,27.25
temperature,2013,27.22
temperature,2013,27.19
temperature,2013,27.16
temperature,2013,27.13
temperature,2013,27.1
temperature,2013,27.39
temperature,2013,27.36
temperature,2013,27.33
temperature,2013,27.3
temperature,2013,27.27
temperature,2013,27.25
temperature,2013,27.22
temperature,2013,27.19
temperature,2013,27.16
temperature,2013,27.13
temperature,2013,27.1
temperature,2013,27.36
temperature,2013,27.33
temperature,2013,27.3
temperature,2013,27.27
temperature,2013,27.25
temperature,2013,27.22
temperature,2013,27.19
temperature,2013,27.16
temperature,2013,27.13
temperature,2013,27.1
temperature,2013,27.07
temperature,2013,27.36
temperature,2013,27.33
temperature,2013,27.3
temperature,2013,27.27
temperature,2013,27.25
temperature,2013,27.22
temperature,2013,27.19
temperature,2013,27.16
temperature,2013,27.13
temperature,2013,27.1
temperature,2013,27.07
temperature,2013,27.33
temperature,2013,27.3
temperature,2013,27.27
temperature,2013,27.25
temperature,2013,27.22
temperature,2013,27.19
temperature,2013,27.16
temperature,2013,27.13
temperature,2013,27.1
temperature,2013,27.07
temperature,2013,27.05
temperature,2013,27.33
temperature,2013,27.3
temperature,2013,27.27
temperature,2013,27.25
temperature,2013,27.22
temperature,2013,27.19
temperature,2013,27.16
temperature,2013,27.13
temperature,2013,27.1
temperature,2013,27.07
temperature,2013,27.05
temperature,2013,27.3
temperature,2013,27.27
temperature,2013,27.25
temperature,2013,27.22
temperature,2013,27.19
temperature,2013,27.16
temperature,2013,27.13
temperature,2013,27.1
temperature,2013,27.07
temperature,2013,27.05
temperature,2013,27.02
temperature,2013,27.27
temperature,2013,27.25
temperature,2013,27.22
temperature,2013,27.19
temperature,2013,27.16
temperature,2013,27.13
temperature,2013,27.1
temperature,2013,27.07
temperature,2013,27.05
temperature,2013,27.02
temperature,2013,26.99
temperature,2013,27.27
temperature,2013,27.25
temperature,2013,27.22
temperature,2013,27.19
temperature,2013,27.16
temperature,2013,27.13
temperature,2013,27.1
temperature,2013,27.07
temperature,2013,27.05
temperature,2013,27.02
temperature,2013,26.99
temperature,2013,27.25
temperature,2013,27.22
temperature,2013,27.19
temperature,2013,27.16
temperature,2013,27.13
temperature,2013,27.1
temperature,2013,27.07
temperature,2013,27.05
temperature,2013,27.02
temperature,2013,26.99
temperature,2013,26.96
temperature,2013,27.25
temperature,2013,27.22
temperature,2013,27.19
temperature,2013,27.16
temperature,2013,27.13
temperature,2013,27.1
temperature,2013,27.07
temperature,2013,27.05
temperature,2013,27.02
temperature,2013,26.99
temperature,2013,26.96
temperature,2013,27.22
temperature,2013,27.19
temperature,2013,27.16
temperature,2013,27.13
temperature,2013,27.1
temperature,2013,27.07
temperature,2013,27.05
temperature,2013,27.02
temperature,2013,26.99
temperature,2013,26.96
temperature,2013,26.93
temperature,2013,27.27
temperature,2013,27.25
temperature,2013,27.22
temperature,2013,27.19
temperature,2013,27.16
temperature,2013,27.13
temperature,2013,27.1
temperature,2013,27.07
temperature,2013,27.05
temperature,2013,27.02
temperature,2013,26.99
temperature,2013,26.96
temperature,2013,26.93
temperature,2013,26.9
temperature,2013,27.36
temperature,2013,27.33
temperature,2013,27.3
temperature,2013,27.27
temperature,2013,27.25
temperature,2013,27.22
temperature,2013,27.19
temperature,2013,27.16
temperature,2013,27.13
temperature,2013,27.1
temperature,2013,27.07
temperature,2013,27.05
temperature,2013,27.02
temperature,2013,26.99
temperature,2013,26.96
temperature,2013,26.93
temperature,2013,26.9
temperature,2013,29.8
temperature,2013,27.44
temperature,2013,27.42
temperature,2013,27.39
temperature,2013,27.36
temperature,2013,27.33
temperature,2013,27.3
temperature,2013,27.27
temperature,2013,27.25
temperature,2013,27.22
temperature,2013,27.19
temperature,2013,27.16
temperature,2013,27.13
temperature,2013,27.1
temperature,2013,27.07
temperature,2013,27.05
temperature,2013,27.02
temperature,2013,26.99
temperature,2013,26.96
temperature,2013,26.93
temperature,2013,26.9
temperature,2013,29.8
temperature,2013,27.53
temperature,2013,27.5
temperature,2013,27.47
temperature,2013,27.44
temperature,2013,27.42
temperature,2013,27.39
temperature,2013,27.36
temperature,2013,27.33
temperature,2013,27.3
temperature,2013,27.27
temperature,2013,27.25
temperature,2013,27.22
temperature,2013,27.19
temperature,2013,27.16
temperature,2013,27.13
temperature,2013,27.1
temperature,2013,27.07
temperature,2013,27.05
temperature,2013,27.02
temperature,2013,26.99
temperature,2013,26.96
temperature,2013,26.93
temperature,2013,26.9
temperature,2013,29.8
temperature,2013,27.61
temperature,2013,27.59
temperature,2013,27.56
temperature,2013,27.53
temperature,2013,27.5
temperature,2013,27.47
temperature,2013,27.44
temperature,2013,27.42
temperature,2013,27.39
temperature,2013,27.36
temperature,2013,27.33
temperature,2013,27.3
temperature,2013,27.27
temperature,2013,27.25
temperature,2013,27.22
temperature,2013,27.19
temperature,2013,27.16
temperature,2013,27.13
temperature,2013,27.1
temperature,2013,27.07
temperature,2013,27.05
temperature,2013,27.02
temperature,2013,26.99
temperature,2013,26.96
temperature,2013,26.93
temperature,2013,29.8
temperature,2013,27.67
temperature,2013,27.64
temperature,2013,27.61
temperature,2013,27.59
temperature,2013,27.56
temperature,2013,27.53
temperature,2013,27.5
temperature,2013,27.47
temperature,2013,27.44
temperature,2013,27.42
temperature,2013,27.39
temperature,2013,27.36
temperature,2013,27.33
temperature,2013,27.3
temperature,2013,27.27
temperature,2013,27.25
temperature,2013,27.22
temperature,2013,27.19
temperature,2013,27.16
temperature,2013,27.13
temperature,2013,27.1
temperature,2013,27.07
temperature,2013,27.05
temperature,2013,27.02
temperature,2013,26.99
temperature,2013,26.96
temperature,2013,26.93
temperature,2013,29.83
temperature,2013,29.8
temperature,2013,27.76
temperature,2013,27.73
temperature,2013,27.7
temperature,2013,27.67
temperature,2013,27.64
temperature,2013,27.61
temperature,2013,27.59
temperature,2013,27.56
temperature,2013,27.53
temperature,2013,27.5
temperature,2013,27.47
temperature,2013,27.44
temperature,2013,27.42
temperature,2013,27.39
temperature,2013,27.36
temperature,2013,27.33
temperature,2013,27.3
temperature,2013,27.27
temperature,2013,27.25
temperature,2013,27.22
temperature,2013,27.19
temperature,2013,27.16
temperature,2013,27.13
temperature,2013,27.1
temperature,2013,27.07
temperature,2013,27.05
temperature,2013,27.02
temperature,2013,26.99
temperature,2013,29.86
temperature,2013,29.83
temperature,2013,29.8
temperature,2013,27.84
temperature,2013,27.81
temperature,2013,27.79
temperature,2013,27.76
temperature,2013,27.73
temperature,2013,27.7
temperature,2013,27.67
temperature,2013,27.64
temperature,2013,27.61
temperature,2013,27.59
temperature,2013,27.56
temperature,2013,27.53
temperature,2013,27.5
temperature,2013,27.47
temperature,2013,27.44
temperature,2013,27.42
temperature,2013,27.39
temperature,2013,27.36
temperature,2013,27.33
temperature,2013,27.3
temperature,2013,27.27
temperature,2013,27.25
temperature,2013,27.22
temperature,2013,27.19
temperature,2013,27.16
temperature,2013,27.13
temperature,2013,27.1
temperature,2013,27.07
temperature,2013,29.86
temperature,2013,29.83
temperature,2013,29.8
temperature,2013,27.93
temperature,2013,27.9
temperature,2013,27.87
temperature,2013,27.84
temperature,2013,27.81
temperature,2013,27.79
temperature,2013,27.76
temperature,2013,27.73
temperature,2013,27.7
temperature,2013,27.67
temperature,2013,27.64
temperature,2013,27.61
temperature,2013,27.59
temperature,2013,27.56
temperature,2013,27.53
temperature,2013,27.5
temperature,2013,27.47
temperature,2013,27.44
temperature,2013,27.42
temperature,2013,27.39
temperature,2013,27.36
temperature,2013,27.33
temperature,2013,27.3
temperature,2013,27.27
temperature,2013,27.25
temperature,2013,27.22
temperature,2013,27.19
temperature,2013,27.16
temperature,2013,27.13
temperature,2013,29.86
temperature,2013,29.83
temperature,2013,29.8
temperature,2013,28.01
temperature,2013,27.98
temperature,2013,27.96
temperature,2013,27.93
temperature,2013,27.9
temperature,2013,27.87
temperature,2013,27.84
temperature,2013,27.81
temperature,2013,27.79
temperature,2013,27.76
temperature,2013,27.73
temperature,2013,27.7
temperature,2013,27.67
temperature,2013,27.64
temperature,2013,27.61
temperature,2013,27.59
temperature,2013,27.56
temperature,2013,27.53
temperature,2013,27.5
temperature,2013,27.47
temperature,2013,27.44
temperature,2013,27.42
temperature,2013,27.39
temperature,2013,27.36
temperature,2013,27.33
temperature,2013,27.3
temperature,2013,27.27
temperature,2013,27.25
temperature,2013,27.22
temperature,2013,29.86
temperature,2013,29.83
temperature,2013,29.8
temperature,2013,28.1
temperature,2013,28.07
temperature,2013,28.04
temperature,2013,28.01
temperature,2013,27.98
temperature,2013,27.96
temperature,2013,27.93
temperature,2013,27.9
temperature,2013,27.87
temperature,2013,27.84
temperature,2013,27.81
temperature,2013,27.79
temperature,2013,27.76
temperature,2013,27.73
temperature,2013,27.7
temperature,2013,27.67
temperature,2013,27.64
temperature,2013,27.61
temperature,2013,27.59
temperature,2013,27.56
temperature,2013,27.53
temperature,2013,27.5
temperature,2013,27.47
temperature,2013,27.44
temperature,2013,27.42
temperature,2013,27.39
temperature,2013,27.36
temperature,2013,27.33
temperature,2013,27.3
temperature,2013,29.86
temperature,2013,29.83
temperature,2013,29.8
temperature,2013,28.18
temperature,2013,28.15
temperature,2013,28.13
temperature,2013,28.1
temperature,2013,28.07
temperature,2013,28.04
temperature,2013,28.01
temperature,2013,27.98
temperature,2013,27.96
temperature,2013,27.93
temperature,2013,27.9
temperature,2013,27.87
temperature,2013,27.84
temperature,2013,27.81
temperature,2013,27.79
temperature,2013,27.76
temperature,2013,27.73
temperature,2013,27.7
temperature,2013,27.67
temperature,2013,27.64
temperature,2013,27.61
temperature,2013,27.59
temperature,2013,27.56
temperature,2013,27.53
temperature,2013,27.5
temperature,2013,27.47
temperature,2013,27.44
temperature,2013,27.42
temperature,2013,27.39
temperature,2013,29.86
temperature,2013,29.83
temperature,2013,29.8
temperature,2013,28.27
temperature,2013,28.24
temperature,2013,28.21
temperature,2013,28.18
temperature,2013,28.15
temperature,2013,28.13
temperature,2013,28.1
temperature,2013,28.07
temperature,2013,28.04
temperature,2013,28.01
temperature,2013,27.98
temperature,2013,27.96
temperature,2013,27.93
temperature,2013,27.9
temperature,2013,27.87
temperature,2013,27.84
temperature,2013,27.81
temperature,2013,27.79
temperature,2013,27.76
temperature,2013,27.73
temperature,2013,27.7
temperature,2013,27.67
temperature,2013,27.64
temperature,2013,27.61
temperature,2013,27.59
temperature,2013,27.56
temperature,2013,27.53
temperature,2013,27.5
temperature,2013,27.47
temperature,2013,29.86
temperature,2013,29.83
temperature,2013,29.8
temperature,2013,28.35
temperature,2013,28.32
temperature,2013,28.3
temperature,2013,28.27
temperature,2013,28.24
temperature,2013,28.21
temperature,2013,28.18
temperature,2013,28.15
temperature,2013,28.13
temperature,2013,28.1
temperature,2013,28.07
temperature,2013,28.04
temperature,2013,28.01
temperature,2013,27.98
temperature,2013,27.96
temperature,2013,27.93
temperature,2013,27.9
temperature,2013,27.87
temperature,2013,27.84
temperature,2013,27.81
temperature,2013,27.79
temperature,2013,27.76
temperature,2013,27.73
temperature,2013,27.7
temperature,2013,27.67
temperature,2013,27.64
temperature,2013,27.61
temperature,2013,27.59
temperature,2013,27.56
temperature,2013,29.86
temperature,2013,29.83
temperature,2013,29.8
temperature,2013,28.44
temperature,2013,28.41
temperature,2013,28.38
temperature,2013,28.35
temperature,2013,28.32
temperature,2013,28.3
temperature,2013,28.27
temperature,2013,28.24
temperature,2013,28.21
temperature,2013,28.18
temperature,2013,28.15
temperature,2013,28.13
temperature,2013,28.1
temperature,2013,28.07
temperature,2013,28.04
temperature,2013,28.01
temperature,2013,27.98
temperature,2013,27.96
temperature,2013,27.93
temperature,2013,27.9
temperature,2013,27.87
temperature,2013,27.84
temperature,2013,27.81
temperature,2013,27.79
temperature,2013,27.76
temperature,2013,27.73
temperature,2013,27.7
temperature,2013,27.67
temperature,2013,27.64
temperature,2013,27.61
temperature,2013,29.86
temperature,2013,29.83
temperature,2013,29.8
temperature,2013,28.52
temperature,2013,28.5
temperature,2013,28.47
temperature,2013,28.44
temperature,2013,28.41
temperature,2013,28.38
temperature,2013,28.35
temperature,2013,28.32
temperature,2013,28.3
temperature,2013,28.27
temperature,2013,28.24
temperature,2013,28.21
temperature,2013,28.18
temperature,2013,28.15
temperature,2013,28.13
temperature,2013,28.1
temperature,2013,28.07
temperature,2013,28.04
temperature,2013,28.01
temperature,2013,27.98
temperature,2013,27.96
temperature,2013,27.93
temperature,2013,27.9
temperature,2013,27.87
temperature,2013,27.84
temperature,2013,27.81
temperature,2013,27.79
temperature,2013,27.76
temperature,2013,27.73
temperature,2013,27.7
temperature,2013,29.89
temperature,2013,29.86
temperature,2013,29.83
temperature,2013,29.8
temperature,2013,28.61
temperature,2013,28.58
temperature,2013,28.55
temperature,2013,28.52
temperature,2013,28.5
temperature,2013,28.47
temperature,2013,28.44
temperature,2013,28.41
temperature,2013,28.38
temperature,2013,28.35
temperature,2013,28.32
temperature,2013,28.3
temperature,2013,28.27
temperature,2013,28.24
temperature,2013,28.21
temperature,2013,28.18
temperature,2013,28.15
temperature,2013,28.13
temperature,2013,28.1
temperature,2013,28.07
temperature,2013,28.04
temperature,2013,28.01
temperature,2013,27.98
temperature,2013,27.96
temperature,2013,27.93
temperature,2013,27.9
temperature,2013,27.87
temperature,2013,27.84
temperature,2013,27.81
temperature,2013,27.79
temperature,2013,29.89
temperature,2013,29.86
temperature,2013,29.83
temperature,2013,29.8
temperature,2013,28.69
temperature,2013,28.67
temperature,2013,28.64
temperature,2013,28.61
temperature,2013,28.58
temperature,2013,28.55
temperature,2013,28.52
temperature,2013,28.5
temperature,2013,28.47
temperature,2013,28.44
temperature,2013,28.41
temperature,2013,28.38
temperature,2013,28.35
temperature,2013,28.32
temperature,2013,28.3
temperature,2013,28.27
temperature,2013,28.24
temperature,2013,28.21
temperature,2013,28.18
temperature,2013,28.15
temperature,2013,28.13
temperature,2013,28.1
temperature,2013,28.07
temperature,2013,28.04
temperature,2013,28.01
temperature,2013,27.98
temperature,2013,27.96
temperature,2013,27.93
temperature,2013,27.9
temperature,2013,27.87
temperature,2013,29.89
temperature,2013,29.86
temperature,2013,29.83
temperature,2013,29.8
temperature,2013,28.78
temperature,2013,28.75
temperature,2013,28.72
temperature,2013,28.69
temperature,2013,28.67
temperature,2013,28.64
temperature,2013,28.61
temperature,2013,28.58
temperature,2013,28.55
temperature,2013,28.52
temperature,2013,28.5
temperature,2013,28.47
temperature,2013,28.44
temperature,2013,28.41
temperature,2013,28.38
temperature,2013,28.35
temperature,2013,28.32
temperature,2013,28.3
temperature,2013,28.27
temperature,2013,28.24
temperature,2013,28.21
temperature,2013,28.18
temperature,2013,28.15
temperature,2013,28.13
temperature,2013,28.1
temperature,2013,28.07
temperature,2013,28.04
temperature,2013,28.01
temperature,2013,27.98
temperature,2013,27.96
temperature,2013,29.89
temperature,2013,29.86
temperature,2013,29.83
temperature,2013,29.8
temperature,2013,28.86
temperature,2013,28.84
temperature,2013,28.81
temperature,2013,28.78
temperature,2013,28.75
temperature,2013,28.72
temperature,2013,28.69
temperature,2013,28.67
temperature,2013,28.64
temperature,2013,28.61
temperature,2013,28.58
temperature,2013,28.55
temperature,2013,28.52
temperature,2013,28.5
temperature,2013,28.47
temperature,2013,28.44
temperature,2013,28.41
temperature,2013,28.38
temperature,2013,28.35
temperature,2013,28.32
temperature,2013,28.3
temperature,2013,28.27
temperature,2013,28.24
temperature,2013,28.21
temperature,2013,28.18
temperature,2013,28.15
temperature,2013,28.13
temperature,2013,28.1
temperature,2013,28.07
temperature,2013,28.04
temperature,2013,29.89
temperature,2013,29.86
temperature,2013,29.83
temperature,2013,29.8
temperature,2013,28.95
temperature,2013,28.92
temperature,2013,28.89
temperature,2013,28.86
temperature,2013,28.84
temperature,2013,28.81
temperature,2013,28.78
temperature,2013,28.75
temperature,2013,28.72
temperature,2013,28.69
temperature,2013,28.67
temperature,2013,28.64
temperature,2013,28.61
temperature,2013,28.58
temperature,2013,28.55
temperature,2013,28.52
temperature,2013,28.5
temperature,2013,28.47
temperature,2013,28.44
temperature,2013,28.41
temperature,2013,28.38
temperature,2013,28.35
temperature,2013,28.32
temperature,2013,28.3
temperature,2013,28.27
temperature,2013,28.24
temperature,2013,28.21
temperature,2013,28.18
temperature,2013,28.15
temperature,2013,28.13
temperature,2013,29.89
temperature,2013,29.86
temperature,2013,29.83
temperature,2013,29.8
temperature,2013,29.04
temperature,2013,29.01
temperature,2013,28.98
temperature,2013,28.95
temperature,2013,28.92
temperature,2013,28.89
temperature,2013,28.86
temperature,2013,28.84
temperature,2013,28.81
temperature,2013,28.78
temperature,2013,28.75
temperature,2013,28.72
temperature,2013,28.69
temperature,2013,28.67
temperature,2013,28.64
temperature,2013,28.61
temperature,2013,28.58
temperature,2013,28.55
temperature,2013,28.52
temperature,2013,28.5
temperature,2013,28.47
temperature,2013,28.44
temperature,2013,28.41
temperature,2013,28.38
temperature,2013,28.35
temperature,2013,28.32
temperature,2013,28.3
temperature,2013,28.27
temperature,2013,28.24
temperature,2013,28.21
temperature,2013,29.89
temperature,2013,29.86
temperature,2013,29.83
temperature,2013,29.8
temperature,2013,29.12
temperature,2013,29.09
temperature,2013,29.06
temperature,2013,29.04
temperature,2013,29.01
temperature,2013,28.98
temperature,2013,28.95
temperature,2013,28.92
temperature,2013,28.89
temperature,2013,28.86
temperature,2013,28.84
temperature,2013,28.81
temperature,2013,28.78
temperature,2013,28.75
temperature,2013,28.72
temperature,2013,28.69
temperature,2013,28.67
temperature,2013,28.64
temperature,2013,28.61
temperature,2013,28.58
temperature,2013,28.55
temperature,2013,28.52
temperature,2013,28.5
temperature,2013,28.47
temperature,2013,28.44
temperature,2013,28.41
temperature,2013,28.38
temperature,2013,28.35
temperature,2013,28.32
temperature,2013,28.3
temperature,2013,29.89
temperature,2013,29.86
temperature,2013,29.83
temperature,2013,29.8
temperature,2013,29.21
temperature,2013,29.18
temperature,2013,29.15
temperature,2013,29.12
temperature,2013,29.09
temperature,2013,29.06
temperature,2013,29.04
temperature,2013,29.01
temperature,2013,28.98
temperature,2013,28.95
temperature,2013,28.92
temperature,2013,28.89
temperature,2013,28.86
temperature,2013,28.84
temperature,2013,28.81
temperature,2013,28.78
temperature,2013,28.75
temperature,2013,28.72
temperature,2013,28.69
temperature,2013,28.67
temperature,2013,28.64
temperature,2013,28.61
temperature,2013,28.58
temperature,2013,28.55
temperature,2013,28.52
temperature,2013,28.5
temperature,2013,28.47
temperature,2013,28.44
temperature,2013,28.41
temperature,2013,28.38
temperature,2013,29.89
temperature,2013,29.86
temperature,2013,29.83
temperature,2013,29.8
temperature,2013,29.23
temperature,2013,29.21
temperature,2013,29.18
temperature,2013,29.15
temperature,2013,29.12
temperature,2013,29.09
temperature,2013,29.06
temperature,2013,29.04
temperature,2013,29.01
temperature,2013,28.98
temperature,2013,28.95
temperature,2013,28.92
temperature,2013,28.89
temperature,2013,28.86
temperature,2013,28.84
temperature,2013,28.81
temperature,2013,28.78
temperature,2013,28.75
temperature,2013,28.72
temperature,2013,28.69
temperature,2013,28.67
temperature,2013,28.64
temperature,2013,28.61
temperature,2013,28.58
temperature,2013,28.55
temperature,2013,28.52
temperature,2013,28.5
temperature,2013,28.47
temperature,2013,29.89
temperature,2013,29.86
temperature,2013,29.83
temperature,2013,29.8
temperature,2013,29.26
temperature,2013,29.23
temperature,2013,29.21
temperature,2013,29.18
temperature,2013,29.15
temperature,2013,29.12
temperature,2013,29.09
temperature,2013,29.06
temperature,2013,29.04
temperature,2013,29.01
temperature,2013,28.98
temperature,2013,28.95
temperature,2013,28.92
temperature,2013,28.89
temperature,2013,28.86
temperature,2013,28.84
temperature,2013,28.81
temperature,2013,28.78
temperature,2013,28.75
temperature,2013,28.72
temperature,2013,28.69
temperature,2013,28.67
temperature,2013,28.64
temperature,2013,28.61
temperature,2013,28.58
temperature,2013,28.55
temperature,2013,29.89
temperature,2013,29.86
temperature,2013,29.83
temperature,2013,29.8
temperature,2013,29.29
temperature,2013,29.26
temperature,2013,29.23
temperature,2013,29.21
temperature,2013,29.18
temperature,2013,29.15
temperature,2013,29.12
temperature,2013,29.09
temperature,2013,29.06
temperature,2013,29.04
temperature,2013,29.01
temperature,2013,28.98
temperature,2013,28.95
temperature,2013,28.92
temperature,2013,28.89
temperature,2013,28.86
temperature,2013,28.84
temperature,2013,28.81
temperature,2013,28.78
temperature,2013,28.75
temperature,2013,28.72
temperature,2013,28.69
temperature,2013,28.67
temperature,2013,28.64
temperature,2014,29.89
temperature,2014,29.86
temperature,2014,29.83
temperature,2014,29.8
temperature,2014,29.29
temperature,2014,29.26
temperature,2014,29.23
temperature,2014,29.21
temperature,2014,29.18
temperature,2014,29.15
temperature,2014,29.12
temperature,2014,29.09
temperature,2014,29.06
temperature,2014,29.04
temperature,2014,29.01
temperature,2014,28.98
temperature,2014,28.95
temperature,2014,28.92
temperature,2014,28.89
temperature,2014,28.86
temperature,2014,28.84
temperature,2014,28.81
temperature,2014,28.78
temperature,2014,28.75
temperature,2014,28.72
temperature,2014,29.89
temperature,2014,29.86
temperature,2014,29.83
temperature,2014,29.8
temperature,2014,29.29
temperature,2014,29.26
temperature,2014,29.23
temperature,2014,29.21
temperature,2014,29.18
temperature,2014,29.15
temperature,2014,29.12
temperature,2014,29.09
temperature,2014,29.06
temperature,2014,29.04
temperature,2014,29.01
temperature,2014,28.98
temperature,2014,28.95
temperature,2014,28.92
temperature,2014,28.89
temperature,2014,28.86
temperature,2014,28.84
temperature,2014,28.81
temperature,2014,29.89
temperature,2014,29.86
temperature,2014,29.83
temperature,2014,29.8
temperature,2014,29.29
temperature,2014,29.26
temperature,2014,29.23
temperature,2014,29.21
temperature,2014,29.18
temperature,2014,29.15
temperature,2014,29.12
temperature,2014,29.09
temperature,2014,29.06
temperature,2014,29.04
temperature,2014,29.01
temperature,2014,28.98
temperature,2014,28.95
temperature,2014,28.92
temperature,2014,28.89
temperature,2014,29.89
temperature,2014,29.86
temperature,2014,29.83
temperature,2014,29.8
temperature,2014,29.26
temperature,2014,29.23
temperature,2014,29.21
temperature,2014,29.18
temperature,2014,29.15
temperature,2014,29.12
temperature,2014,29.09
temperature,2014,29.06
temperature,2014,29.04
temperature,2014,29.01
temperature,2014,28.98
temperature,2014,28.95
temperature,2014,29.89
temperature,2014,29.86
temperature,2014,29.83
temperature,2014,29.8
temperature,2014,29.26
temperature,2014,29.23
temperature,2014,29.21
temperature,2014,29.18
temperature,2014,29.15
temperature,2014,29.12
temperature,2014,29.09
temperature,2014,29.06
temperature,2014,29.04
temperature,2014,29.01
temperature,2014,28.98
temperature,2014,28.95
temperature,2014,28.92
temperature,2014,29.89
temperature,2014,29.86
temperature,2014,29.83
temperature,2014,29.8
temperature,2014,29.23
temperature,2014,29.21
temperature,2014,29.18
temperature,2014,29.15
temperature,2014,29.12
temperature,2014,29.09
temperature,2014,29.06
temperature,2014,29.04
temperature,2014,29.01
temperature,2014,28.98
temperature,2014,28.95
temperature,2014,28.92
temperature,2014,28.89
temperature,2014,29.89
temperature,2014,29.86
temperature,2014,29.83
temperature,2014,29.8
temperature,2014,29.21
temperature,2014,29.18
temperature,2014,29.15
temperature,2014,29.12
temperature,2014,29.09
temperature,2014,29.06
temperature,2014,29.04
temperature,2014,29.01
temperature,2014,28.98
temperature,2014,28.95
temperature,2014,28.92
temperature,2014,28.89
temperature,2014,28.86
temperature,2014,29.89
temperature,2014,29.86
temperature,2014,29.83
temperature,2014,29.8
temperature,2014,29.18
temperature,2014,29.15
temperature,2014,29.12
temperature,2014,29.09
temperature,2014,29.06
temperature,2014,29.04
temperature,2014,29.01
temperature,2014,28.98
temperature,2014,28.95
temperature,2014,28.92
temperature,2014,28.89
temperature,2014,28.86
temperature,2014,28.84
temperature,2014,29.89
temperature,2014,29.86
temperature,2014,29.83
temperature,2014,29.8
temperature,2014,29.15
temperature,2014,29.12
temperature,2014,29.09
temperature,2014,29.06
temperature,2014,29.04
temperature,2014,29.01
temperature,2014,28.98
temperature,2014,28.95
temperature,2014,28.92
temperature,2014,28.89
temperature,2014,28.86
temperature,2014,28.84
temperature,2014,28.81
temperature,2014,29.89
temperature,2014,29.86
temperature,2014,29.83
temperature,2014,29.8
temperature,2014,29.12
temperature,2014,29.09
temperature,2014,29.06
temperature,2014,29.04
temperature,2014,29.01
temperature,2014,28.98
temperature,2014,28.95
temperature,2014,28.92
temperature,2014,28.89
temperature,2014,28.86
temperature,2014,28.84
temperature,2014,28.81
temperature,2014,28.78
temperature,2014,29.89
temperature,2014,29.86
temperature,2014,29.83
temperature,2014,29.8
temperature,2014,29.09
temperature,2014,29.06
temperature,2014,29.04
temperature,2014,29.01
temperature,2014,28.98
temperature,2014,28.95
temperature,2014,28.92
temperature,2014,28.89
temperature,2014,28.86
temperature,2014,28.84
temperature,2014,28.81
temperature,2014,28.78
temperature,2014,28.75
temperature,2014,29.89
temperature,2014,29.86
temperature,2014,29.83
temperature,2014,29.8
temperature,2014,29.06
temperature,2014,29.04
temperature,2014,29.01
temperature,2014,28.98
temperature,2014,28.95
temperature,2014,28.92
temperature,2014,28.89
temperature,2014,28.86
temperature,2014,28.84
temperature,2014,28.81
temperature,2014,28.78
temperature,2014,28.75
temperature,2014,29.89
temperature,2014,29.86
temperature,2014,29.83
temperature,2014,29.8
temperature,2014,29.04
temperature,2014,29.01
temperature,2014,28.98
temperature,2014,28.95
temperature,2014,28.92
temperature,2014,28.89
temperature,2014,28.86
temperature,2014,28.84
temperature,2014,28.81
temperature,2014,28.78
temperature,2014,28.75
temperature,2014,28.72
temperature,2014,29.89
temperature,2014,29.86
temperature,2014,29.83
temperature,2014,29.8
temperature,2014,29.04
temperature,2014,29.01
temperature,2014,28.98
temperature,2014,28.95
temperature,2014,28.92
temperature,2014,28.89
temperature,2014,28.86
temperature,2014,28.84
temperature,2014,28.81
temperature,2014,28.78
temperature,2014,28.75
temperature,2014,28.72
temperature,2014,29.89
temperature,2014,29.86
temperature,2014,29.83
temperature,2014,29.8
temperature,2014,29.01
temperature,2014,28.98
temperature,2014,28.95
temperature,2014,28.92
temperature,2014,28.89
temperature,2014,28.86
temperature,2014,28.84
temperature,2014,28.81
temperature,2014,28.78
temperature,2014,28.75
temperature,2014,28.72
temperature,2014,28.69
temperature,2014,29.89
temperature,2014,29.86
temperature,2014,29.83
temperature,2014,29.8
temperature,2014,28.98
temperature,2014,28.95
temperature,2014,28.92
temperature,2014,28.89
temperature,2014,28.86
temperature,2014,28.84
temperature,2014,28.81
temperature,2014,28.78
temperature,2014,28.75
temperature,2014,28.72
temperature,2014,28.69
temperature,2014,29.89
temperature,2014,29.86
temperature,2014,29.83
temperature,2014,29.8
temperature,2014,28.95
temperature,2014,28.92
temperature,2014,28.89
temperature,2014,28.86
temperature,2014,28.84
temperature,2014,28.81
temperature,2014,28.78
temperature,2014,28.75
temperature,2014,28.72
temperature,2014,28.69
temperature,2014,28.67
temperature,2014,29.89
temperature,2014,29.86
temperature,2014,29.83
temperature,2014,29.8
temperature,2014,28.92
temperature,2014,28.89
temperature,2014,28.86
temperature,2014,28.84
temperature,2014,28.81
temperature,2014,28.78
temperature,2014,28.75
temperature,2014,28.72
temperature,2014,28.69
temperature,2014,28.67
temperature,2014,29.89
temperature,2014,29.86
temperature,2014,29.83
temperature,2014,29.8
temperature,2014,28.92
temperature,2014,28.89
temperature,2014,28.86
temperature,2014,28.84
temperature,2014,28.81
temperature,2014,28.78
temperature,2014,28.75
temperature,2014,28.72
temperature,2014,28.69
temperature,2014,28.67
temperature,2014,28.64
temperature,2014,29.89
temperature,2014,29.86
temperature,2014,29.83
temperature,2014,29.8
temperature,2014,28.89
temperature,2014,28.86
temperature,2014,28.84
temperature,2014,28.81
temperature,2014,28.78
temperature,2014,28.75
temperature,2014,28.72
temperature,2014,28.69
temperature,2014,28.67
temperature,2014,28.64
temperature,2014,29.89
temperature,2014,29.86
temperature,2014,29.83
temperature,2014,29.8
temperature,2014,28.89
temperature,2014,28.86
temperature,2014,28.84
temperature,2014,28.81
temperature,2014,28.78
temperature,2014,28.75
temperature,2014,28.72
temperature,2014,28.69
temperature,2014,28.67
temperature,2014,28.64
temperature,2014,28.61
temperature,2014,29.89
temperature,2014,29.86
temperature,2014,29.83
temperature,2014,29.8
temperature,2014,28.86
temperature,2014,28.84
temperature,2014,28.81
temperature,2014,28.78
temperature,2014,28.75
temperature,2014,28.72
temperature,2014,28.69
temperature,2014,28.67
temperature,2014,28.64
temperature,2014,28.61
temperature,2014,29.89
temperature,2014,29.86
temperature,2014,29.83
temperature,2014,29.8
temperature,2014,28.86
temperature,2014,28.84
temperature,2014,28.81
temperature,2014,28.78
temperature,2014,28.75
temperature,2014,28.72
temperature,2014,28.69
temperature,2014,28.67
temperature,2014,28.64
temperature,2014,28.61
temperature,2014,28.58
temperature,2014,29.89
temperature,2014,29.86
temperature,2014,29.83
temperature,2014,29.8
temperature,2014,28.84
temperature,2014,28.81
temperature,2014,28.78
temperature,2014,28.75
temperature,2014,28.72
temperature,2014,28.69
temperature,2014,28.67
temperature,2014,28.64
temperature,2014,28.61
temperature,2014,28.58
temperature,2014,29.89
temperature,2014,29.86
temperature,2014,29.83
temperature,2014,29.8
temperature,2014,28.84
temperature,2014,28.81
temperature,2014,28.78
temperature,2014,28.75
temperature,2014,28.72
temperature,2014,28.69
temperature,2014,28.67
temperature,2014,28.64
temperature,2014,28.61
temperature,2014,28.58
temperature,2014,28.55
temperature,2014,29.89
temperature,2014,29.86
temperature,2014,29.83
temperature,2014,29.8
temperature,2014,28.81
temperature,2014,28.78
temperature,2014,28.75
temperature,2014,28.72
temperature,2014,28.69
temperature,2014,28.67
temperature,2014,28.64
temperature,2014,28.61
temperature,2014,28.58
temperature,2014,28.55
temperature,2014,28.52
temperature,2014,29.89
temperature,2014,29.86
temperature,2014,29.83
temperature,2014,29.8
temperature,2014,28.81
temperature,2014,28.78
temperature,2014,28.75
temperature,2014,28.72
temperature,2014,28.69
temperature,2014,28.67
temperature,2014,28.64
temperature,2014,28.61
temperature,2014,28.58
temperature,2014,28.55
temperature,2014,28.52
temperature,2014,28.5
temperature,2014,29.89
temperature,2014,29.86
temperature,2014,29.83
temperature,2014,29.8
temperature,2014,28.78
temperature,2014,28.75
temperature,2014,28.72
temperature,2014,28.69
temperature,2014,28.67
temperature,2014,28.64
temperature,2014,28.61
temperature,2014,28.58
temperature,2014,28.55
temperature,2014,28.52
temperature,2014,28.5
temperature,2014,28.47
temperature,2014,29.89
temperature,2014,29.86
temperature,2014,29.83
temperature,2014,29.8
temperature,2014,28.78
temperature,2014,28.75
temperature,2014,28.72
temperature,2014,28.69
temperature,2014,28.67
temperature,2014,28.64
temperature,2014,28.61
temperature,2014,28.58
temperature,2014,28.55
temperature,2014,28.52
temperature,2014,28.5
temperature,2014,28.47
temperature,2014,28.44
temperature,2014,29.89
temperature,2014,29.86
temperature,2014,29.83
temperature,2014,29.8
temperature,2014,28.75
temperature,2014,28.72
temperature,2014,28.69
temperature,2014,28.67
temperature,2014,28.64
temperature,2014,28.61
temperature,2014,28.58
temperature,2014,28.55
temperature,2014,28.52
temperature,2014,28.5
temperature,2014,28.47
temperature,2014,28.44
temperature,2014,29.89
temperature,2014,29.86
temperature,2014,29.83
temperature,2014,29.8
temperature,2014,28.75
temperature,2014,28.72
temperature,2014,28.69
temperature,2014,28.67
temperature,2014,28.64
temperature,2014,28.61
temperature,2014,28.58
temperature,2014,28.55
temperature,2014,28.52
temperature,2014,28.5
temperature,2014,28.47
temperature,2014,28.44
temperature,2014,28.41
temperature,2014,29.89
temperature,2014,29.86
temperature,2014,29.83
temperature,2014,29.8
temperature,2014,28.72
temperature,2014,28.69
temperature,2014,28.67
temperature,2014,28.64
temperature,2014,28.61
temperature,2014,28.58
temperature,2014,28.55
temperature,2014,28.52
temperature,2014,28.5
temperature,2014,28.47
temperature,2014,28.44
temperature,2014,28.41
temperature,2014,28.38
temperature,2014,29.89
temperature,2014,29.86
temperature,2014,29.83
temperature,2014,29.8
temperature,2014,28.69
temperature,2014,28.67
temperature,2014,28.64
temperature,2014,28.61
temperature,2014,28.58
temperature,2014,28.55
temperature,2014,28.52
temperature,2014,28.5
temperature,2014,28.47
temperature,2014,28.44
temperature,2014,28.41
temperature,2014,28.38
temperature,2014,28.35
temperature,2014,29.89
temperature,2014,29.86
temperature,2014,29.83
temperature,2014,29.8
temperature,2014,28.67
temperature,2014,28.64
temperature,2014,28.61
temperature,2014,28.58
temperature,2014,28.55
temperature,2014,28.52
temperature,2014,28.5
temperature,2014,28.47
temperature,2014,28.44
temperature,2014,28.41
temperature,2014,28.38
temperature,2014,28.35
temperature,2014,28.32
temperature,2014,29.89
temperature,2014,29.86
temperature,2014,29.83
temperature,2014,29.8
temperature,2014,28.64
temperature,2014,28.61
temperature,2014,28.58
temperature,2014,28.55
temperature,2014,28.52
temperature,2014,28.5
temperature,2014,28.47
temperature,2014,28.44
temperature,2014,28.41
temperature,2014,28.38
temperature,2014,28.35
temperature,2014,28.32
temperature,2014,28.3
temperature,2014,29.89
temperature,2014,29.86
temperature,2014,29.83
temperature,2014,29.8
temperature,2014,28.61
temperature,2014,28.58
temperature,2014,28.55
temperature,2014,28.52
temperature,2014,28.5
temperature,2014,28.47
temperature,2014,28.44
temperature,2014,28.41
temperature,2014,28.38
temperature,2014,28.35
temperature,2014,28.32
temperature,2014,28.3
temperature,2014,28.27
temperature,2014,29.89
temperature,2014,29.86
temperature,2014,29.83
temperature,2014,29.8
temperature,2014,28.58
temperature,2014,28.55
temperature,2014,28.52
temperature,2014,28.5
temperature,2014,28.47
temperature,2014,28.44
temperature,2014,28.41
temperature,2014,28.38
temperature,2014,28.35
temperature,2014,28.32
temperature,2014,28.3
temperature,2014,28.27
temperature,2014,28.24
temperature,2014,29.89
temperature,2014,29.86
temperature,2014,29.83
temperature,2014,29.8
temperature,2014,28.55
temperature,2014,28.52
temperature,2014,28.5
temperature,2014,28.47
temperature,2014,28.44
temperature,2014,28.41
temperature,2014,28.38
temperature,2014,28.35
temperature,2014,28.32
temperature,2014,28.3
temperature,2014,28.27
temperature,2014,28.24
temperature,2014,28.21
temperature,2014,29.89
temperature,2014,29.86
temperature,2014,29.83
temperature,2014,29.8
temperature,2014,28.52
temperature,2014,28.5
temperature,2014,28.47
temperature,2014,28.44
temperature,2014,28.41
temperature,2014,28.38
temperature,2014,28.35
temperature,2014,28.32
temperature,2014,28.3
temperature,2014,28.27
temperature,2014,28.24
temperature,2014,28.21
temperature,2014,28.18
temperature,2014,28.15
temperature,2014,29.89
temperature,2014,29.86
temperature,2014,29.83
temperature,2014,29.8
temperature,2014,28.5
temperature,2014,28.47
temperature,2014,28.44
temperature,2014,28.41
temperature,2014,28.38
temperature,2014,28.35
temperature,2014,28.32
temperature,2014,28.3
temperature,2014,28.27
temperature,2014,28.24
temperature,2014,28.21
temperature,2014,28.18
temperature,2014,28.15
temperature,2014,28.13
temperature,2014,29.89
temperature,2014,29.86
temperature,2014,29.83
temperature,2014,29.8
temperature,2014,28.47
temperature,2014,28.44
temperature,2014,28.41
temperature,2014,28.38
temperature,2014,28.35
temperature,2014,28.32
temperature,2014,28.3
temperature,2014,28.27
temperature,2014,28.24
temperature,2014,28.21
temperature,2014,28.18
temperature,2014,28.15
temperature,2014,28.13
temperature,2014,28.1
temperature,2014,28.07
temperature,2014,29.89
temperature,2014,29.86
temperature,2014,29.83
temperature,2014,29.8
temperature,2014,28.44
temperature,2014,28.41
temperature,2014,28.38
temperature,2014,28.35
temperature,2014,28.32
temperature,2014,28.3
temperature,2014,28.27
temperature,2014,28.24
temperature,2014,28.21
temperature,2014,28.18
temperature,2014,28.15
temperature,2014,28.13
temperature,2014,28.1
temperature,2014,28.07
temperature,2014,28.04
temperature,2014,29.89
temperature,2014,29.86
temperature,2014,29.83
temperature,2014,29.8
temperature,2014,28.41
temperature,2014,28.38
temperature,2014,28.35
temperature,2014,28.32
temperature,2014,28.3
temperature,2014,28.27
temperature,2014,28.24
temperature,2014,28.21
temperature,2014,28.18
temperature,2014,28.15
temperature,2014,28.13
temperature,2014,28.1
temperature,2014,28.07
temperature,2014,28.04
temperature,2014,28.01
temperature,2014,27.98
temperature,2014,29.89
temperature,2014,29.86
temperature,2014,29.83
temperature,2014,29.8
temperature,2014,28.38
temperature,2014,28.35
temperature,2014,28.32
temperature,2014,28.3
temperature,2014,28.27
temperature,2014,28.24
temperature,2014,28.21
temperature,2014,28.18
temperature,2014,28.15
temperature,2014,28.13
temperature,2014,28.1
temperature,2014,28.07
temperature,2014,28.04
temperature,2014,28.01
temperature,2014,27.98
temperature,2014,27.96
temperature,2014,29.89
temperature,2014,29.86
temperature,2014,29.83
temperature,2014,29.8
temperature,2014,28.35
temperature,2014,28.32
temperature,2014,28.3
temperature,2014,28.27
temperature,2014,28.24
temperature,2014,28.21
temperature,2014,28.18
temperature,2014,28.15
temperature,2014,28.13
temperature,2014,28.1
temperature,2014,28.07
temperature,2014,28.04
temperature,2014,28.01
temperature,2014,27.98
temperature,2014,27.96
temperature,2014,27.93
temperature,2014,27.9
temperature,2014,29.89
temperature,2014,29.86
temperature,2014,29.83
temperature,2014,29.8
temperature,2014,28.32
temperature,2014,28.3
temperature,2014,28.27
temperature,2014,28.24
temperature,2014,28.21
temperature,2014,28.18
temperature,2014,28.15
temperature,2014,28.13
temperature,2014,28.1
temperature,2014,28.07
temperature,2014,28.04
temperature,2014,28.01
temperature,2014,27.98
temperature,2014,27.96
temperature,2014,27.93
temperature,2014,27.9
temperature,2014,27.87
temperature,2014,29.89
temperature,2014,29.86
temperature,2014,29.83
temperature,2014,29.8
temperature,2014,28.27
temperature,2014,28.24
temperature,2014,28.21
temperature,2014,28.18
temperature,2014,28.15
temperature,2014,28.13
temperature,2014,28.1
temperature,2014,28.07
temperature,2014,28.04
temperature,2014,28.01
temperature,2014,27.98
temperature,2014,27.96
temperature,2014,27.93
temperature,2014,27.9
temperature,2014,27.87
temperature,2014,27.84
temperature,2014,27.81
temperature,2014,29.89
temperature,2014,29.86
temperature,2014,29.83
temperature,2014,29.8
temperature,2014,28.24
temperature,2014,28.21
temperature,2014,28.18
temperature,2014,28.15
temperature,2014,28.13
temperature,2014,28.1
temperature,2014,28.07
temperature,2014,28.04
temperature,2014,28.01
temperature,2014,27.98
temperature,2014,27.96
temperature,2014,27.93
temperature,2014,27.9
temperature,2014,27.87
temperature,2014,27.84
temperature,2014,27.81
temperature,2014,27.79
temperature,2014,29.8
temperature,2014,28.18
temperature,2014,28.15
temperature,2014,28.13
temperature,2014,28.1
temperature,2014,28.07
temperature,2014,28.04
temperature,2014,28.01
temperature,2014,27.98
temperature,2014,27.96
temperature,2014,27.93
temperature,2014,27.9
temperature,2014,27.87
temperature,2014,27.84
temperature,2014,27.81
temperature,2014,27.79
temperature,2014,27.76
temperature,2014,27.73
temperature,2014,29.8
temperature,2014,28.15
temperature,2014,28.13
temperature,2014,28.1
temperature,2014,28.07
temperature,2014,28.04
temperature,2014,28.01
temperature,2014,27.98
temperature,2014,27.96
temperature,2014,27.93
temperature,2014,27.9
temperature,2014,27.87
temperature,2014,27.84
temperature,2014,27.81
temperature,2014,27.79
temperature,2014,27.76
temperature,2014,27.73
temperature,2014,27.7
temperature,2014,29.8
temperature,2014,28.1
temperature,2014,28.07
temperature,2014,28.04
temperature,2014,28.01
temperature,2014,27.98
temperature,2014,27.96
temperature,2014,27.93
temperature,2014,27.9
temperature,2014,27.87
temperature,2014,27.84
temperature,2014,27.81
temperature,2014,27.79
temperature,2014,27.76
temperature,2014,27.73
temperature,2014,27.7
temperature,2014,27.67
temperature,2014,29.8
temperature,2014,28.07
temperature,2014,28.04
temperature,2014,28.01
temperature,2014,27.98
temperature,2014,27.96
temperature,2014,27.93
temperature,2014,27.9
temperature,2014,27.87
temperature,2014,27.84
temperature,2014,27.81
temperature,2014,27.79
temperature,2014,27.76
temperature,2014,27.73
temperature,2014,27.7
temperature,2014,27.67
temperature,2014,27.64
temperature,2014,29.8
temperature,2014,28.01
temperature,2014,27.98
temperature,2014,27.96
temperature,2014,27.93
temperature,2014,27.9
temperature,2014,27.87
temperature,2014,27.84
temperature,2014,27.81
temperature,2014,27.79
temperature,2014,27.76
temperature,2014,27.73
temperature,2014,27.7
temperature,2014,27.67
temperature,2014,27.64
temperature,2014,27.61
temperature,2014,29.8
temperature,2014,27.98
temperature,2014,27.96
temperature,2014,27.93
temperature,2014,27.9
temperature,2014,27.87
temperature,2014,27.84
temperature,2014,27.81
temperature,2014,27.79
temperature,2014,27.76
temperature,2014,27.73
temperature,2014,27.7
temperature,2014,27.67
temperature,2014,27.64
temperature,2014,27.61
temperature,2014,29.8
temperature,2014,27.93
temperature,2014,27.9
temperature,2014,27.87
temperature,2014,27.84
temperature,2014,27.81
temperature,2014,27.79
temperature,2014,27.76
temperature,2014,27.73
temperature,2014,27.7
temperature,2014,27.67
temperature,2014,27.64
temperature,2014,27.61
temperature,2014,29.8
temperature,2014,27.9
temperature,2014,27.87
temperature,2014,27.84
temperature,2014,27.81
temperature,2014,27.79
temperature,2014,27.76
temperature,2014,27.73
temperature,2014,27.7
temperature,2014,27.67
temperature,2014,27.64
temperature,2014,27.61
temperature,2014,27.87
temperature,2014,27.84
temperature,2014,27.81
temperature,2014,27.79
temperature,2014,27.76
temperature,2014,27.73
temperature,2014,27.7
temperature,2014,27.67
temperature,2014,27.64
temperature,2014,27.61
temperature,2014,27.87
temperature,2014,27.84
temperature,2014,27.81
temperature,2014,27.79
temperature,2014,27.76
temperature,2014,27.73
temperature,2014,27.7
temperature,2014,27.67
temperature,2014,27.64
temperature,2014,27.61
temperature,2014,27.87
temperature,2014,27.84
temperature,2014,27.81
temperature,2014,27.79
temperature,2014,27.76
temperature,2014,27.73
temperature,2014,27.7
temperature,2014,27.67
temperature,2014,27.64
temperature,2014,27.9
temperature,2014,27.87
temperature,2014,27.84
temperature,2014,27.81
temperature,2014,27.79
temperature,2014,27.76
temperature,2014,27.73
temperature,2014,27.7
temperature,2014,27.67
temperature,2014,27.64
temperature,2014,27.9
temperature,2014,27.87
temperature,2014,27.84
temperature,2014,27.81
temperature,2014,27.79
temperature,2014,27.76
temperature,2014,27.73
temperature,2014,27.7
temperature,2014,27.67
temperature,2014,27.64
temperature,2014,27.9
temperature,2014,27.87
temperature,2014,27.84
temperature,2014,27.81
temperature,2014,27.79
temperature,2014,27.76
temperature,2014,27.73
temperature,2014,27.7
temperature,2014,27.67
temperature,2014,27.64
temperature,2014,27.9
temperature,2014,27.87
temperature,2014,27.84
temperature,2014,27.81
temperature,2014,27.79
temperature,2014,27.76
temperature,2014,27.73
temperature,2014,27.7
temperature,2014,27.67
temperature,2014,27.93
temperature,2014,27.9
temperature,2014,27.87
temperature,2014,27.84
temperature,2014,27.81
temperature,2014,27.79
temperature,2014,27.76
temperature,2014,27.73
temperature,2014,27.7
temperature,2014,27.67
temperature,2014,27.93
temperature,2014,27.9
temperature,2014,27.87
temperature,2014,27.84
temperature,2014,27.81
temperature,2014,27.79
temperature,2014,27.76
temperature,2014,27.73
temperature,2014,27.7
temperature,2014,27.67
temperature,2014,27.93
temperature,2014,27.9
temperature,2014,27.87
temperature,2014,27.84
temperature,2014,27.81
temperature,2014,27.79
temperature,2014,27.76
temperature,2014,27.73
temperature,2014,27.7
temperature,2014,27.67
temperature,2014,27.96
temperature,2014,27.93
temperature,2014,27.9
temperature,2014,27.87
temperature,2014,27.84
temperature,2014,27.81
temperature,2014,27.79
temperature,2014,27.76
temperature,2014,27.73
temperature,2014,27.7
temperature,2014,27.96
temperature,2014,27.93
temperature,2014,27.9
temperature,2014,27.87
temperature,2014,27.84
temperature,2014,27.81
temperature,2014,27.79
temperature,2014,27.76
temperature,2014,27.73
temperature,2014,27.7
temperature,2014,27.96
temperature,2014,27.93
temperature,2014,27.9
temperature,2014,27.87
temperature,2014,27.84
temperature,2014,27.81
temperature,2014,27.79
temperature,2014,27.76
temperature,2014,27.73
temperature,2014,27.7
temperature,2014,27.67
temperature,2014,27.93
temperature,2014,27.9
temperature,2014,27.87
temperature,2014,27.84
temperature,2014,27.81
temperature,2014,27.79
temperature,2014,27.76
temperature,2014,27.73
temperature,2014,27.7
temperature,2014,27.67
temperature,2014,27.64
temperature,2014,27.93
temperature,2014,27.9
temperature,2014,27.87
temperature,2014,27.84
temperature,2014,27.81
temperature,2014,27.79
temperature,2014,27.76
temperature,2014,27.73
temperature,2014,27.7
temperature,2014,27.67
temperature,2014,27.64
temperature,2014,27.9
temperature,2014,27.87
temperature,2014,27.84
temperature,2014,27.81
temperature,2014,27.79
temperature,2014,27.76
temperature,2014,27.73
temperature,2014,27.7
temperature,2014,27.67
temperature,2014,27.64
temperature,2014,27.61
temperature,2014,27.9
temperature,2014,27.87
temperature,2014,27.84
temperature,2014,27.81
temperature,2014,27.79
temperature,2014,27.76
temperature,2014,27.73
temperature,2014,27.7
temperature,2014,27.67
temperature,2014,27.64
temperature,2014,27.61
temperature,2014,27.87
temperature,2014,27.84
temperature,2014,27.81
temperature,2014,27.79
temperature,2014,27.76
temperature,2014,27.73
temperature,2014,27.7
temperature,2014,27.67
temperature,2014,27.64
temperature,2014,27.61
temperature,2014,27.59
temperature,2014,27.87
temperature,2014,27.84
temperature,2014,27.81
temperature,2014,27.79
temperature,2014,27.76
temperature,2014,27.73
temperature,2014,27.7
temperature,2014,27.67
temperature,2014,27.64
temperature,2014,27.61
temperature,2014,27.59
temperature,2014,27.84
temperature,2014,27.81
temperature,2014,27.79
temperature,2014,27.76
temperature,2014,27.73
temperature,2014,27.7
temperature,2014,27.67
temperature,2014,27.64
temperature,2014,27.61
temperature,2014,27.59
temperature,2014,27.56
temperature,2014,27.81
temperature,2014,27.79
temperature,2014,27.76
temperature,2014,27.73
temperature,2014,27.7
temperature,2014,27.67
temperature,2014,27.64
temperature,2014,27.61
temperature,2014,27.59
temperature,2014,27.56
temperature,2014,27.53
temperature,2014,27.81
temperature,2014,27.79
temperature,2014,27.76
temperature,2014,27.73
temperature,2014,27.7
temperature,2014,27.67
temperature,2014,27.64
temperature,2014,27.61
temperature,2014,27.59
temperature,2014,27.56
temperature,2014,27.53
temperature,2014,27.79
temperature,2014,27.76
temperature,2014,27.73
temperature,2014,27.7
temperature,2014,27.67
temperature,2014,27.64
temperature,2014,27.61
temperature,2014,27.59
temperature,2014,27.56
temperature,2014,27.53
temperature,2014,27.5
temperature,2014,27.79
temperature,2014,27.76
temperature,2014,27.73
temperature,2014,27.7
temperature,2014,27.67
temperature,2014,27.64
temperature,2014,27.61
temperature,2014,27.59
temperature,2014,27.56
temperature,2014,27.53
temperature,2014,27.5
temperature,2014,27.76
temperature,2014,27.73
temperature,2014,27.7
temperature,2014,27.67
temperature,2014,27.64
temperature,2014,27.61
temperature,2014,27.59
temperature,2014,27.56
temperature,2014,27.53
temperature,2014,27.5
temperature,2014,27.47
temperature,2014,27.76
temperature,2014,27.73
temperature,2014,27.7
temperature,2014,27.67
temperature,2014,27.64
temperature,2014,27.61
temperature,2014,27.59
temperature,2014,27.56
temperature,2014,27.53
temperature,2014,27.5
temperature,2014,27.47
temperature,2014,27.44
temperature,2014,27.73
temperature,2014,27.7
temperature,2014,27.67
temperature,2014,27.64
temperature,2014,27.61
temperature,2014,27.59
temperature,2014,27.56
temperature,2014,27.53
temperature,2014,27.5
temperature,2014,27.47
temperature,2014,27.44
temperature,2014,27.7
temperature,2014,27.67
temperature,2014,27.64
temperature,2014,27.61
temperature,2014,27.59
temperature,2014,27.56
temperature,2014,27.53
temperature,2014,27.5
temperature,2014,27.47
temperature,2014,27.44
temperature,2014,27.42
temperature,2014,27.7
temperature,2014,27.67
temperature,2014,27.64
temperature,2014,27.61
temperature,2014,27.59
temperature,2014,27.56
temperature,2014,27.53
temperature,2014,27.5
temperature,2014,27.47
temperature,2014,27.44
temperature,2014,27.42
temperature,2014,27.67
temperature,2014,27.64
temperature,2014,27.61
temperature,2014,27.59
temperature,2014,27.56
temperature,2014,27.53
temperature,2014,27.5
temperature,2014,27.47
temperature,2014,27.44
temperature,2014,27.42
temperature,2014,27.39
temperature,2014,27.64
temperature,2014,27.61
temperature,2014,27.59
temperature,2014,27.56
temperature,2014,27.53
temperature,2014,27.5
temperature,2014,27.47
temperature,2014,27.44
temperature,2014,27.42
temperature,2014,27.39
temperature,2014,27.36
temperature,2014,27.64
temperature,2014,27.61
temperature,2014,27.59
temperature,2014,27.56
temperature,2014,27.53
temperature,2014,27.5
temperature,2014,27.47
temperature,2014,27.44
temperature,2014,27.42
temperature,2014,27.39
temperature,2014,27.36
temperature,2014,27.61
temperature,2014,27.59
temperature,2014,27.56
temperature,2014,27.53
temperature,2014,27.5
temperature,2014,27.47
temperature,2014,27.44
temperature,2014,27.42
temperature,2014,27.39
temperature,2014,27.36
temperature,2014,27.33
temperature,2014,27.61
temperature,2014,27.59
temperature,2014,27.56
temperature,2014,27.53
temperature,2014,27.5
temperature,2014,27.47
temperature,2014,27.44
temperature,2014,27.42
temperature,2014,27.39
temperature,2014,27.36
temperature,2014,27.33
temperature,2014,27.3
temperature,2014,27.59
temperature,2014,27.56
temperature,2014,27.53
temperature,2014,27.5
temperature,2014,27.47
temperature,2014,27.44
temperature,2014,27.42
temperature,2014,27.39
temperature,2014,27.36
temperature,2014,27.33
temperature,2014,27.3
temperature,2014,27.56
temperature,2014,27.53
temperature,2014,27.5
temperature,2014,27.47
temperature,2014,27.44
temperature,2014,27.42
temperature,2014,27.39
temperature,2014,27.36
temperature,2014,27.33
temperature,2014,27.3
temperature,2014,27.27
temperature,2014,27.56
temperature,2014,27.53
temperature,2014,27.5
temperature,2014,27.47
temperature,2014,27.44
temperature,2014,27.42
temperature,2014,27.39
temperature,2014,27.36
temperature,2014,27.33
temperature,2014,27.3
temperature,2014,27.27
temperature,2014,27.25
temperature,2014,27.53
temperature,2014,27.5
temperature,2014,27.47
temperature,2014,27.44
temperature,2014,27.42
temperature,2014,27.39
temperature,2014,27.36
temperature,2014,27.33
temperature,2014,27.3
temperature,2014,27.27
temperature,2014,27.25
temperature,2014,27.5
temperature,2014,27.47
temperature,2014,27.44
temperature,2014,27.42
temperature,2014,27.39
temperature,2014,27.36
temperature,2014,27.33
temperature,2014,27.3
temperature,2014,27.27
temperature,2014,27.25
temperature,2014,27.5
temperature,2014,27.47
temperature,2014,27.44
temperature,2014,27.42
temperature,2014,27.39
temperature,2014,27.36
temperature,2014,27.33
temperature,2014,27.3
temperature,2014,27.27
temperature,2014,27.25
temperature,2014,27.5
temperature,2014,27.47
temperature,2014,27.44
temperature,2014,27.42
temperature,2014,27.39
temperature,2014,27.36
temperature,2014,27.33
temperature,2014,27.3
temperature,2014,27.27
temperature,2014,27.25
temperature,2014,27.5
temperature,2014,27.47
temperature,2014,27.44
temperature,2014,27.42
temperature,2014,27.39
temperature,2014,27.36
temperature,2014,27.33
temperature,2014,27.3
temperature,2014,27.27
temperature,2014,27.5
temperature,2014,27.47
temperature,2014,27.44
temperature,2014,27.42
temperature,2014,27.39
temperature,2014,27.36
temperature,2014,27.33
temperature,2014,27.3
temperature,2014,27.27
temperature,2014,27.5
temperature,2014,27.47
temperature,2014,27.44
temperature,2014,27.42
temperature,2014,27.39
temperature,2014,27.36
temperature,2014,27.33
temperature,2014,27.3
temperature,2014,27.27
temperature,2014,27.5
temperature,2014,27.47
temperature,2014,27.44
temperature,2014,27.42
temperature,2014,27.39
temperature,2014,27.36
temperature,2014,27.33
temperature,2014,27.3
temperature,2014,27.27
temperature,2014,27.53
temperature,2014,27.5
temperature,2014,27.47
temperature,2014,27.44
temperature,2014,27.42
temperature,2014,27.39
temperature,2014,27.36
temperature,2014,27.33
temperature,2014,27.3
temperature,2014,27.27
temperature,2014,27.53
temperature,2014,27.5
temperature,2014,27.47
temperature,2014,27.44
temperature,2014,27.42
temperature,2014,27.39
temperature,2014,27.36
temperature,2014,27.33
temperature,2014,27.3
temperature,2014,27.27
temperature,2014,27.53
temperature,2014,27.5
temperature,2014,27.47
temperature,2014,27.44
temperature,2014,27.42
temperature,2014,27.39
temperature,2014,27.36
temperature,2014,27.33
temperature,2014,27.3
temperature,2014,27.27
temperature,2014,27.53
temperature,2014,27.5
temperature,2014,27.47
temperature,2014,27.44
temperature,2014,27.42
temperature,2014,27.39
temperature,2014,27.36
temperature,2014,27.33
temperature,2014,27.3
temperature,2014,27.27
temperature,2014,27.53
temperature,2014,27.5
temperature,2014,27.47
temperature,2014,27.44
temperature,2014,27.42
temperature,2014,27.39
temperature,2014,27.36
temperature,2014,27.33
temperature,2014,27.3
temperature,2014,27.56
temperature,2014,27.53
temperature,2014,27.5
temperature,2014,27.47
temperature,2014,27.44
temperature,2014,27.42
temperature,2014,27.39
temperature,2014,27.36
temperature,2014,27.33
temperature,2014,27.3
temperature,2014,27.56
temperature,2014,27.53
temperature,2014,27.5
temperature,2014,27.47
temperature,2014,27.44
temperature,2014,27.42
temperature,2014,27.39
temperature,2014,27.36
temperature,2014,27.33
temperature,2014,27.3
temperature,2014,27.56
temperature,2014,27.53
temperature,2014,27.5
temperature,2014,27.47
temperature,2014,27.44
temperature,2014,27.42
temperature,2014,27.39
temperature,2014,27.36
temperature,2014,27.33
temperature,2014,27.3
temperature,2014,27.59
temperature,2014,27.56
temperature,2014,27.53
temperature,2014,27.5
temperature,2014,27.47
temperature,2014,27.44
temperature,2014,27.42
temperature,2014,27.39
temperature,2014,27.36
temperature,2014,27.33
temperature,2014,27.3
temperature,2014,27.59
temperature,2014,27.56
temperature,2014,27.53
temperature,2014,27.5
temperature,2014,27.47
temperature,2014,27.44
temperature,2014,27.42
temperature,2014,27.39
temperature,2014,27.36
temperature,2014,27.33
temperature,2014,27.61
temperature,2014,27.59
temperature,2014,27.56
temperature,2014,27.53
temperature,2014,27.5
temperature,2014,27.47
temperature,2014,27.44
temperature,2014,27.42
temperature,2014,27.39
temperature,2014,27.36
temperature,2014,27.33
temperature,2014,27.61
temperature,2014,27.59
temperature,2014,27.56
temperature,2014,27.53
temperature,2014,27.5
temperature,2014,27.47
temperature,2014,27.44
temperature,2014,27.42
temperature,2014,27.39
temperature,2014,27.36
temperature,2014,27.64
temperature,2014,27.61
temperature,2014,27.59
temperature,2014,27.56
temperature,2014,27.53
temperature,2014,27.5
temperature,2014,27.47
temperature,2014,27.44
temperature,2014,27.42
temperature,2014,27.39
temperature,2014,27.36
temperature,2014,27.64
temperature,2014,27.61
temperature,2014,27.59
temperature,2014,27.56
temperature,2014,27.53
temperature,2014,27.5
temperature,2014,27.47
temperature,2014,27.44
temperature,2014,27.42
temperature,2014,27.39
temperature,2014,27.67
temperature,2014,27.64
temperature,2014,27.61
temperature,2014,27.59
temperature,2014,27.56
temperature,2014,27.53
temperature,2014,27.5
temperature,2014,27.47
temperature,2014,27.44
temperature,2014,27.42
temperature,2014,27.39
temperature,2014,27.67
temperature,2014,27.64
temperature,2014,27.61
temperature,2014,27.59
temperature,2014,27.56
temperature,2014,27.53
temperature,2014,27.5
temperature,2014,27.47
temperature,2014,27.44
temperature,2014,27.42
temperature,2014,27.7
temperature,2014,27.67
temperature,2014,27.64
temperature,2014,27.61
temperature,2014,27.59
temperature,2014,27.56
temperature,2014,27.53
temperature,2014,27.5
temperature,2014,27.47
temperature,2014,27.44
temperature,2014,27.42
temperature,2014,27.7
temperature,2014,27.67
temperature,2014,27.64
temperature,2014,27.61
temperature,2014,27.59
temperature,2014,27.56
temperature,2014,27.53
temperature,2014,27.5
temperature,2014,27.47
temperature,2014,27.44
temperature,2014,27.73
temperature,2014,27.7
temperature,2014,27.67
temperature,2014,27.64
temperature,2014,27.61
temperature,2014,27.59
temperature,2014,27.56
temperature,2014,27.53
temperature,2014,27.5
temperature,2014,27.47
temperature,2014,27.44
temperature,2014,27.73
temperature,2014,27.7
temperature,2014,27.67
temperature,2014,27.64
temperature,2014,27.61
temperature,2014,27.59
temperature,2014,27.56
temperature,2014,27.53
temperature,2014,27.5
temperature,2014,27.47
temperature,2014,27.73
temperature,2014,27.7
temperature,2014,27.67
temperature,2014,27.64
temperature,2014,27.61
temperature,2014,27.59
temperature,2014,27.56
temperature,2014,27.53
temperature,2014,27.5
temperature,2014,27.47
temperature,2014,27.73
temperature,2014,27.7
temperature,2014,27.67
temperature,2014,27.64
temperature,2014,27.61
temperature,2014,27.59
temperature,2014,27.56
temperature,2014,27.53
temperature,2014,27.5
temperature,2014,27.47
temperature,2014,27.7
temperature,2014,27.67
temperature,2014,27.64
temperature,2014,27.61
temperature,2014,27.59
temperature,2014,27.56
temperature,2014,27.53
temperature,2014,27.5
temperature,2014,27.47
temperature,2014,27.7
temperature,2014,27.67
temperature,2014,27.64
temperature,2014,27.61
temperature,2014,27.59
temperature,2014,27.56
temperature,2014,27.53
temperature,2014,27.5
temperature,2014,27.47
temperature,2014,27.44
temperature,2014,27.7
temperature,2014,27.67
temperature,2014,27.64
temperature,2014,27.61
temperature,2014,27.59
temperature,2014,27.56
temperature,2014,27.53
temperature,2014,27.5
temperature,2014,27.47
temperature,2014,27.44
temperature,2014,27.7
temperature,2014,27.67
temperature,2014,27.64
temperature,2014,27.61
temperature,2014,27.59
temperature,2014,27.56
temperature,2014,27.53
temperature,2014,27.5
temperature,2014,27.47
temperature,2014,27.44
temperature,2014,27.7
temperature,2014,27.67
temperature,2014,27.64
temperature,2014,27.61
temperature,2014,27.59
temperature,2014,27.56
temperature,2014,27.53
temperature,2014,27.5
temperature,2014,27.47
temperature,2014,27.44
temperature,2014,27.67
temperature,2014,27.64
temperature,2014,27.61
temperature,2014,27.59
temperature,2014,27.56
temperature,2014,27.53
temperature,2014,27.5
temperature,2014,27.47
temperature,2014,27.44
temperature,2014,27.67
temperature,2014,27.64
temperature,2014,27.61
temperature,2014,27.59
temperature,2014,27.56
temperature,2014,27.53
temperature,2014,27.5
temperature,2014,27.47
temperature,2014,27.44
temperature,2014,27.42
temperature,2014,27.67
temperature,2014,27.64
temperature,2014,27.61
temperature,2014,27.59
temperature,2014,27.56
temperature,2014,27.53
temperature,2014,27.5
temperature,2014,27.47
temperature,2014,27.44
temperature,2014,27.42
temperature,2014,27.67
temperature,2014,27.64
temperature,2014,27.61
temperature,2014,27.59
temperature,2014,27.56
temperature,2014,27.53
temperature,2014,27.5
temperature,2014,27.47
temperature,2014,27.44
temperature,2014,27.42
temperature,2014,27.67
temperature,2014,27.64
temperature,2014,27.61
temperature,2014,27.59
temperature,2014,27.56
temperature,2014,27.53
temperature,2014,27.5
temperature,2014,27.47
temperature,2014,27.44
temperature,2014,27.42
temperature,2014,27.7
temperature,2014,27.67
temperature,2014,27.64
temperature,2014,27.61
temperature,2014,27.59
temperature,2014,27.56
temperature,2014,27.53
temperature,2014,27.5
temperature,2014,27.47
temperature,2014,27.44
temperature,2014,27.42
temperature,2014,27.39
temperature,2014,27.73
temperature,2014,27.7
temperature,2014,27.67
temperature,2014,27.64
temperature,2014,27.61
temperature,2014,27.59
temperature,2014,27.56
temperature,2014,27.53
temperature,2014,27.5
temperature,2014,27.47
temperature,2014,27.44
temperature,2014,27.42
temperature,2014,27.39
temperature,2014,27.76
temperature,2014,27.73
temperature,2014,27.7
temperature,2014,27.67
temperature,2014,27.64
temperature,2014,27.61
temperature,2014,27.59
temperature,2014,27.56
temperature,2014,27.53
temperature,2014,27.5
temperature,2014,27.47
temperature,2014,27.44
temperature,2014,27.42
temperature,2014,27.81
temperature,2014,27.79
temperature,2014,27.76
temperature,2014,27.73
temperature,2014,27.7
temperature,2014,27.67
temperature,2014,27.64
temperature,2014,27.61
temperature,2014,27.59
temperature,2014,27.56
temperature,2014,27.53
temperature,2014,27.5
temperature,2014,27.47
temperature,2014,27.44
temperature,2014,27.42
temperature,2014,27.84
temperature,2014,27.81
temperature,2014,27.79
temperature,2014,27.76
temperature,2014,27.73
temperature,2014,27.7
temperature,2014,27.67
temperature,2014,27.64
temperature,2014,27.61
temperature,2014,27.59
temperature,2014,27.56
temperature,2014,27.53
temperature,2014,27.5
temperature,2014,27.47
temperature,2014,27.44
temperature,2014,27.87
temperature,2014,27.84
temperature,2014,27.81
temperature,2014,27.79
temperature,2014,27.76
temperature,2014,27.73
temperature,2014,27.7
temperature,2014,27.67
temperature,2014,27.64
temperature,2014,27.61
temperature,2014,27.59
temperature,2014,27.56
temperature,2014,27.53
temperature,2014,27.5
temperature,2014,27.47
temperature,2014,27.9
temperature,2014,27.87
temperature,2014,27.84
temperature,2014,27.81
temperature,2014,27.79
temperature,2014,27.76
temperature,2014,27.73
temperature,2014,27.7
temperature,2014,27.67
temperature,2014,27.64
temperature,2014,27.61
temperature,2014,27.59
temperature,2014,27.56
temperature,2014,27.53
temperature,2014,27.5
temperature,2014,27.96
temperature,2014,27.93
temperature,2014,27.9
temperature,2014,27.87
temperature,2014,27.84
temperature,2014,27.81
temperature,2014,27.79
temperature,2014,27.76
temperature,2014,27.73
temperature,2014,27.7
temperature,2014,27.67
temperature,2014,27.64
temperature,2014,27.61
temperature,2014,27.59
temperature,2014,27.56
temperature,2014,27.53
temperature,2014,27.98
temperature,2014,27.96
temperature,2014,27.93
temperature,2014,27.9
temperature,2014,27.87
temperature,2014,27.84
temperature,2014,27.81
temperature,2014,27.79
temperature,2014,27.76
temperature,2014,27.73
temperature,2014,27.7
temperature,2014,27.67
temperature,2014,27.64
temperature,2014,27.61
temperature,2014,27.59
temperature,2014,28.01
temperature,2014,27.98
temperature,2014,27.96
temperature,2014,27.93
temperature,2014,27.9
temperature,2014,27.87
temperature,2014,27.84
temperature,2014,27.81
temperature,2014,27.79
temperature,2014,27.76
temperature,2014,27.73
temperature,2014,27.7
temperature,2014,27.67
temperature,2014,27.64
temperature,2014,27.61
temperature,2014,28.07
temperature,2014,28.04
temperature,2014,28.01
temperature,2014,27.98
temperature,2014,27.96
temperature,2014,27.93
temperature,2014,27.9
temperature,2014,27.87
temperature,2014,27.84
temperature,2014,27.81
temperature,2014,27.79
temperature,2014,27.76
temperature,2014,27.73
temperature,2014,27.7
temperature,2014,27.67
temperature,2014,27.64
temperature,2014,28.13
temperature,2014,28.1
temperature,2014,28.07
temperature,2014,28.04
temperature,2014,28.01
temperature,2014,27.98
temperature,2014,27.96
temperature,2014,27.93
temperature,2014,27.9
temperature,2014,27.87
temperature,2014,27.84
temperature,2014,27.81
temperature,2014,27.79
temperature,2014,27.76
temperature,2014,27.73
temperature,2014,27.7
temperature,2014,27.67
temperature,2014,28.15
temperature,2014,28.13
temperature,2014,28.1
temperature,2014,28.07
temperature,2014,28.04
temperature,2014,28.01
temperature,2014,27.98
temperature,2014,27.96
temperature,2014,27.93
temperature,2014,27.9
temperature,2014,27.87
temperature,2014,27.84
temperature,2014,27.81
temperature,2014,27.79
temperature,2014,27.76
temperature,2014,27.73
temperature,2014,28.21
temperature,2014,28.18
temperature,2014,28.15
temperature,2014,28.13
temperature,2014,28.1
temperature,2014,28.07
temperature,2014,28.04
temperature,2014,28.01
temperature,2014,27.98
temperature,2014,27.96
temperature,2014,27.93
temperature,2014,27.9
temperature,2014,27.87
temperature,2014,27.84
temperature,2014,27.81
temperature,2014,27.79
temperature,2014,27.76
temperature,2014,28.27
temperature,2014,28.24
temperature,2014,28.21
temperature,2014,28.18
temperature,2014,28.15
temperature,2014,28.13
temperature,2014,28.1
temperature,2014,28.07
temperature,2014,28.04
temperature,2014,28.01
temperature,2014,27.98
temperature,2014,27.96
temperature,2014,27.93
temperature,2014,27.9
temperature,2014,27.87
temperature,2014,27.84
temperature,2014,27.81
temperature,2014,27.79
temperature,2014,28.32
temperature,2014,28.3
temperature,2014,28.27
temperature,2014,28.24
temperature,2014,28.21
temperature,2014,28.18
temperature,2014,28.15
temperature,2014,28.13
temperature,2014,28.1
temperature,2014,28.07
temperature,2014,28.04
temperature,2014,28.01
temperature,2014,27.98
temperature,2014,27.96
temperature,2014,27.93
temperature,2014,27.9
temperature,2014,27.87
temperature,2014,27.84
temperature,2014,27.81
temperature,2014,28.35
temperature,2014,28.32
temperature,2014,28.3
temperature,2014,28.27
temperature,2014,28.24
temperature,2014,28.21
temperature,2014,28.18
temperature,2014,28.15
temperature,2014,28.13
temperature,2014,28.1
temperature,2014,28.07
temperature,2014,28.04
temperature,2014,28.01
temperature,2014,27.98
temperature,2014,27.96
temperature,2014,27.93
temperature,2014,27.9
temperature,2014,27.87
temperature,2014,28.41
temperature,2014,28.38
temperature,2014,28.35
temperature,2014,28.32
temperature,2014,28.3
temperature,2014,28.27
temperature,2014,28.24
temperature,2014,28.21
temperature,2014,28.18
temperature,2014,28.15
temperature,2014,28.13
temperature,2014,28.1
temperature,2014,28.07
temperature,2014,28.04
temperature,2014,28.01
temperature,2014,27.98
temperature,2014,27.96
temperature,2014,27.93
temperature,2014,27.9
temperature,2014,29.8
temperature,2014,28.47
temperature,2014,28.44
temperature,2014,28.41
temperature,2014,28.38
temperature,2014,28.35
temperature,2014,28.32
temperature,2014,28.3
temperature,2014,28.27
temperature,2014,28.24
temperature,2014,28.21
temperature,2014,28.18
temperature,2014,28.15
temperature,2014,28.13
temperature,2014,28.1
temperature,2014,28.07
temperature,2014,28.04
temperature,2014,28.01
temperature,2014,27.98
temperature,2014,27.96
temperature,2014,29.8
temperature,2014,28.52
temperature,2014,28.5
temperature,2014,28.47
temperature,2014,28.44
temperature,2014,28.41
temperature,2014,28.38
temperature,2014,28.35
temperature,2014,28.32
temperature,2014,28.3
temperature,2014,28.27
temperature,2014,28.24
temperature,2014,28.21
temperature,2014,28.18
temperature,2014,28.15
temperature,2014,28.13
temperature,2014,28.1
temperature,2014,28.07
temperature,2014,28.04
temperature,2014,28.01
temperature,2014,29.8
temperature,2014,28.55
temperature,2014,28.52
temperature,2014,28.5
temperature,2014,28.47
temperature,2014,28.44
temperature,2014,28.41
temperature,2014,28.38
temperature,2014,28.35
temperature,2014,28.32
temperature,2014,28.3
temperature,2014,28.27
temperature,2014,28.24
temperature,2014,28.21
temperature,2014,28.18
temperature,2014,28.15
temperature,2014,28.13
temperature,2014,28.1
temperature,2014,28.07
temperature,2014,28.04
temperature,2014,29.86
temperature,2014,29.83
temperature,2014,29.8
temperature,2014,28.61
temperature,2014,28.58
temperature,2014,28.55
temperature,2014,28.52
temperature,2014,28.5
temperature,2014,28.47
temperature,2014,28.44
temperature,2014,28.41
temperature,2014,28.38
temperature,2014,28.35
temperature,2014,28.32
temperature,2014,28.3
temperature,2014,28.27
temperature,2014,28.24
temperature,2014,28.21
temperature,2014,28.18
temperature,2014,28.15
temperature,2014,28.13
temperature,2014,28.1
temperature,2014,29.86
temperature,2014,29.83
temperature,2014,29.8
temperature,2014,28.67
temperature,2014,28.64
temperature,2014,28.61
temperature,2014,28.58
temperature,2014,28.55
temperature,2014,28.52
temperature,2014,28.5
temperature,2014,28.47
temperature,2014,28.44
temperature,2014,28.41
temperature,2014,28.38
temperature,2014,28.35
temperature,2014,28.32
temperature,2014,28.3
temperature,2014,28.27
temperature,2014,28.24
temperature,2014,28.21
temperature,2014,28.18
temperature,2014,28.15
temperature,2014,29.86
temperature,2014,29.83
temperature,2014,29.8
temperature,2014,28.69
temperature,2014,28.67
temperature,2014,28.64
temperature,2014,28.61
temperature,2014,28.58
temperature,2014,28.55
temperature,2014,28.52
temperature,2014,28.5
temperature,2014,28.47
temperature,2014,28.44
temperature,2014,28.41
temperature,2014,28.38
temperature,2014,28.35
temperature,2014,28.32
temperature,2014,28.3
temperature,2014,28.27
temperature,2014,28.24
temperature,2014,28.21
temperature,2014,29.86
temperature,2014,29.83
temperature,2014,29.8
temperature,2014,28.72
temperature,2014,28.69
temperature,2014,28.67
temperature,2014,28.64
temperature,2014,28.61
temperature,2014,28.58
temperature,2014,28.55
temperature,2014,28.52
temperature,2014,28.5
temperature,2014,28.47
temperature,2014,28.44
temperature,2014,28.41
temperature,2014,28.38
temperature,2014,28.35
temperature,2014,28.32
temperature,2014,28.3
temperature,2014,28.27
temperature,2014,28.24
temperature,2015,29.86
temperature,2015,29.83
temperature,2015,29.8
temperature,2015,28.75
temperature,2015,28.72
temperature,2015,28.69
temperature,2015,28.67
temperature,2015,28.64
temperature,2015,28.61
temperature,2015,28.58
temperature,2015,28.55
temperature,2015,28.52
temperature,2015,28.5
temperature,2015,28.47
temperature,2015,28.44
temperature,2015,28.41
temperature,2015,28.38
temperature,2015,28.35
temperature,2015,28.32
temperature,2015,28.3
temperature,2015,29.89
temperature,2015,29.86
temperature,2015,29.83
temperature,2015,29.8
temperature,2015,28.78
temperature,2015,28.75
temperature,2015,28.72
temperature,2015,28.69
temperature,2015,28.67
temperature,2015,28.64
temperature,2015,28.61
temperature,2015,28.58
temperature,2015,28.55
temperature,2015,28.52
temperature,2015,28.5
temperature,2015,28.47
temperature,2015,28.44
temperature,2015,28.41
temperature,2015,28.38
temperature,2015,28.35
temperature,2015,29.89
temperature,2015,29.86
temperature,2015,29.83
temperature,2015,29.8
temperature,2015,28.81
temperature,2015,28.78
temperature,2015,28.75
temperature,2015,28.72
temperature,2015,28.69
temperature,2015,28.67
temperature,2015,28.64
temperature,2015,28.61
temperature,2015,28.58
temperature,2015,28.55
temperature,2015,28.52
temperature,2015,28.5
temperature,2015,28.47
temperature,2015,28.44
temperature,2015,28.41
temperature,2015,28.38
temperature,2015,29.89
temperature,2015,29.86
temperature,2015,29.83
temperature,2015,29.8
temperature,2015,28.84
temperature,2015,28.81
temperature,2015,28.78
temperature,2015,28.75
temperature,2015,28.72
temperature,2015,28.69
temperature,2015,28.67
temperature,2015,28.64
temperature,2015,28.61
temperature,2015,28.58
temperature,2015,28.55
temperature,2015,28.52
temperature,2015,28.5
temperature,2015,28.47
temperature,2015,28.44
temperature,2015,29.89
temperature,2015,29.86
temperature,2015,29.83
temperature,2015,29.8
temperature,2015,28.89
temperature,2015,28.86
temperature,2015,28.84
temperature,2015,28.81
temperature,2015,28.78
temperature,2015,28.75
temperature,2015,28.72
temperature,2015,28.69
temperature,2015,28.67
temperature,2015,28.64
temperature,2015,28.61
temperature,2015,28.58
temperature,2015,28.55
temperature,2015,28.52
temperature,2015,28.5
temperature,2015,29.89
temperature,2015,29.86
temperature,2015,29.83
temperature,2015,29.8
temperature,2015,28.92
temperature,2015,28.89
temperature,2015,28.86
temperature,2015,28.84
temperature,2015,28.81
temperature,2015,28.78
temperature,2015,28.75
temperature,2015,28.72
temperature,2015,28.69
temperature,2015,28.67
temperature,2015,28.64
temperature,2015,28.61
temperature,2015,28.58
temperature,2015,28.55
temperature,2015,29.89
temperature,2015,29.86
temperature,2015,29.83
temperature,2015,29.8
temperature,2015,28.95
temperature,2015,28.92
temperature,2015,28.89
temperature,2015,28.86
temperature,2015,28.84
temperature,2015,28.81
temperature,2015,28.78
temperature,2015,28.75
temperature,2015,28.72
temperature,2015,28.69
temperature,2015,28.67
temperature,2015,28.64
temperature,2015,28.61
temperature,2015,28.58
temperature,2015,29.89
temperature,2015,29.86
temperature,2015,29.83
temperature,2015,29.8
temperature,2015,28.98
temperature,2015,28.95
temperature,2015,28.92
temperature,2015,28.89
temperature,2015,28.86
temperature,2015,28.84
temperature,2015,28.81
temperature,2015,28.78
temperature,2015,28.75
temperature,2015,28.72
temperature,2015,28.69
temperature,2015,28.67
temperature,2015,28.64
temperature,2015,28.61
temperature,2015,29.89
temperature,2015,29.86
temperature,2015,29.83
temperature,2015,29.8
temperature,2015,29.01
temperature,2015,28.98
temperature,2015,28.95
temperature,2015,28.92
temperature,2015,28.89
temperature,2015,28.86
temperature,2015,28.84
temperature,2015,28.81
temperature,2015,28.78
temperature,2015,28.75
temperature,2015,28.72
temperature,2015,28.69
temperature,2015,28.67
temperature,2015,28.64
temperature,2015,29.89
temperature,2015,29.86
temperature,2015,29.83
temperature,2015,29.8
temperature,2015,29.04
temperature,2015,29.01
temperature,2015,28.98
temperature,2015,28.95
temperature,2015,28.92
temperature,2015,28.89
temperature,2015,28.86
temperature,2015,28.84
temperature,2015,28.81
temperature,2015,28.78
temperature,2015,28.75
temperature,2015,28.72
temperature,2015,28.69
temperature,2015,28.67
temperature,2015,29.89
temperature,2015,29.86
temperature,2015,29.83
temperature,2015,29.8
temperature,2015,29.06
temperature,2015,29.04
temperature,2015,29.01
temperature,2015,28.98
temperature,2015,28.95
temperature,2015,28.92
temperature,2015,28.89
temperature,2015,28.86
temperature,2015,28.84
temperature,2015,28.81
temperature,2015,28.78
temperature,2015,28.75
temperature,2015,28.72
temperature,2015,28.69
temperature,2015,29.89
temperature,2015,29.86
temperature,2015,29.83
temperature,2015,29.8
temperature,2015,29.09
temperature,2015,29.06
temperature,2015,29.04
temperature,2015,29.01
temperature,2015,28.98
temperature,2015,28.95
temperature,2015,28.92
temperature,2015,28.89
temperature,2015,28.86
temperature,2015,28.84
temperature,2015,28.81
temperature,2015,28.78
temperature,2015,28.75
temperature,2015,28.72
temperature,2015,29.89
temperature,2015,29.86
temperature,2015,29.83
temperature,2015,29.8
temperature,2015,29.12
temperature,2015,29.09
temperature,2015,29.06
temperature,2015,29.04
temperature,2015,29.01
temperature,2015,28.98
temperature,2015,28.95
temperature,2015,28.92
temperature,2015,28.89
temperature,2015,28.86
temperature,2015,28.84
temperature,2015,28.81
temperature,2015,28.78
temperature,2015,28.75
temperature,2015,29.89
temperature,2015,29.86
temperature,2015,29.83
temperature,2015,29.8
temperature,2015,29.12
temperature,2015,29.09
temperature,2015,29.06
temperature,2015,29.04
temperature,2015,29.01
temperature,2015,28.98
temperature,2015,28.95
temperature,2015,28.92
temperature,2015,28.89
temperature,2015,28.86
temperature,2015,28.84
temperature,2015,28.81
temperature,2015,28.78
temperature,2015,29.89
temperature,2015,29.86
temperature,2015,29.83
temperature,2015,29.8
temperature,2015,29.15
temperature,2015,29.12
temperature,2015,29.09
temperature,2015,29.06
temperature,2015,29.04
temperature,2015,29.01
temperature,2015,28.98
temperature,2015,28.95
temperature,2015,28.92
temperature,2015,28.89
temperature,2015,28.86
temperature,2015,28.84
temperature,2015,28.81
temperature,2015,29.89
temperature,2015,29.86
temperature,2015,29.83
temperature,2015,29.8
temperature,2015,29.15
temperature,2015,29.12
temperature,2015,29.09
temperature,2015,29.06
temperature,2015,29.04
temperature,2015,29.01
temperature,2015,28.98
temperature,2015,28.95
temperature,2015,28.92
temperature,2015,28.89
temperature,2015,28.86
temperature,2015,28.84
temperature,2015,29.89
temperature,2015,29.86
temperature,2015,29.83
temperature,2015,29.8
temperature,2015,29.15
temperature,2015,29.12
temperature,2015,29.09
temperature,2015,29.06
temperature,2015,29.04
temperature,2015,29.01
temperature,2015,28.98
temperature,2015,28.95
temperature,2015,28.92
temperature,2015,28.89
temperature,2015,28.86
temperature,2015,29.89
temperature,2015,29.86
temperature,2015,29.83
temperature,2015,29.8
temperature,2015,29.18
temperature,2015,29.15
temperature,2015,29.12
temperature,2015,29.09
temperature,2015,29.06
temperature,2015,29.04
temperature,2015,29.01
temperature,2015,28.98
temperature,2015,28.95
temperature,2015,28.92
temperature,2015,28.89
temperature,2015,29.89
temperature,2015,29.86
temperature,2015,29.83
temperature,2015,29.8
temperature,2015,29.18
temperature,2015,29.15
temperature,2015,29.12
temperature,2015,29.09
temperature,2015,29.06
temperature,2015,29.04
temperature,2015,29.01
temperature,2015,28.98
temperature,2015,28.95
temperature,2015,28.92
temperature,2015,29.89
temperature,2015,29.86
temperature,2015,29.83
temperature,2015,29.8
temperature,2015,29.18
temperature,2015,29.15
temperature,2015,29.12
temperature,2015,29.09
temperature,2015,29.06
temperature,2015,29.04
temperature,2015,29.01
temperature,2015,28.98
temperature,2015,28.95
temperature,2015,28.92
temperature,2015,29.89
temperature,2015,29.86
temperature,2015,29.83
temperature,2015,29.8
temperature,2015,29.21
temperature,2015,29.18
temperature,2015,29.15
temperature,2015,29.12
temperature,2015,29.09
temperature,2015,29.06
temperature,2015,29.04
temperature,2015,29.01
temperature,2015,28.98
temperature,2015,28.95
temperature,2015,29.89
temperature,2015,29.86
temperature,2015,29.83
temperature,2015,29.8
temperature,2015,29.21
temperature,2015,29.18
temperature,2015,29.15
temperature,2015,29.12
temperature,2015,29.09
temperature,2015,29.06
temperature,2015,29.04
temperature,2015,29.01
temperature,2015,28.98
temperature,2015,28.95
temperature,2015,29.89
temperature,2015,29.86
temperature,2015,29.83
temperature,2015,29.8
temperature,2015,29.23
temperature,2015,29.21
temperature,2015,29.18
temperature,2015,29.15
temperature,2015,29.12
temperature,2015,29.09
temperature,2015,29.06
temperature,2015,29.04
temperature,2015,29.01
temperature,2015,28.98
temperature,2015,28.95
temperature,2015,29.89
temperature,2015,29.86
temperature,2015,29.83
temperature,2015,29.8
temperature,2015,29.23
temperature,2015,29.21
temperature,2015,29.18
temperature,2015,29.15
temperature,2015,29.12
temperature,2015,29.09
temperature,2015,29.06
temperature,2015,29.04
temperature,2015,29.01
temperature,2015,28.98
temperature,2015,29.89
temperature,2015,29.86
temperature,2015,29.83
temperature,2015,29.8
temperature,2015,29.23
temperature,2015,29.21
temperature,2015,29.18
temperature,2015,29.15
temperature,2015,29.12
temperature,2015,29.09
temperature,2015,29.06
temperature,2015,29.04
temperature,2015,29.01
temperature,2015,28.98
temperature,2015,29.89
temperature,2015,29.86
temperature,2015,29.83
temperature,2015,29.8
temperature,2015,29.26
temperature,2015,29.23
temperature,2015,29.21
temperature,2015,29.18
temperature,2015,29.15
temperature,2015,29.12
temperature,2015,29.09
temperature,2015,29.06
temperature,2015,29.04
temperature,2015,29.01
temperature,2015,29.89
temperature,2015,29.86
temperature,2015,29.83
temperature,2015,29.8
temperature,2015,29.26
temperature,2015,29.23
temperature,2015,29.21
temperature,2015,29.18
temperature,2015,29.15
temperature,2015,29.12
temperature,2015,29.09
temperature,2015,29.06
temperature,2015,29.04
temperature,2015,29.01
temperature,2015,29.89
temperature,2015,29.86
temperature,2015,29.83
temperature,2015,29.8
temperature,2015,29.26
temperature,2015,29.23
temperature,2015,29.21
temperature,2015,29.18
temperature,2015,29.15
temperature,2015,29.12
temperature,2015,29.09
temperature,2015,29.06
temperature,2015,29.04
temperature,2015,29.01
temperature,2015,29.89
temperature,2015,29.86
temperature,2015,29.83
temperature,2015,29.8
temperature,2015,29.29
temperature,2015,29.26
temperature,2015,29.23
temperature,2015,29.21
temperature,2015,29.18
temperature,2015,29.15
temperature,2015,29.12
temperature,2015,29.09
temperature,2015,29.06
temperature,2015,29.04
temperature,2015,29.01
temperature,2015,29.89
temperature,2015,29.86
temperature,2015,29.83
temperature,2015,29.8
temperature,2015,29.29
temperature,2015,29.26
temperature,2015,29.23
temperature,2015,29.21
temperature,2015,29.18
temperature,2015,29.15
temperature,2015,29.12
temperature,2015,29.09
temperature,2015,29.06
temperature,2015,29.04
temperature,2015,29.01
temperature,2015,29.89
temperature,2015,29.86
temperature,2015,29.83
temperature,2015,29.8
temperature,2015,29.26
temperature,2015,29.23
temperature,2015,29.21
temperature,2015,29.18
temperature,2015,29.15
temperature,2015,29.12
temperature,2015,29.09
temperature,2015,29.06
temperature,2015,29.04
temperature,2015,29.01
temperature,2015,29.89
temperature,2015,29.86
temperature,2015,29.83
temperature,2015,29.8
temperature,2015,29.26
temperature,2015,29.23
temperature,2015,29.21
temperature,2015,29.18
temperature,2015,29.15
temperature,2015,29.12
temperature,2015,29.09
temperature,2015,29.06
temperature,2015,29.04
temperature,2015,29.01
temperature,2015,28.98
temperature,2015,29.89
temperature,2015,29.86
temperature,2015,29.83
temperature,2015,29.8
temperature,2015,29.23
temperature,2015,29.21
temperature,2015,29.18
temperature,2015,29.15
temperature,2015,29.12
temperature,2015,29.09
temperature,2015,29.06
temperature,2015,29.04
temperature,2015,29.01
temperature,2015,28.98
temperature,2015,28.95
temperature,2015,29.89
temperature,2015,29.86
temperature,2015,29.83
temperature,2015,29.8
temperature,2015,29.23
temperature,2015,29.21
temperature,2015,29.18
temperature,2015,29.15
temperature,2015,29.12
temperature,2015,29.09
temperature,2015,29.06
temperature,2015,29.04
temperature,2015,29.01
temperature,2015,28.98
temperature,2015,28.95
temperature,2015,29.89
temperature,2015,29.86
temperature,2015,29.83
temperature,2015,29.8
temperature,2015,29.21
temperature,2015,29.18
temperature,2015,29.15
temperature,2015,29.12
temperature,2015,29.09
temperature,2015,29.06
temperature,2015,29.04
temperature,2015,29.01
temperature,2015,28.98
temperature,2015,28.95
temperature,2015,28.92
temperature,2015,29.89
temperature,2015,29.86
temperature,2015,29.83
temperature,2015,29.8
temperature,2015,29.21
temperature,2015,29.18
temperature,2015,29.15
temperature,2015,29.12
temperature,2015,29.09
temperature,2015,29.06
temperature,2015,29.04
temperature,2015,29.01
temperature,2015,28.98
temperature,2015,28.95
temperature,2015,28.92
temperature,2015,29.89
temperature,2015,29.86
temperature,2015,29.83
temperature,2015,29.8
temperature,2015,29.18
temperature,2015,29.15
temperature,2015,29.12
temperature,2015,29.09
temperature,2015,29.06
temperature,2015,29.04
temperature,2015,29.01
temperature,2015,28.98
temperature,2015,28.95
temperature,2015,28.92
temperature,2015,28.89
temperature,2015,29.89
temperature,2015,29.86
temperature,2015,29.83
temperature,2015,29.8
temperature,2015,29.15
temperature,2015,29.12
temperature,2015,29.09
temperature,2015,29.06
temperature,2015,29.04
temperature,2015,29.01
temperature,2015,28.98
temperature,2015,28.95
temperature,2015,28.92
temperature,2015,28.89
temperature,2015,29.89
temperature,2015,29.86
temperature,2015,29.83
temperature,2015,29.8
temperature,2015,29.15
temperature,2015,29.12
temperature,2015,29.09
temperature,2015,29.06
temperature,2015,29.04
temperature,2015,29.01
temperature,2015,28.98
temperature,2015,28.95
temperature,2015,28.92
temperature,2015,28.89
temperature,2015,28.86
temperature,2015,29.89
temperature,2015,29.86
temperature,2015,29.83
temperature,2015,29.8
temperature,2015,29.12
temperature,2015,29.09
temperature,2015,29.06
temperature,2015,29.04
temperature,2015,29.01
temperature,2015,28.98
temperature,2015,28.95
temperature,2015,28.92
temperature,2015,28.89
temperature,2015,28.86
temperature,2015,28.84
temperature,2015,29.89
temperature,2015,29.86
temperature,2015,29.83
temperature,2015,29.8
temperature,2015,29.12
temperature,2015,29.09
temperature,2015,29.06
temperature,2015,29.04
temperature,2015,29.01
temperature,2015,28.98
temperature,2015,28.95
temperature,2015,28.92
temperature,2015,28.89
temperature,2015,28.86
temperature,2015,28.84
temperature,2015,28.81
temperature,2015,29.89
temperature,2015,29.86
temperature,2015,29.83
temperature,2015,29.8
temperature,2015,29.09
temperature,2015,29.06
temperature,2015,29.04
temperature,2015,29.01
temperature,2015,28.98
temperature,2015,28.95
temperature,2015,28.92
temperature,2015,28.89
temperature,2015,28.86
temperature,2015,28.84
temperature,2015,28.81
temperature,2015,28.78
temperature,2015,29.89
temperature,2015,29.86
temperature,2015,29.83
temperature,2015,29.8
temperature,2015,29.09
temperature,2015,29.06
temperature,2015,29.04
temperature,2015,29.01
temperature,2015,28.98
temperature,2015,28.95
temperature,2015,28.92
temperature,2015,28.89
temperature,2015,28.86
temperature,2015,28.84
temperature,2015,28.81
temperature,2015,28.78
temperature,2015,28.75
temperature,2015,29.89
temperature,2015,29.86
temperature,2015,29.83
temperature,2015,29.8
temperature,2015,29.06
temperature,2015,29.04
temperature,2015,29.01
temperature,2015,28.98
temperature,2015,28.95
temperature,2015,28.92
temperature,2015,28.89
temperature,2015,28.86
temperature,2015,28.84
temperature,2015,28.81
temperature,2015,28.78
temperature,2015,28.75
temperature,2015,28.72
temperature,2015,29.89
temperature,2015,29.86
temperature,2015,29.83
temperature,2015,29.8
temperature,2015,29.04
temperature,2015,29.01
temperature,2015,28.98
temperature,2015,28.95
temperature,2015,28.92
temperature,2015,28.89
temperature,2015,28.86
temperature,2015,28.84
temperature,2015,28.81
temperature,2015,28.78
temperature,2015,28.75
temperature,2015,28.72
temperature,2015,28.69
temperature,2015,29.89
temperature,2015,29.86
temperature,2015,29.83
temperature,2015,29.8
temperature,2015,29.04
temperature,2015,29.01
temperature,2015,28.98
temperature,2015,28.95
temperature,2015,28.92
temperature,2015,28.89
temperature,2015,28.86
temperature,2015,28.84
temperature,2015,28.81
temperature,2015,28.78
temperature,2015,28.75
temperature,2015,28.72
temperature,2015,28.69
temperature,2015,28.67
temperature,2015,29.89
temperature,2015,29.86
temperature,2015,29.83
temperature,2015,29.8
temperature,2015,29.01
temperature,2015,28.98
temperature,2015,28.95
temperature,2015,28.92
temperature,2015,28.89
temperature,2015,28.86
temperature,2015,28.84
temperature,2015,28.81
temperature,2015,28.78
temperature,2015,28.75
temperature,2015,28.72
temperature,2015,28.69
temperature,2015,28.67
temperature,2015,28.64
temperature,2015,29.89
temperature,2015,29.86
temperature,2015,29.83
temperature,2015,29.8
temperature,2015,28.98
temperature,2015,28.95
temperature,2015,28.92
temperature,2015,28.89
temperature,2015,28.86
temperature,2015,28.84
temperature,2015,28.81
temperature,2015,28.78
temperature,2015,28.75
temperature,2015,28.72
temperature,2015,28.69
temperature,2015,28.67
temperature,2015,28.64
temperature,2015,28.61
temperature,2015,29.89
temperature,2015,29.86
temperature,2015,29.83
temperature,2015,29.8
temperature,2015,28.95
temperature,2015,28.92
temperature,2015,28.89
temperature,2015,28.86
temperature,2015,28.84
temperature,2015,28.81
temperature,2015,28.78
temperature,2015,28.75
temperature,2015,28.72
temperature,2015,28.69
temperature,2015,28.67
temperature,2015,28.64
temperature,2015,28.61
temperature,2015,28.58
temperature,2015,29.89
temperature,2015,29.86
temperature,2015,29.83
temperature,2015,29.8
temperature,2015,28.89
temperature,2015,28.86
temperature,2015,28.84
temperature,2015,28.81
temperature,2015,28.78
temperature,2015,28.75
temperature,2015,28.72
temperature,2015,28.69
temperature,2015,28.67
temperature,2015,28.64
temperature,2015,28.61
temperature,2015,28.58
temperature,2015,28.55
temperature,2015,28.52
temperature,2015,29.89
temperature,2015,29.86
temperature,2015,29.83
temperature,2015,29.8
temperature,2015,28.86
temperature,2015,28.84
temperature,2015,28.81
temperature,2015,28.78
temperature,2015,28.75
temperature,2015,28.72
temperature,2015,28.69
temperature,2015,28.67
temperature,2015,28.64
temperature,2015,28.61
temperature,2015,28.58
temperature,2015,28.55
temperature,2015,28.52
temperature,2015,28.5
temperature,2015,29.89
temperature,2015,29.86
temperature,2015,29.83
temperature,2015,29.8
temperature,2015,28.84
temperature,2015,28.81
temperature,2015,28.78
temperature,2015,28.75
temperature,2015,28.72
temperature,2015,28.69
temperature,2015,28.67
temperature,2015,28.64
temperature,2015,28.61
temperature,2015,28.58
temperature,2015,28.55
temperature,2015,28.52
temperature,2015,28.5
temperature,2015,28.47
temperature,2015,29.89
temperature,2015,29.86
temperature,2015,29.83
temperature,2015,29.8
temperature,2015,28.81
temperature,2015,28.78
temperature,2015,28.75
temperature,2015,28.72
temperature,2015,28.69
temperature,2015,28.67
temperature,2015,28.64
temperature,2015,28.61
temperature,2015,28.58
temperature,2015,28.55
temperature,2015,28.52
temperature,2015,28.5
temperature,2015,28.47
temperature,2015,28.44
temperature,2015,29.89
temperature,2015,29.86
temperature,2015,29.83
temperature,2015,29.8
temperature,2015,28.78
temperature,2015,28.75
temperature,2015,28.72
temperature,2015,28.69
temperature,2015,28.67
temperature,2015,28.64
temperature,2015,28.61
temperature,2015,28.58
temperature,2015,28.55
temperature,2015,28.52
temperature,2015,28.5
temperature,2015,28.47
temperature,2015,28.44
temperature,2015,28.41
temperature,2015,29.89
temperature,2015,29.86
temperature,2015,29.83
temperature,2015,29.8
temperature,2015,28.75
temperature,2015,28.72
temperature,2015,28.69
temperature,2015,28.67
temperature,2015,28.64
temperature,2015,28.61
temperature,2015,28.58
temperature,2015,28.55
temperature,2015,28.52
temperature,2015,28.5
temperature,2015,28.47
temperature,2015,28.44
temperature,2015,28.41
temperature,2015,28.38
temperature,2015,29.89
temperature,2015,29.86
temperature,2015,29.83
temperature,2015,29.8
temperature,2015,28.72
temperature,2015,28.69
temperature,2015,28.67
temperature,2015,28.64
temperature,2015,28.61
temperature,2015,28.58
temperature,2015,28.55
temperature,2015,28.52
temperature,2015,28.5
temperature,2015,28.47
temperature,2015,28.44
temperature,2015,28.41
temperature,2015,28.38
temperature,2015,29.89
temperature,2015,29.86
temperature,2015,29.83
temperature,2015,29.8
temperature,2015,28.69
temperature,2015,28.67
temperature,2015,28.64
temperature,2015,28.61
temperature,2015,28.58
temperature,2015,28.55
temperature,2015,28.52
temperature,2015,28.5
temperature,2015,28.47
temperature,2015,28.44
temperature,2015,28.41
temperature,2015,28.38
temperature,2015,28.35
temperature,2015,29.89
temperature,2015,29.86
temperature,2015,29.83
temperature,2015,29.8
temperature,2015,28.67
temperature,2015,28.64
temperature,2015,28.61
temperature,2015,28.58
temperature,2015,28.55
temperature,2015,28.52
temperature,2015,28.5
temperature,2015,28.47
temperature,2015,28.44
temperature,2015,28.41
temperature,2015,28.38
temperature,2015,28.35
temperature,2015,28.32
temperature,2015,29.89
temperature,2015,29.86
temperature,2015,29.83
temperature,2015,29.8
temperature,2015,28.64
temperature,2015,28.61
temperature,2015,28.58
temperature,2015,28.55
temperature,2015,28.52
temperature,2015,28.5
temperature,2015,28.47
temperature,2015,28.44
temperature,2015,28.41
temperature,2015,28.38
temperature,2015,28.35
temperature,2015,28.32
temperature,2015,28.3
temperature,2015,29.89
temperature,2015,29.86
temperature,2015,29.83
temperature,2015,29.8
temperature,2015,28.61
temperature,2015,28.58
temperature,2015,28.55
temperature,2015,28.52
temperature,2015,28.5
temperature,2015,28.47
temperature,2015,28.44
temperature,2015,28.41
temperature,2015,28.38
temperature,2015,28.35
temperature,2015,28.32
temperature,2015,28.3
temperature,2015,28.27
temperature,2015,29.89
temperature,2015,29.86
temperature,2015,29.83
temperature,2015,29.8
temperature,2015,28.58
temperature,2015,28.55
temperature,2015,28.52
temperature,2015,28.5
temperature,2015,28.47
temperature,2015,28.44
temperature,2015,28.41
temperature,2015,28.38
temperature,2015,28.35
temperature,2015,28.32
temperature,2015,28.3
temperature,2015,28.27
temperature,2015,28.24
temperature,2015,29.89
temperature,2015,29.86
temperature,2015,29.83
temperature,2015,29.8
temperature,2015,28.55
temperature,2015,28.52
temperature,2015,28.5
temperature,2015,28.47
temperature,2015,28.44
temperature,2015,28.41
temperature,2015,28.38
temperature,2015,28.35
temperature,2015,28.32
temperature,2015,28.3
temperature,2015,28.27
temperature,2015,28.24
temperature,2015,28.21
temperature,2015,29.89
temperature,2015,29.86
temperature,2015,29.83
temperature,2015,29.8
temperature,2015,28.52
temperature,2015,28.5
temperature,2015,28.47
temperature,2015,28.44
temperature,2015,28.41
temperature,2015,28.38
temperature,2015,28.35
temperature,2015,28.32
temperature,2015,28.3
temperature,2015,28.27
temperature,2015,28.24
temperature,2015,28.21
temperature,2015,28.18
temperature,2015,29.89
temperature,2015,29.86
temperature,2015,29.83
temperature,2015,29.8
temperature,2015,28.5
temperature,2015,28.47
temperature,2015,28.44
temperature,2015,28.41
temperature,2015,28.38
temperature,2015,28.35
temperature,2015,28.32
temperature,2015,28.3
temperature,2015,28.27
temperature,2015,28.24
temperature,2015,28.21
temperature,2015,28.18
temperature,2015,28.15
temperature,2015,29.89
temperature,2015,29.86
temperature,2015,29.83
temperature,2015,29.8
temperature,2015,28.47
temperature,2015,28.44
temperature,2015,28.41
temperature,2015,28.38
temperature,2015,28.35
temperature,2015,28.32
temperature,2015,28.3
temperature,2015,28.27
temperature,2015,28.24
temperature,2015,28.21
temperature,2015,28.18
temperature,2015,28.15
temperature,2015,28.13
temperature,2015,29.89
temperature,2015,29.86
temperature,2015,29.83
temperature,2015,29.8
temperature,2015,28.44
temperature,2015,28.41
temperature,2015,28.38
temperature,2015,28.35
temperature,2015,28.32
temperature,2015,28.3
temperature,2015,28.27
temperature,2015,28.24
temperature,2015,28.21
temperature,2015,28.18
temperature,2015,28.15
temperature,2015,28.13
temperature,2015,28.1
temperature,2015,29.89
temperature,2015,29.86
temperature,2015,29.83
temperature,2015,29.8
temperature,2015,28.41
temperature,2015,28.38
temperature,2015,28.35
temperature,2015,28.32
temperature,2015,28.3
temperature,2015,28.27
temperature,2015,28.24
temperature,2015,28.21
temperature,2015,28.18
temperature,2015,28.15
temperature,2015,28.13
temperature,2015,28.1
temperature,2015,29.89
temperature,2015,29.86
temperature,2015,29.83
temperature,2015,29.8
temperature,2015,28.41
temperature,2015,28.38
temperature,2015,28.35
temperature,2015,28.32
temperature,2015,28.3
temperature,2015,28.27
temperature,2015,28.24
temperature,2015,28.21
temperature,2015,28.18
temperature,2015,28.15
temperature,2015,28.13
temperature,2015,28.1
temperature,2015,28.07
temperature,2015,29.89
temperature,2015,29.86
temperature,2015,29.83
temperature,2015,29.8
temperature,2015,28.38
temperature,2015,28.35
temperature,2015,28.32
temperature,2015,28.3
temperature,2015,28.27
temperature,2015,28.24
temperature,2015,28.21
temperature,2015,28.18
temperature,2015,28.15
temperature,2015,28.13
temperature,2015,28.1
temperature,2015,28.07
temperature,2015,29.89
temperature,2015,29.86
temperature,2015,29.83
temperature,2015,29.8
temperature,2015,28.35
temperature,2015,28.32
temperature,2015,28.3
temperature,2015,28.27
temperature,2015,28.24
temperature,2015,28.21
temperature,2015,28.18
temperature,2015,28.15
temperature,2015,28.13
temperature,2015,28.1
temperature,2015,28.07
temperature,2015,29.89
temperature,2015,29.86
temperature,2015,29.83
temperature,2015,29.8
temperature,2015,28.35
temperature,2015,28.32
temperature,2015,28.3
temperature,2015,28.27
temperature,2015,28.24
temperature,2015,28.21
temperature,2015,28.18
temperature,2015,28.15
temperature,2015,28.13
temperature,2015,28.1
temperature,2015,28.07
temperature,2015,29.89
temperature,2015,29.86
temperature,2015,29.83
temperature,2015,29.8
temperature,2015,28.35
temperature,2015,28.32
temperature,2015,28.3
temperature,2015,28.27
temperature,2015,28.24
temperature,2015,28.21
temperature,2015,28.18
temperature,2015,28.15
temperature,2015,28.13
temperature,2015,28.1
temperature,2015,29.89
temperature,2015,29.86
temperature,2015,29.83
temperature,2015,29.8
temperature,2015,28.38
temperature,2015,28.35
temperature,2015,28.32
temperature,2015,28.3
temperature,2015,28.27
temperature,2015,28.24
temperature,2015,28.21
temperature,2015,28.18
temperature,2015,28.15
temperature,2015,28.13
temperature,2015,28.1
temperature,2015,29.89
temperature,2015,29.86
temperature,2015,29.83
temperature,2015,29.8
temperature,2015,28.38
temperature,2015,28.35
temperature,2015,28.32
temperature,2015,28.3
temperature,2015,28.27
temperature,2015,28.24
temperature,2015,28.21
temperature,2015,28.18
temperature,2015,28.15
temperature,2015,28.13
temperature,2015,29.89
temperature,2015,29.86
temperature,2015,29.83
temperature,2015,29.8
temperature,2015,28.41
temperature,2015,28.38
temperature,2015,28.35
temperature,2015,28.32
temperature,2015,28.3
temperature,2015,28.27
temperature,2015,28.24
temperature,2015,28.21
temperature,2015,28.18
temperature,2015,28.15
temperature,2015,28.13
temperature,2015,29.89
temperature,2015,29.86
temperature,2015,29.83
temperature,2015,29.8
temperature,2015,28.41
temperature,2015,28.38
temperature,2015,28.35
temperature,2015,28.32
temperature,2015,28.3
temperature,2015,28.27
temperature,2015,28.24
temperature,2015,28.21
temperature,2015,28.18
temperature,2015,28.15
temperature,2015,29.89
temperature,2015,29.86
temperature,2015,29.83
temperature,2015,29.8
temperature,2015,28.44
temperature,2015,28.41
temperature,2015,28.38
temperature,2015,28.35
temperature,2015,28.32
temperature,2015,28.3
temperature,2015,28.27
temperature,2015,28.24
temperature,2015,28.21
temperature,2015,28.18
temperature,2015,28.15
temperature,2015,29.89
temperature,2015,29.86
temperature,2015,29.83
temperature,2015,29.8
temperature,2015,28.44
temperature,2015,28.41
temperature,2015,28.38
temperature,2015,28.35
temperature,2015,28.32
temperature,2015,28.3
temperature,2015,28.27
temperature,2015,28.24
temperature,2015,28.21
temperature,2015,28.18
temperature,2015,29.89
temperature,2015,29.86
temperature,2015,29.83
temperature,2015,29.8
temperature,2015,28.47
temperature,2015,28.44
temperature,2015,28.41
temperature,2015,28.38
temperature,2015,28.35
temperature,2015,28.32
temperature,2015,28.3
temperature,2015,28.27
temperature,2015,28.24
temperature,2015,28.21
temperature,2015,28.18
temperature,2015,29.89
temperature,2015,29.86
temperature,2015,29.83
temperature,2015,29.8
temperature,2015,28.5
temperature,2015,28.47
temperature,2015,28.44
temperature,2015,28.41
temperature,2015,28.38
temperature,2015,28.35
temperature,2015,28.32
temperature,2015,28.3
temperature,2015,28.27
temperature,2015,28.24
temperature,2015,28.21
temperature,2015,29.89
temperature,2015,29.86
temperature,2015,29.83
temperature,2015,29.8
temperature,2015,28.5
temperature,2015,28.47
temperature,2015,28.44
temperature,2015,28.41
temperature,2015,28.38
temperature,2015,28.35
temperature,2015,28.32
temperature,2015,28.3
temperature,2015,28.27
temperature,2015,28.24
temperature,2015,28.21
temperature,2015,29.89
temperature,2015,29.86
temperature,2015,29.83
temperature,2015,29.8
temperature,2015,28.5
temperature,2015,28.47
temperature,2015,28.44
temperature,2015,28.41
temperature,2015,28.38
temperature,2015,28.35
temperature,2015,28.32
temperature,2015,28.3
temperature,2015,28.27
temperature,2015,28.24
temperature,2015,28.21
temperature,2015,29.89
temperature,2015,29.86
temperature,2015,29.83
temperature,2015,29.8
temperature,2015,28.5
temperature,2015,28.47
temperature,2015,28.44
temperature,2015,28.41
temperature,2015,28.38
temperature,2015,28.35
temperature,2015,28.32
temperature,2015,28.3
temperature,2015,28.27
temperature,2015,28.24
temperature,2015,28.21
temperature,2015,28.18
temperature,2015,29.86
temperature,2015,29.83
temperature,2015,29.8
temperature,2015,28.5
temperature,2015,28.47
temperature,2015,28.44
temperature,2015,28.41
temperature,2015,28.38
temperature,2015,28.35
temperature,2015,28.32
temperature,2015,28.3
temperature,2015,28.27
temperature,2015,28.24
temperature,2015,28.21
temperature,2015,28.18
temperature,2015,28.15
temperature,2015,29.86
temperature,2015,29.83
temperature,2015,29.8
temperature,2015,28.5
temperature,2015,28.47
temperature,2015,28.44
temperature,2015,28.41
temperature,2015,28.38
temperature,2015,28.35
temperature,2015,28.32
temperature,2015,28.3
temperature,2015,28.27
temperature,2015,28.24
temperature,2015,28.21
temperature,2015,28.18
temperature,2015,28.15
temperature,2015,28.13
temperature,2015,28.47
temperature,2015,28.44
temperature,2015,28.41
temperature,2015,28.38
temperature,2015,28.35
temperature,2015,28.32
temperature,2015,28.3
temperature,2015,28.27
temperature,2015,28.24
temperature,2015,28.21
temperature,2015,28.18
temperature,2015,28.15
temperature,2015,28.13
temperature,2015,28.1
temperature,2015,28.44
temperature,2015,28.41
temperature,2015,28.38
temperature,2015,28.35
temperature,2015,28.32
temperature,2015,28.3
temperature,2015,28.27
temperature,2015,28.24
temperature,2015,28.21
temperature,2015,28.18
temperature,2015,28.15
temperature,2015,28.13
temperature,2015,28.1
temperature,2015,28.07
temperature,2015,28.04
temperature,2015,28.41
temperature,2015,28.38
temperature,2015,28.35
temperature,2015,28.32
temperature,2015,28.3
temperature,2015,28.27
temperature,2015,28.24
temperature,2015,28.21
temperature,2015,28.18
temperature,2015,28.15
temperature,2015,28.13
temperature,2015,28.1
temperature,2015,28.07
temperature,2015,28.04
temperature,2015,28.01
temperature,2015,28.35
temperature,2015,28.32
temperature,2015,28.3
temperature,2015,28.27
temperature,2015,28.24
temperature,2015,28.21
temperature,2015,28.18
temperature,2015,28.15
temperature,2015,28.13
temperature,2015,28.1
temperature,2015,28.07
temperature,2015,28.04
temperature,2015,28.01
temperature,2015,27.98
temperature,2015,28.32
temperature,2015,28.3
temperature,2015,28.27
temperature,2015,28.24
temperature,2015,28.21
temperature,2015,28.18
temperature,2015,28.15
temperature,2015,28.13
temperature,2015,28.1
temperature,2015,28.07
temperature,2015,28.04
temperature,2015,28.01
temperature,2015,27.98
temperature,2015,27.96
temperature,2015,28.3
temperature,2015,28.27
temperature,2015,28.24
temperature,2015,28.21
temperature,2015,28.18
temperature,2015,28.15
temperature,2015,28.13
temperature,2015,28.1
temperature,2015,28.07
temperature,2015,28.04
temperature,2015,28.01
temperature,2015,27.98
temperature,2015,27.96
temperature,2015,27.93
temperature,2015,28.27
temperature,2015,28.24
temperature,2015,28.21
temperature,2015,28.18
temperature,2015,28.15
temperature,2015,28.13
temperature,2015,28.1
temperature,2015,28.07
temperature,2015,28.04
temperature,2015,28.01
temperature,2015,27.98
temperature,2015,27.96
temperature,2015,27.93
temperature,2015,27.9
temperature,2015,28.24
temperature,2015,28.21
temperature,2015,28.18
temperature,2015,28.15
temperature,2015,28.13
temperature,2015,28.1
temperature,2015,28.07
temperature,2015,28.04
temperature,2015,28.01
temperature,2015,27.98
temperature,2015,27.96
temperature,2015,27.93
temperature,2015,27.9
temperature,2015,27.87
temperature,2015,28.21
temperature,2015,28.18
temperature,2015,28.15
temperature,2015,28.13
temperature,2015,28.1
temperature,2015,28.07
temperature,2015,28.04
temperature,2015,28.01
temperature,2015,27.98
temperature,2015,27.96
temperature,2015,27.93
temperature,2015,27.9
temperature,2015,27.87
temperature,2015,27.84
temperature,2015,28.18
temperature,2015,28.15
temperature,2015,28.13
temperature,2015,28.1
temperature,2015,28.07
temperature,2015,28.04
temperature,2015,28.01
temperature,2015,27.98
temperature,2015,27.96
temperature,2015,27.93
temperature,2015,27.9
temperature,2015,27.87
temperature,2015,27.84
temperature,2015,28.15
temperature,2015,28.13
temperature,2015,28.1
temperature,2015,28.07
temperature,2015,28.04
temperature,2015,28.01
temperature,2015,27.98
temperature,2015,27.96
temperature,2015,27.93
temperature,2015,27.9
temperature,2015,27.87
temperature,2015,27.84
temperature,2015,28.21
temperature,2015,28.18
temperature,2015,28.15
temperature,2015,28.13
temperature,2015,28.1
temperature,2015,28.07
temperature,2015,28.04
temperature,2015,28.01
temperature,2015,27.98
temperature,2015,27.96
temperature,2015,27.93
temperature,2015,27.9
temperature,2015,27.87
temperature,2015,27.84
temperature,2015,28.24
temperature,2015,28.21
temperature,2015,28.18
temperature,2015,28.15
temperature,2015,28.13
temperature,2015,28.1
temperature,2015,28.07
temperature,2015,28.04
temperature,2015,28.01
temperature,2015,27.98
temperature,2015,27.96
temperature,2015,27.93
temperature,2015,27.9
temperature,2015,27.87
temperature,2015,27.84
temperature,2015,28.27
temperature,2015,28.24
temperature,2015,28.21
temperature,2015,28.18
temperature,2015,28.15
temperature,2015,28.13
temperature,2015,28.1
temperature,2015,28.07
temperature,2015,28.04
temperature,2015,28.01
temperature,2015,27.98
temperature,2015,27.96
temperature,2015,27.93
temperature,2015,27.9
temperature,2015,27.87
temperature,2015,28.32
temperature,2015,28.3
temperature,2015,28.27
temperature,2015,28.24
temperature,2015,28.21
temperature,2015,28.18
temperature,2015,28.15
temperature,2015,28.13
temperature,2015,28.1
temperature,2015,28.07
temperature,2015,28.04
temperature,2015,28.01
temperature,2015,27.98
temperature,2015,27.96
temperature,2015,27.93
temperature,2015,27.9
temperature,2015,28.35
temperature,2015,28.32
temperature,2015,28.3
temperature,2015,28.27
temperature,2015,28.24
temperature,2015,28.21
temperature,2015,28.18
temperature,2015,28.15
temperature,2015,28.13
temperature,2015,28.1
temperature,2015,28.07
temperature,2015,28.04
temperature,2015,28.01
temperature,2015,27.98
temperature,2015,27.96
temperature,2015,27.93
temperature,2015,28.38
temperature,2015,28.35
temperature,2015,28.32
temperature,2015,28.3
temperature,2015,28.27
temperature,2015,28.24
temperature,2015,28.21
temperature,2015,28.18
temperature,2015,28.15
temperature,2015,28.13
temperature,2015,28.1
temperature,2015,28.07
temperature,2015,28.04
temperature,2015,28.01
temperature,2015,27.98
temperature,2015,27.96
temperature,2015,28.44
temperature,2015,28.41
temperature,2015,28.38
temperature,2015,28.35
temperature,2015,28.32
temperature,2015,28.3
temperature,2015,28.27
temperature,2015,28.24
temperature,2015,28.21
temperature,2015,28.18
temperature,2015,28.15
temperature,2015,28.13
temperature,2015,28.1
temperature,2015,28.07
temperature,2015,28.04
temperature,2015,28.01
temperature,2015,28.47
temperature,2015,28.44
temperature,2015,28.41
temperature,2015,28.38
temperature,2015,28.35
temperature,2015,28.32
temperature,2015,28.3
temperature,2015,28.27
temperature,2015,28.24
temperature,2015,28.21
temperature,2015,28.18
temperature,2015,28.15
temperature,2015,28.13
temperature,2015,28.1
temperature,2015,28.07
temperature,2015,28.04
temperature,2015,28.5
temperature,2015,28.47
temperature,2015,28.44
temperature,2015,28.41
temperature,2015,28.38
temperature,2015,28.35
temperature,2015,28.32
temperature,2015,28.3
temperature,2015,28.27
temperature,2015,28.24
temperature,2015,28.21
temperature,2015,28.18
temperature,2015,28.15
temperature,2015,28.13
temperature,2015,28.1
temperature,2015,28.07
temperature,2015,28.52
temperature,2015,28.5
temperature,2015,28.47
temperature,2015,28.44
temperature,2015,28.41
temperature,2015,28.38
temperature,2015,28.35
temperature,2015,28.32
temperature,2015,28.3
temperature,2015,28.27
temperature,2015,28.24
temperature,2015,28.21
temperature,2015,28.18
temperature,2015,28.15
temperature,2015,28.13
temperature,2015,28.55
temperature,2015,28.52
temperature,2015,28.5
temperature,2015,28.47
temperature,2015,28.44
temperature,2015,28.41
temperature,2015,28.38
temperature,2015,28.35
temperature,2015,28.32
temperature,2015,28.3
temperature,2015,28.27
temperature,2015,28.24
temperature,2015,28.21
temperature,2015,28.18
temperature,2015,28.15
temperature,2015,28.55
temperature,2015,28.52
temperature,2015,28.5
temperature,2015,28.47
temperature,2015,28.44
temperature,2015,28.41
temperature,2015,28.38
temperature,2015,28.35
temperature,2015,28.32
temperature,2015,28.3
temperature,2015,28.27
temperature,2015,28.24
temperature,2015,28.21
temperature,2015,28.18
temperature,2015,29.83
temperature,2015,29.8
temperature,2015,28.58
temperature,2015,28.55
temperature,2015,28.52
temperature,2015,28.5
temperature,2015,28.47
temperature,2015,28.44
temperature,2015,28.41
temperature,2015,28.38
temperature,2015,28.35
temperature,2015,28.32
temperature,2015,28.3
temperature,2015,28.27
temperature,2015,28.24
temperature,2015,29.83
temperature,2015,29.8
temperature,2015,28.58
temperature,2015,28.55
temperature,2015,28.52
temperature,2015,28.5
temperature,2015,28.47
temperature,2015,28.44
temperature,2015,28.41
temperature,2015,28.38
temperature,2015,28.35
temperature,2015,28.32
temperature,2015,28.3
temperature,2015,28.27
temperature,2015,29.89
temperature,2015,29.86
temperature,2015,29.83
temperature,2015,29.8
temperature,2015,28.58
temperature,2015,28.55
temperature,2015,28.52
temperature,2015,28.5
temperature,2015,28.47
temperature,2015,28.44
temperature,2015,28.41
temperature,2015,28.38
temperature,2015,28.35
temperature,2015,28.32
temperature,2015,28.3
temperature,2015,29.89
temperature,2015,29.86
temperature,2015,29.83
temperature,2015,29.8
temperature,2015,28.58
temperature,2015,28.55
temperature,2015,28.52
temperature,2015,28.5
temperature,2015,28.47
temperature,2015,28.44
temperature,2015,28.41
temperature,2015,28.38
temperature,2015,28.35
temperature,2015,28.32
temperature,2015,29.89
temperature,2015,29.86
temperature,2015,29.83
temperature,2015,29.8
temperature,2015,28.58
temperature,2015,28.55
temperature,2015,28.52
temperature,2015,28.5
temperature,2015,28.47
temperature,2015,28.44
temperature,2015,28.41
temperature,2015,28.38
temperature,2015,28.35
temperature,2015,28.32
temperature,2015,29.89
temperature,2015,29.86
temperature,2015,29.83
temperature,2015,29.8
temperature,2015,28.58
temperature,2015,28.55
temperature,2015,28.52
temperature,2015,28.5
temperature,2015,28.47
temperature,2015,28.44
temperature,2015,28.41
temperature,2015,28.38
temperature,2015,28.35
temperature,2015,28.32
temperature,2015,29.89
temperature,2015,29.86
temperature,2015,29.83
temperature,2015,29.8
temperature,2015,28.58
temperature,2015,28.55
temperature,2015,28.52
temperature,2015,28.5
temperature,2015,28.47
temperature,2015,28.44
temperature,2015,28.41
temperature,2015,28.38
temperature,2015,28.35
temperature,2015,28.32
temperature,2015,29.89
temperature,2015,29.86
temperature,2015,29.83
temperature,2015,29.8
temperature,2015,28.58
temperature,2015,28.55
temperature,2015,28.52
temperature,2015,28.5
temperature,2015,28.47
temperature,2015,28.44
temperature,2015,28.41
temperature,2015,28.38
temperature,2015,28.35
temperature,2015,28.32
temperature,2015,29.89
temperature,2015,29.86
temperature,2015,29.83
temperature,2015,29.8
temperature,2015,28.58
temperature,2015,28.55
temperature,2015,28.52
temperature,2015,28.5
temperature,2015,28.47
temperature,2015,28.44
temperature,2015,28.41
temperature,2015,28.38
temperature,2015,28.35
temperature,2015,28.32
temperature,2015,29.89
temperature,2015,29.86
temperature,2015,29.83
temperature,2015,29.8
temperature,2015,28.58
temperature,2015,28.55
temperature,2015,28.52
temperature,2015,28.5
temperature,2015,28.47
temperature,2015,28.44
temperature,2015,28.41
temperature,2015,28.38
temperature,2015,28.35
temperature,2015,28.32
temperature,2015,29.89
temperature,2015,29.86
temperature,2015,29.83
temperature,2015,29.8
temperature,2015,28.58
temperature,2015,28.55
temperature,2015,28.52
temperature,2015,28.5
temperature,2015,28.47
temperature,2015,28.44
temperature,2015,28.41
temperature,2015,28.38
temperature,2015,28.35
temperature,2015,28.32
temperature,2015,29.89
temperature,2015,29.86
temperature,2015,29.83
temperature,2015,29.8
temperature,2015,28.58
temperature,2015,28.55
temperature,2015,28.52
temperature,2015,28.5
temperature,2015,28.47
temperature,2015,28.44
temperature,2015,28.41
temperature,2015,28.38
temperature,2015,28.35
temperature,2015,28.32
temperature,2015,29.89
temperature,2015,29.86
temperature,2015,29.83
temperature,2015,29.8
temperature,2015,28.58
temperature,2015,28.55
temperature,2015,28.52
temperature,2015,28.5
temperature,2015,28.47
temperature,2015,28.44
temperature,2015,28.41
temperature,2015,28.38
temperature,2015,28.35
temperature,2015,28.32
temperature,2015,29.89
temperature,2015,29.86
temperature,2015,29.83
temperature,2015,29.8
temperature,2015,28.58
temperature,2015,28.55
temperature,2015,28.52
temperature,2015,28.5
temperature,2015,28.47
temperature,2015,28.44
temperature,2015,28.41
temperature,2015,28.38
temperature,2015,28.35
temperature,2015,28.32
temperature,2015,29.89
temperature,2015,29.86
temperature,2015,29.83
temperature,2015,29.8
temperature,2015,28.58
temperature,2015,28.55
temperature,2015,28.52
temperature,2015,28.5
temperature,2015,28.47
temperature,2015,28.44
temperature,2015,28.41
temperature,2015,28.38
temperature,2015,28.35
temperature,2015,28.32
temperature,2015,29.89
temperature,2015,29.86
temperature,2015,29.83
temperature,2015,29.8
temperature,2015,28.58
temperature,2015,28.55
temperature,2015,28.52
temperature,2015,28.5
temperature,2015,28.47
temperature,2015,28.44
temperature,2015,28.41
temperature,2015,28.38
temperature,2015,28.35
temperature,2015,29.89
temperature,2015,29.86
temperature,2015,29.83
temperature,2015,29.8
temperature,2015,28.58
temperature,2015,28.55
temperature,2015,28.52
temperature,2015,28.5
temperature,2015,28.47
temperature,2015,28.44
temperature,2015,28.41
temperature,2015,28.38
temperature,2015,28.35
temperature,2015,29.89
temperature,2015,29.86
temperature,2015,29.83
temperature,2015,29.8
temperature,2015,28.61
temperature,2015,28.58
temperature,2015,28.55
temperature,2015,28.52
temperature,2015,28.5
temperature,2015,28.47
temperature,2015,28.44
temperature,2015,28.41
temperature,2015,28.38
temperature,2015,28.35
temperature,2015,29.89
temperature,2015,29.86
temperature,2015,29.83
temperature,2015,29.8
temperature,2015,28.61
temperature,2015,28.58
temperature,2015,28.55
temperature,2015,28.52
temperature,2015,28.5
temperature,2015,28.47
temperature,2015,28.44
temperature,2015,28.41
temperature,2015,28.38
temperature,2015,28.35
temperature,2015,29.89
temperature,2015,29.86
temperature,2015,29.83
temperature,2015,29.8
temperature,2015,28.61
temperature,2015,28.58
temperature,2015,28.55
temperature,2015,28.52
temperature,2015,28.5
temperature,2015,28.47
temperature,2015,28.44
temperature,2015,28.41
temperature,2015,28.38
temperature,2015,28.35
temperature,2015,29.89
temperature,2015,29.86
temperature,2015,29.83
temperature,2015,29.8
temperature,2015,28.61
temperature,2015,28.58
temperature,2015,28.55
temperature,2015,28.52
temperature,2015,28.5
temperature,2015,28.47
temperature,2015,28.44
temperature,2015,28.41
temperature,2015,28.38
temperature,2015,28.35
temperature,2015,29.89
temperature,2015,29.86
temperature,2015,29.83
temperature,2015,29.8
temperature,2015,28.61
temperature,2015,28.58
temperature,2015,28.55
temperature,2015,28.52
temperature,2015,28.5
temperature,2015,28.47
temperature,2015,28.44
temperature,2015,28.41
temperature,2015,28.38
temperature,2015,28.35
temperature,2015,29.89
temperature,2015,29.86
temperature,2015,29.83
temperature,2015,29.8
temperature,2015,28.61
temperature,2015,28.58
temperature,2015,28.55
temperature,2015,28.52
temperature,2015,28.5
temperature,2015,28.47
temperature,2015,28.44
temperature,2015,28.41
temperature,2015,28.38
temperature,2015,29.89
temperature,2015,29.86
temperature,2015,29.83
temperature,2015,29.8
temperature,2015,28.64
temperature,2015,28.61
temperature,2015,28.58
temperature,2015,28.55
temperature,2015,28.52
temperature,2015,28.5
temperature,2015,28.47
temperature,2015,28.44
temperature,2015,28.41
temperature,2015,28.38
temperature,2015,29.89
temperature,2015,29.86
temperature,2015,29.83
temperature,2015,29.8
temperature,2015,28.64
temperature,2015,28.61
temperature,2015,28.58
temperature,2015,28.55
temperature,2015,28.52
temperature,2015,28.5
temperature,2015,28.47
temperature,2015,28.44
temperature,2015,28.41
temperature,2015,28.38
temperature,2015,29.89
temperature,2015,29.86
temperature,2015,29.83
temperature,2015,29.8
temperature,2015,28.67
temperature,2015,28.64
temperature,2015,28.61
temperature,2015,28.58
temperature,2015,28.55
temperature,2015,28.52
temperature,2015,28.5
temperature,2015,28.47
temperature,2015,28.44
temperature,2015,28.41
temperature,2015,28.38
temperature,2015,29.89
temperature,2015,29.86
temperature,2015,29.83
temperature,2015,29.8
temperature,2015,28.69
temperature,2015,28.67
temperature,2015,28.64
temperature,2015,28.61
temperature,2015,28.58
temperature,2015,28.55
temperature,2015,28.52
temperature,2015,28.5
temperature,2015,28.47
temperature,2015,28.44
temperature,2015,28.41
temperature,2015,28.38
temperature,2015,29.89
temperature,2015,29.86
temperature,2015,29.83
temperature,2015,29.8
temperature,2015,28.75
temperature,2015,28.72
temperature,2015,28.69
temperature,2015,28.67
temperature,2015,28.64
temperature,2015,28.61
temperature,2015,28.58
temperature,2015,28.55
temperature,2015,28.52
temperature,2015,28.5
temperature,2015,28.47
temperature,2015,28.44
temperature,2015,28.41
temperature,2015,28.38
temperature,2015,29.89
temperature,2015,29.86
temperature,2015,29.83
temperature,2015,29.8
temperature,2015,28.78
temperature,2015,28.75
temperature,2015,28.72
temperature,2015,28.69
temperature,2015,28.67
temperature,2015,28.64
temperature,2015,28.61
temperature,2015,28.58
temperature,2015,28.55
temperature,2015,28.52
temperature,2015,28.5
temperature,2015,28.47
temperature,2015,28.44
temperature,2015,28.41
temperature,2015,29.89
temperature,2015,29.86
temperature,2015,29.83
temperature,2015,29.8
temperature,2015,28.84
temperature,2015,28.81
temperature,2015,28.78
temperature,2015,28.75
temperature,2015,28.72
temperature,2015,28.69
temperature,2015,28.67
temperature,2015,28.64
temperature,2015,28.61
temperature,2015,28.58
temperature,2015,28.55
temperature,2015,28.52
temperature,2015,28.5
temperature,2015,28.47
temperature,2015,28.44
temperature,2015,28.41
temperature,2015,29.89
temperature,2015,29.86
temperature,2015,29.83
temperature,2015,29.8
temperature,2015,28.86
temperature,2015,28.84
temperature,2015,28.81
temperature,2015,28.78
temperature,2015,28.75
temperature,2015,28.72
temperature,2015,28.69
temperature,2015,28.67
temperature,2015,28.64
temperature,2015,28.61
temperature,2015,28.58
temperature,2015,28.55
temperature,2015,28.52
temperature,2015,28.5
temperature,2015,28.47
temperature,2015,28.44
temperature,2015,28.41
temperature,2015,29.89
temperature,2015,29.86
temperature,2015,29.83
temperature,2015,29.8
temperature,2015,28.92
temperature,2015,28.89
temperature,2015,28.86
temperature,2015,28.84
temperature,2015,28.81
temperature,2015,28.78
temperature,2015,28.75
temperature,2015,28.72
temperature,2015,28.69
temperature,2015,28.67
temperature,2015,28.64
temperature,2015,28.61
temperature,2015,28.58
temperature,2015,28.55
temperature,2015,28.52
temperature,2015,28.5
temperature,2015,28.47
temperature,2015,28.44
temperature,2015,29.89
temperature,2015,29.86
temperature,2015,29.83
temperature,2015,29.8
temperature,2015,28.98
temperature,2015,28.95
temperature,2015,28.92
temperature,2015,28.89
temperature,2015,28.86
temperature,2015,28.84
temperature,2015,28.81
temperature,2015,28.78
temperature,2015,28.75
temperature,2015,28.72
temperature,2015,28.69
temperature,2015,28.67
temperature,2015,28.64
temperature,2015,28.61
temperature,2015,28.58
temperature,2015,28.55
temperature,2015,28.52
temperature,2015,28.5
temperature,2015,29.89
temperature,2015,29.86
temperature,2015,29.83
temperature,2015,29.8
temperature,2015,29.01
temperature,2015,28.98
temperature,2015,28.95
temperature,2015,28.92
temperature,2015,28.89
temperature,2015,28.86
temperature,2015,28.84
temperature,2015,28.81
temperature,2015,28.78
temperature,2015,28.75
temperature,2015,28.72
temperature,2015,28.69
temperature,2015,28.67
temperature,2015,28.64
temperature,2015,28.61
temperature,2015,28.58
temperature,2015,28.55
temperature,2015,28.52
temperature,2015,29.89
temperature,2015,29.86
temperature,2015,29.83
temperature,2015,29.8
temperature,2015,29.06
temperature,2015,29.04
temperature,2015,29.01
temperature,2015,28.98
temperature,2015,28.95
temperature,2015,28.92
temperature,2015,28.89
temperature,2015,28.86
temperature,2015,28.84
temperature,2015,28.81
temperature,2015,28.78
temperature,2015,28.75
temperature,2015,28.72
temperature,2015,28.69
temperature,2015,28.67
temperature,2015,28.64
temperature,2015,28.61
temperature,2015,28.58
temperature,2015,29.89
temperature,2015,29.86
temperature,2015,29.83
temperature,2015,29.8
temperature,2015,29.09
temperature,2015,29.06
temperature,2015,29.04
temperature,2015,29.01
temperature,2015,28.98
temperature,2015,28.95
temperature,2015,28.92
temperature,2015,28.89
temperature,2015,28.86
temperature,2015,28.84
temperature,2015,28.81
temperature,2015,28.78
temperature,2015,28.75
temperature,2015,28.72
temperature,2015,28.69
temperature,2015,28.67
temperature,2015,28.64
temperature,2015,29.89
temperature,2015,29.86
temperature,2015,29.83
temperature,2015,29.8
temperature,2015,29.18
temperature,2015,29.15
temperature,2015,29.12
temperature,2015,29.09
temperature,2015,29.06
temperature,2015,29.04
temperature,2015,29.01
temperature,2015,28.98
temperature,2015,28.95
temperature,2015,28.92
temperature,2015,28.89
temperature,2015,28.86
temperature,2015,28.84
temperature,2015,28.81
temperature,2015,28.78
temperature,2015,28.75
temperature,2015,28.72
temperature,2015,28.69
temperature,2015,28.67
temperature,2015,29.89
temperature,2015,29.86
temperature,2015,29.83
temperature,2015,29.8
temperature,2015,29.23
temperature,2015,29.21
temperature,2015,29.18
temperature,2015,29.15
temperature,2015,29.12
temperature,2015,29.09
temperature,2015,29.06
temperature,2015,29.04
temperature,2015,29.01
temperature,2015,28.98
temperature,2015,28.95
temperature,2015,28.92
temperature,2015,28.89
temperature,2015,28.86
temperature,2015,28.84
temperature,2015,28.81
temperature,2015,28.78
temperature,2015,28.75
temperature,2015,28.72
temperature,2015,29.89
temperature,2015,29.86
temperature,2015,29.83
temperature,2015,29.8
temperature,2015,29.32
temperature,2015,29.29
temperature,2015,29.26
temperature,2015,29.23
temperature,2015,29.21
temperature,2015,29.18
temperature,2015,29.15
temperature,2015,29.12
temperature,2015,29.09
temperature,2015,29.06
temperature,2015,29.04
temperature,2015,29.01
temperature,2015,28.98
temperature,2015,28.95
temperature,2015,28.92
temperature,2015,28.89
temperature,2015,28.86
temperature,2015,28.84
temperature,2015,28.81
temperature,2015,28.78
temperature,2015,28.75
temperature,2015,29.89
temperature,2015,29.86
temperature,2015,29.83
temperature,2015,29.8
temperature,2015,29.4
temperature,2015,29.38
temperature,2015,29.35
temperature,2015,29.32
temperature,2015,29.29
temperature,2015,29.26
temperature,2015,29.23
temperature,2015,29.21
temperature,2015,29.18
temperature,2015,29.15
temperature,2015,29.12
temperature,2015,29.09
temperature,2015,29.06
temperature,2015,29.04
temperature,2015,29.01
temperature,2015,28.98
temperature,2015,28.95
temperature,2015,28.92
temperature,2015,28.89
temperature,2015,28.86
temperature,2015,28.84
temperature,2015,28.81
temperature,2015,29.89
temperature,2015,29.86
temperature,2015,29.83
temperature,2015,29.8
temperature,2015,29.46
temperature,2015,29.43
temperature,2015,29.4
temperature,2015,29.38
temperature,2015,29.35
temperature,2015,29.32
temperature,2015,29.29
temperature,2015,29.26
temperature,2015,29.23
temperature,2015,29.21
temperature,2015,29.18
temperature,2015,29.15
temperature,2015,29.12
temperature,2015,29.09
temperature,2015,29.06
temperature,2015,29.04
temperature,2015,29.01
temperature,2015,28.98
temperature,2015,28.95
temperature,2015,28.92
temperature,2015,28.89
temperature,2015,28.86
temperature,2015,29.89
temperature,2015,29.86
temperature,2015,29.83
temperature,2015,29.8
temperature,2015,29.55
temperature,2015,29.52
temperature,2015,29.49
temperature,2015,29.46
temperature,2015,29.43
temperature,2015,29.4
temperature,2015,29.38
temperature,2015,29.35
temperature,2015,29.32
temperature,2015,29.29
temperature,2015,29.26
temperature,2015,29.23
temperature,2015,29.21
temperature,2015,29.18
temperature,2015,29.15
temperature,2015,29.12
temperature,2015,29.09
temperature,2015,29.06
temperature,2015,29.04
temperature,2015,29.01
temperature,2015,28.98
temperature,2015,28.95
temperature,2015,28.92
temperature,2015,28.89
temperature,2015,29.89
temperature,2015,29.86
temperature,2015,29.83
temperature,2015,29.8
temperature,2015,29.63
temperature,2015,29.6
temperature,2015,29.57
temperature,2015,29.55
temperature,2015,29.52
temperature,2015,29.49
temperature,2015,29.46
temperature,2015,29.43
temperature,2015,29.4
temperature,2015,29.38
temperature,2015,29.35
temperature,2015,29.32
temperature,2015,29.29
temperature,2015,29.26
temperature,2015,29.23
temperature,2015,29.21
temperature,2015,29.18
temperature,2015,29.15
temperature,2015,29.12
temperature,2015,29.09
temperature,2015,29.06
temperature,2015,29.04
temperature,2015,29.01
temperature,2015,28.98
temperature,2015,28.95
temperature,2015,29.89
temperature,2015,29.86
temperature,2015,29.83
temperature,2015,29.8
temperature,2015,29.72
temperature,2015,29.69
temperature,2015,29.66
temperature,2015,29.63
temperature,2015,29.6
temperature,2015,29.57
temperature,2015,29.55
temperature,2015,29.52
temperature,2015,29.49
temperature,2015,29.46
temperature,2015,29.43
temperature,2015,29.4
temperature,2015,29.38
temperature,2015,29.35
temperature,2015,29.32
temperature,2015,29.29
temperature,2015,29.26
temperature,2015,29.23
temperature,2015,29.21
temperature,2015,29.18
temperature,2015,29.15
temperature,2015,29.12
temperature,2015,29.09
temperature,2015,29.06
temperature,2015,29.04
temperature,2015,29.01
temperature,2015,28.98
temperature,2015,29.89
temperature,2015,29.86
temperature,2015,29.83
temperature,2015,29.8
temperature,2015,29.77
temperature,2015,29.75
temperature,2015,29.72
temperature,2015,29.69
temperature,2015,29.66
temperature,2015,29.63
temperature,2015,29.6
temperature,2015,29.57
temperature,2015,29.55
temperature,2015,29.52
temperature,2015,29.49
temperature,2015,29.46
temperature,2015,29.43
temperature,2015,29.4
temperature,2015,29.38
temperature,2015,29.35
temperature,2015,29.32
temperature,2015,29.29
temperature,2015,29.26
temperature,2015,29.23
temperature,2015,29.21
temperature,2015,29.18
temperature,2015,29.15
temperature,2015,29.12
temperature,2015,29.09
temperature,2015,29.06
temperature,2015,29.04
temperature,2015,29.89
temperature,2015,29.86
temperature,2015,29.83
temperature,2015,29.8
temperature,2015,29.77
temperature,2015,29.75
temperature,2015,29.72
temperature,2015,29.69
temperature,2015,29.66
temperature,2015,29.63
temperature,2015,29.6
temperature,2015,29.57
temperature,2015,29.55
temperature,2015,29.52
temperature,2015,29.49
temperature,2015,29.46
temperature,2015,29.43
temperature,2015,29.4
temperature,2015,29.38
temperature,2015,29.35
temperature,2015,29.32
temperature,2015,29.29
temperature,2015,29.26
temperature,2015,29.23
temperature,2015,29.21
temperature,2015,29.18
temperature,2015,29.15
temperature,2015,29.12
temperature,2015,29.09
temperature,2015,29.94
temperature,2015,29.92
temperature,2015,29.89
temperature,2015,29.86
temperature,2015,29.83
temperature,2015,29.8
temperature,2015,29.77
temperature,2015,29.75
temperature,2015,29.72
temperature,2015,29.69
temperature,2015,29.66
temperature,2015,29.63
temperature,2015,29.6
temperature,2015,29.57
temperature,2015,29.55
temperature,2015,29.52
temperature,2015,29.49
temperature,2015,29.46
temperature,2015,29.43
temperature,2015,29.4
temperature,2015,29.38
temperature,2015,29.35
temperature,2015,29.32
temperature,2015,29.29
temperature,2015,29.26
temperature,2015,29.23
temperature,2015,29.21
temperature,2015,29.18
temperature,2015,30.03
temperature,2015,30
temperature,2015,29.97
temperature,2015,29.94
temperature,2015,29.92
temperature,2015,29.89
temperature,2015,29.86
temperature,2015,29.83
temperature,2015,29.8
temperature,2015,29.77
temperature,2015,29.75
temperature,2015,29.72
temperature,2015,29.69
temperature,2015,29.66
temperature,2015,29.63
temperature,2015,29.6
temperature,2015,29.57
temperature,2015,29.55
temperature,2015,29.52
temperature,2015,29.49
temperature,2015,29.46
temperature,2015,29.43
temperature,2015,29.4
temperature,2015,29.38
temperature,2015,29.35
temperature,2015,29.32
temperature,2015,29.29
temperature,2015,29.26
temperature,2015,30.09
temperature,2015,30.06
temperature,2015,30.03
temperature,2015,30
temperature,2015,29.97
temperature,2015,29.94
temperature,2015,29.92
temperature,2015,29.89
temperature,2015,29.86
temperature,2015,29.83
temperature,2015,29.8
temperature,2015,29.77
temperature,2015,29.75
temperature,2015,29.72
temperature,2015,29.69
temperature,2015,29.66
temperature,2015,29.63
temperature,2015,29.6
temperature,2015,29.57
temperature,2015,29.55
temperature,2015,29.52
temperature,2015,29.49
temperature,2015,29.46
temperature,2015,29.43
temperature,2015,29.4
temperature,2015,29.38
temperature,2015,29.35
temperature,2015,29.32
temperature,2015,30.17
temperature,2015,30.14
temperature,2015,30.11
temperature,2015,30.09
temperature,2015,30.06
temperature,2015,30.03
temperature,2015,30
temperature,2015,29.97
temperature,2015,29.94
temperature,2015,29.92
temperature,2015,29.89
temperature,2015,29.86
temperature,2015,29.83
temperature,2015,29.8
temperature,2015,29.77
temperature,2015,29.75
temperature,2015,29.72
temperature,2015,29.69
temperature,2015,29.66
temperature,2015,29.63
temperature,2015,29.6
temperature,2015,29.57
temperature,2015,29.55
temperature,2015,29.52
temperature,2015,29.49
temperature,2015,29.46
temperature,2015,29.43
temperature,2015,29.4
temperature,2016,30.23
temperature,2016,30.2
temperature,2016,30.17
temperature,2016,30.14
temperature,2016,30.11
temperature,2016,30.09
temperature,2016,30.06
temperature,2016,30.03
temperature,2016,30
temperature,2016,29.97
temperature,2016,29.94
temperature,2016,29.92
temperature,2016,29.89
temperature,2016,29.86
temperature,2016,29.83
temperature,2016,29.8
temperature,2016,29.77
temperature,2016,29.75
temperature,2016,29.72
temperature,2016,29.69
temperature,2016,29.66
temperature,2016,29.63
temperature,2016,29.6
temperature,2016,29.57
temperature,2016,29.55
temperature,2016,29.52
temperature,2016,29.49
temperature,2016,30.23
temperature,2016,30.2
temperature,2016,30.17
temperature,2016,30.14
temperature,2016,30.11
temperature,2016,30.09
temperature,2016,30.06
temperature,2016,30.03
temperature,2016,30
temperature,2016,29.97
temperature,2016,29.94
temperature,2016,29.92
temperature,2016,29.89
temperature,2016,29.86
temperature,2016,29.83
temperature,2016,29.8
temperature,2016,29.77
temperature,2016,29.75
temperature,2016,29.72
temperature,2016,29.69
temperature,2016,29.66
temperature,2016,29.63
temperature,2016,29.6
temperature,2016,29.57
temperature,2016,30.26
temperature,2016,30.23
temperature,2016,30.2
temperature,2016,30.17
temperature,2016,30.14
temperature,2016,30.11
temperature,2016,30.09
temperature,2016,30.06
temperature,2016,30.03
temperature,2016,30
temperature,2016,29.97
temperature,2016,29.94
temperature,2016,29.92
temperature,2016,29.89
temperature,2016,29.86
temperature,2016,29.83
temperature,2016,29.8
temperature,2016,29.77
temperature,2016,29.75
temperature,2016,29.72
temperature,2016,29.69
temperature,2016,29.66
temperature,2016,29.63
temperature,2016,30.26
temperature,2016,30.23
temperature,2016,30.2
temperature,2016,30.17
temperature,2016,30.14
temperature,2016,30.11
temperature,2016,30.09
temperature,2016,30.06
temperature,2016,30.03
temperature,2016,30
temperature,2016,29.97
temperature,2016,29.94
temperature,2016,29.92
temperature,2016,29.89
temperature,2016,29.86
temperature,2016,29.83
temperature,2016,29.8
temperature,2016,29.77
temperature,2016,29.75
temperature,2016,29.72
temperature,2016,30.26
temperature,2016,30.23
temperature,2016,30.2
temperature,2016,30.17
temperature,2016,30.14
temperature,2016,30.11
temperature,2016,30.09
temperature,2016,30.06
temperature,2016,30.03
temperature,2016,30
temperature,2016,29.97
temperature,2016,29.94
temperature,2016,29.92
temperature,2016,29.89
temperature,2016,29.86
temperature,2016,29.83
temperature,2016,29.8
temperature,2016,30.26
temperature,2016,30.23
temperature,2016,30.2
temperature,2016,30.17
temperature,2016,30.14
temperature,2016,30.11
temperature,2016,30.09
temperature,2016,30.06
temperature,2016,30.03
temperature,2016,30
temperature,2016,29.97
temperature,2016,29.94
temperature,2016,29.92
temperature,2016,29.89
temperature,2016,29.86
temperature,2016,29.83
temperature,2016,29.8
temperature,2016,30.26
temperature,2016,30.23
temperature,2016,30.2
temperature,2016,30.17
temperature,2016,30.14
temperature,2016,30.11
temperature,2016,30.09
temperature,2016,30.06
temperature,2016,30.03
temperature,2016,30
temperature,2016,29.97
temperature,2016,29.94
temperature,2016,29.89
temperature,2016,29.86
temperature,2016,29.83
temperature,2016,29.8
temperature,2016,30.26
temperature,2016,30.23
temperature,2016,30.2
temperature,2016,30.17
temperature,2016,30.14
temperature,2016,30.11
temperature,2016,30.09
temperature,2016,30.06
temperature,2016,30.03
temperature,2016,30
temperature,2016,29.89
temperature,2016,29.86
temperature,2016,29.83
temperature,2016,29.8
temperature,2016,30.26
temperature,2016,30.23
temperature,2016,30.2
temperature,2016,30.17
temperature,2016,30.14
temperature,2016,30.11
temperature,2016,30.09
temperature,2016,30.06
temperature,2016,30.03
temperature,2016,30
temperature,2016,29.89
temperature,2016,29.86
temperature,2016,29.83
temperature,2016,29.8
temperature,2016,30.23
temperature,2016,30.2
temperature,2016,30.17
temperature,2016,30.14
temperature,2016,30.11
temperature,2016,30.09
temperature,2016,30.06
temperature,2016,30.03
temperature,2016,30
temperature,2016,29.89
temperature,2016,29.86
temperature,2016,29.83
temperature,2016,29.8
temperature,2016,30.23
temperature,2016,30.2
temperature,2016,30.17
temperature,2016,30.14
temperature,2016,30.11
temperature,2016,30.09
temperature,2016,30.06
temperature,2016,30.03
temperature,2016,30
temperature,2016,29.89
temperature,2016,29.86
temperature,2016,29.83
temperature,2016,29.8
temperature,2016,30.23
temperature,2016,30.2
temperature,2016,30.17
temperature,2016,30.14
temperature,2016,30.11
temperature,2016,30.09
temperature,2016,30.06
temperature,2016,30.03
temperature,2016,30
temperature,2016,29.89
temperature,2016,29.86
temperature,2016,29.83
temperature,2016,29.8
temperature,2016,30.23
temperature,2016,30.2
temperature,2016,30.17
temperature,2016,30.14
temperature,2016,30.11
temperature,2016,30.09
temperature,2016,30.06
temperature,2016,30.03
temperature,2016,30
temperature,2016,29.89
temperature,2016,29.86
temperature,2016,29.83
temperature,2016,29.8
temperature,2016,30.23
temperature,2016,30.2
temperature,2016,30.17
temperature,2016,30.14
temperature,2016,30.11
temperature,2016,30.09
temperature,2016,30.06
temperature,2016,30.03
temperature,2016,30
temperature,2016,29.89
temperature,2016,29.86
temperature,2016,29.83
temperature,2016,29.8
temperature,2016,30.23
temperature,2016,30.2
temperature,2016,30.17
temperature,2016,30.14
temperature,2016,30.11
temperature,2016,30.09
temperature,2016,30.06
temperature,2016,30.03
temperature,2016,30
temperature,2016,29.97
temperature,2016,29.94
temperature,2016,29.89
temperature,2016,29.86
temperature,2016,29.83
temperature,2016,29.8
temperature,2016,30.23
temperature,2016,30.2
temperature,2016,30.17
temperature,2016,30.14
temperature,2016,30.11
temperature,2016,30.09
temperature,2016,30.06
temperature,2016,30.03
temperature,2016,30
temperature,2016,29.97
temperature,2016,29.94
temperature,2016,29.92
temperature,2016,29.89
temperature,2016,29.86
temperature,2016,29.83
temperature,2016,29.8
temperature,2016,30.23
temperature,2016,30.2
temperature,2016,30.17
temperature,2016,30.14
temperature,2016,30.11
temperature,2016,30.09
temperature,2016,30.06
temperature,2016,30.03
temperature,2016,30
temperature,2016,29.97
temperature,2016,29.94
temperature,2016,29.92
temperature,2016,29.89
temperature,2016,29.86
temperature,2016,29.83
temperature,2016,29.8
temperature,2016,29.77
temperature,2016,30.23
temperature,2016,30.2
temperature,2016,30.17
temperature,2016,30.14
temperature,2016,30.11
temperature,2016,30.09
temperature,2016,30.06
temperature,2016,30.03
temperature,2016,30
temperature,2016,29.97
temperature,2016,29.94
temperature,2016,29.92
temperature,2016,29.89
temperature,2016,29.86
temperature,2016,29.83
temperature,2016,29.8
temperature,2016,29.77
temperature,2016,29.75
temperature,2016,29.72
temperature,2016,30.23
temperature,2016,30.2
temperature,2016,30.17
temperature,2016,30.14
temperature,2016,30.11
temperature,2016,30.09
temperature,2016,30.06
temperature,2016,30.03
temperature,2016,30
temperature,2016,29.97
temperature,2016,29.94
temperature,2016,29.92
temperature,2016,29.89
temperature,2016,29.86
temperature,2016,29.83
temperature,2016,29.8
temperature,2016,29.77
temperature,2016,29.75
temperature,2016,29.72
temperature,2016,29.69
temperature,2016,29.66
temperature,2016,30.2
temperature,2016,30.17
temperature,2016,30.14
temperature,2016,30.11
temperature,2016,30.09
temperature,2016,30.06
temperature,2016,30.03
temperature,2016,30
temperature,2016,29.97
temperature,2016,29.94
temperature,2016,29.92
temperature,2016,29.89
temperature,2016,29.86
temperature,2016,29.83
temperature,2016,29.8
temperature,2016,29.77
temperature,2016,29.75
temperature,2016,29.72
temperature,2016,29.69
temperature,2016,29.66
temperature,2016,29.63
temperature,2016,29.6
temperature,2016,29.57
temperature,2016,30.17
temperature,2016,30.14
temperature,2016,30.11
temperature,2016,30.09
temperature,2016,30.06
temperature,2016,30.03
temperature,2016,30
temperature,2016,29.97
temperature,2016,29.94
temperature,2016,29.92
temperature,2016,29.89
temperature,2016,29.86
temperature,2016,29.83
temperature,2016,29.8
temperature,2016,29.77
temperature,2016,29.75
temperature,2016,29.72
temperature,2016,29.69
temperature,2016,29.66
temperature,2016,29.63
temperature,2016,29.6
temperature,2016,29.57
temperature,2016,29.55
temperature,2016,29.52
temperature,2016,30.14
temperature,2016,30.11
temperature,2016,30.09
temperature,2016,30.06
temperature,2016,30.03
temperature,2016,30
temperature,2016,29.97
temperature,2016,29.94
temperature,2016,29.92
temperature,2016,29.89
temperature,2016,29.86
temperature,2016,29.83
temperature,2016,29.8
temperature,2016,29.77
temperature,2016,29.75
temperature,2016,29.72
temperature,2016,29.69
temperature,2016,29.66
temperature,2016,29.63
temperature,2016,29.6
temperature,2016,29.57
temperature,2016,29.55
temperature,2016,29.52
temperature,2016,29.49
temperature,2016,29.46
temperature,2016,29.43
temperature,2016,30.06
temperature,2016,30.03
temperature,2016,30
temperature,2016,29.97
temperature,2016,29.94
temperature,2016,29.92
temperature,2016,29.89
temperature,2016,29.86
temperature,2016,29.83
temperature,2016,29.8
temperature,2016,29.77
temperature,2016,29.75
temperature,2016,29.72
temperature,2016,29.69
temperature,2016,29.66
temperature,2016,29.63
temperature,2016,29.6
temperature,2016,29.57
temperature,2016,29.55
temperature,2016,29.52
temperature,2016,29.49
temperature,2016,29.46
temperature,2016,29.43
temperature,2016,29.4
temperature,2016,29.38
temperature,2016,30
temperature,2016,29.97
temperature,2016,29.94
temperature,2016,29.92
temperature,2016,29.89
temperature,2016,29.86
temperature,2016,29.83
temperature,2016,29.8
temperature,2016,29.77
temperature,2016,29.75
temperature,2016,29.72
temperature,2016,29.69
temperature,2016,29.66
temperature,2016,29.63
temperature,2016,29.6
temperature,2016,29.57
temperature,2016,29.55
temperature,2016,29.52
temperature,2016,29.49
temperature,2016,29.46
temperature,2016,29.43
temperature,2016,29.4
temperature,2016,29.38
temperature,2016,29.35
temperature,2016,29.32
temperature,2016,29.29
temperature,2016,29.92
temperature,2016,29.89
temperature,2016,29.86
temperature,2016,29.83
temperature,2016,29.8
temperature,2016,29.77
temperature,2016,29.75
temperature,2016,29.72
temperature,2016,29.69
temperature,2016,29.66
temperature,2016,29.63
temperature,2016,29.6
temperature,2016,29.57
temperature,2016,29.55
temperature,2016,29.52
temperature,2016,29.49
temperature,2016,29.46
temperature,2016,29.43
temperature,2016,29.4
temperature,2016,29.38
temperature,2016,29.35
temperature,2016,29.32
temperature,2016,29.29
temperature,2016,29.26
temperature,2016,29.23
temperature,2016,29.89
temperature,2016,29.86
temperature,2016,29.83
temperature,2016,29.8
temperature,2016,29.77
temperature,2016,29.75
temperature,2016,29.72
temperature,2016,29.69
temperature,2016,29.66
temperature,2016,29.63
temperature,2016,29.6
temperature,2016,29.57
temperature,2016,29.55
temperature,2016,29.52
temperature,2016,29.49
temperature,2016,29.46
temperature,2016,29.43
temperature,2016,29.4
temperature,2016,29.38
temperature,2016,29.35
temperature,2016,29.32
temperature,2016,29.29
temperature,2016,29.26
temperature,2016,29.23
temperature,2016,29.21
temperature,2016,29.18
temperature,2016,29.15
temperature,2016,29.89
temperature,2016,29.86
temperature,2016,29.83
temperature,2016,29.8
temperature,2016,29.77
temperature,2016,29.75
temperature,2016,29.72
temperature,2016,29.69
temperature,2016,29.66
temperature,2016,29.63
temperature,2016,29.6
temperature,2016,29.57
temperature,2016,29.55
temperature,2016,29.52
temperature,2016,29.49
temperature,2016,29.46
temperature,2016,29.43
temperature,2016,29.4
temperature,2016,29.38
temperature,2016,29.35
temperature,2016,29.32
temperature,2016,29.29
temperature,2016,29.26
temperature,2016,29.23
temperature,2016,29.21
temperature,2016,29.18
temperature,2016,29.15
temperature,2016,29.12
temperature,2016,29.09
temperature,2016,29.89
temperature,2016,29.86
temperature,2016,29.83
temperature,2016,29.8
temperature,2016,29.72
temperature,2016,29.69
temperature,2016,29.66
temperature,2016,29.63
temperature,2016,29.6
temperature,2016,29.57
temperature,2016,29.55
temperature,2016,29.52
temperature,2016,29.49
temperature,2016,29.46
temperature,2016,29.43
temperature,2016,29.4
temperature,2016,29.38
temperature,2016,29.35
temperature,2016,29.32
temperature,2016,29.29
temperature,2016,29.26
temperature,2016,29.23
temperature,2016,29.21
temperature,2016,29.18
temperature,2016,29.15
temperature,2016,29.12
temperature,2016,29.09
temperature,2016,29.06
temperature,2016,29.89
temperature,2016,29.86
temperature,2016,29.83
temperature,2016,29.8
temperature,2016,29.63
temperature,2016,29.6
temperature,2016,29.57
temperature,2016,29.55
temperature,2016,29.52
temperature,2016,29.49
temperature,2016,29.46
temperature,2016,29.43
temperature,2016,29.4
temperature,2016,29.38
temperature,2016,29.35
temperature,2016,29.32
temperature,2016,29.29
temperature,2016,29.26
temperature,2016,29.23
temperature,2016,29.21
temperature,2016,29.18
temperature,2016,29.15
temperature,2016,29.12
temperature,2016,29.09
temperature,2016,29.06
temperature,2016,29.04
temperature,2016,29.89
temperature,2016,29.86
temperature,2016,29.83
temperature,2016,29.8
temperature,2016,29.57
temperature,2016,29.55
temperature,2016,29.52
temperature,2016,29.49
temperature,2016,29.46
temperature,2016,29.43
temperature,2016,29.4
temperature,2016,29.38
temperature,2016,29.35
temperature,2016,29.32
temperature,2016,29.29
temperature,2016,29.26
temperature,2016,29.23
temperature,2016,29.21
temperature,2016,29.18
temperature,2016,29.15
temperature,2016,29.12
temperature,2016,29.09
temperature,2016,29.06
temperature,2016,29.04
temperature,2016,29.01
temperature,2016,29.89
temperature,2016,29.86
temperature,2016,29.83
temperature,2016,29.8
temperature,2016,29.49
temperature,2016,29.46
temperature,2016,29.43
temperature,2016,29.4
temperature,2016,29.38
temperature,2016,29.35
temperature,2016,29.32
temperature,2016,29.29
temperature,2016,29.26
temperature,2016,29.23
temperature,2016,29.21
temperature,2016,29.18
temperature,2016,29.15
temperature,2016,29.12
temperature,2016,29.09
temperature,2016,29.06
temperature,2016,29.04
temperature,2016,29.01
temperature,2016,28.98
temperature,2016,29.89
temperature,2016,29.86
temperature,2016,29.83
temperature,2016,29.8
temperature,2016,29.43
temperature,2016,29.4
temperature,2016,29.38
temperature,2016,29.35
temperature,2016,29.32
temperature,2016,29.29
temperature,2016,29.26
temperature,2016,29.23
temperature,2016,29.21
temperature,2016,29.18
temperature,2016,29.15
temperature,2016,29.12
temperature,2016,29.09
temperature,2016,29.06
temperature,2016,29.04
temperature,2016,29.01
temperature,2016,28.98
temperature,2016,28.95
temperature,2016,29.89
temperature,2016,29.86
temperature,2016,29.83
temperature,2016,29.8
temperature,2016,29.35
temperature,2016,29.32
temperature,2016,29.29
temperature,2016,29.26
temperature,2016,29.23
temperature,2016,29.21
temperature,2016,29.18
temperature,2016,29.15
temperature,2016,29.12
temperature,2016,29.09
temperature,2016,29.06
temperature,2016,29.04
temperature,2016,29.01
temperature,2016,28.98
temperature,2016,28.95
temperature,2016,28.92
temperature,2016,29.89
temperature,2016,29.86
temperature,2016,29.83
temperature,2016,29.8
temperature,2016,29.29
temperature,2016,29.26
temperature,2016,29.23
temperature,2016,29.21
temperature,2016,29.18
temperature,2016,29.15
temperature,2016,29.12
temperature,2016,29.09
temperature,2016,29.06
temperature,2016,29.04
temperature,2016,29.01
temperature,2016,28.98
temperature,2016,28.95
temperature,2016,28.92
temperature,2016,28.89
temperature,2016,29.89
temperature,2016,29.86
temperature,2016,29.83
temperature,2016,29.8
temperature,2016,29.21
temperature,2016,29.18
temperature,2016,29.15
temperature,2016,29.12
temperature,2016,29.09
temperature,2016,29.06
temperature,2016,29.04
temperature,2016,29.01
temperature,2016,28.98
temperature,2016,28.95
temperature,2016,28.92
temperature,2016,28.89
temperature,2016,28.86
temperature,2016,29.89
temperature,2016,29.86
temperature,2016,29.83
temperature,2016,29.8
temperature,2016,29.18
temperature,2016,29.15
temperature,2016,29.12
temperature,2016,29.09
temperature,2016,29.06
temperature,2016,29.04
temperature,2016,29.01
temperature,2016,28.98
temperature,2016,28.95
temperature,2016,28.92
temperature,2016,28.89
temperature,2016,28.86
temperature,2016,28.84
temperature,2016,29.89
temperature,2016,29.86
temperature,2016,29.83
temperature,2016,29.8
temperature,2016,29.15
temperature,2016,29.12
temperature,2016,29.09
temperature,2016,29.06
temperature,2016,29.04
temperature,2016,29.01
temperature,2016,28.98
temperature,2016,28.95
temperature,2016,28.92
temperature,2016,28.89
temperature,2016,28.86
temperature,2016,28.84
temperature,2016,28.81
temperature,2016,29.89
temperature,2016,29.86
temperature,2016,29.83
temperature,2016,29.8
temperature,2016,29.12
temperature,2016,29.09
temperature,2016,29.06
temperature,2016,29.04
temperature,2016,29.01
temperature,2016,28.98
temperature,2016,28.95
temperature,2016,28.92
temperature,2016,28.89
temperature,2016,28.86
temperature,2016,28.84
temperature,2016,28.81
temperature,2016,28.78
temperature,2016,29.89
temperature,2016,29.86
temperature,2016,29.83
temperature,2016,29.8
temperature,2016,29.09
temperature,2016,29.06
temperature,2016,29.04
temperature,2016,29.01
temperature,2016,28.98
temperature,2016,28.95
temperature,2016,28.92
temperature,2016,28.89
temperature,2016,28.86
temperature,2016,28.84
temperature,2016,28.81
temperature,2016,28.78
temperature,2016,28.75
temperature,2016,29.89
temperature,2016,29.86
temperature,2016,29.83
temperature,2016,29.8
temperature,2016,29.06
temperature,2016,29.04
temperature,2016,29.01
temperature,2016,28.98
temperature,2016,28.95
temperature,2016,28.92
temperature,2016,28.89
temperature,2016,28.86
temperature,2016,28.84
temperature,2016,28.81
temperature,2016,28.78
temperature,2016,28.75
temperature,2016,28.72
temperature,2016,29.89
temperature,2016,29.86
temperature,2016,29.83
temperature,2016,29.8
temperature,2016,29.04
temperature,2016,29.01
temperature,2016,28.98
temperature,2016,28.95
temperature,2016,28.92
temperature,2016,28.89
temperature,2016,28.86
temperature,2016,28.84
temperature,2016,28.81
temperature,2016,28.78
temperature,2016,28.75
temperature,2016,28.72
temperature,2016,28.69
temperature,2016,29.89
temperature,2016,29.86
temperature,2016,29.83
temperature,2016,29.8
temperature,2016,29.01
temperature,2016,28.98
temperature,2016,28.95
temperature,2016,28.92
temperature,2016,28.89
temperature,2016,28.86
temperature,2016,28.84
temperature,2016,28.81
temperature,2016,28.78
temperature,2016,28.75
temperature,2016,28.72
temperature,2016,28.69
temperature,2016,28.67
temperature,2016,29.89
temperature,2016,29.86
temperature,2016,29.83
temperature,2016,29.8
temperature,2016,28.98
temperature,2016,28.95
temperature,2016,28.92
temperature,2016,28.89
temperature,2016,28.86
temperature,2016,28.84
temperature,2016,28.81
temperature,2016,28.78
temperature,2016,28.75
temperature,2016,28.72
temperature,2016,28.69
temperature,2016,28.67
temperature,2016,29.89
temperature,2016,29.86
temperature,2016,29.83
temperature,2016,29.8
temperature,2016,28.95
temperature,2016,28.92
temperature,2016,28.89
temperature,2016,28.86
temperature,2016,28.84
temperature,2016,28.81
temperature,2016,28.78
temperature,2016,28.75
temperature,2016,28.72
temperature,2016,28.69
temperature,2016,28.67
temperature,2016,28.64
temperature,2016,29.89
temperature,2016,29.86
temperature,2016,29.83
temperature,2016,29.8
temperature,2016,28.92
temperature,2016,28.89
temperature,2016,28.86
temperature,2016,28.84
temperature,2016,28.81
temperature,2016,28.78
temperature,2016,28.75
temperature,2016,28.72
temperature,2016,28.69
temperature,2016,28.67
temperature,2016,28.64
temperature,2016,29.89
temperature,2016,29.86
temperature,2016,29.83
temperature,2016,29.8
temperature,2016,28.89
temperature,2016,28.86
temperature,2016,28.84
temperature,2016,28.81
temperature,2016,28.78
temperature,2016,28.75
temperature,2016,28.72
temperature,2016,28.69
temperature,2016,28.67
temperature,2016,28.64
temperature,2016,29.89
temperature,2016,29.86
temperature,2016,29.83
temperature,2016,29.8
temperature,2016,28.89
temperature,2016,28.86
temperature,2016,28.84
temperature,2016,28.81
temperature,2016,28.78
temperature,2016,28.75
temperature,2016,28.72
temperature,2016,28.69
temperature,2016,28.67
temperature,2016,28.64
temperature,2016,29.89
temperature,2016,29.86
temperature,2016,29.83
temperature,2016,29.8
temperature,2016,28.86
temperature,2016,28.84
temperature,2016,28.81
temperature,2016,28.78
temperature,2016,28.75
temperature,2016,28.72
temperature,2016,28.69
temperature,2016,28.67
temperature,2016,28.64
temperature,2016,29.89
temperature,2016,29.86
temperature,2016,29.83
temperature,2016,29.8
temperature,2016,28.86
temperature,2016,28.84
temperature,2016,28.81
temperature,2016,28.78
temperature,2016,28.75
temperature,2016,28.72
temperature,2016,28.69
temperature,2016,28.67
temperature,2016,28.64
temperature,2016,28.61
temperature,2016,29.89
temperature,2016,29.86
temperature,2016,29.83
temperature,2016,29.8
temperature,2016,28.86
temperature,2016,28.84
temperature,2016,28.81
temperature,2016,28.78
temperature,2016,28.75
temperature,2016,28.72
temperature,2016,28.69
temperature,2016,28.67
temperature,2016,28.64
temperature,2016,28.61
temperature,2016,29.89
temperature,2016,29.86
temperature,2016,29.83
temperature,2016,29.8
temperature,2016,28.86
temperature,2016,28.84
temperature,2016,28.81
temperature,2016,28.78
temperature,2016,28.75
temperature,2016,28.72
temperature,2016,28.69
temperature,2016,28.67
temperature,2016,28.64
temperature,2016,28.61
temperature,2016,29.89
temperature,2016,29.86
temperature,2016,29.83
temperature,2016,29.8
temperature,2016,28.86
temperature,2016,28.84
temperature,2016,28.81
temperature,2016,28.78
temperature,2016,28.75
temperature,2016,28.72
temperature,2016,28.69
temperature,2016,28.67
temperature,2016,28.64
temperature,2016,28.61
temperature,2016,29.89
temperature,2016,29.86
temperature,2016,29.83
temperature,2016,29.8
temperature,2016,28.84
temperature,2016,28.81
temperature,2016,28.78
temperature,2016,28.75
temperature,2016,28.72
temperature,2016,28.69
temperature,2016,28.67
temperature,2016,28.64
temperature,2016,28.61
temperature,2016,29.89
temperature,2016,29.86
temperature,2016,29.83
temperature,2016,29.8
temperature,2016,28.84
temperature,2016,28.81
temperature,2016,28.78
temperature,2016,28.75
temperature,2016,28.72
temperature,2016,28.69
temperature,2016,28.67
temperature,2016,28.64
temperature,2016,28.61
temperature,2016,28.58
temperature,2016,29.89
temperature,2016,29.86
temperature,2016,29.83
temperature,2016,29.8
temperature,2016,28.84
temperature,2016,28.81
temperature,2016,28.78
temperature,2016,28.75
temperature,2016,28.72
temperature,2016,28.69
temperature,2016,28.67
temperature,2016,28.64
temperature,2016,28.61
temperature,2016,28.58
temperature,2016,29.89
temperature,2016,29.86
temperature,2016,29.83
temperature,2016,29.8
temperature,2016,28.84
temperature,2016,28.81
temperature,2016,28.78
temperature,2016,28.75
temperature,2016,28.72
temperature,2016,28.69
temperature,2016,28.67
temperature,2016,28.64
temperature,2016,28.61
temperature,2016,28.58
temperature,2016,28.55
temperature,2016,28.81
temperature,2016,28.78
temperature,2016,28.75
temperature,2016,28.72
temperature,2016,28.69
temperature,2016,28.67
temperature,2016,28.64
temperature,2016,28.61
temperature,2016,28.58
temperature,2016,28.55
temperature,2016,28.52
temperature,2016,28.81
temperature,2016,28.78
temperature,2016,28.75
temperature,2016,28.72
temperature,2016,28.69
temperature,2016,28.67
temperature,2016,28.64
temperature,2016,28.61
temperature,2016,28.58
temperature,2016,28.55
temperature,2016,28.52
temperature,2016,28.5
temperature,2016,28.81
temperature,2016,28.78
temperature,2016,28.75
temperature,2016,28.72
temperature,2016,28.69
temperature,2016,28.67
temperature,2016,28.64
temperature,2016,28.61
temperature,2016,28.58
temperature,2016,28.55
temperature,2016,28.52
temperature,2016,28.5
temperature,2016,28.47
temperature,2016,28.78
temperature,2016,28.75
temperature,2016,28.72
temperature,2016,28.69
temperature,2016,28.67
temperature,2016,28.64
temperature,2016,28.61
temperature,2016,28.58
temperature,2016,28.55
temperature,2016,28.52
temperature,2016,28.5
temperature,2016,28.47
temperature,2016,28.44
temperature,2016,28.78
temperature,2016,28.75
temperature,2016,28.72
temperature,2016,28.69
temperature,2016,28.67
temperature,2016,28.64
temperature,2016,28.61
temperature,2016,28.58
temperature,2016,28.55
temperature,2016,28.52
temperature,2016,28.5
temperature,2016,28.47
temperature,2016,28.44
temperature,2016,28.41
temperature,2016,28.75
temperature,2016,28.72
temperature,2016,28.69
temperature,2016,28.67
temperature,2016,28.64
temperature,2016,28.61
temperature,2016,28.58
temperature,2016,28.55
temperature,2016,28.52
temperature,2016,28.5
temperature,2016,28.47
temperature,2016,28.44
temperature,2016,28.41
temperature,2016,28.38
temperature,2016,28.72
temperature,2016,28.69
temperature,2016,28.67
temperature,2016,28.64
temperature,2016,28.61
temperature,2016,28.58
temperature,2016,28.55
temperature,2016,28.52
temperature,2016,28.5
temperature,2016,28.47
temperature,2016,28.44
temperature,2016,28.41
temperature,2016,28.38
temperature,2016,28.35
temperature,2016,28.69
temperature,2016,28.67
temperature,2016,28.64
temperature,2016,28.61
temperature,2016,28.58
temperature,2016,28.55
temperature,2016,28.52
temperature,2016,28.5
temperature,2016,28.47
temperature,2016,28.44
temperature,2016,28.41
temperature,2016,28.38
temperature,2016,28.35
temperature,2016,28.32
temperature,2016,28.67
temperature,2016,28.64
temperature,2016,28.61
temperature,2016,28.58
temperature,2016,28.55
temperature,2016,28.52
temperature,2016,28.5
temperature,2016,28.47
temperature,2016,28.44
temperature,2016,28.41
temperature,2016,28.38
temperature,2016,28.35
temperature,2016,28.32
temperature,2016,28.3
temperature,2016,28.64
temperature,2016,28.61
temperature,2016,28.58
temperature,2016,28.55
temperature,2016,28.52
temperature,2016,28.5
temperature,2016,28.47
temperature,2016,28.44
temperature,2016,28.41
temperature,2016,28.38
temperature,2016,28.35
temperature,2016,28.32
temperature,2016,28.3
temperature,2016,28.27
temperature,2016,28.61
temperature,2016,28.58
temperature,2016,28.55
temperature,2016,28.52
temperature,2016,28.5
temperature,2016,28.47
temperature,2016,28.44
temperature,2016,28.41
temperature,2016,28.38
temperature,2016,28.35
temperature,2016,28.32
temperature,2016,28.3
temperature,2016,28.27
temperature,2016,28.24
temperature,2016,28.58
temperature,2016,28.55
temperature,2016,28.52
temperature,2016,28.5
temperature,2016,28.47
temperature,2016,28.44
temperature,2016,28.41
temperature,2016,28.38
temperature,2016,28.35
temperature,2016,28.32
temperature,2016,28.3
temperature,2016,28.27
temperature,2016,28.24
temperature,2016,28.21
temperature,2016,28.55
temperature,2016,28.52
temperature,2016,28.5
temperature,2016,28.47
temperature,2016,28.44
temperature,2016,28.41
temperature,2016,28.38
temperature,2016,28.35
temperature,2016,28.32
temperature,2016,28.3
temperature,2016,28.27
temperature,2016,28.24
temperature,2016,28.21
temperature,2016,28.18
temperature,2016,28.5
temperature,2016,28.47
temperature,2016,28.44
temperature,2016,28.41
temperature,2016,28.38
temperature,2016,28.35
temperature,2016,28.32
temperature,2016,28.3
temperature,2016,28.27
temperature,2016,28.24
temperature,2016,28.21
temperature,2016,28.18
temperature,2016,28.47
temperature,2016,28.44
temperature,2016,28.41
temperature,2016,28.38
temperature,2016,28.35
temperature,2016,28.32
temperature,2016,28.3
temperature,2016,28.27
temperature,2016,28.24
temperature,2016,28.21
temperature,2016,28.18
temperature,2016,28.44
temperature,2016,28.41
temperature,2016,28.38
temperature,2016,28.35
temperature,2016,28.32
temperature,2016,28.3
temperature,2016,28.27
temperature,2016,28.24
temperature,2016,28.21
temperature,2016,28.18
temperature,2016,28.15
temperature,2016,28.41
temperature,2016,28.38
temperature,2016,28.35
temperature,2016,28.32
temperature,2016,28.3
temperature,2016,28.27
temperature,2016,28.24
temperature,2016,28.21
temperature,2016,28.18
temperature,2016,28.15
temperature,2016,28.41
temperature,2016,28.38
temperature,2016,28.35
temperature,2016,28.32
temperature,2016,28.3
temperature,2016,28.27
temperature,2016,28.24
temperature,2016,28.21
temperature,2016,28.18
temperature,2016,28.15
temperature,2016,28.41
temperature,2016,28.38
temperature,2016,28.35
temperature,2016,28.32
temperature,2016,28.3
temperature,2016,28.27
temperature,2016,28.24
temperature,2016,28.21
temperature,2016,28.18
temperature,2016,28.15
temperature,2016,28.38
temperature,2016,28.35
temperature,2016,28.32
temperature,2016,28.3
temperature,2016,28.27
temperature,2016,28.24
temperature,2016,28.21
temperature,2016,28.18
temperature,2016,28.15
temperature,2016,28.13
temperature,2016,28.38
temperature,2016,28.35
temperature,2016,28.32
temperature,2016,28.3
temperature,2016,28.27
temperature,2016,28.24
temperature,2016,28.21
temperature,2016,28.18
temperature,2016,28.15
temperature,2016,28.13
temperature,2016,28.38
temperature,2016,28.35
temperature,2016,28.32
temperature,2016,28.3
temperature,2016,28.27
temperature,2016,28.24
temperature,2016,28.21
temperature,2016,28.18
temperature,2016,28.15
temperature,2016,28.13
temperature,2016,28.38
temperature,2016,28.35
temperature,2016,28.32
temperature,2016,28.3
temperature,2016,28.27
temperature,2016,28.24
temperature,2016,28.21
temperature,2016,28.18
temperature,2016,28.15
temperature,2016,28.13
temperature,2016,28.35
temperature,2016,28.32
temperature,2016,28.3
temperature,2016,28.27
temperature,2016,28.24
temperature,2016,28.21
temperature,2016,28.18
temperature,2016,28.15
temperature,2016,28.13
temperature,2016,28.1
temperature,2016,28.35
temperature,2016,28.32
temperature,2016,28.3
temperature,2016,28.27
temperature,2016,28.24
temperature,2016,28.21
temperature,2016,28.18
temperature,2016,28.15
temperature,2016,28.13
temperature,2016,28.1
temperature,2016,28.35
temperature,2016,28.32
temperature,2016,28.3
temperature,2016,28.27
temperature,2016,28.24
temperature,2016,28.21
temperature,2016,28.18
temperature,2016,28.15
temperature,2016,28.13
temperature,2016,28.1
temperature,2016,28.35
temperature,2016,28.32
temperature,2016,28.3
temperature,2016,28.27
temperature,2016,28.24
temperature,2016,28.21
temperature,2016,28.18
temperature,2016,28.15
temperature,2016,28.13
temperature,2016,28.1
temperature,2016,28.07
temperature,2016,28.32
temperature,2016,28.3
temperature,2016,28.27
temperature,2016,28.24
temperature,2016,28.21
temperature,2016,28.18
temperature,2016,28.15
temperature,2016,28.13
temperature,2016,28.1
temperature,2016,28.07
temperature,2016,28.04
temperature,2016,28.32
temperature,2016,28.3
temperature,2016,28.27
temperature,2016,28.24
temperature,2016,28.21
temperature,2016,28.18
temperature,2016,28.15
temperature,2016,28.13
temperature,2016,28.1
temperature,2016,28.07
temperature,2016,28.04
temperature,2016,28.01
temperature,2016,28.32
temperature,2016,28.3
temperature,2016,28.27
temperature,2016,28.24
temperature,2016,28.21
temperature,2016,28.18
temperature,2016,28.15
temperature,2016,28.13
temperature,2016,28.1
temperature,2016,28.07
temperature,2016,28.04
temperature,2016,28.01
temperature,2016,27.98
temperature,2016,28.3
temperature,2016,28.27
temperature,2016,28.24
temperature,2016,28.21
temperature,2016,28.18
temperature,2016,28.15
temperature,2016,28.13
temperature,2016,28.1
temperature,2016,28.07
temperature,2016,28.04
temperature,2016,28.01
temperature,2016,27.98
temperature,2016,27.96
temperature,2016,28.27
temperature,2016,28.24
temperature,2016,28.21
temperature,2016,28.18
temperature,2016,28.15
temperature,2016,28.13
temperature,2016,28.1
temperature,2016,28.07
temperature,2016,28.04
temperature,2016,28.01
temperature,2016,27.98
temperature,2016,27.96
temperature,2016,28.24
temperature,2016,28.21
temperature,2016,28.18
temperature,2016,28.15
temperature,2016,28.13
temperature,2016,28.1
temperature,2016,28.07
temperature,2016,28.04
temperature,2016,28.01
temperature,2016,27.98
temperature,2016,27.96
temperature,2016,27.93
temperature,2016,28.24
temperature,2016,28.21
temperature,2016,28.18
temperature,2016,28.15
temperature,2016,28.13
temperature,2016,28.1
temperature,2016,28.07
temperature,2016,28.04
temperature,2016,28.01
temperature,2016,27.98
temperature,2016,27.96
temperature,2016,27.93
temperature,2016,27.9
temperature,2016,28.21
temperature,2016,28.18
temperature,2016,28.15
temperature,2016,28.13
temperature,2016,28.1
temperature,2016,28.07
temperature,2016,28.04
temperature,2016,28.01
temperature,2016,27.98
temperature,2016,27.96
temperature,2016,27.93
temperature,2016,27.9
temperature,2016,27.87
temperature,2016,28.18
temperature,2016,28.15
temperature,2016,28.13
temperature,2016,28.1
temperature,2016,28.07
temperature,2016,28.04
temperature,2016,28.01
temperature,2016,27.98
temperature,2016,27.96
temperature,2016,27.93
temperature,2016,27.9
temperature,2016,27.87
temperature,2016,27.84
temperature,2016,28.15
temperature,2016,28.13
temperature,2016,28.1
temperature,2016,28.07
temperature,2016,28.04
temperature,2016,28.01
temperature,2016,27.98
temperature,2016,27.96
temperature,2016,27.93
temperature,2016,27.9
temperature,2016,27.87
temperature,2016,27.84
temperature,2016,27.81
temperature,2016,28.13
temperature,2016,28.1
temperature,2016,28.07
temperature,2016,28.04
temperature,2016,28.01
temperature,2016,27.98
temperature,2016,27.96
temperature,2016,27.93
temperature,2016,27.9
temperature,2016,27.87
temperature,2016,27.84
temperature,2016,27.81
temperature,2016,27.79
temperature,2016,28.1
temperature,2016,28.07
temperature,2016,28.04
temperature,2016,28.01
temperature,2016,27.98
temperature,2016,27.96
temperature,2016,27.93
temperature,2016,27.9
temperature,2016,27.87
temperature,2016,27.84
temperature,2016,27.81
temperature,2016,27.79
temperature,2016,27.76
temperature,2016,28.07
temperature,2016,28.04
temperature,2016,28.01
temperature,2016,27.98
temperature,2016,27.96
temperature,2016,27.93
temperature,2016,27.9
temperature,2016,27.87
temperature,2016,27.84
temperature,2016,27.81
temperature,2016,27.79
temperature,2016,27.76
temperature,2016,28.04
temperature,2016,28.01
temperature,2016,27.98
temperature,2016,27.96
temperature,2016,27.93
temperature,2016,27.9
temperature,2016,27.87
temperature,2016,27.84
temperature,2016,27.81
temperature,2016,27.79
temperature,2016,27.76
temperature,2016,27.73
temperature,2016,28.01
temperature,2016,27.98
temperature,2016,27.96
temperature,2016,27.93
temperature,2016,27.9
temperature,2016,27.87
temperature,2016,27.84
temperature,2016,27.81
temperature,2016,27.79
temperature,2016,27.76
temperature,2016,27.73
temperature,2016,27.98
temperature,2016,27.96
temperature,2016,27.93
temperature,2016,27.9
temperature,2016,27.87
temperature,2016,27.84
temperature,2016,27.81
temperature,2016,27.79
temperature,2016,27.76
temperature,2016,27.73
temperature,2016,27.98
temperature,2016,27.96
temperature,2016,27.93
temperature,2016,27.9
temperature,2016,27.87
temperature,2016,27.84
temperature,2016,27.81
temperature,2016,27.79
temperature,2016,27.76
temperature,2016,27.73
temperature,2016,27.98
temperature,2016,27.96
temperature,2016,27.93
temperature,2016,27.9
temperature,2016,27.87
temperature,2016,27.84
temperature,2016,27.81
temperature,2016,27.79
temperature,2016,27.76
temperature,2016,27.73
temperature,2016,27.98
temperature,2016,27.96
temperature,2016,27.93
temperature,2016,27.9
temperature,2016,27.87
temperature,2016,27.84
temperature,2016,27.81
temperature,2016,27.79
temperature,2016,27.76
temperature,2016,27.98
temperature,2016,27.96
temperature,2016,27.93
temperature,2016,27.9
temperature,2016,27.87
temperature,2016,27.84
temperature,2016,27.81
temperature,2016,27.79
temperature,2016,27.76
temperature,2016,27.98
temperature,2016,27.96
temperature,2016,27.93
temperature,2016,27.9
temperature,2016,27.87
temperature,2016,27.84
temperature,2016,27.81
temperature,2016,27.79
temperature,2016,27.76
temperature,2016,28.01
temperature,2016,27.98
temperature,2016,27.96
temperature,2016,27.93
temperature,2016,27.9
temperature,2016,27.87
temperature,2016,27.84
temperature,2016,27.81
temperature,2016,27.79
temperature,2016,27.76
temperature,2016,28.01
temperature,2016,27.98
temperature,2016,27.96
temperature,2016,27.93
temperature,2016,27.9
temperature,2016,27.87
temperature,2016,27.84
temperature,2016,27.81
temperature,2016,27.79
temperature,2016,27.76
temperature,2016,28.01
temperature,2016,27.98
temperature,2016,27.96
temperature,2016,27.93
temperature,2016,27.9
temperature,2016,27.87
temperature,2016,27.84
temperature,2016,27.81
temperature,2016,27.79
temperature,2016,27.76
temperature,2016,28.01
temperature,2016,27.98
temperature,2016,27.96
temperature,2016,27.93
temperature,2016,27.9
temperature,2016,27.87
temperature,2016,27.84
temperature,2016,27.81
temperature,2016,27.79
temperature,2016,27.76
temperature,2016,28.01
temperature,2016,27.98
temperature,2016,27.96
temperature,2016,27.93
temperature,2016,27.9
temperature,2016,27.87
temperature,2016,27.84
temperature,2016,27.81
temperature,2016,27.79
temperature,2016,27.76
temperature,2016,27.73
temperature,2016,28.01
temperature,2016,27.98
temperature,2016,27.96
temperature,2016,27.93
temperature,2016,27.9
temperature,2016,27.87
temperature,2016,27.84
temperature,2016,27.81
temperature,2016,27.79
temperature,2016,27.76
temperature,2016,27.73
temperature,2016,27.7
temperature,2016,28.01
temperature,2016,27.98
temperature,2016,27.96
temperature,2016,27.93
temperature,2016,27.9
temperature,2016,27.87
temperature,2016,27.84
temperature,2016,27.81
temperature,2016,27.79
temperature,2016,27.76
temperature,2016,27.73
temperature,2016,27.7
temperature,2016,27.67
temperature,2016,28.01
temperature,2016,27.98
temperature,2016,27.96
temperature,2016,27.93
temperature,2016,27.9
temperature,2016,27.87
temperature,2016,27.84
temperature,2016,27.81
temperature,2016,27.79
temperature,2016,27.76
temperature,2016,27.73
temperature,2016,27.7
temperature,2016,27.67
temperature,2016,27.64
temperature,2016,27.61
temperature,2016,27.98
temperature,2016,27.96
temperature,2016,27.93
temperature,2016,27.9
temperature,2016,27.87
temperature,2016,27.84
temperature,2016,27.81
temperature,2016,27.79
temperature,2016,27.76
temperature,2016,27.73
temperature,2016,27.7
temperature,2016,27.67
temperature,2016,27.64
temperature,2016,27.61
temperature,2016,27.59
temperature,2016,27.98
temperature,2016,27.96
temperature,2016,27.93
temperature,2016,27.9
temperature,2016,27.87
temperature,2016,27.84
temperature,2016,27.81
temperature,2016,27.79
temperature,2016,27.76
temperature,2016,27.73
temperature,2016,27.7
temperature,2016,27.67
temperature,2016,27.64
temperature,2016,27.61
temperature,2016,27.59
temperature,2016,27.56
temperature,2016,27.53
temperature,2016,27.96
temperature,2016,27.93
temperature,2016,27.9
temperature,2016,27.87
temperature,2016,27.84
temperature,2016,27.81
temperature,2016,27.79
temperature,2016,27.76
temperature,2016,27.73
temperature,2016,27.7
temperature,2016,27.67
temperature,2016,27.64
temperature,2016,27.61
temperature,2016,27.59
temperature,2016,27.56
temperature,2016,27.53
temperature,2016,27.5
temperature,2016,27.9
temperature,2016,27.87
temperature,2016,27.84
temperature,2016,27.81
temperature,2016,27.79
temperature,2016,27.76
temperature,2016,27.73
temperature,2016,27.7
temperature,2016,27.67
temperature,2016,27.64
temperature,2016,27.61
temperature,2016,27.59
temperature,2016,27.56
temperature,2016,27.53
temperature,2016,27.5
temperature,2016,27.47
temperature,2016,27.44
temperature,2016,27.87
temperature,2016,27.84
temperature,2016,27.81
temperature,2016,27.79
temperature,2016,27.76
temperature,2016,27.73
temperature,2016,27.7
temperature,2016,27.67
temperature,2016,27.64
temperature,2016,27.61
temperature,2016,27.59
temperature,2016,27.56
temperature,2016,27.53
temperature,2016,27.5
temperature,2016,27.47
temperature,2016,27.44
temperature,2016,27.42
temperature,2016,27.81
temperature,2016,27.79
temperature,2016,27.76
temperature,2016,27.73
temperature,2016,27.7
temperature,2016,27.67
temperature,2016,27.64
temperature,2016,27.61
temperature,2016,27.59
temperature,2016,27.56
temperature,2016,27.53
temperature,2016,27.5
temperature,2016,27.47
temperature,2016,27.44
temperature,2016,27.42
temperature,2016,27.39
temperature,2016,27.36
temperature,2016,27.79
temperature,2016,27.76
temperature,2016,27.73
temperature,2016,27.7
temperature,2016,27.67
temperature,2016,27.64
temperature,2016,27.61
temperature,2016,27.59
temperature,2016,27.56
temperature,2016,27.53
temperature,2016,27.5
temperature,2016,27.47
temperature,2016,27.44
temperature,2016,27.42
temperature,2016,27.39
temperature,2016,27.36
temperature,2016,27.33
temperature,2016,27.73
temperature,2016,27.7
temperature,2016,27.67
temperature,2016,27.64
temperature,2016,27.61
temperature,2016,27.59
temperature,2016,27.56
temperature,2016,27.53
temperature,2016,27.5
temperature,2016,27.47
temperature,2016,27.44
temperature,2016,27.42
temperature,2016,27.39
temperature,2016,27.36
temperature,2016,27.33
temperature,2016,27.3
temperature,2016,27.27
temperature,2016,27.7
temperature,2016,27.67
temperature,2016,27.64
temperature,2016,27.61
temperature,2016,27.59
temperature,2016,27.56
temperature,2016,27.53
temperature,2016,27.5
temperature,2016,27.47
temperature,2016,27.44
temperature,2016,27.42
temperature,2016,27.39
temperature,2016,27.36
temperature,2016,27.33
temperature,2016,27.3
temperature,2016,27.27
temperature,2016,27.25
temperature,2016,27.64
temperature,2016,27.61
temperature,2016,27.59
temperature,2016,27.56
temperature,2016,27.53
temperature,2016,27.5
temperature,2016,27.47
temperature,2016,27.44
temperature,2016,27.42
temperature,2016,27.39
temperature,2016,27.36
temperature,2016,27.33
temperature,2016,27.3
temperature,2016,27.27
temperature,2016,27.25
temperature,2016,27.22
temperature,2016,27.61
temperature,2016,27.59
temperature,2016,27.56
temperature,2016,27.53
temperature,2016,27.5
temperature,2016,27.47
temperature,2016,27.44
temperature,2016,27.42
temperature,2016,27.39
temperature,2016,27.36
temperature,2016,27.33
temperature,2016,27.3
temperature,2016,27.27
temperature,2016,27.25
temperature,2016,27.22
temperature,2016,27.56
temperature,2016,27.53
temperature,2016,27.5
temperature,2016,27.47
temperature,2016,27.44
temperature,2016,27.42
temperature,2016,27.39
temperature,2016,27.36
temperature,2016,27.33
temperature,2016,27.3
temperature,2016,27.27
temperature,2016,27.25
temperature,2016,27.22
temperature,2016,27.19
temperature,2016,27.53
temperature,2016,27.5
temperature,2016,27.47
temperature,2016,27.44
temperature,2016,27.42
temperature,2016,27.39
temperature,2016,27.36
temperature,2016,27.33
temperature,2016,27.3
temperature,2016,27.27
temperature,2016,27.25
temperature,2016,27.22
temperature,2016,27.47
temperature,2016,27.44
temperature,2016,27.42
temperature,2016,27.39
temperature,2016,27.36
temperature,2016,27.33
temperature,2016,27.3
temperature,2016,27.27
temperature,2016,27.25
temperature,2016,27.22
temperature,2016,27.47
temperature,2016,27.44
temperature,2016,27.42
temperature,2016,27.39
temperature,2016,27.36
temperature,2016,27.33
temperature,2016,27.3
temperature,2016,27.27
temperature,2016,27.25
temperature,2016,27.22
temperature,2016,27.5
temperature,2016,27.47
temperature,2016,27.44
temperature,2016,27.42
temperature,2016,27.39
temperature,2016,27.36
temperature,2016,27.33
temperature,2016,27.3
temperature,2016,27.27
temperature,2016,27.25
temperature,2016,27.22
temperature,2016,27.5
temperature,2016,27.47
temperature,2016,27.44
temperature,2016,27.42
temperature,2016,27.39
temperature,2016,27.36
temperature,2016,27.33
temperature,2016,27.3
temperature,2016,27.27
temperature,2016,27.25
temperature,2016,27.5
temperature,2016,27.47
temperature,2016,27.44
temperature,2016,27.42
temperature,2016,27.39
temperature,2016,27.36
temperature,2016,27.33
temperature,2016,27.3
temperature,2016,27.27
temperature,2016,27.25
temperature,2016,27.53
temperature,2016,27.5
temperature,2016,27.47
temperature,2016,27.44
temperature,2016,27.42
temperature,2016,27.39
temperature,2016,27.36
temperature,2016,27.33
temperature,2016,27.3
temperature,2016,27.27
temperature,2016,27.53
temperature,2016,27.5
temperature,2016,27.47
temperature,2016,27.44
temperature,2016,27.42
temperature,2016,27.39
temperature,2016,27.36
temperature,2016,27.33
temperature,2016,27.3
temperature,2016,27.27
temperature,2016,27.53
temperature,2016,27.5
temperature,2016,27.47
temperature,2016,27.44
temperature,2016,27.42
temperature,2016,27.39
temperature,2016,27.36
temperature,2016,27.33
temperature,2016,27.3
temperature,2016,27.27
temperature,2016,27.56
temperature,2016,27.53
temperature,2016,27.5
temperature,2016,27.47
temperature,2016,27.44
temperature,2016,27.42
temperature,2016,27.39
temperature,2016,27.36
temperature,2016,27.33
temperature,2016,27.3
temperature,2016,27.56
temperature,2016,27.53
temperature,2016,27.5
temperature,2016,27.47
temperature,2016,27.44
temperature,2016,27.42
temperature,2016,27.39
temperature,2016,27.36
temperature,2016,27.33
temperature,2016,27.3
temperature,2016,27.61
temperature,2016,27.59
temperature,2016,27.56
temperature,2016,27.53
temperature,2016,27.5
temperature,2016,27.47
temperature,2016,27.44
temperature,2016,27.42
temperature,2016,27.39
temperature,2016,27.36
temperature,2016,27.33
temperature,2016,27.3
temperature,2016,27.67
temperature,2016,27.64
temperature,2016,27.61
temperature,2016,27.59
temperature,2016,27.56
temperature,2016,27.53
temperature,2016,27.5
temperature,2016,27.47
temperature,2016,27.44
temperature,2016,27.42
temperature,2016,27.39
temperature,2016,27.36
temperature,2016,27.33
temperature,2016,27.73
temperature,2016,27.7
temperature,2016,27.67
temperature,2016,27.64
temperature,2016,27.61
temperature,2016,27.59
temperature,2016,27.56
temperature,2016,27.53
temperature,2016,27.5
temperature,2016,27.47
temperature,2016,27.44
temperature,2016,27.42
temperature,2016,27.39
temperature,2016,27.36
temperature,2016,27.33
temperature,2016,27.76
temperature,2016,27.73
temperature,2016,27.7
temperature,2016,27.67
temperature,2016,27.64
temperature,2016,27.61
temperature,2016,27.59
temperature,2016,27.56
temperature,2016,27.53
temperature,2016,27.5
temperature,2016,27.47
temperature,2016,27.44
temperature,2016,27.42
temperature,2016,27.39
temperature,2016,27.36
temperature,2016,27.33
temperature,2016,27.81
temperature,2016,27.79
temperature,2016,27.76
temperature,2016,27.73
temperature,2016,27.7
temperature,2016,27.67
temperature,2016,27.64
temperature,2016,27.61
temperature,2016,27.59
temperature,2016,27.56
temperature,2016,27.53
temperature,2016,27.5
temperature,2016,27.47
temperature,2016,27.44
temperature,2016,27.42
temperature,2016,27.39
temperature,2016,27.36
temperature,2016,27.87
temperature,2016,27.84
temperature,2016,27.81
temperature,2016,27.79
temperature,2016,27.76
temperature,2016,27.73
temperature,2016,27.7
temperature,2016,27.67
temperature,2016,27.64
temperature,2016,27.61
temperature,2016,27.59
temperature,2016,27.56
temperature,2016,27.53
temperature,2016,27.5
temperature,2016,27.47
temperature,2016,27.44
temperature,2016,27.42
temperature,2016,27.39
temperature,2016,27.36
temperature,2016,27.9
temperature,2016,27.87
temperature,2016,27.84
temperature,2016,27.81
temperature,2016,27.79
temperature,2016,27.76
temperature,2016,27.73
temperature,2016,27.7
temperature,2016,27.67
temperature,2016,27.64
temperature,2016,27.61
temperature,2016,27.59
temperature,2016,27.56
temperature,2016,27.53
temperature,2016,27.5
temperature,2016,27.47
temperature,2016,27.44
temperature,2016,27.42
temperature,2016,27.96
temperature,2016,27.93
temperature,2016,27.9
temperature,2016,27.87
temperature,2016,27.84
temperature,2016,27.81
temperature,2016,27.79
temperature,2016,27.76
temperature,2016,27.73
temperature,2016,27.7
temperature,2016,27.67
temperature,2016,27.64
temperature,2016,27.61
temperature,2016,27.59
temperature,2016,27.56
temperature,2016,27.53
temperature,2016,27.5
temperature,2016,27.47
temperature,2016,27.44
temperature,2016,28.01
temperature,2016,27.98
temperature,2016,27.96
temperature,2016,27.93
temperature,2016,27.9
temperature,2016,27.87
temperature,2016,27.84
temperature,2016,27.81
temperature,2016,27.79
temperature,2016,27.76
temperature,2016,27.73
temperature,2016,27.7
temperature,2016,27.67
temperature,2016,27.64
temperature,2016,27.61
temperature,2016,27.59
temperature,2016,27.56
temperature,2016,27.53
temperature,2016,27.5
temperature,2016,28.04
temperature,2016,28.01
temperature,2016,27.98
temperature,2016,27.96
temperature,2016,27.93
temperature,2016,27.9
temperature,2016,27.87
temperature,2016,27.84
temperature,2016,27.81
temperature,2016,27.79
temperature,2016,27.76
temperature,2016,27.73
temperature,2016,27.7
temperature,2016,27.67
temperature,2016,27.64
temperature,2016,27.61
temperature,2016,27.59
temperature,2016,27.56
temperature,2016,28.1
temperature,2016,28.07
temperature,2016,28.04
temperature,2016,28.01
temperature,2016,27.98
temperature,2016,27.96
temperature,2016,27.93
temperature,2016,27.9
temperature,2016,27.87
temperature,2016,27.84
temperature,2016,27.81
temperature,2016,27.79
temperature,2016,27.76
temperature,2016,27.73
temperature,2016,27.7
temperature,2016,27.67
temperature,2016,27.64
temperature,2016,27.61
temperature,2016,27.59
temperature,2016,28.15
temperature,2016,28.13
temperature,2016,28.1
temperature,2016,28.07
temperature,2016,28.04
temperature,2016,28.01
temperature,2016,27.98
temperature,2016,27.96
temperature,2016,27.93
temperature,2016,27.9
temperature,2016,27.87
temperature,2016,27.84
temperature,2016,27.81
temperature,2016,27.79
temperature,2016,27.76
temperature,2016,27.73
temperature,2016,27.7
temperature,2016,27.67
temperature,2016,27.64
temperature,2016,28.21
temperature,2016,28.18
temperature,2016,28.15
temperature,2016,28.13
temperature,2016,28.1
temperature,2016,28.07
temperature,2016,28.04
temperature,2016,28.01
temperature,2016,27.98
temperature,2016,27.96
temperature,2016,27.93
temperature,2016,27.9
temperature,2016,27.87
temperature,2016,27.84
temperature,2016,27.81
temperature,2016,27.79
temperature,2016,27.76
temperature,2016,27.73
temperature,2016,27.7
temperature,2016,28.27
temperature,2016,28.24
temperature,2016,28.21
temperature,2016,28.18
temperature,2016,28.15
temperature,2016,28.13
temperature,2016,28.1
temperature,2016,28.07
temperature,2016,28.04
temperature,2016,28.01
temperature,2016,27.98
temperature,2016,27.96
temperature,2016,27.93
temperature,2016,27.9
temperature,2016,27.87
temperature,2016,27.84
temperature,2016,27.81
temperature,2016,27.79
temperature,2016,27.76
temperature,2016,28.32
temperature,2016,28.3
temperature,2016,28.27
temperature,2016,28.24
temperature,2016,28.21
temperature,2016,28.18
temperature,2016,28.15
temperature,2016,28.13
temperature,2016,28.1
temperature,2016,28.07
temperature,2016,28.04
temperature,2016,28.01
temperature,2016,27.98
temperature,2016,27.96
temperature,2016,27.93
temperature,2016,27.9
temperature,2016,27.87
temperature,2016,27.84
temperature,2016,27.81
temperature,2016,27.79
temperature,2016,28.38
temperature,2016,28.35
temperature,2016,28.32
temperature,2016,28.3
temperature,2016,28.27
temperature,2016,28.24
temperature,2016,28.21
temperature,2016,28.18
temperature,2016,28.15
temperature,2016,28.13
temperature,2016,28.1
temperature,2016,28.07
temperature,2016,28.04
temperature,2016,28.01
temperature,2016,27.98
temperature,2016,27.96
temperature,2016,27.93
temperature,2016,27.9
temperature,2016,27.87
temperature,2016,27.84
temperature,2016,28.44
temperature,2016,28.41
temperature,2016,28.38
temperature,2016,28.35
temperature,2016,28.32
temperature,2016,28.3
temperature,2016,28.27
temperature,2016,28.24
temperature,2016,28.21
temperature,2016,28.18
temperature,2016,28.15
temperature,2016,28.13
temperature,2016,28.1
temperature,2016,28.07
temperature,2016,28.04
temperature,2016,28.01
temperature,2016,27.98
temperature,2016,27.96
temperature,2016,27.93
temperature,2016,27.9
temperature,2016,28.5
temperature,2016,28.47
temperature,2016,28.44
temperature,2016,28.41
temperature,2016,28.38
temperature,2016,28.35
temperature,2016,28.32
temperature,2016,28.3
temperature,2016,28.27
temperature,2016,28.24
temperature,2016,28.21
temperature,2016,28.18
temperature,2016,28.15
temperature,2016,28.13
temperature,2016,28.1
temperature,2016,28.07
temperature,2016,28.04
temperature,2016,28.01
temperature,2016,27.98
temperature,2016,27.96
temperature,2016,27.93
temperature,2016,28.58
temperature,2016,28.55
temperature,2016,28.52
temperature,2016,28.5
temperature,2016,28.47
temperature,2016,28.44
temperature,2016,28.41
temperature,2016,28.38
temperature,2016,28.35
temperature,2016,28.32
temperature,2016,28.3
temperature,2016,28.27
temperature,2016,28.24
temperature,2016,28.21
temperature,2016,28.18
temperature,2016,28.15
temperature,2016,28.13
temperature,2016,28.1
temperature,2016,28.07
temperature,2016,28.04
temperature,2016,28.01
temperature,2016,27.98
temperature,2016,28.64
temperature,2016,28.61
temperature,2016,28.58
temperature,2016,28.55
temperature,2016,28.52
temperature,2016,28.5
temperature,2016,28.47
temperature,2016,28.44
temperature,2016,28.41
temperature,2016,28.38
temperature,2016,28.35
temperature,2016,28.32
temperature,2016,28.3
temperature,2016,28.27
temperature,2016,28.24
temperature,2016,28.21
temperature,2016,28.18
temperature,2016,28.15
temperature,2016,28.13
temperature,2016,28.1
temperature,2016,28.07
temperature,2016,28.04
temperature,2016,28.69
temperature,2016,28.67
temperature,2016,28.64
temperature,2016,28.61
temperature,2016,28.58
temperature,2016,28.55
temperature,2016,28.52
temperature,2016,28.5
temperature,2016,28.47
temperature,2016,28.44
temperature,2016,28.41
temperature,2016,28.38
temperature,2016,28.35
temperature,2016,28.32
temperature,2016,28.3
temperature,2016,28.27
temperature,2016,28.24
temperature,2016,28.21
temperature,2016,28.18
temperature,2016,28.15
temperature,2016,28.13
temperature,2016,28.1
temperature,2016,28.75
temperature,2016,28.72
temperature,2016,28.69
temperature,2016,28.67
temperature,2016,28.64
temperature,2016,28.61
temperature,2016,28.58
temperature,2016,28.55
temperature,2016,28.52
temperature,2016,28.5
temperature,2016,28.47
temperature,2016,28.44
temperature,2016,28.41
temperature,2016,28.38
temperature,2016,28.35
temperature,2016,28.32
temperature,2016,28.3
temperature,2016,28.27
temperature,2016,28.24
temperature,2016,28.21
temperature,2016,28.18
temperature,2016,28.15
temperature,2016,28.81
temperature,2016,28.78
temperature,2016,28.75
temperature,2016,28.72
temperature,2016,28.69
temperature,2016,28.67
temperature,2016,28.64
temperature,2016,28.61
temperature,2016,28.58
temperature,2016,28.55
temperature,2016,28.52
temperature,2016,28.5
temperature,2016,28.47
temperature,2016,28.44
temperature,2016,28.41
temperature,2016,28.38
temperature,2016,28.35
temperature,2016,28.32
temperature,2016,28.3
temperature,2016,28.27
temperature,2016,28.24
temperature,2016,28.21
temperature,2016,28.86
temperature,2016,28.84
temperature,2016,28.81
temperature,2016,28.78
temperature,2016,28.75
temperature,2016,28.72
temperature,2016,28.69
temperature,2016,28.67
temperature,2016,28.64
temperature,2016,28.61
temperature,2016,28.58
temperature,2016,28.55
temperature,2016,28.52
temperature,2016,28.5
temperature,2016,28.47
temperature,2016,28.44
temperature,2016,28.41
temperature,2016,28.38
temperature,2016,28.35
temperature,2016,28.32
temperature,2016,28.3
temperature,2016,28.27
temperature,2017,28.89
temperature,2017,28.86
temperature,2017,28.84
temperature,2017,28.81
temperature,2017,28.78
temperature,2017,28.75
temperature,2017,28.72
temperature,2017,28.69
temperature,2017,28.67
temperature,2017,28.64
temperature,2017,28.61
temperature,2017,28.58
temperature,2017,28.55
temperature,2017,28.52
temperature,2017,28.5
temperature,2017,28.47
temperature,2017,28.44
temperature,2017,28.41
temperature,2017,28.38
temperature,2017,28.35
temperature,2017,28.32
temperature,2017,28.92
temperature,2017,28.89
temperature,2017,28.86
temperature,2017,28.84
temperature,2017,28.81
temperature,2017,28.78
temperature,2017,28.75
temperature,2017,28.72
temperature,2017,28.69
temperature,2017,28.67
temperature,2017,28.64
temperature,2017,28.61
temperature,2017,28.58
temperature,2017,28.55
temperature,2017,28.52
temperature,2017,28.5
temperature,2017,28.47
temperature,2017,28.44
temperature,2017,28.41
temperature,2017,28.38
temperature,2017,28.95
temperature,2017,28.92
temperature,2017,28.89
temperature,2017,28.86
temperature,2017,28.84
temperature,2017,28.81
temperature,2017,28.78
temperature,2017,28.75
temperature,2017,28.72
temperature,2017,28.69
temperature,2017,28.67
temperature,2017,28.64
temperature,2017,28.61
temperature,2017,28.58
temperature,2017,28.55
temperature,2017,28.52
temperature,2017,28.5
temperature,2017,28.47
temperature,2017,28.44
temperature,2017,28.95
temperature,2017,28.92
temperature,2017,28.89
temperature,2017,28.86
temperature,2017,28.84
temperature,2017,28.81
temperature,2017,28.78
temperature,2017,28.75
temperature,2017,28.72
temperature,2017,28.69
temperature,2017,28.67
temperature,2017,28.64
temperature,2017,28.61
temperature,2017,28.58
temperature,2017,28.55
temperature,2017,28.52
temperature,2017,28.5
temperature,2017,28.95
temperature,2017,28.92
temperature,2017,28.89
temperature,2017,28.86
temperature,2017,28.84
temperature,2017,28.81
temperature,2017,28.78
temperature,2017,28.75
temperature,2017,28.72
temperature,2017,28.69
temperature,2017,28.67
temperature,2017,28.64
temperature,2017,28.61
temperature,2017,28.58
temperature,2017,28.55
temperature,2017,28.95
temperature,2017,28.92
temperature,2017,28.89
temperature,2017,28.86
temperature,2017,28.84
temperature,2017,28.81
temperature,2017,28.78
temperature,2017,28.75
temperature,2017,28.72
temperature,2017,28.69
temperature,2017,28.67
temperature,2017,28.64
temperature,2017,28.61
temperature,2017,28.95
temperature,2017,28.92
temperature,2017,28.89
temperature,2017,28.86
temperature,2017,28.84
temperature,2017,28.81
temperature,2017,28.78
temperature,2017,28.75
temperature,2017,28.72
temperature,2017,28.69
temperature,2017,28.67
temperature,2017,28.95
temperature,2017,28.92
temperature,2017,28.89
temperature,2017,28.86
temperature,2017,28.84
temperature,2017,28.81
temperature,2017,28.78
temperature,2017,28.75
temperature,2017,28.72
temperature,2017,28.69
temperature,2017,28.95
temperature,2017,28.92
temperature,2017,28.89
temperature,2017,28.86
temperature,2017,28.84
temperature,2017,28.81
temperature,2017,28.78
temperature,2017,28.75
temperature,2017,28.72
temperature,2017,28.69
temperature,2017,28.95
temperature,2017,28.92
temperature,2017,28.89
temperature,2017,28.86
temperature,2017,28.84
temperature,2017,28.81
temperature,2017,28.78
temperature,2017,28.75
temperature,2017,28.72
temperature,2017,28.69
temperature,2017,28.92
temperature,2017,28.89
temperature,2017,28.86
temperature,2017,28.84
temperature,2017,28.81
temperature,2017,28.78
temperature,2017,28.75
temperature,2017,28.72
temperature,2017,28.69
temperature,2017,28.92
temperature,2017,28.89
temperature,2017,28.86
temperature,2017,28.84
temperature,2017,28.81
temperature,2017,28.78
temperature,2017,28.75
temperature,2017,28.72
temperature,2017,28.69
temperature,2017,28.92
temperature,2017,28.89
temperature,2017,28.86
temperature,2017,28.84
temperature,2017,28.81
temperature,2017,28.78
temperature,2017,28.75
temperature,2017,28.72
temperature,2017,28.69
temperature,2017,28.92
temperature,2017,28.89
temperature,2017,28.86
temperature,2017,28.84
temperature,2017,28.81
temperature,2017,28.78
temperature,2017,28.75
temperature,2017,28.72
temperature,2017,28.69
temperature,2017,28.92
temperature,2017,28.89
temperature,2017,28.86
temperature,2017,28.84
temperature,2017,28.81
temperature,2017,28.78
temperature,2017,28.75
temperature,2017,28.72
temperature,2017,28.69
temperature,2017,28.92
temperature,2017,28.89
temperature,2017,28.86
temperature,2017,28.84
temperature,2017,28.81
temperature,2017,28.78
temperature,2017,28.75
temperature,2017,28.72
temperature,2017,28.69
temperature,2017,28.67
temperature,2017,28.92
temperature,2017,28.89
temperature,2017,28.86
temperature,2017,28.84
temperature,2017,28.81
temperature,2017,28.78
temperature,2017,28.75
temperature,2017,28.72
temperature,2017,28.69
temperature,2017,28.67
temperature,2017,28.64
temperature,2017,28.92
temperature,2017,28.89
temperature,2017,28.86
temperature,2017,28.84
temperature,2017,28.81
temperature,2017,28.78
temperature,2017,28.75
temperature,2017,28.72
temperature,2017,28.69
temperature,2017,28.67
temperature,2017,28.64
temperature,2017,28.92
temperature,2017,28.89
temperature,2017,28.86
temperature,2017,28.84
temperature,2017,28.81
temperature,2017,28.78
temperature,2017,28.75
temperature,2017,28.72
temperature,2017,28.69
temperature,2017,28.67
temperature,2017,28.64
temperature,2017,28.61
temperature,2017,28.89
temperature,2017,28.86
temperature,2017,28.84
temperature,2017,28.81
temperature,2017,28.78
temperature,2017,28.75
temperature,2017,28.72
temperature,2017,28.69
temperature,2017,28.67
temperature,2017,28.64
temperature,2017,28.61
temperature,2017,28.58
temperature,2017,28.89
temperature,2017,28.86
temperature,2017,28.84
temperature,2017,28.81
temperature,2017,28.78
temperature,2017,28.75
temperature,2017,28.72
temperature,2017,28.69
temperature,2017,28.67
temperature,2017,28.64
temperature,2017,28.61
temperature,2017,28.58
temperature,2017,28.55
temperature,2017,28.86
temperature,2017,28.84
temperature,2017,28.81
temperature,2017,28.78
temperature,2017,28.75
temperature,2017,28.72
temperature,2017,28.69
temperature,2017,28.67
temperature,2017,28.64
temperature,2017,28.61
temperature,2017,28.58
temperature,2017,28.55
temperature,2017,28.52
temperature,2017,28.84
temperature,2017,28.81
temperature,2017,28.78
temperature,2017,28.75
temperature,2017,28.72
temperature,2017,28.69
temperature,2017,28.67
temperature,2017,28.64
temperature,2017,28.61
temperature,2017,28.58
temperature,2017,28.55
temperature,2017,28.52
temperature,2017,28.5
temperature,2017,28.81
temperature,2017,28.78
temperature,2017,28.75
temperature,2017,28.72
temperature,2017,28.69
temperature,2017,28.67
temperature,2017,28.64
temperature,2017,28.61
temperature,2017,28.58
temperature,2017,28.55
temperature,2017,28.52
temperature,2017,28.5
temperature,2017,28.47
temperature,2017,28.78
temperature,2017,28.75
temperature,2017,28.72
temperature,2017,28.69
temperature,2017,28.67
temperature,2017,28.64
temperature,2017,28.61
temperature,2017,28.58
temperature,2017,28.55
temperature,2017,28.52
temperature,2017,28.5
temperature,2017,28.47
temperature,2017,28.44
temperature,2017,28.75
temperature,2017,28.72
temperature,2017,28.69
temperature,2017,28.67
temperature,2017,28.64
temperature,2017,28.61
temperature,2017,28.58
temperature,2017,28.55
temperature,2017,28.52
temperature,2017,28.5
temperature,2017,28.47
temperature,2017,28.44
temperature,2017,28.41
temperature,2017,28.72
temperature,2017,28.69
temperature,2017,28.67
temperature,2017,28.64
temperature,2017,28.61
temperature,2017,28.58
temperature,2017,28.55
temperature,2017,28.52
temperature,2017,28.5
temperature,2017,28.47
temperature,2017,28.44
temperature,2017,28.41
temperature,2017,28.69
temperature,2017,28.67
temperature,2017,28.64
temperature,2017,28.61
temperature,2017,28.58
temperature,2017,28.55
temperature,2017,28.52
temperature,2017,28.5
temperature,2017,28.47
temperature,2017,28.44
temperature,2017,28.41
temperature,2017,28.38
temperature,2017,28.67
temperature,2017,28.64
temperature,2017,28.61
temperature,2017,28.58
temperature,2017,28.55
temperature,2017,28.52
temperature,2017,28.5
temperature,2017,28.47
temperature,2017,28.44
temperature,2017,28.41
temperature,2017,28.38
temperature,2017,28.35
temperature,2017,28.67
temperature,2017,28.64
temperature,2017,28.61
temperature,2017,28.58
temperature,2017,28.55
temperature,2017,28.52
temperature,2017,28.5
temperature,2017,28.47
temperature,2017,28.44
temperature,2017,28.41
temperature,2017,28.38
temperature,2017,28.35
temperature,2017,28.64
temperature,2017,28.61
temperature,2017,28.58
temperature,2017,28.55
temperature,2017,28.52
temperature,2017,28.5
temperature,2017,28.47
temperature,2017,28.44
temperature,2017,28.41
temperature,2017,28.38
temperature,2017,28.35
temperature,2017,28.32
temperature,2017,28.61
temperature,2017,28.58
temperature,2017,28.55
temperature,2017,28.52
temperature,2017,28.5
temperature,2017,28.47
temperature,2017,28.44
temperature,2017,28.41
temperature,2017,28.38
temperature,2017,28.35
temperature,2017,28.32
temperature,2017,28.58
temperature,2017,28.55
temperature,2017,28.52
temperature,2017,28.5
temperature,2017,28.47
temperature,2017,28.44
temperature,2017,28.41
temperature,2017,28.38
temperature,2017,28.35
temperature,2017,28.58
temperature,2017,28.55
temperature,2017,28.52
temperature,2017,28.5
temperature,2017,28.47
temperature,2017,28.44
temperature,2017,28.41
temperature,2017,28.38
temperature,2017,28.35
temperature,2017,28.58
temperature,2017,28.55
temperature,2017,28.52
temperature,2017,28.5
temperature,2017,28.47
temperature,2017,28.44
temperature,2017,28.41
temperature,2017,28.38
temperature,2017,28.35
temperature,2017,28.58
temperature,2017,28.55
temperature,2017,28.52
temperature,2017,28.5
temperature,2017,28.47
temperature,2017,28.44
temperature,2017,28.41
temperature,2017,28.38
temperature,2017,28.35
temperature,2017,28.58
temperature,2017,28.55
temperature,2017,28.52
temperature,2017,28.5
temperature,2017,28.47
temperature,2017,28.44
temperature,2017,28.41
temperature,2017,28.38
temperature,2017,28.35
temperature,2017,28.58
temperature,2017,28.55
temperature,2017,28.52
temperature,2017,28.5
temperature,2017,28.47
temperature,2017,28.44
temperature,2017,28.41
temperature,2017,28.38
temperature,2017,28.35
temperature,2017,28.61
temperature,2017,28.58
temperature,2017,28.55
temperature,2017,28.52
temperature,2017,28.5
temperature,2017,28.47
temperature,2017,28.44
temperature,2017,28.41
temperature,2017,28.38
temperature,2017,28.35
temperature,2017,28.61
temperature,2017,28.58
temperature,2017,28.55
temperature,2017,28.52
temperature,2017,28.5
temperature,2017,28.47
temperature,2017,28.44
temperature,2017,28.41
temperature,2017,28.38
temperature,2017,28.35
temperature,2017,28.61
temperature,2017,28.58
temperature,2017,28.55
temperature,2017,28.52
temperature,2017,28.5
temperature,2017,28.47
temperature,2017,28.44
temperature,2017,28.41
temperature,2017,28.38
temperature,2017,28.35
temperature,2017,28.61
temperature,2017,28.58
temperature,2017,28.55
temperature,2017,28.52
temperature,2017,28.5
temperature,2017,28.47
temperature,2017,28.44
temperature,2017,28.41
temperature,2017,28.38
temperature,2017,28.35
temperature,2017,28.61
temperature,2017,28.58
temperature,2017,28.55
temperature,2017,28.52
temperature,2017,28.5
temperature,2017,28.47
temperature,2017,28.44
temperature,2017,28.41
temperature,2017,28.38
temperature,2017,28.35
temperature,2017,28.32
temperature,2017,28.61
temperature,2017,28.58
temperature,2017,28.55
temperature,2017,28.52
temperature,2017,28.5
temperature,2017,28.47
temperature,2017,28.44
temperature,2017,28.41
temperature,2017,28.38
temperature,2017,28.35
temperature,2017,28.32
temperature,2017,28.3
temperature,2017,28.61
temperature,2017,28.58
temperature,2017,28.55
temperature,2017,28.52
temperature,2017,28.5
temperature,2017,28.47
temperature,2017,28.44
temperature,2017,28.41
temperature,2017,28.38
temperature,2017,28.35
temperature,2017,28.32
temperature,2017,28.3
temperature,2017,28.27
temperature,2017,28.58
temperature,2017,28.55
temperature,2017,28.52
temperature,2017,28.5
temperature,2017,28.47
temperature,2017,28.44
temperature,2017,28.41
temperature,2017,28.38
temperature,2017,28.35
temperature,2017,28.32
temperature,2017,28.3
temperature,2017,28.27
temperature,2017,28.24
temperature,2017,28.58
temperature,2017,28.55
temperature,2017,28.52
temperature,2017,28.5
temperature,2017,28.47
temperature,2017,28.44
temperature,2017,28.41
temperature,2017,28.38
temperature,2017,28.35
temperature,2017,28.32
temperature,2017,28.3
temperature,2017,28.27
temperature,2017,28.24
temperature,2017,28.21
temperature,2017,28.18
temperature,2017,28.55
temperature,2017,28.52
temperature,2017,28.5
temperature,2017,28.47
temperature,2017,28.44
temperature,2017,28.41
temperature,2017,28.38
temperature,2017,28.35
temperature,2017,28.32
temperature,2017,28.3
temperature,2017,28.27
temperature,2017,28.24
temperature,2017,28.21
temperature,2017,28.18
temperature,2017,28.15
temperature,2017,28.52
temperature,2017,28.5
temperature,2017,28.47
temperature,2017,28.44
temperature,2017,28.41
temperature,2017,28.38
temperature,2017,28.35
temperature,2017,28.32
temperature,2017,28.3
temperature,2017,28.27
temperature,2017,28.24
temperature,2017,28.21
temperature,2017,28.18
temperature,2017,28.15
temperature,2017,28.13
temperature,2017,28.5
temperature,2017,28.47
temperature,2017,28.44
temperature,2017,28.41
temperature,2017,28.38
temperature,2017,28.35
temperature,2017,28.32
temperature,2017,28.3
temperature,2017,28.27
temperature,2017,28.24
temperature,2017,28.21
temperature,2017,28.18
temperature,2017,28.15
temperature,2017,28.13
temperature,2017,28.1
temperature,2017,28.44
temperature,2017,28.41
temperature,2017,28.38
temperature,2017,28.35
temperature,2017,28.32
temperature,2017,28.3
temperature,2017,28.27
temperature,2017,28.24
temperature,2017,28.21
temperature,2017,28.18
temperature,2017,28.15
temperature,2017,28.13
temperature,2017,28.1
temperature,2017,28.07
temperature,2017,28.04
temperature,2017,28.41
temperature,2017,28.38
temperature,2017,28.35
temperature,2017,28.32
temperature,2017,28.3
temperature,2017,28.27
temperature,2017,28.24
temperature,2017,28.21
temperature,2017,28.18
temperature,2017,28.15
temperature,2017,28.13
temperature,2017,28.1
temperature,2017,28.07
temperature,2017,28.04
temperature,2017,28.01
temperature,2017,28.38
temperature,2017,28.35
temperature,2017,28.32
temperature,2017,28.3
temperature,2017,28.27
temperature,2017,28.24
temperature,2017,28.21
temperature,2017,28.18
temperature,2017,28.15
temperature,2017,28.13
temperature,2017,28.1
temperature,2017,28.07
temperature,2017,28.04
temperature,2017,28.01
temperature,2017,27.98
temperature,2017,28.35
temperature,2017,28.32
temperature,2017,28.3
temperature,2017,28.27
temperature,2017,28.24
temperature,2017,28.21
temperature,2017,28.18
temperature,2017,28.15
temperature,2017,28.13
temperature,2017,28.1
temperature,2017,28.07
temperature,2017,28.04
temperature,2017,28.01
temperature,2017,27.98
temperature,2017,27.96
temperature,2017,28.32
temperature,2017,28.3
temperature,2017,28.27
temperature,2017,28.24
temperature,2017,28.21
temperature,2017,28.18
temperature,2017,28.15
temperature,2017,28.13
temperature,2017,28.1
temperature,2017,28.07
temperature,2017,28.04
temperature,2017,28.01
temperature,2017,27.98
temperature,2017,27.96
temperature,2017,27.93
temperature,2017,28.27
temperature,2017,28.24
temperature,2017,28.21
temperature,2017,28.18
temperature,2017,28.15
temperature,2017,28.13
temperature,2017,28.1
temperature,2017,28.07
temperature,2017,28.04
temperature,2017,28.01
temperature,2017,27.98
temperature,2017,27.96
temperature,2017,27.93
temperature,2017,27.9
temperature,2017,28.24
temperature,2017,28.21
temperature,2017,28.18
temperature,2017,28.15
temperature,2017,28.13
temperature,2017,28.1
temperature,2017,28.07
temperature,2017,28.04
temperature,2017,28.01
temperature,2017,27.98
temperature,2017,27.96
temperature,2017,27.93
temperature,2017,27.9
temperature,2017,28.21
temperature,2017,28.18
temperature,2017,28.15
temperature,2017,28.13
temperature,2017,28.1
temperature,2017,28.07
temperature,2017,28.04
temperature,2017,28.01
temperature,2017,27.98
temperature,2017,27.96
temperature,2017,27.93
temperature,2017,27.9
temperature,2017,27.87
temperature,2017,28.18
temperature,2017,28.15
temperature,2017,28.13
temperature,2017,28.1
temperature,2017,28.07
temperature,2017,28.04
temperature,2017,28.01
temperature,2017,27.98
temperature,2017,27.96
temperature,2017,27.93
temperature,2017,27.9
temperature,2017,27.87
temperature,2017,28.13
temperature,2017,28.1
temperature,2017,28.07
temperature,2017,28.04
temperature,2017,28.01
temperature,2017,27.98
temperature,2017,27.96
temperature,2017,27.93
temperature,2017,27.9
temperature,2017,27.87
temperature,2017,27.84
temperature,2017,28.1
temperature,2017,28.07
temperature,2017,28.04
temperature,2017,28.01
temperature,2017,27.98
temperature,2017,27.96
temperature,2017,27.93
temperature,2017,27.9
temperature,2017,27.87
temperature,2017,27.84
temperature,2017,28.1
temperature,2017,28.07
temperature,2017,28.04
temperature,2017,28.01
temperature,2017,27.98
temperature,2017,27.96
temperature,2017,27.93
temperature,2017,27.9
temperature,2017,27.87
temperature,2017,27.84
temperature,2017,28.1
temperature,2017,28.07
temperature,2017,28.04
temperature,2017,28.01
temperature,2017,27.98
temperature,2017,27.96
temperature,2017,27.93
temperature,2017,27.9
temperature,2017,27.87
temperature,2017,27.84
temperature,2017,27.81
temperature,2017,28.07
temperature,2017,28.04
temperature,2017,28.01
temperature,2017,27.98
temperature,2017,27.96
temperature,2017,27.93
temperature,2017,27.9
temperature,2017,27.87
temperature,2017,27.84
temperature,2017,27.81
temperature,2017,28.07
temperature,2017,28.04
temperature,2017,28.01
temperature,2017,27.98
temperature,2017,27.96
temperature,2017,27.93
temperature,2017,27.9
temperature,2017,27.87
temperature,2017,27.84
temperature,2017,27.81
temperature,2017,27.79
temperature,2017,28.04
temperature,2017,28.01
temperature,2017,27.98
temperature,2017,27.96
temperature,2017,27.93
temperature,2017,27.9
temperature,2017,27.87
temperature,2017,27.84
temperature,2017,27.81
temperature,2017,27.79
temperature,2017,28.04
temperature,2017,28.01
temperature,2017,27.98
temperature,2017,27.96
temperature,2017,27.93
temperature,2017,27.9
temperature,2017,27.87
temperature,2017,27.84
temperature,2017,27.81
temperature,2017,27.79
temperature,2017,27.76
temperature,2017,28.01
temperature,2017,27.98
temperature,2017,27.96
temperature,2017,27.93
temperature,2017,27.9
temperature,2017,27.87
temperature,2017,27.84
temperature,2017,27.81
temperature,2017,27.79
temperature,2017,27.76
temperature,2017,28.01
temperature,2017,27.98
temperature,2017,27.96
temperature,2017,27.93
temperature,2017,27.9
temperature,2017,27.87
temperature,2017,27.84
temperature,2017,27.81
temperature,2017,27.79
temperature,2017,27.76
temperature,2017,27.73
temperature,2017,27.98
temperature,2017,27.96
temperature,2017,27.93
temperature,2017,27.9
temperature,2017,27.87
temperature,2017,27.84
temperature,2017,27.81
temperature,2017,27.79
temperature,2017,27.76
temperature,2017,27.73
temperature,2017,27.98
temperature,2017,27.96
temperature,2017,27.93
temperature,2017,27.9
temperature,2017,27.87
temperature,2017,27.84
temperature,2017,27.81
temperature,2017,27.79
temperature,2017,27.76
temperature,2017,27.73
temperature,2017,27.98
temperature,2017,27.96
temperature,2017,27.93
temperature,2017,27.9
temperature,2017,27.87
temperature,2017,27.84
temperature,2017,27.81
temperature,2017,27.79
temperature,2017,27.76
temperature,2017,27.73
temperature,2017,27.96
temperature,2017,27.93
temperature,2017,27.9
temperature,2017,27.87
temperature,2017,27.84
temperature,2017,27.81
temperature,2017,27.79
temperature,2017,27.76
temperature,2017,27.73
temperature,2017,27.96
temperature,2017,27.93
temperature,2017,27.9
temperature,2017,27.87
temperature,2017,27.84
temperature,2017,27.81
temperature,2017,27.79
temperature,2017,27.76
temperature,2017,27.73
temperature,2017,27.96
temperature,2017,27.93
temperature,2017,27.9
temperature,2017,27.87
temperature,2017,27.84
temperature,2017,27.81
temperature,2017,27.79
temperature,2017,27.76
temperature,2017,27.73
temperature,2017,27.7
temperature,2017,27.96
temperature,2017,27.93
temperature,2017,27.9
temperature,2017,27.87
temperature,2017,27.84
temperature,2017,27.81
temperature,2017,27.79
temperature,2017,27.76
temperature,2017,27.73
temperature,2017,27.7
temperature,2017,27.96
temperature,2017,27.93
temperature,2017,27.9
temperature,2017,27.87
temperature,2017,27.84
temperature,2017,27.81
temperature,2017,27.79
temperature,2017,27.76
temperature,2017,27.73
temperature,2017,27.7
temperature,2017,27.96
temperature,2017,27.93
temperature,2017,27.9
temperature,2017,27.87
temperature,2017,27.84
temperature,2017,27.81
temperature,2017,27.79
temperature,2017,27.76
temperature,2017,27.73
temperature,2017,27.7
temperature,2017,27.96
temperature,2017,27.93
temperature,2017,27.9
temperature,2017,27.87
temperature,2017,27.84
temperature,2017,27.81
temperature,2017,27.79
temperature,2017,27.76
temperature,2017,27.73
temperature,2017,27.7
temperature,2017,27.96
temperature,2017,27.93
temperature,2017,27.9
temperature,2017,27.87
temperature,2017,27.84
temperature,2017,27.81
temperature,2017,27.79
temperature,2017,27.76
temperature,2017,27.73
temperature,2017,27.7
temperature,2017,27.96
temperature,2017,27.93
temperature,2017,27.9
temperature,2017,27.87
temperature,2017,27.84
temperature,2017,27.81
temperature,2017,27.79
temperature,2017,27.76
temperature,2017,27.73
temperature,2017,27.7
temperature,2017,27.96
temperature,2017,27.93
temperature,2017,27.9
temperature,2017,27.87
temperature,2017,27.84
temperature,2017,27.81
temperature,2017,27.79
temperature,2017,27.76
temperature,2017,27.73
temperature,2017,27.7
temperature,2017,27.96
temperature,2017,27.93
temperature,2017,27.9
temperature,2017,27.87
temperature,2017,27.84
temperature,2017,27.81
temperature,2017,27.79
temperature,2017,27.76
temperature,2017,27.73
temperature,2017,27.7
temperature,2017,27.96
temperature,2017,27.93
temperature,2017,27.9
temperature,2017,27.87
temperature,2017,27.84
temperature,2017,27.81
temperature,2017,27.79
temperature,2017,27.76
temperature,2017,27.73
temperature,2017,27.7
temperature,2017,27.93
temperature,2017,27.9
temperature,2017,27.87
temperature,2017,27.84
temperature,2017,27.81
temperature,2017,27.79
temperature,2017,27.76
temperature,2017,27.73
temperature,2017,27.7
temperature,2017,27.93
temperature,2017,27.9
temperature,2017,27.87
temperature,2017,27.84
temperature,2017,27.81
temperature,2017,27.79
temperature,2017,27.76
temperature,2017,27.73
temperature,2017,27.7
temperature,2017,27.93
temperature,2017,27.9
temperature,2017,27.87
temperature,2017,27.84
temperature,2017,27.81
temperature,2017,27.79
temperature,2017,27.76
temperature,2017,27.73
temperature,2017,27.7
temperature,2017,27.93
temperature,2017,27.9
temperature,2017,27.87
temperature,2017,27.84
temperature,2017,27.81
temperature,2017,27.79
temperature,2017,27.76
temperature,2017,27.73
temperature,2017,27.7
temperature,2017,27.93
temperature,2017,27.9
temperature,2017,27.87
temperature,2017,27.84
temperature,2017,27.81
temperature,2017,27.79
temperature,2017,27.76
temperature,2017,27.73
temperature,2017,27.7
temperature,2017,27.93
temperature,2017,27.9
temperature,2017,27.87
temperature,2017,27.84
temperature,2017,27.81
temperature,2017,27.79
temperature,2017,27.76
temperature,2017,27.73
temperature,2017,27.7
temperature,2017,27.93
temperature,2017,27.9
temperature,2017,27.87
temperature,2017,27.84
temperature,2017,27.81
temperature,2017,27.79
temperature,2017,27.76
temperature,2017,27.73
temperature,2017,27.7
temperature,2017,27.93
temperature,2017,27.9
temperature,2017,27.87
temperature,2017,27.84
temperature,2017,27.81
temperature,2017,27.79
temperature,2017,27.76
temperature,2017,27.73
temperature,2017,27.7
temperature,2017,27.93
temperature,2017,27.9
temperature,2017,27.87
temperature,2017,27.84
temperature,2017,27.81
temperature,2017,27.79
temperature,2017,27.76
temperature,2017,27.73
temperature,2017,27.7
temperature,2017,27.93
temperature,2017,27.9
temperature,2017,27.87
temperature,2017,27.84
temperature,2017,27.81
temperature,2017,27.79
temperature,2017,27.76
temperature,2017,27.73
temperature,2017,27.7
temperature,2017,27.93
temperature,2017,27.9
temperature,2017,27.87
temperature,2017,27.84
temperature,2017,27.81
temperature,2017,27.79
temperature,2017,27.76
temperature,2017,27.73
temperature,2017,27.7
temperature,2017,27.93
temperature,2017,27.9
temperature,2017,27.87
temperature,2017,27.84
temperature,2017,27.81
temperature,2017,27.79
temperature,2017,27.76
temperature,2017,27.73
temperature,2017,27.7
temperature,2017,27.93
temperature,2017,27.9
temperature,2017,27.87
temperature,2017,27.84
temperature,2017,27.81
temperature,2017,27.79
temperature,2017,27.76
temperature,2017,27.73
temperature,2017,27.7
temperature,2017,27.67
temperature,2017,27.93
temperature,2017,27.9
temperature,2017,27.87
temperature,2017,27.84
temperature,2017,27.81
temperature,2017,27.79
temperature,2017,27.76
temperature,2017,27.73
temperature,2017,27.7
temperature,2017,27.67
temperature,2017,27.64
temperature,2017,27.93
temperature,2017,27.9
temperature,2017,27.87
temperature,2017,27.84
temperature,2017,27.81
temperature,2017,27.79
temperature,2017,27.76
temperature,2017,27.73
temperature,2017,27.7
temperature,2017,27.67
temperature,2017,27.64
temperature,2017,27.61
temperature,2017,27.93
temperature,2017,27.9
temperature,2017,27.87
temperature,2017,27.84
temperature,2017,27.81
temperature,2017,27.79
temperature,2017,27.76
temperature,2017,27.73
temperature,2017,27.7
temperature,2017,27.67
temperature,2017,27.64
temperature,2017,27.61
temperature,2017,27.59
temperature,2017,27.56
temperature,2017,27.9
temperature,2017,27.87
temperature,2017,27.84
temperature,2017,27.81
temperature,2017,27.79
temperature,2017,27.76
temperature,2017,27.73
temperature,2017,27.7
temperature,2017,27.67
temperature,2017,27.64
temperature,2017,27.61
temperature,2017,27.59
temperature,2017,27.56
temperature,2017,27.53
temperature,2017,27.87
temperature,2017,27.84
temperature,2017,27.81
temperature,2017,27.79
temperature,2017,27.76
temperature,2017,27.73
temperature,2017,27.7
temperature,2017,27.67
temperature,2017,27.64
temperature,2017,27.61
temperature,2017,27.59
temperature,2017,27.56
temperature,2017,27.53
temperature,2017,27.5
temperature,2017,27.84
temperature,2017,27.81
temperature,2017,27.79
temperature,2017,27.76
temperature,2017,27.73
temperature,2017,27.7
temperature,2017,27.67
temperature,2017,27.64
temperature,2017,27.61
temperature,2017,27.59
temperature,2017,27.56
temperature,2017,27.53
temperature,2017,27.5
temperature,2017,27.47
temperature,2017,27.81
temperature,2017,27.79
temperature,2017,27.76
temperature,2017,27.73
temperature,2017,27.7
temperature,2017,27.67
temperature,2017,27.64
temperature,2017,27.61
temperature,2017,27.59
temperature,2017,27.56
temperature,2017,27.53
temperature,2017,27.5
temperature,2017,27.47
temperature,2017,27.44
temperature,2017,27.79
temperature,2017,27.76
temperature,2017,27.73
temperature,2017,27.7
temperature,2017,27.67
temperature,2017,27.64
temperature,2017,27.61
temperature,2017,27.59
temperature,2017,27.56
temperature,2017,27.53
temperature,2017,27.5
temperature,2017,27.47
temperature,2017,27.44
temperature,2017,27.42
temperature,2017,27.76
temperature,2017,27.73
temperature,2017,27.7
temperature,2017,27.67
temperature,2017,27.64
temperature,2017,27.61
temperature,2017,27.59
temperature,2017,27.56
temperature,2017,27.53
temperature,2017,27.5
temperature,2017,27.47
temperature,2017,27.44
temperature,2017,27.42
temperature,2017,27.39
temperature,2017,27.73
temperature,2017,27.7
temperature,2017,27.67
temperature,2017,27.64
temperature,2017,27.61
temperature,2017,27.59
temperature,2017,27.56
temperature,2017,27.53
temperature,2017,27.5
temperature,2017,27.47
temperature,2017,27.44
temperature,2017,27.42
temperature,2017,27.39
temperature,2017,27.36
temperature,2017,27.7
temperature,2017,27.67
temperature,2017,27.64
temperature,2017,27.61
temperature,2017,27.59
temperature,2017,27.56
temperature,2017,27.53
temperature,2017,27.5
temperature,2017,27.47
temperature,2017,27.44
temperature,2017,27.42
temperature,2017,27.39
temperature,2017,27.36
temperature,2017,27.33
temperature,2017,27.67
temperature,2017,27.64
temperature,2017,27.61
temperature,2017,27.59
temperature,2017,27.56
temperature,2017,27.53
temperature,2017,27.5
temperature,2017,27.47
temperature,2017,27.44
temperature,2017,27.42
temperature,2017,27.39
temperature,2017,27.36
temperature,2017,27.33
temperature,2017,27.3
temperature,2017,27.61
temperature,2017,27.59
temperature,2017,27.56
temperature,2017,27.53
temperature,2017,27.5
temperature,2017,27.47
temperature,2017,27.44
temperature,2017,27.42
temperature,2017,27.39
temperature,2017,27.36
temperature,2017,27.33
temperature,2017,27.3
temperature,2017,27.59
temperature,2017,27.56
temperature,2017,27.53
temperature,2017,27.5
temperature,2017,27.47
temperature,2017,27.44
temperature,2017,27.42
temperature,2017,27.39
temperature,2017,27.36
temperature,2017,27.33
temperature,2017,27.3
temperature,2017,27.56
temperature,2017,27.53
temperature,2017,27.5
temperature,2017,27.47
temperature,2017,27.44
temperature,2017,27.42
temperature,2017,27.39
temperature,2017,27.36
temperature,2017,27.33
temperature,2017,27.3
temperature,2017,27.56
temperature,2017,27.53
temperature,2017,27.5
temperature,2017,27.47
temperature,2017,27.44
temperature,2017,27.42
temperature,2017,27.39
temperature,2017,27.36
temperature,2017,27.33
temperature,2017,27.3
temperature,2017,27.56
temperature,2017,27.53
temperature,2017,27.5
temperature,2017,27.47
temperature,2017,27.44
temperature,2017,27.42
temperature,2017,27.39
temperature,2017,27.36
temperature,2017,27.33
temperature,2017,27.3
temperature,2017,27.56
temperature,2017,27.53
temperature,2017,27.5
temperature,2017,27.47
temperature,2017,27.44
temperature,2017,27.42
temperature,2017,27.39
temperature,2017,27.36
temperature,2017,27.33
temperature,2017,27.3
temperature,2017,27.56
temperature,2017,27.53
temperature,2017,27.5
temperature,2017,27.47
temperature,2017,27.44
temperature,2017,27.42
temperature,2017,27.39
temperature,2017,27.36
temperature,2017,27.33
temperature,2017,27.3
temperature,2017,27.56
temperature,2017,27.53
temperature,2017,27.5
temperature,2017,27.47
temperature,2017,27.44
temperature,2017,27.42
temperature,2017,27.39
temperature,2017,27.36
temperature,2017,27.33
temperature,2017,27.59
temperature,2017,27.56
temperature,2017,27.53
temperature,2017,27.5
temperature,2017,27.47
temperature,2017,27.44
temperature,2017,27.42
temperature,2017,27.39
temperature,2017,27.36
temperature,2017,27.33
temperature,2017,27.59
temperature,2017,27.56
temperature,2017,27.53
temperature,2017,27.5
temperature,2017,27.47
temperature,2017,27.44
temperature,2017,27.42
temperature,2017,27.39
temperature,2017,27.36
temperature,2017,27.33
temperature,2017,27.59
temperature,2017,27.56
temperature,2017,27.53
temperature,2017,27.5
temperature,2017,27.47
temperature,2017,27.44
temperature,2017,27.42
temperature,2017,27.39
temperature,2017,27.36
temperature,2017,27.33
temperature,2017,27.59
temperature,2017,27.56
temperature,2017,27.53
temperature,2017,27.5
temperature,2017,27.47
temperature,2017,27.44
temperature,2017,27.42
temperature,2017,27.39
temperature,2017,27.36
temperature,2017,27.33
temperature,2017,27.59
temperature,2017,27.56
temperature,2017,27.53
temperature,2017,27.5
temperature,2017,27.47
temperature,2017,27.44
temperature,2017,27.42
temperature,2017,27.39
temperature,2017,27.36
temperature,2017,27.33
temperature,2017,27.61
temperature,2017,27.59
temperature,2017,27.56
temperature,2017,27.53
temperature,2017,27.5
temperature,2017,27.47
temperature,2017,27.44
temperature,2017,27.42
temperature,2017,27.39
temperature,2017,27.36
temperature,2017,27.64
temperature,2017,27.61
temperature,2017,27.59
temperature,2017,27.56
temperature,2017,27.53
temperature,2017,27.5
temperature,2017,27.47
temperature,2017,27.44
temperature,2017,27.42
temperature,2017,27.39
temperature,2017,27.36
temperature,2017,27.67
temperature,2017,27.64
temperature,2017,27.61
temperature,2017,27.59
temperature,2017,27.56
temperature,2017,27.53
temperature,2017,27.5
temperature,2017,27.47
temperature,2017,27.44
temperature,2017,27.42
temperature,2017,27.39
temperature,2017,27.36
temperature,2017,27.7
temperature,2017,27.67
temperature,2017,27.64
temperature,2017,27.61
temperature,2017,27.59
temperature,2017,27.56
temperature,2017,27.53
temperature,2017,27.5
temperature,2017,27.47
temperature,2017,27.44
temperature,2017,27.42
temperature,2017,27.39
temperature,2017,27.36
temperature,2017,27.73
temperature,2017,27.7
temperature,2017,27.67
temperature,2017,27.64
temperature,2017,27.61
temperature,2017,27.59
temperature,2017,27.56
temperature,2017,27.53
temperature,2017,27.5
temperature,2017,27.47
temperature,2017,27.44
temperature,2017,27.42
temperature,2017,27.39
temperature,2017,27.76
temperature,2017,27.73
temperature,2017,27.7
temperature,2017,27.67
temperature,2017,27.64
temperature,2017,27.61
temperature,2017,27.59
temperature,2017,27.56
temperature,2017,27.53
temperature,2017,27.5
temperature,2017,27.47
temperature,2017,27.44
temperature,2017,27.42
temperature,2017,27.79
temperature,2017,27.76
temperature,2017,27.73
temperature,2017,27.7
temperature,2017,27.67
temperature,2017,27.64
temperature,2017,27.61
temperature,2017,27.59
temperature,2017,27.56
temperature,2017,27.53
temperature,2017,27.5
temperature,2017,27.47
temperature,2017,27.44
temperature,2017,27.81
temperature,2017,27.79
temperature,2017,27.76
temperature,2017,27.73
temperature,2017,27.7
temperature,2017,27.67
temperature,2017,27.64
temperature,2017,27.61
temperature,2017,27.59
temperature,2017,27.56
temperature,2017,27.53
temperature,2017,27.5
temperature,2017,27.47
temperature,2017,27.87
temperature,2017,27.84
temperature,2017,27.81
temperature,2017,27.79
temperature,2017,27.76
temperature,2017,27.73
temperature,2017,27.7
temperature,2017,27.67
temperature,2017,27.64
temperature,2017,27.61
temperature,2017,27.59
temperature,2017,27.56
temperature,2017,27.53
temperature,2017,27.5
temperature,2017,27.9
temperature,2017,27.87
temperature,2017,27.84
temperature,2017,27.81
temperature,2017,27.79
temperature,2017,27.76
temperature,2017,27.73
temperature,2017,27.7
temperature,2017,27.67
temperature,2017,27.64
temperature,2017,27.61
temperature,2017,27.59
temperature,2017,27.56
temperature,2017,27.53
temperature,2017,27.93
temperature,2017,27.9
temperature,2017,27.87
temperature,2017,27.84
temperature,2017,27.81
temperature,2017,27.79
temperature,2017,27.76
temperature,2017,27.73
temperature,2017,27.7
temperature,2017,27.67
temperature,2017,27.64
temperature,2017,27.61
temperature,2017,27.59
temperature,2017,27.56
temperature,2017,27.96
temperature,2017,27.93
temperature,2017,27.9
temperature,2017,27.87
temperature,2017,27.84
temperature,2017,27.81
temperature,2017,27.79
temperature,2017,27.76
temperature,2017,27.73
temperature,2017,27.7
temperature,2017,27.67
temperature,2017,27.64
temperature,2017,27.61
temperature,2017,27.59
temperature,2017,27.98
temperature,2017,27.96
temperature,2017,27.93
temperature,2017,27.9
temperature,2017,27.87
temperature,2017,27.84
temperature,2017,27.81
temperature,2017,27.79
temperature,2017,27.76
temperature,2017,27.73
temperature,2017,27.7
temperature,2017,27.67
temperature,2017,27.64
temperature,2017,27.61
temperature,2017,28.01
temperature,2017,27.98
temperature,2017,27.96
temperature,2017,27.93
temperature,2017,27.9
temperature,2017,27.87
temperature,2017,27.84
temperature,2017,27.81
temperature,2017,27.79
temperature,2017,27.76
temperature,2017,27.73
temperature,2017,27.7
temperature,2017,27.67
temperature,2017,27.64
temperature,2017,28.04
temperature,2017,28.01
temperature,2017,27.98
temperature,2017,27.96
temperature,2017,27.93
temperature,2017,27.9
temperature,2017,27.87
temperature,2017,27.84
temperature,2017,27.81
temperature,2017,27.79
temperature,2017,27.76
temperature,2017,27.73
temperature,2017,27.7
temperature,2017,27.67
temperature,2017,28.07
temperature,2017,28.04
temperature,2017,28.01
temperature,2017,27.98
temperature,2017,27.96
temperature,2017,27.93
temperature,2017,27.9
temperature,2017,27.87
temperature,2017,27.84
temperature,2017,27.81
temperature,2017,27.79
temperature,2017,27.76
temperature,2017,27.73
temperature,2017,27.7
temperature,2017,28.1
temperature,2017,28.07
temperature,2017,28.04
temperature,2017,28.01
temperature,2017,27.98
temperature,2017,27.96
temperature,2017,27.93
temperature,2017,27.9
temperature,2017,27.87
temperature,2017,27.84
temperature,2017,27.81
temperature,2017,27.79
temperature,2017,27.76
temperature,2017,27.73
temperature,2017,28.13
temperature,2017,28.1
temperature,2017,28.07
temperature,2017,28.04
temperature,2017,28.01
temperature,2017,27.98
temperature,2017,27.96
temperature,2017,27.93
temperature,2017,27.9
temperature,2017,27.87
temperature,2017,27.84
temperature,2017,27.81
temperature,2017,27.79
temperature,2017,27.76
temperature,2017,28.15
temperature,2017,28.13
temperature,2017,28.1
temperature,2017,28.07
temperature,2017,28.04
temperature,2017,28.01
temperature,2017,27.98
temperature,2017,27.96
temperature,2017,27.93
temperature,2017,27.9
temperature,2017,27.87
temperature,2017,27.84
temperature,2017,27.81
temperature,2017,27.79
temperature,2017,28.21
temperature,2017,28.18
temperature,2017,28.15
temperature,2017,28.13
temperature,2017,28.1
temperature,2017,28.07
temperature,2017,28.04
temperature,2017,28.01
temperature,2017,27.98
temperature,2017,27.96
temperature,2017,27.93
temperature,2017,27.9
temperature,2017,27.87
temperature,2017,27.84
temperature,2017,28.24
temperature,2017,28.21
temperature,2017,28.18
temperature,2017,28.15
temperature,2017,28.13
temperature,2017,28.1
temperature,2017,28.07
temperature,2017,28.04
temperature,2017,28.01
temperature,2017,27.98
temperature,2017,27.96
temperature,2017,27.93
temperature,2017,27.9
temperature,2017,27.87
temperature,2017,28.27
temperature,2017,28.24
temperature,2017,28.21
temperature,2017,28.18
temperature,2017,28.15
temperature,2017,28.13
temperature,2017,28.1
temperature,2017,28.07
temperature,2017,28.04
temperature,2017,28.01
temperature,2017,27.98
temperature,2017,27.96
temperature,2017,27.93
temperature,2017,27.9
temperature,2017,28.3
temperature,2017,28.27
temperature,2017,28.24
temperature,2017,28.21
temperature,2017,28.18
temperature,2017,28.15
temperature,2017,28.13
temperature,2017,28.1
temperature,2017,28.07
temperature,2017,28.04
temperature,2017,28.01
temperature,2017,27.98
temperature,2017,27.96
temperature,2017,27.93
temperature,2017,28.32
temperature,2017,28.3
temperature,2017,28.27
temperature,2017,28.24
temperature,2017,28.21
temperature,2017,28.18
temperature,2017,28.15
temperature,2017,28.13
temperature,2017,28.1
temperature,2017,28.07
temperature,2017,28.04
temperature,2017,28.01
temperature,2017,27.98
temperature,2017,27.96
temperature,2017,28.35
temperature,2017,28.32
temperature,2017,28.3
temperature,2017,28.27
temperature,2017,28.24
temperature,2017,28.21
temperature,2017,28.18
temperature,2017,28.15
temperature,2017,28.13
temperature,2017,28.1
temperature,2017,28.07
temperature,2017,28.04
temperature,2017,28.01
temperature,2017,27.98
temperature,2017,28.38
temperature,2017,28.35
temperature,2017,28.32
temperature,2017,28.3
temperature,2017,28.27
temperature,2017,28.24
temperature,2017,28.21
temperature,2017,28.18
temperature,2017,28.15
temperature,2017,28.13
temperature,2017,28.1
temperature,2017,28.07
temperature,2017,28.04
temperature,2017,28.01
temperature,2017,28.41
temperature,2017,28.38
temperature,2017,28.35
temperature,2017,28.32
temperature,2017,28.3
temperature,2017,28.27
temperature,2017,28.24
temperature,2017,28.21
temperature,2017,28.18
temperature,2017,28.15
temperature,2017,28.13
temperature,2017,28.1
temperature,2017,28.07
temperature,2017,28.04
temperature,2017,28.44
temperature,2017,28.41
temperature,2017,28.38
temperature,2017,28.35
temperature,2017,28.32
temperature,2017,28.3
temperature,2017,28.27
temperature,2017,28.24
temperature,2017,28.21
temperature,2017,28.18
temperature,2017,28.15
temperature,2017,28.13
temperature,2017,28.1
temperature,2017,28.07
temperature,2017,28.47
temperature,2017,28.44
temperature,2017,28.41
temperature,2017,28.38
temperature,2017,28.35
temperature,2017,28.32
temperature,2017,28.3
temperature,2017,28.27
temperature,2017,28.24
temperature,2017,28.21
temperature,2017,28.18
temperature,2017,28.15
temperature,2017,28.13
temperature,2017,28.1
temperature,2017,28.5
temperature,2017,28.47
temperature,2017,28.44
temperature,2017,28.41
temperature,2017,28.38
temperature,2017,28.35
temperature,2017,28.32
temperature,2017,28.3
temperature,2017,28.27
temperature,2017,28.24
temperature,2017,28.21
temperature,2017,28.18
temperature,2017,28.15
temperature,2017,28.52
temperature,2017,28.5
temperature,2017,28.47
temperature,2017,28.44
temperature,2017,28.41
temperature,2017,28.38
temperature,2017,28.35
temperature,2017,28.32
temperature,2017,28.3
temperature,2017,28.27
temperature,2017,28.24
temperature,2017,28.21
temperature,2017,28.18
temperature,2017,28.55
temperature,2017,28.52
temperature,2017,28.5
temperature,2017,28.47
temperature,2017,28.44
temperature,2017,28.41
temperature,2017,28.38
temperature,2017,28.35
temperature,2017,28.32
temperature,2017,28.3
temperature,2017,28.27
temperature,2017,28.24
temperature,2017,28.21
temperature,2017,28.58
temperature,2017,28.55
temperature,2017,28.52
temperature,2017,28.5
temperature,2017,28.47
temperature,2017,28.44
temperature,2017,28.41
temperature,2017,28.38
temperature,2017,28.35
temperature,2017,28.32
temperature,2017,28.3
temperature,2017,28.27
temperature,2017,28.24
temperature,2017,28.61
temperature,2017,28.58
temperature,2017,28.55
temperature,2017,28.52
temperature,2017,28.5
temperature,2017,28.47
temperature,2017,28.44
temperature,2017,28.41
temperature,2017,28.38
temperature,2017,28.35
temperature,2017,28.32
temperature,2017,28.3
temperature,2017,28.27
temperature,2017,28.64
temperature,2017,28.61
temperature,2017,28.58
temperature,2017,28.55
temperature,2017,28.52
temperature,2017,28.5
temperature,2017,28.47
temperature,2017,28.44
temperature,2017,28.41
temperature,2017,28.38
temperature,2017,28.35
temperature,2017,28.32
temperature,2017,28.3
temperature,2017,28.67
temperature,2017,28.64
temperature,2017,28.61
temperature,2017,28.58
temperature,2017,28.55
temperature,2017,28.52
temperature,2017,28.5
temperature,2017,28.47
temperature,2017,28.44
temperature,2017,28.41
temperature,2017,28.38
temperature,2017,28.35
temperature,2017,28.32
temperature,2018,28.69
temperature,2018,28.67
temperature,2018,28.64
temperature,2018,28.61
temperature,2018,28.58
temperature,2018,28.55
temperature,2018,28.52
temperature,2018,28.5
temperature,2018,28.47
temperature,2018,28.44
temperature,2018,28.41
temperature,2018,28.38
temperature,2018,28.35
temperature,2018,28.72
temperature,2018,28.69
temperature,2018,28.67
temperature,2018,28.64
temperature,2018,28.61
temperature,2018,28.58
temperature,2018,28.55
temperature,2018,28.52
temperature,2018,28.5
temperature,2018,28.47
temperature,2018,28.44
temperature,2018,28.41
temperature,2018,28.38
temperature,2018,28.75
temperature,2018,28.72
temperature,2018,28.69
temperature,2018,28.67
temperature,2018,28.64
temperature,2018,28.61
temperature,2018,28.58
temperature,2018,28.55
temperature,2018,28.52
temperature,2018,28.5
temperature,2018,28.47
temperature,2018,28.44
temperature,2018,28.41
temperature,2018,28.78
temperature,2018,28.75
temperature,2018,28.72
temperature,2018,28.69
temperature,2018,28.67
temperature,2018,28.64
temperature,2018,28.61
temperature,2018,28.58
temperature,2018,28.55
temperature,2018,28.52
temperature,2018,28.5
temperature,2018,28.47
temperature,2018,28.44
temperature,2018,28.78
temperature,2018,28.75
temperature,2018,28.72
temperature,2018,28.69
temperature,2018,28.67
temperature,2018,28.64
temperature,2018,28.61
temperature,2018,28.58
temperature,2018,28.55
temperature,2018,28.52
temperature,2018,28.5
temperature,2018,28.47
temperature,2018,28.78
temperature,2018,28.75
temperature,2018,28.72
temperature,2018,28.69
temperature,2018,28.67
temperature,2018,28.64
temperature,2018,28.61
temperature,2018,28.58
temperature,2018,28.55
temperature,2018,28.52
temperature,2018,28.5
temperature,2018,28.78
temperature,2018,28.75
temperature,2018,28.72
temperature,2018,28.69
temperature,2018,28.67
temperature,2018,28.64
temperature,2018,28.61
temperature,2018,28.58
temperature,2018,28.55
temperature,2018,28.52
temperature,2018,28.78
temperature,2018,28.75
temperature,2018,28.72
temperature,2018,28.69
temperature,2018,28.67
temperature,2018,28.64
temperature,2018,28.61
temperature,2018,28.58
temperature,2018,28.55
temperature,2018,28.81
temperature,2018,28.78
temperature,2018,28.75
temperature,2018,28.72
temperature,2018,28.69
temperature,2018,28.67
temperature,2018,28.64
temperature,2018,28.61
temperature,2018,28.58
temperature,2018,28.55
temperature,2018,28.81
temperature,2018,28.78
temperature,2018,28.75
temperature,2018,28.72
temperature,2018,28.69
temperature,2018,28.67
temperature,2018,28.64
temperature,2018,28.61
temperature,2018,28.58
temperature,2018,28.55
temperature,2018,28.81
temperature,2018,28.78
temperature,2018,28.75
temperature,2018,28.72
temperature,2018,28.69
temperature,2018,28.67
temperature,2018,28.64
temperature,2018,28.61
temperature,2018,28.58
temperature,2018,28.55
temperature,2018,28.81
temperature,2018,28.78
temperature,2018,28.75
temperature,2018,28.72
temperature,2018,28.69
temperature,2018,28.67
temperature,2018,28.64
temperature,2018,28.61
temperature,2018,28.58
temperature,2018,28.55
temperature,2018,28.81
temperature,2018,28.78
temperature,2018,28.75
temperature,2018,28.72
temperature,2018,28.69
temperature,2018,28.67
temperature,2018,28.64
temperature,2018,28.61
temperature,2018,28.58
temperature,2018,28.55
temperature,2018,28.81
temperature,2018,28.78
temperature,2018,28.75
temperature,2018,28.72
temperature,2018,28.69
temperature,2018,28.67
temperature,2018,28.64
temperature,2018,28.61
temperature,2018,28.58
temperature,2018,28.55
temperature,2018,28.81
temperature,2018,28.78
temperature,2018,28.75
temperature,2018,28.72
temperature,2018,28.69
temperature,2018,28.67
temperature,2018,28.64
temperature,2018,28.61
temperature,2018,28.58
temperature,2018,28.81
temperature,2018,28.78
temperature,2018,28.75
temperature,2018,28.72
temperature,2018,28.69
temperature,2018,28.67
temperature,2018,28.64
temperature,2018,28.61
temperature,2018,28.58
temperature,2018,28.81
temperature,2018,28.78
temperature,2018,28.75
temperature,2018,28.72
temperature,2018,28.69
temperature,2018,28.67
temperature,2018,28.64
temperature,2018,28.61
temperature,2018,28.58
temperature,2018,28.81
temperature,2018,28.78
temperature,2018,28.75
temperature,2018,28.72
temperature,2018,28.69
temperature,2018,28.67
temperature,2018,28.64
temperature,2018,28.61
temperature,2018,28.58
temperature,2018,28.81
temperature,2018,28.78
temperature,2018,28.75
temperature,2018,28.72
temperature,2018,28.69
temperature,2018,28.67
temperature,2018,28.64
temperature,2018,28.61
temperature,2018,28.58
temperature,2018,28.81
temperature,2018,28.78
temperature,2018,28.75
temperature,2018,28.72
temperature,2018,28.69
temperature,2018,28.67
temperature,2018,28.64
temperature,2018,28.61
temperature,2018,28.58
temperature,2018,28.81
temperature,2018,28.78
temperature,2018,28.75
temperature,2018,28.72
temperature,2018,28.69
temperature,2018,28.67
temperature,2018,28.64
temperature,2018,28.61
temperature,2018,28.58
temperature,2018,28.81
temperature,2018,28.78
temperature,2018,28.75
temperature,2018,28.72
temperature,2018,28.69
temperature,2018,28.67
temperature,2018,28.64
temperature,2018,28.61
temperature,2018,28.58
temperature,2018,28.81
temperature,2018,28.78
temperature,2018,28.75
temperature,2018,28.72
temperature,2018,28.69
temperature,2018,28.67
temperature,2018,28.64
temperature,2018,28.61
temperature,2018,28.58
temperature,2018,28.55
temperature,2018,28.81
temperature,2018,28.78
temperature,2018,28.75
temperature,2018,28.72
temperature,2018,28.69
temperature,2018,28.67
temperature,2018,28.64
temperature,2018,28.61
temperature,2018,28.58
temperature,2018,28.55
temperature,2018,28.81
temperature,2018,28.78
temperature,2018,28.75
temperature,2018,28.72
temperature,2018,28.69
temperature,2018,28.67
temperature,2018,28.64
temperature,2018,28.61
temperature,2018,28.58
temperature,2018,28.55
temperature,2018,28.81
temperature,2018,28.78
temperature,2018,28.75
temperature,2018,28.72
temperature,2018,28.69
temperature,2018,28.67
temperature,2018,28.64
temperature,2018,28.61
temperature,2018,28.58
temperature,2018,28.55
temperature,2018,28.81
temperature,2018,28.78
temperature,2018,28.75
temperature,2018,28.72
temperature,2018,28.69
temperature,2018,28.67
temperature,2018,28.64
temperature,2018,28.61
temperature,2018,28.58
temperature,2018,28.55
temperature,2018,28.78
temperature,2018,28.75
temperature,2018,28.72
temperature,2018,28.69
temperature,2018,28.67
temperature,2018,28.64
temperature,2018,28.61
temperature,2018,28.58
temperature,2018,28.55
temperature,2018,28.78
temperature,2018,28.75
temperature,2018,28.72
temperature,2018,28.69
temperature,2018,28.67
temperature,2018,28.64
temperature,2018,28.61
temperature,2018,28.58
temperature,2018,28.55
temperature,2018,28.78
temperature,2018,28.75
temperature,2018,28.72
temperature,2018,28.69
temperature,2018,28.67
temperature,2018,28.64
temperature,2018,28.61
temperature,2018,28.58
temperature,2018,28.55
temperature,2018,28.78
temperature,2018,28.75
temperature,2018,28.72
temperature,2018,28.69
temperature,2018,28.67
temperature,2018,28.64
temperature,2018,28.61
temperature,2018,28.58
temperature,2018,28.55
temperature,2018,28.52
temperature,2018,28.78
temperature,2018,28.75
temperature,2018,28.72
temperature,2018,28.69
temperature,2018,28.67
temperature,2018,28.64
temperature,2018,28.61
temperature,2018,28.58
temperature,2018,28.55
temperature,2018,28.52
temperature,2018,28.5
temperature,2018,28.78
temperature,2018,28.75
temperature,2018,28.72
temperature,2018,28.69
temperature,2018,28.67
temperature,2018,28.64
temperature,2018,28.61
temperature,2018,28.58
temperature,2018,28.55
temperature,2018,28.52
temperature,2018,28.5
temperature,2018,28.47
temperature,2018,28.78
temperature,2018,28.75
temperature,2018,28.72
temperature,2018,28.69
temperature,2018,28.67
temperature,2018,28.64
temperature,2018,28.61
temperature,2018,28.58
temperature,2018,28.55
temperature,2018,28.52
temperature,2018,28.5
temperature,2018,28.47
temperature,2018,28.44
temperature,2018,28.75
temperature,2018,28.72
temperature,2018,28.69
temperature,2018,28.67
temperature,2018,28.64
temperature,2018,28.61
temperature,2018,28.58
temperature,2018,28.55
temperature,2018,28.52
temperature,2018,28.5
temperature,2018,28.47
temperature,2018,28.44
temperature,2018,28.41
temperature,2018,28.38
temperature,2018,28.72
temperature,2018,28.69
temperature,2018,28.67
temperature,2018,28.64
temperature,2018,28.61
temperature,2018,28.58
temperature,2018,28.55
temperature,2018,28.52
temperature,2018,28.5
temperature,2018,28.47
temperature,2018,28.44
temperature,2018,28.41
temperature,2018,28.38
temperature,2018,28.35
temperature,2018,28.69
temperature,2018,28.67
temperature,2018,28.64
temperature,2018,28.61
temperature,2018,28.58
temperature,2018,28.55
temperature,2018,28.52
temperature,2018,28.5
temperature,2018,28.47
temperature,2018,28.44
temperature,2018,28.41
temperature,2018,28.38
temperature,2018,28.35
temperature,2018,28.32
temperature,2018,28.67
temperature,2018,28.64
temperature,2018,28.61
temperature,2018,28.58
temperature,2018,28.55
temperature,2018,28.52
temperature,2018,28.5
temperature,2018,28.47
temperature,2018,28.44
temperature,2018,28.41
temperature,2018,28.38
temperature,2018,28.35
temperature,2018,28.32
temperature,2018,28.3
temperature,2018,28.64
temperature,2018,28.61
temperature,2018,28.58
temperature,2018,28.55
temperature,2018,28.52
temperature,2018,28.5
temperature,2018,28.47
temperature,2018,28.44
temperature,2018,28.41
temperature,2018,28.38
temperature,2018,28.35
temperature,2018,28.32
temperature,2018,28.3
temperature,2018,28.27
temperature,2018,28.61
temperature,2018,28.58
temperature,2018,28.55
temperature,2018,28.52
temperature,2018,28.5
temperature,2018,28.47
temperature,2018,28.44
temperature,2018,28.41
temperature,2018,28.38
temperature,2018,28.35
temperature,2018,28.32
temperature,2018,28.3
temperature,2018,28.27
temperature,2018,28.24
temperature,2018,28.58
temperature,2018,28.55
temperature,2018,28.52
temperature,2018,28.5
temperature,2018,28.47
temperature,2018,28.44
temperature,2018,28.41
temperature,2018,28.38
temperature,2018,28.35
temperature,2018,28.32
temperature,2018,28.3
temperature,2018,28.27
temperature,2018,28.24
temperature,2018,28.21
temperature,2018,28.55
temperature,2018,28.52
temperature,2018,28.5
temperature,2018,28.47
temperature,2018,28.44
temperature,2018,28.41
temperature,2018,28.38
temperature,2018,28.35
temperature,2018,28.32
temperature,2018,28.3
temperature,2018,28.27
temperature,2018,28.24
temperature,2018,28.21
temperature,2018,28.18
temperature,2018,28.52
temperature,2018,28.5
temperature,2018,28.47
temperature,2018,28.44
temperature,2018,28.41
temperature,2018,28.38
temperature,2018,28.35
temperature,2018,28.32
temperature,2018,28.3
temperature,2018,28.27
temperature,2018,28.24
temperature,2018,28.21
temperature,2018,28.18
temperature,2018,28.15
temperature,2018,28.5
temperature,2018,28.47
temperature,2018,28.44
temperature,2018,28.41
temperature,2018,28.38
temperature,2018,28.35
temperature,2018,28.32
temperature,2018,28.3
temperature,2018,28.27
temperature,2018,28.24
temperature,2018,28.21
temperature,2018,28.18
temperature,2018,28.15
temperature,2018,28.13
temperature,2018,28.47
temperature,2018,28.44
temperature,2018,28.41
temperature,2018,28.38
temperature,2018,28.35
temperature,2018,28.32
temperature,2018,28.3
temperature,2018,28.27
temperature,2018,28.24
temperature,2018,28.21
temperature,2018,28.18
temperature,2018,28.15
temperature,2018,28.13
temperature,2018,28.44
temperature,2018,28.41
temperature,2018,28.38
temperature,2018,28.35
temperature,2018,28.32
temperature,2018,28.3
temperature,2018,28.27
temperature,2018,28.24
temperature,2018,28.21
temperature,2018,28.18
temperature,2018,28.15
temperature,2018,28.13
temperature,2018,28.1
temperature,2018,28.41
temperature,2018,28.38
temperature,2018,28.35
temperature,2018,28.32
temperature,2018,28.3
temperature,2018,28.27
temperature,2018,28.24
temperature,2018,28.21
temperature,2018,28.18
temperature,2018,28.15
temperature,2018,28.13
temperature,2018,28.1
temperature,2018,28.07
temperature,2018,28.35
temperature,2018,28.32
temperature,2018,28.3
temperature,2018,28.27
temperature,2018,28.24
temperature,2018,28.21
temperature,2018,28.18
temperature,2018,28.15
temperature,2018,28.13
temperature,2018,28.1
temperature,2018,28.07
temperature,2018,28.32
temperature,2018,28.3
temperature,2018,28.27
temperature,2018,28.24
temperature,2018,28.21
temperature,2018,28.18
temperature,2018,28.15
temperature,2018,28.13
temperature,2018,28.1
temperature,2018,28.07
temperature,2018,28.04
temperature,2018,28.32
temperature,2018,28.3
temperature,2018,28.27
temperature,2018,28.24
temperature,2018,28.21
temperature,2018,28.18
temperature,2018,28.15
temperature,2018,28.13
temperature,2018,28.1
temperature,2018,28.07
temperature,2018,28.04
temperature,2018,28.01
temperature,2018,28.3
temperature,2018,28.27
temperature,2018,28.24
temperature,2018,28.21
temperature,2018,28.18
temperature,2018,28.15
temperature,2018,28.13
temperature,2018,28.1
temperature,2018,28.07
temperature,2018,28.04
temperature,2018,28.01
temperature,2018,28.27
temperature,2018,28.24
temperature,2018,28.21
temperature,2018,28.18
temperature,2018,28.15
temperature,2018,28.13
temperature,2018,28.1
temperature,2018,28.07
temperature,2018,28.04
temperature,2018,28.01
temperature,2018,27.98
temperature,2018,28.27
temperature,2018,28.24
temperature,2018,28.21
temperature,2018,28.18
temperature,2018,28.15
temperature,2018,28.13
temperature,2018,28.1
temperature,2018,28.07
temperature,2018,28.04
temperature,2018,28.01
temperature,2018,27.98
temperature,2018,27.96
temperature,2018,28.24
temperature,2018,28.21
temperature,2018,28.18
temperature,2018,28.15
temperature,2018,28.13
temperature,2018,28.1
temperature,2018,28.07
temperature,2018,28.04
temperature,2018,28.01
temperature,2018,27.98
temperature,2018,27.96
temperature,2018,27.93
temperature,2018,28.21
temperature,2018,28.18
temperature,2018,28.15
temperature,2018,28.13
temperature,2018,28.1
temperature,2018,28.07
temperature,2018,28.04
temperature,2018,28.01
temperature,2018,27.98
temperature,2018,27.96
temperature,2018,27.93
temperature,2018,29.83
temperature,2018,29.8
temperature,2018,28.21
temperature,2018,28.18
temperature,2018,28.15
temperature,2018,28.13
temperature,2018,28.1
temperature,2018,28.07
temperature,2018,28.04
temperature,2018,28.01
temperature,2018,27.98
temperature,2018,27.96
temperature,2018,27.93
temperature,2018,27.9
temperature,2018,29.83
temperature,2018,29.8
temperature,2018,28.18
temperature,2018,28.15
temperature,2018,28.13
temperature,2018,28.1
temperature,2018,28.07
temperature,2018,28.04
temperature,2018,28.01
temperature,2018,27.98
temperature,2018,27.96
temperature,2018,27.93
temperature,2018,27.9
temperature,2018,27.87
temperature,2018,29.86
temperature,2018,29.83
temperature,2018,29.8
temperature,2018,28.15
temperature,2018,28.13
temperature,2018,28.1
temperature,2018,28.07
temperature,2018,28.04
temperature,2018,28.01
temperature,2018,27.98
temperature,2018,27.96
temperature,2018,27.93
temperature,2018,27.9
temperature,2018,27.87
temperature,2018,29.89
temperature,2018,29.86
temperature,2018,29.83
temperature,2018,29.8
temperature,2018,28.13
temperature,2018,28.1
temperature,2018,28.07
temperature,2018,28.04
temperature,2018,28.01
temperature,2018,27.98
temperature,2018,27.96
temperature,2018,27.93
temperature,2018,27.9
temperature,2018,27.87
temperature,2018,27.84
temperature,2018,29.89
temperature,2018,29.86
temperature,2018,29.83
temperature,2018,29.8
temperature,2018,28.13
temperature,2018,28.1
temperature,2018,28.07
temperature,2018,28.04
temperature,2018,28.01
temperature,2018,27.98
temperature,2018,27.96
temperature,2018,27.93
temperature,2018,27.9
temperature,2018,27.87
temperature,2018,27.84
temperature,2018,27.81
temperature,2018,29.89
temperature,2018,29.86
temperature,2018,29.83
temperature,2018,29.8
temperature,2018,28.1
temperature,2018,28.07
temperature,2018,28.04
temperature,2018,28.01
temperature,2018,27.98
temperature,2018,27.96
temperature,2018,27.93
temperature,2018,27.9
temperature,2018,27.87
temperature,2018,27.84
temperature,2018,27.81
temperature,2018,29.89
temperature,2018,29.86
temperature,2018,29.83
temperature,2018,29.8
temperature,2018,28.07
temperature,2018,28.04
temperature,2018,28.01
temperature,2018,27.98
temperature,2018,27.96
temperature,2018,27.93
temperature,2018,27.9
temperature,2018,27.87
temperature,2018,27.84
temperature,2018,27.81
temperature,2018,27.79
temperature,2018,29.89
temperature,2018,29.86
temperature,2018,29.83
temperature,2018,29.8
temperature,2018,28.07
temperature,2018,28.04
temperature,2018,28.01
temperature,2018,27.98
temperature,2018,27.96
temperature,2018,27.93
temperature,2018,27.9
temperature,2018,27.87
temperature,2018,27.84
temperature,2018,27.81
temperature,2018,27.79
temperature,2018,27.76
temperature,2018,29.89
temperature,2018,29.86
temperature,2018,29.83
temperature,2018,29.8
temperature,2018,28.04
temperature,2018,28.01
temperature,2018,27.98
temperature,2018,27.96
temperature,2018,27.93
temperature,2018,27.9
temperature,2018,27.87
temperature,2018,27.84
temperature,2018,27.81
temperature,2018,27.79
temperature,2018,27.76
temperature,2018,27.73
temperature,2018,29.89
temperature,2018,29.86
temperature,2018,29.83
temperature,2018,29.8
temperature,2018,28.01
temperature,2018,27.98
temperature,2018,27.96
temperature,2018,27.93
temperature,2018,27.9
temperature,2018,27.87
temperature,2018,27.84
temperature,2018,27.81
temperature,2018,27.79
temperature,2018,27.76
temperature,2018,27.73
temperature,2018,29.89
temperature,2018,29.86
temperature,2018,29.83
temperature,2018,29.8
temperature,2018,27.98
temperature,2018,27.96
temperature,2018,27.93
temperature,2018,27.9
temperature,2018,27.87
temperature,2018,27.84
temperature,2018,27.81
temperature,2018,27.79
temperature,2018,27.76
temperature,2018,27.73
temperature,2018,27.7
temperature,2018,29.89
temperature,2018,29.86
temperature,2018,29.83
temperature,2018,29.8
temperature,2018,27.98
temperature,2018,27.96
temperature,2018,27.93
temperature,2018,27.9
temperature,2018,27.87
temperature,2018,27.84
temperature,2018,27.81
temperature,2018,27.79
temperature,2018,27.76
temperature,2018,27.73
temperature,2018,27.7
temperature,2018,27.67
temperature,2018,29.89
temperature,2018,29.86
temperature,2018,29.83
temperature,2018,29.8
temperature,2018,27.96
temperature,2018,27.93
temperature,2018,27.9
temperature,2018,27.87
temperature,2018,27.84
temperature,2018,27.81
temperature,2018,27.79
temperature,2018,27.76
temperature,2018,27.73
temperature,2018,27.7
temperature,2018,27.67
temperature,2018,29.89
temperature,2018,29.86
temperature,2018,29.83
temperature,2018,29.8
temperature,2018,27.93
temperature,2018,27.9
temperature,2018,27.87
temperature,2018,27.84
temperature,2018,27.81
temperature,2018,27.79
temperature,2018,27.76
temperature,2018,27.73
temperature,2018,27.7
temperature,2018,27.67
temperature,2018,27.64
temperature,2018,29.89
temperature,2018,29.86
temperature,2018,29.83
temperature,2018,29.8
temperature,2018,27.93
temperature,2018,27.9
temperature,2018,27.87
temperature,2018,27.84
temperature,2018,27.81
temperature,2018,27.79
temperature,2018,27.76
temperature,2018,27.73
temperature,2018,27.7
temperature,2018,27.67
temperature,2018,27.64
temperature,2018,27.61
temperature,2018,29.89
temperature,2018,29.86
temperature,2018,29.83
temperature,2018,29.8
temperature,2018,27.9
temperature,2018,27.87
temperature,2018,27.84
temperature,2018,27.81
temperature,2018,27.79
temperature,2018,27.76
temperature,2018,27.73
temperature,2018,27.7
temperature,2018,27.67
temperature,2018,27.64
temperature,2018,27.61
temperature,2018,29.89
temperature,2018,29.86
temperature,2018,29.83
temperature,2018,29.8
temperature,2018,27.87
temperature,2018,27.84
temperature,2018,27.81
temperature,2018,27.79
temperature,2018,27.76
temperature,2018,27.73
temperature,2018,27.7
temperature,2018,27.67
temperature,2018,27.64
temperature,2018,27.61
temperature,2018,27.59
temperature,2018,29.89
temperature,2018,29.86
temperature,2018,29.83
temperature,2018,29.8
temperature,2018,27.87
temperature,2018,27.84
temperature,2018,27.81
temperature,2018,27.79
temperature,2018,27.76
temperature,2018,27.73
temperature,2018,27.7
temperature,2018,27.67
temperature,2018,27.64
temperature,2018,27.61
temperature,2018,27.59
temperature,2018,29.89
temperature,2018,29.86
temperature,2018,29.83
temperature,2018,29.8
temperature,2018,27.84
temperature,2018,27.81
temperature,2018,27.79
temperature,2018,27.76
temperature,2018,27.73
temperature,2018,27.7
temperature,2018,27.67
temperature,2018,27.64
temperature,2018,27.61
temperature,2018,27.59
temperature,2018,27.56
temperature,2018,29.89
temperature,2018,29.86
temperature,2018,29.83
temperature,2018,29.8
temperature,2018,27.81
temperature,2018,27.79
temperature,2018,27.76
temperature,2018,27.73
temperature,2018,27.7
temperature,2018,27.67
temperature,2018,27.64
temperature,2018,27.61
temperature,2018,27.59
temperature,2018,27.56
temperature,2018,29.89
temperature,2018,29.86
temperature,2018,29.83
temperature,2018,29.8
temperature,2018,27.81
temperature,2018,27.79
temperature,2018,27.76
temperature,2018,27.73
temperature,2018,27.7
temperature,2018,27.67
temperature,2018,27.64
temperature,2018,27.61
temperature,2018,27.59
temperature,2018,27.56
temperature,2018,27.53
temperature,2018,29.89
temperature,2018,29.86
temperature,2018,29.83
temperature,2018,29.8
temperature,2018,27.79
temperature,2018,27.76
temperature,2018,27.73
temperature,2018,27.7
temperature,2018,27.67
temperature,2018,27.64
temperature,2018,27.61
temperature,2018,27.59
temperature,2018,27.56
temperature,2018,27.53
temperature,2018,29.89
temperature,2018,29.86
temperature,2018,29.83
temperature,2018,29.8
temperature,2018,27.79
temperature,2018,27.76
temperature,2018,27.73
temperature,2018,27.7
temperature,2018,27.67
temperature,2018,27.64
temperature,2018,27.61
temperature,2018,27.59
temperature,2018,27.56
temperature,2018,27.53
temperature,2018,27.5
temperature,2018,29.89
temperature,2018,29.86
temperature,2018,29.83
temperature,2018,29.8
temperature,2018,27.76
temperature,2018,27.73
temperature,2018,27.7
temperature,2018,27.67
temperature,2018,27.64
temperature,2018,27.61
temperature,2018,27.59
temperature,2018,27.56
temperature,2018,27.53
temperature,2018,27.5
temperature,2018,29.89
temperature,2018,29.86
temperature,2018,29.83
temperature,2018,29.8
temperature,2018,27.76
temperature,2018,27.73
temperature,2018,27.7
temperature,2018,27.67
temperature,2018,27.64
temperature,2018,27.61
temperature,2018,27.59
temperature,2018,27.56
temperature,2018,27.53
temperature,2018,27.5
temperature,2018,27.47
temperature,2018,29.89
temperature,2018,29.86
temperature,2018,29.83
temperature,2018,29.8
temperature,2018,27.73
temperature,2018,27.7
temperature,2018,27.67
temperature,2018,27.64
temperature,2018,27.61
temperature,2018,27.59
temperature,2018,27.56
temperature,2018,27.53
temperature,2018,27.5
temperature,2018,27.47
temperature,2018,29.89
temperature,2018,29.86
temperature,2018,29.83
temperature,2018,29.8
temperature,2018,27.73
temperature,2018,27.7
temperature,2018,27.67
temperature,2018,27.64
temperature,2018,27.61
temperature,2018,27.59
temperature,2018,27.56
temperature,2018,27.53
temperature,2018,27.5
temperature,2018,27.47
temperature,2018,27.44
temperature,2018,29.89
temperature,2018,29.86
temperature,2018,29.83
temperature,2018,29.8
temperature,2018,27.7
temperature,2018,27.67
temperature,2018,27.64
temperature,2018,27.61
temperature,2018,27.59
temperature,2018,27.56
temperature,2018,27.53
temperature,2018,27.5
temperature,2018,27.47
temperature,2018,27.44
temperature,2018,29.89
temperature,2018,29.86
temperature,2018,29.83
temperature,2018,29.8
temperature,2018,27.7
temperature,2018,27.67
temperature,2018,27.64
temperature,2018,27.61
temperature,2018,27.59
temperature,2018,27.56
temperature,2018,27.53
temperature,2018,27.5
temperature,2018,27.47
temperature,2018,27.44
temperature,2018,27.42
temperature,2018,29.89
temperature,2018,29.86
temperature,2018,29.83
temperature,2018,29.8
temperature,2018,27.73
temperature,2018,27.7
temperature,2018,27.67
temperature,2018,27.64
temperature,2018,27.61
temperature,2018,27.59
temperature,2018,27.56
temperature,2018,27.53
temperature,2018,27.5
temperature,2018,27.47
temperature,2018,27.44
temperature,2018,27.42
temperature,2018,29.89
temperature,2018,29.86
temperature,2018,29.83
temperature,2018,29.8
temperature,2018,27.76
temperature,2018,27.73
temperature,2018,27.7
temperature,2018,27.67
temperature,2018,27.64
temperature,2018,27.61
temperature,2018,27.59
temperature,2018,27.56
temperature,2018,27.53
temperature,2018,27.5
temperature,2018,27.47
temperature,2018,27.44
temperature,2018,27.42
temperature,2018,29.89
temperature,2018,29.86
temperature,2018,29.83
temperature,2018,29.8
temperature,2018,27.79
temperature,2018,27.76
temperature,2018,27.73
temperature,2018,27.7
temperature,2018,27.67
temperature,2018,27.64
temperature,2018,27.61
temperature,2018,27.59
temperature,2018,27.56
temperature,2018,27.53
temperature,2018,27.5
temperature,2018,27.47
temperature,2018,27.44
temperature,2018,27.42
temperature,2018,29.89
temperature,2018,29.86
temperature,2018,29.83
temperature,2018,29.8
temperature,2018,27.84
temperature,2018,27.81
temperature,2018,27.79
temperature,2018,27.76
temperature,2018,27.73
temperature,2018,27.7
temperature,2018,27.67
temperature,2018,27.64
temperature,2018,27.61
temperature,2018,27.59
temperature,2018,27.56
temperature,2018,27.53
temperature,2018,27.5
temperature,2018,27.47
temperature,2018,27.44
temperature,2018,27.42
temperature,2018,29.89
temperature,2018,29.86
temperature,2018,29.83
temperature,2018,29.8
temperature,2018,27.87
temperature,2018,27.84
temperature,2018,27.81
temperature,2018,27.79
temperature,2018,27.76
temperature,2018,27.73
temperature,2018,27.7
temperature,2018,27.67
temperature,2018,27.64
temperature,2018,27.61
temperature,2018,27.59
temperature,2018,27.56
temperature,2018,27.53
temperature,2018,27.5
temperature,2018,27.47
temperature,2018,27.44
temperature,2018,29.89
temperature,2018,29.86
temperature,2018,29.83
temperature,2018,29.8
temperature,2018,27.9
temperature,2018,27.87
temperature,2018,27.84
temperature,2018,27.81
temperature,2018,27.79
temperature,2018,27.76
temperature,2018,27.73
temperature,2018,27.7
temperature,2018,27.67
temperature,2018,27.64
temperature,2018,27.61
temperature,2018,27.59
temperature,2018,27.56
temperature,2018,27.53
temperature,2018,27.5
temperature,2018,29.89
temperature,2018,29.86
temperature,2018,29.83
temperature,2018,29.8
temperature,2018,27.96
temperature,2018,27.93
temperature,2018,27.9
temperature,2018,27.87
temperature,2018,27.84
temperature,2018,27.81
temperature,2018,27.79
temperature,2018,27.76
temperature,2018,27.73
temperature,2018,27.7
temperature,2018,27.67
temperature,2018,27.64
temperature,2018,27.61
temperature,2018,27.59
temperature,2018,27.56
temperature,2018,27.53
temperature,2018,29.89
temperature,2018,29.86
temperature,2018,29.83
temperature,2018,29.8
temperature,2018,27.98
temperature,2018,27.96
temperature,2018,27.93
temperature,2018,27.9
temperature,2018,27.87
temperature,2018,27.84
temperature,2018,27.81
temperature,2018,27.79
temperature,2018,27.76
temperature,2018,27.73
temperature,2018,27.7
temperature,2018,27.67
temperature,2018,27.64
temperature,2018,27.61
temperature,2018,27.59
temperature,2018,27.56
temperature,2018,29.89
temperature,2018,29.86
temperature,2018,29.83
temperature,2018,29.8
temperature,2018,28.01
temperature,2018,27.98
temperature,2018,27.96
temperature,2018,27.93
temperature,2018,27.9
temperature,2018,27.87
temperature,2018,27.84
temperature,2018,27.81
temperature,2018,27.79
temperature,2018,27.76
temperature,2018,27.73
temperature,2018,27.7
temperature,2018,27.67
temperature,2018,27.64
temperature,2018,27.61
temperature,2018,29.89
temperature,2018,29.86
temperature,2018,29.83
temperature,2018,29.8
temperature,2018,28.07
temperature,2018,28.04
temperature,2018,28.01
temperature,2018,27.98
temperature,2018,27.96
temperature,2018,27.93
temperature,2018,27.9
temperature,2018,27.87
temperature,2018,27.84
temperature,2018,27.81
temperature,2018,27.79
temperature,2018,27.76
temperature,2018,27.73
temperature,2018,27.7
temperature,2018,27.67
temperature,2018,27.64
temperature,2018,29.89
temperature,2018,29.86
temperature,2018,29.83
temperature,2018,29.8
temperature,2018,28.1
temperature,2018,28.07
temperature,2018,28.04
temperature,2018,28.01
temperature,2018,27.98
temperature,2018,27.96
temperature,2018,27.93
temperature,2018,27.9
temperature,2018,27.87
temperature,2018,27.84
temperature,2018,27.81
temperature,2018,27.79
temperature,2018,27.76
temperature,2018,27.73
temperature,2018,27.7
temperature,2018,27.67
temperature,2018,29.89
temperature,2018,29.86
temperature,2018,29.83
temperature,2018,29.8
temperature,2018,28.13
temperature,2018,28.1
temperature,2018,28.07
temperature,2018,28.04
temperature,2018,28.01
temperature,2018,27.98
temperature,2018,27.96
temperature,2018,27.93
temperature,2018,27.9
temperature,2018,27.87
temperature,2018,27.84
temperature,2018,27.81
temperature,2018,27.79
temperature,2018,27.76
temperature,2018,27.73
temperature,2018,27.7
temperature,2018,29.89
temperature,2018,29.86
temperature,2018,29.83
temperature,2018,29.8
temperature,2018,28.15
temperature,2018,28.13
temperature,2018,28.1
temperature,2018,28.07
temperature,2018,28.04
temperature,2018,28.01
temperature,2018,27.98
temperature,2018,27.96
temperature,2018,27.93
temperature,2018,27.9
temperature,2018,27.87
temperature,2018,27.84
temperature,2018,27.81
temperature,2018,27.79
temperature,2018,27.76
temperature,2018,29.89
temperature,2018,29.86
temperature,2018,29.83
temperature,2018,29.8
temperature,2018,28.15
temperature,2018,28.13
temperature,2018,28.1
temperature,2018,28.07
temperature,2018,28.04
temperature,2018,28.01
temperature,2018,27.98
temperature,2018,27.96
temperature,2018,27.93
temperature,2018,27.9
temperature,2018,27.87
temperature,2018,27.84
temperature,2018,27.81
temperature,2018,27.79
temperature,2018,29.89
temperature,2018,29.86
temperature,2018,29.83
temperature,2018,29.8
temperature,2018,28.15
temperature,2018,28.13
temperature,2018,28.1
temperature,2018,28.07
temperature,2018,28.04
temperature,2018,28.01
temperature,2018,27.98
temperature,2018,27.96
temperature,2018,27.93
temperature,2018,27.9
temperature,2018,27.87
temperature,2018,27.84
temperature,2018,27.81
temperature,2018,29.89
temperature,2018,29.86
temperature,2018,29.83
temperature,2018,29.8
temperature,2018,28.15
temperature,2018,28.13
temperature,2018,28.1
temperature,2018,28.07
temperature,2018,28.04
temperature,2018,28.01
temperature,2018,27.98
temperature,2018,27.96
temperature,2018,27.93
temperature,2018,27.9
temperature,2018,27.87
temperature,2018,27.84
temperature,2018,27.81
temperature,2018,29.89
temperature,2018,29.86
temperature,2018,29.83
temperature,2018,29.8
temperature,2018,28.15
temperature,2018,28.13
temperature,2018,28.1
temperature,2018,28.07
temperature,2018,28.04
temperature,2018,28.01
temperature,2018,27.98
temperature,2018,27.96
temperature,2018,27.93
temperature,2018,27.9
temperature,2018,27.87
temperature,2018,27.84
temperature,2018,27.81
temperature,2018,27.79
temperature,2018,27.76
temperature,2018,29.89
temperature,2018,29.86
temperature,2018,29.83
temperature,2018,29.8
temperature,2018,28.13
temperature,2018,28.1
temperature,2018,28.07
temperature,2018,28.04
temperature,2018,28.01
temperature,2018,27.98
temperature,2018,27.96
temperature,2018,27.93
temperature,2018,27.9
temperature,2018,27.87
temperature,2018,27.84
temperature,2018,27.81
temperature,2018,27.79
temperature,2018,27.76
temperature,2018,27.73
temperature,2018,29.89
temperature,2018,29.86
temperature,2018,29.83
temperature,2018,29.8
temperature,2018,28.1
temperature,2018,28.07
temperature,2018,28.04
temperature,2018,28.01
temperature,2018,27.98
temperature,2018,27.96
temperature,2018,27.93
temperature,2018,27.9
temperature,2018,27.87
temperature,2018,27.84
temperature,2018,27.81
temperature,2018,27.79
temperature,2018,27.76
temperature,2018,27.73
temperature,2018,27.7
temperature,2018,29.89
temperature,2018,29.86
temperature,2018,29.83
temperature,2018,29.8
temperature,2018,28.07
temperature,2018,28.04
temperature,2018,28.01
temperature,2018,27.98
temperature,2018,27.96
temperature,2018,27.93
temperature,2018,27.9
temperature,2018,27.87
temperature,2018,27.84
temperature,2018,27.81
temperature,2018,27.79
temperature,2018,27.76
temperature,2018,27.73
temperature,2018,27.7
temperature,2018,27.67
temperature,2018,27.64
temperature,2018,29.89
temperature,2018,29.86
temperature,2018,29.83
temperature,2018,29.8
temperature,2018,28.04
temperature,2018,28.01
temperature,2018,27.98
temperature,2018,27.96
temperature,2018,27.93
temperature,2018,27.9
temperature,2018,27.87
temperature,2018,27.84
temperature,2018,27.81
temperature,2018,27.79
temperature,2018,27.76
temperature,2018,27.73
temperature,2018,27.7
temperature,2018,27.67
temperature,2018,27.64
temperature,2018,27.61
temperature,2018,29.89
temperature,2018,29.86
temperature,2018,29.83
temperature,2018,29.8
temperature,2018,27.98
temperature,2018,27.96
temperature,2018,27.93
temperature,2018,27.9
temperature,2018,27.87
temperature,2018,27.84
temperature,2018,27.81
temperature,2018,27.79
temperature,2018,27.76
temperature,2018,27.73
temperature,2018,27.7
temperature,2018,27.67
temperature,2018,27.64
temperature,2018,27.61
temperature,2018,27.59
temperature,2018,29.89
temperature,2018,29.86
temperature,2018,29.83
temperature,2018,29.8
temperature,2018,27.96
temperature,2018,27.93
temperature,2018,27.9
temperature,2018,27.87
temperature,2018,27.84
temperature,2018,27.81
temperature,2018,27.79
temperature,2018,27.76
temperature,2018,27.73
temperature,2018,27.7
temperature,2018,27.67
temperature,2018,27.64
temperature,2018,27.61
temperature,2018,27.59
temperature,2018,27.56
temperature,2018,29.89
temperature,2018,29.86
temperature,2018,29.83
temperature,2018,29.8
temperature,2018,27.93
temperature,2018,27.9
temperature,2018,27.87
temperature,2018,27.84
temperature,2018,27.81
temperature,2018,27.79
temperature,2018,27.76
temperature,2018,27.73
temperature,2018,27.7
temperature,2018,27.67
temperature,2018,27.64
temperature,2018,27.61
temperature,2018,27.59
temperature,2018,27.56
temperature,2018,27.53
temperature,2018,27.5
temperature,2018,29.89
temperature,2018,29.86
temperature,2018,29.83
temperature,2018,29.8
temperature,2018,27.9
temperature,2018,27.87
temperature,2018,27.84
temperature,2018,27.81
temperature,2018,27.79
temperature,2018,27.76
temperature,2018,27.73
temperature,2018,27.7
temperature,2018,27.67
temperature,2018,27.64
temperature,2018,27.61
temperature,2018,27.59
temperature,2018,27.56
temperature,2018,27.53
temperature,2018,27.5
temperature,2018,27.47
temperature,2018,29.89
temperature,2018,29.86
temperature,2018,29.83
temperature,2018,29.8
temperature,2018,27.84
temperature,2018,27.81
temperature,2018,27.79
temperature,2018,27.76
temperature,2018,27.73
temperature,2018,27.7
temperature,2018,27.67
temperature,2018,27.64
temperature,2018,27.61
temperature,2018,27.59
temperature,2018,27.56
temperature,2018,27.53
temperature,2018,27.5
temperature,2018,27.47
temperature,2018,27.44
temperature,2018,29.89
temperature,2018,29.86
temperature,2018,29.83
temperature,2018,29.8
temperature,2018,27.81
temperature,2018,27.79
temperature,2018,27.76
temperature,2018,27.73
temperature,2018,27.7
temperature,2018,27.67
temperature,2018,27.64
temperature,2018,27.61
temperature,2018,27.59
temperature,2018,27.56
temperature,2018,27.53
temperature,2018,27.5
temperature,2018,27.47
temperature,2018,27.44
temperature,2018,29.89
temperature,2018,29.86
temperature,2018,29.83
temperature,2018,29.8
temperature,2018,27.79
temperature,2018,27.76
temperature,2018,27.73
temperature,2018,27.7
temperature,2018,27.67
temperature,2018,27.64
temperature,2018,27.61
temperature,2018,27.59
temperature,2018,27.56
temperature,2018,27.53
temperature,2018,27.5
temperature,2018,27.47
temperature,2018,27.44
temperature,2018,29.89
temperature,2018,29.86
temperature,2018,29.83
temperature,2018,29.8
temperature,2018,27.73
temperature,2018,27.7
temperature,2018,27.67
temperature,2018,27.64
temperature,2018,27.61
temperature,2018,27.59
temperature,2018,27.56
temperature,2018,27.53
temperature,2018,27.5
temperature,2018,27.47
temperature,2018,27.44
temperature,2018,29.89
temperature,2018,29.86
temperature,2018,29.83
temperature,2018,29.8
temperature,2018,27.7
temperature,2018,27.67
temperature,2018,27.64
temperature,2018,27.61
temperature,2018,27.59
temperature,2018,27.56
temperature,2018,27.53
temperature,2018,27.5
temperature,2018,27.47
temperature,2018,27.44
temperature,2018,29.89
temperature,2018,29.86
temperature,2018,29.83
temperature,2018,29.8
temperature,2018,27.67
temperature,2018,27.64
temperature,2018,27.61
temperature,2018,27.59
temperature,2018,27.56
temperature,2018,27.53
temperature,2018,27.5
temperature,2018,27.47
temperature,2018,27.44
temperature,2018,29.89
temperature,2018,29.86
temperature,2018,29.83
temperature,2018,29.8
temperature,2018,27.61
temperature,2018,27.59
temperature,2018,27.56
temperature,2018,27.53
temperature,2018,27.5
temperature,2018,27.47
temperature,2018,29.89
temperature,2018,29.86
temperature,2018,29.83
temperature,2018,29.8
temperature,2018,27.56
temperature,2018,29.89
temperature,2018,29.86
temperature,2018,29.83
temperature,2018,29.8
temperature,2018,29.89
temperature,2018,29.86
temperature,2018,29.83
temperature,2018,29.8
temperature,2018,29.89
temperature,2018,29.86
temperature,2018,29.83
temperature,2018,29.8
temperature,2018,29.89
temperature,2018,29.86
temperature,2018,29.83
temperature,2018,29.8
temperature,2018,29.89
temperature,2018,29.86
temperature,2018,29.83
temperature,2018,29.8
temperature,2018,29.89
temperature,2018,29.86
temperature,2018,29.83
temperature,2018,29.8
temperature,2018,29.89
temperature,2018,29.86
temperature,2018,29.83
temperature,2018,29.8
temperature,2018,29.89
temperature,2018,29.86
temperature,2018,29.83
temperature,2018,29.8
temperature,2018,29.89
temperature,2018,29.86
temperature,2018,29.83
temperature,2018,29.8
temperature,2018,29.89
temperature,2018,29.86
temperature,2018,29.83
temperature,2018,29.8
temperature,2018,29.89
temperature,2018,29.86
temperature,2018,29.83
temperature,2018,29.8
temperature,2018,29.89
temperature,2018,29.86
temperature,2018,29.83
temperature,2018,29.8
temperature,2018,29.89
temperature,2018,29.86
temperature,2018,29.83
temperature,2018,29.8
temperature,2018,29.89
temperature,2018,29.86
temperature,2018,29.83
temperature,2018,29.8
temperature,2018,29.89
temperature,2018,29.86
temperature,2018,29.83
temperature,2018,29.8
temperature,2018,29.89
temperature,2018,29.86
temperature,2018,29.83
temperature,2018,29.8
temperature,2018,29.89
temperature,2018,29.86
temperature,2018,29.83
temperature,2018,29.8
temperature,2018,29.89
temperature,2018,29.86
temperature,2018,29.83
temperature,2018,29.8
temperature,2018,29.89
temperature,2018,29.86
temperature,2018,29.83
temperature,2018,29.8
temperature,2018,29.89
temperature,2018,29.86
temperature,2018,29.83
temperature,2018,29.8
temperature,2018,29.89
temperature,2018,29.86
temperature,2018,29.83
temperature,2018,29.8
temperature,2018,29.89
temperature,2018,29.86
temperature,2018,29.83
temperature,2018,29.8
temperature,2018,29.89
temperature,2018,29.86
temperature,2018,29.83
temperature,2018,29.8
temperature,2018,29.89
temperature,2018,29.86
temperature,2018,29.83
temperature,2018,29.8
temperature,2018,29.89
temperature,2018,29.86
temperature,2018,29.83
temperature,2018,29.8
temperature,2018,29.89
temperature,2018,29.86
temperature,2018,29.83
temperature,2018,29.8
temperature,2018,29.89
temperature,2018,29.86
temperature,2018,29.83
temperature,2018,29.8
temperature,2018,29.89
temperature,2018,29.86
temperature,2018,29.83
temperature,2018,29.8
temperature,2018,29.89
temperature,2018,29.86
temperature,2018,29.83
temperature,2018,29.8
temperature,2018,29.89
temperature,2018,29.86
temperature,2018,29.83
temperature,2018,29.8
temperature,2018,29.09
temperature,2018,29.06
temperature,2018,29.04
temperature,2018,29.89
temperature,2018,29.86
temperature,2018,29.83
temperature,2018,29.8
temperature,2018,29.15
temperature,2018,29.12
temperature,2018,29.09
temperature,2018,29.06
temperature,2018,29.04
temperature,2018,29.01
temperature,2018,28.98
temperature,2018,29.89
temperature,2018,29.86
temperature,2018,29.83
temperature,2018,29.8
temperature,2018,29.15
temperature,2018,29.12
temperature,2018,29.09
temperature,2018,29.06
temperature,2018,29.04
temperature,2018,29.01
temperature,2018,28.98
temperature,2018,29.89
temperature,2018,29.86
temperature,2018,29.83
temperature,2018,29.8
temperature,2018,29.18
temperature,2018,29.15
temperature,2018,29.12
temperature,2018,29.09
temperature,2018,29.06
temperature,2018,29.04
temperature,2018,29.01
temperature,2018,28.98
temperature,2018,28.95
temperature,2018,29.89
temperature,2018,29.86
temperature,2018,29.83
temperature,2018,29.8
temperature,2018,29.21
temperature,2018,29.18
temperature,2018,29.15
temperature,2018,29.12
temperature,2018,29.09
temperature,2018,29.06
temperature,2018,29.04
temperature,2018,29.01
temperature,2018,28.98
temperature,2018,28.95
temperature,2018,29.89
temperature,2018,29.86
temperature,2018,29.83
temperature,2018,29.8
temperature,2018,29.23
temperature,2018,29.21
temperature,2018,29.18
temperature,2018,29.15
temperature,2018,29.12
temperature,2018,29.09
temperature,2018,29.06
temperature,2018,29.04
temperature,2018,29.01
temperature,2018,28.98
temperature,2018,28.95
temperature,2018,29.89
temperature,2018,29.86
temperature,2018,29.83
temperature,2018,29.8
temperature,2018,29.23
temperature,2018,29.21
temperature,2018,29.18
temperature,2018,29.15
temperature,2018,29.12
temperature,2018,29.09
temperature,2018,29.06
temperature,2018,29.04
temperature,2018,29.01
temperature,2018,28.98
temperature,2018,28.95
temperature,2018,29.89
temperature,2018,29.86
temperature,2018,29.83
temperature,2018,29.8
temperature,2018,29.26
temperature,2018,29.23
temperature,2018,29.21
temperature,2018,29.18
temperature,2018,29.15
temperature,2018,29.12
temperature,2018,29.09
temperature,2018,29.06
temperature,2018,29.04
temperature,2018,29.01
temperature,2018,28.98
temperature,2018,29.89
temperature,2018,29.86
temperature,2018,29.83
temperature,2018,29.8
temperature,2018,29.29
temperature,2018,29.26
temperature,2018,29.23
temperature,2018,29.21
temperature,2018,29.18
temperature,2018,29.15
temperature,2018,29.12
temperature,2018,29.09
temperature,2018,29.06
temperature,2018,29.04
temperature,2018,29.01
temperature,2018,28.98
temperature,2018,29.89
temperature,2018,29.86
temperature,2018,29.83
temperature,2018,29.8
temperature,2018,29.29
temperature,2018,29.26
temperature,2018,29.23
temperature,2018,29.21
temperature,2018,29.18
temperature,2018,29.15
temperature,2018,29.12
temperature,2018,29.09
temperature,2018,29.06
temperature,2018,29.04
temperature,2018,29.01
temperature,2018,29.89
temperature,2018,29.86
temperature,2018,29.83
temperature,2018,29.8
temperature,2018,29.32
temperature,2018,29.29
temperature,2018,29.26
temperature,2018,29.23
temperature,2018,29.21
temperature,2018,29.18
temperature,2018,29.15
temperature,2018,29.12
temperature,2018,29.09
temperature,2018,29.06
temperature,2018,29.04
temperature,2018,29.01
temperature,2018,29.89
temperature,2018,29.86
temperature,2018,29.83
temperature,2018,29.8
temperature,2018,29.32
temperature,2018,29.29
temperature,2018,29.26
temperature,2018,29.23
temperature,2018,29.21
temperature,2018,29.18
temperature,2018,29.15
temperature,2018,29.12
temperature,2018,29.09
temperature,2018,29.06
temperature,2018,29.04
temperature,2019,29.89
temperature,2019,29.86
temperature,2019,29.83
temperature,2019,29.8
temperature,2019,29.35
temperature,2019,29.32
temperature,2019,29.29
temperature,2019,29.26
temperature,2019,29.23
temperature,2019,29.21
temperature,2019,29.18
temperature,2019,29.15
temperature,2019,29.12
temperature,2019,29.09
temperature,2019,29.06
temperature,2019,29.89
temperature,2019,29.86
temperature,2019,29.83
temperature,2019,29.8
temperature,2019,29.38
temperature,2019,29.35
temperature,2019,29.32
temperature,2019,29.29
temperature,2019,29.26
temperature,2019,29.23
temperature,2019,29.21
temperature,2019,29.18
temperature,2019,29.15
temperature,2019,29.12
temperature,2019,29.09
temperature,2019,29.06
temperature,2019,29.89
temperature,2019,29.86
temperature,2019,29.83
temperature,2019,29.8
temperature,2019,29.38
temperature,2019,29.35
temperature,2019,29.32
temperature,2019,29.29
temperature,2019,29.26
temperature,2019,29.23
temperature,2019,29.21
temperature,2019,29.18
temperature,2019,29.15
temperature,2019,29.12
temperature,2019,29.09
temperature,2019,29.89
temperature,2019,29.86
temperature,2019,29.83
temperature,2019,29.8
temperature,2019,29.4
temperature,2019,29.38
temperature,2019,29.35
temperature,2019,29.32
temperature,2019,29.29
temperature,2019,29.26
temperature,2019,29.23
temperature,2019,29.21
temperature,2019,29.18
temperature,2019,29.15
temperature,2019,29.12
temperature,2019,29.89
temperature,2019,29.86
temperature,2019,29.83
temperature,2019,29.8
temperature,2019,29.43
temperature,2019,29.4
temperature,2019,29.38
temperature,2019,29.35
temperature,2019,29.32
temperature,2019,29.29
temperature,2019,29.26
temperature,2019,29.23
temperature,2019,29.21
temperature,2019,29.18
temperature,2019,29.15
temperature,2019,29.12
temperature,2019,29.89
temperature,2019,29.86
temperature,2019,29.83
temperature,2019,29.8
temperature,2019,29.43
temperature,2019,29.4
temperature,2019,29.38
temperature,2019,29.35
temperature,2019,29.32
temperature,2019,29.29
temperature,2019,29.26
temperature,2019,29.23
temperature,2019,29.21
temperature,2019,29.18
temperature,2019,29.15
temperature,2019,29.89
temperature,2019,29.86
temperature,2019,29.83
temperature,2019,29.8
temperature,2019,29.43
temperature,2019,29.4
temperature,2019,29.38
temperature,2019,29.35
temperature,2019,29.32
temperature,2019,29.29
temperature,2019,29.26
temperature,2019,29.23
temperature,2019,29.21
temperature,2019,29.18
temperature,2019,29.15
temperature,2019,29.89
temperature,2019,29.86
temperature,2019,29.83
temperature,2019,29.8
temperature,2019,29.43
temperature,2019,29.4
temperature,2019,29.38
temperature,2019,29.35
temperature,2019,29.32
temperature,2019,29.29
temperature,2019,29.26
temperature,2019,29.23
temperature,2019,29.21
temperature,2019,29.18
temperature,2019,29.15
temperature,2019,29.89
temperature,2019,29.86
temperature,2019,29.83
temperature,2019,29.8
temperature,2019,29.43
temperature,2019,29.4
temperature,2019,29.38
temperature,2019,29.35
temperature,2019,29.32
temperature,2019,29.29
temperature,2019,29.26
temperature,2019,29.23
temperature,2019,29.21
temperature,2019,29.18
temperature,2019,29.15
temperature,2019,29.12
temperature,2019,29.89
temperature,2019,29.86
temperature,2019,29.83
temperature,2019,29.8
temperature,2019,29.4
temperature,2019,29.38
temperature,2019,29.35
temperature,2019,29.32
temperature,2019,29.29
temperature,2019,29.26
temperature,2019,29.23
temperature,2019,29.21
temperature,2019,29.18
temperature,2019,29.15
temperature,2019,29.12
temperature,2019,29.89
temperature,2019,29.86
temperature,2019,29.83
temperature,2019,29.8
temperature,2019,29.4
temperature,2019,29.38
temperature,2019,29.35
temperature,2019,29.32
temperature,2019,29.29
temperature,2019,29.26
temperature,2019,29.23
temperature,2019,29.21
temperature,2019,29.18
temperature,2019,29.15
temperature,2019,29.12
temperature,2019,29.09
temperature,2019,29.89
temperature,2019,29.86
temperature,2019,29.83
temperature,2019,29.8
temperature,2019,29.38
temperature,2019,29.35
temperature,2019,29.32
temperature,2019,29.29
temperature,2019,29.26
temperature,2019,29.23
temperature,2019,29.21
temperature,2019,29.18
temperature,2019,29.15
temperature,2019,29.12
temperature,2019,29.09
temperature,2019,29.06
temperature,2019,29.89
temperature,2019,29.86
temperature,2019,29.83
temperature,2019,29.8
temperature,2019,29.35
temperature,2019,29.32
temperature,2019,29.29
temperature,2019,29.26
temperature,2019,29.23
temperature,2019,29.21
temperature,2019,29.18
temperature,2019,29.15
temperature,2019,29.12
temperature,2019,29.09
temperature,2019,29.06
temperature,2019,29.89
temperature,2019,29.86
temperature,2019,29.83
temperature,2019,29.8
temperature,2019,29.35
temperature,2019,29.32
temperature,2019,29.29
temperature,2019,29.26
temperature,2019,29.23
temperature,2019,29.21
temperature,2019,29.18
temperature,2019,29.15
temperature,2019,29.12
temperature,2019,29.09
temperature,2019,29.06
temperature,2019,29.04
temperature,2019,29.89
temperature,2019,29.86
temperature,2019,29.83
temperature,2019,29.8
temperature,2019,29.32
temperature,2019,29.29
temperature,2019,29.26
temperature,2019,29.23
temperature,2019,29.21
temperature,2019,29.18
temperature,2019,29.15
temperature,2019,29.12
temperature,2019,29.09
temperature,2019,29.06
temperature,2019,29.04
temperature,2019,29.01
temperature,2019,29.89
temperature,2019,29.86
temperature,2019,29.83
temperature,2019,29.8
temperature,2019,29.29
temperature,2019,29.26
temperature,2019,29.23
temperature,2019,29.21
temperature,2019,29.18
temperature,2019,29.15
temperature,2019,29.12
temperature,2019,29.09
temperature,2019,29.06
temperature,2019,29.04
temperature,2019,29.01
temperature,2019,29.89
temperature,2019,29.86
temperature,2019,29.83
temperature,2019,29.8
temperature,2019,29.29
temperature,2019,29.26
temperature,2019,29.23
temperature,2019,29.21
temperature,2019,29.18
temperature,2019,29.15
temperature,2019,29.12
temperature,2019,29.09
temperature,2019,29.06
temperature,2019,29.04
temperature,2019,29.01
temperature,2019,28.98
temperature,2019,29.89
temperature,2019,29.86
temperature,2019,29.83
temperature,2019,29.8
temperature,2019,29.26
temperature,2019,29.23
temperature,2019,29.21
temperature,2019,29.18
temperature,2019,29.15
temperature,2019,29.12
temperature,2019,29.09
temperature,2019,29.06
temperature,2019,29.04
temperature,2019,29.01
temperature,2019,28.98
temperature,2019,29.89
temperature,2019,29.86
temperature,2019,29.83
temperature,2019,29.8
temperature,2019,29.23
temperature,2019,29.21
temperature,2019,29.18
temperature,2019,29.15
temperature,2019,29.12
temperature,2019,29.09
temperature,2019,29.06
temperature,2019,29.04
temperature,2019,29.01
temperature,2019,28.98
temperature,2019,28.95
temperature,2019,29.89
temperature,2019,29.86
temperature,2019,29.83
temperature,2019,29.8
temperature,2019,29.23
temperature,2019,29.21
temperature,2019,29.18
temperature,2019,29.15
temperature,2019,29.12
temperature,2019,29.09
temperature,2019,29.06
temperature,2019,29.04
temperature,2019,29.01
temperature,2019,28.98
temperature,2019,28.95
temperature,2019,29.89
temperature,2019,29.86
temperature,2019,29.83
temperature,2019,29.8
temperature,2019,29.21
temperature,2019,29.18
temperature,2019,29.15
temperature,2019,29.12
temperature,2019,29.09
temperature,2019,29.06
temperature,2019,29.04
temperature,2019,29.01
temperature,2019,28.98
temperature,2019,28.95
temperature,2019,29.89
temperature,2019,29.86
temperature,2019,29.83
temperature,2019,29.8
temperature,2019,29.21
temperature,2019,29.18
temperature,2019,29.15
temperature,2019,29.12
temperature,2019,29.09
temperature,2019,29.06
temperature,2019,29.04
temperature,2019,29.01
temperature,2019,28.98
temperature,2019,28.95
temperature,2019,29.89
temperature,2019,29.86
temperature,2019,29.83
temperature,2019,29.8
temperature,2019,29.23
temperature,2019,29.21
temperature,2019,29.18
temperature,2019,29.15
temperature,2019,29.12
temperature,2019,29.09
temperature,2019,29.06
temperature,2019,29.04
temperature,2019,29.01
temperature,2019,28.98
temperature,2019,29.89
temperature,2019,29.86
temperature,2019,29.83
temperature,2019,29.8
temperature,2019,29.23
temperature,2019,29.21
temperature,2019,29.18
temperature,2019,29.15
temperature,2019,29.12
temperature,2019,29.09
temperature,2019,29.06
temperature,2019,29.04
temperature,2019,29.01
temperature,2019,28.98
temperature,2019,29.89
temperature,2019,29.86
temperature,2019,29.83
temperature,2019,29.8
temperature,2019,29.23
temperature,2019,29.21
temperature,2019,29.18
temperature,2019,29.15
temperature,2019,29.12
temperature,2019,29.09
temperature,2019,29.06
temperature,2019,29.04
temperature,2019,29.01
temperature,2019,28.98
temperature,2019,29.89
temperature,2019,29.86
temperature,2019,29.83
temperature,2019,29.8
temperature,2019,29.26
temperature,2019,29.23
temperature,2019,29.21
temperature,2019,29.18
temperature,2019,29.15
temperature,2019,29.12
temperature,2019,29.09
temperature,2019,29.06
temperature,2019,29.04
temperature,2019,29.01
temperature,2019,29.89
temperature,2019,29.86
temperature,2019,29.83
temperature,2019,29.8
temperature,2019,29.26
temperature,2019,29.23
temperature,2019,29.21
temperature,2019,29.18
temperature,2019,29.15
temperature,2019,29.12
temperature,2019,29.09
temperature,2019,29.06
temperature,2019,29.04
temperature,2019,29.01
temperature,2019,29.89
temperature,2019,29.86
temperature,2019,29.83
temperature,2019,29.8
temperature,2019,29.26
temperature,2019,29.23
temperature,2019,29.21
temperature,2019,29.18
temperature,2019,29.15
temperature,2019,29.12
temperature,2019,29.09
temperature,2019,29.06
temperature,2019,29.04
temperature,2019,29.01
temperature,2019,29.89
temperature,2019,29.86
temperature,2019,29.83
temperature,2019,29.8
temperature,2019,29.29
temperature,2019,29.26
temperature,2019,29.23
temperature,2019,29.21
temperature,2019,29.18
temperature,2019,29.15
temperature,2019,29.12
temperature,2019,29.09
temperature,2019,29.06
temperature,2019,29.04
temperature,2019,29.89
temperature,2019,29.86
temperature,2019,29.83
temperature,2019,29.8
temperature,2019,29.29
temperature,2019,29.26
temperature,2019,29.23
temperature,2019,29.21
temperature,2019,29.18
temperature,2019,29.15
temperature,2019,29.12
temperature,2019,29.09
temperature,2019,29.06
temperature,2019,29.04
temperature,2019,29.89
temperature,2019,29.86
temperature,2019,29.83
temperature,2019,29.8
temperature,2019,29.29
temperature,2019,29.26
temperature,2019,29.23
temperature,2019,29.21
temperature,2019,29.18
temperature,2019,29.15
temperature,2019,29.12
temperature,2019,29.09
temperature,2019,29.06
temperature,2019,29.04
temperature,2019,29.86
temperature,2019,29.83
temperature,2019,29.8
temperature,2019,29.29
temperature,2019,29.26
temperature,2019,29.23
temperature,2019,29.21
temperature,2019,29.18
temperature,2019,29.15
temperature,2019,29.12
temperature,2019,29.09
temperature,2019,29.06
temperature,2019,29.04
temperature,2019,29.86
temperature,2019,29.83
temperature,2019,29.8
temperature,2019,29.32
temperature,2019,29.29
temperature,2019,29.26
temperature,2019,29.23
temperature,2019,29.21
temperature,2019,29.18
temperature,2019,29.15
temperature,2019,29.12
temperature,2019,29.09
temperature,2019,29.06
temperature,2019,29.04
temperature,2019,29.86
temperature,2019,29.83
temperature,2019,29.8
temperature,2019,29.32
temperature,2019,29.29
temperature,2019,29.26
temperature,2019,29.23
temperature,2019,29.21
temperature,2019,29.18
temperature,2019,29.15
temperature,2019,29.12
temperature,2019,29.09
temperature,2019,29.06
temperature,2019,29.04
temperature,2019,29.01
temperature,2019,29.86
temperature,2019,29.83
temperature,2019,29.8
temperature,2019,29.32
temperature,2019,29.29
temperature,2019,29.26
temperature,2019,29.23
temperature,2019,29.21
temperature,2019,29.18
temperature,2019,29.15
temperature,2019,29.12
temperature,2019,29.09
temperature,2019,29.06
temperature,2019,29.04
temperature,2019,29.01
temperature,2019,28.98
temperature,2019,29.86
temperature,2019,29.83
temperature,2019,29.8
temperature,2019,29.29
temperature,2019,29.26
temperature,2019,29.23
temperature,2019,29.21
temperature,2019,29.18
temperature,2019,29.15
temperature,2019,29.12
temperature,2019,29.09
temperature,2019,29.06
temperature,2019,29.04
temperature,2019,29.01
temperature,2019,28.98
temperature,2019,28.95
temperature,2019,29.86
temperature,2019,29.83
temperature,2019,29.8
temperature,2019,29.29
temperature,2019,29.26
temperature,2019,29.23
temperature,2019,29.21
temperature,2019,29.18
temperature,2019,29.15
temperature,2019,29.12
temperature,2019,29.09
temperature,2019,29.06
temperature,2019,29.04
temperature,2019,29.01
temperature,2019,28.98
temperature,2019,28.95
temperature,2019,29.86
temperature,2019,29.83
temperature,2019,29.8
temperature,2019,29.26
temperature,2019,29.23
temperature,2019,29.21
temperature,2019,29.18
temperature,2019,29.15
temperature,2019,29.12
temperature,2019,29.09
temperature,2019,29.06
temperature,2019,29.04
temperature,2019,29.01
temperature,2019,28.98
temperature,2019,28.95
temperature,2019,28.92
temperature,2019,29.86
temperature,2019,29.83
temperature,2019,29.8
temperature,2019,29.23
temperature,2019,29.21
temperature,2019,29.18
temperature,2019,29.15
temperature,2019,29.12
temperature,2019,29.09
temperature,2019,29.06
temperature,2019,29.04
temperature,2019,29.01
temperature,2019,28.98
temperature,2019,28.95
temperature,2019,28.92
temperature,2019,28.89
temperature,2019,29.86
temperature,2019,29.83
temperature,2019,29.8
temperature,2019,29.21
temperature,2019,29.18
temperature,2019,29.15
temperature,2019,29.12
temperature,2019,29.09
temperature,2019,29.06
temperature,2019,29.04
temperature,2019,29.01
temperature,2019,28.98
temperature,2019,28.95
temperature,2019,28.92
temperature,2019,28.89
temperature,2019,28.86
temperature,2019,29.86
temperature,2019,29.83
temperature,2019,29.8
temperature,2019,29.18
temperature,2019,29.15
temperature,2019,29.12
temperature,2019,29.09
temperature,2019,29.06
temperature,2019,29.04
temperature,2019,29.01
temperature,2019,28.98
temperature,2019,28.95
temperature,2019,28.92
temperature,2019,28.89
temperature,2019,28.86
temperature,2019,28.84
temperature,2019,29.86
temperature,2019,29.83
temperature,2019,29.8
temperature,2019,29.15
temperature,2019,29.12
temperature,2019,29.09
temperature,2019,29.06
temperature,2019,29.04
temperature,2019,29.01
temperature,2019,28.98
temperature,2019,28.95
temperature,2019,28.92
temperature,2019,28.89
temperature,2019,28.86
temperature,2019,28.84
temperature,2019,28.81
temperature,2019,29.86
temperature,2019,29.83
temperature,2019,29.8
temperature,2019,29.12
temperature,2019,29.09
temperature,2019,29.06
temperature,2019,29.04
temperature,2019,29.01
temperature,2019,28.98
temperature,2019,28.95
temperature,2019,28.92
temperature,2019,28.89
temperature,2019,28.86
temperature,2019,28.84
temperature,2019,28.81
temperature,2019,28.78
temperature,2019,29.86
temperature,2019,29.83
temperature,2019,29.8
temperature,2019,29.09
temperature,2019,29.06
temperature,2019,29.04
temperature,2019,29.01
temperature,2019,28.98
temperature,2019,28.95
temperature,2019,28.92
temperature,2019,28.89
temperature,2019,28.86
temperature,2019,28.84
temperature,2019,28.81
temperature,2019,28.78
temperature,2019,28.75
temperature,2019,29.86
temperature,2019,29.83
temperature,2019,29.8
temperature,2019,29.06
temperature,2019,29.04
temperature,2019,29.01
temperature,2019,28.98
temperature,2019,28.95
temperature,2019,28.92
temperature,2019,28.89
temperature,2019,28.86
temperature,2019,28.84
temperature,2019,28.81
temperature,2019,28.78
temperature,2019,28.75
temperature,2019,28.72
temperature,2019,29.86
temperature,2019,29.83
temperature,2019,29.8
temperature,2019,29.04
temperature,2019,29.01
temperature,2019,28.98
temperature,2019,28.95
temperature,2019,28.92
temperature,2019,28.89
temperature,2019,28.86
temperature,2019,28.84
temperature,2019,28.81
temperature,2019,28.78
temperature,2019,28.75
temperature,2019,28.72
temperature,2019,28.69
temperature,2019,29.86
temperature,2019,29.83
temperature,2019,29.8
temperature,2019,29.01
temperature,2019,28.98
temperature,2019,28.95
temperature,2019,28.92
temperature,2019,28.89
temperature,2019,28.86
temperature,2019,28.84
temperature,2019,28.81
temperature,2019,28.78
temperature,2019,28.75
temperature,2019,28.72
temperature,2019,28.69
temperature,2019,28.67
temperature,2019,29.86
temperature,2019,29.83
temperature,2019,29.8
temperature,2019,28.98
temperature,2019,28.95
temperature,2019,28.92
temperature,2019,28.89
temperature,2019,28.86
temperature,2019,28.84
temperature,2019,28.81
temperature,2019,28.78
temperature,2019,28.75
temperature,2019,28.72
temperature,2019,28.69
temperature,2019,28.67
temperature,2019,28.64
temperature,2019,29.86
temperature,2019,29.83
temperature,2019,29.8
temperature,2019,28.95
temperature,2019,28.92
temperature,2019,28.89
temperature,2019,28.86
temperature,2019,28.84
temperature,2019,28.81
temperature,2019,28.78
temperature,2019,28.75
temperature,2019,28.72
temperature,2019,28.69
temperature,2019,28.67
temperature,2019,28.64
temperature,2019,28.61
temperature,2019,29.86
temperature,2019,29.83
temperature,2019,29.8
temperature,2019,28.92
temperature,2019,28.89
temperature,2019,28.86
temperature,2019,28.84
temperature,2019,28.81
temperature,2019,28.78
temperature,2019,28.75
temperature,2019,28.72
temperature,2019,28.69
temperature,2019,28.67
temperature,2019,28.64
temperature,2019,28.61
temperature,2019,28.58
temperature,2019,29.86
temperature,2019,29.83
temperature,2019,29.8
temperature,2019,28.92
temperature,2019,28.89
temperature,2019,28.86
temperature,2019,28.84
temperature,2019,28.81
temperature,2019,28.78
temperature,2019,28.75
temperature,2019,28.72
temperature,2019,28.69
temperature,2019,28.67
temperature,2019,28.64
temperature,2019,28.61
temperature,2019,28.58
temperature,2019,28.55
temperature,2019,29.86
temperature,2019,29.83
temperature,2019,29.8
temperature,2019,28.89
temperature,2019,28.86
temperature,2019,28.84
temperature,2019,28.81
temperature,2019,28.78
temperature,2019,28.75
temperature,2019,28.72
temperature,2019,28.69
temperature,2019,28.67
temperature,2019,28.64
temperature,2019,28.61
temperature,2019,28.58
temperature,2019,28.55
temperature,2019,28.52
temperature,2019,29.86
temperature,2019,29.83
temperature,2019,29.8
temperature,2019,28.86
temperature,2019,28.84
temperature,2019,28.81
temperature,2019,28.78
temperature,2019,28.75
temperature,2019,28.72
temperature,2019,28.69
temperature,2019,28.67
temperature,2019,28.64
temperature,2019,28.61
temperature,2019,28.58
temperature,2019,28.55
temperature,2019,28.52
temperature,2019,28.5
temperature,2019,29.86
temperature,2019,29.83
temperature,2019,29.8
temperature,2019,28.84
temperature,2019,28.81
temperature,2019,28.78
temperature,2019,28.75
temperature,2019,28.72
temperature,2019,28.69
temperature,2019,28.67
temperature,2019,28.64
temperature,2019,28.61
temperature,2019,28.58
temperature,2019,28.55
temperature,2019,28.52
temperature,2019,28.5
temperature,2019,28.47
temperature,2019,29.86
temperature,2019,29.83
temperature,2019,29.8
temperature,2019,28.81
temperature,2019,28.78
temperature,2019,28.75
temperature,2019,28.72
temperature,2019,28.69
temperature,2019,28.67
temperature,2019,28.64
temperature,2019,28.61
temperature,2019,28.58
temperature,2019,28.55
temperature,2019,28.52
temperature,2019,28.5
temperature,2019,28.47
temperature,2019,28.44
temperature,2019,29.86
temperature,2019,29.83
temperature,2019,29.8
temperature,2019,28.78
temperature,2019,28.75
temperature,2019,28.72
temperature,2019,28.69
temperature,2019,28.67
temperature,2019,28.64
temperature,2019,28.61
temperature,2019,28.58
temperature,2019,28.55
temperature,2019,28.52
temperature,2019,28.5
temperature,2019,28.47
temperature,2019,28.44
temperature,2019,28.41
temperature,2019,29.83
temperature,2019,29.8
temperature,2019,28.75
temperature,2019,28.72
temperature,2019,28.69
temperature,2019,28.67
temperature,2019,28.64
temperature,2019,28.61
temperature,2019,28.58
temperature,2019,28.55
temperature,2019,28.52
temperature,2019,28.5
temperature,2019,28.47
temperature,2019,28.44
temperature,2019,28.41
temperature,2019,28.38
temperature,2019,29.83
temperature,2019,29.8
temperature,2019,28.72
temperature,2019,28.69
temperature,2019,28.67
temperature,2019,28.64
temperature,2019,28.61
temperature,2019,28.58
temperature,2019,28.55
temperature,2019,28.52
temperature,2019,28.5
temperature,2019,28.47
temperature,2019,28.44
temperature,2019,28.41
temperature,2019,28.38
temperature,2019,28.35
temperature,2019,29.83
temperature,2019,29.8
temperature,2019,28.69
temperature,2019,28.67
temperature,2019,28.64
temperature,2019,28.61
temperature,2019,28.58
temperature,2019,28.55
temperature,2019,28.52
temperature,2019,28.5
temperature,2019,28.47
temperature,2019,28.44
temperature,2019,28.41
temperature,2019,28.38
temperature,2019,28.35
temperature,2019,28.32
temperature,2019,29.8
temperature,2019,28.67
temperature,2019,28.64
temperature,2019,28.61
temperature,2019,28.58
temperature,2019,28.55
temperature,2019,28.52
temperature,2019,28.5
temperature,2019,28.47
temperature,2019,28.44
temperature,2019,28.41
temperature,2019,28.38
temperature,2019,28.35
temperature,2019,28.32
temperature,2019,28.3
temperature,2019,29.8
temperature,2019,28.64
temperature,2019,28.61
temperature,2019,28.58
temperature,2019,28.55
temperature,2019,28.52
temperature,2019,28.5
temperature,2019,28.47
temperature,2019,28.44
temperature,2019,28.41
temperature,2019,28.38
temperature,2019,28.35
temperature,2019,28.32
temperature,2019,28.3
temperature,2019,28.27
temperature,2019,29.8
temperature,2019,28.61
temperature,2019,28.58
temperature,2019,28.55
temperature,2019,28.52
temperature,2019,28.5
temperature,2019,28.47
temperature,2019,28.44
temperature,2019,28.41
temperature,2019,28.38
temperature,2019,28.35
temperature,2019,28.32
temperature,2019,28.3
temperature,2019,28.27
temperature,2019,28.24
temperature,2019,29.8
temperature,2019,28.58
temperature,2019,28.55
temperature,2019,28.52
temperature,2019,28.5
temperature,2019,28.47
temperature,2019,28.44
temperature,2019,28.41
temperature,2019,28.38
temperature,2019,28.35
temperature,2019,28.32
temperature,2019,28.3
temperature,2019,28.27
temperature,2019,28.24
temperature,2019,28.21
temperature,2019,29.8
temperature,2019,28.55
temperature,2019,28.52
temperature,2019,28.5
temperature,2019,28.47
temperature,2019,28.44
temperature,2019,28.41
temperature,2019,28.38
temperature,2019,28.35
temperature,2019,28.32
temperature,2019,28.3
temperature,2019,28.27
temperature,2019,28.24
temperature,2019,28.21
temperature,2019,28.18
temperature,2019,29.8
temperature,2019,28.52
temperature,2019,28.5
temperature,2019,28.47
temperature,2019,28.44
temperature,2019,28.41
temperature,2019,28.38
temperature,2019,28.35
temperature,2019,28.32
temperature,2019,28.3
temperature,2019,28.27
temperature,2019,28.24
temperature,2019,28.21
temperature,2019,28.18
temperature,2019,28.15
temperature,2019,29.8
temperature,2019,28.47
temperature,2019,28.44
temperature,2019,28.41
temperature,2019,28.38
temperature,2019,28.35
temperature,2019,28.32
temperature,2019,28.3
temperature,2019,28.27
temperature,2019,28.24
temperature,2019,28.21
temperature,2019,28.18
temperature,2019,28.15
temperature,2019,28.13
temperature,2019,29.8
temperature,2019,28.44
temperature,2019,28.41
temperature,2019,28.38
temperature,2019,28.35
temperature,2019,28.32
temperature,2019,28.3
temperature,2019,28.27
temperature,2019,28.24
temperature,2019,28.21
temperature,2019,28.18
temperature,2019,28.15
temperature,2019,28.13
temperature,2019,28.1
temperature,2019,29.8
temperature,2019,28.41
temperature,2019,28.38
temperature,2019,28.35
temperature,2019,28.32
temperature,2019,28.3
temperature,2019,28.27
temperature,2019,28.24
temperature,2019,28.21
temperature,2019,28.18
temperature,2019,28.15
temperature,2019,28.13
temperature,2019,28.1
temperature,2019,28.07
temperature,2019,29.8
temperature,2019,28.38
temperature,2019,28.35
temperature,2019,28.32
temperature,2019,28.3
temperature,2019,28.27
temperature,2019,28.24
temperature,2019,28.21
temperature,2019,28.18
temperature,2019,28.15
temperature,2019,28.13
temperature,2019,28.1
temperature,2019,28.07
temperature,2019,28.04
temperature,2019,29.8
temperature,2019,28.35
temperature,2019,28.32
temperature,2019,28.3
temperature,2019,28.27
temperature,2019,28.24
temperature,2019,28.21
temperature,2019,28.18
temperature,2019,28.15
temperature,2019,28.13
temperature,2019,28.1
temperature,2019,28.07
temperature,2019,28.04
temperature,2019,28.01
temperature,2019,27.98
temperature,2019,29.8
temperature,2019,28.32
temperature,2019,28.3
temperature,2019,28.27
temperature,2019,28.24
temperature,2019,28.21
temperature,2019,28.18
temperature,2019,28.15
temperature,2019,28.13
temperature,2019,28.1
temperature,2019,28.07
temperature,2019,28.04
temperature,2019,28.01
temperature,2019,27.98
temperature,2019,29.8
temperature,2019,28.3
temperature,2019,28.27
temperature,2019,28.24
temperature,2019,28.21
temperature,2019,28.18
temperature,2019,28.15
temperature,2019,28.13
temperature,2019,28.1
temperature,2019,28.07
temperature,2019,28.04
temperature,2019,28.01
temperature,2019,27.98
temperature,2019,27.96
temperature,2019,29.8
temperature,2019,28.27
temperature,2019,28.24
temperature,2019,28.21
temperature,2019,28.18
temperature,2019,28.15
temperature,2019,28.13
temperature,2019,28.1
temperature,2019,28.07
temperature,2019,28.04
temperature,2019,28.01
temperature,2019,27.98
temperature,2019,27.96
temperature,2019,27.93
temperature,2019,29.8
temperature,2019,28.24
temperature,2019,28.21
temperature,2019,28.18
temperature,2019,28.15
temperature,2019,28.13
temperature,2019,28.1
temperature,2019,28.07
temperature,2019,28.04
temperature,2019,28.01
temperature,2019,27.98
temperature,2019,27.96
temperature,2019,27.93
temperature,2019,27.9
temperature,2019,29.8
temperature,2019,28.21
temperature,2019,28.18
temperature,2019,28.15
temperature,2019,28.13
temperature,2019,28.1
temperature,2019,28.07
temperature,2019,28.04
temperature,2019,28.01
temperature,2019,27.98
temperature,2019,27.96
temperature,2019,27.93
temperature,2019,27.9
temperature,2019,27.87
temperature,2019,29.8
temperature,2019,28.18
temperature,2019,28.15
temperature,2019,28.13
temperature,2019,28.1
temperature,2019,28.07
temperature,2019,28.04
temperature,2019,28.01
temperature,2019,27.98
temperature,2019,27.96
temperature,2019,27.93
temperature,2019,27.9
temperature,2019,27.87
temperature,2019,28.15
temperature,2019,28.13
temperature,2019,28.1
temperature,2019,28.07
temperature,2019,28.04
temperature,2019,28.01
temperature,2019,27.98
temperature,2019,27.96
temperature,2019,27.93
temperature,2019,27.9
temperature,2019,27.87
temperature,2019,27.84
temperature,2019,28.13
temperature,2019,28.1
temperature,2019,28.07
temperature,2019,28.04
temperature,2019,28.01
temperature,2019,27.98
temperature,2019,27.96
temperature,2019,27.93
temperature,2019,27.9
temperature,2019,27.87
temperature,2019,27.84
temperature,2019,27.81
temperature,2019,28.1
temperature,2019,28.07
temperature,2019,28.04
temperature,2019,28.01
temperature,2019,27.98
temperature,2019,27.96
temperature,2019,27.93
temperature,2019,27.9
temperature,2019,27.87
temperature,2019,27.84
temperature,2019,27.81
temperature,2019,27.79
temperature,2019,28.1
temperature,2019,28.07
temperature,2019,28.04
temperature,2019,28.01
temperature,2019,27.98
temperature,2019,27.96
temperature,2019,27.93
temperature,2019,27.9
temperature,2019,27.87
temperature,2019,27.84
temperature,2019,27.81
temperature,2019,27.79
temperature,2019,27.76
temperature,2019,28.07
temperature,2019,28.04
temperature,2019,28.01
temperature,2019,27.98
temperature,2019,27.96
temperature,2019,27.93
temperature,2019,27.9
temperature,2019,27.87
temperature,2019,27.84
temperature,2019,27.81
temperature,2019,27.79
temperature,2019,27.76
temperature,2019,28.04
temperature,2019,28.01
temperature,2019,27.98
temperature,2019,27.96
temperature,2019,27.93
temperature,2019,27.9
temperature,2019,27.87
temperature,2019,27.84
temperature,2019,27.81
temperature,2019,27.79
temperature,2019,27.76
temperature,2019,27.73
temperature,2019,28.01
temperature,2019,27.98
temperature,2019,27.96
temperature,2019,27.93
temperature,2019,27.9
temperature,2019,27.87
temperature,2019,27.84
temperature,2019,27.81
temperature,2019,27.79
temperature,2019,27.76
temperature,2019,27.73
temperature,2019,27.7
temperature,2019,27.98
temperature,2019,27.96
temperature,2019,27.93
temperature,2019,27.9
temperature,2019,27.87
temperature,2019,27.84
temperature,2019,27.81
temperature,2019,27.79
temperature,2019,27.76
temperature,2019,27.73
temperature,2019,27.7
temperature,2019,27.67
temperature,2019,27.98
temperature,2019,27.96
temperature,2019,27.93
temperature,2019,27.9
temperature,2019,27.87
temperature,2019,27.84
temperature,2019,27.81
temperature,2019,27.79
temperature,2019,27.76
temperature,2019,27.73
temperature,2019,27.7
temperature,2019,27.67
temperature,2019,27.96
temperature,2019,27.93
temperature,2019,27.9
temperature,2019,27.87
temperature,2019,27.84
temperature,2019,27.81
temperature,2019,27.79
temperature,2019,27.76
temperature,2019,27.73
temperature,2019,27.7
temperature,2019,27.67
temperature,2019,27.64
temperature,2019,27.93
temperature,2019,27.9
temperature,2019,27.87
temperature,2019,27.84
temperature,2019,27.81
temperature,2019,27.79
temperature,2019,27.76
temperature,2019,27.73
temperature,2019,27.7
temperature,2019,27.67
temperature,2019,27.64
temperature,2019,27.9
temperature,2019,27.87
temperature,2019,27.84
temperature,2019,27.81
temperature,2019,27.79
temperature,2019,27.76
temperature,2019,27.73
temperature,2019,27.7
temperature,2019,27.67
temperature,2019,27.64
temperature,2019,27.93
temperature,2019,27.9
temperature,2019,27.87
temperature,2019,27.84
temperature,2019,27.81
temperature,2019,27.79
temperature,2019,27.76
temperature,2019,27.73
temperature,2019,27.7
temperature,2019,27.67
temperature,2019,27.93
temperature,2019,27.9
temperature,2019,27.87
temperature,2019,27.84
temperature,2019,27.81
temperature,2019,27.79
temperature,2019,27.76
temperature,2019,27.73
temperature,2019,27.7
temperature,2019,27.67
temperature,2019,27.93
temperature,2019,27.9
temperature,2019,27.87
temperature,2019,27.84
temperature,2019,27.81
temperature,2019,27.79
temperature,2019,27.76
temperature,2019,27.73
temperature,2019,27.7
temperature,2019,27.67
temperature,2019,27.93
temperature,2019,27.9
temperature,2019,27.87
temperature,2019,27.84
temperature,2019,27.81
temperature,2019,27.79
temperature,2019,27.76
temperature,2019,27.73
temperature,2019,27.7
temperature,2019,27.67
temperature,2019,27.96
temperature,2019,27.93
temperature,2019,27.9
temperature,2019,27.87
temperature,2019,27.84
temperature,2019,27.81
temperature,2019,27.79
temperature,2019,27.76
temperature,2019,27.73
temperature,2019,27.7
temperature,2019,27.96
temperature,2019,27.93
temperature,2019,27.9
temperature,2019,27.87
temperature,2019,27.84
temperature,2019,27.81
temperature,2019,27.79
temperature,2019,27.76
temperature,2019,27.73
temperature,2019,27.7
temperature,2019,27.96
temperature,2019,27.93
temperature,2019,27.9
temperature,2019,27.87
temperature,2019,27.84
temperature,2019,27.81
temperature,2019,27.79
temperature,2019,27.76
temperature,2019,27.73
temperature,2019,27.7
temperature,2019,27.96
temperature,2019,27.93
temperature,2019,27.9
temperature,2019,27.87
temperature,2019,27.84
temperature,2019,27.81
temperature,2019,27.79
temperature,2019,27.76
temperature,2019,27.73
temperature,2019,27.7
temperature,2019,27.96
temperature,2019,27.93
temperature,2019,27.9
temperature,2019,27.87
temperature,2019,27.84
temperature,2019,27.81
temperature,2019,27.79
temperature,2019,27.76
temperature,2019,27.73
temperature,2019,27.98
temperature,2019,27.96
temperature,2019,27.93
temperature,2019,27.9
temperature,2019,27.87
temperature,2019,27.84
temperature,2019,27.81
temperature,2019,27.79
temperature,2019,27.76
temperature,2019,27.73
temperature,2019,27.7
temperature,2019,27.67
temperature,2019,27.98
temperature,2019,27.96
temperature,2019,27.93
temperature,2019,27.9
temperature,2019,27.87
temperature,2019,27.84
temperature,2019,27.81
temperature,2019,27.79
temperature,2019,27.76
temperature,2019,27.73
temperature,2019,27.7
temperature,2019,27.67
temperature,2019,27.64
temperature,2019,27.61
temperature,2019,27.98
temperature,2019,27.96
temperature,2019,27.93
temperature,2019,27.9
temperature,2019,27.87
temperature,2019,27.84
temperature,2019,27.81
temperature,2019,27.79
temperature,2019,27.76
temperature,2019,27.73
temperature,2019,27.7
temperature,2019,27.67
temperature,2019,27.64
temperature,2019,27.61
temperature,2019,27.59
temperature,2019,27.56
temperature,2019,27.53
temperature,2019,27.98
temperature,2019,27.96
temperature,2019,27.93
temperature,2019,27.9
temperature,2019,27.87
temperature,2019,27.84
temperature,2019,27.81
temperature,2019,27.79
temperature,2019,27.76
temperature,2019,27.73
temperature,2019,27.7
temperature,2019,27.67
temperature,2019,27.64
temperature,2019,27.61
temperature,2019,27.59
temperature,2019,27.56
temperature,2019,27.53
temperature,2019,27.5
temperature,2019,27.47
temperature,2019,27.44
temperature,2019,27.98
temperature,2019,27.96
temperature,2019,27.93
temperature,2019,27.9
temperature,2019,27.87
temperature,2019,27.84
temperature,2019,27.81
temperature,2019,27.79
temperature,2019,27.76
temperature,2019,27.73
temperature,2019,27.7
temperature,2019,27.67
temperature,2019,27.64
temperature,2019,27.61
temperature,2019,27.59
temperature,2019,27.56
temperature,2019,27.53
temperature,2019,27.5
temperature,2019,27.47
temperature,2019,27.44
temperature,2019,27.42
temperature,2019,27.39
temperature,2019,27.36
temperature,2019,27.98
temperature,2019,27.96
temperature,2019,27.93
temperature,2019,27.9
temperature,2019,27.87
temperature,2019,27.84
temperature,2019,27.81
temperature,2019,27.79
temperature,2019,27.76
temperature,2019,27.73
temperature,2019,27.7
temperature,2019,27.67
temperature,2019,27.64
temperature,2019,27.61
temperature,2019,27.59
temperature,2019,27.56
temperature,2019,27.53
temperature,2019,27.5
temperature,2019,27.47
temperature,2019,27.44
temperature,2019,27.42
temperature,2019,27.39
temperature,2019,27.36
temperature,2019,27.33
temperature,2019,27.3
temperature,2019,27.96
temperature,2019,27.93
temperature,2019,27.9
temperature,2019,27.87
temperature,2019,27.84
temperature,2019,27.81
temperature,2019,27.79
temperature,2019,27.76
temperature,2019,27.73
temperature,2019,27.7
temperature,2019,27.67
temperature,2019,27.64
temperature,2019,27.61
temperature,2019,27.59
temperature,2019,27.56
temperature,2019,27.53
temperature,2019,27.5
temperature,2019,27.47
temperature,2019,27.44
temperature,2019,27.42
temperature,2019,27.39
temperature,2019,27.36
temperature,2019,27.33
temperature,2019,27.3
temperature,2019,27.27
temperature,2019,27.25
temperature,2019,27.22
temperature,2019,27.9
temperature,2019,27.87
temperature,2019,27.84
temperature,2019,27.81
temperature,2019,27.79
temperature,2019,27.76
temperature,2019,27.73
temperature,2019,27.7
temperature,2019,27.67
temperature,2019,27.64
temperature,2019,27.61
temperature,2019,27.59
temperature,2019,27.56
temperature,2019,27.53
temperature,2019,27.5
temperature,2019,27.47
temperature,2019,27.44
temperature,2019,27.42
temperature,2019,27.39
temperature,2019,27.36
temperature,2019,27.33
temperature,2019,27.3
temperature,2019,27.27
temperature,2019,27.25
temperature,2019,27.22
temperature,2019,27.19
temperature,2019,27.16
temperature,2019,27.13
temperature,2019,27.81
temperature,2019,27.79
temperature,2019,27.76
temperature,2019,27.73
temperature,2019,27.7
temperature,2019,27.67
temperature,2019,27.64
temperature,2019,27.61
temperature,2019,27.59
temperature,2019,27.56
temperature,2019,27.53
temperature,2019,27.5
temperature,2019,27.47
temperature,2019,27.44
temperature,2019,27.42
temperature,2019,27.39
temperature,2019,27.36
temperature,2019,27.33
temperature,2019,27.3
temperature,2019,27.27
temperature,2019,27.25
temperature,2019,27.22
temperature,2019,27.19
temperature,2019,27.16
temperature,2019,27.13
temperature,2019,27.1
temperature,2019,27.07
temperature,2019,27.73
temperature,2019,27.7
temperature,2019,27.67
temperature,2019,27.64
temperature,2019,27.61
temperature,2019,27.59
temperature,2019,27.56
temperature,2019,27.53
temperature,2019,27.5
temperature,2019,27.47
temperature,2019,27.44
temperature,2019,27.42
temperature,2019,27.39
temperature,2019,27.36
temperature,2019,27.33
temperature,2019,27.3
temperature,2019,27.27
temperature,2019,27.25
temperature,2019,27.22
temperature,2019,27.19
temperature,2019,27.16
temperature,2019,27.13
temperature,2019,27.1
temperature,2019,27.07
temperature,2019,27.05
temperature,2019,27.02
temperature,2019,26.99
temperature,2019,27.67
temperature,2019,27.64
temperature,2019,27.61
temperature,2019,27.59
temperature,2019,27.56
temperature,2019,27.53
temperature,2019,27.5
temperature,2019,27.47
temperature,2019,27.44
temperature,2019,27.42
temperature,2019,27.39
temperature,2019,27.36
temperature,2019,27.33
temperature,2019,27.3
temperature,2019,27.27
temperature,2019,27.25
temperature,2019,27.22
temperature,2019,27.19
temperature,2019,27.16
temperature,2019,27.13
temperature,2019,27.1
temperature,2019,27.07
temperature,2019,27.05
temperature,2019,27.02
temperature,2019,26.99
temperature,2019,26.96
temperature,2019,26.93
temperature,2019,26.9
temperature,2019,27.59
temperature,2019,27.56
temperature,2019,27.53
temperature,2019,27.5
temperature,2019,27.47
temperature,2019,27.44
temperature,2019,27.42
temperature,2019,27.39
temperature,2019,27.36
temperature,2019,27.33
temperature,2019,27.3
temperature,2019,27.27
temperature,2019,27.25
temperature,2019,27.22
temperature,2019,27.19
temperature,2019,27.16
temperature,2019,27.13
temperature,2019,27.1
temperature,2019,27.07
temperature,2019,27.05
temperature,2019,27.02
temperature,2019,26.99
temperature,2019,26.96
temperature,2019,26.93
temperature,2019,26.9
temperature,2019,26.88
temperature,2019,26.85
temperature,2019,27.5
temperature,2019,27.47
temperature,2019,27.44
temperature,2019,27.42
temperature,2019,27.39
temperature,2019,27.36
temperature,2019,27.33
temperature,2019,27.3
temperature,2019,27.27
temperature,2019,27.25
temperature,2019,27.22
temperature,2019,27.19
temperature,2019,27.16
temperature,2019,27.13
temperature,2019,27.1
temperature,2019,27.07
temperature,2019,27.05
temperature,2019,27.02
temperature,2019,26.99
temperature,2019,26.96
temperature,2019,26.93
temperature,2019,26.9
temperature,2019,26.88
temperature,2019,26.85
temperature,2019,26.82
temperature,2019,26.79
temperature,2019,27.44
temperature,2019,27.42
temperature,2019,27.39
temperature,2019,27.36
temperature,2019,27.33
temperature,2019,27.3
temperature,2019,27.27
temperature,2019,27.25
temperature,2019,27.22
temperature,2019,27.19
temperature,2019,27.16
temperature,2019,27.13
temperature,2019,27.1
temperature,2019,27.07
temperature,2019,27.05
temperature,2019,27.02
temperature,2019,26.99
temperature,2019,26.96
temperature,2019,26.93
temperature,2019,26.9
temperature,2019,26.88
temperature,2019,26.85
temperature,2019,26.82
temperature,2019,26.79
temperature,2019,26.76
temperature,2019,27.36
temperature,2019,27.33
temperature,2019,27.3
temperature,2019,27.27
temperature,2019,27.25
temperature,2019,27.22
temperature,2019,27.19
temperature,2019,27.16
temperature,2019,27.13
temperature,2019,27.1
temperature,2019,27.07
temperature,2019,27.05
temperature,2019,27.02
temperature,2019,26.99
temperature,2019,26.96
temperature,2019,26.93
temperature,2019,26.9
temperature,2019,26.88
temperature,2019,26.85
temperature,2019,26.82
temperature,2019,26.79
temperature,2019,26.76
temperature,2019,27.27
temperature,2019,27.25
temperature,2019,27.22
temperature,2019,27.19
temperature,2019,27.16
temperature,2019,27.13
temperature,2019,27.1
temperature,2019,27.07
temperature,2019,27.05
temperature,2019,27.02
temperature,2019,26.99
temperature,2019,26.96
temperature,2019,26.93
temperature,2019,26.9
temperature,2019,26.88
temperature,2019,26.85
temperature,2019,26.82
temperature,2019,26.79
temperature,2019,26.76
temperature,2019,26.73
temperature,2019,27.19
temperature,2019,27.16
temperature,2019,27.13
temperature,2019,27.1
temperature,2019,27.07
temperature,2019,27.05
temperature,2019,27.02
temperature,2019,26.99
temperature,2019,26.96
temperature,2019,26.93
temperature,2019,26.9
temperature,2019,26.88
temperature,2019,26.85
temperature,2019,26.82
temperature,2019,26.79
temperature,2019,26.76
temperature,2019,26.73
temperature,2019,27.13
temperature,2019,27.1
temperature,2019,27.07
temperature,2019,27.05
temperature,2019,27.02
temperature,2019,26.99
temperature,2019,26.96
temperature,2019,26.93
temperature,2019,26.9
temperature,2019,26.88
temperature,2019,26.85
temperature,2019,26.82
temperature,2019,26.79
temperature,2019,26.76
temperature,2019,27.05
temperature,2019,27.02
temperature,2019,26.99
temperature,2019,26.96
temperature,2019,26.93
temperature,2019,26.9
temperature,2019,26.88
temperature,2019,26.85
temperature,2019,26.82
temperature,2019,26.79
temperature,2019,26.76
temperature,2019,27.05
temperature,2019,27.02
temperature,2019,26.99
temperature,2019,26.96
temperature,2019,26.93
temperature,2019,26.9
temperature,2019,26.88
temperature,2019,26.85
temperature,2019,26.82
temperature,2019,26.79
temperature,2019,26.76
temperature,2019,27.05
temperature,2019,27.02
temperature,2019,26.99
temperature,2019,26.96
temperature,2019,26.93
temperature,2019,26.9
temperature,2019,26.88
temperature,2019,26.85
temperature,2019,26.82
temperature,2019,26.79
temperature,2019,27.05
temperature,2019,27.02
temperature,2019,26.99
temperature,2019,26.96
temperature,2019,26.93
temperature,2019,26.9
temperature,2019,26.88
temperature,2019,26.85
temperature,2019,26.82
temperature,2019,26.79
temperature,2019,27.07
temperature,2019,27.05
temperature,2019,27.02
temperature,2019,26.99
temperature,2019,26.96
temperature,2019,26.93
temperature,2019,26.9
temperature,2019,26.88
temperature,2019,26.85
temperature,2019,26.82
temperature,2019,27.07
temperature,2019,27.05
temperature,2019,27.02
temperature,2019,26.99
temperature,2019,26.96
temperature,2019,26.93
temperature,2019,26.9
temperature,2019,26.88
temperature,2019,26.85
temperature,2019,26.82
temperature,2019,27.07
temperature,2019,27.05
temperature,2019,27.02
temperature,2019,26.99
temperature,2019,26.96
temperature,2019,26.93
temperature,2019,26.9
temperature,2019,26.88
temperature,2019,26.85
temperature,2019,26.82
temperature,2019,27.1
temperature,2019,27.07
temperature,2019,27.05
temperature,2019,27.02
temperature,2019,26.99
temperature,2019,26.96
temperature,2019,26.93
temperature,2019,26.9
temperature,2019,26.88
temperature,2019,26.85
temperature,2019,27.1
temperature,2019,27.07
temperature,2019,27.05
temperature,2019,27.02
temperature,2019,26.99
temperature,2019,26.96
temperature,2019,26.93
temperature,2019,26.9
temperature,2019,26.88
temperature,2019,26.85
temperature,2019,27.13
temperature,2019,27.1
temperature,2019,27.07
temperature,2019,27.05
temperature,2019,27.02
temperature,2019,26.99
temperature,2019,26.96
temperature,2019,26.93
temperature,2019,26.9
temperature,2019,26.88
temperature,2019,27.13
temperature,2019,27.1
temperature,2019,27.07
temperature,2019,27.05
temperature,2019,27.02
temperature,2019,26.99
temperature,2019,26.96
temperature,2019,26.93
temperature,2019,26.9
temperature,2019,26.88
temperature,2019,27.13
temperature,2019,27.1
temperature,2019,27.07
temperature,2019,27.05
temperature,2019,27.02
temperature,2019,26.99
temperature,2019,26.96
temperature,2019,26.93
temperature,2019,26.9
temperature,2019,26.88
temperature,2019,27.13
temperature,2019,27.1
temperature,2019,27.07
temperature,2019,27.05
temperature,2019,27.02
temperature,2019,26.99
temperature,2019,26.96
temperature,2019,26.93
temperature,2019,26.9
temperature,2019,26.88
temperature,2019,27.13
temperature,2019,27.1
temperature,2019,27.07
temperature,2019,27.05
temperature,2019,27.02
temperature,2019,26.99
temperature,2019,26.96
temperature,2019,26.93
temperature,2019,26.9
temperature,2019,26.88
temperature,2019,27.13
temperature,2019,27.1
temperature,2019,27.07
temperature,2019,27.05
temperature,2019,27.02
temperature,2019,26.99
temperature,2019,26.96
temperature,2019,26.93
temperature,2019,26.9
temperature,2019,26.88
temperature,2019,27.13
temperature,2019,27.1
temperature,2019,27.07
temperature,2019,27.05
temperature,2019,27.02
temperature,2019,26.99
temperature,2019,26.96
temperature,2019,26.93
temperature,2019,26.9
temperature,2019,26.88
temperature,2019,27.1
temperature,2019,27.07
temperature,2019,27.05
temperature,2019,27.02
temperature,2019,26.99
temperature,2019,26.96
temperature,2019,26.93
temperature,2019,26.9
temperature,2019,26.88
temperature,2019,27.1
temperature,2019,27.07
temperature,2019,27.05
temperature,2019,27.02
temperature,2019,26.99
temperature,2019,26.96
temperature,2019,26.93
temperature,2019,26.9
temperature,2019,26.88
temperature,2019,27.1
temperature,2019,27.07
temperature,2019,27.05
temperature,2019,27.02
temperature,2019,26.99
temperature,2019,26.96
temperature,2019,26.93
temperature,2019,26.9
temperature,2019,26.88
temperature,2019,27.1
temperature,2019,27.07
temperature,2019,27.05
temperature,2019,27.02
temperature,2019,26.99
temperature,2019,26.96
temperature,2019,26.93
temperature,2019,26.9
temperature,2019,26.88
temperature,2019,26.85
temperature,2019,27.1
temperature,2019,27.07
temperature,2019,27.05
temperature,2019,27.02
temperature,2019,26.99
temperature,2019,26.96
temperature,2019,26.93
temperature,2019,26.9
temperature,2019,26.88
temperature,2019,26.85
temperature,2019,27.1
temperature,2019,27.07
temperature,2019,27.05
temperature,2019,27.02
temperature,2019,26.99
temperature,2019,26.96
temperature,2019,26.93
temperature,2019,26.9
temperature,2019,26.88
temperature,2019,26.85
temperature,2019,27.1
temperature,2019,27.07
temperature,2019,27.05
temperature,2019,27.02
temperature,2019,26.99
temperature,2019,26.96
temperature,2019,26.93
temperature,2019,26.9
temperature,2019,26.88
temperature,2019,26.85
temperature,2019,27.16
temperature,2019,27.13
temperature,2019,27.1
temperature,2019,27.07
temperature,2019,27.05
temperature,2019,27.02
temperature,2019,26.99
temperature,2019,26.96
temperature,2019,26.93
temperature,2019,26.9
temperature,2019,26.88
temperature,2019,26.85
temperature,2019,27.22
temperature,2019,27.19
temperature,2019,27.16
temperature,2019,27.13
temperature,2019,27.1
temperature,2019,27.07
temperature,2019,27.05
temperature,2019,27.02
temperature,2019,26.99
temperature,2019,26.96
temperature,2019,26.93
temperature,2019,26.9
temperature,2019,26.88
temperature,2019,26.85
temperature,2019,27.27
temperature,2019,27.25
temperature,2019,27.22
temperature,2019,27.19
temperature,2019,27.16
temperature,2019,27.13
temperature,2019,27.1
temperature,2019,27.07
temperature,2019,27.05
temperature,2019,27.02
temperature,2019,26.99
temperature,2019,26.96
temperature,2019,26.93
temperature,2019,26.9
temperature,2019,26.88
temperature,2019,26.85
temperature,2019,27.33
temperature,2019,27.3
temperature,2019,27.27
temperature,2019,27.25
temperature,2019,27.22
temperature,2019,27.19
temperature,2019,27.16
temperature,2019,27.13
temperature,2019,27.1
temperature,2019,27.07
temperature,2019,27.05
temperature,2019,27.02
temperature,2019,26.99
temperature,2019,26.96
temperature,2019,26.93
temperature,2019,26.9
temperature,2019,26.88
temperature,2019,26.85
temperature,2019,27.39
temperature,2019,27.36
temperature,2019,27.33
temperature,2019,27.3
temperature,2019,27.27
temperature,2019,27.25
temperature,2019,27.22
temperature,2019,27.19
temperature,2019,27.16
temperature,2019,27.13
temperature,2019,27.1
temperature,2019,27.07
temperature,2019,27.05
temperature,2019,27.02
temperature,2019,26.99
temperature,2019,26.96
temperature,2019,26.93
temperature,2019,26.9
temperature,2019,26.88
temperature,2019,27.44
temperature,2019,27.42
temperature,2019,27.39
temperature,2019,27.36
temperature,2019,27.33
temperature,2019,27.3
temperature,2019,27.27
temperature,2019,27.25
temperature,2019,27.22
temperature,2019,27.19
temperature,2019,27.16
temperature,2019,27.13
temperature,2019,27.1
temperature,2019,27.07
temperature,2019,27.05
temperature,2019,27.02
temperature,2019,26.99
temperature,2019,26.96
temperature,2019,26.93
temperature,2019,26.9
temperature,2019,27.5
temperature,2019,27.47
temperature,2019,27.44
temperature,2019,27.42
temperature,2019,27.39
temperature,2019,27.36
temperature,2019,27.33
temperature,2019,27.3
temperature,2019,27.27
temperature,2019,27.25
temperature,2019,27.22
temperature,2019,27.19
temperature,2019,27.16
temperature,2019,27.13
temperature,2019,27.1
temperature,2019,27.07
temperature,2019,27.05
temperature,2019,27.02
temperature,2019,26.99
temperature,2019,26.96
temperature,2019,26.93
temperature,2019,27.56
temperature,2019,27.53
temperature,2019,27.5
temperature,2019,27.47
temperature,2019,27.44
temperature,2019,27.42
temperature,2019,27.39
temperature,2019,27.36
temperature,2019,27.33
temperature,2019,27.3
temperature,2019,27.27
temperature,2019,27.25
temperature,2019,27.22
temperature,2019,27.19
temperature,2019,27.16
temperature,2019,27.13
temperature,2019,27.1
temperature,2019,27.07
temperature,2019,27.05
temperature,2019,27.02
temperature,2019,26.99
temperature,2019,27.61
temperature,2019,27.59
temperature,2019,27.56
temperature,2019,27.53
temperature,2019,27.5
temperature,2019,27.47
temperature,2019,27.44
temperature,2019,27.42
temperature,2019,27.39
temperature,2019,27.36
temperature,2019,27.33
temperature,2019,27.3
temperature,2019,27.27
temperature,2019,27.25
temperature,2019,27.22
temperature,2019,27.19
temperature,2019,27.16
temperature,2019,27.13
temperature,2019,27.1
temperature,2019,27.07
temperature,2019,27.05
temperature,2019,27.67
temperature,2019,27.64
temperature,2019,27.61
temperature,2019,27.59
temperature,2019,27.56
temperature,2019,27.53
temperature,2019,27.5
temperature,2019,27.47
temperature,2019,27.44
temperature,2019,27.42
temperature,2019,27.39
temperature,2019,27.36
temperature,2019,27.33
temperature,2019,27.3
temperature,2019,27.27
temperature,2019,27.25
temperature,2019,27.22
temperature,2019,27.19
temperature,2019,27.16
temperature,2019,27.13
temperature,2019,27.1
temperature,2019,27.73
temperature,2019,27.7
temperature,2019,27.67
temperature,2019,27.64
temperature,2019,27.61
temperature,2019,27.59
temperature,2019,27.56
temperature,2019,27.53
temperature,2019,27.5
temperature,2019,27.47
temperature,2019,27.44
temperature,2019,27.42
temperature,2019,27.39
temperature,2019,27.36
temperature,2019,27.33
temperature,2019,27.3
temperature,2019,27.27
temperature,2019,27.25
temperature,2019,27.22
temperature,2019,27.19
temperature,2019,27.16
temperature,2019,27.76
temperature,2019,27.73
temperature,2019,27.7
temperature,2019,27.67
temperature,2019,27.64
temperature,2019,27.61
temperature,2019,27.59
temperature,2019,27.56
temperature,2019,27.53
temperature,2019,27.5
temperature,2019,27.47
temperature,2019,27.44
temperature,2019,27.42
temperature,2019,27.39
temperature,2019,27.36
temperature,2019,27.33
temperature,2019,27.3
temperature,2019,27.27
temperature,2019,27.25
temperature,2019,27.22
temperature,2019,27.81
temperature,2019,27.79
temperature,2019,27.76
temperature,2019,27.73
temperature,2019,27.7
temperature,2019,27.67
temperature,2019,27.64
temperature,2019,27.61
temperature,2019,27.59
temperature,2019,27.56
temperature,2019,27.53
temperature,2019,27.5
temperature,2019,27.47
temperature,2019,27.44
temperature,2019,27.42
temperature,2019,27.39
temperature,2019,27.36
temperature,2019,27.33
temperature,2019,27.3
temperature,2019,27.27
temperature,2019,27.84
temperature,2019,27.81
temperature,2019,27.79
temperature,2019,27.76
temperature,2019,27.73
temperature,2019,27.7
temperature,2019,27.67
temperature,2019,27.64
temperature,2019,27.61
temperature,2019,27.59
temperature,2019,27.56
temperature,2019,27.53
temperature,2019,27.5
temperature,2019,27.47
temperature,2019,27.44
temperature,2019,27.42
temperature,2019,27.39
temperature,2019,27.36
temperature,2019,27.33
temperature,2019,27.87
temperature,2019,27.84
temperature,2019,27.81
temperature,2019,27.79
temperature,2019,27.76
temperature,2019,27.73
temperature,2019,27.7
temperature,2019,27.67
temperature,2019,27.64
temperature,2019,27.61
temperature,2019,27.59
temperature,2019,27.56
temperature,2019,27.53
temperature,2019,27.5
temperature,2019,27.47
temperature,2019,27.44
temperature,2019,27.42
temperature,2019,27.39
temperature,2019,27.93
temperature,2019,27.9
temperature,2019,27.87
temperature,2019,27.84
temperature,2019,27.81
temperature,2019,27.79
temperature,2019,27.76
temperature,2019,27.73
temperature,2019,27.7
temperature,2019,27.67
temperature,2019,27.64
temperature,2019,27.61
temperature,2019,27.59
temperature,2019,27.56
temperature,2019,27.53
temperature,2019,27.5
temperature,2019,27.47
temperature,2019,27.44
temperature,2019,27.96
temperature,2019,27.93
temperature,2019,27.9
temperature,2019,27.87
temperature,2019,27.84
temperature,2019,27.81
temperature,2019,27.79
temperature,2019,27.76
temperature,2019,27.73
temperature,2019,27.7
temperature,2019,27.67
temperature,2019,27.64
temperature,2019,27.61
temperature,2019,27.59
temperature,2019,27.56
temperature,2019,27.53
temperature,2019,27.5
temperature,2019,27.98
temperature,2019,27.96
temperature,2019,27.93
temperature,2019,27.9
temperature,2019,27.87
temperature,2019,27.84
temperature,2019,27.81
temperature,2019,27.79
temperature,2019,27.76
temperature,2019,27.73
temperature,2019,27.7
temperature,2019,27.67
temperature,2019,27.64
temperature,2019,27.61
temperature,2019,27.59
temperature,2019,27.56
temperature,2019,28.04
temperature,2019,28.01
temperature,2019,27.98
temperature,2019,27.96
temperature,2019,27.93
temperature,2019,27.9
temperature,2019,27.87
temperature,2019,27.84
temperature,2019,27.81
temperature,2019,27.79
temperature,2019,27.76
temperature,2019,27.73
temperature,2019,27.7
temperature,2019,27.67
temperature,2019,27.64
temperature,2019,27.61
temperature,2019,28.07
temperature,2019,28.04
temperature,2019,28.01
temperature,2019,27.98
temperature,2019,27.96
temperature,2019,27.93
temperature,2019,27.9
temperature,2019,27.87
temperature,2019,27.84
temperature,2019,27.81
temperature,2019,27.79
temperature,2019,27.76
temperature,2019,27.73
temperature,2019,27.7
temperature,2019,27.67
temperature,2019,27.64
temperature,2019,28.1
temperature,2019,28.07
temperature,2019,28.04
temperature,2019,28.01
temperature,2019,27.98
temperature,2019,27.96
temperature,2019,27.93
temperature,2019,27.9
temperature,2019,27.87
temperature,2019,27.84
temperature,2019,27.81
temperature,2019,27.79
temperature,2019,27.76
temperature,2019,27.73
temperature,2019,27.7
temperature,2020,28.15
temperature,2020,28.13
temperature,2020,28.1
temperature,2020,28.07
temperature,2020,28.04
temperature,2020,28.01
temperature,2020,27.98
temperature,2020,27.96
temperature,2020,27.93
temperature,2020,27.9
temperature,2020,27.87
temperature,2020,27.84
temperature,2020,27.81
temperature,2020,27.79
temperature,2020,27.76
temperature,2020,27.73
temperature,2020,28.18
temperature,2020,28.15
temperature,2020,28.13
temperature,2020,28.1
temperature,2020,28.07
temperature,2020,28.04
temperature,2020,28.01
temperature,2020,27.98
temperature,2020,27.96
temperature,2020,27.93
temperature,2020,27.9
temperature,2020,27.87
temperature,2020,27.84
temperature,2020,27.81
temperature,2020,27.79
temperature,2020,27.76
temperature,2020,28.21
temperature,2020,28.18
temperature,2020,28.15
temperature,2020,28.13
temperature,2020,28.1
temperature,2020,28.07
temperature,2020,28.04
temperature,2020,28.01
temperature,2020,27.98
temperature,2020,27.96
temperature,2020,27.93
temperature,2020,27.9
temperature,2020,27.87
temperature,2020,27.84
temperature,2020,27.81
temperature,2020,28.27
temperature,2020,28.24
temperature,2020,28.21
temperature,2020,28.18
temperature,2020,28.15
temperature,2020,28.13
temperature,2020,28.1
temperature,2020,28.07
temperature,2020,28.04
temperature,2020,28.01
temperature,2020,27.98
temperature,2020,27.96
temperature,2020,27.93
temperature,2020,27.9
temperature,2020,27.87
temperature,2020,27.84
temperature,2020,28.3
temperature,2020,28.27
temperature,2020,28.24
temperature,2020,28.21
temperature,2020,28.18
temperature,2020,28.15
temperature,2020,28.13
temperature,2020,28.1
temperature,2020,28.07
temperature,2020,28.04
temperature,2020,28.01
temperature,2020,27.98
temperature,2020,27.96
temperature,2020,27.93
temperature,2020,27.9
temperature,2020,27.87
temperature,2020,28.3
temperature,2020,28.27
temperature,2020,28.24
temperature,2020,28.21
temperature,2020,28.18
temperature,2020,28.15
temperature,2020,28.13
temperature,2020,28.1
temperature,2020,28.07
temperature,2020,28.04
temperature,2020,28.01
temperature,2020,27.98
temperature,2020,27.96
temperature,2020,27.93
temperature,2020,28.3
temperature,2020,28.27
temperature,2020,28.24
temperature,2020,28.21
temperature,2020,28.18
temperature,2020,28.15
temperature,2020,28.13
temperature,2020,28.1
temperature,2020,28.07
temperature,2020,28.04
temperature,2020,28.01
temperature,2020,27.98
temperature,2020,27.96
temperature,2020,28.32
temperature,2020,28.3
temperature,2020,28.27
temperature,2020,28.24
temperature,2020,28.21
temperature,2020,28.18
temperature,2020,28.15
temperature,2020,28.13
temperature,2020,28.1
temperature,2020,28.07
temperature,2020,28.04
temperature,2020,28.01
temperature,2020,27.98
temperature,2020,28.32
temperature,2020,28.3
temperature,2020,28.27
temperature,2020,28.24
temperature,2020,28.21
temperature,2020,28.18
temperature,2020,28.15
temperature,2020,28.13
temperature,2020,28.1
temperature,2020,28.07
temperature,2020,28.04
temperature,2020,28.32
temperature,2020,28.3
temperature,2020,28.27
temperature,2020,28.24
temperature,2020,28.21
temperature,2020,28.18
temperature,2020,28.15
temperature,2020,28.13
temperature,2020,28.1
temperature,2020,28.07
temperature,2020,28.32
temperature,2020,28.3
temperature,2020,28.27
temperature,2020,28.24
temperature,2020,28.21
temperature,2020,28.18
temperature,2020,28.15
temperature,2020,28.13
temperature,2020,28.1
temperature,2020,28.07
temperature,2020,28.32
temperature,2020,28.3
temperature,2020,28.27
temperature,2020,28.24
temperature,2020,28.21
temperature,2020,28.18
temperature,2020,28.15
temperature,2020,28.13
temperature,2020,28.1
temperature,2020,28.07
temperature,2020,28.32
temperature,2020,28.3
temperature,2020,28.27
temperature,2020,28.24
temperature,2020,28.21
temperature,2020,28.18
temperature,2020,28.15
temperature,2020,28.13
temperature,2020,28.1
temperature,2020,28.32
temperature,2020,28.3
temperature,2020,28.27
temperature,2020,28.24
temperature,2020,28.21
temperature,2020,28.18
temperature,2020,28.15
temperature,2020,28.13
temperature,2020,28.1
temperature,2020,28.32
temperature,2020,28.3
temperature,2020,28.27
temperature,2020,28.24
temperature,2020,28.21
temperature,2020,28.18
temperature,2020,28.15
temperature,2020,28.13
temperature,2020,28.1
temperature,2020,28.35
temperature,2020,28.32
temperature,2020,28.3
temperature,2020,28.27
temperature,2020,28.24
temperature,2020,28.21
temperature,2020,28.18
temperature,2020,28.15
temperature,2020,28.13
temperature,2020,28.1
temperature,2020,28.35
temperature,2020,28.32
temperature,2020,28.3
temperature,2020,28.27
temperature,2020,28.24
temperature,2020,28.21
temperature,2020,28.18
temperature,2020,28.15
temperature,2020,28.13
temperature,2020,28.1
temperature,2020,28.35
temperature,2020,28.32
temperature,2020,28.3
temperature,2020,28.27
temperature,2020,28.24
temperature,2020,28.21
temperature,2020,28.18
temperature,2020,28.15
temperature,2020,28.13
temperature,2020,28.1
temperature,2020,28.35
temperature,2020,28.32
temperature,2020,28.3
temperature,2020,28.27
temperature,2020,28.24
temperature,2020,28.21
temperature,2020,28.18
temperature,2020,28.15
temperature,2020,28.13
temperature,2020,28.1
temperature,2020,28.35
temperature,2020,28.32
temperature,2020,28.3
temperature,2020,28.27
temperature,2020,28.24
temperature,2020,28.21
temperature,2020,28.18
temperature,2020,28.15
temperature,2020,28.13
temperature,2020,28.1
temperature,2020,28.07
temperature,2020,28.35
temperature,2020,28.32
temperature,2020,28.3
temperature,2020,28.27
temperature,2020,28.24
temperature,2020,28.21
temperature,2020,28.18
temperature,2020,28.15
temperature,2020,28.13
temperature,2020,28.1
temperature,2020,28.07
temperature,2020,28.35
temperature,2020,28.32
temperature,2020,28.3
temperature,2020,28.27
temperature,2020,28.24
temperature,2020,28.21
temperature,2020,28.18
temperature,2020,28.15
temperature,2020,28.13
temperature,2020,28.1
temperature,2020,28.07
temperature,2020,28.04
temperature,2020,28.32
temperature,2020,28.3
temperature,2020,28.27
temperature,2020,28.24
temperature,2020,28.21
temperature,2020,28.18
temperature,2020,28.15
temperature,2020,28.13
temperature,2020,28.1
temperature,2020,28.07
temperature,2020,28.04
temperature,2020,28.01
temperature,2020,28.32
temperature,2020,28.3
temperature,2020,28.27
temperature,2020,28.24
temperature,2020,28.21
temperature,2020,28.18
temperature,2020,28.15
temperature,2020,28.13
temperature,2020,28.1
temperature,2020,28.07
temperature,2020,28.04
temperature,2020,28.01
temperature,2020,27.98
temperature,2020,28.3
temperature,2020,28.27
temperature,2020,28.24
temperature,2020,28.21
temperature,2020,28.18
temperature,2020,28.15
temperature,2020,28.13
temperature,2020,28.1
temperature,2020,28.07
temperature,2020,28.04
temperature,2020,28.01
temperature,2020,27.98
temperature,2020,27.96
temperature,2020,28.27
temperature,2020,28.24
temperature,2020,28.21
temperature,2020,28.18
temperature,2020,28.15
temperature,2020,28.13
temperature,2020,28.1
temperature,2020,28.07
temperature,2020,28.04
temperature,2020,28.01
temperature,2020,27.98
temperature,2020,27.96
temperature,2020,27.93
temperature,2020,28.24
temperature,2020,28.21
temperature,2020,28.18
temperature,2020,28.15
temperature,2020,28.13
temperature,2020,28.1
temperature,2020,28.07
temperature,2020,28.04
temperature,2020,28.01
temperature,2020,27.98
temperature,2020,27.96
temperature,2020,27.93
temperature,2020,27.9
temperature,2020,28.21
temperature,2020,28.18
temperature,2020,28.15
temperature,2020,28.13
temperature,2020,28.1
temperature,2020,28.07
temperature,2020,28.04
temperature,2020,28.01
temperature,2020,27.98
temperature,2020,27.96
temperature,2020,27.93
temperature,2020,27.9
temperature,2020,27.87
temperature,2020,28.18
temperature,2020,28.15
temperature,2020,28.13
temperature,2020,28.1
temperature,2020,28.07
temperature,2020,28.04
temperature,2020,28.01
temperature,2020,27.98
temperature,2020,27.96
temperature,2020,27.93
temperature,2020,27.9
temperature,2020,27.87
temperature,2020,27.84
temperature,2020,28.15
temperature,2020,28.13
temperature,2020,28.1
temperature,2020,28.07
temperature,2020,28.04
temperature,2020,28.01
temperature,2020,27.98
temperature,2020,27.96
temperature,2020,27.93
temperature,2020,27.9
temperature,2020,27.87
temperature,2020,27.84
temperature,2020,27.81
temperature,2020,28.13
temperature,2020,28.1
temperature,2020,28.07
temperature,2020,28.04
temperature,2020,28.01
temperature,2020,27.98
temperature,2020,27.96
temperature,2020,27.93
temperature,2020,27.9
temperature,2020,27.87
temperature,2020,27.84
temperature,2020,27.81
temperature,2020,27.79
temperature,2020,28.1
temperature,2020,28.07
temperature,2020,28.04
temperature,2020,28.01
temperature,2020,27.98
temperature,2020,27.96
temperature,2020,27.93
temperature,2020,27.9
temperature,2020,27.87
temperature,2020,27.84
temperature,2020,27.81
temperature,2020,27.79
temperature,2020,27.76
temperature,2020,28.07
temperature,2020,28.04
temperature,2020,28.01
temperature,2020,27.98
temperature,2020,27.96
temperature,2020,27.93
temperature,2020,27.9
temperature,2020,27.87
temperature,2020,27.84
temperature,2020,27.81
temperature,2020,27.79
temperature,2020,27.76
temperature,2020,27.73
temperature,2020,28.04
temperature,2020,28.01
temperature,2020,27.98
temperature,2020,27.96
temperature,2020,27.93
temperature,2020,27.9
temperature,2020,27.87
temperature,2020,27.84
temperature,2020,27.81
temperature,2020,27.79
temperature,2020,27.76
temperature,2020,27.73
temperature,2020,27.7
temperature,2020,27.67
temperature,2020,28.01
temperature,2020,27.98
temperature,2020,27.96
temperature,2020,27.93
temperature,2020,27.9
temperature,2020,27.87
temperature,2020,27.84
temperature,2020,27.81
temperature,2020,27.79
temperature,2020,27.76
temperature,2020,27.73
temperature,2020,27.7
temperature,2020,27.67
temperature,2020,27.64
temperature,2020,27.98
temperature,2020,27.96
temperature,2020,27.93
temperature,2020,27.9
temperature,2020,27.87
temperature,2020,27.84
temperature,2020,27.81
temperature,2020,27.79
temperature,2020,27.76
temperature,2020,27.73
temperature,2020,27.7
temperature,2020,27.67
temperature,2020,27.64
temperature,2020,27.61
temperature,2020,27.96
temperature,2020,27.93
temperature,2020,27.9
temperature,2020,27.87
temperature,2020,27.84
temperature,2020,27.81
temperature,2020,27.79
temperature,2020,27.76
temperature,2020,27.73
temperature,2020,27.7
temperature,2020,27.67
temperature,2020,27.64
temperature,2020,27.61
temperature,2020,27.59
temperature,2020,27.93
temperature,2020,27.9
temperature,2020,27.87
temperature,2020,27.84
temperature,2020,27.81
temperature,2020,27.79
temperature,2020,27.76
temperature,2020,27.73
temperature,2020,27.7
temperature,2020,27.67
temperature,2020,27.64
temperature,2020,27.61
temperature,2020,27.59
temperature,2020,27.56
temperature,2020,27.9
temperature,2020,27.87
temperature,2020,27.84
temperature,2020,27.81
temperature,2020,27.79
temperature,2020,27.76
temperature,2020,27.73
temperature,2020,27.7
temperature,2020,27.67
temperature,2020,27.64
temperature,2020,27.61
temperature,2020,27.59
temperature,2020,27.56
temperature,2020,27.53
temperature,2020,27.87
temperature,2020,27.84
temperature,2020,27.81
temperature,2020,27.79
temperature,2020,27.76
temperature,2020,27.73
temperature,2020,27.7
temperature,2020,27.67
temperature,2020,27.64
temperature,2020,27.61
temperature,2020,27.59
temperature,2020,27.56
temperature,2020,27.53
temperature,2020,27.5
temperature,2020,27.47
temperature,2020,27.84
temperature,2020,27.81
temperature,2020,27.79
temperature,2020,27.76
temperature,2020,27.73
temperature,2020,27.7
temperature,2020,27.67
temperature,2020,27.64
temperature,2020,27.61
temperature,2020,27.59
temperature,2020,27.56
temperature,2020,27.53
temperature,2020,27.5
temperature,2020,27.47
temperature,2020,27.44
temperature,2020,27.81
temperature,2020,27.79
temperature,2020,27.76
temperature,2020,27.73
temperature,2020,27.7
temperature,2020,27.67
temperature,2020,27.64
temperature,2020,27.61
temperature,2020,27.59
temperature,2020,27.56
temperature,2020,27.53
temperature,2020,27.5
temperature,2020,27.47
temperature,2020,27.44
temperature,2020,27.42
temperature,2020,27.76
temperature,2020,27.73
temperature,2020,27.7
temperature,2020,27.67
temperature,2020,27.64
temperature,2020,27.61
temperature,2020,27.59
temperature,2020,27.56
temperature,2020,27.53
temperature,2020,27.5
temperature,2020,27.47
temperature,2020,27.44
temperature,2020,27.42
temperature,2020,27.39
temperature,2020,27.73
temperature,2020,27.7
temperature,2020,27.67
temperature,2020,27.64
temperature,2020,27.61
temperature,2020,27.59
temperature,2020,27.56
temperature,2020,27.53
temperature,2020,27.5
temperature,2020,27.47
temperature,2020,27.44
temperature,2020,27.42
temperature,2020,27.39
temperature,2020,27.36
temperature,2020,27.7
temperature,2020,27.67
temperature,2020,27.64
temperature,2020,27.61
temperature,2020,27.59
temperature,2020,27.56
temperature,2020,27.53
temperature,2020,27.5
temperature,2020,27.47
temperature,2020,27.44
temperature,2020,27.42
temperature,2020,27.39
temperature,2020,27.36
temperature,2020,27.33
temperature,2020,27.67
temperature,2020,27.64
temperature,2020,27.61
temperature,2020,27.59
temperature,2020,27.56
temperature,2020,27.53
temperature,2020,27.5
temperature,2020,27.47
temperature,2020,27.44
temperature,2020,27.42
temperature,2020,27.39
temperature,2020,27.36
temperature,2020,27.33
temperature,2020,27.3
temperature,2020,27.64
temperature,2020,27.61
temperature,2020,27.59
temperature,2020,27.56
temperature,2020,27.53
temperature,2020,27.5
temperature,2020,27.47
temperature,2020,27.44
temperature,2020,27.42
temperature,2020,27.39
temperature,2020,27.36
temperature,2020,27.33
temperature,2020,27.3
temperature,2020,27.61
temperature,2020,27.59
temperature,2020,27.56
temperature,2020,27.53
temperature,2020,27.5
temperature,2020,27.47
temperature,2020,27.44
temperature,2020,27.42
temperature,2020,27.39
temperature,2020,27.36
temperature,2020,27.33
temperature,2020,27.3
temperature,2020,27.56
temperature,2020,27.53
temperature,2020,27.5
temperature,2020,27.47
temperature,2020,27.44
temperature,2020,27.42
temperature,2020,27.39
temperature,2020,27.36
temperature,2020,27.33
temperature,2020,27.3
temperature,2020,27.56
temperature,2020,27.53
temperature,2020,27.5
temperature,2020,27.47
temperature,2020,27.44
temperature,2020,27.42
temperature,2020,27.39
temperature,2020,27.36
temperature,2020,27.33
temperature,2020,27.3
temperature,2020,27.56
temperature,2020,27.53
temperature,2020,27.5
temperature,2020,27.47
temperature,2020,27.44
temperature,2020,27.42
temperature,2020,27.39
temperature,2020,27.36
temperature,2020,27.33
temperature,2020,27.56
temperature,2020,27.53
temperature,2020,27.5
temperature,2020,27.47
temperature,2020,27.44
temperature,2020,27.42
temperature,2020,27.39
temperature,2020,27.36
temperature,2020,27.33
temperature,2020,27.56
temperature,2020,27.53
temperature,2020,27.5
temperature,2020,27.47
temperature,2020,27.44
temperature,2020,27.42
temperature,2020,27.39
temperature,2020,27.36
temperature,2020,27.33
temperature,2020,27.59
temperature,2020,27.56
temperature,2020,27.53
temperature,2020,27.5
temperature,2020,27.47
temperature,2020,27.44
temperature,2020,27.42
temperature,2020,27.39
temperature,2020,27.36
temperature,2020,27.33
temperature,2020,27.59
temperature,2020,27.56
temperature,2020,27.53
temperature,2020,27.5
temperature,2020,27.47
temperature,2020,27.44
temperature,2020,27.42
temperature,2020,27.39
temperature,2020,27.36
temperature,2020,27.33
temperature,2020,27.59
temperature,2020,27.56
temperature,2020,27.53
temperature,2020,27.5
temperature,2020,27.47
temperature,2020,27.44
temperature,2020,27.42
temperature,2020,27.39
temperature,2020,27.36
temperature,2020,27.33
temperature,2020,27.59
temperature,2020,27.56
temperature,2020,27.53
temperature,2020,27.5
temperature,2020,27.47
temperature,2020,27.44
temperature,2020,27.42
temperature,2020,27.39
temperature,2020,27.36
temperature,2020,27.33
temperature,2020,27.59
temperature,2020,27.56
temperature,2020,27.53
temperature,2020,27.5
temperature,2020,27.47
temperature,2020,27.44
temperature,2020,27.42
temperature,2020,27.39
temperature,2020,27.36
temperature,2020,27.33
temperature,2020,27.59
temperature,2020,27.56
temperature,2020,27.53
temperature,2020,27.5
temperature,2020,27.47
temperature,2020,27.44
temperature,2020,27.42
temperature,2020,27.39
temperature,2020,27.36
temperature,2020,27.33
temperature,2020,27.59
temperature,2020,27.56
temperature,2020,27.53
temperature,2020,27.5
temperature,2020,27.47
temperature,2020,27.44
temperature,2020,27.42
temperature,2020,27.39
temperature,2020,27.36
temperature,2020,27.33
temperature,2020,27.59
temperature,2020,27.56
temperature,2020,27.53
temperature,2020,27.5
temperature,2020,27.47
temperature,2020,27.44
temperature,2020,27.42
temperature,2020,27.39
temperature,2020,27.36
temperature,2020,27.33
temperature,2020,27.59
temperature,2020,27.56
temperature,2020,27.53
temperature,2020,27.5
temperature,2020,27.47
temperature,2020,27.44
temperature,2020,27.42
temperature,2020,27.39
temperature,2020,27.36
temperature,2020,27.33
temperature,2020,27.3
temperature,2020,27.59
temperature,2020,27.56
temperature,2020,27.53
temperature,2020,27.5
temperature,2020,27.47
temperature,2020,27.44
temperature,2020,27.42
temperature,2020,27.39
temperature,2020,27.36
temperature,2020,27.33
temperature,2020,27.3
temperature,2020,27.56
temperature,2020,27.53
temperature,2020,27.5
temperature,2020,27.47
temperature,2020,27.44
temperature,2020,27.42
temperature,2020,27.39
temperature,2020,27.36
temperature,2020,27.33
temperature,2020,27.3
temperature,2020,27.27
temperature,2020,27.53
temperature,2020,27.5
temperature,2020,27.47
temperature,2020,27.44
temperature,2020,27.42
temperature,2020,27.39
temperature,2020,27.36
temperature,2020,27.33
temperature,2020,27.3
temperature,2020,27.27
temperature,2020,27.25
temperature,2020,27.53
temperature,2020,27.5
temperature,2020,27.47
temperature,2020,27.44
temperature,2020,27.42
temperature,2020,27.39
temperature,2020,27.36
temperature,2020,27.33
temperature,2020,27.3
temperature,2020,27.27
temperature,2020,27.25
temperature,2020,27.5
temperature,2020,27.47
temperature,2020,27.44
temperature,2020,27.42
temperature,2020,27.39
temperature,2020,27.36
temperature,2020,27.33
temperature,2020,27.3
temperature,2020,27.27
temperature,2020,27.25
temperature,2020,27.22
temperature,2020,27.5
temperature,2020,27.47
temperature,2020,27.44
temperature,2020,27.42
temperature,2020,27.39
temperature,2020,27.36
temperature,2020,27.33
temperature,2020,27.3
temperature,2020,27.27
temperature,2020,27.25
temperature,2020,27.22
temperature,2020,27.19
temperature,2020,27.47
temperature,2020,27.44
temperature,2020,27.42
temperature,2020,27.39
temperature,2020,27.36
temperature,2020,27.33
temperature,2020,27.3
temperature,2020,27.27
temperature,2020,27.25
temperature,2020,27.22
temperature,2020,27.19
temperature,2020,27.44
temperature,2020,27.42
temperature,2020,27.39
temperature,2020,27.36
temperature,2020,27.33
temperature,2020,27.3
temperature,2020,27.27
temperature,2020,27.25
temperature,2020,27.22
temperature,2020,27.19
temperature,2020,27.16
temperature,2020,27.44
temperature,2020,27.42
temperature,2020,27.39
temperature,2020,27.36
temperature,2020,27.33
temperature,2020,27.3
temperature,2020,27.27
temperature,2020,27.25
temperature,2020,27.22
temperature,2020,27.19
temperature,2020,27.16
temperature,2020,27.13
temperature,2020,27.42
temperature,2020,27.39
temperature,2020,27.36
temperature,2020,27.33
temperature,2020,27.3
temperature,2020,27.27
temperature,2020,27.25
temperature,2020,27.22
temperature,2020,27.19
temperature,2020,27.16
temperature,2020,27.13
temperature,2020,27.44
temperature,2020,27.42
temperature,2020,27.39
temperature,2020,27.36
temperature,2020,27.33
temperature,2020,27.3
temperature,2020,27.27
temperature,2020,27.25
temperature,2020,27.22
temperature,2020,27.19
temperature,2020,27.16
temperature,2020,27.13
temperature,2020,27.1
temperature,2020,27.53
temperature,2020,27.5
temperature,2020,27.47
temperature,2020,27.44
temperature,2020,27.42
temperature,2020,27.39
temperature,2020,27.36
temperature,2020,27.33
temperature,2020,27.3
temperature,2020,27.27
temperature,2020,27.25
temperature,2020,27.22
temperature,2020,27.19
temperature,2020,27.16
temperature,2020,27.13
temperature,2020,27.1
temperature,2020,27.59
temperature,2020,27.56
temperature,2020,27.53
temperature,2020,27.5
temperature,2020,27.47
temperature,2020,27.44
temperature,2020,27.42
temperature,2020,27.39
temperature,2020,27.36
temperature,2020,27.33
temperature,2020,27.3
temperature,2020,27.27
temperature,2020,27.25
temperature,2020,27.22
temperature,2020,27.19
temperature,2020,27.16
temperature,2020,27.13
temperature,2020,27.1
temperature,2020,27.64
temperature,2020,27.61
temperature,2020,27.59
temperature,2020,27.56
temperature,2020,27.53
temperature,2020,27.5
temperature,2020,27.47
temperature,2020,27.44
temperature,2020,27.42
temperature,2020,27.39
temperature,2020,27.36
temperature,2020,27.33
temperature,2020,27.3
temperature,2020,27.27
temperature,2020,27.25
temperature,2020,27.22
temperature,2020,27.19
temperature,2020,27.16
temperature,2020,27.13
temperature,2020,27.1
temperature,2020,27.73
temperature,2020,27.7
temperature,2020,27.67
temperature,2020,27.64
temperature,2020,27.61
temperature,2020,27.59
temperature,2020,27.56
temperature,2020,27.53
temperature,2020,27.5
temperature,2020,27.47
temperature,2020,27.44
temperature,2020,27.42
temperature,2020,27.39
temperature,2020,27.36
temperature,2020,27.33
temperature,2020,27.3
temperature,2020,27.27
temperature,2020,27.25
temperature,2020,27.22
temperature,2020,27.19
temperature,2020,27.16
temperature,2020,27.13
temperature,2020,27.79
temperature,2020,27.76
temperature,2020,27.73
temperature,2020,27.7
temperature,2020,27.67
temperature,2020,27.64
temperature,2020,27.61
temperature,2020,27.59
temperature,2020,27.56
temperature,2020,27.53
temperature,2020,27.5
temperature,2020,27.47
temperature,2020,27.44
temperature,2020,27.42
temperature,2020,27.39
temperature,2020,27.36
temperature,2020,27.33
temperature,2020,27.3
temperature,2020,27.27
temperature,2020,27.25
temperature,2020,27.22
temperature,2020,27.19
temperature,2020,27.16
temperature,2020,27.84
temperature,2020,27.81
temperature,2020,27.79
temperature,2020,27.76
temperature,2020,27.73
temperature,2020,27.7
temperature,2020,27.67
temperature,2020,27.64
temperature,2020,27.61
temperature,2020,27.59
temperature,2020,27.56
temperature,2020,27.53
temperature,2020,27.5
temperature,2020,27.47
temperature,2020,27.44
temperature,2020,27.42
temperature,2020,27.39
temperature,2020,27.36
temperature,2020,27.33
temperature,2020,27.3
temperature,2020,27.27
temperature,2020,27.25
temperature,2020,27.22
temperature,2020,27.19
temperature,2020,27.93
temperature,2020,27.9
temperature,2020,27.87
temperature,2020,27.84
temperature,2020,27.81
temperature,2020,27.79
temperature,2020,27.76
temperature,2020,27.73
temperature,2020,27.7
temperature,2020,27.67
temperature,2020,27.64
temperature,2020,27.61
temperature,2020,27.59
temperature,2020,27.56
temperature,2020,27.53
temperature,2020,27.5
temperature,2020,27.47
temperature,2020,27.44
temperature,2020,27.42
temperature,2020,27.39
temperature,2020,27.36
temperature,2020,27.33
temperature,2020,27.3
temperature,2020,27.27
temperature,2020,27.98
temperature,2020,27.96
temperature,2020,27.93
temperature,2020,27.9
temperature,2020,27.87
temperature,2020,27.84
temperature,2020,27.81
temperature,2020,27.79
temperature,2020,27.76
temperature,2020,27.73
temperature,2020,27.7
temperature,2020,27.67
temperature,2020,27.64
temperature,2020,27.61
temperature,2020,27.59
temperature,2020,27.56
temperature,2020,27.53
temperature,2020,27.5
temperature,2020,27.47
temperature,2020,27.44
temperature,2020,27.42
temperature,2020,27.39
temperature,2020,27.36
temperature,2020,27.33
temperature,2020,28.04
temperature,2020,28.01
temperature,2020,27.98
temperature,2020,27.96
temperature,2020,27.93
temperature,2020,27.9
temperature,2020,27.87
temperature,2020,27.84
temperature,2020,27.81
temperature,2020,27.79
temperature,2020,27.76
temperature,2020,27.73
temperature,2020,27.7
temperature,2020,27.67
temperature,2020,27.64
temperature,2020,27.61
temperature,2020,27.59
temperature,2020,27.56
temperature,2020,27.53
temperature,2020,27.5
temperature,2020,27.47
temperature,2020,27.44
temperature,2020,27.42
temperature,2020,27.39
temperature,2020,28.13
temperature,2020,28.1
temperature,2020,28.07
temperature,2020,28.04
temperature,2020,28.01
temperature,2020,27.98
temperature,2020,27.96
temperature,2020,27.93
temperature,2020,27.9
temperature,2020,27.87
temperature,2020,27.84
temperature,2020,27.81
temperature,2020,27.79
temperature,2020,27.76
temperature,2020,27.73
temperature,2020,27.7
temperature,2020,27.67
temperature,2020,27.64
temperature,2020,27.61
temperature,2020,27.59
temperature,2020,27.56
temperature,2020,27.53
temperature,2020,27.5
temperature,2020,27.47
temperature,2020,28.15
temperature,2020,28.13
temperature,2020,28.1
temperature,2020,28.07
temperature,2020,28.04
temperature,2020,28.01
temperature,2020,27.98
temperature,2020,27.96
temperature,2020,27.93
temperature,2020,27.9
temperature,2020,27.87
temperature,2020,27.84
temperature,2020,27.81
temperature,2020,27.79
temperature,2020,27.76
temperature,2020,27.73
temperature,2020,27.7
temperature,2020,27.67
temperature,2020,27.64
temperature,2020,27.61
temperature,2020,27.59
temperature,2020,27.56
temperature,2020,27.53
temperature,2020,28.18
temperature,2020,28.15
temperature,2020,28.13
temperature,2020,28.1
temperature,2020,28.07
temperature,2020,28.04
temperature,2020,28.01
temperature,2020,27.98
temperature,2020,27.96
temperature,2020,27.93
temperature,2020,27.9
temperature,2020,27.87
temperature,2020,27.84
temperature,2020,27.81
temperature,2020,27.79
temperature,2020,27.76
temperature,2020,27.73
temperature,2020,27.7
temperature,2020,27.67
temperature,2020,27.64
temperature,2020,27.61
temperature,2020,27.59
temperature,2020,28.21
temperature,2020,28.18
temperature,2020,28.15
temperature,2020,28.13
temperature,2020,28.1
temperature,2020,28.07
temperature,2020,28.04
temperature,2020,28.01
temperature,2020,27.98
temperature,2020,27.96
temperature,2020,27.93
temperature,2020,27.9
temperature,2020,27.87
temperature,2020,27.84
temperature,2020,27.81
temperature,2020,27.79
temperature,2020,27.76
temperature,2020,27.73
temperature,2020,27.7
temperature,2020,27.67
temperature,2020,27.64
temperature,2020,28.21
temperature,2020,28.18
temperature,2020,28.15
temperature,2020,28.13
temperature,2020,28.1
temperature,2020,28.07
temperature,2020,28.04
temperature,2020,28.01
temperature,2020,27.98
temperature,2020,27.96
temperature,2020,27.93
temperature,2020,27.9
temperature,2020,27.87
temperature,2020,27.84
temperature,2020,27.81
temperature,2020,27.79
temperature,2020,27.76
temperature,2020,27.73
temperature,2020,28.21
temperature,2020,28.18
temperature,2020,28.15
temperature,2020,28.13
temperature,2020,28.1
temperature,2020,28.07
temperature,2020,28.04
temperature,2020,28.01
temperature,2020,27.98
temperature,2020,27.96
temperature,2020,27.93
temperature,2020,27.9
temperature,2020,27.87
temperature,2020,27.84
temperature,2020,27.81
temperature,2020,27.79
temperature,2020,28.21
temperature,2020,28.18
temperature,2020,28.15
temperature,2020,28.13
temperature,2020,28.1
temperature,2020,28.07
temperature,2020,28.04
temperature,2020,28.01
temperature,2020,27.98
temperature,2020,27.96
temperature,2020,27.93
temperature,2020,27.9
temperature,2020,27.87
temperature,2020,27.84
temperature,2020,28.18
temperature,2020,28.15
temperature,2020,28.13
temperature,2020,28.1
temperature,2020,28.07
temperature,2020,28.04
temperature,2020,28.01
temperature,2020,27.98
temperature,2020,27.96
temperature,2020,27.93
temperature,2020,28.15
temperature,2020,28.13
temperature,2020,28.1
temperature,2020,28.07
temperature,2020,28.04
temperature,2020,28.01
temperature,2020,27.98
temperature,2020,28.13
temperature,2020,28.1
temperature,2020,28.07
temperature,2020,28.04
temperature,2021,28.84
temperature,2021,28.81
temperature,2021,28.89
temperature,2021,28.86
temperature,2021,28.84
temperature,2021,28.81
temperature,2021,28.78
temperature,2021,28.75
temperature,2021,28.92
temperature,2021,28.89
temperature,2021,28.86
temperature,2021,28.84
temperature,2021,28.81
temperature,2021,28.78
temperature,2021,28.75
temperature,2021,28.72
temperature,2021,28.92
temperature,2021,28.89
temperature,2021,28.86
temperature,2021,28.84
temperature,2021,28.81
temperature,2021,28.78
temperature,2021,28.75
temperature,2021,28.72
temperature,2021,28.69
temperature,2021,28.95
temperature,2021,28.92
temperature,2021,28.89
temperature,2021,28.86
temperature,2021,28.84
temperature,2021,28.81
temperature,2021,28.78
temperature,2021,28.75
temperature,2021,28.72
temperature,2021,28.69
temperature,2021,28.67
temperature,2021,28.95
temperature,2021,28.92
temperature,2021,28.89
temperature,2021,28.86
temperature,2021,28.84
temperature,2021,28.81
temperature,2021,28.78
temperature,2021,28.75
temperature,2021,28.72
temperature,2021,28.69
temperature,2021,28.67
temperature,2021,28.92
temperature,2021,28.89
temperature,2021,28.86
temperature,2021,28.84
temperature,2021,28.81
temperature,2021,28.78
temperature,2021,28.75
temperature,2021,28.72
temperature,2021,28.69
temperature,2021,28.67
temperature,2021,28.64
temperature,2021,28.92
temperature,2021,28.89
temperature,2021,28.86
temperature,2021,28.84
temperature,2021,28.81
temperature,2021,28.78
temperature,2021,28.75
temperature,2021,28.72
temperature,2021,28.69
temperature,2021,28.67
temperature,2021,28.64
temperature,2021,28.61
temperature,2021,28.89
temperature,2021,28.86
temperature,2021,28.84
temperature,2021,28.81
temperature,2021,28.78
temperature,2021,28.75
temperature,2021,28.72
temperature,2021,28.69
temperature,2021,28.67
temperature,2021,28.64
temperature,2021,28.61
temperature,2021,28.58
temperature,2021,28.86
temperature,2021,28.84
temperature,2021,28.81
temperature,2021,28.78
temperature,2021,28.75
temperature,2021,28.72
temperature,2021,28.69
temperature,2021,28.67
temperature,2021,28.64
temperature,2021,28.61
temperature,2021,28.58
temperature,2021,28.86
temperature,2021,28.84
temperature,2021,28.81
temperature,2021,28.78
temperature,2021,28.75
temperature,2021,28.72
temperature,2021,28.69
temperature,2021,28.67
temperature,2021,28.64
temperature,2021,28.61
temperature,2021,28.58
temperature,2021,28.55
temperature,2021,28.84
temperature,2021,28.81
temperature,2021,28.78
temperature,2021,28.75
temperature,2021,28.72
temperature,2021,28.69
temperature,2021,28.67
temperature,2021,28.64
temperature,2021,28.61
temperature,2021,28.58
temperature,2021,28.55
temperature,2021,28.52
temperature,2021,28.81
temperature,2021,28.78
temperature,2021,28.75
temperature,2021,28.72
temperature,2021,28.69
temperature,2021,28.67
temperature,2021,28.64
temperature,2021,28.61
temperature,2021,28.58
temperature,2021,28.55
temperature,2021,28.52
temperature,2021,28.5
temperature,2021,28.78
temperature,2021,28.75
temperature,2021,28.72
temperature,2021,28.69
temperature,2021,28.67
temperature,2021,28.64
temperature,2021,28.61
temperature,2021,28.58
temperature,2021,28.55
temperature,2021,28.52
temperature,2021,28.5
temperature,2021,28.47
temperature,2021,28.78
temperature,2021,28.75
temperature,2021,28.72
temperature,2021,28.69
temperature,2021,28.67
temperature,2021,28.64
temperature,2021,28.61
temperature,2021,28.58
temperature,2021,28.55
temperature,2021,28.52
temperature,2021,28.5
temperature,2021,28.47
temperature,2021,28.75
temperature,2021,28.72
temperature,2021,28.69
temperature,2021,28.67
temperature,2021,28.64
temperature,2021,28.61
temperature,2021,28.58
temperature,2021,28.55
temperature,2021,28.52
temperature,2021,28.5
temperature,2021,28.47
temperature,2021,28.44
temperature,2021,28.72
temperature,2021,28.69
temperature,2021,28.67
temperature,2021,28.64
temperature,2021,28.61
temperature,2021,28.58
temperature,2021,28.55
temperature,2021,28.52
temperature,2021,28.5
temperature,2021,28.47
temperature,2021,28.44
temperature,2021,28.41
temperature,2021,28.69
temperature,2021,28.67
temperature,2021,28.64
temperature,2021,28.61
temperature,2021,28.58
temperature,2021,28.55
temperature,2021,28.52
temperature,2021,28.5
temperature,2021,28.47
temperature,2021,28.44
temperature,2021,28.41
temperature,2021,28.38
temperature,2021,28.67
temperature,2021,28.64
temperature,2021,28.61
temperature,2021,28.58
temperature,2021,28.55
temperature,2021,28.52
temperature,2021,28.5
temperature,2021,28.47
temperature,2021,28.44
temperature,2021,28.41
temperature,2021,28.38
temperature,2021,28.35
temperature,2021,28.67
temperature,2021,28.64
temperature,2021,28.61
temperature,2021,28.58
temperature,2021,28.55
temperature,2021,28.52
temperature,2021,28.5
temperature,2021,28.47
temperature,2021,28.44
temperature,2021,28.41
temperature,2021,28.38
temperature,2021,28.35
temperature,2021,28.64
temperature,2021,28.61
temperature,2021,28.58
temperature,2021,28.55
temperature,2021,28.52
temperature,2021,28.5
temperature,2021,28.47
temperature,2021,28.44
temperature,2021,28.41
temperature,2021,28.38
temperature,2021,28.35
temperature,2021,28.32
temperature,2021,28.61
temperature,2021,28.58
temperature,2021,28.55
temperature,2021,28.52
temperature,2021,28.5
temperature,2021,28.47
temperature,2021,28.44
temperature,2021,28.41
temperature,2021,28.38
temperature,2021,28.35
temperature,2021,28.32
temperature,2021,28.3
temperature,2021,28.58
temperature,2021,28.55
temperature,2021,28.52
temperature,2021,28.5
temperature,2021,28.47
temperature,2021,28.44
temperature,2021,28.41
temperature,2021,28.38
temperature,2021,28.35
temperature,2021,28.32
temperature,2021,28.3
temperature,2021,28.27
temperature,2021,28.55
temperature,2021,28.52
temperature,2021,28.5
temperature,2021,28.47
temperature,2021,28.44
temperature,2021,28.41
temperature,2021,28.38
temperature,2021,28.35
temperature,2021,28.32
temperature,2021,28.3
temperature,2021,28.27
temperature,2021,28.24
temperature,2021,28.55
temperature,2021,28.52
temperature,2021,28.5
temperature,2021,28.47
temperature,2021,28.44
temperature,2021,28.41
temperature,2021,28.38
temperature,2021,28.35
temperature,2021,28.32
temperature,2021,28.3
temperature,2021,28.27
temperature,2021,28.24
temperature,2021,28.21
temperature,2021,28.52
temperature,2021,28.5
temperature,2021,28.47
temperature,2021,28.44
temperature,2021,28.41
temperature,2021,28.38
temperature,2021,28.35
temperature,2021,28.32
temperature,2021,28.3
temperature,2021,28.27
temperature,2021,28.24
temperature,2021,28.21
temperature,2021,28.5
temperature,2021,28.47
temperature,2021,28.44
temperature,2021,28.41
temperature,2021,28.38
temperature,2021,28.35
temperature,2021,28.32
temperature,2021,28.3
temperature,2021,28.27
temperature,2021,28.24
temperature,2021,28.21
temperature,2021,28.18
temperature,2021,28.47
temperature,2021,28.44
temperature,2021,28.41
temperature,2021,28.38
temperature,2021,28.35
temperature,2021,28.32
temperature,2021,28.3
temperature,2021,28.27
temperature,2021,28.24
temperature,2021,28.21
temperature,2021,28.18
temperature,2021,28.15
temperature,2021,28.44
temperature,2021,28.41
temperature,2021,28.38
temperature,2021,28.35
temperature,2021,28.32
temperature,2021,28.3
temperature,2021,28.27
temperature,2021,28.24
temperature,2021,28.21
temperature,2021,28.18
temperature,2021,28.15
temperature,2021,28.13
temperature,2021,28.44
temperature,2021,28.41
temperature,2021,28.38
temperature,2021,28.35
temperature,2021,28.32
temperature,2021,28.3
temperature,2021,28.27
temperature,2021,28.24
temperature,2021,28.21
temperature,2021,28.18
temperature,2021,28.15
temperature,2021,28.13
temperature,2021,28.41
temperature,2021,28.38
temperature,2021,28.35
temperature,2021,28.32
temperature,2021,28.3
temperature,2021,28.27
temperature,2021,28.24
temperature,2021,28.21
temperature,2021,28.18
temperature,2021,28.15
temperature,2021,28.13
temperature,2021,28.1
temperature,2021,28.38
temperature,2021,28.35
temperature,2021,28.32
temperature,2021,28.3
temperature,2021,28.27
temperature,2021,28.24
temperature,2021,28.21
temperature,2021,28.18
temperature,2021,28.15
temperature,2021,28.13
temperature,2021,28.1
temperature,2021,28.35
temperature,2021,28.32
temperature,2021,28.3
temperature,2021,28.27
temperature,2021,28.24
temperature,2021,28.21
temperature,2021,28.18
temperature,2021,28.15
temperature,2021,28.13
temperature,2021,28.1
temperature,2021,28.35
temperature,2021,28.32
temperature,2021,28.3
temperature,2021,28.27
temperature,2021,28.24
temperature,2021,28.21
temperature,2021,28.18
temperature,2021,28.15
temperature,2021,28.13
temperature,2021,28.1
temperature,2021,28.35
temperature,2021,28.32
temperature,2021,28.3
temperature,2021,28.27
temperature,2021,28.24
temperature,2021,28.21
temperature,2021,28.18
temperature,2021,28.15
temperature,2021,28.13
temperature,2021,28.1
temperature,2021,28.35
temperature,2021,28.32
temperature,2021,28.3
temperature,2021,28.27
temperature,2021,28.24
temperature,2021,28.21
temperature,2021,28.18
temperature,2021,28.15
temperature,2021,28.13
temperature,2021,28.1
temperature,2021,28.35
temperature,2021,28.32
temperature,2021,28.3
temperature,2021,28.27
temperature,2021,28.24
temperature,2021,28.21
temperature,2021,28.18
temperature,2021,28.15
temperature,2021,28.13
temperature,2021,28.1
temperature,2021,28.35
temperature,2021,28.32
temperature,2021,28.3
temperature,2021,28.27
temperature,2021,28.24
temperature,2021,28.21
temperature,2021,28.18
temperature,2021,28.15
temperature,2021,28.13
temperature,2021,28.1
temperature,2021,28.35
temperature,2021,28.32
temperature,2021,28.3
temperature,2021,28.27
temperature,2021,28.24
temperature,2021,28.21
temperature,2021,28.18
temperature,2021,28.15
temperature,2021,28.13
temperature,2021,28.1
temperature,2021,28.35
temperature,2021,28.32
temperature,2021,28.3
temperature,2021,28.27
temperature,2021,28.24
temperature,2021,28.21
temperature,2021,28.18
temperature,2021,28.15
temperature,2021,28.13
temperature,2021,28.1
temperature,2021,28.35
temperature,2021,28.32
temperature,2021,28.3
temperature,2021,28.27
temperature,2021,28.24
temperature,2021,28.21
temperature,2021,28.18
temperature,2021,28.15
temperature,2021,28.13
temperature,2021,28.1
temperature,2021,28.35
temperature,2021,28.32
temperature,2021,28.3
temperature,2021,28.27
temperature,2021,28.24
temperature,2021,28.21
temperature,2021,28.18
temperature,2021,28.15
temperature,2021,28.13
temperature,2021,28.1
temperature,2021,28.35
temperature,2021,28.32
temperature,2021,28.3
temperature,2021,28.27
temperature,2021,28.24
temperature,2021,28.21
temperature,2021,28.18
temperature,2021,28.15
temperature,2021,28.13
temperature,2021,28.1
temperature,2021,28.35
temperature,2021,28.32
temperature,2021,28.3
temperature,2021,28.27
temperature,2021,28.24
temperature,2021,28.21
temperature,2021,28.18
temperature,2021,28.15
temperature,2021,28.13
temperature,2021,28.1
temperature,2021,28.35
temperature,2021,28.32
temperature,2021,28.3
temperature,2021,28.27
temperature,2021,28.24
temperature,2021,28.21
temperature,2021,28.18
temperature,2021,28.15
temperature,2021,28.13
temperature,2021,28.1
temperature,2021,28.35
temperature,2021,28.32
temperature,2021,28.3
temperature,2021,28.27
temperature,2021,28.24
temperature,2021,28.21
temperature,2021,28.18
temperature,2021,28.15
temperature,2021,28.13
temperature,2021,28.1
temperature,2021,28.35
temperature,2021,28.32
temperature,2021,28.3
temperature,2021,28.27
temperature,2021,28.24
temperature,2021,28.21
temperature,2021,28.18
temperature,2021,28.15
temperature,2021,28.13
temperature,2021,28.1
temperature,2021,28.07
temperature,2021,28.32
temperature,2021,28.3
temperature,2021,28.27
temperature,2021,28.24
temperature,2021,28.21
temperature,2021,28.18
temperature,2021,28.15
temperature,2021,28.13
temperature,2021,28.1
temperature,2021,28.07
temperature,2021,28.32
temperature,2021,28.3
temperature,2021,28.27
temperature,2021,28.24
temperature,2021,28.21
temperature,2021,28.18
temperature,2021,28.15
temperature,2021,28.13
temperature,2021,28.1
temperature,2021,28.07
temperature,2021,28.3
temperature,2021,28.27
temperature,2021,28.24
temperature,2021,28.21
temperature,2021,28.18
temperature,2021,28.15
temperature,2021,28.13
temperature,2021,28.1
temperature,2021,28.07
temperature,2021,28.04
temperature,2021,28.3
temperature,2021,28.27
temperature,2021,28.24
temperature,2021,28.21
temperature,2021,28.18
temperature,2021,28.15
temperature,2021,28.13
temperature,2021,28.1
temperature,2021,28.07
temperature,2021,28.04
temperature,2021,28.3
temperature,2021,28.27
temperature,2021,28.24
temperature,2021,28.21
temperature,2021,28.18
temperature,2021,28.15
temperature,2021,28.13
temperature,2021,28.1
temperature,2021,28.07
temperature,2021,28.04
temperature,2021,28.01
temperature,2021,28.27
temperature,2021,28.24
temperature,2021,28.21
temperature,2021,28.18
temperature,2021,28.15
temperature,2021,28.13
temperature,2021,28.1
temperature,2021,28.07
temperature,2021,28.04
temperature,2021,28.01
temperature,2021,28.27
temperature,2021,28.24
temperature,2021,28.21
temperature,2021,28.18
temperature,2021,28.15
temperature,2021,28.13
temperature,2021,28.1
temperature,2021,28.07
temperature,2021,28.04
temperature,2021,28.01
temperature,2021,28.27
temperature,2021,28.24
temperature,2021,28.21
temperature,2021,28.18
temperature,2021,28.15
temperature,2021,28.13
temperature,2021,28.1
temperature,2021,28.07
temperature,2021,28.04
temperature,2021,28.01
temperature,2021,27.98
temperature,2021,28.24
temperature,2021,28.21
temperature,2021,28.18
temperature,2021,28.15
temperature,2021,28.13
temperature,2021,28.1
temperature,2021,28.07
temperature,2021,28.04
temperature,2021,28.01
temperature,2021,27.98
temperature,2021,27.96
temperature,2021,28.24
temperature,2021,28.21
temperature,2021,28.18
temperature,2021,28.15
temperature,2021,28.13
temperature,2021,28.1
temperature,2021,28.07
temperature,2021,28.04
temperature,2021,28.01
temperature,2021,27.98
temperature,2021,27.96
temperature,2021,27.93
temperature,2021,28.21
temperature,2021,28.18
temperature,2021,28.15
temperature,2021,28.13
temperature,2021,28.1
temperature,2021,28.07
temperature,2021,28.04
temperature,2021,28.01
temperature,2021,27.98
temperature,2021,27.96
temperature,2021,27.93
temperature,2021,27.9
temperature,2021,27.87
temperature,2021,28.21
temperature,2021,28.18
temperature,2021,28.15
temperature,2021,28.13
temperature,2021,28.1
temperature,2021,28.07
temperature,2021,28.04
temperature,2021,28.01
temperature,2021,27.98
temperature,2021,27.96
temperature,2021,27.93
temperature,2021,27.9
temperature,2021,27.87
temperature,2021,27.84
temperature,2021,27.81
temperature,2021,28.21
temperature,2021,28.18
temperature,2021,28.15
temperature,2021,28.13
temperature,2021,28.1
temperature,2021,28.07
temperature,2021,28.04
temperature,2021,28.01
temperature,2021,27.98
temperature,2021,27.96
temperature,2021,27.93
temperature,2021,27.9
temperature,2021,27.87
temperature,2021,27.84
temperature,2021,27.81
temperature,2021,27.79
temperature,2021,28.18
temperature,2021,28.15
temperature,2021,28.13
temperature,2021,28.1
temperature,2021,28.07
temperature,2021,28.04
temperature,2021,28.01
temperature,2021,27.98
temperature,2021,27.96
temperature,2021,27.93
temperature,2021,27.9
temperature,2021,27.87
temperature,2021,27.84
temperature,2021,27.81
temperature,2021,27.79
temperature,2021,27.76
temperature,2021,27.73
temperature,2021,28.15
temperature,2021,28.13
temperature,2021,28.1
temperature,2021,28.07
temperature,2021,28.04
temperature,2021,28.01
temperature,2021,27.98
temperature,2021,27.96
temperature,2021,27.93
temperature,2021,27.9
temperature,2021,27.87
temperature,2021,27.84
temperature,2021,27.81
temperature,2021,27.79
temperature,2021,27.76
temperature,2021,27.73
temperature,2021,27.7
temperature,2021,27.67
temperature,2021,28.13
temperature,2021,28.1
temperature,2021,28.07
temperature,2021,28.04
temperature,2021,28.01
temperature,2021,27.98
temperature,2021,27.96
temperature,2021,27.93
temperature,2021,27.9
temperature,2021,27.87
temperature,2021,27.84
temperature,2021,27.81
temperature,2021,27.79
temperature,2021,27.76
temperature,2021,27.73
temperature,2021,27.7
temperature,2021,27.67
temperature,2021,27.64
temperature,2021,28.07
temperature,2021,28.04
temperature,2021,28.01
temperature,2021,27.98
temperature,2021,27.96
temperature,2021,27.93
temperature,2021,27.9
temperature,2021,27.87
temperature,2021,27.84
temperature,2021,27.81
temperature,2021,27.79
temperature,2021,27.76
temperature,2021,27.73
temperature,2021,27.7
temperature,2021,27.67
temperature,2021,27.64
temperature,2021,27.61
temperature,2021,27.59
temperature,2021,28.04
temperature,2021,28.01
temperature,2021,27.98
temperature,2021,27.96
temperature,2021,27.93
temperature,2021,27.9
temperature,2021,27.87
temperature,2021,27.84
temperature,2021,27.81
temperature,2021,27.79
temperature,2021,27.76
temperature,2021,27.73
temperature,2021,27.7
temperature,2021,27.67
temperature,2021,27.64
temperature,2021,27.61
temperature,2021,27.59
temperature,2021,27.56
temperature,2021,27.53
temperature,2021,27.98
temperature,2021,27.96
temperature,2021,27.93
temperature,2021,27.9
temperature,2021,27.87
temperature,2021,27.84
temperature,2021,27.81
temperature,2021,27.79
temperature,2021,27.76
temperature,2021,27.73
temperature,2021,27.7
temperature,2021,27.67
temperature,2021,27.64
temperature,2021,27.61
temperature,2021,27.59
temperature,2021,27.56
temperature,2021,27.53
temperature,2021,27.5
temperature,2021,27.96
temperature,2021,27.93
temperature,2021,27.9
temperature,2021,27.87
temperature,2021,27.84
temperature,2021,27.81
temperature,2021,27.79
temperature,2021,27.76
temperature,2021,27.73
temperature,2021,27.7
temperature,2021,27.67
temperature,2021,27.64
temperature,2021,27.61
temperature,2021,27.59
temperature,2021,27.56
temperature,2021,27.53
temperature,2021,27.5
temperature,2021,27.47
temperature,2021,27.44
temperature,2021,27.9
temperature,2021,27.87
temperature,2021,27.84
temperature,2021,27.81
temperature,2021,27.79
temperature,2021,27.76
temperature,2021,27.73
temperature,2021,27.7
temperature,2021,27.67
temperature,2021,27.64
temperature,2021,27.61
temperature,2021,27.59
temperature,2021,27.56
temperature,2021,27.53
temperature,2021,27.5
temperature,2021,27.47
temperature,2021,27.44
temperature,2021,27.42
temperature,2021,27.39
temperature,2021,27.84
temperature,2021,27.81
temperature,2021,27.79
temperature,2021,27.76
temperature,2021,27.73
temperature,2021,27.7
temperature,2021,27.67
temperature,2021,27.64
temperature,2021,27.61
temperature,2021,27.59
temperature,2021,27.56
temperature,2021,27.53
temperature,2021,27.5
temperature,2021,27.47
temperature,2021,27.44
temperature,2021,27.42
temperature,2021,27.39
temperature,2021,27.36
temperature,2021,27.81
temperature,2021,27.79
temperature,2021,27.76
temperature,2021,27.73
temperature,2021,27.7
temperature,2021,27.67
temperature,2021,27.64
temperature,2021,27.61
temperature,2021,27.59
temperature,2021,27.56
temperature,2021,27.53
temperature,2021,27.5
temperature,2021,27.47
temperature,2021,27.44
temperature,2021,27.42
temperature,2021,27.39
temperature,2021,27.36
temperature,2021,27.76
temperature,2021,27.73
temperature,2021,27.7
temperature,2021,27.67
temperature,2021,27.64
temperature,2021,27.61
temperature,2021,27.59
temperature,2021,27.56
temperature,2021,27.53
temperature,2021,27.5
temperature,2021,27.47
temperature,2021,27.44
temperature,2021,27.42
temperature,2021,27.39
temperature,2021,27.36
temperature,2021,27.33
temperature,2021,27.7
temperature,2021,27.67
temperature,2021,27.64
temperature,2021,27.61
temperature,2021,27.59
temperature,2021,27.56
temperature,2021,27.53
temperature,2021,27.5
temperature,2021,27.47
temperature,2021,27.44
temperature,2021,27.42
temperature,2021,27.39
temperature,2021,27.36
temperature,2021,27.33
temperature,2021,27.73
temperature,2021,27.7
temperature,2021,27.67
temperature,2021,27.64
temperature,2021,27.61
temperature,2021,27.59
temperature,2021,27.56
temperature,2021,27.53
temperature,2021,27.5
temperature,2021,27.47
temperature,2021,27.44
temperature,2021,27.42
temperature,2021,27.39
temperature,2021,27.36
temperature,2021,27.33
temperature,2021,27.79
temperature,2021,27.76
temperature,2021,27.73
temperature,2021,27.7
temperature,2021,27.67
temperature,2021,27.64
temperature,2021,27.61
temperature,2021,27.59
temperature,2021,27.56
temperature,2021,27.53
temperature,2021,27.5
temperature,2021,27.47
temperature,2021,27.44
temperature,2021,27.42
temperature,2021,27.39
temperature,2021,27.36
temperature,2021,27.33
temperature,2021,27.84
temperature,2021,27.81
temperature,2021,27.79
temperature,2021,27.76
temperature,2021,27.73
temperature,2021,27.7
temperature,2021,27.67
temperature,2021,27.64
temperature,2021,27.61
temperature,2021,27.59
temperature,2021,27.56
temperature,2021,27.53
temperature,2021,27.5
temperature,2021,27.47
temperature,2021,27.44
temperature,2021,27.42
temperature,2021,27.39
temperature,2021,27.36
temperature,2021,27.9
temperature,2021,27.87
temperature,2021,27.84
temperature,2021,27.81
temperature,2021,27.79
temperature,2021,27.76
temperature,2021,27.73
temperature,2021,27.7
temperature,2021,27.67
temperature,2021,27.64
temperature,2021,27.61
temperature,2021,27.59
temperature,2021,27.56
temperature,2021,27.53
temperature,2021,27.5
temperature,2021,27.47
temperature,2021,27.44
temperature,2021,27.42
temperature,2021,27.39
temperature,2021,27.93
temperature,2021,27.9
temperature,2021,27.87
temperature,2021,27.84
temperature,2021,27.81
temperature,2021,27.79
temperature,2021,27.76
temperature,2021,27.73
temperature,2021,27.7
temperature,2021,27.67
temperature,2021,27.64
temperature,2021,27.61
temperature,2021,27.59
temperature,2021,27.56
temperature,2021,27.53
temperature,2021,27.5
temperature,2021,27.47
temperature,2021,27.44
temperature,2021,27.42
temperature,2021,27.98
temperature,2021,27.96
temperature,2021,27.93
temperature,2021,27.9
temperature,2021,27.87
temperature,2021,27.84
temperature,2021,27.81
temperature,2021,27.79
temperature,2021,27.76
temperature,2021,27.73
temperature,2021,27.7
temperature,2021,27.67
temperature,2021,27.64
temperature,2021,27.61
temperature,2021,27.59
temperature,2021,27.56
temperature,2021,27.53
temperature,2021,27.5
temperature,2021,27.47
temperature,2021,28.04
temperature,2021,28.01
temperature,2021,27.98
temperature,2021,27.96
temperature,2021,27.93
temperature,2021,27.9
temperature,2021,27.87
temperature,2021,27.84
temperature,2021,27.81
temperature,2021,27.79
temperature,2021,27.76
temperature,2021,27.73
temperature,2021,27.7
temperature,2021,27.67
temperature,2021,27.64
temperature,2021,27.61
temperature,2021,27.59
temperature,2021,27.56
temperature,2021,27.53
temperature,2021,28.1
temperature,2021,28.07
temperature,2021,28.04
temperature,2021,28.01
temperature,2021,27.98
temperature,2021,27.96
temperature,2021,27.93
temperature,2021,27.9
temperature,2021,27.87
temperature,2021,27.84
temperature,2021,27.81
temperature,2021,27.79
temperature,2021,27.76
temperature,2021,27.73
temperature,2021,27.7
temperature,2021,27.67
temperature,2021,27.64
temperature,2021,27.61
temperature,2021,27.59
temperature,2021,28.13
temperature,2021,28.1
temperature,2021,28.07
temperature,2021,28.04
temperature,2021,28.01
temperature,2021,27.98
temperature,2021,27.96
temperature,2021,27.93
temperature,2021,27.9
temperature,2021,27.87
temperature,2021,27.84
temperature,2021,27.81
temperature,2021,27.79
temperature,2021,27.76
temperature,2021,27.73
temperature,2021,27.7
temperature,2021,27.67
temperature,2021,27.64
temperature,2021,27.61
temperature,2021,28.18
temperature,2021,28.15
temperature,2021,28.13
temperature,2021,28.1
temperature,2021,28.07
temperature,2021,28.04
temperature,2021,28.01
temperature,2021,27.98
temperature,2021,27.96
temperature,2021,27.93
temperature,2021,27.9
temperature,2021,27.87
temperature,2021,27.84
temperature,2021,27.81
temperature,2021,27.79
temperature,2021,27.76
temperature,2021,27.73
temperature,2021,27.7
temperature,2021,27.67
temperature,2021,28.21
temperature,2021,28.18
temperature,2021,28.15
temperature,2021,28.13
temperature,2021,28.1
temperature,2021,28.07
temperature,2021,28.04
temperature,2021,28.01
temperature,2021,27.98
temperature,2021,27.96
temperature,2021,27.93
temperature,2021,27.9
temperature,2021,27.87
temperature,2021,27.84
temperature,2021,27.81
temperature,2021,27.79
temperature,2021,27.76
temperature,2021,27.73
temperature,2021,28.21
temperature,2021,28.18
temperature,2021,28.15
temperature,2021,28.13
temperature,2021,28.1
temperature,2021,28.07
temperature,2021,28.04
temperature,2021,28.01
temperature,2021,27.98
temperature,2021,27.96
temperature,2021,27.93
temperature,2021,27.9
temperature,2021,27.87
temperature,2021,27.84
temperature,2021,27.81
temperature,2021,27.79
temperature,2021,28.21
temperature,2021,28.18
temperature,2021,28.15
temperature,2021,28.13
temperature,2021,28.1
temperature,2021,28.07
temperature,2021,28.04
temperature,2021,28.01
temperature,2021,27.98
temperature,2021,27.96
temperature,2021,27.93
temperature,2021,27.9
temperature,2021,27.87
temperature,2021,27.84
temperature,2021,27.81
temperature,2021,28.21
temperature,2021,28.18
temperature,2021,28.15
temperature,2021,28.13
temperature,2021,28.1
temperature,2021,28.07
temperature,2021,28.04
temperature,2021,28.01
temperature,2021,27.98
temperature,2021,27.96
temperature,2021,27.93
temperature,2021,27.9
temperature,2021,27.87
temperature,2021,28.21
temperature,2021,28.18
temperature,2021,28.15
temperature,2021,28.13
temperature,2021,28.1
temperature,2021,28.07
temperature,2021,28.04
temperature,2021,28.01
temperature,2021,27.98
temperature,2021,27.96
temperature,2021,27.93
temperature,2021,27.9
temperature,2021,27.87
temperature,2021,28.18
temperature,2021,28.15
temperature,2021,28.13
temperature,2021,28.1
temperature,2021,28.07
temperature,2021,28.04
temperature,2021,28.01
temperature,2021,27.98
temperature,2021,27.96
temperature,2021,27.93
temperature,2021,27.9
temperature,2021,27.87
temperature,2021,27.84
temperature,2021,28.18
temperature,2021,28.15
temperature,2021,28.13
temperature,2021,28.1
temperature,2021,28.07
temperature,2021,28.04
temperature,2021,28.01
temperature,2021,27.98
temperature,2021,27.96
temperature,2021,27.93
temperature,2021,27.9
temperature,2021,27.87
temperature,2021,27.84
temperature,2021,27.81
temperature,2021,28.15
temperature,2021,28.13
temperature,2021,28.1
temperature,2021,28.07
temperature,2021,28.04
temperature,2021,28.01
temperature,2021,27.98
temperature,2021,27.96
temperature,2021,27.93
temperature,2021,27.9
temperature,2021,27.87
temperature,2021,27.84
temperature,2021,27.81
temperature,2021,27.79
temperature,2021,28.13
temperature,2021,28.1
temperature,2021,28.07
temperature,2021,28.04
temperature,2021,28.01
temperature,2021,27.98
temperature,2021,27.96
temperature,2021,27.93
temperature,2021,27.9
temperature,2021,27.87
temperature,2021,27.84
temperature,2021,27.81
temperature,2021,27.79
temperature,2021,27.76
temperature,2021,28.07
temperature,2021,28.04
temperature,2021,28.01
temperature,2021,27.98
temperature,2021,27.96
temperature,2021,27.93
temperature,2021,27.9
temperature,2021,27.87
temperature,2021,27.84
temperature,2021,27.81
temperature,2021,27.79
temperature,2021,27.76
temperature,2021,27.73
temperature,2021,27.7
temperature,2021,28.04
temperature,2021,28.01
temperature,2021,27.98
temperature,2021,27.96
temperature,2021,27.93
temperature,2021,27.9
temperature,2021,27.87
temperature,2021,27.84
temperature,2021,27.81
temperature,2021,27.79
temperature,2021,27.76
temperature,2021,27.73
temperature,2021,27.7
temperature,2021,27.67
temperature,2021,28.01
temperature,2021,27.98
temperature,2021,27.96
temperature,2021,27.93
temperature,2021,27.9
temperature,2021,27.87
temperature,2021,27.84
temperature,2021,27.81
temperature,2021,27.79
temperature,2021,27.76
temperature,2021,27.73
temperature,2021,27.7
temperature,2021,27.67
temperature,2021,27.64
temperature,2021,27.98
temperature,2021,27.96
temperature,2021,27.93
temperature,2021,27.9
temperature,2021,27.87
temperature,2021,27.84
temperature,2021,27.81
temperature,2021,27.79
temperature,2021,27.76
temperature,2021,27.73
temperature,2021,27.7
temperature,2021,27.67
temperature,2021,27.64
temperature,2021,27.61
temperature,2021,27.96
temperature,2021,27.93
temperature,2021,27.9
temperature,2021,27.87
temperature,2021,27.84
temperature,2021,27.81
temperature,2021,27.79
temperature,2021,27.76
temperature,2021,27.73
temperature,2021,27.7
temperature,2021,27.67
temperature,2021,27.64
temperature,2021,27.61
temperature,2021,27.59
temperature,2021,27.93
temperature,2021,27.9
temperature,2021,27.87
temperature,2021,27.84
temperature,2021,27.81
temperature,2021,27.79
temperature,2021,27.76
temperature,2021,27.73
temperature,2021,27.7
temperature,2021,27.67
temperature,2021,27.64
temperature,2021,27.61
temperature,2021,27.59
temperature,2021,27.9
temperature,2021,27.87
temperature,2021,27.84
temperature,2021,27.81
temperature,2021,27.79
temperature,2021,27.76
temperature,2021,27.73
temperature,2021,27.7
temperature,2021,27.67
temperature,2021,27.64
temperature,2021,27.61
temperature,2021,27.59
temperature,2021,27.56
temperature,2021,27.93
temperature,2021,27.9
temperature,2021,27.87
temperature,2021,27.84
temperature,2021,27.81
temperature,2021,27.79
temperature,2021,27.76
temperature,2021,27.73
temperature,2021,27.7
temperature,2021,27.67
temperature,2021,27.64
temperature,2021,27.61
temperature,2021,27.59
temperature,2021,27.56
temperature,2021,27.98
temperature,2021,27.96
temperature,2021,27.93
temperature,2021,27.9
temperature,2021,27.87
temperature,2021,27.84
temperature,2021,27.81
temperature,2021,27.79
temperature,2021,27.76
temperature,2021,27.73
temperature,2021,27.7
temperature,2021,27.67
temperature,2021,27.64
temperature,2021,27.61
temperature,2021,27.59
temperature,2021,27.56
temperature,2021,28.04
temperature,2021,28.01
temperature,2021,27.98
temperature,2021,27.96
temperature,2021,27.93
temperature,2021,27.9
temperature,2021,27.87
temperature,2021,27.84
temperature,2021,27.81
temperature,2021,27.79
temperature,2021,27.76
temperature,2021,27.73
temperature,2021,27.7
temperature,2021,27.67
temperature,2021,27.64
temperature,2021,27.61
temperature,2021,27.59
temperature,2021,28.07
temperature,2021,28.04
temperature,2021,28.01
temperature,2021,27.98
temperature,2021,27.96
temperature,2021,27.93
temperature,2021,27.9
temperature,2021,27.87
temperature,2021,27.84
temperature,2021,27.81
temperature,2021,27.79
temperature,2021,27.76
temperature,2021,27.73
temperature,2021,27.7
temperature,2021,27.67
temperature,2021,27.64
temperature,2021,27.61
temperature,2021,27.59
temperature,2021,28.13
temperature,2021,28.1
temperature,2021,28.07
temperature,2021,28.04
temperature,2021,28.01
temperature,2021,27.98
temperature,2021,27.96
temperature,2021,27.93
temperature,2021,27.9
temperature,2021,27.87
temperature,2021,27.84
temperature,2021,27.81
temperature,2021,27.79
temperature,2021,27.76
temperature,2021,27.73
temperature,2021,27.7
temperature,2021,27.67
temperature,2021,27.64
temperature,2021,28.18
temperature,2021,28.15
temperature,2021,28.13
temperature,2021,28.1
temperature,2021,28.07
temperature,2021,28.04
temperature,2021,28.01
temperature,2021,27.98
temperature,2021,27.96
temperature,2021,27.93
temperature,2021,27.9
temperature,2021,27.87
temperature,2021,27.84
temperature,2021,27.81
temperature,2021,27.79
temperature,2021,27.76
temperature,2021,27.73
temperature,2021,27.7
temperature,2021,27.67
temperature,2021,28.21
temperature,2021,28.18
temperature,2021,28.15
temperature,2021,28.13
temperature,2021,28.1
temperature,2021,28.07
temperature,2021,28.04
temperature,2021,28.01
temperature,2021,27.98
temperature,2021,27.96
temperature,2021,27.93
temperature,2021,27.9
temperature,2021,27.87
temperature,2021,27.84
temperature,2021,27.81
temperature,2021,27.79
temperature,2021,27.76
temperature,2021,27.73
temperature,2021,29.8
temperature,2021,28.27
temperature,2021,28.24
temperature,2021,28.21
temperature,2021,28.18
temperature,2021,28.15
temperature,2021,28.13
temperature,2021,28.1
temperature,2021,28.07
temperature,2021,28.04
temperature,2021,28.01
temperature,2021,27.98
temperature,2021,27.96
temperature,2021,27.93
temperature,2021,27.9
temperature,2021,27.87
temperature,2021,27.84
temperature,2021,27.81
temperature,2021,27.79
temperature,2021,29.83
temperature,2021,29.8
temperature,2021,28.32
temperature,2021,28.3
temperature,2021,28.27
temperature,2021,28.24
temperature,2021,28.21
temperature,2021,28.18
temperature,2021,28.15
temperature,2021,28.13
temperature,2021,28.1
temperature,2021,28.07
temperature,2021,28.04
temperature,2021,28.01
temperature,2021,27.98
temperature,2021,27.96
temperature,2021,27.93
temperature,2021,27.9
temperature,2021,27.87
temperature,2021,27.84
temperature,2021,27.81
temperature,2021,29.89
temperature,2021,29.86
temperature,2021,29.83
temperature,2021,29.8
temperature,2021,28.35
temperature,2021,28.32
temperature,2021,28.3
temperature,2021,28.27
temperature,2021,28.24
temperature,2021,28.21
temperature,2021,28.18
temperature,2021,28.15
temperature,2021,28.13
temperature,2021,28.1
temperature,2021,28.07
temperature,2021,28.04
temperature,2021,28.01
temperature,2021,27.98
temperature,2021,27.96
temperature,2021,27.93
temperature,2021,27.9
temperature,2021,27.87
temperature,2021,29.89
temperature,2021,29.86
temperature,2021,29.83
temperature,2021,29.8
temperature,2021,28.41
temperature,2021,28.38
temperature,2021,28.35
temperature,2021,28.32
temperature,2021,28.3
temperature,2021,28.27
temperature,2021,28.24
temperature,2021,28.21
temperature,2021,28.18
temperature,2021,28.15
temperature,2021,28.13
temperature,2021,28.1
temperature,2021,28.07
temperature,2021,28.04
temperature,2021,28.01
temperature,2021,27.98
temperature,2021,27.96
temperature,2021,27.93
temperature,2021,29.89
temperature,2021,29.86
temperature,2021,29.83
temperature,2021,29.8
temperature,2021,28.44
temperature,2021,28.41
temperature,2021,28.38
temperature,2021,28.35
temperature,2021,28.32
temperature,2021,28.3
temperature,2021,28.27
temperature,2021,28.24
temperature,2021,28.21
temperature,2021,28.18
temperature,2021,28.15
temperature,2021,28.13
temperature,2021,28.1
temperature,2021,28.07
temperature,2021,28.04
temperature,2021,28.01
temperature,2021,27.98
temperature,2021,27.96
temperature,2021,29.89
temperature,2021,29.86
temperature,2021,29.83
temperature,2021,29.8
temperature,2021,28.47
temperature,2021,28.44
temperature,2021,28.41
temperature,2021,28.38
temperature,2021,28.35
temperature,2021,28.32
temperature,2021,28.3
temperature,2021,28.27
temperature,2021,28.24
temperature,2021,28.21
temperature,2021,28.18
temperature,2021,28.15
temperature,2021,28.13
temperature,2021,28.1
temperature,2021,28.07
temperature,2021,28.04
temperature,2021,28.01
temperature,2021,29.89
temperature,2021,29.86
temperature,2021,29.83
temperature,2021,29.8
temperature,2021,28.5
temperature,2021,28.47
temperature,2021,28.44
temperature,2021,28.41
temperature,2021,28.38
temperature,2021,28.35
temperature,2021,28.32
temperature,2021,28.3
temperature,2021,28.27
temperature,2021,28.24
temperature,2021,28.21
temperature,2021,28.18
temperature,2021,28.15
temperature,2021,28.13
temperature,2021,28.1
temperature,2021,28.07
temperature,2021,29.89
temperature,2021,29.86
temperature,2021,29.83
temperature,2021,29.8
temperature,2021,28.52
temperature,2021,28.5
temperature,2021,28.47
temperature,2021,28.44
temperature,2021,28.41
temperature,2021,28.38
temperature,2021,28.35
temperature,2021,28.32
temperature,2021,28.3
temperature,2021,28.27
temperature,2021,28.24
temperature,2021,28.21
temperature,2021,28.18
temperature,2021,28.15
temperature,2021,28.13
temperature,2021,28.1
temperature,2021,29.89
temperature,2021,29.86
temperature,2021,29.83
temperature,2021,29.8
temperature,2021,28.55
temperature,2021,28.52
temperature,2021,28.5
temperature,2021,28.47
temperature,2021,28.44
temperature,2021,28.41
temperature,2021,28.38
temperature,2021,28.35
temperature,2021,28.32
temperature,2021,28.3
temperature,2021,28.27
temperature,2021,28.24
temperature,2021,28.21
temperature,2021,28.18
temperature,2021,28.15
temperature,2021,29.89
temperature,2021,29.86
temperature,2021,29.83
temperature,2021,29.8
temperature,2021,28.58
temperature,2021,28.55
temperature,2021,28.52
temperature,2021,28.5
temperature,2021,28.47
temperature,2021,28.44
temperature,2021,28.41
temperature,2021,28.38
temperature,2021,28.35
temperature,2021,28.32
temperature,2021,28.3
temperature,2021,28.27
temperature,2021,28.24
temperature,2021,28.21
temperature,2021,29.89
temperature,2021,29.86
temperature,2021,29.83
temperature,2021,29.8
temperature,2021,28.61
temperature,2021,28.58
temperature,2021,28.55
temperature,2021,28.52
temperature,2021,28.5
temperature,2021,28.47
temperature,2021,28.44
temperature,2021,28.41
temperature,2021,28.38
temperature,2021,28.35
temperature,2021,28.32
temperature,2021,28.3
temperature,2021,28.27
temperature,2021,28.24
temperature,2021,29.89
temperature,2021,29.86
temperature,2021,29.83
temperature,2021,29.8
temperature,2021,28.64
temperature,2021,28.61
temperature,2021,28.58
temperature,2021,28.55
temperature,2021,28.52
temperature,2021,28.5
temperature,2021,28.47
temperature,2021,28.44
temperature,2021,28.41
temperature,2021,28.38
temperature,2021,28.35
temperature,2021,28.32
temperature,2021,28.3
temperature,2021,28.27
temperature,2021,29.89
temperature,2021,29.86
temperature,2021,29.83
temperature,2021,29.8
temperature,2021,28.64
temperature,2021,28.61
temperature,2021,28.58
temperature,2021,28.55
temperature,2021,28.52
temperature,2021,28.5
temperature,2021,28.47
temperature,2021,28.44
temperature,2021,28.41
temperature,2021,28.38
temperature,2021,28.35
temperature,2021,28.32
temperature,2021,28.3
temperature,2021,29.89
temperature,2021,29.86
temperature,2021,29.83
temperature,2021,29.8
temperature,2021,28.67
temperature,2021,28.64
temperature,2021,28.61
temperature,2021,28.58
temperature,2021,28.55
temperature,2021,28.52
temperature,2021,28.5
temperature,2021,28.47
temperature,2021,28.44
temperature,2021,28.41
temperature,2021,28.38
temperature,2021,28.35
temperature,2021,28.32
temperature,2021,29.89
temperature,2021,29.86
temperature,2021,29.83
temperature,2021,29.8
temperature,2021,28.69
temperature,2021,28.67
temperature,2021,28.64
temperature,2021,28.61
temperature,2021,28.58
temperature,2021,28.55
temperature,2021,28.52
temperature,2021,28.5
temperature,2021,28.47
temperature,2021,28.44
temperature,2021,28.41
temperature,2021,28.38
temperature,2021,28.35
temperature,2021,29.89
temperature,2021,29.86
temperature,2021,29.83
temperature,2021,29.8
temperature,2021,28.75
temperature,2021,28.72
temperature,2021,28.69
temperature,2021,28.67
temperature,2021,28.64
temperature,2021,28.61
temperature,2021,28.58
temperature,2021,28.55
temperature,2021,28.52
temperature,2021,28.5
temperature,2021,28.47
temperature,2021,28.44
temperature,2021,28.41
temperature,2021,28.38
temperature,2021,29.89
temperature,2021,29.86
temperature,2021,29.83
temperature,2021,29.8
temperature,2021,28.84
temperature,2021,28.81
temperature,2021,28.78
temperature,2021,28.75
temperature,2021,28.72
temperature,2021,28.69
temperature,2021,28.67
temperature,2021,28.64
temperature,2021,28.61
temperature,2021,28.58
temperature,2021,28.55
temperature,2021,28.52
temperature,2021,28.5
temperature,2021,28.47
temperature,2021,28.44
temperature,2021,28.41
temperature,2021,29.89
temperature,2021,29.86
temperature,2021,29.83
temperature,2021,29.8
temperature,2021,28.92
temperature,2021,28.89
temperature,2021,28.86
temperature,2021,28.84
temperature,2021,28.81
temperature,2021,28.78
temperature,2021,28.75
temperature,2021,28.72
temperature,2021,28.69
temperature,2021,28.67
temperature,2021,28.64
temperature,2021,28.61
temperature,2021,28.58
temperature,2021,28.55
temperature,2021,28.52
temperature,2021,28.5
temperature,2021,28.47
temperature,2021,28.44
temperature,2021,29.89
temperature,2021,29.86
temperature,2021,29.83
temperature,2021,29.8
temperature,2021,29.01
temperature,2021,28.98
temperature,2021,28.95
temperature,2021,28.92
temperature,2021,28.89
temperature,2021,28.86
temperature,2021,28.84
temperature,2021,28.81
temperature,2021,28.78
temperature,2021,28.75
temperature,2021,28.72
temperature,2021,28.69
temperature,2021,28.67
temperature,2021,28.64
temperature,2021,28.61
temperature,2021,28.58
temperature,2021,28.55
temperature,2021,28.52
temperature,2021,28.5
temperature,2021,28.47
temperature,2021,29.89
temperature,2021,29.86
temperature,2021,29.83
temperature,2021,29.8
temperature,2021,29.06
temperature,2021,29.04
temperature,2021,29.01
temperature,2021,28.98
temperature,2021,28.95
temperature,2021,28.92
temperature,2021,28.89
temperature,2021,28.86
temperature,2021,28.84
temperature,2021,28.81
temperature,2021,28.78
temperature,2021,28.75
temperature,2021,28.72
temperature,2021,28.69
temperature,2021,28.67
temperature,2021,28.64
temperature,2021,28.61
temperature,2021,28.58
temperature,2021,28.55
temperature,2021,28.52
temperature,2021,28.5
temperature,2021,29.89
temperature,2021,29.86
temperature,2021,29.83
temperature,2021,29.8
temperature,2021,29.15
temperature,2021,29.12
temperature,2021,29.09
temperature,2021,29.06
temperature,2021,29.04
temperature,2021,29.01
temperature,2021,28.98
temperature,2021,28.95
temperature,2021,28.92
temperature,2021,28.89
temperature,2021,28.86
temperature,2021,28.84
temperature,2021,28.81
temperature,2021,28.78
temperature,2021,28.75
temperature,2021,28.72
temperature,2021,28.69
temperature,2021,28.67
temperature,2021,28.64
temperature,2021,28.61
temperature,2021,28.58
temperature,2021,28.55
temperature,2021,28.52
temperature,2021,29.89
temperature,2021,29.86
temperature,2021,29.83
temperature,2021,29.8
temperature,2021,29.23
temperature,2021,29.21
temperature,2021,29.18
temperature,2021,29.15
temperature,2021,29.12
temperature,2021,29.09
temperature,2021,29.06
temperature,2021,29.04
temperature,2021,29.01
temperature,2021,28.98
temperature,2021,28.95
temperature,2021,28.92
temperature,2021,28.89
temperature,2021,28.86
temperature,2021,28.84
temperature,2021,28.81
temperature,2021,28.78
temperature,2021,28.75
temperature,2021,28.72
temperature,2021,28.69
temperature,2021,28.67
temperature,2021,28.64
temperature,2021,28.61
temperature,2021,28.58
temperature,2021,28.55
temperature,2021,29.89
temperature,2021,29.86
temperature,2021,29.83
temperature,2021,29.8
temperature,2021,29.32
temperature,2021,29.29
temperature,2021,29.26
temperature,2021,29.23
temperature,2021,29.21
temperature,2021,29.18
temperature,2021,29.15
temperature,2021,29.12
temperature,2021,29.09
temperature,2021,29.06
temperature,2021,29.04
temperature,2021,29.01
temperature,2021,28.98
temperature,2021,28.95
temperature,2021,28.92
temperature,2021,28.89
temperature,2021,28.86
temperature,2021,28.84
temperature,2021,28.81
temperature,2021,28.78
temperature,2021,28.75
temperature,2021,28.72
temperature,2021,28.69
temperature,2021,28.67
temperature,2021,28.64
temperature,2021,28.61
temperature,2021,28.58
temperature,2022,29.89
temperature,2022,29.86
temperature,2022,29.83
temperature,2022,29.8
temperature,2022,29.38
temperature,2022,29.35
temperature,2022,29.32
temperature,2022,29.29
temperature,2022,29.26
temperature,2022,29.23
temperature,2022,29.21
temperature,2022,29.18
temperature,2022,29.15
temperature,2022,29.12
temperature,2022,29.09
temperature,2022,29.06
temperature,2022,29.04
temperature,2022,29.01
temperature,2022,28.98
temperature,2022,28.95
temperature,2022,28.92
temperature,2022,28.89
temperature,2022,28.86
temperature,2022,28.84
temperature,2022,28.81
temperature,2022,28.78
temperature,2022,28.75
temperature,2022,28.72
temperature,2022,28.69
temperature,2022,28.67
temperature,2022,28.64
temperature,2022,28.61
temperature,2022,29.89
temperature,2022,29.86
temperature,2022,29.83
temperature,2022,29.8
temperature,2022,29.46
temperature,2022,29.43
temperature,2022,29.4
temperature,2022,29.38
temperature,2022,29.35
temperature,2022,29.32
temperature,2022,29.29
temperature,2022,29.26
temperature,2022,29.23
temperature,2022,29.21
temperature,2022,29.18
temperature,2022,29.15
temperature,2022,29.12
temperature,2022,29.09
temperature,2022,29.06
temperature,2022,29.04
temperature,2022,29.01
temperature,2022,28.98
temperature,2022,28.95
temperature,2022,28.92
temperature,2022,28.89
temperature,2022,28.86
temperature,2022,28.84
temperature,2022,28.81
temperature,2022,28.78
temperature,2022,28.75
temperature,2022,28.72
temperature,2022,28.69
temperature,2022,29.89
temperature,2022,29.86
temperature,2022,29.83
temperature,2022,29.8
temperature,2022,29.55
temperature,2022,29.52
temperature,2022,29.49
temperature,2022,29.46
temperature,2022,29.43
temperature,2022,29.4
temperature,2022,29.38
temperature,2022,29.35
temperature,2022,29.32
temperature,2022,29.29
temperature,2022,29.26
temperature,2022,29.23
temperature,2022,29.21
temperature,2022,29.18
temperature,2022,29.15
temperature,2022,29.12
temperature,2022,29.09
temperature,2022,29.06
temperature,2022,29.04
temperature,2022,29.01
temperature,2022,28.98
temperature,2022,28.95
temperature,2022,28.92
temperature,2022,28.89
temperature,2022,28.86
temperature,2022,28.84
temperature,2022,28.81
temperature,2022,28.78
temperature,2022,29.89
temperature,2022,29.86
temperature,2022,29.83
temperature,2022,29.8
temperature,2022,29.63
temperature,2022,29.6
temperature,2022,29.57
temperature,2022,29.55
temperature,2022,29.52
temperature,2022,29.49
temperature,2022,29.46
temperature,2022,29.43
temperature,2022,29.4
temperature,2022,29.38
temperature,2022,29.35
temperature,2022,29.32
temperature,2022,29.29
temperature,2022,29.26
temperature,2022,29.23
temperature,2022,29.21
temperature,2022,29.18
temperature,2022,29.15
temperature,2022,29.12
temperature,2022,29.09
temperature,2022,29.06
temperature,2022,29.04
temperature,2022,29.01
temperature,2022,28.98
temperature,2022,28.95
temperature,2022,28.92
temperature,2022,28.89
temperature,2022,28.86
temperature,2022,29.89
temperature,2022,29.86
temperature,2022,29.83
temperature,2022,29.8
temperature,2022,29.69
temperature,2022,29.66
temperature,2022,29.63
temperature,2022,29.6
temperature,2022,29.57
temperature,2022,29.55
temperature,2022,29.52
temperature,2022,29.49
temperature,2022,29.46
temperature,2022,29.43
temperature,2022,29.4
temperature,2022,29.38
temperature,2022,29.35
temperature,2022,29.32
temperature,2022,29.29
temperature,2022,29.26
temperature,2022,29.23
temperature,2022,29.21
temperature,2022,29.18
temperature,2022,29.15
temperature,2022,29.12
temperature,2022,29.09
temperature,2022,29.06
temperature,2022,29.04
temperature,2022,29.01
temperature,2022,28.98
temperature,2022,28.95
temperature,2022,28.92
temperature,2022,29.89
temperature,2022,29.86
temperature,2022,29.83
temperature,2022,29.8
temperature,2022,29.77
temperature,2022,29.75
temperature,2022,29.72
temperature,2022,29.69
temperature,2022,29.66
temperature,2022,29.63
temperature,2022,29.6
temperature,2022,29.57
temperature,2022,29.55
temperature,2022,29.52
temperature,2022,29.49
temperature,2022,29.46
temperature,2022,29.43
temperature,2022,29.4
temperature,2022,29.38
temperature,2022,29.35
temperature,2022,29.32
temperature,2022,29.29
temperature,2022,29.26
temperature,2022,29.23
temperature,2022,29.21
temperature,2022,29.18
temperature,2022,29.15
temperature,2022,29.12
temperature,2022,29.09
temperature,2022,29.06
temperature,2022,29.04
temperature,2022,29.01
temperature,2022,29.89
temperature,2022,29.86
temperature,2022,29.83
temperature,2022,29.8
temperature,2022,29.77
temperature,2022,29.75
temperature,2022,29.72
temperature,2022,29.69
temperature,2022,29.66
temperature,2022,29.63
temperature,2022,29.6
temperature,2022,29.57
temperature,2022,29.55
temperature,2022,29.52
temperature,2022,29.49
temperature,2022,29.46
temperature,2022,29.43
temperature,2022,29.4
temperature,2022,29.38
temperature,2022,29.35
temperature,2022,29.32
temperature,2022,29.29
temperature,2022,29.26
temperature,2022,29.23
temperature,2022,29.21
temperature,2022,29.18
temperature,2022,29.15
temperature,2022,29.12
temperature,2022,29.09
temperature,2022,29.89
temperature,2022,29.86
temperature,2022,29.83
temperature,2022,29.8
temperature,2022,29.77
temperature,2022,29.75
temperature,2022,29.72
temperature,2022,29.69
temperature,2022,29.66
temperature,2022,29.63
temperature,2022,29.6
temperature,2022,29.57
temperature,2022,29.55
temperature,2022,29.52
temperature,2022,29.49
temperature,2022,29.46
temperature,2022,29.43
temperature,2022,29.4
temperature,2022,29.38
temperature,2022,29.35
temperature,2022,29.32
temperature,2022,29.29
temperature,2022,29.26
temperature,2022,29.23
temperature,2022,29.21
temperature,2022,29.18
temperature,2022,29.89
temperature,2022,29.86
temperature,2022,29.83
temperature,2022,29.8
temperature,2022,29.77
temperature,2022,29.75
temperature,2022,29.72
temperature,2022,29.69
temperature,2022,29.66
temperature,2022,29.63
temperature,2022,29.6
temperature,2022,29.57
temperature,2022,29.55
temperature,2022,29.52
temperature,2022,29.49
temperature,2022,29.46
temperature,2022,29.43
temperature,2022,29.4
temperature,2022,29.38
temperature,2022,29.35
temperature,2022,29.32
temperature,2022,29.29
temperature,2022,29.26
temperature,2022,29.23
temperature,2022,29.89
temperature,2022,29.86
temperature,2022,29.83
temperature,2022,29.8
temperature,2022,29.77
temperature,2022,29.75
temperature,2022,29.72
temperature,2022,29.69
temperature,2022,29.66
temperature,2022,29.63
temperature,2022,29.6
temperature,2022,29.57
temperature,2022,29.55
temperature,2022,29.52
temperature,2022,29.49
temperature,2022,29.46
temperature,2022,29.43
temperature,2022,29.4
temperature,2022,29.38
temperature,2022,29.35
temperature,2022,29.32
temperature,2022,29.89
temperature,2022,29.86
temperature,2022,29.83
temperature,2022,29.8
temperature,2022,29.77
temperature,2022,29.75
temperature,2022,29.72
temperature,2022,29.69
temperature,2022,29.66
temperature,2022,29.63
temperature,2022,29.6
temperature,2022,29.57
temperature,2022,29.55
temperature,2022,29.52
temperature,2022,29.49
temperature,2022,29.46
temperature,2022,29.43
temperature,2022,29.4
temperature,2022,29.89
temperature,2022,29.86
temperature,2022,29.83
temperature,2022,29.8
temperature,2022,29.77
temperature,2022,29.75
temperature,2022,29.72
temperature,2022,29.69
temperature,2022,29.66
temperature,2022,29.63
temperature,2022,29.6
temperature,2022,29.57
temperature,2022,29.55
temperature,2022,29.52
temperature,2022,29.49
temperature,2022,29.89
temperature,2022,29.86
temperature,2022,29.83
temperature,2022,29.8
temperature,2022,29.77
temperature,2022,29.75
temperature,2022,29.72
temperature,2022,29.69
temperature,2022,29.66
temperature,2022,29.63
temperature,2022,29.6
temperature,2022,29.57
temperature,2022,29.55
temperature,2022,29.89
temperature,2022,29.86
temperature,2022,29.83
temperature,2022,29.8
temperature,2022,29.77
temperature,2022,29.75
temperature,2022,29.72
temperature,2022,29.69
temperature,2022,29.66
temperature,2022,29.63
temperature,2022,29.89
temperature,2022,29.86
temperature,2022,29.83
temperature,2022,29.8
temperature,2022,29.89
temperature,2022,29.86
temperature,2022,29.83
temperature,2022,29.8
temperature,2022,29.89
temperature,2022,29.86
temperature,2022,29.83
temperature,2022,29.8
temperature,2022,29.89
temperature,2022,29.86
temperature,2022,29.83
temperature,2022,29.8
temperature,2022,29.89
temperature,2022,29.86
temperature,2022,29.83
temperature,2022,29.8
temperature,2022,29.89
temperature,2022,29.86
temperature,2022,29.83
temperature,2022,29.8
temperature,2022,29.89
temperature,2022,29.86
temperature,2022,29.83
temperature,2022,29.8
temperature,2022,29.89
temperature,2022,29.86
temperature,2022,29.83
temperature,2022,29.8
temperature,2022,29.89
temperature,2022,29.86
temperature,2022,29.83
temperature,2022,29.8
temperature,2022,29.89
temperature,2022,29.86
temperature,2022,29.83
temperature,2022,29.8
temperature,2022,29.89
temperature,2022,29.86
temperature,2022,29.83
temperature,2022,29.8
temperature,2022,29.89
temperature,2022,29.86
temperature,2022,29.83
temperature,2022,29.8
temperature,2022,29.89
temperature,2022,29.86
temperature,2022,29.83
temperature,2022,29.8
temperature,2022,29.89
temperature,2022,29.86
temperature,2022,29.83
temperature,2022,29.8
temperature,2022,29.89
temperature,2022,29.86
temperature,2022,29.83
temperature,2022,29.8
temperature,2022,29.89
temperature,2022,29.86
temperature,2022,29.83
temperature,2022,29.8
temperature,2022,29.89
temperature,2022,29.86
temperature,2022,29.83
temperature,2022,29.8
temperature,2022,29.89
temperature,2022,29.86
temperature,2022,29.83
temperature,2022,29.8
temperature,2022,29.89
temperature,2022,29.86
temperature,2022,29.83
temperature,2022,29.8
temperature,2022,29.89
temperature,2022,29.86
temperature,2022,29.83
temperature,2022,29.8
temperature,2022,29.89
temperature,2022,29.86
temperature,2022,29.83
temperature,2022,29.8
temperature,2022,29.89
temperature,2022,29.86
temperature,2022,29.83
temperature,2022,29.8
temperature,2022,29.89
temperature,2022,29.86
temperature,2022,29.83
temperature,2022,29.8
temperature,2022,29.89
temperature,2022,29.86
temperature,2022,29.83
temperature,2022,29.8
temperature,2022,29.89
temperature,2022,29.86
temperature,2022,29.83
temperature,2022,29.8
temperature,2022,29.89
temperature,2022,29.86
temperature,2022,29.83
temperature,2022,29.8
temperature,2022,29.89
temperature,2022,29.86
temperature,2022,29.83
temperature,2022,29.8
temperature,2022,29.89
temperature,2022,29.86
temperature,2022,29.83
temperature,2022,29.8
temperature,2022,29.89
temperature,2022,29.86
temperature,2022,29.83
temperature,2022,29.8
temperature,2022,29.89
temperature,2022,29.86
temperature,2022,29.83
temperature,2022,29.8
temperature,2022,29.89
temperature,2022,29.86
temperature,2022,29.83
temperature,2022,29.8
temperature,2022,29.89
temperature,2022,29.86
temperature,2022,29.83
temperature,2022,29.8
temperature,2022,29.89
temperature,2022,29.86
temperature,2022,29.83
temperature,2022,29.8
temperature,2022,29.89
temperature,2022,29.86
temperature,2022,29.83
temperature,2022,29.8
temperature,2022,29.89
temperature,2022,29.86
temperature,2022,29.83
temperature,2022,29.8
temperature,2022,29.89
temperature,2022,29.86
temperature,2022,29.83
temperature,2022,29.8
temperature,2022,29.89
temperature,2022,29.86
temperature,2022,29.83
temperature,2022,29.8
temperature,2022,29.89
temperature,2022,29.86
temperature,2022,29.83
temperature,2022,29.8
temperature,2022,29.89
temperature,2022,29.86
temperature,2022,29.83
temperature,2022,29.8
temperature,2022,29.89
temperature,2022,29.86
temperature,2022,29.83
temperature,2022,29.8
temperature,2022,29.89
temperature,2022,29.86
temperature,2022,29.83
temperature,2022,29.8
temperature,2022,29.89
temperature,2022,29.86
temperature,2022,29.83
temperature,2022,29.8
temperature,2022,29.89
temperature,2022,29.86
temperature,2022,29.83
temperature,2022,29.8
temperature,2022,29.89
temperature,2022,29.86
temperature,2022,29.83
temperature,2022,29.8
temperature,2022,29.89
temperature,2022,29.86
temperature,2022,29.83
temperature,2022,29.8
temperature,2022,29.89
temperature,2022,29.86
temperature,2022,29.83
temperature,2022,29.8
temperature,2022,29.89
temperature,2022,29.86
temperature,2022,29.83
temperature,2022,29.8
temperature,2022,29.89
temperature,2022,29.86
temperature,2022,29.83
temperature,2022,29.8
temperature,2022,29.89
temperature,2022,29.86
temperature,2022,29.83
temperature,2022,29.8
temperature,2022,29.89
temperature,2022,29.86
temperature,2022,29.83
temperature,2022,29.8
temperature,2022,29.89
temperature,2022,29.86
temperature,2022,29.83
temperature,2022,29.8
temperature,2022,29.89
temperature,2022,29.86
temperature,2022,29.83
temperature,2022,29.8
temperature,2022,29.89
temperature,2022,29.86
temperature,2022,29.83
temperature,2022,29.8
temperature,2022,29.86
temperature,2022,29.83
temperature,2022,29.8
temperature,2022,29.83
temperature,2022,29.8
temperature,2022,29.8
temperature,2022,27.44
temperature,2022,27.42
temperature,2022,27.5
temperature,2022,27.47
temperature,2022,27.44
temperature,2022,27.42
temperature,2022,27.39
temperature,2022,27.36
temperature,2022,27.53
temperature,2022,27.5
temperature,2022,27.47
temperature,2022,27.44
temperature,2022,27.42
temperature,2022,27.39
temperature,2022,27.36
temperature,2022,27.33
temperature,2022,27.59
temperature,2022,27.56
temperature,2022,27.53
temperature,2022,27.5
temperature,2022,27.47
temperature,2022,27.44
temperature,2022,27.42
temperature,2022,27.39
temperature,2022,27.36
temperature,2022,27.33
temperature,2022,27.3
temperature,2022,27.61
temperature,2022,27.59
temperature,2022,27.56
temperature,2022,27.53
temperature,2022,27.5
temperature,2022,27.47
temperature,2022,27.44
temperature,2022,27.42
temperature,2022,27.39
temperature,2022,27.36
temperature,2022,27.33
temperature,2022,27.3
temperature,2022,27.67
temperature,2022,27.64
temperature,2022,27.61
temperature,2022,27.59
temperature,2022,27.56
temperature,2022,27.53
temperature,2022,27.5
temperature,2022,27.47
temperature,2022,27.44
temperature,2022,27.42
temperature,2022,27.39
temperature,2022,27.36
temperature,2022,27.33
temperature,2022,27.3
temperature,2022,27.7
temperature,2022,27.67
temperature,2022,27.64
temperature,2022,27.61
temperature,2022,27.59
temperature,2022,27.56
temperature,2022,27.53
temperature,2022,27.5
temperature,2022,27.47
temperature,2022,27.44
temperature,2022,27.42
temperature,2022,27.39
temperature,2022,27.36
temperature,2022,27.33
temperature,2022,27.3
temperature,2022,27.76
temperature,2022,27.73
temperature,2022,27.7
temperature,2022,27.67
temperature,2022,27.64
temperature,2022,27.61
temperature,2022,27.59
temperature,2022,27.56
temperature,2022,27.53
temperature,2022,27.5
temperature,2022,27.47
temperature,2022,27.44
temperature,2022,27.42
temperature,2022,27.39
temperature,2022,27.36
temperature,2022,27.33
temperature,2022,27.81
temperature,2022,27.79
temperature,2022,27.76
temperature,2022,27.73
temperature,2022,27.7
temperature,2022,27.67
temperature,2022,27.64
temperature,2022,27.61
temperature,2022,27.59
temperature,2022,27.56
temperature,2022,27.53
temperature,2022,27.5
temperature,2022,27.47
temperature,2022,27.44
temperature,2022,27.42
temperature,2022,27.39
temperature,2022,27.36
temperature,2022,27.33
temperature,2022,27.84
temperature,2022,27.81
temperature,2022,27.79
temperature,2022,27.76
temperature,2022,27.73
temperature,2022,27.7
temperature,2022,27.67
temperature,2022,27.64
temperature,2022,27.61
temperature,2022,27.59
temperature,2022,27.56
temperature,2022,27.53
temperature,2022,27.5
temperature,2022,27.47
temperature,2022,27.44
temperature,2022,27.42
temperature,2022,27.39
temperature,2022,27.9
temperature,2022,27.87
temperature,2022,27.84
temperature,2022,27.81
temperature,2022,27.79
temperature,2022,27.76
temperature,2022,27.73
temperature,2022,27.7
temperature,2022,27.67
temperature,2022,27.64
temperature,2022,27.61
temperature,2022,27.59
temperature,2022,27.56
temperature,2022,27.53
temperature,2022,27.5
temperature,2022,27.47
temperature,2022,27.44
temperature,2022,27.42
temperature,2022,27.93
temperature,2022,27.9
temperature,2022,27.87
temperature,2022,27.84
temperature,2022,27.81
temperature,2022,27.79
temperature,2022,27.76
temperature,2022,27.73
temperature,2022,27.7
temperature,2022,27.67
temperature,2022,27.64
temperature,2022,27.61
temperature,2022,27.59
temperature,2022,27.56
temperature,2022,27.53
temperature,2022,27.5
temperature,2022,27.47
temperature,2022,27.98
temperature,2022,27.96
temperature,2022,27.93
temperature,2022,27.9
temperature,2022,27.87
temperature,2022,27.84
temperature,2022,27.81
temperature,2022,27.79
temperature,2022,27.76
temperature,2022,27.73
temperature,2022,27.7
temperature,2022,27.67
temperature,2022,27.64
temperature,2022,27.61
temperature,2022,27.59
temperature,2022,27.56
temperature,2022,27.53
temperature,2022,27.5
temperature,2022,28.01
temperature,2022,27.98
temperature,2022,27.96
temperature,2022,27.93
temperature,2022,27.9
temperature,2022,27.87
temperature,2022,27.84
temperature,2022,27.81
temperature,2022,27.79
temperature,2022,27.76
temperature,2022,27.73
temperature,2022,27.7
temperature,2022,27.67
temperature,2022,27.64
temperature,2022,27.61
temperature,2022,27.59
temperature,2022,27.56
temperature,2022,28.07
temperature,2022,28.04
temperature,2022,28.01
temperature,2022,27.98
temperature,2022,27.96
temperature,2022,27.93
temperature,2022,27.9
temperature,2022,27.87
temperature,2022,27.84
temperature,2022,27.81
temperature,2022,27.79
temperature,2022,27.76
temperature,2022,27.73
temperature,2022,27.7
temperature,2022,27.67
temperature,2022,27.64
temperature,2022,27.61
temperature,2022,27.59
temperature,2022,28.15
temperature,2022,28.13
temperature,2022,28.1
temperature,2022,28.07
temperature,2022,28.04
temperature,2022,28.01
temperature,2022,27.98
temperature,2022,27.96
temperature,2022,27.93
temperature,2022,27.9
temperature,2022,27.87
temperature,2022,27.84
temperature,2022,27.81
temperature,2022,27.79
temperature,2022,27.76
temperature,2022,27.73
temperature,2022,27.7
temperature,2022,27.67
temperature,2022,27.64
temperature,2022,28.21
temperature,2022,28.18
temperature,2022,28.15
temperature,2022,28.13
temperature,2022,28.1
temperature,2022,28.07
temperature,2022,28.04
temperature,2022,28.01
temperature,2022,27.98
temperature,2022,27.96
temperature,2022,27.93
temperature,2022,27.9
temperature,2022,27.87
temperature,2022,27.84
temperature,2022,27.81
temperature,2022,27.79
temperature,2022,27.76
temperature,2022,27.73
temperature,2022,27.7
temperature,2022,27.67
temperature,2022,28.27
temperature,2022,28.24
temperature,2022,28.21
temperature,2022,28.18
temperature,2022,28.15
temperature,2022,28.13
temperature,2022,28.1
temperature,2022,28.07
temperature,2022,28.04
temperature,2022,28.01
temperature,2022,27.98
temperature,2022,27.96
temperature,2022,27.93
temperature,2022,27.9
temperature,2022,27.87
temperature,2022,27.84
temperature,2022,27.81
temperature,2022,27.79
temperature,2022,27.76
temperature,2022,27.73
temperature,2022,28.32
temperature,2022,28.3
temperature,2022,28.27
temperature,2022,28.24
temperature,2022,28.21
temperature,2022,28.18
temperature,2022,28.15
temperature,2022,28.13
temperature,2022,28.1
temperature,2022,28.07
temperature,2022,28.04
temperature,2022,28.01
temperature,2022,27.98
temperature,2022,27.96
temperature,2022,27.93
temperature,2022,27.9
temperature,2022,27.87
temperature,2022,27.84
temperature,2022,27.81
temperature,2022,27.79
temperature,2022,27.76
temperature,2022,28.38
temperature,2022,28.35
temperature,2022,28.32
temperature,2022,28.3
temperature,2022,28.27
temperature,2022,28.24
temperature,2022,28.21
temperature,2022,28.18
temperature,2022,28.15
temperature,2022,28.13
temperature,2022,28.1
temperature,2022,28.07
temperature,2022,28.04
temperature,2022,28.01
temperature,2022,27.98
temperature,2022,27.96
temperature,2022,27.93
temperature,2022,27.9
temperature,2022,27.87
temperature,2022,27.84
temperature,2022,27.81
temperature,2022,28.44
temperature,2022,28.41
temperature,2022,28.38
temperature,2022,28.35
temperature,2022,28.32
temperature,2022,28.3
temperature,2022,28.27
temperature,2022,28.24
temperature,2022,28.21
temperature,2022,28.18
temperature,2022,28.15
temperature,2022,28.13
temperature,2022,28.1
temperature,2022,28.07
temperature,2022,28.04
temperature,2022,28.01
temperature,2022,27.98
temperature,2022,27.96
temperature,2022,27.93
temperature,2022,27.9
temperature,2022,27.87
temperature,2023,28.5
temperature,2023,28.47
temperature,2023,28.44
temperature,2023,28.41
temperature,2023,28.38
temperature,2023,28.35
temperature,2023,28.32
temperature,2023,28.3
temperature,2023,28.27
temperature,2023,28.24
temperature,2023,28.21
temperature,2023,28.18
temperature,2023,28.15
temperature,2023,28.13
temperature,2023,28.1
temperature,2023,28.07
temperature,2023,28.04
temperature,2023,28.01
temperature,2023,27.98
temperature,2023,27.96
temperature,2023,27.93
temperature,2023,27.9
temperature,2023,28.55
temperature,2023,28.52
temperature,2023,28.5
temperature,2023,28.47
temperature,2023,28.44
temperature,2023,28.41
temperature,2023,28.38
temperature,2023,28.35
temperature,2023,28.32
temperature,2023,28.3
temperature,2023,28.27
temperature,2023,28.24
temperature,2023,28.21
temperature,2023,28.18
temperature,2023,28.15
temperature,2023,28.13
temperature,2023,28.1
temperature,2023,28.07
temperature,2023,28.04
temperature,2023,28.01
temperature,2023,27.98
temperature,2023,27.96
temperature,2023,28.61
temperature,2023,28.58
temperature,2023,28.55
temperature,2023,28.52
temperature,2023,28.5
temperature,2023,28.47
temperature,2023,28.44
temperature,2023,28.41
temperature,2023,28.38
temperature,2023,28.35
temperature,2023,28.32
temperature,2023,28.3
temperature,2023,28.27
temperature,2023,28.24
temperature,2023,28.21
temperature,2023,28.18
temperature,2023,28.15
temperature,2023,28.13
temperature,2023,28.1
temperature,2023,28.07
temperature,2023,28.04
temperature,2023,28.01
temperature,2023,28.67
temperature,2023,28.64
temperature,2023,28.61
temperature,2023,28.58
temperature,2023,28.55
temperature,2023,28.52
temperature,2023,28.5
temperature,2023,28.47
temperature,2023,28.44
temperature,2023,28.41
temperature,2023,28.38
temperature,2023,28.35
temperature,2023,28.32
temperature,2023,28.3
temperature,2023,28.27
temperature,2023,28.24
temperature,2023,28.21
temperature,2023,28.18
temperature,2023,28.15
temperature,2023,28.13
temperature,2023,28.1
temperature,2023,28.07
temperature,2023,28.72
temperature,2023,28.69
temperature,2023,28.67
temperature,2023,28.64
temperature,2023,28.61
temperature,2023,28.58
temperature,2023,28.55
temperature,2023,28.52
temperature,2023,28.5
temperature,2023,28.47
temperature,2023,28.44
temperature,2023,28.41
temperature,2023,28.38
temperature,2023,28.35
temperature,2023,28.32
temperature,2023,28.3
temperature,2023,28.27
temperature,2023,28.24
temperature,2023,28.21
temperature,2023,28.18
temperature,2023,28.15
temperature,2023,28.13
temperature,2023,28.78
temperature,2023,28.75
temperature,2023,28.72
temperature,2023,28.69
temperature,2023,28.67
temperature,2023,28.64
temperature,2023,28.61
temperature,2023,28.58
temperature,2023,28.55
temperature,2023,28.52
temperature,2023,28.5
temperature,2023,28.47
temperature,2023,28.44
temperature,2023,28.41
temperature,2023,28.38
temperature,2023,28.35
temperature,2023,28.32
temperature,2023,28.3
temperature,2023,28.27
temperature,2023,28.24
temperature,2023,28.21
temperature,2023,28.18
temperature,2023,28.81
temperature,2023,28.78
temperature,2023,28.75
temperature,2023,28.72
temperature,2023,28.69
temperature,2023,28.67
temperature,2023,28.64
temperature,2023,28.61
temperature,2023,28.58
temperature,2023,28.55
temperature,2023,28.52
temperature,2023,28.5
temperature,2023,28.47
temperature,2023,28.44
temperature,2023,28.41
temperature,2023,28.38
temperature,2023,28.35
temperature,2023,28.32
temperature,2023,28.3
temperature,2023,28.27
temperature,2023,28.24
temperature,2023,28.84
temperature,2023,28.81
temperature,2023,28.78
temperature,2023,28.75
temperature,2023,28.72
temperature,2023,28.69
temperature,2023,28.67
temperature,2023,28.64
temperature,2023,28.61
temperature,2023,28.58
temperature,2023,28.55
temperature,2023,28.52
temperature,2023,28.5
temperature,2023,28.47
temperature,2023,28.44
temperature,2023,28.41
temperature,2023,28.38
temperature,2023,28.35
temperature,2023,28.32
temperature,2023,28.3
temperature,2023,28.86
temperature,2023,28.84
temperature,2023,28.81
temperature,2023,28.78
temperature,2023,28.75
temperature,2023,28.72
temperature,2023,28.69
temperature,2023,28.67
temperature,2023,28.64
temperature,2023,28.61
temperature,2023,28.58
temperature,2023,28.55
temperature,2023,28.52
temperature,2023,28.5
temperature,2023,28.47
temperature,2023,28.44
temperature,2023,28.41
temperature,2023,28.38
temperature,2023,28.86
temperature,2023,28.84
temperature,2023,28.81
temperature,2023,28.78
temperature,2023,28.75
temperature,2023,28.72
temperature,2023,28.69
temperature,2023,28.67
temperature,2023,28.64
temperature,2023,28.61
temperature,2023,28.58
temperature,2023,28.55
temperature,2023,28.52
temperature,2023,28.5
temperature,2023,28.47
temperature,2023,28.44
temperature,2023,28.86
temperature,2023,28.84
temperature,2023,28.81
temperature,2023,28.78
temperature,2023,28.75
temperature,2023,28.72
temperature,2023,28.69
temperature,2023,28.67
temperature,2023,28.64
temperature,2023,28.61
temperature,2023,28.58
temperature,2023,28.55
temperature,2023,28.52
temperature,2023,28.5
temperature,2023,28.86
temperature,2023,28.84
temperature,2023,28.81
temperature,2023,28.78
temperature,2023,28.75
temperature,2023,28.72
temperature,2023,28.69
temperature,2023,28.67
temperature,2023,28.64
temperature,2023,28.61
temperature,2023,28.58
temperature,2023,28.55
temperature,2023,28.84
temperature,2023,28.81
temperature,2023,28.78
temperature,2023,28.75
temperature,2023,28.72
temperature,2023,28.69
temperature,2023,28.67
temperature,2023,28.64
temperature,2023,28.61
temperature,2023,28.81
temperature,2023,28.78
temperature,2023,28.75
temperature,2023,28.72
temperature,2023,28.69
temperature,2023,28.67
temperature,2023,28.75
temperature,2023,28.72
temperature,2023,29.8
temperature,2023,29.83
temperature,2023,29.8
temperature,2023,29.83
temperature,2023,29.8
temperature,2023,29.86
temperature,2023,29.83
temperature,2023,29.8
temperature,2023,29.89
temperature,2023,29.86
temperature,2023,29.83
temperature,2023,29.8
temperature,2023,29.89
temperature,2023,29.86
temperature,2023,29.83
temperature,2023,29.8
temperature,2023,29.89
temperature,2023,29.86
temperature,2023,29.83
temperature,2023,29.8
temperature,2023,29.89
temperature,2023,29.86
temperature,2023,29.83
temperature,2023,29.8
temperature,2023,29.89
temperature,2023,29.86
temperature,2023,29.83
temperature,2023,29.8
temperature,2023,28.44
temperature,2023,28.41
temperature,2023,28.38
temperature,2023,28.35
temperature,2023,29.89
temperature,2023,29.86
temperature,2023,29.83
temperature,2023,29.8
temperature,2023,28.47
temperature,2023,28.44
temperature,2023,28.41
temperature,2023,28.38
temperature,2023,28.35
temperature,2023,28.32
temperature,2023,28.3
temperature,2023,29.89
temperature,2023,29.86
temperature,2023,29.83
temperature,2023,29.8
temperature,2023,28.5
temperature,2023,28.47
temperature,2023,28.44
temperature,2023,28.41
temperature,2023,28.38
temperature,2023,28.35
temperature,2023,28.32
temperature,2023,28.3
temperature,2023,28.27
temperature,2023,29.89
temperature,2023,29.86
temperature,2023,29.83
temperature,2023,29.8
temperature,2023,28.5
temperature,2023,28.47
temperature,2023,28.44
temperature,2023,28.41
temperature,2023,28.38
temperature,2023,28.35
temperature,2023,28.32
temperature,2023,28.3
temperature,2023,28.27
temperature,2023,28.24
temperature,2023,29.89
temperature,2023,29.86
temperature,2023,29.83
temperature,2023,29.8
temperature,2023,28.52
temperature,2023,28.5
temperature,2023,28.47
temperature,2023,28.44
temperature,2023,28.41
temperature,2023,28.38
temperature,2023,28.35
temperature,2023,28.32
temperature,2023,28.3
temperature,2023,28.27
temperature,2023,28.24
temperature,2023,28.21
temperature,2023,29.89
temperature,2023,29.86
temperature,2023,29.83
temperature,2023,29.8
temperature,2023,28.5
temperature,2023,28.47
temperature,2023,28.44
temperature,2023,28.41
temperature,2023,28.38
temperature,2023,28.35
temperature,2023,28.32
temperature,2023,28.3
temperature,2023,28.27
temperature,2023,28.24
temperature,2023,28.21
temperature,2023,28.18
temperature,2023,29.89
temperature,2023,29.86
temperature,2023,29.83
temperature,2023,29.8
temperature,2023,28.5
temperature,2023,28.47
temperature,2023,28.44
temperature,2023,28.41
temperature,2023,28.38
temperature,2023,28.35
temperature,2023,28.32
temperature,2023,28.3
temperature,2023,28.27
temperature,2023,28.24
temperature,2023,28.21
temperature,2023,28.18
temperature,2023,28.15
temperature,2023,29.89
temperature,2023,29.86
temperature,2023,29.83
temperature,2023,29.8
temperature,2023,28.5
temperature,2023,28.47
temperature,2023,28.44
temperature,2023,28.41
temperature,2023,28.38
temperature,2023,28.35
temperature,2023,28.32
temperature,2023,28.3
temperature,2023,28.27
temperature,2023,28.24
temperature,2023,28.21
temperature,2023,28.18
temperature,2023,28.15
temperature,2023,28.13
temperature,2023,29.89
temperature,2023,29.86
temperature,2023,29.83
temperature,2023,29.8
temperature,2023,28.47
temperature,2023,28.44
temperature,2023,28.41
temperature,2023,28.38
temperature,2023,28.35
temperature,2023,28.32
temperature,2023,28.3
temperature,2023,28.27
temperature,2023,28.24
temperature,2023,28.21
temperature,2023,28.18
temperature,2023,28.15
temperature,2023,28.13
temperature,2023,28.1
temperature,2023,29.89
temperature,2023,29.86
temperature,2023,29.83
temperature,2023,29.8
temperature,2023,28.44
temperature,2023,28.41
temperature,2023,28.38
temperature,2023,28.35
temperature,2023,28.32
temperature,2023,28.3
temperature,2023,28.27
temperature,2023,28.24
temperature,2023,28.21
temperature,2023,28.18
temperature,2023,28.15
temperature,2023,28.13
temperature,2023,28.1
temperature,2023,28.07
temperature,2023,29.89
temperature,2023,29.86
temperature,2023,29.83
temperature,2023,29.8
temperature,2023,28.41
temperature,2023,28.38
temperature,2023,28.35
temperature,2023,28.32
temperature,2023,28.3
temperature,2023,28.27
temperature,2023,28.24
temperature,2023,28.21
temperature,2023,28.18
temperature,2023,28.15
temperature,2023,28.13
temperature,2023,28.1
temperature,2023,28.07
temperature,2023,28.04
temperature,2023,29.89
temperature,2023,29.86
temperature,2023,29.83
temperature,2023,29.8
temperature,2023,28.38
temperature,2023,28.35
temperature,2023,28.32
temperature,2023,28.3
temperature,2023,28.27
temperature,2023,28.24
temperature,2023,28.21
temperature,2023,28.18
temperature,2023,28.15
temperature,2023,28.13
temperature,2023,28.1
temperature,2023,28.07
temperature,2023,28.04
temperature,2023,28.01
temperature,2023,29.89
temperature,2023,29.86
temperature,2023,29.83
temperature,2023,29.8
temperature,2023,28.35
temperature,2023,28.32
temperature,2023,28.3
temperature,2023,28.27
temperature,2023,28.24
temperature,2023,28.21
temperature,2023,28.18
temperature,2023,28.15
temperature,2023,28.13
temperature,2023,28.1
temperature,2023,28.07
temperature,2023,28.04
temperature,2023,28.01
temperature,2023,27.98
temperature,2023,29.89
temperature,2023,29.86
temperature,2023,29.83
temperature,2023,29.8
temperature,2023,28.32
temperature,2023,28.3
temperature,2023,28.27
temperature,2023,28.24
temperature,2023,28.21
temperature,2023,28.18
temperature,2023,28.15
temperature,2023,28.13
temperature,2023,28.1
temperature,2023,28.07
temperature,2023,28.04
temperature,2023,28.01
temperature,2023,27.98
temperature,2023,27.96
temperature,2023,29.89
temperature,2023,29.86
temperature,2023,29.83
temperature,2023,29.8
temperature,2023,28.3
temperature,2023,28.27
temperature,2023,28.24
temperature,2023,28.21
temperature,2023,28.18
temperature,2023,28.15
temperature,2023,28.13
temperature,2023,28.1
temperature,2023,28.07
temperature,2023,28.04
temperature,2023,28.01
temperature,2023,27.98
temperature,2023,27.96
temperature,2023,27.93
temperature,2023,29.89
temperature,2023,29.86
temperature,2023,29.83
temperature,2023,29.8
temperature,2023,28.27
temperature,2023,28.24
temperature,2023,28.21
temperature,2023,28.18
temperature,2023,28.15
temperature,2023,28.13
temperature,2023,28.1
temperature,2023,28.07
temperature,2023,28.04
temperature,2023,28.01
temperature,2023,27.98
temperature,2023,27.96
temperature,2023,27.93
temperature,2023,29.89
temperature,2023,29.86
temperature,2023,29.83
temperature,2023,29.8
temperature,2023,28.24
temperature,2023,28.21
temperature,2023,28.18
temperature,2023,28.15
temperature,2023,28.13
temperature,2023,28.1
temperature,2023,28.07
temperature,2023,28.04
temperature,2023,28.01
temperature,2023,27.98
temperature,2023,27.96
temperature,2023,27.93
temperature,2023,27.9
temperature,2023,29.89
temperature,2023,29.86
temperature,2023,29.83
temperature,2023,29.8
temperature,2023,28.21
temperature,2023,28.18
temperature,2023,28.15
temperature,2023,28.13
temperature,2023,28.1
temperature,2023,28.07
temperature,2023,28.04
temperature,2023,28.01
temperature,2023,27.98
temperature,2023,27.96
temperature,2023,27.93
temperature,2023,27.9
temperature,2023,29.89
temperature,2023,29.86
temperature,2023,29.83
temperature,2023,29.8
temperature,2023,28.18
temperature,2023,28.15
temperature,2023,28.13
temperature,2023,28.1
temperature,2023,28.07
temperature,2023,28.04
temperature,2023,28.01
temperature,2023,27.98
temperature,2023,27.96
temperature,2023,27.93
temperature,2023,27.9
temperature,2023,29.89
temperature,2023,29.86
temperature,2023,29.83
temperature,2023,29.8
temperature,2023,28.15
temperature,2023,28.13
temperature,2023,28.1
temperature,2023,28.07
temperature,2023,28.04
temperature,2023,28.01
temperature,2023,27.98
temperature,2023,27.96
temperature,2023,27.93
temperature,2023,27.9
temperature,2023,29.89
temperature,2023,29.86
temperature,2023,29.83
temperature,2023,29.8
temperature,2023,28.15
temperature,2023,28.13
temperature,2023,28.1
temperature,2023,28.07
temperature,2023,28.04
temperature,2023,28.01
temperature,2023,27.98
temperature,2023,27.96
temperature,2023,27.93
temperature,2023,27.9
temperature,2023,29.89
temperature,2023,29.86
temperature,2023,29.83
temperature,2023,29.8
temperature,2023,28.15
temperature,2023,28.13
temperature,2023,28.1
temperature,2023,28.07
temperature,2023,28.04
temperature,2023,28.01
temperature,2023,27.98
temperature,2023,27.96
temperature,2023,27.93
temperature,2023,27.9
temperature,2023,29.89
temperature,2023,29.86
temperature,2023,29.83
temperature,2023,29.8
temperature,2023,28.15
temperature,2023,28.13
temperature,2023,28.1
temperature,2023,28.07
temperature,2023,28.04
temperature,2023,28.01
temperature,2023,27.98
temperature,2023,27.96
temperature,2023,27.93
temperature,2023,27.9
temperature,2023,29.89
temperature,2023,29.86
temperature,2023,29.83
temperature,2023,29.8
temperature,2023,28.15
temperature,2023,28.13
temperature,2023,28.1
temperature,2023,28.07
temperature,2023,28.04
temperature,2023,28.01
temperature,2023,27.98
temperature,2023,27.96
temperature,2023,27.93
temperature,2023,27.9
temperature,2023,29.89
temperature,2023,29.86
temperature,2023,29.83
temperature,2023,29.8
temperature,2023,28.15
temperature,2023,28.13
temperature,2023,28.1
temperature,2023,28.07
temperature,2023,28.04
temperature,2023,28.01
temperature,2023,27.98
temperature,2023,27.96
temperature,2023,27.93
temperature,2023,27.9
temperature,2023,29.89
temperature,2023,29.86
temperature,2023,29.83
temperature,2023,29.8
temperature,2023,28.15
temperature,2023,28.13
temperature,2023,28.1
temperature,2023,28.07
temperature,2023,28.04
temperature,2023,28.01
temperature,2023,27.98
temperature,2023,27.96
temperature,2023,27.93
temperature,2023,27.9
temperature,2023,29.89
temperature,2023,29.86
temperature,2023,29.83
temperature,2023,29.8
temperature,2023,28.15
temperature,2023,28.13
temperature,2023,28.1
temperature,2023,28.07
temperature,2023,28.04
temperature,2023,28.01
temperature,2023,27.98
temperature,2023,27.96
temperature,2023,27.93
temperature,2023,27.9
temperature,2023,29.89
temperature,2023,29.86
temperature,2023,29.83
temperature,2023,29.8
temperature,2023,28.15
temperature,2023,28.13
temperature,2023,28.1
temperature,2023,28.07
temperature,2023,28.04
temperature,2023,28.01
temperature,2023,27.98
temperature,2023,27.96
temperature,2023,27.93
temperature,2023,29.89
temperature,2023,29.86
temperature,2023,29.83
temperature,2023,29.8
temperature,2023,28.15
temperature,2023,28.13
temperature,2023,28.1
temperature,2023,28.07
temperature,2023,28.04
temperature,2023,28.01
temperature,2023,27.98
temperature,2023,27.96
temperature,2023,27.93
temperature,2023,29.89
temperature,2023,29.86
temperature,2023,29.83
temperature,2023,29.8
temperature,2023,28.15
temperature,2023,28.13
temperature,2023,28.1
temperature,2023,28.07
temperature,2023,28.04
temperature,2023,28.01
temperature,2023,27.98
temperature,2023,27.96
temperature,2023,27.93
temperature,2023,29.89
temperature,2023,29.86
temperature,2023,29.83
temperature,2023,29.8
temperature,2023,28.18
temperature,2023,28.15
temperature,2023,28.13
temperature,2023,28.1
temperature,2023,28.07
temperature,2023,28.04
temperature,2023,28.01
temperature,2023,27.98
temperature,2023,27.96
temperature,2023,27.93
temperature,2023,29.89
temperature,2023,29.86
temperature,2023,29.83
temperature,2023,29.8
temperature,2023,28.18
temperature,2023,28.15
temperature,2023,28.13
temperature,2023,28.1
temperature,2023,28.07
temperature,2023,28.04
temperature,2023,28.01
temperature,2023,27.98
temperature,2023,27.96
temperature,2023,27.93
temperature,2023,29.89
temperature,2023,29.86
temperature,2023,29.83
temperature,2023,29.8
temperature,2023,28.18
temperature,2023,28.15
temperature,2023,28.13
temperature,2023,28.1
temperature,2023,28.07
temperature,2023,28.04
temperature,2023,28.01
temperature,2023,27.98
temperature,2023,27.96
temperature,2023,27.93
temperature,2023,29.89
temperature,2023,29.86
temperature,2023,29.83
temperature,2023,29.8
temperature,2023,28.18
temperature,2023,28.15
temperature,2023,28.13
temperature,2023,28.1
temperature,2023,28.07
temperature,2023,28.04
temperature,2023,28.01
temperature,2023,27.98
temperature,2023,27.96
temperature,2023,27.93
temperature,2023,29.89
temperature,2023,29.86
temperature,2023,29.83
temperature,2023,29.8
temperature,2023,28.18
temperature,2023,28.15
temperature,2023,28.13
temperature,2023,28.1
temperature,2023,28.07
temperature,2023,28.04
temperature,2023,28.01
temperature,2023,27.98
temperature,2023,27.96
temperature,2023,27.93
temperature,2023,29.89
temperature,2023,29.86
temperature,2023,29.83
temperature,2023,29.8
temperature,2023,28.18
temperature,2023,28.15
temperature,2023,28.13
temperature,2023,28.1
temperature,2023,28.07
temperature,2023,28.04
temperature,2023,28.01
temperature,2023,27.98
temperature,2023,27.96
temperature,2023,27.93
temperature,2023,29.89
temperature,2023,29.86
temperature,2023,29.83
temperature,2023,29.8
temperature,2023,28.18
temperature,2023,28.15
temperature,2023,28.13
temperature,2023,28.1
temperature,2023,28.07
temperature,2023,28.04
temperature,2023,28.01
temperature,2023,27.98
temperature,2023,27.96
temperature,2023,27.93
temperature,2023,29.89
temperature,2023,29.86
temperature,2023,29.83
temperature,2023,29.8
temperature,2023,28.18
temperature,2023,28.15
temperature,2023,28.13
temperature,2023,28.1
temperature,2023,28.07
temperature,2023,28.04
temperature,2023,28.01
temperature,2023,27.98
temperature,2023,27.96
temperature,2023,27.93
temperature,2023,29.89
temperature,2023,29.86
temperature,2023,29.83
temperature,2023,29.8
temperature,2023,28.18
temperature,2023,28.15
temperature,2023,28.13
temperature,2023,28.1
temperature,2023,28.07
temperature,2023,28.04
temperature,2023,28.01
temperature,2023,27.98
temperature,2023,27.96
temperature,2023,27.93
temperature,2023,29.89
temperature,2023,29.86
temperature,2023,29.83
temperature,2023,29.8
temperature,2023,28.18
temperature,2023,28.15
temperature,2023,28.13
temperature,2023,28.1
temperature,2023,28.07
temperature,2023,28.04
temperature,2023,28.01
temperature,2023,27.98
temperature,2023,27.96
temperature,2023,29.89
temperature,2023,29.86
temperature,2023,29.83
temperature,2023,29.8
temperature,2023,28.18
temperature,2023,28.15
temperature,2023,28.13
temperature,2023,28.1
temperature,2023,28.07
temperature,2023,28.04
temperature,2023,28.01
temperature,2023,27.98
temperature,2023,27.96
temperature,2023,29.89
temperature,2023,29.86
temperature,2023,29.83
temperature,2023,29.8
temperature,2023,28.18
temperature,2023,28.15
temperature,2023,28.13
temperature,2023,28.1
temperature,2023,28.07
temperature,2023,28.04
temperature,2023,28.01
temperature,2023,27.98
temperature,2023,27.96
temperature,2023,29.89
temperature,2023,29.86
temperature,2023,29.83
temperature,2023,29.8
temperature,2023,28.18
temperature,2023,28.15
temperature,2023,28.13
temperature,2023,28.1
temperature,2023,28.07
temperature,2023,28.04
temperature,2023,28.01
temperature,2023,27.98
temperature,2023,27.96
temperature,2023,29.89
temperature,2023,29.86
temperature,2023,29.83
temperature,2023,29.8
temperature,2023,28.18
temperature,2023,28.15
temperature,2023,28.13
temperature,2023,28.1
temperature,2023,28.07
temperature,2023,28.04
temperature,2023,28.01
temperature,2023,27.98
temperature,2023,27.96
temperature,2023,29.89
temperature,2023,29.86
temperature,2023,29.83
temperature,2023,29.8
temperature,2023,28.18
temperature,2023,28.15
temperature,2023,28.13
temperature,2023,28.1
temperature,2023,28.07
temperature,2023,28.04
temperature,2023,28.01
temperature,2023,27.98
temperature,2023,27.96
temperature,2023,29.89
temperature,2023,29.86
temperature,2023,29.83
temperature,2023,29.8
temperature,2023,28.18
temperature,2023,28.15
temperature,2023,28.13
temperature,2023,28.1
temperature,2023,28.07
temperature,2023,28.04
temperature,2023,28.01
temperature,2023,27.98
temperature,2023,27.96
temperature,2023,29.89
temperature,2023,29.86
temperature,2023,29.83
temperature,2023,29.8
temperature,2023,28.18
temperature,2023,28.15
temperature,2023,28.13
temperature,2023,28.1
temperature,2023,28.07
temperature,2023,28.04
temperature,2023,28.01
temperature,2023,27.98
temperature,2023,27.96
temperature,2023,29.89
temperature,2023,29.86
temperature,2023,29.83
temperature,2023,29.8
temperature,2023,28.18
temperature,2023,28.15
temperature,2023,28.13
temperature,2023,28.1
temperature,2023,28.07
temperature,2023,28.04
temperature,2023,28.01
temperature,2023,27.98
temperature,2023,27.96
temperature,2023,29.89
temperature,2023,29.86
temperature,2023,29.83
temperature,2023,29.8
temperature,2023,28.18
temperature,2023,28.15
temperature,2023,28.13
temperature,2023,28.1
temperature,2023,28.07
temperature,2023,28.04
temperature,2023,28.01
temperature,2023,27.98
temperature,2023,27.96
temperature,2023,29.89
temperature,2023,29.86
temperature,2023,29.83
temperature,2023,29.8
temperature,2023,28.18
temperature,2023,28.15
temperature,2023,28.13
temperature,2023,28.1
temperature,2023,28.07
temperature,2023,28.04
temperature,2023,28.01
temperature,2023,27.98
temperature,2023,27.96
temperature,2023,29.89
temperature,2023,29.86
temperature,2023,29.83
temperature,2023,29.8
temperature,2023,28.18
temperature,2023,28.15
temperature,2023,28.13
temperature,2023,28.1
temperature,2023,28.07
temperature,2023,28.04
temperature,2023,28.01
temperature,2023,27.98
temperature,2023,27.96
temperature,2023,29.89
temperature,2023,29.86
temperature,2023,29.83
temperature,2023,29.8
temperature,2023,28.18
temperature,2023,28.15
temperature,2023,28.13
temperature,2023,28.1
temperature,2023,28.07
temperature,2023,28.04
temperature,2023,28.01
temperature,2023,27.98
temperature,2023,27.96
temperature,2023,29.89
temperature,2023,29.86
temperature,2023,29.83
temperature,2023,29.8
temperature,2023,28.18
temperature,2023,28.15
temperature,2023,28.13
temperature,2023,28.1
temperature,2023,28.07
temperature,2023,28.04
temperature,2023,28.01
temperature,2023,27.98
temperature,2023,27.96
temperature,2023,29.89
temperature,2023,29.86
temperature,2023,29.83
temperature,2023,29.8
temperature,2023,28.18
temperature,2023,28.15
temperature,2023,28.13
temperature,2023,28.1
temperature,2023,28.07
temperature,2023,28.04
temperature,2023,28.01
temperature,2023,27.98
temperature,2023,27.96
temperature,2023,29.89
temperature,2023,29.86
temperature,2023,29.83
temperature,2023,29.8
temperature,2023,28.18
temperature,2023,28.15
temperature,2023,28.13
temperature,2023,28.1
temperature,2023,28.07
temperature,2023,28.04
temperature,2023,28.01
temperature,2023,27.98
temperature,2023,27.96
temperature,2023,29.89
temperature,2023,29.86
temperature,2023,29.83
temperature,2023,29.8
temperature,2023,28.21
temperature,2023,28.18
temperature,2023,28.15
temperature,2023,28.13
temperature,2023,28.1
temperature,2023,28.07
temperature,2023,28.04
temperature,2023,28.01
temperature,2023,27.98
temperature,2023,27.96
temperature,2023,27.93
temperature,2023,29.89
temperature,2023,29.86
temperature,2023,29.83
temperature,2023,29.8
temperature,2023,28.27
temperature,2023,28.24
temperature,2023,28.21
temperature,2023,28.18
temperature,2023,28.15
temperature,2023,28.13
temperature,2023,28.1
temperature,2023,28.07
temperature,2023,28.04
temperature,2023,28.01
temperature,2023,27.98
temperature,2023,27.96
temperature,2023,27.93
temperature,2023,29.89
temperature,2023,29.86
temperature,2023,29.83
temperature,2023,29.8
temperature,2023,28.32
temperature,2023,28.3
temperature,2023,28.27
temperature,2023,28.24
temperature,2023,28.21
temperature,2023,28.18
temperature,2023,28.15
temperature,2023,28.13
temperature,2023,28.1
temperature,2023,28.07
temperature,2023,28.04
temperature,2023,28.01
temperature,2023,27.98
temperature,2023,27.96
temperature,2023,27.93
temperature,2023,29.89
temperature,2023,29.86
temperature,2023,29.83
temperature,2023,29.8
temperature,2023,28.38
temperature,2023,28.35
temperature,2023,28.32
temperature,2023,28.3
temperature,2023,28.27
temperature,2023,28.24
temperature,2023,28.21
temperature,2023,28.18
temperature,2023,28.15
temperature,2023,28.13
temperature,2023,28.1
temperature,2023,28.07
temperature,2023,28.04
temperature,2023,28.01
temperature,2023,27.98
temperature,2023,27.96
temperature,2023,29.89
temperature,2023,29.86
temperature,2023,29.83
temperature,2023,29.8
temperature,2023,28.41
temperature,2023,28.38
temperature,2023,28.35
temperature,2023,28.32
temperature,2023,28.3
temperature,2023,28.27
temperature,2023,28.24
temperature,2023,28.21
temperature,2023,28.18
temperature,2023,28.15
temperature,2023,28.13
temperature,2023,28.1
temperature,2023,28.07
temperature,2023,28.04
temperature,2023,28.01
temperature,2023,27.98
temperature,2023,27.96
temperature,2023,29.89
temperature,2023,29.86
temperature,2023,29.83
temperature,2023,29.8
temperature,2023,28.47
temperature,2023,28.44
temperature,2023,28.41
temperature,2023,28.38
temperature,2023,28.35
temperature,2023,28.32
temperature,2023,28.3
temperature,2023,28.27
temperature,2023,28.24
temperature,2023,28.21
temperature,2023,28.18
temperature,2023,28.15
temperature,2023,28.13
temperature,2023,28.1
temperature,2023,28.07
temperature,2023,28.04
temperature,2023,28.01
temperature,2023,27.98
temperature,2023,29.89
temperature,2023,29.86
temperature,2023,29.83
temperature,2023,29.8
temperature,2023,28.52
temperature,2023,28.5
temperature,2023,28.47
temperature,2023,28.44
temperature,2023,28.41
temperature,2023,28.38
temperature,2023,28.35
temperature,2023,28.32
temperature,2023,28.3
temperature,2023,28.27
temperature,2023,28.24
temperature,2023,28.21
temperature,2023,28.18
temperature,2023,28.15
temperature,2023,28.13
temperature,2023,28.1
temperature,2023,28.07
temperature,2023,28.04
temperature,2023,28.01
temperature,2023,29.89
temperature,2023,29.86
temperature,2023,29.83
temperature,2023,29.8
temperature,2023,28.58
temperature,2023,28.55
temperature,2023,28.52
temperature,2023,28.5
temperature,2023,28.47
temperature,2023,28.44
temperature,2023,28.41
temperature,2023,28.38
temperature,2023,28.35
temperature,2023,28.32
temperature,2023,28.3
temperature,2023,28.27
temperature,2023,28.24
temperature,2023,28.21
temperature,2023,28.18
temperature,2023,28.15
temperature,2023,28.13
temperature,2023,28.1
temperature,2023,28.07
temperature,2023,28.04
temperature,2023,29.89
temperature,2023,29.86
temperature,2023,29.83
temperature,2023,29.8
temperature,2023,28.64
temperature,2023,28.61
temperature,2023,28.58
temperature,2023,28.55
temperature,2023,28.52
temperature,2023,28.5
temperature,2023,28.47
temperature,2023,28.44
temperature,2023,28.41
temperature,2023,28.38
temperature,2023,28.35
temperature,2023,28.32
temperature,2023,28.3
temperature,2023,28.27
temperature,2023,28.24
temperature,2023,28.21
temperature,2023,28.18
temperature,2023,28.15
temperature,2023,28.13
temperature,2023,28.1
temperature,2023,29.89
temperature,2023,29.86
temperature,2023,29.83
temperature,2023,29.8
temperature,2023,28.69
temperature,2023,28.67
temperature,2023,28.64
temperature,2023,28.61
temperature,2023,28.58
temperature,2023,28.55
temperature,2023,28.52
temperature,2023,28.5
temperature,2023,28.47
temperature,2023,28.44
temperature,2023,28.41
temperature,2023,28.38
temperature,2023,28.35
temperature,2023,28.32
temperature,2023,28.3
temperature,2023,28.27
temperature,2023,28.24
temperature,2023,28.21
temperature,2023,28.18
temperature,2023,28.15
temperature,2023,29.89
temperature,2023,29.86
temperature,2023,29.83
temperature,2023,29.8
temperature,2023,28.72
temperature,2023,28.69
temperature,2023,28.67
temperature,2023,28.64
temperature,2023,28.61
temperature,2023,28.58
temperature,2023,28.55
temperature,2023,28.52
temperature,2023,28.5
temperature,2023,28.47
temperature,2023,28.44
temperature,2023,28.41
temperature,2023,28.38
temperature,2023,28.35
temperature,2023,28.32
temperature,2023,28.3
temperature,2023,28.27
temperature,2023,28.24
temperature,2023,28.21
temperature,2023,29.89
temperature,2023,29.86
temperature,2023,29.83
temperature,2023,29.8
temperature,2023,28.78
temperature,2023,28.75
temperature,2023,28.72
temperature,2023,28.69
temperature,2023,28.67
temperature,2023,28.64
temperature,2023,28.61
temperature,2023,28.58
temperature,2023,28.55
temperature,2023,28.52
temperature,2023,28.5
temperature,2023,28.47
temperature,2023,28.44
temperature,2023,28.41
temperature,2023,28.38
temperature,2023,28.35
temperature,2023,28.32
temperature,2023,28.3
temperature,2023,28.27
temperature,2023,28.24
temperature,2023,29.89
temperature,2023,29.86
temperature,2023,29.83
temperature,2023,29.8
temperature,2023,28.84
temperature,2023,28.81
temperature,2023,28.78
temperature,2023,28.75
temperature,2023,28.72
temperature,2023,28.69
temperature,2023,28.67
temperature,2023,28.64
temperature,2023,28.61
temperature,2023,28.58
temperature,2023,28.55
temperature,2023,28.52
temperature,2023,28.5
temperature,2023,28.47
temperature,2023,28.44
temperature,2023,28.41
temperature,2023,28.38
temperature,2023,28.35
temperature,2023,28.32
temperature,2023,28.3
temperature,2023,29.89
temperature,2023,29.86
temperature,2023,29.83
temperature,2023,29.8
temperature,2023,28.89
temperature,2023,28.86
temperature,2023,28.84
temperature,2023,28.81
temperature,2023,28.78
temperature,2023,28.75
temperature,2023,28.72
temperature,2023,28.69
temperature,2023,28.67
temperature,2023,28.64
temperature,2023,28.61
temperature,2023,28.58
temperature,2023,28.55
temperature,2023,28.52
temperature,2023,28.5
temperature,2023,28.47
temperature,2023,28.44
temperature,2023,28.41
temperature,2023,28.38
temperature,2023,28.35
temperature,2023,29.89
temperature,2023,29.86
temperature,2023,29.83
temperature,2023,29.8
temperature,2023,28.95
temperature,2023,28.92
temperature,2023,28.89
temperature,2023,28.86
temperature,2023,28.84
temperature,2023,28.81
temperature,2023,28.78
temperature,2023,28.75
temperature,2023,28.72
temperature,2023,28.69
temperature,2023,28.67
temperature,2023,28.64
temperature,2023,28.61
temperature,2023,28.58
temperature,2023,28.55
temperature,2023,28.52
temperature,2023,28.5
temperature,2023,28.47
temperature,2023,28.44
temperature,2023,28.41
temperature,2023,29.89
temperature,2023,29.86
temperature,2023,29.83
temperature,2023,29.8
temperature,2023,29.01
temperature,2023,28.98
temperature,2023,28.95
temperature,2023,28.92
temperature,2023,28.89
temperature,2023,28.86
temperature,2023,28.84
temperature,2023,28.81
temperature,2023,28.78
temperature,2023,28.75
temperature,2023,28.72
temperature,2023,28.69
temperature,2023,28.67
temperature,2023,28.64
temperature,2023,28.61
temperature,2023,28.58
temperature,2023,28.55
temperature,2023,28.52
temperature,2023,28.5
temperature,2023,28.47
temperature,2023,29.89
temperature,2023,29.86
temperature,2023,29.83
temperature,2023,29.8
temperature,2023,29.04
temperature,2023,29.01
temperature,2023,28.98
temperature,2023,28.95
temperature,2023,28.92
temperature,2023,28.89
temperature,2023,28.86
temperature,2023,28.84
temperature,2023,28.81
temperature,2023,28.78
temperature,2023,28.75
temperature,2023,28.72
temperature,2023,28.69
temperature,2023,28.67
temperature,2023,28.64
temperature,2023,28.61
temperature,2023,28.58
temperature,2023,28.55
temperature,2023,28.52
temperature,2023,29.89
temperature,2023,29.86
temperature,2023,29.83
temperature,2023,29.8
temperature,2023,29.09
temperature,2023,29.06
temperature,2023,29.04
temperature,2023,29.01
temperature,2023,28.98
temperature,2023,28.95
temperature,2023,28.92
temperature,2023,28.89
temperature,2023,28.86
temperature,2023,28.84
temperature,2023,28.81
temperature,2023,28.78
temperature,2023,28.75
temperature,2023,28.72
temperature,2023,28.69
temperature,2023,28.67
temperature,2023,28.64
temperature,2023,28.61
temperature,2023,28.58
temperature,2023,29.89
temperature,2023,29.86
temperature,2023,29.83
temperature,2023,29.8
temperature,2023,29.15
temperature,2023,29.12
temperature,2023,29.09
temperature,2023,29.06
temperature,2023,29.04
temperature,2023,29.01
temperature,2023,28.98
temperature,2023,28.95
temperature,2023,28.92
temperature,2023,28.89
temperature,2023,28.86
temperature,2023,28.84
temperature,2023,28.81
temperature,2023,28.78
temperature,2023,28.75
temperature,2023,28.72
temperature,2023,28.69
temperature,2023,28.67
temperature,2023,28.64
temperature,2023,28.61
temperature,2023,29.89
temperature,2023,29.86
temperature,2023,29.83
temperature,2023,29.8
temperature,2023,29.21
temperature,2023,29.18
temperature,2023,29.15
temperature,2023,29.12
temperature,2023,29.09
temperature,2023,29.06
temperature,2023,29.04
temperature,2023,29.01
temperature,2023,28.98
temperature,2023,28.95
temperature,2023,28.92
temperature,2023,28.89
temperature,2023,28.86
temperature,2023,28.84
temperature,2023,28.81
temperature,2023,28.78
temperature,2023,28.75
temperature,2023,28.72
temperature,2023,28.69
temperature,2023,28.67
temperature,2023,29.89
temperature,2023,29.86
temperature,2023,29.83
temperature,2023,29.8
temperature,2023,29.26
temperature,2023,29.23
temperature,2023,29.21
temperature,2023,29.18
temperature,2023,29.15
temperature,2023,29.12
temperature,2023,29.09
temperature,2023,29.06
temperature,2023,29.04
temperature,2023,29.01
temperature,2023,28.98
temperature,2023,28.95
temperature,2023,28.92
temperature,2023,28.89
temperature,2023,28.86
temperature,2023,28.84
temperature,2023,28.81
temperature,2023,28.78
temperature,2023,28.75
temperature,2023,28.72
temperature,2023,29.89
temperature,2023,29.86
temperature,2023,29.83
temperature,2023,29.8
temperature,2023,29.29
temperature,2023,29.26
temperature,2023,29.23
temperature,2023,29.21
temperature,2023,29.18
temperature,2023,29.15
temperature,2023,29.12
temperature,2023,29.09
temperature,2023,29.06
temperature,2023,29.04
temperature,2023,29.01
temperature,2023,28.98
temperature,2023,28.95
temperature,2023,28.92
temperature,2023,28.89
temperature,2023,28.86
temperature,2023,28.84
temperature,2023,28.81
temperature,2023,28.78
temperature,2023,29.89
temperature,2023,29.86
temperature,2023,29.83
temperature,2023,29.8
temperature,2023,29.35
temperature,2023,29.32
temperature,2023,29.29
temperature,2023,29.26
temperature,2023,29.23
temperature,2023,29.21
temperature,2023,29.18
temperature,2023,29.15
temperature,2023,29.12
temperature,2023,29.09
temperature,2023,29.06
temperature,2023,29.04
temperature,2023,29.01
temperature,2023,28.98
temperature,2023,28.95
temperature,2023,28.92
temperature,2023,28.89
temperature,2023,28.86
temperature,2023,28.84
temperature,2023,29.89
temperature,2023,29.86
temperature,2023,29.83
temperature,2023,29.8
temperature,2023,29.4
temperature,2023,29.38
temperature,2023,29.35
temperature,2023,29.32
temperature,2023,29.29
temperature,2023,29.26
temperature,2023,29.23
temperature,2023,29.21
temperature,2023,29.18
temperature,2023,29.15
temperature,2023,29.12
temperature,2023,29.09
temperature,2023,29.06
temperature,2023,29.04
temperature,2023,29.01
temperature,2023,28.98
temperature,2023,28.95
temperature,2023,28.92
temperature,2023,28.89
temperature,2023,28.86
temperature,2023,29.89
temperature,2023,29.86
temperature,2023,29.83
temperature,2023,29.8
temperature,2023,29.46
temperature,2023,29.43
temperature,2023,29.4
temperature,2023,29.38
temperature,2023,29.35
temperature,2023,29.32
temperature,2023,29.29
temperature,2023,29.26
temperature,2023,29.23
temperature,2023,29.21
temperature,2023,29.18
temperature,2023,29.15
temperature,2023,29.12
temperature,2023,29.09
temperature,2023,29.06
temperature,2023,29.04
temperature,2023,29.01
temperature,2023,28.98
temperature,2023,28.95
temperature,2023,28.92
temperature,2023,29.89
temperature,2023,29.86
temperature,2023,29.83
temperature,2023,29.8
temperature,2023,29.52
temperature,2023,29.49
temperature,2023,29.46
temperature,2023,29.43
temperature,2023,29.4
temperature,2023,29.38
temperature,2023,29.35
temperature,2023,29.32
temperature,2023,29.29
temperature,2023,29.26
temperature,2023,29.23
temperature,2023,29.21
temperature,2023,29.18
temperature,2023,29.15
temperature,2023,29.12
temperature,2023,29.09
temperature,2023,29.06
temperature,2023,29.04
temperature,2023,29.01
temperature,2023,28.98
temperature,2023,29.89
temperature,2023,29.86
temperature,2023,29.83
temperature,2023,29.8
temperature,2023,29.57
temperature,2023,29.55
temperature,2023,29.52
temperature,2023,29.49
temperature,2023,29.46
temperature,2023,29.43
temperature,2023,29.4
temperature,2023,29.38
temperature,2023,29.35
temperature,2023,29.32
temperature,2023,29.29
temperature,2023,29.26
temperature,2023,29.23
temperature,2023,29.21
temperature,2023,29.18
temperature,2023,29.15
temperature,2023,29.12
temperature,2023,29.09
temperature,2023,29.06
temperature,2023,29.04
temperature,2023,29.89
temperature,2023,29.86
temperature,2023,29.83
temperature,2023,29.8
temperature,2023,29.63
temperature,2023,29.6
temperature,2023,29.57
temperature,2023,29.55
temperature,2023,29.52
temperature,2023,29.49
temperature,2023,29.46
temperature,2023,29.43
temperature,2023,29.4
temperature,2023,29.38
temperature,2023,29.35
temperature,2023,29.32
temperature,2023,29.29
temperature,2023,29.26
temperature,2023,29.23
temperature,2023,29.21
temperature,2023,29.18
temperature,2023,29.15
temperature,2023,29.12
temperature,2023,29.09
temperature,2023,29.89
temperature,2023,29.86
temperature,2023,29.83
temperature,2023,29.8
temperature,2023,29.69
temperature,2023,29.66
temperature,2023,29.63
temperature,2023,29.6
temperature,2023,29.57
temperature,2023,29.55
temperature,2023,29.52
temperature,2023,29.49
temperature,2023,29.46
temperature,2023,29.43
temperature,2023,29.4
temperature,2023,29.38
temperature,2023,29.35
temperature,2023,29.32
temperature,2023,29.29
temperature,2023,29.26
temperature,2023,29.23
temperature,2023,29.21
temperature,2023,29.18
temperature,2023,29.15
temperature,2023,29.12
temperature,2023,29.89
temperature,2023,29.86
temperature,2023,29.83
temperature,2023,29.8
temperature,2023,29.77
temperature,2023,29.75
temperature,2023,29.72
temperature,2023,29.69
temperature,2023,29.66
temperature,2023,29.63
temperature,2023,29.6
temperature,2023,29.57
temperature,2023,29.55
temperature,2023,29.52
temperature,2023,29.49
temperature,2023,29.46
temperature,2023,29.43
temperature,2023,29.4
temperature,2023,29.38
temperature,2023,29.35
temperature,2023,29.32
temperature,2023,29.29
temperature,2023,29.26
temperature,2023,29.23
temperature,2023,29.21
temperature,2023,29.18
temperature,2023,29.89
temperature,2023,29.86
temperature,2023,29.83
temperature,2023,29.8
temperature,2023,29.77
temperature,2023,29.75
temperature,2023,29.72
temperature,2023,29.69
temperature,2023,29.66
temperature,2023,29.63
temperature,2023,29.6
temperature,2023,29.57
temperature,2023,29.55
temperature,2023,29.52
temperature,2023,29.49
temperature,2023,29.46
temperature,2023,29.43
temperature,2023,29.4
temperature,2023,29.38
temperature,2023,29.35
temperature,2023,29.32
temperature,2023,29.29
temperature,2023,29.26
temperature,2023,29.23
temperature,2024,29.89
temperature,2024,29.86
temperature,2024,29.83
temperature,2024,29.8
temperature,2024,29.77
temperature,2024,29.75
temperature,2024,29.72
temperature,2024,29.69
temperature,2024,29.66
temperature,2024,29.63
temperature,2024,29.6
temperature,2024,29.57
temperature,2024,29.55
temperature,2024,29.52
temperature,2024,29.49
temperature,2024,29.46
temperature,2024,29.43
temperature,2024,29.4
temperature,2024,29.38
temperature,2024,29.35
temperature,2024,29.32
temperature,2024,29.29
temperature,2024,29.94
temperature,2024,29.92
temperature,2024,29.89
temperature,2024,29.86
temperature,2024,29.83
temperature,2024,29.8
temperature,2024,29.77
temperature,2024,29.75
temperature,2024,29.72
temperature,2024,29.69
temperature,2024,29.66
temperature,2024,29.63
temperature,2024,29.6
temperature,2024,29.57
temperature,2024,29.55
temperature,2024,29.52
temperature,2024,29.49
temperature,2024,29.46
temperature,2024,29.43
temperature,2024,29.4
temperature,2024,29.38
temperature,2024,29.35
temperature,2024,30
temperature,2024,29.97
temperature,2024,29.94
temperature,2024,29.92
temperature,2024,29.89
temperature,2024,29.86
temperature,2024,29.83
temperature,2024,29.8
temperature,2024,29.77
temperature,2024,29.75
temperature,2024,29.72
temperature,2024,29.69
temperature,2024,29.66
temperature,2024,29.63
temperature,2024,29.6
temperature,2024,29.57
temperature,2024,29.55
temperature,2024,29.52
temperature,2024,29.49
temperature,2024,29.46
temperature,2024,29.43
temperature,2024,29.4
temperature,2024,29.38
temperature,2024,30.06
temperature,2024,30.03
temperature,2024,30
temperature,2024,29.97
temperature,2024,29.94
temperature,2024,29.92
temperature,2024,29.89
temperature,2024,29.86
temperature,2024,29.83
temperature,2024,29.8
temperature,2024,29.77
temperature,2024,29.75
temperature,2024,29.72
temperature,2024,29.69
temperature,2024,29.66
temperature,2024,29.63
temperature,2024,29.6
temperature,2024,29.57
temperature,2024,29.55
temperature,2024,29.52
temperature,2024,29.49
temperature,2024,29.46
temperature,2024,30.11
temperature,2024,30.09
temperature,2024,30.06
temperature,2024,30.03
temperature,2024,30
temperature,2024,29.97
temperature,2024,29.94
temperature,2024,29.92
temperature,2024,29.89
temperature,2024,29.86
temperature,2024,29.83
temperature,2024,29.8
temperature,2024,29.77
temperature,2024,29.75
temperature,2024,29.72
temperature,2024,29.69
temperature,2024,29.66
temperature,2024,29.63
temperature,2024,29.6
temperature,2024,29.57
temperature,2024,29.55
temperature,2024,29.52
temperature,2024,30.2
temperature,2024,30.17
temperature,2024,30.14
temperature,2024,30.11
temperature,2024,30.09
temperature,2024,30.06
temperature,2024,30.03
temperature,2024,30
temperature,2024,29.97
temperature,2024,29.94
temperature,2024,29.92
temperature,2024,29.89
temperature,2024,29.86
temperature,2024,29.83
temperature,2024,29.8
temperature,2024,29.77
temperature,2024,29.75
temperature,2024,29.72
temperature,2024,29.69
temperature,2024,29.66
temperature,2024,29.63
temperature,2024,29.6
temperature,2024,29.57
temperature,2024,30.26
temperature,2024,30.23
temperature,2024,30.2
temperature,2024,30.17
temperature,2024,30.14
temperature,2024,30.11
temperature,2024,30.09
temperature,2024,30.06
temperature,2024,30.03
temperature,2024,30
temperature,2024,29.97
temperature,2024,29.94
temperature,2024,29.92
temperature,2024,29.89
temperature,2024,29.86
temperature,2024,29.83
temperature,2024,29.8
temperature,2024,29.77
temperature,2024,29.75
temperature,2024,29.72
temperature,2024,29.69
temperature,2024,29.66
temperature,2024,29.63
temperature,2024,30.31
temperature,2024,30.28
temperature,2024,30.26
temperature,2024,30.23
temperature,2024,30.2
temperature,2024,30.17
temperature,2024,30.14
temperature,2024,30.11
temperature,2024,30.09
temperature,2024,30.06
temperature,2024,30.03
temperature,2024,30
temperature,2024,29.97
temperature,2024,29.94
temperature,2024,29.92
temperature,2024,29.89
temperature,2024,29.86
temperature,2024,29.83
temperature,2024,29.8
temperature,2024,29.77
temperature,2024,29.75
temperature,2024,29.72
temperature,2024,29.69
temperature,2024,30.34
temperature,2024,30.31
temperature,2024,30.28
temperature,2024,30.26
temperature,2024,30.23
temperature,2024,30.2
temperature,2024,30.17
temperature,2024,30.14
temperature,2024,30.11
temperature,2024,30.09
temperature,2024,30.06
temperature,2024,30.03
temperature,2024,30
temperature,2024,29.97
temperature,2024,29.94
temperature,2024,29.92
temperature,2024,29.89
temperature,2024,29.86
temperature,2024,29.83
temperature,2024,29.8
temperature,2024,29.77
temperature,2024,29.75
temperature,2024,30.37
temperature,2024,30.34
temperature,2024,30.31
temperature,2024,30.28
temperature,2024,30.26
temperature,2024,30.23
temperature,2024,30.2
temperature,2024,30.17
temperature,2024,30.14
temperature,2024,30.11
temperature,2024,30.09
temperature,2024,30.06
temperature,2024,30.03
temperature,2024,30
temperature,2024,29.97
temperature,2024,29.94
temperature,2024,29.92
temperature,2024,29.89
temperature,2024,29.86
temperature,2024,29.83
temperature,2024,29.8
temperature,2024,30.37
temperature,2024,30.34
temperature,2024,30.31
temperature,2024,30.28
temperature,2024,30.26
temperature,2024,30.23
temperature,2024,30.2
temperature,2024,30.17
temperature,2024,30.14
temperature,2024,30.11
temperature,2024,30.09
temperature,2024,30.06
temperature,2024,30.03
temperature,2024,30
temperature,2024,29.97
temperature,2024,29.94
temperature,2024,29.92
temperature,2024,29.89
temperature,2024,29.86
temperature,2024,29.83
temperature,2024,29.8
temperature,2024,30.37
temperature,2024,30.34
temperature,2024,30.31
temperature,2024,30.28
temperature,2024,30.26
temperature,2024,30.23
temperature,2024,30.2
temperature,2024,30.17
temperature,2024,30.14
temperature,2024,30.11
temperature,2024,30.09
temperature,2024,30.06
temperature,2024,30.03
temperature,2024,30
temperature,2024,29.97
temperature,2024,29.94
temperature,2024,29.89
temperature,2024,29.86
temperature,2024,29.83
temperature,2024,29.8
temperature,2024,30.37
temperature,2024,30.34
temperature,2024,30.31
temperature,2024,30.28
temperature,2024,30.26
temperature,2024,30.23
temperature,2024,30.2
temperature,2024,30.17
temperature,2024,30.14
temperature,2024,30.11
temperature,2024,30.09
temperature,2024,30.06
temperature,2024,30.03
temperature,2024,30
temperature,2024,29.89
temperature,2024,29.86
temperature,2024,29.83
temperature,2024,29.8
temperature,2024,30.37
temperature,2024,30.34
temperature,2024,30.31
temperature,2024,30.28
temperature,2024,30.26
temperature,2024,30.23
temperature,2024,30.2
temperature,2024,30.17
temperature,2024,30.14
temperature,2024,30.11
temperature,2024,30.09
temperature,2024,30.06
temperature,2024,29.89
temperature,2024,29.86
temperature,2024,29.83
temperature,2024,29.8
temperature,2024,30.34
temperature,2024,30.31
temperature,2024,30.28
temperature,2024,30.26
temperature,2024,30.23
temperature,2024,30.2
temperature,2024,30.17
temperature,2024,30.14
temperature,2024,30.11
temperature,2024,30.09
temperature,2024,30.06
temperature,2024,29.89
temperature,2024,29.86
temperature,2024,29.83
temperature,2024,29.8
temperature,2024,30.34
temperature,2024,30.31
temperature,2024,30.28
temperature,2024,30.26
temperature,2024,30.23
temperature,2024,30.2
temperature,2024,30.17
temperature,2024,30.14
temperature,2024,30.11
temperature,2024,30.09
temperature,2024,30.06
temperature,2024,29.89
temperature,2024,29.86
temperature,2024,29.83
temperature,2024,29.8
temperature,2024,30.31
temperature,2024,30.28
temperature,2024,30.26
temperature,2024,30.23
temperature,2024,30.2
temperature,2024,30.17
temperature,2024,30.14
temperature,2024,30.11
temperature,2024,30.09
temperature,2024,30.06
temperature,2024,30.03
temperature,2024,29.89
temperature,2024,29.86
temperature,2024,29.83
temperature,2024,29.8
temperature,2024,30.31
temperature,2024,30.28
temperature,2024,30.26
temperature,2024,30.23
temperature,2024,30.2
temperature,2024,30.17
temperature,2024,30.14
temperature,2024,30.11
temperature,2024,30.09
temperature,2024,30.06
temperature,2024,30.03
temperature,2024,29.89
temperature,2024,29.86
temperature,2024,29.83
temperature,2024,29.8
temperature,2024,30.28
temperature,2024,30.26
temperature,2024,30.23
temperature,2024,30.2
temperature,2024,30.17
temperature,2024,30.14
temperature,2024,30.11
temperature,2024,30.09
temperature,2024,30.06
temperature,2024,30.03
temperature,2024,30
temperature,2024,29.89
temperature,2024,29.86
temperature,2024,29.83
temperature,2024,29.8
temperature,2024,30.28
temperature,2024,30.26
temperature,2024,30.23
temperature,2024,30.2
temperature,2024,30.17
temperature,2024,30.14
temperature,2024,30.11
temperature,2024,30.09
temperature,2024,30.06
temperature,2024,30.03
temperature,2024,30
temperature,2024,29.89
temperature,2024,29.86
temperature,2024,29.83
temperature,2024,29.8
temperature,2024,30.26
temperature,2024,30.23
temperature,2024,30.2
temperature,2024,30.17
temperature,2024,30.14
temperature,2024,30.11
temperature,2024,30.09
temperature,2024,30.06
temperature,2024,30.03
temperature,2024,30
temperature,2024,29.97
temperature,2024,29.89
temperature,2024,29.86
temperature,2024,29.83
temperature,2024,29.8
temperature,2024,30.23
temperature,2024,30.2
temperature,2024,30.17
temperature,2024,30.14
temperature,2024,30.11
temperature,2024,30.09
temperature,2024,30.06
temperature,2024,30.03
temperature,2024,30
temperature,2024,29.97
temperature,2024,29.94
temperature,2024,29.89
temperature,2024,29.86
temperature,2024,29.83
temperature,2024,29.8
temperature,2024,30.23
temperature,2024,30.2
temperature,2024,30.17
temperature,2024,30.14
temperature,2024,30.11
temperature,2024,30.09
temperature,2024,30.06
temperature,2024,30.03
temperature,2024,30
temperature,2024,29.97
temperature,2024,29.94
temperature,2024,29.92
temperature,2024,29.89
temperature,2024,29.86
temperature,2024,29.83
temperature,2024,29.8
temperature,2024,30.2
temperature,2024,30.17
temperature,2024,30.14
temperature,2024,30.11
temperature,2024,30.09
temperature,2024,30.06
temperature,2024,30.03
temperature,2024,30
temperature,2024,29.97
temperature,2024,29.94
temperature,2024,29.92
temperature,2024,29.89
temperature,2024,29.86
temperature,2024,29.83
temperature,2024,29.8
temperature,2024,30.2
temperature,2024,30.17
temperature,2024,30.14
temperature,2024,30.11
temperature,2024,30.09
temperature,2024,30.06
temperature,2024,30.03
temperature,2024,30
temperature,2024,29.97
temperature,2024,29.94
temperature,2024,29.92
temperature,2024,29.89
temperature,2024,29.86
temperature,2024,29.83
temperature,2024,29.8
temperature,2024,30.17
temperature,2024,30.14
temperature,2024,30.11
temperature,2024,30.09
temperature,2024,30.06
temperature,2024,30.03
temperature,2024,30
temperature,2024,29.97
temperature,2024,29.94
temperature,2024,29.92
temperature,2024,29.89
temperature,2024,29.86
temperature,2024,29.83
temperature,2024,29.8
temperature,2024,30.17
temperature,2024,30.14
temperature,2024,30.11
temperature,2024,30.09
temperature,2024,30.06
temperature,2024,30.03
temperature,2024,30
temperature,2024,29.97
temperature,2024,29.94
temperature,2024,29.92
temperature,2024,29.89
temperature,2024,29.86
temperature,2024,29.83
temperature,2024,29.8
temperature,2024,29.77
temperature,2024,30.14
temperature,2024,30.11
temperature,2024,30.09
temperature,2024,30.06
temperature,2024,30.03
temperature,2024,30
temperature,2024,29.97
temperature,2024,29.94
temperature,2024,29.92
temperature,2024,29.89
temperature,2024,29.86
temperature,2024,29.83
temperature,2024,29.8
temperature,2024,29.77
temperature,2024,29.75
temperature,2024,29.72
temperature,2024,30.11
temperature,2024,30.09
temperature,2024,30.06
temperature,2024,30.03
temperature,2024,30
temperature,2024,29.97
temperature,2024,29.94
temperature,2024,29.92
temperature,2024,29.89
temperature,2024,29.86
temperature,2024,29.83
temperature,2024,29.8
temperature,2024,29.77
temperature,2024,29.75
temperature,2024,29.72
temperature,2024,29.69
temperature,2024,30.09
temperature,2024,30.06
temperature,2024,30.03
temperature,2024,30
temperature,2024,29.97
temperature,2024,29.94
temperature,2024,29.92
temperature,2024,29.89
temperature,2024,29.86
temperature,2024,29.83
temperature,2024,29.8
temperature,2024,29.77
temperature,2024,29.75
temperature,2024,29.72
temperature,2024,29.69
temperature,2024,29.66
temperature,2024,30.03
temperature,2024,30
temperature,2024,29.97
temperature,2024,29.94
temperature,2024,29.92
temperature,2024,29.89
temperature,2024,29.86
temperature,2024,29.83
temperature,2024,29.8
temperature,2024,29.77
temperature,2024,29.75
temperature,2024,29.72
temperature,2024,29.69
temperature,2024,29.66
temperature,2024,29.63
temperature,2024,30
temperature,2024,29.97
temperature,2024,29.94
temperature,2024,29.92
temperature,2024,29.89
temperature,2024,29.86
temperature,2024,29.83
temperature,2024,29.8
temperature,2024,29.77
temperature,2024,29.75
temperature,2024,29.72
temperature,2024,29.69
temperature,2024,29.66
temperature,2024,29.63
temperature,2024,29.6
temperature,2024,29.57
temperature,2024,29.97
temperature,2024,29.94
temperature,2024,29.92
temperature,2024,29.89
temperature,2024,29.86
temperature,2024,29.83
temperature,2024,29.8
temperature,2024,29.77
temperature,2024,29.75
temperature,2024,29.72
temperature,2024,29.69
temperature,2024,29.66
temperature,2024,29.63
temperature,2024,29.6
temperature,2024,29.57
temperature,2024,29.55
temperature,2024,29.92
temperature,2024,29.89
temperature,2024,29.86
temperature,2024,29.83
temperature,2024,29.8
temperature,2024,29.77
temperature,2024,29.75
temperature,2024,29.72
temperature,2024,29.69
temperature,2024,29.66
temperature,2024,29.63
temperature,2024,29.6
temperature,2024,29.57
temperature,2024,29.55
temperature,2024,29.52
temperature,2024,29.49
temperature,2024,29.89
temperature,2024,29.86
temperature,2024,29.83
temperature,2024,29.8
temperature,2024,29.77
temperature,2024,29.75
temperature,2024,29.72
temperature,2024,29.69
temperature,2024,29.66
temperature,2024,29.63
temperature,2024,29.6
temperature,2024,29.57
temperature,2024,29.55
temperature,2024,29.52
temperature,2024,29.49
temperature,2024,29.46
temperature,2024,29.89
temperature,2024,29.86
temperature,2024,29.83
temperature,2024,29.8
temperature,2024,29.77
temperature,2024,29.75
temperature,2024,29.72
temperature,2024,29.69
temperature,2024,29.66
temperature,2024,29.63
temperature,2024,29.6
temperature,2024,29.57
temperature,2024,29.55
temperature,2024,29.52
temperature,2024,29.49
temperature,2024,29.46
temperature,2024,29.43
temperature,2024,29.89
temperature,2024,29.86
temperature,2024,29.83
temperature,2024,29.8
temperature,2024,29.77
temperature,2024,29.75
temperature,2024,29.72
temperature,2024,29.69
temperature,2024,29.66
temperature,2024,29.63
temperature,2024,29.6
temperature,2024,29.57
temperature,2024,29.55
temperature,2024,29.52
temperature,2024,29.49
temperature,2024,29.46
temperature,2024,29.43
temperature,2024,29.89
temperature,2024,29.86
temperature,2024,29.83
temperature,2024,29.8
temperature,2024,29.77
temperature,2024,29.75
temperature,2024,29.72
temperature,2024,29.69
temperature,2024,29.66
temperature,2024,29.63
temperature,2024,29.6
temperature,2024,29.57
temperature,2024,29.55
temperature,2024,29.52
temperature,2024,29.49
temperature,2024,29.46
temperature,2024,29.43
temperature,2024,29.4
temperature,2024,29.89
temperature,2024,29.86
temperature,2024,29.83
temperature,2024,29.8
temperature,2024,29.75
temperature,2024,29.72
temperature,2024,29.69
temperature,2024,29.66
temperature,2024,29.63
temperature,2024,29.6
temperature,2024,29.57
temperature,2024,29.55
temperature,2024,29.52
temperature,2024,29.49
temperature,2024,29.46
temperature,2024,29.43
temperature,2024,29.4
temperature,2024,29.89
temperature,2024,29.86
temperature,2024,29.83
temperature,2024,29.8
temperature,2024,29.69
temperature,2024,29.66
temperature,2024,29.63
temperature,2024,29.6
temperature,2024,29.57
temperature,2024,29.55
temperature,2024,29.52
temperature,2024,29.49
temperature,2024,29.46
temperature,2024,29.43
temperature,2024,29.4
temperature,2024,29.89
temperature,2024,29.86
temperature,2024,29.83
temperature,2024,29.8
temperature,2024,29.66
temperature,2024,29.63
temperature,2024,29.6
temperature,2024,29.57
temperature,2024,29.55
temperature,2024,29.52
temperature,2024,29.49
temperature,2024,29.46
temperature,2024,29.43
temperature,2024,29.4
temperature,2024,29.89
temperature,2024,29.86
temperature,2024,29.83
temperature,2024,29.8
temperature,2024,29.63
temperature,2024,29.6
temperature,2024,29.57
temperature,2024,29.55
temperature,2024,29.52
temperature,2024,29.49
temperature,2024,29.46
temperature,2024,29.43
temperature,2024,29.4
temperature,2024,29.38
temperature,2024,29.89
temperature,2024,29.86
temperature,2024,29.83
temperature,2024,29.8
temperature,2024,29.63
temperature,2024,29.6
temperature,2024,29.57
temperature,2024,29.55
temperature,2024,29.52
temperature,2024,29.49
temperature,2024,29.46
temperature,2024,29.43
temperature,2024,29.4
temperature,2024,29.38
temperature,2024,29.89
temperature,2024,29.86
temperature,2024,29.83
temperature,2024,29.8
temperature,2024,29.63
temperature,2024,29.6
temperature,2024,29.57
temperature,2024,29.55
temperature,2024,29.52
temperature,2024,29.49
temperature,2024,29.46
temperature,2024,29.43
temperature,2024,29.4
temperature,2024,29.38
temperature,2024,29.89
temperature,2024,29.86
temperature,2024,29.83
temperature,2024,29.8
temperature,2024,29.6
temperature,2024,29.57
temperature,2024,29.55
temperature,2024,29.52
temperature,2024,29.49
temperature,2024,29.46
temperature,2024,29.43
temperature,2024,29.4
temperature,2024,29.38
temperature,2024,29.89
temperature,2024,29.86
temperature,2024,29.83
temperature,2024,29.8
temperature,2024,29.6
temperature,2024,29.57
temperature,2024,29.55
temperature,2024,29.52
temperature,2024,29.49
temperature,2024,29.46
temperature,2024,29.43
temperature,2024,29.4
temperature,2024,29.38
temperature,2024,29.35
temperature,2024,29.89
temperature,2024,29.86
temperature,2024,29.83
temperature,2024,29.8
temperature,2024,29.6
temperature,2024,29.57
temperature,2024,29.55
temperature,2024,29.52
temperature,2024,29.49
temperature,2024,29.46
temperature,2024,29.43
temperature,2024,29.4
temperature,2024,29.38
temperature,2024,29.35
temperature,2024,29.89
temperature,2024,29.86
temperature,2024,29.83
temperature,2024,29.8
temperature,2024,29.6
temperature,2024,29.57
temperature,2024,29.55
temperature,2024,29.52
temperature,2024,29.49
temperature,2024,29.46
temperature,2024,29.43
temperature,2024,29.4
temperature,2024,29.38
temperature,2024,29.35
temperature,2024,29.89
temperature,2024,29.86
temperature,2024,29.83
temperature,2024,29.8
temperature,2024,29.57
temperature,2024,29.55
temperature,2024,29.52
temperature,2024,29.49
temperature,2024,29.46
temperature,2024,29.43
temperature,2024,29.4
temperature,2024,29.38
temperature,2024,29.35
temperature,2024,29.89
temperature,2024,29.86
temperature,2024,29.83
temperature,2024,29.8
temperature,2024,29.57
temperature,2024,29.55
temperature,2024,29.52
temperature,2024,29.49
temperature,2024,29.46
temperature,2024,29.43
temperature,2024,29.4
temperature,2024,29.38
temperature,2024,29.35
temperature,2024,29.32
temperature,2024,29.89
temperature,2024,29.86
temperature,2024,29.83
temperature,2024,29.8
temperature,2024,29.57
temperature,2024,29.55
temperature,2024,29.52
temperature,2024,29.49
temperature,2024,29.46
temperature,2024,29.43
temperature,2024,29.4
temperature,2024,29.38
temperature,2024,29.35
temperature,2024,29.32
temperature,2024,29.29
temperature,2024,29.89
temperature,2024,29.86
temperature,2024,29.83
temperature,2024,29.8
temperature,2024,29.57
temperature,2024,29.55
temperature,2024,29.52
temperature,2024,29.49
temperature,2024,29.46
temperature,2024,29.43
temperature,2024,29.4
temperature,2024,29.38
temperature,2024,29.35
temperature,2024,29.32
temperature,2024,29.29
temperature,2024,29.26
temperature,2024,29.89
temperature,2024,29.86
temperature,2024,29.83
temperature,2024,29.8
temperature,2024,29.55
temperature,2024,29.52
temperature,2024,29.49
temperature,2024,29.46
temperature,2024,29.43
temperature,2024,29.4
temperature,2024,29.38
temperature,2024,29.35
temperature,2024,29.32
temperature,2024,29.29
temperature,2024,29.26
temperature,2024,29.23
temperature,2024,29.89
temperature,2024,29.86
temperature,2024,29.83
temperature,2024,29.8
temperature,2024,29.55
temperature,2024,29.52
temperature,2024,29.49
temperature,2024,29.46
temperature,2024,29.43
temperature,2024,29.4
temperature,2024,29.38
temperature,2024,29.35
temperature,2024,29.32
temperature,2024,29.29
temperature,2024,29.26
temperature,2024,29.23
temperature,2024,29.21
temperature,2024,29.18
temperature,2024,29.89
temperature,2024,29.86
temperature,2024,29.83
temperature,2024,29.8
temperature,2024,29.52
temperature,2024,29.49
temperature,2024,29.46
temperature,2024,29.43
temperature,2024,29.4
temperature,2024,29.38
temperature,2024,29.35
temperature,2024,29.32
temperature,2024,29.29
temperature,2024,29.26
temperature,2024,29.23
temperature,2024,29.21
temperature,2024,29.18
temperature,2024,29.15
temperature,2024,29.89
temperature,2024,29.86
temperature,2024,29.83
temperature,2024,29.8
temperature,2024,29.49
temperature,2024,29.46
temperature,2024,29.43
temperature,2024,29.4
temperature,2024,29.38
temperature,2024,29.35
temperature,2024,29.32
temperature,2024,29.29
temperature,2024,29.26
temperature,2024,29.23
temperature,2024,29.21
temperature,2024,29.18
temperature,2024,29.15
temperature,2024,29.12
temperature,2024,29.89
temperature,2024,29.86
temperature,2024,29.83
temperature,2024,29.8
temperature,2024,29.46
temperature,2024,29.43
temperature,2024,29.4
temperature,2024,29.38
temperature,2024,29.35
temperature,2024,29.32
temperature,2024,29.29
temperature,2024,29.26
temperature,2024,29.23
temperature,2024,29.21
temperature,2024,29.18
temperature,2024,29.15
temperature,2024,29.12
temperature,2024,29.09
temperature,2024,29.89
temperature,2024,29.86
temperature,2024,29.83
temperature,2024,29.8
temperature,2024,29.43
temperature,2024,29.4
temperature,2024,29.38
temperature,2024,29.35
temperature,2024,29.32
temperature,2024,29.29
temperature,2024,29.26
temperature,2024,29.23
temperature,2024,29.21
temperature,2024,29.18
temperature,2024,29.15
temperature,2024,29.12
temperature,2024,29.09
temperature,2024,29.06
temperature,2024,29.89
temperature,2024,29.86
temperature,2024,29.83
temperature,2024,29.8
temperature,2024,29.4
temperature,2024,29.38
temperature,2024,29.35
temperature,2024,29.32
temperature,2024,29.29
temperature,2024,29.26
temperature,2024,29.23
temperature,2024,29.21
temperature,2024,29.18
temperature,2024,29.15
temperature,2024,29.12
temperature,2024,29.09
temperature,2024,29.06
temperature,2024,29.04
temperature,2024,29.89
temperature,2024,29.86
temperature,2024,29.83
temperature,2024,29.8
temperature,2024,29.38
temperature,2024,29.35
temperature,2024,29.32
temperature,2024,29.29
temperature,2024,29.26
temperature,2024,29.23
temperature,2024,29.21
temperature,2024,29.18
temperature,2024,29.15
temperature,2024,29.12
temperature,2024,29.09
temperature,2024,29.06
temperature,2024,29.04
temperature,2024,29.01
temperature,2024,29.89
temperature,2024,29.86
temperature,2024,29.83
temperature,2024,29.8
temperature,2024,29.35
temperature,2024,29.32
temperature,2024,29.29
temperature,2024,29.26
temperature,2024,29.23
temperature,2024,29.21
temperature,2024,29.18
temperature,2024,29.15
temperature,2024,29.12
temperature,2024,29.09
temperature,2024,29.06
temperature,2024,29.04
temperature,2024,29.01
temperature,2024,28.98
temperature,2024,29.89
temperature,2024,29.86
temperature,2024,29.83
temperature,2024,29.8
temperature,2024,29.32
temperature,2024,29.29
temperature,2024,29.26
temperature,2024,29.23
temperature,2024,29.21
temperature,2024,29.18
temperature,2024,29.15
temperature,2024,29.12
temperature,2024,29.09
temperature,2024,29.06
temperature,2024,29.04
temperature,2024,29.01
temperature,2024,28.98
temperature,2024,28.95
temperature,2024,29.89
temperature,2024,29.86
temperature,2024,29.83
temperature,2024,29.8
temperature,2024,29.29
temperature,2024,29.26
temperature,2024,29.23
temperature,2024,29.21
temperature,2024,29.18
temperature,2024,29.15
temperature,2024,29.12
temperature,2024,29.09
temperature,2024,29.06
temperature,2024,29.04
temperature,2024,29.01
temperature,2024,28.98
temperature,2024,28.95
temperature,2024,28.92
temperature,2024,29.89
temperature,2024,29.86
temperature,2024,29.83
temperature,2024,29.8
temperature,2024,29.23
temperature,2024,29.21
temperature,2024,29.18
temperature,2024,29.15
temperature,2024,29.12
temperature,2024,29.09
temperature,2024,29.06
temperature,2024,29.04
temperature,2024,29.01
temperature,2024,28.98
temperature,2024,28.95
temperature,2024,28.92
temperature,2024,28.89
temperature,2024,29.89
temperature,2024,29.86
temperature,2024,29.83
temperature,2024,29.8
temperature,2024,29.21
temperature,2024,29.18
temperature,2024,29.15
temperature,2024,29.12
temperature,2024,29.09
temperature,2024,29.06
temperature,2024,29.04
temperature,2024,29.01
temperature,2024,28.98
temperature,2024,28.95
temperature,2024,28.92
temperature,2024,28.89
temperature,2024,29.89
temperature,2024,29.86
temperature,2024,29.83
temperature,2024,29.8
temperature,2024,29.18
temperature,2024,29.15
temperature,2024,29.12
temperature,2024,29.09
temperature,2024,29.06
temperature,2024,29.04
temperature,2024,29.01
temperature,2024,28.98
temperature,2024,28.95
temperature,2024,28.92
temperature,2024,28.89
temperature,2024,29.89
temperature,2024,29.86
temperature,2024,29.83
temperature,2024,29.8
temperature,2024,29.15
temperature,2024,29.12
temperature,2024,29.09
temperature,2024,29.06
temperature,2024,29.04
temperature,2024,29.01
temperature,2024,28.98
temperature,2024,28.95
temperature,2024,28.92
temperature,2024,28.89
temperature,2024,29.89
temperature,2024,29.86
temperature,2024,29.83
temperature,2024,29.8
temperature,2024,29.12
temperature,2024,29.09
temperature,2024,29.06
temperature,2024,29.04
temperature,2024,29.01
temperature,2024,28.98
temperature,2024,28.95
temperature,2024,28.92
temperature,2024,28.89
temperature,2024,28.86
temperature,2024,29.89
temperature,2024,29.86
temperature,2024,29.83
temperature,2024,29.8
temperature,2024,29.12
temperature,2024,29.09
temperature,2024,29.06
temperature,2024,29.04
temperature,2024,29.01
temperature,2024,28.98
temperature,2024,28.95
temperature,2024,28.92
temperature,2024,28.89
temperature,2024,28.86
temperature,2024,29.89
temperature,2024,29.86
temperature,2024,29.83
temperature,2024,29.8
temperature,2024,29.12
temperature,2024,29.09
temperature,2024,29.06
temperature,2024,29.04
temperature,2024,29.01
temperature,2024,28.98
temperature,2024,28.95
temperature,2024,28.92
temperature,2024,28.89
temperature,2024,28.86
temperature,2024,29.89
temperature,2024,29.86
temperature,2024,29.83
temperature,2024,29.8
temperature,2024,29.09
temperature,2024,29.06
temperature,2024,29.04
temperature,2024,29.01
temperature,2024,28.98
temperature,2024,28.95
temperature,2024,28.92
temperature,2024,28.89
temperature,2024,28.86
temperature,2024,29.89
temperature,2024,29.86
temperature,2024,29.83
temperature,2024,29.8
temperature,2024,29.09
temperature,2024,29.06
temperature,2024,29.04
temperature,2024,29.01
temperature,2024,28.98
temperature,2024,28.95
temperature,2024,28.92
temperature,2024,28.89
temperature,2024,28.86
temperature,2024,28.84
temperature,2024,29.89
temperature,2024,29.86
temperature,2024,29.83
temperature,2024,29.8
temperature,2024,29.09
temperature,2024,29.06
temperature,2024,29.04
temperature,2024,29.01
temperature,2024,28.98
temperature,2024,28.95
temperature,2024,28.92
temperature,2024,28.89
temperature,2024,28.86
temperature,2024,28.84
temperature,2024,29.89
temperature,2024,29.86
temperature,2024,29.83
temperature,2024,29.8
temperature,2024,29.09
temperature,2024,29.06
temperature,2024,29.04
temperature,2024,29.01
temperature,2024,28.98
temperature,2024,28.95
temperature,2024,28.92
temperature,2024,28.89
temperature,2024,28.86
temperature,2024,28.84
temperature,2024,29.89
temperature,2024,29.86
temperature,2024,29.83
temperature,2024,29.8
temperature,2024,29.06
temperature,2024,29.04
temperature,2024,29.01
temperature,2024,28.98
temperature,2024,28.95
temperature,2024,28.92
temperature,2024,28.89
temperature,2024,28.86
temperature,2024,28.84
temperature,2024,29.89
temperature,2024,29.86
temperature,2024,29.83
temperature,2024,29.8
temperature,2024,29.06
temperature,2024,29.04
temperature,2024,29.01
temperature,2024,28.98
temperature,2024,28.95
temperature,2024,28.92
temperature,2024,28.89
temperature,2024,28.86
temperature,2024,28.84
temperature,2024,28.81
temperature,2024,29.89
temperature,2024,29.86
temperature,2024,29.83
temperature,2024,29.8
temperature,2024,29.06
temperature,2024,29.04
temperature,2024,29.01
temperature,2024,28.98
temperature,2024,28.95
temperature,2024,28.92
temperature,2024,28.89
temperature,2024,28.86
temperature,2024,28.84
temperature,2024,28.81
temperature,2024,28.78
temperature,2024,29.89
temperature,2024,29.86
temperature,2024,29.83
temperature,2024,29.8
temperature,2024,29.06
temperature,2024,29.04
temperature,2024,29.01
temperature,2024,28.98
temperature,2024,28.95
temperature,2024,28.92
temperature,2024,28.89
temperature,2024,28.86
temperature,2024,28.84
temperature,2024,28.81
temperature,2024,28.78
temperature,2024,28.75
temperature,2024,29.89
temperature,2024,29.86
temperature,2024,29.83
temperature,2024,29.8
temperature,2024,29.06
temperature,2024,29.04
temperature,2024,29.01
temperature,2024,28.98
temperature,2024,28.95
temperature,2024,28.92
temperature,2024,28.89
temperature,2024,28.86
temperature,2024,28.84
temperature,2024,28.81
temperature,2024,28.78
temperature,2024,28.75
temperature,2024,28.72
temperature,2024,28.69
temperature,2024,29.89
temperature,2024,29.86
temperature,2024,29.83
temperature,2024,29.8
temperature,2024,29.04
temperature,2024,29.01
temperature,2024,28.98
temperature,2024,28.95
temperature,2024,28.92
temperature,2024,28.89
temperature,2024,28.86
temperature,2024,28.84
temperature,2024,28.81
temperature,2024,28.78
temperature,2024,28.75
temperature,2024,28.72
temperature,2024,28.69
temperature,2024,28.67
temperature,2024,29.89
temperature,2024,29.86
temperature,2024,29.83
temperature,2024,29.8
temperature,2024,29.04
temperature,2024,29.01
temperature,2024,28.98
temperature,2024,28.95
temperature,2024,28.92
temperature,2024,28.89
temperature,2024,28.86
temperature,2024,28.84
temperature,2024,28.81
temperature,2024,28.78
temperature,2024,28.75
temperature,2024,28.72
temperature,2024,28.69
temperature,2024,28.67
temperature,2024,28.64
temperature,2024,29.89
temperature,2024,29.86
temperature,2024,29.83
temperature,2024,29.8
temperature,2024,29.01
temperature,2024,28.98
temperature,2024,28.95
temperature,2024,28.92
temperature,2024,28.89
temperature,2024,28.86
temperature,2024,28.84
temperature,2024,28.81
temperature,2024,28.78
temperature,2024,28.75
temperature,2024,28.72
temperature,2024,28.69
temperature,2024,28.67
temperature,2024,28.64
temperature,2024,28.61
temperature,2024,28.58
temperature,2024,29.89
temperature,2024,29.86
temperature,2024,29.83
temperature,2024,29.8
temperature,2024,28.98
temperature,2024,28.95
temperature,2024,28.92
temperature,2024,28.89
temperature,2024,28.86
temperature,2024,28.84
temperature,2024,28.81
temperature,2024,28.78
temperature,2024,28.75
temperature,2024,28.72
temperature,2024,28.69
temperature,2024,28.67
temperature,2024,28.64
temperature,2024,28.61
temperature,2024,28.58
temperature,2024,28.55
temperature,2024,29.89
temperature,2024,29.86
temperature,2024,29.83
temperature,2024,29.8
temperature,2024,28.92
temperature,2024,28.89
temperature,2024,28.86
temperature,2024,28.84
temperature,2024,28.81
temperature,2024,28.78
temperature,2024,28.75
temperature,2024,28.72
temperature,2024,28.69
temperature,2024,28.67
temperature,2024,28.64
temperature,2024,28.61
temperature,2024,28.58
temperature,2024,28.55
temperature,2024,28.52
temperature,2024,29.89
temperature,2024,29.86
temperature,2024,29.83
temperature,2024,29.8
temperature,2024,28.89
temperature,2024,28.86
temperature,2024,28.84
temperature,2024,28.81
temperature,2024,28.78
temperature,2024,28.75
temperature,2024,28.72
temperature,2024,28.69
temperature,2024,28.67
temperature,2024,28.64
temperature,2024,28.61
temperature,2024,28.58
temperature,2024,28.55
temperature,2024,28.52
temperature,2024,28.5
temperature,2024,28.47
temperature,2024,29.89
temperature,2024,29.86
temperature,2024,29.83
temperature,2024,29.8
temperature,2024,28.86
temperature,2024,28.84
temperature,2024,28.81
temperature,2024,28.78
temperature,2024,28.75
temperature,2024,28.72
temperature,2024,28.69
temperature,2024,28.67
temperature,2024,28.64
temperature,2024,28.61
temperature,2024,28.58
temperature,2024,28.55
temperature,2024,28.52
temperature,2024,28.5
temperature,2024,28.47
temperature,2024,28.44
temperature,2024,29.89
temperature,2024,29.86
temperature,2024,29.83
temperature,2024,29.8
temperature,2024,28.81
temperature,2024,28.78
temperature,2024,28.75
temperature,2024,28.72
temperature,2024,28.69
temperature,2024,28.67
temperature,2024,28.64
temperature,2024,28.61
temperature,2024,28.58
temperature,2024,28.55
temperature,2024,28.52
temperature,2024,28.5
temperature,2024,28.47
temperature,2024,28.44
temperature,2024,28.41
temperature,2024,29.89
temperature,2024,29.86
temperature,2024,29.83
temperature,2024,29.8
temperature,2024,28.78
temperature,2024,28.75
temperature,2024,28.72
temperature,2024,28.69
temperature,2024,28.67
temperature,2024,28.64
temperature,2024,28.61
temperature,2024,28.58
temperature,2024,28.55
temperature,2024,28.52
temperature,2024,28.5
temperature,2024,28.47
temperature,2024,28.44
temperature,2024,28.41
temperature,2024,28.38
temperature,2024,28.35
temperature,2024,29.89
temperature,2024,29.86
temperature,2024,29.83
temperature,2024,29.8
temperature,2024,28.75
temperature,2024,28.72
temperature,2024,28.69
temperature,2024,28.67
temperature,2024,28.64
temperature,2024,28.61
temperature,2024,28.58
temperature,2024,28.55
temperature,2024,28.52
temperature,2024,28.5
temperature,2024,28.47
temperature,2024,28.44
temperature,2024,28.41
temperature,2024,28.38
temperature,2024,28.35
temperature,2024,29.89
temperature,2024,29.86
temperature,2024,29.83
temperature,2024,29.8
temperature,2024,28.69
temperature,2024,28.67
temperature,2024,28.64
temperature,2024,28.61
temperature,2024,28.58
temperature,2024,28.55
temperature,2024,28.52
temperature,2024,28.5
temperature,2024,28.47
temperature,2024,28.44
temperature,2024,28.41
temperature,2024,28.38
temperature,2024,28.35
temperature,2024,28.32
temperature,2024,29.89
temperature,2024,29.86
temperature,2024,29.83
temperature,2024,29.8
temperature,2024,28.67
temperature,2024,28.64
temperature,2024,28.61
temperature,2024,28.58
temperature,2024,28.55
temperature,2024,28.52
temperature,2024,28.5
temperature,2024,28.47
temperature,2024,28.44
temperature,2024,28.41
temperature,2024,28.38
temperature,2024,28.35
temperature,2024,28.32
temperature,2024,29.89
temperature,2024,29.86
temperature,2024,29.83
temperature,2024,29.8
temperature,2024,28.64
temperature,2024,28.61
temperature,2024,28.58
temperature,2024,28.55
temperature,2024,28.52
temperature,2024,28.5
temperature,2024,28.47
temperature,2024,28.44
temperature,2024,28.41
temperature,2024,28.38
temperature,2024,28.35
temperature,2024,28.32
temperature,2024,28.3
temperature,2024,29.89
temperature,2024,29.86
temperature,2024,29.83
temperature,2024,29.8
temperature,2024,28.58
temperature,2024,28.55
temperature,2024,28.52
temperature,2024,28.5
temperature,2024,28.47
temperature,2024,28.44
temperature,2024,28.41
temperature,2024,28.38
temperature,2024,28.35
temperature,2024,28.32
temperature,2024,28.3
temperature,2024,29.89
temperature,2024,29.86
temperature,2024,29.83
temperature,2024,29.8
temperature,2024,28.58
temperature,2024,28.55
temperature,2024,28.52
temperature,2024,28.5
temperature,2024,28.47
temperature,2024,28.44
temperature,2024,28.41
temperature,2024,28.38
temperature,2024,28.35
temperature,2024,28.32
temperature,2024,29.89
temperature,2024,29.86
temperature,2024,29.83
temperature,2024,29.8
temperature,2024,28.58
temperature,2024,28.55
temperature,2024,28.52
temperature,2024,28.5
temperature,2024,28.47
temperature,2024,28.44
temperature,2024,28.41
temperature,2024,28.38
temperature,2024,28.35
temperature,2024,28.32
temperature,2024,29.89
temperature,2024,29.86
temperature,2024,29.83
temperature,2024,29.8
temperature,2024,28.58
temperature,2024,28.55
temperature,2024,28.52
temperature,2024,28.5
temperature,2024,28.47
temperature,2024,28.44
temperature,2024,28.41
temperature,2024,28.38
temperature,2024,28.35
temperature,2024,28.32
temperature,2024,29.89
temperature,2024,29.86
temperature,2024,29.83
temperature,2024,29.8
temperature,2024,28.58
temperature,2024,28.55
temperature,2024,28.52
temperature,2024,28.5
temperature,2024,28.47
temperature,2024,28.44
temperature,2024,28.41
temperature,2024,28.38
temperature,2024,28.35
temperature,2024,28.32
temperature,2024,29.89
temperature,2024,29.86
temperature,2024,29.83
temperature,2024,29.8
temperature,2024,28.61
temperature,2024,28.58
temperature,2024,28.55
temperature,2024,28.52
temperature,2024,28.5
temperature,2024,28.47
temperature,2024,28.44
temperature,2024,28.41
temperature,2024,28.38
temperature,2024,28.35
temperature,2024,29.89
temperature,2024,29.86
temperature,2024,29.83
temperature,2024,29.8
temperature,2024,28.61
temperature,2024,28.58
temperature,2024,28.55
temperature,2024,28.52
temperature,2024,28.5
temperature,2024,28.47
temperature,2024,28.44
temperature,2024,28.41
temperature,2024,28.38
temperature,2024,28.35
temperature,2024,29.89
temperature,2024,29.86
temperature,2024,29.83
temperature,2024,29.8
temperature,2024,28.61
temperature,2024,28.58
temperature,2024,28.55
temperature,2024,28.52
temperature,2024,28.5
temperature,2024,28.47
temperature,2024,28.44
temperature,2024,28.41
temperature,2024,28.38
temperature,2024,28.35
temperature,2024,29.89
temperature,2024,29.86
temperature,2024,29.83
temperature,2024,29.8
temperature,2024,28.61
temperature,2024,28.58
temperature,2024,28.55
temperature,2024,28.52
temperature,2024,28.5
temperature,2024,28.47
temperature,2024,28.44
temperature,2024,28.41
temperature,2024,28.38
temperature,2024,28.35
temperature,2024,29.89
temperature,2024,29.86
temperature,2024,29.83
temperature,2024,29.8
temperature,2024,28.61
temperature,2024,28.58
temperature,2024,28.55
temperature,2024,28.52
temperature,2024,28.5
temperature,2024,28.47
temperature,2024,28.44
temperature,2024,28.41
temperature,2024,28.38
temperature,2024,29.89
temperature,2024,29.86
temperature,2024,29.83
temperature,2024,29.8
temperature,2024,28.64
temperature,2024,28.61
temperature,2024,28.58
temperature,2024,28.55
temperature,2024,28.52
temperature,2024,28.5
temperature,2024,28.47
temperature,2024,28.44
temperature,2024,28.41
temperature,2024,28.38
temperature,2024,29.89
temperature,2024,29.86
temperature,2024,29.83
temperature,2024,29.8
temperature,2024,28.64
temperature,2024,28.61
temperature,2024,28.58
temperature,2024,28.55
temperature,2024,28.52
temperature,2024,28.5
temperature,2024,28.47
temperature,2024,28.44
temperature,2024,28.41
temperature,2024,28.38
temperature,2024,29.89
temperature,2024,29.86
temperature,2024,29.83
temperature,2024,29.8
temperature,2024,28.64
temperature,2024,28.61
temperature,2024,28.58
temperature,2024,28.55
temperature,2024,28.52
temperature,2024,28.5
temperature,2024,28.47
temperature,2024,28.44
temperature,2024,28.41
temperature,2024,28.38
temperature,2024,29.89
temperature,2024,29.86
temperature,2024,29.83
temperature,2024,29.8
temperature,2024,28.64
temperature,2024,28.61
temperature,2024,28.58
temperature,2024,28.55
temperature,2024,28.52
temperature,2024,28.5
temperature,2024,28.47
temperature,2024,28.44
temperature,2024,28.41
temperature,2024,28.38
temperature,2024,29.89
temperature,2024,29.86
temperature,2024,29.83
temperature,2024,29.8
temperature,2024,28.64
temperature,2024,28.61
temperature,2024,28.58
temperature,2024,28.55
temperature,2024,28.52
temperature,2024,28.5
temperature,2024,28.47
temperature,2024,28.44
temperature,2024,28.41
temperature,2024,28.38
temperature,2024,29.89
temperature,2024,29.86
temperature,2024,29.83
temperature,2024,29.8
temperature,2024,28.64
temperature,2024,28.61
temperature,2024,28.58
temperature,2024,28.55
temperature,2024,28.52
temperature,2024,28.5
temperature,2024,28.47
temperature,2024,28.44
temperature,2024,28.41
temperature,2024,28.38
temperature,2024,28.35
temperature,2024,29.89
temperature,2024,29.86
temperature,2024,29.83
temperature,2024,29.8
temperature,2024,28.61
temperature,2024,28.58
temperature,2024,28.55
temperature,2024,28.52
temperature,2024,28.5
temperature,2024,28.47
temperature,2024,28.44
temperature,2024,28.41
temperature,2024,28.38
temperature,2024,28.35
temperature,2024,29.89
temperature,2024,29.86
temperature,2024,29.83
temperature,2024,29.8
temperature,2024,28.61
temperature,2024,28.58
temperature,2024,28.55
temperature,2024,28.52
temperature,2024,28.5
temperature,2024,28.47
temperature,2024,28.44
temperature,2024,28.41
temperature,2024,28.38
temperature,2024,28.35
temperature,2024,29.89
temperature,2024,29.86
temperature,2024,29.83
temperature,2024,29.8
temperature,2024,28.61
temperature,2024,28.58
temperature,2024,28.55
temperature,2024,28.52
temperature,2024,28.5
temperature,2024,28.47
temperature,2024,28.44
temperature,2024,28.41
temperature,2024,28.38
temperature,2024,28.35
temperature,2024,28.32
temperature,2024,29.89
temperature,2024,29.86
temperature,2024,29.83
temperature,2024,29.8
temperature,2024,28.58
temperature,2024,28.55
temperature,2024,28.52
temperature,2024,28.5
temperature,2024,28.47
temperature,2024,28.44
temperature,2024,28.41
temperature,2024,28.38
temperature,2024,28.35
temperature,2024,28.32
temperature,2024,29.89
temperature,2024,29.86
temperature,2024,29.83
temperature,2024,29.8
temperature,2024,28.58
temperature,2024,28.55
temperature,2024,28.52
temperature,2024,28.5
temperature,2024,28.47
temperature,2024,28.44
temperature,2024,28.41
temperature,2024,28.38
temperature,2024,28.35
temperature,2024,28.32
temperature,2024,29.89
temperature,2024,29.86
temperature,2024,29.83
temperature,2024,29.8
temperature,2024,28.55
temperature,2024,28.52
temperature,2024,28.5
temperature,2024,28.47
temperature,2024,28.44
temperature,2024,28.41
temperature,2024,28.38
temperature,2024,28.35
temperature,2024,28.32
temperature,2024,28.3
temperature,2024,29.89
temperature,2024,29.86
temperature,2024,29.83
temperature,2024,29.8
temperature,2024,28.55
temperature,2024,28.52
temperature,2024,28.5
temperature,2024,28.47
temperature,2024,28.44
temperature,2024,28.41
temperature,2024,28.38
temperature,2024,28.35
temperature,2024,28.32
temperature,2024,28.3
temperature,2024,29.89
temperature,2024,29.86
temperature,2024,29.83
temperature,2024,29.8
temperature,2024,28.55
temperature,2024,28.52
temperature,2024,28.5
temperature,2024,28.47
temperature,2024,28.44
temperature,2024,28.41
temperature,2024,28.38
temperature,2024,28.35
temperature,2024,28.32
temperature,2024,28.3
temperature,2024,29.89
temperature,2024,29.86
temperature,2024,29.83
temperature,2024,29.8
temperature,2024,28.52
temperature,2024,28.5
temperature,2024,28.47
temperature,2024,28.44
temperature,2024,28.41
temperature,2024,28.38
temperature,2024,28.35
temperature,2024,28.32
temperature,2024,28.3
temperature,2024,28.27
temperature,2024,29.89
temperature,2024,29.86
temperature,2024,29.83
temperature,2024,29.8
temperature,2024,28.52
temperature,2024,28.5
temperature,2024,28.47
temperature,2024,28.44
temperature,2024,28.41
temperature,2024,28.38
temperature,2024,28.35
temperature,2024,28.32
temperature,2024,28.3
temperature,2024,28.27
temperature,2024,28.24
temperature,2024,29.89
temperature,2024,29.86
temperature,2024,29.83
temperature,2024,29.8
temperature,2024,28.52
temperature,2024,28.5
temperature,2024,28.47
temperature,2024,28.44
temperature,2024,28.41
temperature,2024,28.38
temperature,2024,28.35
temperature,2024,28.32
temperature,2024,28.3
temperature,2024,28.27
temperature,2024,28.24
temperature,2024,29.89
temperature,2024,29.86
temperature,2024,29.83
temperature,2024,29.8
temperature,2024,28.5
temperature,2024,28.47
temperature,2024,28.44
temperature,2024,28.41
temperature,2024,28.38
temperature,2024,28.35
temperature,2024,28.32
temperature,2024,28.3
temperature,2024,28.27
temperature,2024,28.24
temperature,2024,28.21
temperature,2024,29.89
temperature,2024,29.86
temperature,2024,29.83
temperature,2024,29.8
temperature,2024,28.5
temperature,2024,28.47
temperature,2024,28.44
temperature,2024,28.41
temperature,2024,28.38
temperature,2024,28.35
temperature,2024,28.32
temperature,2024,28.3
temperature,2024,28.27
temperature,2024,28.24
temperature,2024,28.21
temperature,2024,28.18
temperature,2024,29.89
temperature,2024,29.86
temperature,2024,29.83
temperature,2024,29.8
temperature,2024,28.47
temperature,2024,28.44
temperature,2024,28.41
temperature,2024,28.38
temperature,2024,28.35
temperature,2024,28.32
temperature,2024,28.3
temperature,2024,28.27
temperature,2024,28.24
temperature,2024,28.21
temperature,2024,28.18
temperature,2024,29.89
temperature,2024,29.86
temperature,2024,29.83
temperature,2024,29.8
temperature,2024,28.44
temperature,2024,28.41
temperature,2024,28.38
temperature,2024,28.35
temperature,2024,28.32
temperature,2024,28.3
temperature,2024,28.27
temperature,2024,28.24
temperature,2024,28.21
temperature,2024,28.18
temperature,2024,28.15
temperature,2024,29.89
temperature,2024,29.86
temperature,2024,29.83
temperature,2024,29.8
temperature,2024,28.44
temperature,2024,28.41
temperature,2024,28.38
temperature,2024,28.35
temperature,2024,28.32
temperature,2024,28.3
temperature,2024,28.27
temperature,2024,28.24
temperature,2024,28.21
temperature,2024,28.18
temperature,2024,28.15
temperature,2024,28.13
temperature,2024,29.89
temperature,2024,29.86
temperature,2024,29.83
temperature,2024,29.8
temperature,2024,28.41
temperature,2024,28.38
temperature,2024,28.35
temperature,2024,28.32
temperature,2024,28.3
temperature,2024,28.27
temperature,2024,28.24
temperature,2024,28.21
temperature,2024,28.18
temperature,2024,28.15
temperature,2024,28.13
temperature,2024,28.1
temperature,2024,29.89
temperature,2024,29.86
temperature,2024,29.83
temperature,2024,29.8
temperature,2024,28.38
temperature,2024,28.35
temperature,2024,28.32
temperature,2024,28.3
temperature,2024,28.27
temperature,2024,28.24
temperature,2024,28.21
temperature,2024,28.18
temperature,2024,28.15
temperature,2024,28.13
temperature,2024,28.1
temperature,2024,29.89
temperature,2024,29.86
temperature,2024,29.83
temperature,2024,29.8
temperature,2024,28.38
temperature,2024,28.35
temperature,2024,28.32
temperature,2024,28.3
temperature,2024,28.27
temperature,2024,28.24
temperature,2024,28.21
temperature,2024,28.18
temperature,2024,28.15
temperature,2024,28.13
temperature,2024,28.1
temperature,2024,28.07
temperature,2024,29.89
temperature,2024,29.86
temperature,2024,29.83
temperature,2024,29.8
temperature,2024,28.35
temperature,2024,28.32
temperature,2024,28.3
temperature,2024,28.27
temperature,2024,28.24
temperature,2024,28.21
temperature,2024,28.18
temperature,2024,28.15
temperature,2024,28.13
temperature,2024,28.1
temperature,2024,28.07
temperature,2024,28.04
temperature,2024,29.89
temperature,2024,29.86
temperature,2024,29.83
temperature,2024,29.8
temperature,2024,28.32
temperature,2024,28.3
temperature,2024,28.27
temperature,2024,28.24
temperature,2024,28.21
temperature,2024,28.18
temperature,2024,28.15
temperature,2024,28.13
temperature,2024,28.1
temperature,2024,28.07
temperature,2024,28.04
temperature,2024,28.01
temperature,2024,29.89
temperature,2024,29.86
temperature,2024,29.83
temperature,2024,29.8
temperature,2024,28.32
temperature,2024,28.3
temperature,2024,28.27
temperature,2024,28.24
temperature,2024,28.21
temperature,2024,28.18
temperature,2024,28.15
temperature,2024,28.13
temperature,2024,28.1
temperature,2024,28.07
temperature,2024,28.04
temperature,2024,28.01
temperature,2024,29.89
temperature,2024,29.86
temperature,2024,29.83
temperature,2024,29.8
temperature,2024,28.3
temperature,2024,28.27
temperature,2024,28.24
temperature,2024,28.21
temperature,2024,28.18
temperature,2024,28.15
temperature,2024,28.13
temperature,2024,28.1
temperature,2024,28.07
temperature,2024,28.04
temperature,2024,28.01
temperature,2024,27.98
temperature,2024,29.89
temperature,2024,29.86
temperature,2024,29.83
temperature,2024,29.8
temperature,2024,28.27
temperature,2024,28.24
temperature,2024,28.21
temperature,2024,28.18
temperature,2024,28.15
temperature,2024,28.13
temperature,2024,28.1
temperature,2024,28.07
temperature,2024,28.04
temperature,2024,28.01
temperature,2024,27.98
temperature,2024,29.89
temperature,2024,29.86
temperature,2024,29.83
temperature,2024,29.8
temperature,2024,28.27
temperature,2024,28.24
temperature,2024,28.21
temperature,2024,28.18
temperature,2024,28.15
temperature,2024,28.13
temperature,2024,28.1
temperature,2024,28.07
temperature,2024,28.04
temperature,2024,28.01
temperature,2024,29.89
temperature,2024,29.86
temperature,2024,29.83
temperature,2024,29.8
temperature,2024,28.3
temperature,2024,28.27
temperature,2024,28.24
temperature,2024,28.21
temperature,2024,28.18
temperature,2024,28.15
temperature,2024,28.13
temperature,2024,28.1
temperature,2024,28.07
temperature,2024,28.04
temperature,2024,28.01
temperature,2024,29.89
temperature,2024,29.86
temperature,2024,29.83
temperature,2024,29.8
temperature,2024,28.3
temperature,2024,28.27
temperature,2024,28.24
temperature,2024,28.21
temperature,2024,28.18
temperature,2024,28.15
temperature,2024,28.13
temperature,2024,28.1
temperature,2024,28.07
temperature,2024,28.04
temperature,2024,28.01
temperature,2024,29.89
temperature,2024,29.86
temperature,2024,29.83
temperature,2024,29.8
temperature,2024,28.32
temperature,2024,28.3
temperature,2024,28.27
temperature,2024,28.24
temperature,2024,28.21
temperature,2024,28.18
temperature,2024,28.15
temperature,2024,28.13
temperature,2024,28.1
temperature,2024,28.07
temperature,2024,28.04
temperature,2024,29.89
temperature,2024,29.86
temperature,2024,29.83
temperature,2024,29.8
temperature,2024,28.32
temperature,2024,28.3
temperature,2024,28.27
temperature,2024,28.24
temperature,2024,28.21
temperature,2024,28.18
temperature,2024,28.15
temperature,2024,28.13
temperature,2024,28.1
temperature,2024,28.07
temperature,2024,28.04
temperature,2024,29.89
temperature,2024,29.86
temperature,2024,29.83
temperature,2024,29.8
temperature,2024,28.35
temperature,2024,28.32
temperature,2024,28.3
temperature,2024,28.27
temperature,2024,28.24
temperature,2024,28.21
temperature,2024,28.18
temperature,2024,28.15
temperature,2024,28.13
temperature,2024,28.1
temperature,2024,28.07
temperature,2024,29.89
temperature,2024,29.86
temperature,2024,29.83
temperature,2024,29.8
temperature,2024,28.35
temperature,2024,28.32
temperature,2024,28.3
temperature,2024,28.27
temperature,2024,28.24
temperature,2024,28.21
temperature,2024,28.18
temperature,2024,28.15
temperature,2024,28.13
temperature,2024,28.1
temperature,2024,29.89
temperature,2024,29.86
temperature,2024,29.83
temperature,2024,29.8
temperature,2024,28.38
temperature,2024,28.35
temperature,2024,28.32
temperature,2024,28.3
temperature,2024,28.27
temperature,2024,28.24
temperature,2024,28.21
temperature,2024,28.18
temperature,2024,28.15
temperature,2024,28.13
temperature,2024,28.1
temperature,2024,29.89
temperature,2024,29.86
temperature,2024,29.83
temperature,2024,29.8
temperature,2024,28.38
temperature,2024,28.35
temperature,2024,28.32
temperature,2024,28.3
temperature,2024,28.27
temperature,2024,28.24
temperature,2024,28.21
temperature,2024,28.18
temperature,2024,28.15
temperature,2024,28.13
temperature,2024,29.89
temperature,2024,29.86
temperature,2024,29.83
temperature,2024,29.8
temperature,2024,28.41
temperature,2024,28.38
temperature,2024,28.35
temperature,2024,28.32
temperature,2024,28.3
temperature,2024,28.27
temperature,2024,28.24
temperature,2024,28.21
temperature,2024,28.18
temperature,2024,28.15
temperature,2024,28.13
temperature,2024,29.89
temperature,2024,29.86
temperature,2024,29.83
temperature,2024,29.8
temperature,2024,28.41
temperature,2024,28.38
temperature,2024,28.35
temperature,2024,28.32
temperature,2024,28.3
temperature,2024,28.27
temperature,2024,28.24
temperature,2024,28.21
temperature,2024,28.18
temperature,2024,28.15
temperature,2024,29.89
temperature,2024,29.86
temperature,2024,29.83
temperature,2024,29.8
temperature,2024,28.44
temperature,2024,28.41
temperature,2024,28.38
temperature,2024,28.35
temperature,2024,28.32
temperature,2024,28.3
temperature,2024,28.27
temperature,2024,28.24
temperature,2024,28.21
temperature,2024,28.18
temperature,2024,28.15
temperature,2024,29.89
temperature,2024,29.86
temperature,2024,29.83
temperature,2024,29.8
temperature,2024,28.44
temperature,2024,28.41
temperature,2024,28.38
temperature,2024,28.35
temperature,2024,28.32
temperature,2024,28.3
temperature,2024,28.27
temperature,2024,28.24
temperature,2024,28.21
temperature,2024,28.18
temperature,2024,29.89
temperature,2024,29.86
temperature,2024,29.83
temperature,2024,29.8
temperature,2024,28.47
temperature,2024,28.44
temperature,2024,28.41
temperature,2024,28.38
temperature,2024,28.35
temperature,2024,28.32
temperature,2024,28.3
temperature,2024,28.27
temperature,2024,28.24
temperature,2024,28.21
temperature,2024,28.18
temperature,2024,29.89
temperature,2024,29.86
temperature,2024,29.83
temperature,2024,29.8
temperature,2024,28.47
temperature,2024,28.44
temperature,2024,28.41
temperature,2024,28.38
temperature,2024,28.35
temperature,2024,28.32
temperature,2024,28.3
temperature,2024,28.27
temperature,2024,28.24
temperature,2024,28.21
temperature,2024,29.89
temperature,2024,29.86
temperature,2024,29.83
temperature,2024,29.8
temperature,2024,28.5
temperature,2024,28.47
temperature,2024,28.44
temperature,2024,28.41
temperature,2024,28.38
temperature,2024,28.35
temperature,2024,28.32
temperature,2024,28.3
temperature,2024,28.27
temperature,2024,28.24
temperature,2024,28.21
temperature,2024,29.89
temperature,2024,29.86
temperature,2024,29.83
temperature,2024,29.8
temperature,2024,28.5
temperature,2024,28.47
temperature,2024,28.44
temperature,2024,28.41
temperature,2024,28.38
temperature,2024,28.35
temperature,2024,28.32
temperature,2024,28.3
temperature,2024,28.27
temperature,2024,28.24
temperature,2024,29.89
temperature,2024,29.86
temperature,2024,29.83
temperature,2024,29.8
temperature,2024,28.52
temperature,2024,28.5
temperature,2024,28.47
temperature,2024,28.44
temperature,2024,28.41
temperature,2024,28.38
temperature,2024,28.35
temperature,2024,28.32
temperature,2024,28.3
temperature,2024,28.27
temperature,2024,28.24
temperature,2024,29.89
temperature,2024,29.86
temperature,2024,29.83
temperature,2024,29.8
temperature,2024,28.52
temperature,2024,28.5
temperature,2024,28.47
temperature,2024,28.44
temperature,2024,28.41
temperature,2024,28.38
temperature,2024,28.35
temperature,2024,28.32
temperature,2024,28.3
temperature,2024,28.27
temperature,2024,29.89
temperature,2024,29.86
temperature,2024,29.83
temperature,2024,29.8
temperature,2024,28.55
temperature,2024,28.52
temperature,2024,28.5
temperature,2024,28.47
temperature,2024,28.44
temperature,2024,28.41
temperature,2024,28.38
temperature,2024,28.35
temperature,2024,28.32
temperature,2024,28.3
temperature,2024,28.27
temperature,2024,29.89
temperature,2024,29.86
temperature,2024,29.83
temperature,2024,29.8
temperature,2024,28.55
temperature,2024,28.52
temperature,2024,28.5
temperature,2024,28.47
temperature,2024,28.44
temperature,2024,28.41
temperature,2024,28.38
temperature,2024,28.35
temperature,2024,28.32
temperature,2024,28.3
temperature,2024,29.89
temperature,2024,29.86
temperature,2024,29.83
temperature,2024,29.8
temperature,2024,28.58
temperature,2024,28.55
temperature,2024,28.52
temperature,2024,28.5
temperature,2024,28.47
temperature,2024,28.44
temperature,2024,28.41
temperature,2024,28.38
temperature,2024,28.35
temperature,2024,28.32
temperature,2024,28.3
temperature,2024,29.89
temperature,2024,29.86
temperature,2024,29.83
temperature,2024,29.8
temperature,2024,28.58
temperature,2024,28.55
temperature,2024,28.52
temperature,2024,28.5
temperature,2024,28.47
temperature,2024,28.44
temperature,2024,28.41
temperature,2024,28.38
temperature,2024,28.35
temperature,2024,28.32
temperature,2024,29.89
temperature,2024,29.86
temperature,2024,29.83
temperature,2024,29.8
temperature,2024,28.61
temperature,2024,28.58
temperature,2024,28.55
temperature,2024,28.52
temperature,2024,28.5
temperature,2024,28.47
temperature,2024,28.44
temperature,2024,28.41
temperature,2024,28.38
temperature,2024,28.35
temperature,2024,28.32
temperature,2024,29.89
temperature,2024,29.86
temperature,2024,29.83
temperature,2024,29.8
temperature,2024,28.61
temperature,2024,28.58
temperature,2024,28.55
temperature,2024,28.52
temperature,2024,28.5
temperature,2024,28.47
temperature,2024,28.44
temperature,2024,28.41
temperature,2024,28.38
temperature,2024,28.35
temperature,2024,28.32
temperature,2024,29.89
temperature,2024,29.86
temperature,2024,29.83
temperature,2024,29.8
temperature,2024,28.61
temperature,2024,28.58
temperature,2024,28.55
temperature,2024,28.52
temperature,2024,28.5
temperature,2024,28.47
temperature,2024,28.44
temperature,2024,28.41
temperature,2024,28.38
temperature,2024,28.35
temperature,2025,29.89
temperature,2025,29.86
temperature,2025,29.83
temperature,2025,29.8
temperature,2025,28.61
temperature,2025,28.58
temperature,2025,28.55
temperature,2025,28.52
temperature,2025,28.5
temperature,2025,28.47
temperature,2025,28.44
temperature,2025,28.41
temperature,2025,28.38
temperature,2025,28.35
temperature,2025,29.89
temperature,2025,29.86
temperature,2025,29.83
temperature,2025,29.8
temperature,2025,28.61
temperature,2025,28.58
temperature,2025,28.55
temperature,2025,28.52
temperature,2025,28.5
temperature,2025,28.47
temperature,2025,28.44
temperature,2025,28.41
temperature,2025,28.38
temperature,2025,29.89
temperature,2025,29.86
temperature,2025,29.83
temperature,2025,29.8
temperature,2025,28.61
temperature,2025,28.58
temperature,2025,28.55
temperature,2025,28.52
temperature,2025,28.5
temperature,2025,28.47
temperature,2025,28.44
temperature,2025,28.41
temperature,2025,28.38
temperature,2025,29.89
temperature,2025,29.86
temperature,2025,29.83
temperature,2025,29.8
temperature,2025,28.64
temperature,2025,28.61
temperature,2025,28.58
temperature,2025,28.55
temperature,2025,28.52
temperature,2025,28.5
temperature,2025,28.47
temperature,2025,28.44
temperature,2025,28.41
temperature,2025,28.38
temperature,2025,29.89
temperature,2025,29.86
temperature,2025,29.83
temperature,2025,29.8
temperature,2025,28.64
temperature,2025,28.61
temperature,2025,28.58
temperature,2025,28.55
temperature,2025,28.52
temperature,2025,28.5
temperature,2025,28.47
temperature,2025,28.44
temperature,2025,28.41
temperature,2025,28.38
temperature,2025,29.89
temperature,2025,29.86
temperature,2025,29.83
temperature,2025,29.8
temperature,2025,28.64
temperature,2025,28.61
temperature,2025,28.58
temperature,2025,28.55
temperature,2025,28.52
temperature,2025,28.5
temperature,2025,28.47
temperature,2025,28.44
temperature,2025,28.41
temperature,2025,28.38
temperature,2025,29.89
temperature,2025,29.86
temperature,2025,29.83
temperature,2025,29.8
temperature,2025,28.64
temperature,2025,28.61
temperature,2025,28.58
temperature,2025,28.55
temperature,2025,28.52
temperature,2025,28.5
temperature,2025,28.47
temperature,2025,28.44
temperature,2025,28.41
temperature,2025,28.38
temperature,2025,29.89
temperature,2025,29.86
temperature,2025,29.83
temperature,2025,29.8
temperature,2025,28.64
temperature,2025,28.61
temperature,2025,28.58
temperature,2025,28.55
temperature,2025,28.52
temperature,2025,28.5
temperature,2025,28.47
temperature,2025,28.44
temperature,2025,28.41
temperature,2025,28.38
temperature,2025,29.89
temperature,2025,29.86
temperature,2025,29.83
temperature,2025,29.8
temperature,2025,28.64
temperature,2025,28.61
temperature,2025,28.58
temperature,2025,28.55
temperature,2025,28.52
temperature,2025,28.5
temperature,2025,28.47
temperature,2025,28.44
temperature,2025,28.41
temperature,2025,29.89
temperature,2025,29.86
temperature,2025,29.83
temperature,2025,29.8
temperature,2025,28.64
temperature,2025,28.61
temperature,2025,28.58
temperature,2025,28.55
temperature,2025,28.52
temperature,2025,28.5
temperature,2025,28.47
temperature,2025,28.44
temperature,2025,28.41
temperature,2025,29.89
temperature,2025,29.86
temperature,2025,29.83
temperature,2025,29.8
temperature,2025,28.67
temperature,2025,28.64
temperature,2025,28.61
temperature,2025,28.58
temperature,2025,28.55
temperature,2025,28.52
temperature,2025,28.5
temperature,2025,28.47
temperature,2025,28.44
temperature,2025,28.41
temperature,2025,29.89
temperature,2025,29.86
temperature,2025,29.83
temperature,2025,29.8
temperature,2025,28.67
temperature,2025,28.64
temperature,2025,28.61
temperature,2025,28.58
temperature,2025,28.55
temperature,2025,28.52
temperature,2025,28.5
temperature,2025,28.47
temperature,2025,28.44
temperature,2025,28.41
temperature,2025,29.89
temperature,2025,29.86
temperature,2025,29.83
temperature,2025,29.8
temperature,2025,28.67
temperature,2025,28.64
temperature,2025,28.61
temperature,2025,28.58
temperature,2025,28.55
temperature,2025,28.52
temperature,2025,28.5
temperature,2025,28.47
temperature,2025,28.44
temperature,2025,28.41
temperature,2025,29.89
temperature,2025,29.86
temperature,2025,29.83
temperature,2025,29.8
temperature,2025,28.69
temperature,2025,28.67
temperature,2025,28.64
temperature,2025,28.61
temperature,2025,28.58
temperature,2025,28.55
temperature,2025,28.52
temperature,2025,28.5
temperature,2025,28.47
temperature,2025,28.44
temperature,2025,28.41
temperature,2025,29.89
temperature,2025,29.86
temperature,2025,29.83
temperature,2025,29.8
temperature,2025,28.69
temperature,2025,28.67
temperature,2025,28.64
temperature,2025,28.61
temperature,2025,28.58
temperature,2025,28.55
temperature,2025,28.52
temperature,2025,28.5
temperature,2025,28.47
temperature,2025,28.44
temperature,2025,29.89
temperature,2025,29.86
temperature,2025,29.83
temperature,2025,29.8
temperature,2025,28.72
temperature,2025,28.69
temperature,2025,28.67
temperature,2025,28.64
temperature,2025,28.61
temperature,2025,28.58
temperature,2025,28.55
temperature,2025,28.52
temperature,2025,28.5
temperature,2025,28.47
temperature,2025,28.44
temperature,2025,29.89
temperature,2025,29.86
temperature,2025,29.83
temperature,2025,29.8
temperature,2025,28.72
temperature,2025,28.69
temperature,2025,28.67
temperature,2025,28.64
temperature,2025,28.61
temperature,2025,28.58
temperature,2025,28.55
temperature,2025,28.52
temperature,2025,28.5
temperature,2025,28.47
temperature,2025,29.89
temperature,2025,29.86
temperature,2025,29.83
temperature,2025,29.8
temperature,2025,28.75
temperature,2025,28.72
temperature,2025,28.69
temperature,2025,28.67
temperature,2025,28.64
temperature,2025,28.61
temperature,2025,28.58
temperature,2025,28.55
temperature,2025,28.52
temperature,2025,28.5
temperature,2025,28.47
temperature,2025,29.89
temperature,2025,29.86
temperature,2025,29.83
temperature,2025,29.8
temperature,2025,28.75
temperature,2025,28.72
temperature,2025,28.69
temperature,2025,28.67
temperature,2025,28.64
temperature,2025,28.61
temperature,2025,28.58
temperature,2025,28.55
temperature,2025,28.52
temperature,2025,28.5
temperature,2025,29.89
temperature,2025,29.86
temperature,2025,29.83
temperature,2025,29.8
temperature,2025,28.78
temperature,2025,28.75
temperature,2025,28.72
temperature,2025,28.69
temperature,2025,28.67
temperature,2025,28.64
temperature,2025,28.61
temperature,2025,28.58
temperature,2025,28.55
temperature,2025,28.52
temperature,2025,28.5
temperature,2025,29.89
temperature,2025,29.86
temperature,2025,29.83
temperature,2025,29.8
temperature,2025,28.81
temperature,2025,28.78
temperature,2025,28.75
temperature,2025,28.72
temperature,2025,28.69
temperature,2025,28.67
temperature,2025,28.64
temperature,2025,28.61
temperature,2025,28.58
temperature,2025,28.55
temperature,2025,28.52
temperature,2025,29.89
temperature,2025,29.86
temperature,2025,29.83
temperature,2025,29.8
temperature,2025,28.81
temperature,2025,28.78
temperature,2025,28.75
temperature,2025,28.72
temperature,2025,28.69
temperature,2025,28.67
temperature,2025,28.64
temperature,2025,28.61
temperature,2025,28.58
temperature,2025,28.55
temperature,2025,28.52
temperature,2025,29.89
temperature,2025,29.86
temperature,2025,29.83
temperature,2025,29.8
temperature,2025,28.84
temperature,2025,28.81
temperature,2025,28.78
temperature,2025,28.75
temperature,2025,28.72
temperature,2025,28.69
temperature,2025,28.67
temperature,2025,28.64
temperature,2025,28.61
temperature,2025,28.58
temperature,2025,28.55
temperature,2025,29.89
temperature,2025,29.86
temperature,2025,29.83
temperature,2025,29.8
temperature,2025,28.84
temperature,2025,28.81
temperature,2025,28.78
temperature,2025,28.75
temperature,2025,28.72
temperature,2025,28.69
temperature,2025,28.67
temperature,2025,28.64
temperature,2025,28.61
temperature,2025,28.58
temperature,2025,28.55
temperature,2025,29.89
temperature,2025,29.86
temperature,2025,29.83
temperature,2025,29.8
temperature,2025,28.86
temperature,2025,28.84
temperature,2025,28.81
temperature,2025,28.78
temperature,2025,28.75
temperature,2025,28.72
temperature,2025,28.69
temperature,2025,28.67
temperature,2025,28.64
temperature,2025,28.61
temperature,2025,28.58
temperature,2025,29.89
temperature,2025,29.86
temperature,2025,29.83
temperature,2025,29.8
temperature,2025,28.86
temperature,2025,28.84
temperature,2025,28.81
temperature,2025,28.78
temperature,2025,28.75
temperature,2025,28.72
temperature,2025,28.69
temperature,2025,28.67
temperature,2025,28.64
temperature,2025,28.61
temperature,2025,28.58
temperature,2025,29.89
temperature,2025,29.86
temperature,2025,29.83
temperature,2025,29.8
temperature,2025,28.86
temperature,2025,28.84
temperature,2025,28.81
temperature,2025,28.78
temperature,2025,28.75
temperature,2025,28.72
temperature,2025,28.69
temperature,2025,28.67
temperature,2025,28.64
temperature,2025,28.61
temperature,2025,29.89
temperature,2025,29.86
temperature,2025,29.83
temperature,2025,29.8
temperature,2025,28.89
temperature,2025,28.86
temperature,2025,28.84
temperature,2025,28.81
temperature,2025,28.78
temperature,2025,28.75
temperature,2025,28.72
temperature,2025,28.69
temperature,2025,28.67
temperature,2025,28.64
temperature,2025,28.61
temperature,2025,29.89
temperature,2025,29.86
temperature,2025,29.83
temperature,2025,29.8
temperature,2025,28.89
temperature,2025,28.86
temperature,2025,28.84
temperature,2025,28.81
temperature,2025,28.78
temperature,2025,28.75
temperature,2025,28.72
temperature,2025,28.69
temperature,2025,28.67
temperature,2025,28.64
temperature,2025,29.89
temperature,2025,29.86
temperature,2025,29.83
temperature,2025,29.8
temperature,2025,28.89
temperature,2025,28.86
temperature,2025,28.84
temperature,2025,28.81
temperature,2025,28.78
temperature,2025,28.75
temperature,2025,28.72
temperature,2025,28.69
temperature,2025,28.67
temperature,2025,28.64
temperature,2025,29.89
temperature,2025,29.86
temperature,2025,29.83
temperature,2025,29.8
temperature,2025,28.92
temperature,2025,28.89
temperature,2025,28.86
temperature,2025,28.84
temperature,2025,28.81
temperature,2025,28.78
temperature,2025,28.75
temperature,2025,28.72
temperature,2025,28.69
temperature,2025,28.67
temperature,2025,29.89
temperature,2025,29.86
temperature,2025,29.83
temperature,2025,29.8
temperature,2025,28.92
temperature,2025,28.89
temperature,2025,28.86
temperature,2025,28.84
temperature,2025,28.81
temperature,2025,28.78
temperature,2025,28.75
temperature,2025,28.72
temperature,2025,28.69
temperature,2025,28.67
temperature,2025,29.89
temperature,2025,29.86
temperature,2025,29.83
temperature,2025,29.8
temperature,2025,28.95
temperature,2025,28.92
temperature,2025,28.89
temperature,2025,28.86
temperature,2025,28.84
temperature,2025,28.81
temperature,2025,28.78
temperature,2025,28.75
temperature,2025,28.72
temperature,2025,28.69
temperature,2025,28.67
temperature,2025,29.89
temperature,2025,29.86
temperature,2025,29.83
temperature,2025,29.8
temperature,2025,28.95
temperature,2025,28.92
temperature,2025,28.89
temperature,2025,28.86
temperature,2025,28.84
temperature,2025,28.81
temperature,2025,28.78
temperature,2025,28.75
temperature,2025,28.72
temperature,2025,28.69
temperature,2025,29.89
temperature,2025,29.86
temperature,2025,29.83
temperature,2025,29.8
temperature,2025,28.95
temperature,2025,28.92
temperature,2025,28.89
temperature,2025,28.86
temperature,2025,28.84
temperature,2025,28.81
temperature,2025,28.78
temperature,2025,28.75
temperature,2025,28.72
temperature,2025,28.69
temperature,2025,29.89
temperature,2025,29.86
temperature,2025,29.83
temperature,2025,29.8
temperature,2025,28.98
temperature,2025,28.95
temperature,2025,28.92
temperature,2025,28.89
temperature,2025,28.86
temperature,2025,28.84
temperature,2025,28.81
temperature,2025,28.78
temperature,2025,28.75
temperature,2025,28.72
temperature,2025,28.69
temperature,2025,29.89
temperature,2025,29.86
temperature,2025,29.83
temperature,2025,29.8
temperature,2025,28.98
temperature,2025,28.95
temperature,2025,28.92
temperature,2025,28.89
temperature,2025,28.86
temperature,2025,28.84
temperature,2025,28.81
temperature,2025,28.78
temperature,2025,28.75
temperature,2025,28.72
temperature,2025,29.89
temperature,2025,29.86
temperature,2025,29.83
temperature,2025,29.8
temperature,2025,28.98
temperature,2025,28.95
temperature,2025,28.92
temperature,2025,28.89
temperature,2025,28.86
temperature,2025,28.84
temperature,2025,28.81
temperature,2025,28.78
temperature,2025,28.75
temperature,2025,28.72
temperature,2025,29.89
temperature,2025,29.86
temperature,2025,29.83
temperature,2025,29.8
temperature,2025,29.01
temperature,2025,28.98
temperature,2025,28.95
temperature,2025,28.92
temperature,2025,28.89
temperature,2025,28.86
temperature,2025,28.84
temperature,2025,28.81
temperature,2025,28.78
temperature,2025,28.75
temperature,2025,29.89
temperature,2025,29.86
temperature,2025,29.83
temperature,2025,29.8
temperature,2025,29.01
temperature,2025,28.98
temperature,2025,28.95
temperature,2025,28.92
temperature,2025,28.89
temperature,2025,28.86
temperature,2025,28.84
temperature,2025,28.81
temperature,2025,28.78
temperature,2025,28.75
temperature,2025,29.89
temperature,2025,29.86
temperature,2025,29.83
temperature,2025,29.8
temperature,2025,29.01
temperature,2025,28.98
temperature,2025,28.95
temperature,2025,28.92
temperature,2025,28.89
temperature,2025,28.86
temperature,2025,28.84
temperature,2025,28.81
temperature,2025,28.78
temperature,2025,28.75
temperature,2025,29.89
temperature,2025,29.86
temperature,2025,29.83
temperature,2025,29.8
temperature,2025,29.01
temperature,2025,28.98
temperature,2025,28.95
temperature,2025,28.92
temperature,2025,28.89
temperature,2025,28.86
temperature,2025,28.84
temperature,2025,28.81
temperature,2025,28.78
temperature,2025,28.75
temperature,2025,29.89
temperature,2025,29.86
temperature,2025,29.83
temperature,2025,29.8
temperature,2025,29.01
temperature,2025,28.98
temperature,2025,28.95
temperature,2025,28.92
temperature,2025,28.89
temperature,2025,28.86
temperature,2025,28.84
temperature,2025,28.81
temperature,2025,28.78
temperature,2025,28.75
temperature,2025,29.89
temperature,2025,29.86
temperature,2025,29.83
temperature,2025,29.8
temperature,2025,29.01
temperature,2025,28.98
temperature,2025,28.95
temperature,2025,28.92
temperature,2025,28.89
temperature,2025,28.86
temperature,2025,28.84
temperature,2025,28.81
temperature,2025,28.78
temperature,2025,28.75
temperature,2025,29.89
temperature,2025,29.86
temperature,2025,29.83
temperature,2025,29.8
temperature,2025,28.98
temperature,2025,28.95
temperature,2025,28.92
temperature,2025,28.89
temperature,2025,28.86
temperature,2025,28.84
temperature,2025,28.81
temperature,2025,28.78
temperature,2025,28.75
temperature,2025,29.89
temperature,2025,29.86
temperature,2025,29.83
temperature,2025,29.8
temperature,2025,28.98
temperature,2025,28.95
temperature,2025,28.92
temperature,2025,28.89
temperature,2025,28.86
temperature,2025,28.84
temperature,2025,28.81
temperature,2025,28.78
temperature,2025,28.75
temperature,2025,29.89
temperature,2025,29.86
temperature,2025,29.83
temperature,2025,29.8
temperature,2025,28.98
temperature,2025,28.95
temperature,2025,28.92
temperature,2025,28.89
temperature,2025,28.86
temperature,2025,28.84
temperature,2025,28.81
temperature,2025,28.78
temperature,2025,28.75
temperature,2025,29.89
temperature,2025,29.86
temperature,2025,29.83
temperature,2025,29.8
temperature,2025,28.98
temperature,2025,28.95
temperature,2025,28.92
temperature,2025,28.89
temperature,2025,28.86
temperature,2025,28.84
temperature,2025,28.81
temperature,2025,28.78
temperature,2025,28.75
temperature,2025,29.89
temperature,2025,29.86
temperature,2025,29.83
temperature,2025,29.8
temperature,2025,28.98
temperature,2025,28.95
temperature,2025,28.92
temperature,2025,28.89
temperature,2025,28.86
temperature,2025,28.84
temperature,2025,28.81
temperature,2025,28.78
temperature,2025,28.75
temperature,2025,28.72
temperature,2025,29.89
temperature,2025,29.86
temperature,2025,29.83
temperature,2025,29.8
temperature,2025,28.98
temperature,2025,28.95
temperature,2025,28.92
temperature,2025,28.89
temperature,2025,28.86
temperature,2025,28.84
temperature,2025,28.81
temperature,2025,28.78
temperature,2025,28.75
temperature,2025,28.72
temperature,2025,29.89
temperature,2025,29.86
temperature,2025,29.83
temperature,2025,29.8
temperature,2025,28.98
temperature,2025,28.95
temperature,2025,28.92
temperature,2025,28.89
temperature,2025,28.86
temperature,2025,28.84
temperature,2025,28.81
temperature,2025,28.78
temperature,2025,28.75
temperature,2025,28.72
temperature,2025,29.89
temperature,2025,29.86
temperature,2025,29.83
temperature,2025,29.8
temperature,2025,28.98
temperature,2025,28.95
temperature,2025,28.92
temperature,2025,28.89
temperature,2025,28.86
temperature,2025,28.84
temperature,2025,28.81
temperature,2025,28.78
temperature,2025,28.75
temperature,2025,28.72
temperature,2025,28.69
temperature,2025,28.67
temperature,2025,29.89
temperature,2025,29.86
temperature,2025,29.83
temperature,2025,29.8
temperature,2025,28.98
temperature,2025,28.95
temperature,2025,28.92
temperature,2025,28.89
temperature,2025,28.86
temperature,2025,28.84
temperature,2025,28.81
temperature,2025,28.78
temperature,2025,28.75
temperature,2025,28.72
temperature,2025,28.69
temperature,2025,28.67
temperature,2025,28.64
temperature,2025,29.89
temperature,2025,29.86
temperature,2025,29.83
temperature,2025,29.8
temperature,2025,28.98
temperature,2025,28.95
temperature,2025,28.92
temperature,2025,28.89
temperature,2025,28.86
temperature,2025,28.84
temperature,2025,28.81
temperature,2025,28.78
temperature,2025,28.75
temperature,2025,28.72
temperature,2025,28.69
temperature,2025,28.67
temperature,2025,28.64
temperature,2025,28.61
temperature,2025,29.89
temperature,2025,29.86
temperature,2025,29.83
temperature,2025,29.8
temperature,2025,28.95
temperature,2025,28.92
temperature,2025,28.89
temperature,2025,28.86
temperature,2025,28.84
temperature,2025,28.81
temperature,2025,28.78
temperature,2025,28.75
temperature,2025,28.72
temperature,2025,28.69
temperature,2025,28.67
temperature,2025,28.64
temperature,2025,28.61
temperature,2025,28.58
temperature,2025,28.55
temperature,2025,29.89
temperature,2025,29.86
temperature,2025,29.83
temperature,2025,29.8
temperature,2025,28.95
temperature,2025,28.92
temperature,2025,28.89
temperature,2025,28.86
temperature,2025,28.84
temperature,2025,28.81
temperature,2025,28.78
temperature,2025,28.75
temperature,2025,28.72
temperature,2025,28.69
temperature,2025,28.67
temperature,2025,28.64
temperature,2025,28.61
temperature,2025,28.58
temperature,2025,28.55
temperature,2025,28.52
temperature,2025,29.89
temperature,2025,29.86
temperature,2025,29.83
temperature,2025,29.8
temperature,2025,28.92
temperature,2025,28.89
temperature,2025,28.86
temperature,2025,28.84
temperature,2025,28.81
temperature,2025,28.78
temperature,2025,28.75
temperature,2025,28.72
temperature,2025,28.69
temperature,2025,28.67
temperature,2025,28.64
temperature,2025,28.61
temperature,2025,28.58
temperature,2025,28.55
temperature,2025,28.52
temperature,2025,28.5
temperature,2025,29.89
temperature,2025,29.86
temperature,2025,29.83
temperature,2025,29.8
temperature,2025,28.86
temperature,2025,28.84
temperature,2025,28.81
temperature,2025,28.78
temperature,2025,28.75
temperature,2025,28.72
temperature,2025,28.69
temperature,2025,28.67
temperature,2025,28.64
temperature,2025,28.61
temperature,2025,28.58
temperature,2025,28.55
temperature,2025,28.52
temperature,2025,28.5
temperature,2025,28.47
temperature,2025,29.89
temperature,2025,29.86
temperature,2025,29.83
temperature,2025,29.8
temperature,2025,28.84
temperature,2025,28.81
temperature,2025,28.78
temperature,2025,28.75
temperature,2025,28.72
temperature,2025,28.69
temperature,2025,28.67
temperature,2025,28.64
temperature,2025,28.61
temperature,2025,28.58
temperature,2025,28.55
temperature,2025,28.52
temperature,2025,28.5
temperature,2025,28.47
temperature,2025,28.44
temperature,2025,28.41
temperature,2025,29.89
temperature,2025,29.86
temperature,2025,29.83
temperature,2025,29.8
temperature,2025,28.81
temperature,2025,28.78
temperature,2025,28.75
temperature,2025,28.72
temperature,2025,28.69
temperature,2025,28.67
temperature,2025,28.64
temperature,2025,28.61
temperature,2025,28.58
temperature,2025,28.55
temperature,2025,28.52
temperature,2025,28.5
temperature,2025,28.47
temperature,2025,28.44
temperature,2025,28.41
temperature,2025,28.38
temperature,2025,29.89
temperature,2025,29.86
temperature,2025,29.83
temperature,2025,29.8
temperature,2025,28.75
temperature,2025,28.72
temperature,2025,28.69
temperature,2025,28.67
temperature,2025,28.64
temperature,2025,28.61
temperature,2025,28.58
temperature,2025,28.55
temperature,2025,28.52
temperature,2025,28.5
temperature,2025,28.47
temperature,2025,28.44
temperature,2025,28.41
temperature,2025,28.38
temperature,2025,28.35
temperature,2025,29.89
temperature,2025,29.86
temperature,2025,29.83
temperature,2025,29.8
temperature,2025,28.72
temperature,2025,28.69
temperature,2025,28.67
temperature,2025,28.64
temperature,2025,28.61
temperature,2025,28.58
temperature,2025,28.55
temperature,2025,28.52
temperature,2025,28.5
temperature,2025,28.47
temperature,2025,28.44
temperature,2025,28.41
temperature,2025,28.38
temperature,2025,28.35
temperature,2025,28.32
temperature,2025,28.3
temperature,2025,29.89
temperature,2025,29.86
temperature,2025,29.83
temperature,2025,29.8
temperature,2025,28.69
temperature,2025,28.67
temperature,2025,28.64
temperature,2025,28.61
temperature,2025,28.58
temperature,2025,28.55
temperature,2025,28.52
temperature,2025,28.5
temperature,2025,28.47
temperature,2025,28.44
temperature,2025,28.41
temperature,2025,28.38
temperature,2025,28.35
temperature,2025,28.32
temperature,2025,28.3
temperature,2025,28.27
temperature,2025,29.89
temperature,2025,29.86
temperature,2025,29.83
temperature,2025,29.8
temperature,2025,28.64
temperature,2025,28.61
temperature,2025,28.58
temperature,2025,28.55
temperature,2025,28.52
temperature,2025,28.5
temperature,2025,28.47
temperature,2025,28.44
temperature,2025,28.41
temperature,2025,28.38
temperature,2025,28.35
temperature,2025,28.32
temperature,2025,28.3
temperature,2025,28.27
temperature,2025,28.24
temperature,2025,29.89
temperature,2025,29.86
temperature,2025,29.83
temperature,2025,29.8
temperature,2025,28.61
temperature,2025,28.58
temperature,2025,28.55
temperature,2025,28.52
temperature,2025,28.5
temperature,2025,28.47
temperature,2025,28.44
temperature,2025,28.41
temperature,2025,28.38
temperature,2025,28.35
temperature,2025,28.32
temperature,2025,28.3
temperature,2025,28.27
temperature,2025,28.24
temperature,2025,29.89
temperature,2025,29.86
temperature,2025,29.83
temperature,2025,29.8
temperature,2025,28.61
temperature,2025,28.58
temperature,2025,28.55
temperature,2025,28.52
temperature,2025,28.5
temperature,2025,28.47
temperature,2025,28.44
temperature,2025,28.41
temperature,2025,28.38
temperature,2025,28.35
temperature,2025,28.32
temperature,2025,28.3
temperature,2025,28.27
temperature,2025,28.24
temperature,2025,28.21
temperature,2025,29.89
temperature,2025,29.86
temperature,2025,29.83
temperature,2025,29.8
temperature,2025,28.67
temperature,2025,28.64
temperature,2025,28.61
temperature,2025,28.58
temperature,2025,28.55
temperature,2025,28.52
temperature,2025,28.5
temperature,2025,28.47
temperature,2025,28.44
temperature,2025,28.41
temperature,2025,28.38
temperature,2025,28.35
temperature,2025,28.32
temperature,2025,28.3
temperature,2025,28.27
temperature,2025,28.24
temperature,2025,28.21
temperature,2025,29.89
temperature,2025,29.86
temperature,2025,29.83
temperature,2025,29.8
temperature,2025,28.75
temperature,2025,28.72
temperature,2025,28.69
temperature,2025,28.67
temperature,2025,28.64
temperature,2025,28.61
temperature,2025,28.58
temperature,2025,28.55
temperature,2025,28.52
temperature,2025,28.5
temperature,2025,28.47
temperature,2025,28.44
temperature,2025,28.41
temperature,2025,28.38
temperature,2025,28.35
temperature,2025,28.32
temperature,2025,28.3
temperature,2025,28.27
temperature,2025,28.24
temperature,2025,29.89
temperature,2025,29.86
temperature,2025,29.83
temperature,2025,29.8
temperature,2025,28.81
temperature,2025,28.78
temperature,2025,28.75
temperature,2025,28.72
temperature,2025,28.69
temperature,2025,28.67
temperature,2025,28.64
temperature,2025,28.61
temperature,2025,28.58
temperature,2025,28.55
temperature,2025,28.52
temperature,2025,28.5
temperature,2025,28.47
temperature,2025,28.44
temperature,2025,28.41
temperature,2025,28.38
temperature,2025,28.35
temperature,2025,28.32
temperature,2025,28.3
temperature,2025,28.27
temperature,2025,28.24
temperature,2025,29.89
temperature,2025,29.86
temperature,2025,29.83
temperature,2025,29.8
temperature,2025,28.86
temperature,2025,28.84
temperature,2025,28.81
temperature,2025,28.78
temperature,2025,28.75
temperature,2025,28.72
temperature,2025,28.69
temperature,2025,28.67
temperature,2025,28.64
temperature,2025,28.61
temperature,2025,28.58
temperature,2025,28.55
temperature,2025,28.52
temperature,2025,28.5
temperature,2025,28.47
temperature,2025,28.44
temperature,2025,28.41
temperature,2025,28.38
temperature,2025,28.35
temperature,2025,28.32
temperature,2025,28.3
temperature,2025,28.27
temperature,2025,29.89
temperature,2025,29.86
temperature,2025,29.83
temperature,2025,29.8
temperature,2025,28.92
temperature,2025,28.89
temperature,2025,28.86
temperature,2025,28.84
temperature,2025,28.81
temperature,2025,28.78
temperature,2025,28.75
temperature,2025,28.72
temperature,2025,28.69
temperature,2025,28.67
temperature,2025,28.64
temperature,2025,28.61
temperature,2025,28.58
temperature,2025,28.55
temperature,2025,28.52
temperature,2025,28.5
temperature,2025,28.47
temperature,2025,28.44
temperature,2025,28.41
temperature,2025,28.38
temperature,2025,28.35
temperature,2025,28.32
temperature,2025,29.89
temperature,2025,29.86
temperature,2025,29.83
temperature,2025,29.8
temperature,2025,28.98
temperature,2025,28.95
temperature,2025,28.92
temperature,2025,28.89
temperature,2025,28.86
temperature,2025,28.84
temperature,2025,28.81
temperature,2025,28.78
temperature,2025,28.75
temperature,2025,28.72
temperature,2025,28.69
temperature,2025,28.67
temperature,2025,28.64
temperature,2025,28.61
temperature,2025,28.58
temperature,2025,28.55
temperature,2025,28.52
temperature,2025,28.5
temperature,2025,28.47
temperature,2025,28.44
temperature,2025,28.41
temperature,2025,28.38
temperature,2025,29.89
temperature,2025,29.86
temperature,2025,29.83
temperature,2025,29.8
temperature,2025,29.04
temperature,2025,29.01
temperature,2025,28.98
temperature,2025,28.95
temperature,2025,28.92
temperature,2025,28.89
temperature,2025,28.86
temperature,2025,28.84
temperature,2025,28.81
temperature,2025,28.78
temperature,2025,28.75
temperature,2025,28.72
temperature,2025,28.69
temperature,2025,28.67
temperature,2025,28.64
temperature,2025,28.61
temperature,2025,28.58
temperature,2025,28.55
temperature,2025,28.52
temperature,2025,28.5
temperature,2025,28.47
temperature,2025,28.44
temperature,2025,29.89
temperature,2025,29.86
temperature,2025,29.83
temperature,2025,29.8
temperature,2025,29.09
temperature,2025,29.06
temperature,2025,29.04
temperature,2025,29.01
temperature,2025,28.98
temperature,2025,28.95
temperature,2025,28.92
temperature,2025,28.89
temperature,2025,28.86
temperature,2025,28.84
temperature,2025,28.81
temperature,2025,28.78
temperature,2025,28.75
temperature,2025,28.72
temperature,2025,28.69
temperature,2025,28.67
temperature,2025,28.64
temperature,2025,28.61
temperature,2025,28.58
temperature,2025,28.55
temperature,2025,28.52
temperature,2025,28.5
temperature,2025,29.89
temperature,2025,29.86
temperature,2025,29.83
temperature,2025,29.8
temperature,2025,29.18
temperature,2025,29.15
temperature,2025,29.12
temperature,2025,29.09
temperature,2025,29.06
temperature,2025,29.04
temperature,2025,29.01
temperature,2025,28.98
temperature,2025,28.95
temperature,2025,28.92
temperature,2025,28.89
temperature,2025,28.86
temperature,2025,28.84
temperature,2025,28.81
temperature,2025,28.78
temperature,2025,28.75
temperature,2025,28.72
temperature,2025,28.69
temperature,2025,28.67
temperature,2025,28.64
temperature,2025,28.61
temperature,2025,28.58
temperature,2025,28.55
temperature,2025,29.89
temperature,2025,29.86
temperature,2025,29.83
temperature,2025,29.8
temperature,2025,29.21
temperature,2025,29.18
temperature,2025,29.15
temperature,2025,29.12
temperature,2025,29.09
temperature,2025,29.06
temperature,2025,29.04
temperature,2025,29.01
temperature,2025,28.98
temperature,2025,28.95
temperature,2025,28.92
temperature,2025,28.89
temperature,2025,28.86
temperature,2025,28.84
temperature,2025,28.81
temperature,2025,28.78
temperature,2025,28.75
temperature,2025,28.72
temperature,2025,28.69
temperature,2025,28.67
temperature,2025,28.64
temperature,2025,28.61
temperature,2025,29.89
temperature,2025,29.86
temperature,2025,29.83
temperature,2025,29.8
temperature,2025,29.26
temperature,2025,29.23
temperature,2025,29.21
temperature,2025,29.18
temperature,2025,29.15
temperature,2025,29.12
temperature,2025,29.09
temperature,2025,29.06
temperature,2025,29.04
temperature,2025,29.01
temperature,2025,28.98
temperature,2025,28.95
temperature,2025,28.92
temperature,2025,28.89
temperature,2025,28.86
temperature,2025,28.84
temperature,2025,28.81
temperature,2025,28.78
temperature,2025,28.75
temperature,2025,28.72
temperature,2025,28.69
temperature,2025,28.67
temperature,2025,29.89
temperature,2025,29.86
temperature,2025,29.83
temperature,2025,29.8
temperature,2025,29.26
temperature,2025,29.23
temperature,2025,29.21
temperature,2025,29.18
temperature,2025,29.15
temperature,2025,29.12
temperature,2025,29.09
temperature,2025,29.06
temperature,2025,29.04
temperature,2025,29.01
temperature,2025,28.98
temperature,2025,28.95
temperature,2025,28.92
temperature,2025,28.89
temperature,2025,28.86
temperature,2025,28.84
temperature,2025,28.81
temperature,2025,28.78
temperature,2025,28.75
temperature,2025,29.89
temperature,2025,29.86
temperature,2025,29.83
temperature,2025,29.8
temperature,2025,29.29
temperature,2025,29.26
temperature,2025,29.23
temperature,2025,29.21
temperature,2025,29.18
temperature,2025,29.15
temperature,2025,29.12
temperature,2025,29.09
temperature,2025,29.06
temperature,2025,29.04
temperature,2025,29.01
temperature,2025,28.98
temperature,2025,28.95
temperature,2025,28.92
temperature,2025,28.89
temperature,2025,28.86
temperature,2025,28.84
temperature,2025,28.81
temperature,2025,29.89
temperature,2025,29.86
temperature,2025,29.83
temperature,2025,29.8
temperature,2025,29.29
temperature,2025,29.26
temperature,2025,29.23
temperature,2025,29.21
temperature,2025,29.18
temperature,2025,29.15
temperature,2025,29.12
temperature,2025,29.09
temperature,2025,29.06
temperature,2025,29.04
temperature,2025,29.01
temperature,2025,28.98
temperature,2025,28.95
temperature,2025,28.92
temperature,2025,28.89
temperature,2025,28.86
temperature,2025,29.89
temperature,2025,29.86
temperature,2025,29.83
temperature,2025,29.8
temperature,2025,29.29
temperature,2025,29.26
temperature,2025,29.23
temperature,2025,29.21
temperature,2025,29.18
temperature,2025,29.15
temperature,2025,29.12
temperature,2025,29.09
temperature,2025,29.06
temperature,2025,29.04
temperature,2025,29.01
temperature,2025,28.98
temperature,2025,28.95
temperature,2025,28.92
temperature,2025,29.89
temperature,2025,29.86
temperature,2025,29.83
temperature,2025,29.8
temperature,2025,29.26
temperature,2025,29.23
temperature,2025,29.21
temperature,2025,29.18
temperature,2025,29.15
temperature,2025,29.12
temperature,2025,29.09
temperature,2025,29.06
temperature,2025,29.04
temperature,2025,29.01
temperature,2025,28.98
temperature,2025,29.89
temperature,2025,29.86
temperature,2025,29.83
temperature,2025,29.8
temperature,2025,29.26
temperature,2025,29.23
temperature,2025,29.21
temperature,2025,29.18
temperature,2025,29.15
temperature,2025,29.12
temperature,2025,29.09
temperature,2025,29.06
temperature,2025,29.04
